expression_layer	dataset	core_branch	branch_kind	sample	source_layer	expression_scope	pathway_id	pathway_label	pathway_family	hypothesis_role	target_class	background_classes	candidate_median_pathway_rank	background_median_pathway_rank	delta_pathway_rank	candidate_median_n_genes_present	background_median_n_genes_present	n_background_classes
full_mgi_ortholog_matrix	GSE122357	cerebellum	cerebellar	GSM3464549_P0	full_raw_matrix	full_matrix_mgi_one_to_one_ortholog	bdnf_trkb_mapk	BDNF/TrkB/MAPK	differentiation_stop	historical BDNF/TrkB plus MAPK maturation pathway	cerebellar_candidate	broad_neuronal_structural_warning,other_or_ambiguous	0.8333333333333333	0.5	0.33333333333333326	18.0	18.0	2
full_mgi_ortholog_matrix	GSE122357	cerebellum	cerebellar	GSM3464549_P0	full_raw_matrix	full_matrix_mgi_one_to_one_ortholog	bmp_smad	BMP/SMAD	differentiation_stop	BMP-associated differentiation and neurogenic brake signaling	cerebellar_candidate	broad_neuronal_structural_warning,other_or_ambiguous	0.3333333333333333	0.8333333333333333	-0.49999999999999994	15.0	15.0	2
full_mgi_ortholog_matrix	GSE122357	cerebellum	cerebellar	GSM3464549_P0	full_raw_matrix	full_matrix_mgi_one_to_one_ortholog	fgf_mapk	FGF/MAPK	neurogenic_permissive	neurogenic niche maintenance and MAPK-linked growth signaling	cerebellar_candidate	broad_neuronal_structural_warning,other_or_ambiguous	0.5	0.6666666666666666	-0.16666666666666663	16.0	16.0	2
full_mgi_ortholog_matrix	GSE122357	cerebellum	cerebellar	GSM3464549_P0	full_raw_matrix	full_matrix_mgi_one_to_one_ortholog	notch_hes	Notch/HES	neurogenic_permissive	persistent neurogenic progenitor-state and differentiation timing control	cerebellar_candidate	broad_neuronal_structural_warning,other_or_ambiguous	0.3333333333333333	0.6666666666666666	-0.3333333333333333	14.0	14.0	2
full_mgi_ortholog_matrix	GSE122357	cerebellum	cerebellar	GSM3464549_P0	full_raw_matrix	full_matrix_mgi_one_to_one_ortholog	reelin_migration_stop	Reelin/migration-stop	differentiation_stop	lamination, migration-stop, and maturation positioning cues	cerebellar_candidate	broad_neuronal_structural_warning,other_or_ambiguous	1.0	0.6666666666666666	0.33333333333333337	10.0	10.0	2
full_mgi_ortholog_matrix	GSE122357	cerebellum	cerebellar	GSM3464549_P0	full_raw_matrix	full_matrix_mgi_one_to_one_ortholog	semaphorin_guidance	Semaphorin/plexin guidance	differentiation_stop	axon guidance, pruning, fasciculation, and local circuit architecture	cerebellar_candidate	broad_neuronal_structural_warning,other_or_ambiguous	0.6666666666666666	0.8333333333333333	-0.16666666666666663	17.0	17.0	2
full_mgi_ortholog_matrix	GSE122357	cerebellum	cerebellar	GSM3464549_P0	full_raw_matrix	full_matrix_mgi_one_to_one_ortholog	shh_granule_expansion	SHH/PTCH/GLI	progenitor_expansion_or_regional_fate	cerebellar granule precursor expansion and regional fate context	cerebellar_candidate	broad_neuronal_structural_warning,other_or_ambiguous	1.0	0.5	0.5	10.0	10.0	2
full_mgi_ortholog_matrix	GSE122357	cerebellum	cerebellar	GSM3464549_P0	full_raw_matrix	full_matrix_mgi_one_to_one_ortholog	tgf_beta_smad	TGF-beta/SMAD	differentiation_stop	historical TGF-beta2-associated differentiation/stop signaling	cerebellar_candidate	broad_neuronal_structural_warning,other_or_ambiguous	0.3333333333333333	0.6666666666666666	-0.3333333333333333	14.0	14.0	2
full_mgi_ortholog_matrix	GSE122357	cerebellum	cerebellar	GSM3464549_P0	full_raw_matrix	full_matrix_mgi_one_to_one_ortholog	wnt_beta_catenin	WNT/beta-catenin	neurogenic_permissive	dentate neurogenic permissive and granule fate signaling	cerebellar_candidate	broad_neuronal_structural_warning,other_or_ambiguous	0.6666666666666666	0.6666666666666666	0.0	15.0	15.0	2
full_mgi_ortholog_matrix	GSE122357	cerebellum	cerebellar	GSM3464550_P8a	full_raw_matrix	full_matrix_mgi_one_to_one_ortholog	bdnf_trkb_mapk	BDNF/TrkB/MAPK	differentiation_stop	historical BDNF/TrkB plus MAPK maturation pathway	cerebellar_candidate	broad_neuronal_structural_warning,other_or_ambiguous	0.6666666666666666	0.6666666666666666	0.0	18.0	18.0	2
full_mgi_ortholog_matrix	GSE122357	cerebellum	cerebellar	GSM3464550_P8a	full_raw_matrix	full_matrix_mgi_one_to_one_ortholog	bmp_smad	BMP/SMAD	differentiation_stop	BMP-associated differentiation and neurogenic brake signaling	cerebellar_candidate	broad_neuronal_structural_warning,other_or_ambiguous	0.3333333333333333	0.8333333333333333	-0.49999999999999994	15.0	15.0	2
full_mgi_ortholog_matrix	GSE122357	cerebellum	cerebellar	GSM3464550_P8a	full_raw_matrix	full_matrix_mgi_one_to_one_ortholog	fgf_mapk	FGF/MAPK	neurogenic_permissive	neurogenic niche maintenance and MAPK-linked growth signaling	cerebellar_candidate	broad_neuronal_structural_warning,other_or_ambiguous	0.3333333333333333	0.8333333333333333	-0.49999999999999994	16.0	16.0	2
full_mgi_ortholog_matrix	GSE122357	cerebellum	cerebellar	GSM3464550_P8a	full_raw_matrix	full_matrix_mgi_one_to_one_ortholog	notch_hes	Notch/HES	neurogenic_permissive	persistent neurogenic progenitor-state and differentiation timing control	cerebellar_candidate	broad_neuronal_structural_warning,other_or_ambiguous	0.3333333333333333	0.8333333333333333	-0.49999999999999994	14.0	14.0	2
full_mgi_ortholog_matrix	GSE122357	cerebellum	cerebellar	GSM3464550_P8a	full_raw_matrix	full_matrix_mgi_one_to_one_ortholog	reelin_migration_stop	Reelin/migration-stop	differentiation_stop	lamination, migration-stop, and maturation positioning cues	cerebellar_candidate	broad_neuronal_structural_warning,other_or_ambiguous	0.6666666666666666	0.6666666666666666	0.0	10.0	10.0	2
full_mgi_ortholog_matrix	GSE122357	cerebellum	cerebellar	GSM3464550_P8a	full_raw_matrix	full_matrix_mgi_one_to_one_ortholog	semaphorin_guidance	Semaphorin/plexin guidance	differentiation_stop	axon guidance, pruning, fasciculation, and local circuit architecture	cerebellar_candidate	broad_neuronal_structural_warning,other_or_ambiguous	0.3333333333333333	0.8333333333333333	-0.49999999999999994	17.0	17.0	2
full_mgi_ortholog_matrix	GSE122357	cerebellum	cerebellar	GSM3464550_P8a	full_raw_matrix	full_matrix_mgi_one_to_one_ortholog	shh_granule_expansion	SHH/PTCH/GLI	progenitor_expansion_or_regional_fate	cerebellar granule precursor expansion and regional fate context	cerebellar_candidate	broad_neuronal_structural_warning,other_or_ambiguous	1.0	0.5	0.5	10.0	10.0	2
full_mgi_ortholog_matrix	GSE122357	cerebellum	cerebellar	GSM3464550_P8a	full_raw_matrix	full_matrix_mgi_one_to_one_ortholog	tgf_beta_smad	TGF-beta/SMAD	differentiation_stop	historical TGF-beta2-associated differentiation/stop signaling	cerebellar_candidate	broad_neuronal_structural_warning,other_or_ambiguous	0.6666666666666666	0.8333333333333333	-0.16666666666666663	15.0	15.0	2
full_mgi_ortholog_matrix	GSE122357	cerebellum	cerebellar	GSM3464550_P8a	full_raw_matrix	full_matrix_mgi_one_to_one_ortholog	wnt_beta_catenin	WNT/beta-catenin	neurogenic_permissive	dentate neurogenic permissive and granule fate signaling	cerebellar_candidate	broad_neuronal_structural_warning,other_or_ambiguous	0.3333333333333333	0.8333333333333333	-0.49999999999999994	14.0	14.0	2
full_mgi_ortholog_matrix	GSE122357	cerebellum	cerebellar	GSM3464551_P8b	full_raw_matrix	full_matrix_mgi_one_to_one_ortholog	bdnf_trkb_mapk	BDNF/TrkB/MAPK	differentiation_stop	historical BDNF/TrkB plus MAPK maturation pathway	cerebellar_candidate	broad_neuronal_structural_warning,other_or_ambiguous	0.6666666666666666	0.5833333333333333	0.08333333333333337	18.0	18.0	2
full_mgi_ortholog_matrix	GSE122357	cerebellum	cerebellar	GSM3464551_P8b	full_raw_matrix	full_matrix_mgi_one_to_one_ortholog	bmp_smad	BMP/SMAD	differentiation_stop	BMP-associated differentiation and neurogenic brake signaling	cerebellar_candidate	broad_neuronal_structural_warning,other_or_ambiguous	0.3333333333333333	0.8333333333333333	-0.49999999999999994	15.0	15.0	2
full_mgi_ortholog_matrix	GSE122357	cerebellum	cerebellar	GSM3464551_P8b	full_raw_matrix	full_matrix_mgi_one_to_one_ortholog	fgf_mapk	FGF/MAPK	neurogenic_permissive	neurogenic niche maintenance and MAPK-linked growth signaling	cerebellar_candidate	broad_neuronal_structural_warning,other_or_ambiguous	0.3333333333333333	0.8333333333333333	-0.49999999999999994	16.0	16.0	2
full_mgi_ortholog_matrix	GSE122357	cerebellum	cerebellar	GSM3464551_P8b	full_raw_matrix	full_matrix_mgi_one_to_one_ortholog	notch_hes	Notch/HES	neurogenic_permissive	persistent neurogenic progenitor-state and differentiation timing control	cerebellar_candidate	broad_neuronal_structural_warning,other_or_ambiguous	0.3333333333333333	0.8333333333333333	-0.49999999999999994	14.0	14.0	2
full_mgi_ortholog_matrix	GSE122357	cerebellum	cerebellar	GSM3464551_P8b	full_raw_matrix	full_matrix_mgi_one_to_one_ortholog	reelin_migration_stop	Reelin/migration-stop	differentiation_stop	lamination, migration-stop, and maturation positioning cues	cerebellar_candidate	broad_neuronal_structural_warning,other_or_ambiguous	0.6666666666666666	0.75	-0.08333333333333337	10.0	10.0	2
full_mgi_ortholog_matrix	GSE122357	cerebellum	cerebellar	GSM3464551_P8b	full_raw_matrix	full_matrix_mgi_one_to_one_ortholog	semaphorin_guidance	Semaphorin/plexin guidance	differentiation_stop	axon guidance, pruning, fasciculation, and local circuit architecture	cerebellar_candidate	broad_neuronal_structural_warning,other_or_ambiguous	0.3333333333333333	0.8333333333333333	-0.49999999999999994	17.0	17.0	2
full_mgi_ortholog_matrix	GSE122357	cerebellum	cerebellar	GSM3464551_P8b	full_raw_matrix	full_matrix_mgi_one_to_one_ortholog	shh_granule_expansion	SHH/PTCH/GLI	progenitor_expansion_or_regional_fate	cerebellar granule precursor expansion and regional fate context	cerebellar_candidate	broad_neuronal_structural_warning,other_or_ambiguous	1.0	0.5	0.5	10.0	10.0	2
full_mgi_ortholog_matrix	GSE122357	cerebellum	cerebellar	GSM3464551_P8b	full_raw_matrix	full_matrix_mgi_one_to_one_ortholog	tgf_beta_smad	TGF-beta/SMAD	differentiation_stop	historical TGF-beta2-associated differentiation/stop signaling	cerebellar_candidate	broad_neuronal_structural_warning,other_or_ambiguous	0.3333333333333333	0.8333333333333333	-0.49999999999999994	15.0	15.0	2
full_mgi_ortholog_matrix	GSE122357	cerebellum	cerebellar	GSM3464551_P8b	full_raw_matrix	full_matrix_mgi_one_to_one_ortholog	wnt_beta_catenin	WNT/beta-catenin	neurogenic_permissive	dentate neurogenic permissive and granule fate signaling	cerebellar_candidate	broad_neuronal_structural_warning,other_or_ambiguous	0.3333333333333333	0.8333333333333333	-0.49999999999999994	14.0	14.0	2
full_mgi_ortholog_matrix	GSE165657	cerebellum	cerebellar	Cerebellum_aggr	full_raw_matrix	full_matrix_mgi_one_to_one_ortholog	bdnf_trkb_mapk	BDNF/TrkB/MAPK	differentiation_stop	historical BDNF/TrkB plus MAPK maturation pathway	cerebellar_candidate	broad_neuronal_structural_warning,other_or_ambiguous	1.0	0.5	0.5	18.0	18.0	2
full_mgi_ortholog_matrix	GSE165657	cerebellum	cerebellar	Cerebellum_aggr	full_raw_matrix	full_matrix_mgi_one_to_one_ortholog	bmp_smad	BMP/SMAD	differentiation_stop	BMP-associated differentiation and neurogenic brake signaling	cerebellar_candidate	broad_neuronal_structural_warning,other_or_ambiguous	1.0	0.6666666666666666	0.33333333333333337	15.0	15.0	2
full_mgi_ortholog_matrix	GSE165657	cerebellum	cerebellar	Cerebellum_aggr	full_raw_matrix	full_matrix_mgi_one_to_one_ortholog	fgf_mapk	FGF/MAPK	neurogenic_permissive	neurogenic niche maintenance and MAPK-linked growth signaling	cerebellar_candidate	broad_neuronal_structural_warning,other_or_ambiguous	1.0	0.6666666666666666	0.33333333333333337	17.0	17.0	2
full_mgi_ortholog_matrix	GSE165657	cerebellum	cerebellar	Cerebellum_aggr	full_raw_matrix	full_matrix_mgi_one_to_one_ortholog	notch_hes	Notch/HES	neurogenic_permissive	persistent neurogenic progenitor-state and differentiation timing control	cerebellar_candidate	broad_neuronal_structural_warning,other_or_ambiguous	0.3333333333333333	0.75	-0.4166666666666667	14.0	14.0	2
full_mgi_ortholog_matrix	GSE165657	cerebellum	cerebellar	Cerebellum_aggr	full_raw_matrix	full_matrix_mgi_one_to_one_ortholog	reelin_migration_stop	Reelin/migration-stop	differentiation_stop	lamination, migration-stop, and maturation positioning cues	cerebellar_candidate	broad_neuronal_structural_warning,other_or_ambiguous	1.0	0.5	0.5	10.0	10.0	2
full_mgi_ortholog_matrix	GSE165657	cerebellum	cerebellar	Cerebellum_aggr	full_raw_matrix	full_matrix_mgi_one_to_one_ortholog	semaphorin_guidance	Semaphorin/plexin guidance	differentiation_stop	axon guidance, pruning, fasciculation, and local circuit architecture	cerebellar_candidate	broad_neuronal_structural_warning,other_or_ambiguous	1.0	0.5	0.5	17.0	17.0	2
full_mgi_ortholog_matrix	GSE165657	cerebellum	cerebellar	Cerebellum_aggr	full_raw_matrix	full_matrix_mgi_one_to_one_ortholog	shh_granule_expansion	SHH/PTCH/GLI	progenitor_expansion_or_regional_fate	cerebellar granule precursor expansion and regional fate context	cerebellar_candidate	broad_neuronal_structural_warning,other_or_ambiguous	1.0	0.5	0.5	10.0	10.0	2
full_mgi_ortholog_matrix	GSE165657	cerebellum	cerebellar	Cerebellum_aggr	full_raw_matrix	full_matrix_mgi_one_to_one_ortholog	tgf_beta_smad	TGF-beta/SMAD	differentiation_stop	historical TGF-beta2-associated differentiation/stop signaling	cerebellar_candidate	broad_neuronal_structural_warning,other_or_ambiguous	0.3333333333333333	0.6666666666666666	-0.3333333333333333	15.0	15.0	2
full_mgi_ortholog_matrix	GSE165657	cerebellum	cerebellar	Cerebellum_aggr	full_raw_matrix	full_matrix_mgi_one_to_one_ortholog	wnt_beta_catenin	WNT/beta-catenin	neurogenic_permissive	dentate neurogenic permissive and granule fate signaling	cerebellar_candidate	broad_neuronal_structural_warning,other_or_ambiguous	0.6666666666666666	0.6666666666666666	0.0	16.0	16.0	2
full_mgi_ortholog_matrix	GSE312658	cerebellum	cerebellar	Ctrl	full_raw_matrix	full_matrix_mgi_one_to_one_ortholog	bdnf_trkb_mapk	BDNF/TrkB/MAPK	differentiation_stop	historical BDNF/TrkB plus MAPK maturation pathway	cerebellar_candidate	broad_neuronal_structural_warning,other_or_ambiguous	0.6666666666666666	0.6666666666666666	0.0	18.0	18.0	2
full_mgi_ortholog_matrix	GSE312658	cerebellum	cerebellar	Ctrl	full_raw_matrix	full_matrix_mgi_one_to_one_ortholog	bmp_smad	BMP/SMAD	differentiation_stop	BMP-associated differentiation and neurogenic brake signaling	cerebellar_candidate	broad_neuronal_structural_warning,other_or_ambiguous	0.6666666666666666	0.6666666666666666	0.0	15.0	15.0	2
full_mgi_ortholog_matrix	GSE312658	cerebellum	cerebellar	Ctrl	full_raw_matrix	full_matrix_mgi_one_to_one_ortholog	fgf_mapk	FGF/MAPK	neurogenic_permissive	neurogenic niche maintenance and MAPK-linked growth signaling	cerebellar_candidate	broad_neuronal_structural_warning,other_or_ambiguous	0.6666666666666666	0.6666666666666666	0.0	17.0	17.0	2
full_mgi_ortholog_matrix	GSE312658	cerebellum	cerebellar	Ctrl	full_raw_matrix	full_matrix_mgi_one_to_one_ortholog	notch_hes	Notch/HES	neurogenic_permissive	persistent neurogenic progenitor-state and differentiation timing control	cerebellar_candidate	broad_neuronal_structural_warning,other_or_ambiguous	0.6666666666666666	0.6666666666666666	0.0	14.0	14.0	2
full_mgi_ortholog_matrix	GSE312658	cerebellum	cerebellar	Ctrl	full_raw_matrix	full_matrix_mgi_one_to_one_ortholog	reelin_migration_stop	Reelin/migration-stop	differentiation_stop	lamination, migration-stop, and maturation positioning cues	cerebellar_candidate	broad_neuronal_structural_warning,other_or_ambiguous	0.6666666666666666	0.6666666666666666	0.0	10.0	10.0	2
full_mgi_ortholog_matrix	GSE312658	cerebellum	cerebellar	Ctrl	full_raw_matrix	full_matrix_mgi_one_to_one_ortholog	semaphorin_guidance	Semaphorin/plexin guidance	differentiation_stop	axon guidance, pruning, fasciculation, and local circuit architecture	cerebellar_candidate	broad_neuronal_structural_warning,other_or_ambiguous	0.6666666666666666	0.6666666666666666	0.0	17.0	17.0	2
full_mgi_ortholog_matrix	GSE312658	cerebellum	cerebellar	Ctrl	full_raw_matrix	full_matrix_mgi_one_to_one_ortholog	shh_granule_expansion	SHH/PTCH/GLI	progenitor_expansion_or_regional_fate	cerebellar granule precursor expansion and regional fate context	cerebellar_candidate	broad_neuronal_structural_warning,other_or_ambiguous	0.8333333333333333	0.5833333333333333	0.25	10.0	10.0	2
full_mgi_ortholog_matrix	GSE312658	cerebellum	cerebellar	Ctrl	full_raw_matrix	full_matrix_mgi_one_to_one_ortholog	tgf_beta_smad	TGF-beta/SMAD	differentiation_stop	historical TGF-beta2-associated differentiation/stop signaling	cerebellar_candidate	broad_neuronal_structural_warning,other_or_ambiguous	0.6666666666666666	0.6666666666666666	0.0	15.0	15.0	2
full_mgi_ortholog_matrix	GSE312658	cerebellum	cerebellar	Ctrl	full_raw_matrix	full_matrix_mgi_one_to_one_ortholog	wnt_beta_catenin	WNT/beta-catenin	neurogenic_permissive	dentate neurogenic permissive and granule fate signaling	cerebellar_candidate	broad_neuronal_structural_warning,other_or_ambiguous	0.6666666666666666	0.6666666666666666	0.0	16.0	16.0	2
full_mgi_ortholog_matrix	GSE312658	cerebellum	cerebellar	cKO	full_raw_matrix	full_matrix_mgi_one_to_one_ortholog	bdnf_trkb_mapk	BDNF/TrkB/MAPK	differentiation_stop	historical BDNF/TrkB plus MAPK maturation pathway	cerebellar_candidate	broad_neuronal_structural_warning,other_or_ambiguous	0.6666666666666666	0.6666666666666666	0.0	18.0	18.0	2
full_mgi_ortholog_matrix	GSE312658	cerebellum	cerebellar	cKO	full_raw_matrix	full_matrix_mgi_one_to_one_ortholog	bmp_smad	BMP/SMAD	differentiation_stop	BMP-associated differentiation and neurogenic brake signaling	cerebellar_candidate	broad_neuronal_structural_warning,other_or_ambiguous	0.6666666666666666	0.6666666666666666	0.0	15.0	15.0	2
full_mgi_ortholog_matrix	GSE312658	cerebellum	cerebellar	cKO	full_raw_matrix	full_matrix_mgi_one_to_one_ortholog	fgf_mapk	FGF/MAPK	neurogenic_permissive	neurogenic niche maintenance and MAPK-linked growth signaling	cerebellar_candidate	broad_neuronal_structural_warning,other_or_ambiguous	0.6666666666666666	0.6666666666666666	0.0	17.0	17.0	2
full_mgi_ortholog_matrix	GSE312658	cerebellum	cerebellar	cKO	full_raw_matrix	full_matrix_mgi_one_to_one_ortholog	notch_hes	Notch/HES	neurogenic_permissive	persistent neurogenic progenitor-state and differentiation timing control	cerebellar_candidate	broad_neuronal_structural_warning,other_or_ambiguous	0.5	0.8333333333333333	-0.33333333333333326	14.0	14.0	2
full_mgi_ortholog_matrix	GSE312658	cerebellum	cerebellar	cKO	full_raw_matrix	full_matrix_mgi_one_to_one_ortholog	reelin_migration_stop	Reelin/migration-stop	differentiation_stop	lamination, migration-stop, and maturation positioning cues	cerebellar_candidate	broad_neuronal_structural_warning,other_or_ambiguous	0.6666666666666666	0.6666666666666666	0.0	10.0	10.0	2
full_mgi_ortholog_matrix	GSE312658	cerebellum	cerebellar	cKO	full_raw_matrix	full_matrix_mgi_one_to_one_ortholog	semaphorin_guidance	Semaphorin/plexin guidance	differentiation_stop	axon guidance, pruning, fasciculation, and local circuit architecture	cerebellar_candidate	broad_neuronal_structural_warning,other_or_ambiguous	0.6666666666666666	0.6666666666666666	0.0	17.0	17.0	2
full_mgi_ortholog_matrix	GSE312658	cerebellum	cerebellar	cKO	full_raw_matrix	full_matrix_mgi_one_to_one_ortholog	shh_granule_expansion	SHH/PTCH/GLI	progenitor_expansion_or_regional_fate	cerebellar granule precursor expansion and regional fate context	cerebellar_candidate	broad_neuronal_structural_warning,other_or_ambiguous	0.3333333333333333	0.8333333333333333	-0.49999999999999994	10.0	10.0	2
full_mgi_ortholog_matrix	GSE312658	cerebellum	cerebellar	cKO	full_raw_matrix	full_matrix_mgi_one_to_one_ortholog	tgf_beta_smad	TGF-beta/SMAD	differentiation_stop	historical TGF-beta2-associated differentiation/stop signaling	cerebellar_candidate	broad_neuronal_structural_warning,other_or_ambiguous	0.5	0.8333333333333333	-0.33333333333333326	15.0	15.0	2
full_mgi_ortholog_matrix	GSE312658	cerebellum	cerebellar	cKO	full_raw_matrix	full_matrix_mgi_one_to_one_ortholog	wnt_beta_catenin	WNT/beta-catenin	neurogenic_permissive	dentate neurogenic permissive and granule fate signaling	cerebellar_candidate	broad_neuronal_structural_warning,other_or_ambiguous	0.5	0.8333333333333333	-0.33333333333333326	16.0	16.0	2
full_mgi_ortholog_matrix	GSE104323	mouse_dentate	dentate	10X_all_cells	full_raw_matrix	full_matrix_mgi_one_to_one_ortholog	bdnf_trkb_mapk	BDNF/TrkB/MAPK	differentiation_stop	historical BDNF/TrkB plus MAPK maturation pathway	dentate_candidate	non_dentate_background	0.5	1.0	-0.5	18.0	18.0	1
full_mgi_ortholog_matrix	GSE104323	mouse_dentate	dentate	10X_all_cells	full_raw_matrix	full_matrix_mgi_one_to_one_ortholog	bmp_smad	BMP/SMAD	differentiation_stop	BMP-associated differentiation and neurogenic brake signaling	dentate_candidate	non_dentate_background	0.5	1.0	-0.5	15.0	15.0	1
full_mgi_ortholog_matrix	GSE104323	mouse_dentate	dentate	10X_all_cells	full_raw_matrix	full_matrix_mgi_one_to_one_ortholog	fgf_mapk	FGF/MAPK	neurogenic_permissive	neurogenic niche maintenance and MAPK-linked growth signaling	dentate_candidate	non_dentate_background	0.5	1.0	-0.5	17.0	17.0	1
full_mgi_ortholog_matrix	GSE104323	mouse_dentate	dentate	10X_all_cells	full_raw_matrix	full_matrix_mgi_one_to_one_ortholog	notch_hes	Notch/HES	neurogenic_permissive	persistent neurogenic progenitor-state and differentiation timing control	dentate_candidate	non_dentate_background	0.5	1.0	-0.5	14.0	14.0	1
full_mgi_ortholog_matrix	GSE104323	mouse_dentate	dentate	10X_all_cells	full_raw_matrix	full_matrix_mgi_one_to_one_ortholog	reelin_migration_stop	Reelin/migration-stop	differentiation_stop	lamination, migration-stop, and maturation positioning cues	dentate_candidate	non_dentate_background	0.5	1.0	-0.5	10.0	10.0	1
full_mgi_ortholog_matrix	GSE104323	mouse_dentate	dentate	10X_all_cells	full_raw_matrix	full_matrix_mgi_one_to_one_ortholog	semaphorin_guidance	Semaphorin/plexin guidance	differentiation_stop	axon guidance, pruning, fasciculation, and local circuit architecture	dentate_candidate	non_dentate_background	0.5	1.0	-0.5	17.0	17.0	1
full_mgi_ortholog_matrix	GSE104323	mouse_dentate	dentate	10X_all_cells	full_raw_matrix	full_matrix_mgi_one_to_one_ortholog	shh_granule_expansion	SHH/PTCH/GLI	progenitor_expansion_or_regional_fate	cerebellar granule precursor expansion and regional fate context	dentate_candidate	non_dentate_background	0.5	1.0	-0.5	10.0	10.0	1
full_mgi_ortholog_matrix	GSE104323	mouse_dentate	dentate	10X_all_cells	full_raw_matrix	full_matrix_mgi_one_to_one_ortholog	tgf_beta_smad	TGF-beta/SMAD	differentiation_stop	historical TGF-beta2-associated differentiation/stop signaling	dentate_candidate	non_dentate_background	0.5	1.0	-0.5	15.0	15.0	1
full_mgi_ortholog_matrix	GSE104323	mouse_dentate	dentate	10X_all_cells	full_raw_matrix	full_matrix_mgi_one_to_one_ortholog	wnt_beta_catenin	WNT/beta-catenin	neurogenic_permissive	dentate neurogenic permissive and granule fate signaling	dentate_candidate	non_dentate_background	0.5	1.0	-0.5	16.0	16.0	1
full_mgi_ortholog_matrix	GSE95752	mouse_dentate	dentate	C1_all_cells	full_raw_matrix	full_matrix_mgi_one_to_one_ortholog	bdnf_trkb_mapk	BDNF/TrkB/MAPK	differentiation_stop	historical BDNF/TrkB plus MAPK maturation pathway	dentate_candidate	other_or_ambiguous	1.0	0.3333333333333333	0.6666666666666667	18.0	18.0	1
full_mgi_ortholog_matrix	GSE95752	mouse_dentate	dentate	C1_all_cells	full_raw_matrix	full_matrix_mgi_one_to_one_ortholog	bmp_smad	BMP/SMAD	differentiation_stop	BMP-associated differentiation and neurogenic brake signaling	dentate_candidate	other_or_ambiguous	0.3333333333333333	1.0	-0.6666666666666667	15.0	15.0	1
full_mgi_ortholog_matrix	GSE95752	mouse_dentate	dentate	C1_all_cells	full_raw_matrix	full_matrix_mgi_one_to_one_ortholog	fgf_mapk	FGF/MAPK	neurogenic_permissive	neurogenic niche maintenance and MAPK-linked growth signaling	dentate_candidate	other_or_ambiguous	0.8333333333333333	0.8333333333333333	0.0	14.0	14.0	1
full_mgi_ortholog_matrix	GSE95752	mouse_dentate	dentate	C1_all_cells	full_raw_matrix	full_matrix_mgi_one_to_one_ortholog	notch_hes	Notch/HES	neurogenic_permissive	persistent neurogenic progenitor-state and differentiation timing control	dentate_candidate	other_or_ambiguous	0.3333333333333333	1.0	-0.6666666666666667	14.0	14.0	1
full_mgi_ortholog_matrix	GSE95752	mouse_dentate	dentate	C1_all_cells	full_raw_matrix	full_matrix_mgi_one_to_one_ortholog	reelin_migration_stop	Reelin/migration-stop	differentiation_stop	lamination, migration-stop, and maturation positioning cues	dentate_candidate	other_or_ambiguous	1.0	0.3333333333333333	0.6666666666666667	10.0	10.0	1
full_mgi_ortholog_matrix	GSE95752	mouse_dentate	dentate	C1_all_cells	full_raw_matrix	full_matrix_mgi_one_to_one_ortholog	semaphorin_guidance	Semaphorin/plexin guidance	differentiation_stop	axon guidance, pruning, fasciculation, and local circuit architecture	dentate_candidate	other_or_ambiguous	1.0	0.3333333333333333	0.6666666666666667	17.0	17.0	1
full_mgi_ortholog_matrix	GSE95752	mouse_dentate	dentate	C1_all_cells	full_raw_matrix	full_matrix_mgi_one_to_one_ortholog	shh_granule_expansion	SHH/PTCH/GLI	progenitor_expansion_or_regional_fate	cerebellar granule precursor expansion and regional fate context	dentate_candidate	other_or_ambiguous	0.3333333333333333	1.0	-0.6666666666666667	7.0	7.0	1
full_mgi_ortholog_matrix	GSE95752	mouse_dentate	dentate	C1_all_cells	full_raw_matrix	full_matrix_mgi_one_to_one_ortholog	tgf_beta_smad	TGF-beta/SMAD	differentiation_stop	historical TGF-beta2-associated differentiation/stop signaling	dentate_candidate	other_or_ambiguous	0.6666666666666666	1.0	-0.33333333333333337	14.0	14.0	1
full_mgi_ortholog_matrix	GSE95752	mouse_dentate	dentate	C1_all_cells	full_raw_matrix	full_matrix_mgi_one_to_one_ortholog	wnt_beta_catenin	WNT/beta-catenin	neurogenic_permissive	dentate neurogenic permissive and granule fate signaling	dentate_candidate	other_or_ambiguous	0.6666666666666666	1.0	-0.33333333333333337	15.0	15.0	1
selected_feature_matrix	GSE122357	cerebellum	cerebellar	GSM3464549_P0	full_raw_matrix	full_matrix_candidate_genes	bdnf_trkb_mapk	BDNF/TrkB/MAPK	differentiation_stop	historical BDNF/TrkB plus MAPK maturation pathway	cerebellar_candidate	broad_neuronal_structural_warning,other_or_ambiguous	0.6666666666666666	0.6666666666666666	0.0	7.0	7.0	2
selected_feature_matrix	GSE122357	cerebellum	cerebellar	GSM3464549_P0	full_raw_matrix	full_matrix_candidate_genes	bmp_smad	BMP/SMAD	differentiation_stop	BMP-associated differentiation and neurogenic brake signaling	cerebellar_candidate	broad_neuronal_structural_warning,other_or_ambiguous	0.6666666666666666	0.6666666666666666	0.0	3.0	3.0	2
selected_feature_matrix	GSE122357	cerebellum	cerebellar	GSM3464549_P0	full_raw_matrix	full_matrix_candidate_genes	fgf_mapk	FGF/MAPK	neurogenic_permissive	neurogenic niche maintenance and MAPK-linked growth signaling	cerebellar_candidate	broad_neuronal_structural_warning,other_or_ambiguous	1.0	0.5	0.5	3.0	3.0	2
selected_feature_matrix	GSE122357	cerebellum	cerebellar	GSM3464549_P0	full_raw_matrix	full_matrix_candidate_genes	notch_hes	Notch/HES	neurogenic_permissive	persistent neurogenic progenitor-state and differentiation timing control	cerebellar_candidate	broad_neuronal_structural_warning,other_or_ambiguous	1.0	0.5	0.5	1.0	1.0	2
selected_feature_matrix	GSE122357	cerebellum	cerebellar	GSM3464549_P0	full_raw_matrix	full_matrix_candidate_genes	reelin_migration_stop	Reelin/migration-stop	differentiation_stop	lamination, migration-stop, and maturation positioning cues	cerebellar_candidate	broad_neuronal_structural_warning,other_or_ambiguous	1.0	0.5	0.5	3.0	3.0	2
selected_feature_matrix	GSE122357	cerebellum	cerebellar	GSM3464549_P0	full_raw_matrix	full_matrix_candidate_genes	semaphorin_guidance	Semaphorin/plexin guidance	differentiation_stop	axon guidance, pruning, fasciculation, and local circuit architecture	cerebellar_candidate	broad_neuronal_structural_warning,other_or_ambiguous	0.6666666666666666	0.8333333333333333	-0.16666666666666663	9.0	9.0	2
selected_feature_matrix	GSE122357	cerebellum	cerebellar	GSM3464549_P0	full_raw_matrix	full_matrix_candidate_genes	shh_granule_expansion	SHH/PTCH/GLI	progenitor_expansion_or_regional_fate	cerebellar granule precursor expansion and regional fate context	cerebellar_candidate	broad_neuronal_structural_warning,other_or_ambiguous	1.0	0.5	0.5	1.0	1.0	2
selected_feature_matrix	GSE122357	cerebellum	cerebellar	GSM3464549_P0	full_raw_matrix	full_matrix_candidate_genes	tgf_beta_smad	TGF-beta/SMAD	differentiation_stop	historical TGF-beta2-associated differentiation/stop signaling	cerebellar_candidate	broad_neuronal_structural_warning,other_or_ambiguous	0.3333333333333333	0.8333333333333333	-0.49999999999999994	1.0	1.0	2
selected_feature_matrix	GSE122357	cerebellum	cerebellar	GSM3464549_P0	full_raw_matrix	full_matrix_candidate_genes	wnt_beta_catenin	WNT/beta-catenin	neurogenic_permissive	dentate neurogenic permissive and granule fate signaling	cerebellar_candidate	broad_neuronal_structural_warning,other_or_ambiguous	0.3333333333333333	0.8333333333333333	-0.49999999999999994	1.0	1.0	2
selected_feature_matrix	GSE122357	cerebellum	cerebellar	GSM3464550_P8a	full_raw_matrix	full_matrix_candidate_genes	bdnf_trkb_mapk	BDNF/TrkB/MAPK	differentiation_stop	historical BDNF/TrkB plus MAPK maturation pathway	cerebellar_candidate	broad_neuronal_structural_warning,other_or_ambiguous	0.6666666666666666	0.6666666666666666	0.0	7.0	7.0	2
selected_feature_matrix	GSE122357	cerebellum	cerebellar	GSM3464550_P8a	full_raw_matrix	full_matrix_candidate_genes	bmp_smad	BMP/SMAD	differentiation_stop	BMP-associated differentiation and neurogenic brake signaling	cerebellar_candidate	broad_neuronal_structural_warning,other_or_ambiguous	0.6666666666666666	0.6666666666666666	0.0	3.0	3.0	2
selected_feature_matrix	GSE122357	cerebellum	cerebellar	GSM3464550_P8a	full_raw_matrix	full_matrix_candidate_genes	fgf_mapk	FGF/MAPK	neurogenic_permissive	neurogenic niche maintenance and MAPK-linked growth signaling	cerebellar_candidate	broad_neuronal_structural_warning,other_or_ambiguous	0.6666666666666666	0.6666666666666666	0.0	3.0	3.0	2
selected_feature_matrix	GSE122357	cerebellum	cerebellar	GSM3464550_P8a	full_raw_matrix	full_matrix_candidate_genes	notch_hes	Notch/HES	neurogenic_permissive	persistent neurogenic progenitor-state and differentiation timing control	cerebellar_candidate	broad_neuronal_structural_warning,other_or_ambiguous	1.0	0.5	0.5	1.0	1.0	2
selected_feature_matrix	GSE122357	cerebellum	cerebellar	GSM3464550_P8a	full_raw_matrix	full_matrix_candidate_genes	reelin_migration_stop	Reelin/migration-stop	differentiation_stop	lamination, migration-stop, and maturation positioning cues	cerebellar_candidate	broad_neuronal_structural_warning,other_or_ambiguous	0.6666666666666666	0.6666666666666666	0.0	3.0	3.0	2
selected_feature_matrix	GSE122357	cerebellum	cerebellar	GSM3464550_P8a	full_raw_matrix	full_matrix_candidate_genes	semaphorin_guidance	Semaphorin/plexin guidance	differentiation_stop	axon guidance, pruning, fasciculation, and local circuit architecture	cerebellar_candidate	broad_neuronal_structural_warning,other_or_ambiguous	0.3333333333333333	0.8333333333333333	-0.49999999999999994	9.0	9.0	2
selected_feature_matrix	GSE122357	cerebellum	cerebellar	GSM3464550_P8a	full_raw_matrix	full_matrix_candidate_genes	shh_granule_expansion	SHH/PTCH/GLI	progenitor_expansion_or_regional_fate	cerebellar granule precursor expansion and regional fate context	cerebellar_candidate	broad_neuronal_structural_warning,other_or_ambiguous	1.0	0.5	0.5	1.0	1.0	2
selected_feature_matrix	GSE122357	cerebellum	cerebellar	GSM3464550_P8a	full_raw_matrix	full_matrix_candidate_genes	tgf_beta_smad	TGF-beta/SMAD	differentiation_stop	historical TGF-beta2-associated differentiation/stop signaling	cerebellar_candidate	broad_neuronal_structural_warning,other_or_ambiguous	0.3333333333333333	0.8333333333333333	-0.49999999999999994	1.0	1.0	2
selected_feature_matrix	GSE122357	cerebellum	cerebellar	GSM3464550_P8a	full_raw_matrix	full_matrix_candidate_genes	wnt_beta_catenin	WNT/beta-catenin	neurogenic_permissive	dentate neurogenic permissive and granule fate signaling	cerebellar_candidate	broad_neuronal_structural_warning,other_or_ambiguous	0.3333333333333333	0.8333333333333333	-0.49999999999999994	1.0	1.0	2
selected_feature_matrix	GSE122357	cerebellum	cerebellar	GSM3464551_P8b	full_raw_matrix	full_matrix_candidate_genes	bdnf_trkb_mapk	BDNF/TrkB/MAPK	differentiation_stop	historical BDNF/TrkB plus MAPK maturation pathway	cerebellar_candidate	broad_neuronal_structural_warning,other_or_ambiguous	0.6666666666666666	0.6666666666666666	0.0	7.0	7.0	2
selected_feature_matrix	GSE122357	cerebellum	cerebellar	GSM3464551_P8b	full_raw_matrix	full_matrix_candidate_genes	bmp_smad	BMP/SMAD	differentiation_stop	BMP-associated differentiation and neurogenic brake signaling	cerebellar_candidate	broad_neuronal_structural_warning,other_or_ambiguous	0.6666666666666666	0.6666666666666666	0.0	3.0	3.0	2
selected_feature_matrix	GSE122357	cerebellum	cerebellar	GSM3464551_P8b	full_raw_matrix	full_matrix_candidate_genes	fgf_mapk	FGF/MAPK	neurogenic_permissive	neurogenic niche maintenance and MAPK-linked growth signaling	cerebellar_candidate	broad_neuronal_structural_warning,other_or_ambiguous	0.6666666666666666	0.6666666666666666	0.0	3.0	3.0	2
selected_feature_matrix	GSE122357	cerebellum	cerebellar	GSM3464551_P8b	full_raw_matrix	full_matrix_candidate_genes	notch_hes	Notch/HES	neurogenic_permissive	persistent neurogenic progenitor-state and differentiation timing control	cerebellar_candidate	broad_neuronal_structural_warning,other_or_ambiguous	1.0	0.5	0.5	1.0	1.0	2
selected_feature_matrix	GSE122357	cerebellum	cerebellar	GSM3464551_P8b	full_raw_matrix	full_matrix_candidate_genes	reelin_migration_stop	Reelin/migration-stop	differentiation_stop	lamination, migration-stop, and maturation positioning cues	cerebellar_candidate	broad_neuronal_structural_warning,other_or_ambiguous	0.6666666666666666	0.6666666666666666	0.0	3.0	3.0	2
selected_feature_matrix	GSE122357	cerebellum	cerebellar	GSM3464551_P8b	full_raw_matrix	full_matrix_candidate_genes	semaphorin_guidance	Semaphorin/plexin guidance	differentiation_stop	axon guidance, pruning, fasciculation, and local circuit architecture	cerebellar_candidate	broad_neuronal_structural_warning,other_or_ambiguous	0.3333333333333333	0.8333333333333333	-0.49999999999999994	9.0	9.0	2
selected_feature_matrix	GSE122357	cerebellum	cerebellar	GSM3464551_P8b	full_raw_matrix	full_matrix_candidate_genes	shh_granule_expansion	SHH/PTCH/GLI	progenitor_expansion_or_regional_fate	cerebellar granule precursor expansion and regional fate context	cerebellar_candidate	broad_neuronal_structural_warning,other_or_ambiguous	1.0	0.5	0.5	1.0	1.0	2
selected_feature_matrix	GSE122357	cerebellum	cerebellar	GSM3464551_P8b	full_raw_matrix	full_matrix_candidate_genes	tgf_beta_smad	TGF-beta/SMAD	differentiation_stop	historical TGF-beta2-associated differentiation/stop signaling	cerebellar_candidate	broad_neuronal_structural_warning,other_or_ambiguous	0.3333333333333333	0.8333333333333333	-0.49999999999999994	1.0	1.0	2
selected_feature_matrix	GSE122357	cerebellum	cerebellar	GSM3464551_P8b	full_raw_matrix	full_matrix_candidate_genes	wnt_beta_catenin	WNT/beta-catenin	neurogenic_permissive	dentate neurogenic permissive and granule fate signaling	cerebellar_candidate	broad_neuronal_structural_warning,other_or_ambiguous	0.3333333333333333	0.8333333333333333	-0.49999999999999994	1.0	1.0	2
selected_feature_matrix	GSE165657	cerebellum	cerebellar	Cerebellum_aggr	full_raw_matrix	full_matrix_candidate_genes	bdnf_trkb_mapk	BDNF/TrkB/MAPK	differentiation_stop	historical BDNF/TrkB plus MAPK maturation pathway	cerebellar_candidate	broad_neuronal_structural_warning,other_or_ambiguous	1.0	0.5	0.5	7.0	7.0	2
selected_feature_matrix	GSE165657	cerebellum	cerebellar	Cerebellum_aggr	full_raw_matrix	full_matrix_candidate_genes	bmp_smad	BMP/SMAD	differentiation_stop	BMP-associated differentiation and neurogenic brake signaling	cerebellar_candidate	broad_neuronal_structural_warning,other_or_ambiguous	1.0	0.5	0.5	3.0	3.0	2
selected_feature_matrix	GSE165657	cerebellum	cerebellar	Cerebellum_aggr	full_raw_matrix	full_matrix_candidate_genes	fgf_mapk	FGF/MAPK	neurogenic_permissive	neurogenic niche maintenance and MAPK-linked growth signaling	cerebellar_candidate	broad_neuronal_structural_warning,other_or_ambiguous	1.0	0.5	0.5	3.0	3.0	2
selected_feature_matrix	GSE165657	cerebellum	cerebellar	Cerebellum_aggr	full_raw_matrix	full_matrix_candidate_genes	notch_hes	Notch/HES	neurogenic_permissive	persistent neurogenic progenitor-state and differentiation timing control	cerebellar_candidate	broad_neuronal_structural_warning,other_or_ambiguous	1.0	0.5	0.5	1.0	1.0	2
selected_feature_matrix	GSE165657	cerebellum	cerebellar	Cerebellum_aggr	full_raw_matrix	full_matrix_candidate_genes	reelin_migration_stop	Reelin/migration-stop	differentiation_stop	lamination, migration-stop, and maturation positioning cues	cerebellar_candidate	broad_neuronal_structural_warning,other_or_ambiguous	1.0	0.5	0.5	3.0	3.0	2
selected_feature_matrix	GSE165657	cerebellum	cerebellar	Cerebellum_aggr	full_raw_matrix	full_matrix_candidate_genes	semaphorin_guidance	Semaphorin/plexin guidance	differentiation_stop	axon guidance, pruning, fasciculation, and local circuit architecture	cerebellar_candidate	broad_neuronal_structural_warning,other_or_ambiguous	0.6666666666666666	0.5	0.16666666666666663	9.0	9.0	2
selected_feature_matrix	GSE165657	cerebellum	cerebellar	Cerebellum_aggr	full_raw_matrix	full_matrix_candidate_genes	shh_granule_expansion	SHH/PTCH/GLI	progenitor_expansion_or_regional_fate	cerebellar granule precursor expansion and regional fate context	cerebellar_candidate	broad_neuronal_structural_warning,other_or_ambiguous	1.0	0.5	0.5	1.0	1.0	2
selected_feature_matrix	GSE165657	cerebellum	cerebellar	Cerebellum_aggr	full_raw_matrix	full_matrix_candidate_genes	tgf_beta_smad	TGF-beta/SMAD	differentiation_stop	historical TGF-beta2-associated differentiation/stop signaling	cerebellar_candidate	broad_neuronal_structural_warning,other_or_ambiguous	0.3333333333333333	0.8333333333333333	-0.49999999999999994	1.0	1.0	2
selected_feature_matrix	GSE165657	cerebellum	cerebellar	Cerebellum_aggr	full_raw_matrix	full_matrix_candidate_genes	wnt_beta_catenin	WNT/beta-catenin	neurogenic_permissive	dentate neurogenic permissive and granule fate signaling	cerebellar_candidate	broad_neuronal_structural_warning,other_or_ambiguous	0.3333333333333333	0.8333333333333333	-0.49999999999999994	1.0	1.0	2
selected_feature_matrix	GSE312658	cerebellum	cerebellar	Ctrl	full_raw_matrix	full_matrix_candidate_genes	bdnf_trkb_mapk	BDNF/TrkB/MAPK	differentiation_stop	historical BDNF/TrkB plus MAPK maturation pathway	cerebellar_candidate	broad_neuronal_structural_warning,other_or_ambiguous	0.6666666666666666	0.6666666666666666	0.0	7.0	7.0	2
selected_feature_matrix	GSE312658	cerebellum	cerebellar	Ctrl	full_raw_matrix	full_matrix_candidate_genes	bmp_smad	BMP/SMAD	differentiation_stop	BMP-associated differentiation and neurogenic brake signaling	cerebellar_candidate	broad_neuronal_structural_warning,other_or_ambiguous	0.6666666666666666	0.6666666666666666	0.0	3.0	3.0	2
selected_feature_matrix	GSE312658	cerebellum	cerebellar	Ctrl	full_raw_matrix	full_matrix_candidate_genes	fgf_mapk	FGF/MAPK	neurogenic_permissive	neurogenic niche maintenance and MAPK-linked growth signaling	cerebellar_candidate	broad_neuronal_structural_warning,other_or_ambiguous	0.6666666666666666	0.6666666666666666	0.0	3.0	3.0	2
selected_feature_matrix	GSE312658	cerebellum	cerebellar	Ctrl	full_raw_matrix	full_matrix_candidate_genes	notch_hes	Notch/HES	neurogenic_permissive	persistent neurogenic progenitor-state and differentiation timing control	cerebellar_candidate	broad_neuronal_structural_warning,other_or_ambiguous	1.0	0.5	0.5	1.0	1.0	2
selected_feature_matrix	GSE312658	cerebellum	cerebellar	Ctrl	full_raw_matrix	full_matrix_candidate_genes	reelin_migration_stop	Reelin/migration-stop	differentiation_stop	lamination, migration-stop, and maturation positioning cues	cerebellar_candidate	broad_neuronal_structural_warning,other_or_ambiguous	0.6666666666666666	0.6666666666666666	0.0	3.0	3.0	2
selected_feature_matrix	GSE312658	cerebellum	cerebellar	Ctrl	full_raw_matrix	full_matrix_candidate_genes	semaphorin_guidance	Semaphorin/plexin guidance	differentiation_stop	axon guidance, pruning, fasciculation, and local circuit architecture	cerebellar_candidate	broad_neuronal_structural_warning,other_or_ambiguous	0.6666666666666666	0.6666666666666666	0.0	9.0	9.0	2
selected_feature_matrix	GSE312658	cerebellum	cerebellar	Ctrl	full_raw_matrix	full_matrix_candidate_genes	shh_granule_expansion	SHH/PTCH/GLI	progenitor_expansion_or_regional_fate	cerebellar granule precursor expansion and regional fate context	cerebellar_candidate	broad_neuronal_structural_warning,other_or_ambiguous	1.0	0.5	0.5	1.0	1.0	2
selected_feature_matrix	GSE312658	cerebellum	cerebellar	Ctrl	full_raw_matrix	full_matrix_candidate_genes	tgf_beta_smad	TGF-beta/SMAD	differentiation_stop	historical TGF-beta2-associated differentiation/stop signaling	cerebellar_candidate	broad_neuronal_structural_warning,other_or_ambiguous	0.6666666666666666	0.6666666666666666	0.0	1.0	1.0	2
selected_feature_matrix	GSE312658	cerebellum	cerebellar	Ctrl	full_raw_matrix	full_matrix_candidate_genes	wnt_beta_catenin	WNT/beta-catenin	neurogenic_permissive	dentate neurogenic permissive and granule fate signaling	cerebellar_candidate	broad_neuronal_structural_warning,other_or_ambiguous	0.6666666666666666	0.6666666666666666	0.0	1.0	1.0	2
selected_feature_matrix	GSE312658	cerebellum	cerebellar	cKO	full_raw_matrix	full_matrix_candidate_genes	bdnf_trkb_mapk	BDNF/TrkB/MAPK	differentiation_stop	historical BDNF/TrkB plus MAPK maturation pathway	cerebellar_candidate	broad_neuronal_structural_warning,other_or_ambiguous	0.6666666666666666	0.6666666666666666	0.0	7.0	7.0	2
selected_feature_matrix	GSE312658	cerebellum	cerebellar	cKO	full_raw_matrix	full_matrix_candidate_genes	bmp_smad	BMP/SMAD	differentiation_stop	BMP-associated differentiation and neurogenic brake signaling	cerebellar_candidate	broad_neuronal_structural_warning,other_or_ambiguous	0.6666666666666666	0.6666666666666666	0.0	3.0	3.0	2
selected_feature_matrix	GSE312658	cerebellum	cerebellar	cKO	full_raw_matrix	full_matrix_candidate_genes	fgf_mapk	FGF/MAPK	neurogenic_permissive	neurogenic niche maintenance and MAPK-linked growth signaling	cerebellar_candidate	broad_neuronal_structural_warning,other_or_ambiguous	0.6666666666666666	0.6666666666666666	0.0	3.0	3.0	2
selected_feature_matrix	GSE312658	cerebellum	cerebellar	cKO	full_raw_matrix	full_matrix_candidate_genes	notch_hes	Notch/HES	neurogenic_permissive	persistent neurogenic progenitor-state and differentiation timing control	cerebellar_candidate	broad_neuronal_structural_warning,other_or_ambiguous	1.0	0.5	0.5	1.0	1.0	2
selected_feature_matrix	GSE312658	cerebellum	cerebellar	cKO	full_raw_matrix	full_matrix_candidate_genes	reelin_migration_stop	Reelin/migration-stop	differentiation_stop	lamination, migration-stop, and maturation positioning cues	cerebellar_candidate	broad_neuronal_structural_warning,other_or_ambiguous	0.6666666666666666	0.6666666666666666	0.0	3.0	3.0	2
selected_feature_matrix	GSE312658	cerebellum	cerebellar	cKO	full_raw_matrix	full_matrix_candidate_genes	semaphorin_guidance	Semaphorin/plexin guidance	differentiation_stop	axon guidance, pruning, fasciculation, and local circuit architecture	cerebellar_candidate	broad_neuronal_structural_warning,other_or_ambiguous	0.6666666666666666	0.8333333333333333	-0.16666666666666663	9.0	9.0	2
selected_feature_matrix	GSE312658	cerebellum	cerebellar	cKO	full_raw_matrix	full_matrix_candidate_genes	shh_granule_expansion	SHH/PTCH/GLI	progenitor_expansion_or_regional_fate	cerebellar granule precursor expansion and regional fate context	cerebellar_candidate	broad_neuronal_structural_warning,other_or_ambiguous	0.3333333333333333	0.8333333333333333	-0.49999999999999994	1.0	1.0	2
selected_feature_matrix	GSE312658	cerebellum	cerebellar	cKO	full_raw_matrix	full_matrix_candidate_genes	tgf_beta_smad	TGF-beta/SMAD	differentiation_stop	historical TGF-beta2-associated differentiation/stop signaling	cerebellar_candidate	broad_neuronal_structural_warning,other_or_ambiguous	0.3333333333333333	0.8333333333333333	-0.49999999999999994	1.0	1.0	2
selected_feature_matrix	GSE312658	cerebellum	cerebellar	cKO	full_raw_matrix	full_matrix_candidate_genes	wnt_beta_catenin	WNT/beta-catenin	neurogenic_permissive	dentate neurogenic permissive and granule fate signaling	cerebellar_candidate	broad_neuronal_structural_warning,other_or_ambiguous	0.3333333333333333	0.8333333333333333	-0.49999999999999994	1.0	1.0	2
selected_feature_matrix	GSE104323	mouse_dentate	dentate	10X_all_cells	full_raw_matrix	full_matrix_candidate_genes	bdnf_trkb_mapk	BDNF/TrkB/MAPK	differentiation_stop	historical BDNF/TrkB plus MAPK maturation pathway	dentate_candidate	non_dentate_background	1.0	0.5	0.5	7.0	7.0	1
selected_feature_matrix	GSE104323	mouse_dentate	dentate	10X_all_cells	full_raw_matrix	full_matrix_candidate_genes	bmp_smad	BMP/SMAD	differentiation_stop	BMP-associated differentiation and neurogenic brake signaling	dentate_candidate	non_dentate_background	0.5	1.0	-0.5	3.0	3.0	1
selected_feature_matrix	GSE104323	mouse_dentate	dentate	10X_all_cells	full_raw_matrix	full_matrix_candidate_genes	fgf_mapk	FGF/MAPK	neurogenic_permissive	neurogenic niche maintenance and MAPK-linked growth signaling	dentate_candidate	non_dentate_background	1.0	0.5	0.5	3.0	3.0	1
selected_feature_matrix	GSE104323	mouse_dentate	dentate	10X_all_cells	full_raw_matrix	full_matrix_candidate_genes	notch_hes	Notch/HES	neurogenic_permissive	persistent neurogenic progenitor-state and differentiation timing control	dentate_candidate	non_dentate_background	0.5	1.0	-0.5	1.0	1.0	1
selected_feature_matrix	GSE104323	mouse_dentate	dentate	10X_all_cells	full_raw_matrix	full_matrix_candidate_genes	reelin_migration_stop	Reelin/migration-stop	differentiation_stop	lamination, migration-stop, and maturation positioning cues	dentate_candidate	non_dentate_background	1.0	0.5	0.5	3.0	3.0	1
selected_feature_matrix	GSE104323	mouse_dentate	dentate	10X_all_cells	full_raw_matrix	full_matrix_candidate_genes	semaphorin_guidance	Semaphorin/plexin guidance	differentiation_stop	axon guidance, pruning, fasciculation, and local circuit architecture	dentate_candidate	non_dentate_background	0.5	1.0	-0.5	9.0	9.0	1
selected_feature_matrix	GSE104323	mouse_dentate	dentate	10X_all_cells	full_raw_matrix	full_matrix_candidate_genes	shh_granule_expansion	SHH/PTCH/GLI	progenitor_expansion_or_regional_fate	cerebellar granule precursor expansion and regional fate context	dentate_candidate	non_dentate_background	1.0	0.5	0.5	1.0	1.0	1
selected_feature_matrix	GSE104323	mouse_dentate	dentate	10X_all_cells	full_raw_matrix	full_matrix_candidate_genes	tgf_beta_smad	TGF-beta/SMAD	differentiation_stop	historical TGF-beta2-associated differentiation/stop signaling	dentate_candidate	non_dentate_background	1.0	0.5	0.5	1.0	1.0	1
selected_feature_matrix	GSE104323	mouse_dentate	dentate	10X_all_cells	full_raw_matrix	full_matrix_candidate_genes	wnt_beta_catenin	WNT/beta-catenin	neurogenic_permissive	dentate neurogenic permissive and granule fate signaling	dentate_candidate	non_dentate_background	0.5	1.0	-0.5	1.0	1.0	1
selected_feature_matrix	GSE268609	human_dentate_hippocampus	dentate	1	selected_gene_bridge	selected_bridge_candidate_genes	bdnf_trkb_mapk	BDNF/TrkB/MAPK	differentiation_stop	historical BDNF/TrkB plus MAPK maturation pathway	dentate_candidate	broad_neuronal_structural_warning,other_or_ambiguous	1.0	0.6666666666666666	0.33333333333333337	7.0	4.0	2
selected_feature_matrix	GSE268609	human_dentate_hippocampus	dentate	1	selected_gene_bridge	selected_bridge_candidate_genes	bmp_smad	BMP/SMAD	differentiation_stop	BMP-associated differentiation and neurogenic brake signaling	dentate_candidate	other_or_ambiguous	1.0	0.3333333333333333	0.6666666666666667	3.0	3.0	1
selected_feature_matrix	GSE268609	human_dentate_hippocampus	dentate	1	selected_gene_bridge	selected_bridge_candidate_genes	fgf_mapk	FGF/MAPK	neurogenic_permissive	neurogenic niche maintenance and MAPK-linked growth signaling	dentate_candidate	other_or_ambiguous	1.0	0.3333333333333333	0.6666666666666667	3.0	3.0	1
selected_feature_matrix	GSE268609	human_dentate_hippocampus	dentate	1	selected_gene_bridge	selected_bridge_candidate_genes	notch_hes	Notch/HES	neurogenic_permissive	persistent neurogenic progenitor-state and differentiation timing control	dentate_candidate	broad_neuronal_structural_warning,other_or_ambiguous	1.0	0.5	0.5	1.0	1.0	2
selected_feature_matrix	GSE268609	human_dentate_hippocampus	dentate	1	selected_gene_bridge	selected_bridge_candidate_genes	reelin_migration_stop	Reelin/migration-stop	differentiation_stop	lamination, migration-stop, and maturation positioning cues	dentate_candidate	other_or_ambiguous	1.0	0.3333333333333333	0.6666666666666667	3.0	3.0	1
selected_feature_matrix	GSE268609	human_dentate_hippocampus	dentate	1	selected_gene_bridge	selected_bridge_candidate_genes	semaphorin_guidance	Semaphorin/plexin guidance	differentiation_stop	axon guidance, pruning, fasciculation, and local circuit architecture	dentate_candidate	broad_neuronal_structural_warning,other_or_ambiguous	1.0	0.5	0.5	9.0	6.0	2
selected_feature_matrix	GSE268609	human_dentate_hippocampus	dentate	1	selected_gene_bridge	selected_bridge_candidate_genes	shh_granule_expansion	SHH/PTCH/GLI	progenitor_expansion_or_regional_fate	cerebellar granule precursor expansion and regional fate context	dentate_candidate	other_or_ambiguous	0.6666666666666666	0.6666666666666666	0.0	1.0	1.0	1
selected_feature_matrix	GSE268609	human_dentate_hippocampus	dentate	1	selected_gene_bridge	selected_bridge_candidate_genes	tgf_beta_smad	TGF-beta/SMAD	differentiation_stop	historical TGF-beta2-associated differentiation/stop signaling	dentate_candidate	broad_neuronal_structural_warning,other_or_ambiguous	1.0	0.5	0.5	1.0	1.0	2
selected_feature_matrix	GSE268609	human_dentate_hippocampus	dentate	1	selected_gene_bridge	selected_bridge_candidate_genes	wnt_beta_catenin	WNT/beta-catenin	neurogenic_permissive	dentate neurogenic permissive and granule fate signaling	dentate_candidate	other_or_ambiguous	1.0	0.3333333333333333	0.6666666666666667	1.0	1.0	1
selected_feature_matrix	GSE268609	human_dentate_hippocampus	dentate	2	selected_gene_bridge	selected_bridge_candidate_genes	bdnf_trkb_mapk	BDNF/TrkB/MAPK	differentiation_stop	historical BDNF/TrkB plus MAPK maturation pathway	dentate_candidate	broad_neuronal_structural_warning,other_or_ambiguous	0.6666666666666666	0.6666666666666666	0.0	7.0	7.0	2
selected_feature_matrix	GSE268609	human_dentate_hippocampus	dentate	2	selected_gene_bridge	selected_bridge_candidate_genes	bmp_smad	BMP/SMAD	differentiation_stop	BMP-associated differentiation and neurogenic brake signaling	dentate_candidate	broad_neuronal_structural_warning,other_or_ambiguous	1.0	0.5	0.5	3.0	3.0	2
selected_feature_matrix	GSE268609	human_dentate_hippocampus	dentate	2	selected_gene_bridge	selected_bridge_candidate_genes	fgf_mapk	FGF/MAPK	neurogenic_permissive	neurogenic niche maintenance and MAPK-linked growth signaling	dentate_candidate	broad_neuronal_structural_warning,other_or_ambiguous	0.6666666666666666	0.6666666666666666	0.0	3.0	3.0	2
selected_feature_matrix	GSE268609	human_dentate_hippocampus	dentate	2	selected_gene_bridge	selected_bridge_candidate_genes	notch_hes	Notch/HES	neurogenic_permissive	persistent neurogenic progenitor-state and differentiation timing control	dentate_candidate	broad_neuronal_structural_warning,other_or_ambiguous	0.6666666666666666	0.6666666666666666	0.0	1.0	1.0	2
selected_feature_matrix	GSE268609	human_dentate_hippocampus	dentate	2	selected_gene_bridge	selected_bridge_candidate_genes	reelin_migration_stop	Reelin/migration-stop	differentiation_stop	lamination, migration-stop, and maturation positioning cues	dentate_candidate	broad_neuronal_structural_warning,other_or_ambiguous	0.6666666666666666	0.6666666666666666	0.0	3.0	3.0	2
selected_feature_matrix	GSE268609	human_dentate_hippocampus	dentate	2	selected_gene_bridge	selected_bridge_candidate_genes	semaphorin_guidance	Semaphorin/plexin guidance	differentiation_stop	axon guidance, pruning, fasciculation, and local circuit architecture	dentate_candidate	broad_neuronal_structural_warning,other_or_ambiguous	1.0	0.5	0.5	9.0	9.0	2
selected_feature_matrix	GSE268609	human_dentate_hippocampus	dentate	2	selected_gene_bridge	selected_bridge_candidate_genes	shh_granule_expansion	SHH/PTCH/GLI	progenitor_expansion_or_regional_fate	cerebellar granule precursor expansion and regional fate context	dentate_candidate	broad_neuronal_structural_warning,other_or_ambiguous	0.6666666666666666	0.6666666666666666	0.0	1.0	1.0	2
selected_feature_matrix	GSE268609	human_dentate_hippocampus	dentate	2	selected_gene_bridge	selected_bridge_candidate_genes	tgf_beta_smad	TGF-beta/SMAD	differentiation_stop	historical TGF-beta2-associated differentiation/stop signaling	dentate_candidate	broad_neuronal_structural_warning,other_or_ambiguous	1.0	0.5	0.5	1.0	1.0	2
selected_feature_matrix	GSE268609	human_dentate_hippocampus	dentate	2	selected_gene_bridge	selected_bridge_candidate_genes	wnt_beta_catenin	WNT/beta-catenin	neurogenic_permissive	dentate neurogenic permissive and granule fate signaling	dentate_candidate	broad_neuronal_structural_warning,other_or_ambiguous	1.0	0.5	0.5	1.0	1.0	2
selected_feature_matrix	GSE268609	human_dentate_hippocampus	dentate	3	selected_gene_bridge	selected_bridge_candidate_genes	bdnf_trkb_mapk	BDNF/TrkB/MAPK	differentiation_stop	historical BDNF/TrkB plus MAPK maturation pathway	dentate_candidate	broad_neuronal_structural_warning,other_or_ambiguous	1.0	0.5	0.5	7.0	7.0	2
selected_feature_matrix	GSE268609	human_dentate_hippocampus	dentate	3	selected_gene_bridge	selected_bridge_candidate_genes	bmp_smad	BMP/SMAD	differentiation_stop	BMP-associated differentiation and neurogenic brake signaling	dentate_candidate	broad_neuronal_structural_warning,other_or_ambiguous	1.0	0.5	0.5	3.0	3.0	2
selected_feature_matrix	GSE268609	human_dentate_hippocampus	dentate	3	selected_gene_bridge	selected_bridge_candidate_genes	fgf_mapk	FGF/MAPK	neurogenic_permissive	neurogenic niche maintenance and MAPK-linked growth signaling	dentate_candidate	broad_neuronal_structural_warning,other_or_ambiguous	1.0	0.5	0.5	3.0	3.0	2
selected_feature_matrix	GSE268609	human_dentate_hippocampus	dentate	3	selected_gene_bridge	selected_bridge_candidate_genes	notch_hes	Notch/HES	neurogenic_permissive	persistent neurogenic progenitor-state and differentiation timing control	dentate_candidate	broad_neuronal_structural_warning,other_or_ambiguous	0.6666666666666666	0.6666666666666666	0.0	1.0	1.0	2
selected_feature_matrix	GSE268609	human_dentate_hippocampus	dentate	3	selected_gene_bridge	selected_bridge_candidate_genes	reelin_migration_stop	Reelin/migration-stop	differentiation_stop	lamination, migration-stop, and maturation positioning cues	dentate_candidate	broad_neuronal_structural_warning,other_or_ambiguous	0.6666666666666666	0.6666666666666666	0.0	3.0	3.0	2
selected_feature_matrix	GSE268609	human_dentate_hippocampus	dentate	3	selected_gene_bridge	selected_bridge_candidate_genes	semaphorin_guidance	Semaphorin/plexin guidance	differentiation_stop	axon guidance, pruning, fasciculation, and local circuit architecture	dentate_candidate	broad_neuronal_structural_warning,other_or_ambiguous	1.0	0.5	0.5	9.0	9.0	2
selected_feature_matrix	GSE268609	human_dentate_hippocampus	dentate	3	selected_gene_bridge	selected_bridge_candidate_genes	shh_granule_expansion	SHH/PTCH/GLI	progenitor_expansion_or_regional_fate	cerebellar granule precursor expansion and regional fate context	dentate_candidate	broad_neuronal_structural_warning,other_or_ambiguous	0.5	0.75	-0.25	1.0	1.0	2
selected_feature_matrix	GSE268609	human_dentate_hippocampus	dentate	3	selected_gene_bridge	selected_bridge_candidate_genes	tgf_beta_smad	TGF-beta/SMAD	differentiation_stop	historical TGF-beta2-associated differentiation/stop signaling	dentate_candidate	broad_neuronal_structural_warning,other_or_ambiguous	1.0	0.5	0.5	1.0	1.0	2
selected_feature_matrix	GSE268609	human_dentate_hippocampus	dentate	3	selected_gene_bridge	selected_bridge_candidate_genes	wnt_beta_catenin	WNT/beta-catenin	neurogenic_permissive	dentate neurogenic permissive and granule fate signaling	dentate_candidate	broad_neuronal_structural_warning,other_or_ambiguous	1.0	0.5	0.5	1.0	1.0	2
selected_feature_matrix	GSE268609	human_dentate_hippocampus	dentate	4	selected_gene_bridge	selected_bridge_candidate_genes	bdnf_trkb_mapk	BDNF/TrkB/MAPK	differentiation_stop	historical BDNF/TrkB plus MAPK maturation pathway	dentate_candidate	broad_neuronal_structural_warning,other_or_ambiguous	1.0	0.5	0.5	7.0	7.0	2
selected_feature_matrix	GSE268609	human_dentate_hippocampus	dentate	4	selected_gene_bridge	selected_bridge_candidate_genes	bmp_smad	BMP/SMAD	differentiation_stop	BMP-associated differentiation and neurogenic brake signaling	dentate_candidate	broad_neuronal_structural_warning,other_or_ambiguous	1.0	0.5	0.5	3.0	3.0	2
selected_feature_matrix	GSE268609	human_dentate_hippocampus	dentate	4	selected_gene_bridge	selected_bridge_candidate_genes	fgf_mapk	FGF/MAPK	neurogenic_permissive	neurogenic niche maintenance and MAPK-linked growth signaling	dentate_candidate	broad_neuronal_structural_warning,other_or_ambiguous	1.0	0.5	0.5	3.0	3.0	2
selected_feature_matrix	GSE268609	human_dentate_hippocampus	dentate	4	selected_gene_bridge	selected_bridge_candidate_genes	notch_hes	Notch/HES	neurogenic_permissive	persistent neurogenic progenitor-state and differentiation timing control	dentate_candidate	broad_neuronal_structural_warning,other_or_ambiguous	1.0	0.5	0.5	1.0	1.0	2
selected_feature_matrix	GSE268609	human_dentate_hippocampus	dentate	4	selected_gene_bridge	selected_bridge_candidate_genes	reelin_migration_stop	Reelin/migration-stop	differentiation_stop	lamination, migration-stop, and maturation positioning cues	dentate_candidate	broad_neuronal_structural_warning,other_or_ambiguous	0.6666666666666666	0.6666666666666666	0.0	3.0	3.0	2
selected_feature_matrix	GSE268609	human_dentate_hippocampus	dentate	4	selected_gene_bridge	selected_bridge_candidate_genes	semaphorin_guidance	Semaphorin/plexin guidance	differentiation_stop	axon guidance, pruning, fasciculation, and local circuit architecture	dentate_candidate	broad_neuronal_structural_warning,other_or_ambiguous	1.0	0.5	0.5	9.0	9.0	2
selected_feature_matrix	GSE268609	human_dentate_hippocampus	dentate	4	selected_gene_bridge	selected_bridge_candidate_genes	shh_granule_expansion	SHH/PTCH/GLI	progenitor_expansion_or_regional_fate	cerebellar granule precursor expansion and regional fate context	dentate_candidate	broad_neuronal_structural_warning,other_or_ambiguous	0.6666666666666666	0.6666666666666666	0.0	1.0	1.0	2
selected_feature_matrix	GSE268609	human_dentate_hippocampus	dentate	4	selected_gene_bridge	selected_bridge_candidate_genes	tgf_beta_smad	TGF-beta/SMAD	differentiation_stop	historical TGF-beta2-associated differentiation/stop signaling	dentate_candidate	broad_neuronal_structural_warning,other_or_ambiguous	1.0	0.5	0.5	1.0	1.0	2
selected_feature_matrix	GSE268609	human_dentate_hippocampus	dentate	4	selected_gene_bridge	selected_bridge_candidate_genes	wnt_beta_catenin	WNT/beta-catenin	neurogenic_permissive	dentate neurogenic permissive and granule fate signaling	dentate_candidate	broad_neuronal_structural_warning,other_or_ambiguous	1.0	0.5	0.5	1.0	1.0	2
selected_feature_matrix	GSE268609	human_dentate_hippocampus	dentate	5	selected_gene_bridge	selected_bridge_candidate_genes	bdnf_trkb_mapk	BDNF/TrkB/MAPK	differentiation_stop	historical BDNF/TrkB plus MAPK maturation pathway	dentate_candidate	broad_neuronal_structural_warning,other_or_ambiguous	0.6666666666666666	0.6666666666666666	0.0	7.0	7.0	2
selected_feature_matrix	GSE268609	human_dentate_hippocampus	dentate	5	selected_gene_bridge	selected_bridge_candidate_genes	bmp_smad	BMP/SMAD	differentiation_stop	BMP-associated differentiation and neurogenic brake signaling	dentate_candidate	broad_neuronal_structural_warning,other_or_ambiguous	1.0	0.5	0.5	3.0	3.0	2
selected_feature_matrix	GSE268609	human_dentate_hippocampus	dentate	5	selected_gene_bridge	selected_bridge_candidate_genes	fgf_mapk	FGF/MAPK	neurogenic_permissive	neurogenic niche maintenance and MAPK-linked growth signaling	dentate_candidate	broad_neuronal_structural_warning,other_or_ambiguous	0.6666666666666666	0.6666666666666666	0.0	3.0	3.0	2
selected_feature_matrix	GSE268609	human_dentate_hippocampus	dentate	5	selected_gene_bridge	selected_bridge_candidate_genes	notch_hes	Notch/HES	neurogenic_permissive	persistent neurogenic progenitor-state and differentiation timing control	dentate_candidate	broad_neuronal_structural_warning,other_or_ambiguous	0.6666666666666666	0.6666666666666666	0.0	1.0	1.0	2
selected_feature_matrix	GSE268609	human_dentate_hippocampus	dentate	5	selected_gene_bridge	selected_bridge_candidate_genes	reelin_migration_stop	Reelin/migration-stop	differentiation_stop	lamination, migration-stop, and maturation positioning cues	dentate_candidate	broad_neuronal_structural_warning,other_or_ambiguous	0.6666666666666666	0.6666666666666666	0.0	3.0	3.0	2
selected_feature_matrix	GSE268609	human_dentate_hippocampus	dentate	5	selected_gene_bridge	selected_bridge_candidate_genes	semaphorin_guidance	Semaphorin/plexin guidance	differentiation_stop	axon guidance, pruning, fasciculation, and local circuit architecture	dentate_candidate	broad_neuronal_structural_warning,other_or_ambiguous	0.6666666666666666	0.6666666666666666	0.0	9.0	9.0	2
selected_feature_matrix	GSE268609	human_dentate_hippocampus	dentate	5	selected_gene_bridge	selected_bridge_candidate_genes	shh_granule_expansion	SHH/PTCH/GLI	progenitor_expansion_or_regional_fate	cerebellar granule precursor expansion and regional fate context	dentate_candidate	broad_neuronal_structural_warning,other_or_ambiguous	0.6666666666666666	0.6666666666666666	0.0	1.0	1.0	2
selected_feature_matrix	GSE268609	human_dentate_hippocampus	dentate	5	selected_gene_bridge	selected_bridge_candidate_genes	tgf_beta_smad	TGF-beta/SMAD	differentiation_stop	historical TGF-beta2-associated differentiation/stop signaling	dentate_candidate	broad_neuronal_structural_warning,other_or_ambiguous	1.0	0.5	0.5	1.0	1.0	2
selected_feature_matrix	GSE268609	human_dentate_hippocampus	dentate	5	selected_gene_bridge	selected_bridge_candidate_genes	wnt_beta_catenin	WNT/beta-catenin	neurogenic_permissive	dentate neurogenic permissive and granule fate signaling	dentate_candidate	broad_neuronal_structural_warning,other_or_ambiguous	1.0	0.5	0.5	1.0	1.0	2
selected_feature_matrix	GSE268609	human_dentate_hippocampus	dentate	6	selected_gene_bridge	selected_bridge_candidate_genes	bdnf_trkb_mapk	BDNF/TrkB/MAPK	differentiation_stop	historical BDNF/TrkB plus MAPK maturation pathway	dentate_candidate	broad_neuronal_structural_warning,other_or_ambiguous	0.6666666666666666	0.6666666666666666	0.0	7.0	7.0	2
selected_feature_matrix	GSE268609	human_dentate_hippocampus	dentate	6	selected_gene_bridge	selected_bridge_candidate_genes	bmp_smad	BMP/SMAD	differentiation_stop	BMP-associated differentiation and neurogenic brake signaling	dentate_candidate	broad_neuronal_structural_warning,other_or_ambiguous	0.6666666666666666	0.6666666666666666	0.0	3.0	3.0	2
selected_feature_matrix	GSE268609	human_dentate_hippocampus	dentate	6	selected_gene_bridge	selected_bridge_candidate_genes	fgf_mapk	FGF/MAPK	neurogenic_permissive	neurogenic niche maintenance and MAPK-linked growth signaling	dentate_candidate	broad_neuronal_structural_warning,other_or_ambiguous	0.6666666666666666	0.6666666666666666	0.0	3.0	3.0	2
selected_feature_matrix	GSE268609	human_dentate_hippocampus	dentate	6	selected_gene_bridge	selected_bridge_candidate_genes	notch_hes	Notch/HES	neurogenic_permissive	persistent neurogenic progenitor-state and differentiation timing control	dentate_candidate	broad_neuronal_structural_warning,other_or_ambiguous	0.3333333333333333	0.8333333333333333	-0.49999999999999994	1.0	1.0	2
selected_feature_matrix	GSE268609	human_dentate_hippocampus	dentate	6	selected_gene_bridge	selected_bridge_candidate_genes	reelin_migration_stop	Reelin/migration-stop	differentiation_stop	lamination, migration-stop, and maturation positioning cues	dentate_candidate	broad_neuronal_structural_warning,other_or_ambiguous	0.6666666666666666	0.6666666666666666	0.0	3.0	3.0	2
selected_feature_matrix	GSE268609	human_dentate_hippocampus	dentate	6	selected_gene_bridge	selected_bridge_candidate_genes	semaphorin_guidance	Semaphorin/plexin guidance	differentiation_stop	axon guidance, pruning, fasciculation, and local circuit architecture	dentate_candidate	broad_neuronal_structural_warning,other_or_ambiguous	0.6666666666666666	0.6666666666666666	0.0	9.0	9.0	2
selected_feature_matrix	GSE268609	human_dentate_hippocampus	dentate	6	selected_gene_bridge	selected_bridge_candidate_genes	shh_granule_expansion	SHH/PTCH/GLI	progenitor_expansion_or_regional_fate	cerebellar granule precursor expansion and regional fate context	dentate_candidate	broad_neuronal_structural_warning,other_or_ambiguous	0.6666666666666666	0.6666666666666666	0.0	1.0	1.0	2
selected_feature_matrix	GSE268609	human_dentate_hippocampus	dentate	6	selected_gene_bridge	selected_bridge_candidate_genes	tgf_beta_smad	TGF-beta/SMAD	differentiation_stop	historical TGF-beta2-associated differentiation/stop signaling	dentate_candidate	broad_neuronal_structural_warning,other_or_ambiguous	1.0	0.5	0.5	1.0	1.0	2
selected_feature_matrix	GSE268609	human_dentate_hippocampus	dentate	6	selected_gene_bridge	selected_bridge_candidate_genes	wnt_beta_catenin	WNT/beta-catenin	neurogenic_permissive	dentate neurogenic permissive and granule fate signaling	dentate_candidate	broad_neuronal_structural_warning,other_or_ambiguous	0.6666666666666666	0.6666666666666666	0.0	1.0	1.0	2
selected_feature_matrix	GSE268609	human_dentate_hippocampus	dentate	7	selected_gene_bridge	selected_bridge_candidate_genes	bdnf_trkb_mapk	BDNF/TrkB/MAPK	differentiation_stop	historical BDNF/TrkB plus MAPK maturation pathway	dentate_candidate	broad_neuronal_structural_warning,other_or_ambiguous	0.6666666666666666	0.6666666666666666	0.0	7.0	7.0	2
selected_feature_matrix	GSE268609	human_dentate_hippocampus	dentate	7	selected_gene_bridge	selected_bridge_candidate_genes	bmp_smad	BMP/SMAD	differentiation_stop	BMP-associated differentiation and neurogenic brake signaling	dentate_candidate	broad_neuronal_structural_warning,other_or_ambiguous	0.6666666666666666	0.6666666666666666	0.0	3.0	3.0	2
selected_feature_matrix	GSE268609	human_dentate_hippocampus	dentate	7	selected_gene_bridge	selected_bridge_candidate_genes	fgf_mapk	FGF/MAPK	neurogenic_permissive	neurogenic niche maintenance and MAPK-linked growth signaling	dentate_candidate	broad_neuronal_structural_warning,other_or_ambiguous	0.6666666666666666	0.6666666666666666	0.0	3.0	3.0	2
selected_feature_matrix	GSE268609	human_dentate_hippocampus	dentate	7	selected_gene_bridge	selected_bridge_candidate_genes	notch_hes	Notch/HES	neurogenic_permissive	persistent neurogenic progenitor-state and differentiation timing control	dentate_candidate	broad_neuronal_structural_warning,other_or_ambiguous	0.6666666666666666	0.6666666666666666	0.0	1.0	1.0	2
selected_feature_matrix	GSE268609	human_dentate_hippocampus	dentate	7	selected_gene_bridge	selected_bridge_candidate_genes	reelin_migration_stop	Reelin/migration-stop	differentiation_stop	lamination, migration-stop, and maturation positioning cues	dentate_candidate	broad_neuronal_structural_warning,other_or_ambiguous	0.6666666666666666	0.6666666666666666	0.0	3.0	3.0	2
selected_feature_matrix	GSE268609	human_dentate_hippocampus	dentate	7	selected_gene_bridge	selected_bridge_candidate_genes	semaphorin_guidance	Semaphorin/plexin guidance	differentiation_stop	axon guidance, pruning, fasciculation, and local circuit architecture	dentate_candidate	broad_neuronal_structural_warning,other_or_ambiguous	1.0	0.5	0.5	9.0	9.0	2
selected_feature_matrix	GSE268609	human_dentate_hippocampus	dentate	7	selected_gene_bridge	selected_bridge_candidate_genes	shh_granule_expansion	SHH/PTCH/GLI	progenitor_expansion_or_regional_fate	cerebellar granule precursor expansion and regional fate context	dentate_candidate	broad_neuronal_structural_warning,other_or_ambiguous	0.6666666666666666	0.6666666666666666	0.0	1.0	1.0	2
selected_feature_matrix	GSE268609	human_dentate_hippocampus	dentate	7	selected_gene_bridge	selected_bridge_candidate_genes	tgf_beta_smad	TGF-beta/SMAD	differentiation_stop	historical TGF-beta2-associated differentiation/stop signaling	dentate_candidate	broad_neuronal_structural_warning,other_or_ambiguous	1.0	0.5	0.5	1.0	1.0	2
selected_feature_matrix	GSE268609	human_dentate_hippocampus	dentate	7	selected_gene_bridge	selected_bridge_candidate_genes	wnt_beta_catenin	WNT/beta-catenin	neurogenic_permissive	dentate neurogenic permissive and granule fate signaling	dentate_candidate	broad_neuronal_structural_warning,other_or_ambiguous	1.0	0.5	0.5	1.0	1.0	2
selected_feature_matrix	GSE268609	human_dentate_hippocampus	dentate	8	selected_gene_bridge	selected_bridge_candidate_genes	bdnf_trkb_mapk	BDNF/TrkB/MAPK	differentiation_stop	historical BDNF/TrkB plus MAPK maturation pathway	dentate_candidate	broad_neuronal_structural_warning,other_or_ambiguous	0.6666666666666666	0.6666666666666666	0.0	7.0	7.0	2
selected_feature_matrix	GSE268609	human_dentate_hippocampus	dentate	8	selected_gene_bridge	selected_bridge_candidate_genes	bmp_smad	BMP/SMAD	differentiation_stop	BMP-associated differentiation and neurogenic brake signaling	dentate_candidate	broad_neuronal_structural_warning,other_or_ambiguous	0.6666666666666666	0.6666666666666666	0.0	3.0	3.0	2
selected_feature_matrix	GSE268609	human_dentate_hippocampus	dentate	8	selected_gene_bridge	selected_bridge_candidate_genes	fgf_mapk	FGF/MAPK	neurogenic_permissive	neurogenic niche maintenance and MAPK-linked growth signaling	dentate_candidate	broad_neuronal_structural_warning,other_or_ambiguous	0.6666666666666666	0.6666666666666666	0.0	3.0	3.0	2
selected_feature_matrix	GSE268609	human_dentate_hippocampus	dentate	8	selected_gene_bridge	selected_bridge_candidate_genes	notch_hes	Notch/HES	neurogenic_permissive	persistent neurogenic progenitor-state and differentiation timing control	dentate_candidate	broad_neuronal_structural_warning,other_or_ambiguous	0.6666666666666666	0.6666666666666666	0.0	1.0	1.0	2
selected_feature_matrix	GSE268609	human_dentate_hippocampus	dentate	8	selected_gene_bridge	selected_bridge_candidate_genes	reelin_migration_stop	Reelin/migration-stop	differentiation_stop	lamination, migration-stop, and maturation positioning cues	dentate_candidate	broad_neuronal_structural_warning,other_or_ambiguous	0.6666666666666666	0.6666666666666666	0.0	3.0	3.0	2
selected_feature_matrix	GSE268609	human_dentate_hippocampus	dentate	8	selected_gene_bridge	selected_bridge_candidate_genes	semaphorin_guidance	Semaphorin/plexin guidance	differentiation_stop	axon guidance, pruning, fasciculation, and local circuit architecture	dentate_candidate	broad_neuronal_structural_warning,other_or_ambiguous	1.0	0.5	0.5	9.0	9.0	2
selected_feature_matrix	GSE268609	human_dentate_hippocampus	dentate	8	selected_gene_bridge	selected_bridge_candidate_genes	shh_granule_expansion	SHH/PTCH/GLI	progenitor_expansion_or_regional_fate	cerebellar granule precursor expansion and regional fate context	dentate_candidate	broad_neuronal_structural_warning,other_or_ambiguous	0.6666666666666666	0.6666666666666666	0.0	1.0	1.0	2
selected_feature_matrix	GSE268609	human_dentate_hippocampus	dentate	8	selected_gene_bridge	selected_bridge_candidate_genes	tgf_beta_smad	TGF-beta/SMAD	differentiation_stop	historical TGF-beta2-associated differentiation/stop signaling	dentate_candidate	broad_neuronal_structural_warning,other_or_ambiguous	1.0	0.5	0.5	1.0	1.0	2
selected_feature_matrix	GSE268609	human_dentate_hippocampus	dentate	8	selected_gene_bridge	selected_bridge_candidate_genes	wnt_beta_catenin	WNT/beta-catenin	neurogenic_permissive	dentate neurogenic permissive and granule fate signaling	dentate_candidate	broad_neuronal_structural_warning,other_or_ambiguous	0.6666666666666666	0.6666666666666666	0.0	1.0	1.0	2
selected_feature_matrix	GSE268609	human_dentate_hippocampus	dentate	9	selected_gene_bridge	selected_bridge_candidate_genes	bdnf_trkb_mapk	BDNF/TrkB/MAPK	differentiation_stop	historical BDNF/TrkB plus MAPK maturation pathway	dentate_candidate	broad_neuronal_structural_warning,other_or_ambiguous	0.6666666666666666	0.6666666666666666	0.0	7.0	7.0	2
selected_feature_matrix	GSE268609	human_dentate_hippocampus	dentate	9	selected_gene_bridge	selected_bridge_candidate_genes	bmp_smad	BMP/SMAD	differentiation_stop	BMP-associated differentiation and neurogenic brake signaling	dentate_candidate	broad_neuronal_structural_warning,other_or_ambiguous	1.0	0.5	0.5	3.0	3.0	2
selected_feature_matrix	GSE268609	human_dentate_hippocampus	dentate	9	selected_gene_bridge	selected_bridge_candidate_genes	fgf_mapk	FGF/MAPK	neurogenic_permissive	neurogenic niche maintenance and MAPK-linked growth signaling	dentate_candidate	broad_neuronal_structural_warning,other_or_ambiguous	0.6666666666666666	0.6666666666666666	0.0	3.0	3.0	2
selected_feature_matrix	GSE268609	human_dentate_hippocampus	dentate	9	selected_gene_bridge	selected_bridge_candidate_genes	notch_hes	Notch/HES	neurogenic_permissive	persistent neurogenic progenitor-state and differentiation timing control	dentate_candidate	broad_neuronal_structural_warning,other_or_ambiguous	0.6666666666666666	0.6666666666666666	0.0	1.0	1.0	2
selected_feature_matrix	GSE268609	human_dentate_hippocampus	dentate	9	selected_gene_bridge	selected_bridge_candidate_genes	reelin_migration_stop	Reelin/migration-stop	differentiation_stop	lamination, migration-stop, and maturation positioning cues	dentate_candidate	broad_neuronal_structural_warning,other_or_ambiguous	0.6666666666666666	0.6666666666666666	0.0	3.0	3.0	2
selected_feature_matrix	GSE268609	human_dentate_hippocampus	dentate	9	selected_gene_bridge	selected_bridge_candidate_genes	semaphorin_guidance	Semaphorin/plexin guidance	differentiation_stop	axon guidance, pruning, fasciculation, and local circuit architecture	dentate_candidate	broad_neuronal_structural_warning,other_or_ambiguous	1.0	0.5	0.5	9.0	9.0	2
selected_feature_matrix	GSE268609	human_dentate_hippocampus	dentate	9	selected_gene_bridge	selected_bridge_candidate_genes	shh_granule_expansion	SHH/PTCH/GLI	progenitor_expansion_or_regional_fate	cerebellar granule precursor expansion and regional fate context	dentate_candidate	broad_neuronal_structural_warning,other_or_ambiguous	0.6666666666666666	0.6666666666666666	0.0	1.0	1.0	2
selected_feature_matrix	GSE268609	human_dentate_hippocampus	dentate	9	selected_gene_bridge	selected_bridge_candidate_genes	tgf_beta_smad	TGF-beta/SMAD	differentiation_stop	historical TGF-beta2-associated differentiation/stop signaling	dentate_candidate	broad_neuronal_structural_warning,other_or_ambiguous	1.0	0.5	0.5	1.0	1.0	2
selected_feature_matrix	GSE268609	human_dentate_hippocampus	dentate	9	selected_gene_bridge	selected_bridge_candidate_genes	wnt_beta_catenin	WNT/beta-catenin	neurogenic_permissive	dentate neurogenic permissive and granule fate signaling	dentate_candidate	broad_neuronal_structural_warning,other_or_ambiguous	1.0	0.5	0.5	1.0	1.0	2
selected_feature_matrix	GSE268609	human_dentate_hippocampus	dentate	10	selected_gene_bridge	selected_bridge_candidate_genes	bdnf_trkb_mapk	BDNF/TrkB/MAPK	differentiation_stop	historical BDNF/TrkB plus MAPK maturation pathway	dentate_candidate	broad_neuronal_structural_warning,other_or_ambiguous	0.6666666666666666	0.6666666666666666	0.0	7.0	7.0	2
selected_feature_matrix	GSE268609	human_dentate_hippocampus	dentate	10	selected_gene_bridge	selected_bridge_candidate_genes	bmp_smad	BMP/SMAD	differentiation_stop	BMP-associated differentiation and neurogenic brake signaling	dentate_candidate	broad_neuronal_structural_warning,other_or_ambiguous	0.6666666666666666	0.6666666666666666	0.0	3.0	3.0	2
selected_feature_matrix	GSE268609	human_dentate_hippocampus	dentate	10	selected_gene_bridge	selected_bridge_candidate_genes	fgf_mapk	FGF/MAPK	neurogenic_permissive	neurogenic niche maintenance and MAPK-linked growth signaling	dentate_candidate	broad_neuronal_structural_warning,other_or_ambiguous	0.6666666666666666	0.6666666666666666	0.0	3.0	3.0	2
selected_feature_matrix	GSE268609	human_dentate_hippocampus	dentate	10	selected_gene_bridge	selected_bridge_candidate_genes	notch_hes	Notch/HES	neurogenic_permissive	persistent neurogenic progenitor-state and differentiation timing control	dentate_candidate	broad_neuronal_structural_warning,other_or_ambiguous	0.3333333333333333	0.8333333333333333	-0.49999999999999994	1.0	1.0	2
selected_feature_matrix	GSE268609	human_dentate_hippocampus	dentate	10	selected_gene_bridge	selected_bridge_candidate_genes	reelin_migration_stop	Reelin/migration-stop	differentiation_stop	lamination, migration-stop, and maturation positioning cues	dentate_candidate	broad_neuronal_structural_warning,other_or_ambiguous	0.6666666666666666	0.6666666666666666	0.0	3.0	3.0	2
selected_feature_matrix	GSE268609	human_dentate_hippocampus	dentate	10	selected_gene_bridge	selected_bridge_candidate_genes	semaphorin_guidance	Semaphorin/plexin guidance	differentiation_stop	axon guidance, pruning, fasciculation, and local circuit architecture	dentate_candidate	broad_neuronal_structural_warning,other_or_ambiguous	1.0	0.5	0.5	9.0	9.0	2
selected_feature_matrix	GSE268609	human_dentate_hippocampus	dentate	10	selected_gene_bridge	selected_bridge_candidate_genes	shh_granule_expansion	SHH/PTCH/GLI	progenitor_expansion_or_regional_fate	cerebellar granule precursor expansion and regional fate context	dentate_candidate	broad_neuronal_structural_warning,other_or_ambiguous	0.6666666666666666	0.6666666666666666	0.0	1.0	1.0	2
selected_feature_matrix	GSE268609	human_dentate_hippocampus	dentate	10	selected_gene_bridge	selected_bridge_candidate_genes	tgf_beta_smad	TGF-beta/SMAD	differentiation_stop	historical TGF-beta2-associated differentiation/stop signaling	dentate_candidate	broad_neuronal_structural_warning,other_or_ambiguous	1.0	0.5	0.5	1.0	1.0	2
selected_feature_matrix	GSE268609	human_dentate_hippocampus	dentate	10	selected_gene_bridge	selected_bridge_candidate_genes	wnt_beta_catenin	WNT/beta-catenin	neurogenic_permissive	dentate neurogenic permissive and granule fate signaling	dentate_candidate	broad_neuronal_structural_warning,other_or_ambiguous	0.6666666666666666	0.6666666666666666	0.0	1.0	1.0	2
selected_feature_matrix	GSE268609	human_dentate_hippocampus	dentate	11	selected_gene_bridge	selected_bridge_candidate_genes	bdnf_trkb_mapk	BDNF/TrkB/MAPK	differentiation_stop	historical BDNF/TrkB plus MAPK maturation pathway	dentate_candidate	broad_neuronal_structural_warning,other_or_ambiguous	0.6666666666666666	0.6666666666666666	0.0	7.0	7.0	2
selected_feature_matrix	GSE268609	human_dentate_hippocampus	dentate	11	selected_gene_bridge	selected_bridge_candidate_genes	bmp_smad	BMP/SMAD	differentiation_stop	BMP-associated differentiation and neurogenic brake signaling	dentate_candidate	broad_neuronal_structural_warning,other_or_ambiguous	1.0	0.5	0.5	3.0	3.0	2
selected_feature_matrix	GSE268609	human_dentate_hippocampus	dentate	11	selected_gene_bridge	selected_bridge_candidate_genes	fgf_mapk	FGF/MAPK	neurogenic_permissive	neurogenic niche maintenance and MAPK-linked growth signaling	dentate_candidate	broad_neuronal_structural_warning,other_or_ambiguous	0.6666666666666666	0.6666666666666666	0.0	3.0	3.0	2
selected_feature_matrix	GSE268609	human_dentate_hippocampus	dentate	11	selected_gene_bridge	selected_bridge_candidate_genes	notch_hes	Notch/HES	neurogenic_permissive	persistent neurogenic progenitor-state and differentiation timing control	dentate_candidate	broad_neuronal_structural_warning,other_or_ambiguous	0.6666666666666666	0.6666666666666666	0.0	1.0	1.0	2
selected_feature_matrix	GSE268609	human_dentate_hippocampus	dentate	11	selected_gene_bridge	selected_bridge_candidate_genes	reelin_migration_stop	Reelin/migration-stop	differentiation_stop	lamination, migration-stop, and maturation positioning cues	dentate_candidate	broad_neuronal_structural_warning,other_or_ambiguous	0.6666666666666666	0.6666666666666666	0.0	3.0	3.0	2
selected_feature_matrix	GSE268609	human_dentate_hippocampus	dentate	11	selected_gene_bridge	selected_bridge_candidate_genes	semaphorin_guidance	Semaphorin/plexin guidance	differentiation_stop	axon guidance, pruning, fasciculation, and local circuit architecture	dentate_candidate	broad_neuronal_structural_warning,other_or_ambiguous	1.0	0.5	0.5	9.0	9.0	2
selected_feature_matrix	GSE268609	human_dentate_hippocampus	dentate	11	selected_gene_bridge	selected_bridge_candidate_genes	shh_granule_expansion	SHH/PTCH/GLI	progenitor_expansion_or_regional_fate	cerebellar granule precursor expansion and regional fate context	dentate_candidate	broad_neuronal_structural_warning,other_or_ambiguous	0.6666666666666666	0.6666666666666666	0.0	1.0	1.0	2
selected_feature_matrix	GSE268609	human_dentate_hippocampus	dentate	11	selected_gene_bridge	selected_bridge_candidate_genes	tgf_beta_smad	TGF-beta/SMAD	differentiation_stop	historical TGF-beta2-associated differentiation/stop signaling	dentate_candidate	broad_neuronal_structural_warning,other_or_ambiguous	1.0	0.5	0.5	1.0	1.0	2
selected_feature_matrix	GSE268609	human_dentate_hippocampus	dentate	11	selected_gene_bridge	selected_bridge_candidate_genes	wnt_beta_catenin	WNT/beta-catenin	neurogenic_permissive	dentate neurogenic permissive and granule fate signaling	dentate_candidate	broad_neuronal_structural_warning,other_or_ambiguous	1.0	0.5	0.5	1.0	1.0	2
selected_feature_matrix	GSE268609	human_dentate_hippocampus	dentate	12	selected_gene_bridge	selected_bridge_candidate_genes	bdnf_trkb_mapk	BDNF/TrkB/MAPK	differentiation_stop	historical BDNF/TrkB plus MAPK maturation pathway	dentate_candidate	broad_neuronal_structural_warning,other_or_ambiguous	1.0	0.5	0.5	7.0	7.0	2
selected_feature_matrix	GSE268609	human_dentate_hippocampus	dentate	12	selected_gene_bridge	selected_bridge_candidate_genes	bmp_smad	BMP/SMAD	differentiation_stop	BMP-associated differentiation and neurogenic brake signaling	dentate_candidate	broad_neuronal_structural_warning,other_or_ambiguous	1.0	0.5	0.5	3.0	3.0	2
selected_feature_matrix	GSE268609	human_dentate_hippocampus	dentate	12	selected_gene_bridge	selected_bridge_candidate_genes	fgf_mapk	FGF/MAPK	neurogenic_permissive	neurogenic niche maintenance and MAPK-linked growth signaling	dentate_candidate	broad_neuronal_structural_warning,other_or_ambiguous	1.0	0.5	0.5	3.0	3.0	2
selected_feature_matrix	GSE268609	human_dentate_hippocampus	dentate	12	selected_gene_bridge	selected_bridge_candidate_genes	notch_hes	Notch/HES	neurogenic_permissive	persistent neurogenic progenitor-state and differentiation timing control	dentate_candidate	broad_neuronal_structural_warning,other_or_ambiguous	1.0	0.5	0.5	1.0	1.0	2
selected_feature_matrix	GSE268609	human_dentate_hippocampus	dentate	12	selected_gene_bridge	selected_bridge_candidate_genes	reelin_migration_stop	Reelin/migration-stop	differentiation_stop	lamination, migration-stop, and maturation positioning cues	dentate_candidate	broad_neuronal_structural_warning,other_or_ambiguous	0.6666666666666666	0.6666666666666666	0.0	3.0	3.0	2
selected_feature_matrix	GSE268609	human_dentate_hippocampus	dentate	12	selected_gene_bridge	selected_bridge_candidate_genes	semaphorin_guidance	Semaphorin/plexin guidance	differentiation_stop	axon guidance, pruning, fasciculation, and local circuit architecture	dentate_candidate	broad_neuronal_structural_warning,other_or_ambiguous	1.0	0.5	0.5	9.0	9.0	2
selected_feature_matrix	GSE268609	human_dentate_hippocampus	dentate	12	selected_gene_bridge	selected_bridge_candidate_genes	shh_granule_expansion	SHH/PTCH/GLI	progenitor_expansion_or_regional_fate	cerebellar granule precursor expansion and regional fate context	dentate_candidate	broad_neuronal_structural_warning,other_or_ambiguous	0.6666666666666666	0.6666666666666666	0.0	1.0	1.0	2
selected_feature_matrix	GSE268609	human_dentate_hippocampus	dentate	12	selected_gene_bridge	selected_bridge_candidate_genes	tgf_beta_smad	TGF-beta/SMAD	differentiation_stop	historical TGF-beta2-associated differentiation/stop signaling	dentate_candidate	broad_neuronal_structural_warning,other_or_ambiguous	1.0	0.5	0.5	1.0	1.0	2
selected_feature_matrix	GSE268609	human_dentate_hippocampus	dentate	12	selected_gene_bridge	selected_bridge_candidate_genes	wnt_beta_catenin	WNT/beta-catenin	neurogenic_permissive	dentate neurogenic permissive and granule fate signaling	dentate_candidate	broad_neuronal_structural_warning,other_or_ambiguous	1.0	0.5	0.5	1.0	1.0	2
selected_feature_matrix	GSE268609	human_dentate_hippocampus	dentate	13	selected_gene_bridge	selected_bridge_candidate_genes	bdnf_trkb_mapk	BDNF/TrkB/MAPK	differentiation_stop	historical BDNF/TrkB plus MAPK maturation pathway	dentate_candidate	broad_neuronal_structural_warning,other_or_ambiguous	1.0	0.5	0.5	7.0	7.0	2
selected_feature_matrix	GSE268609	human_dentate_hippocampus	dentate	13	selected_gene_bridge	selected_bridge_candidate_genes	bmp_smad	BMP/SMAD	differentiation_stop	BMP-associated differentiation and neurogenic brake signaling	dentate_candidate	broad_neuronal_structural_warning,other_or_ambiguous	1.0	0.5	0.5	3.0	3.0	2
selected_feature_matrix	GSE268609	human_dentate_hippocampus	dentate	13	selected_gene_bridge	selected_bridge_candidate_genes	fgf_mapk	FGF/MAPK	neurogenic_permissive	neurogenic niche maintenance and MAPK-linked growth signaling	dentate_candidate	broad_neuronal_structural_warning,other_or_ambiguous	1.0	0.5	0.5	3.0	3.0	2
selected_feature_matrix	GSE268609	human_dentate_hippocampus	dentate	13	selected_gene_bridge	selected_bridge_candidate_genes	notch_hes	Notch/HES	neurogenic_permissive	persistent neurogenic progenitor-state and differentiation timing control	dentate_candidate	broad_neuronal_structural_warning,other_or_ambiguous	0.6666666666666666	0.6666666666666666	0.0	1.0	1.0	2
selected_feature_matrix	GSE268609	human_dentate_hippocampus	dentate	13	selected_gene_bridge	selected_bridge_candidate_genes	reelin_migration_stop	Reelin/migration-stop	differentiation_stop	lamination, migration-stop, and maturation positioning cues	dentate_candidate	broad_neuronal_structural_warning,other_or_ambiguous	1.0	0.5	0.5	3.0	3.0	2
selected_feature_matrix	GSE268609	human_dentate_hippocampus	dentate	13	selected_gene_bridge	selected_bridge_candidate_genes	semaphorin_guidance	Semaphorin/plexin guidance	differentiation_stop	axon guidance, pruning, fasciculation, and local circuit architecture	dentate_candidate	broad_neuronal_structural_warning,other_or_ambiguous	1.0	0.5	0.5	9.0	9.0	2
selected_feature_matrix	GSE268609	human_dentate_hippocampus	dentate	13	selected_gene_bridge	selected_bridge_candidate_genes	shh_granule_expansion	SHH/PTCH/GLI	progenitor_expansion_or_regional_fate	cerebellar granule precursor expansion and regional fate context	dentate_candidate	broad_neuronal_structural_warning,other_or_ambiguous	0.6666666666666666	0.6666666666666666	0.0	1.0	1.0	2
selected_feature_matrix	GSE268609	human_dentate_hippocampus	dentate	13	selected_gene_bridge	selected_bridge_candidate_genes	tgf_beta_smad	TGF-beta/SMAD	differentiation_stop	historical TGF-beta2-associated differentiation/stop signaling	dentate_candidate	broad_neuronal_structural_warning,other_or_ambiguous	1.0	0.5	0.5	1.0	1.0	2
selected_feature_matrix	GSE268609	human_dentate_hippocampus	dentate	13	selected_gene_bridge	selected_bridge_candidate_genes	wnt_beta_catenin	WNT/beta-catenin	neurogenic_permissive	dentate neurogenic permissive and granule fate signaling	dentate_candidate	broad_neuronal_structural_warning,other_or_ambiguous	1.0	0.5	0.5	1.0	1.0	2
selected_feature_matrix	GSE268609	human_dentate_hippocampus	dentate	14	selected_gene_bridge	selected_bridge_candidate_genes	bdnf_trkb_mapk	BDNF/TrkB/MAPK	differentiation_stop	historical BDNF/TrkB plus MAPK maturation pathway	dentate_candidate	broad_neuronal_structural_warning,other_or_ambiguous	1.0	0.5	0.5	7.0	7.0	2
selected_feature_matrix	GSE268609	human_dentate_hippocampus	dentate	14	selected_gene_bridge	selected_bridge_candidate_genes	bmp_smad	BMP/SMAD	differentiation_stop	BMP-associated differentiation and neurogenic brake signaling	dentate_candidate	broad_neuronal_structural_warning,other_or_ambiguous	1.0	0.5	0.5	3.0	3.0	2
selected_feature_matrix	GSE268609	human_dentate_hippocampus	dentate	14	selected_gene_bridge	selected_bridge_candidate_genes	fgf_mapk	FGF/MAPK	neurogenic_permissive	neurogenic niche maintenance and MAPK-linked growth signaling	dentate_candidate	broad_neuronal_structural_warning,other_or_ambiguous	1.0	0.5	0.5	3.0	3.0	2
selected_feature_matrix	GSE268609	human_dentate_hippocampus	dentate	14	selected_gene_bridge	selected_bridge_candidate_genes	notch_hes	Notch/HES	neurogenic_permissive	persistent neurogenic progenitor-state and differentiation timing control	dentate_candidate	broad_neuronal_structural_warning,other_or_ambiguous	1.0	0.5	0.5	1.0	1.0	2
selected_feature_matrix	GSE268609	human_dentate_hippocampus	dentate	14	selected_gene_bridge	selected_bridge_candidate_genes	reelin_migration_stop	Reelin/migration-stop	differentiation_stop	lamination, migration-stop, and maturation positioning cues	dentate_candidate	broad_neuronal_structural_warning,other_or_ambiguous	1.0	0.5	0.5	3.0	3.0	2
selected_feature_matrix	GSE268609	human_dentate_hippocampus	dentate	14	selected_gene_bridge	selected_bridge_candidate_genes	semaphorin_guidance	Semaphorin/plexin guidance	differentiation_stop	axon guidance, pruning, fasciculation, and local circuit architecture	dentate_candidate	broad_neuronal_structural_warning,other_or_ambiguous	1.0	0.5	0.5	9.0	9.0	2
selected_feature_matrix	GSE268609	human_dentate_hippocampus	dentate	14	selected_gene_bridge	selected_bridge_candidate_genes	shh_granule_expansion	SHH/PTCH/GLI	progenitor_expansion_or_regional_fate	cerebellar granule precursor expansion and regional fate context	dentate_candidate	broad_neuronal_structural_warning,other_or_ambiguous	0.6666666666666666	0.6666666666666666	0.0	1.0	1.0	2
selected_feature_matrix	GSE268609	human_dentate_hippocampus	dentate	14	selected_gene_bridge	selected_bridge_candidate_genes	tgf_beta_smad	TGF-beta/SMAD	differentiation_stop	historical TGF-beta2-associated differentiation/stop signaling	dentate_candidate	broad_neuronal_structural_warning,other_or_ambiguous	1.0	0.5	0.5	1.0	1.0	2
selected_feature_matrix	GSE268609	human_dentate_hippocampus	dentate	14	selected_gene_bridge	selected_bridge_candidate_genes	wnt_beta_catenin	WNT/beta-catenin	neurogenic_permissive	dentate neurogenic permissive and granule fate signaling	dentate_candidate	broad_neuronal_structural_warning,other_or_ambiguous	1.0	0.5	0.5	1.0	1.0	2
selected_feature_matrix	GSE268609	human_dentate_hippocampus	dentate	15	selected_gene_bridge	selected_bridge_candidate_genes	bdnf_trkb_mapk	BDNF/TrkB/MAPK	differentiation_stop	historical BDNF/TrkB plus MAPK maturation pathway	dentate_candidate	broad_neuronal_structural_warning,other_or_ambiguous	1.0	0.5	0.5	7.0	7.0	2
selected_feature_matrix	GSE268609	human_dentate_hippocampus	dentate	15	selected_gene_bridge	selected_bridge_candidate_genes	bmp_smad	BMP/SMAD	differentiation_stop	BMP-associated differentiation and neurogenic brake signaling	dentate_candidate	broad_neuronal_structural_warning,other_or_ambiguous	1.0	0.5	0.5	3.0	3.0	2
selected_feature_matrix	GSE268609	human_dentate_hippocampus	dentate	15	selected_gene_bridge	selected_bridge_candidate_genes	fgf_mapk	FGF/MAPK	neurogenic_permissive	neurogenic niche maintenance and MAPK-linked growth signaling	dentate_candidate	broad_neuronal_structural_warning,other_or_ambiguous	1.0	0.5	0.5	3.0	3.0	2
selected_feature_matrix	GSE268609	human_dentate_hippocampus	dentate	15	selected_gene_bridge	selected_bridge_candidate_genes	notch_hes	Notch/HES	neurogenic_permissive	persistent neurogenic progenitor-state and differentiation timing control	dentate_candidate	broad_neuronal_structural_warning,other_or_ambiguous	1.0	0.5	0.5	1.0	1.0	2
selected_feature_matrix	GSE268609	human_dentate_hippocampus	dentate	15	selected_gene_bridge	selected_bridge_candidate_genes	reelin_migration_stop	Reelin/migration-stop	differentiation_stop	lamination, migration-stop, and maturation positioning cues	dentate_candidate	broad_neuronal_structural_warning,other_or_ambiguous	1.0	0.5	0.5	3.0	3.0	2
selected_feature_matrix	GSE268609	human_dentate_hippocampus	dentate	15	selected_gene_bridge	selected_bridge_candidate_genes	semaphorin_guidance	Semaphorin/plexin guidance	differentiation_stop	axon guidance, pruning, fasciculation, and local circuit architecture	dentate_candidate	broad_neuronal_structural_warning,other_or_ambiguous	1.0	0.5	0.5	9.0	9.0	2
selected_feature_matrix	GSE268609	human_dentate_hippocampus	dentate	15	selected_gene_bridge	selected_bridge_candidate_genes	shh_granule_expansion	SHH/PTCH/GLI	progenitor_expansion_or_regional_fate	cerebellar granule precursor expansion and regional fate context	dentate_candidate	broad_neuronal_structural_warning,other_or_ambiguous	0.6666666666666666	0.6666666666666666	0.0	1.0	1.0	2
selected_feature_matrix	GSE268609	human_dentate_hippocampus	dentate	15	selected_gene_bridge	selected_bridge_candidate_genes	tgf_beta_smad	TGF-beta/SMAD	differentiation_stop	historical TGF-beta2-associated differentiation/stop signaling	dentate_candidate	broad_neuronal_structural_warning,other_or_ambiguous	1.0	0.5	0.5	1.0	1.0	2
selected_feature_matrix	GSE268609	human_dentate_hippocampus	dentate	15	selected_gene_bridge	selected_bridge_candidate_genes	wnt_beta_catenin	WNT/beta-catenin	neurogenic_permissive	dentate neurogenic permissive and granule fate signaling	dentate_candidate	broad_neuronal_structural_warning,other_or_ambiguous	1.0	0.5	0.5	1.0	1.0	2
selected_feature_matrix	GSE268609	human_dentate_hippocampus	dentate	16	selected_gene_bridge	selected_bridge_candidate_genes	bdnf_trkb_mapk	BDNF/TrkB/MAPK	differentiation_stop	historical BDNF/TrkB plus MAPK maturation pathway	dentate_candidate	broad_neuronal_structural_warning,other_or_ambiguous	1.0	0.5	0.5	7.0	7.0	2
selected_feature_matrix	GSE268609	human_dentate_hippocampus	dentate	16	selected_gene_bridge	selected_bridge_candidate_genes	bmp_smad	BMP/SMAD	differentiation_stop	BMP-associated differentiation and neurogenic brake signaling	dentate_candidate	broad_neuronal_structural_warning,other_or_ambiguous	1.0	0.5	0.5	3.0	3.0	2
selected_feature_matrix	GSE268609	human_dentate_hippocampus	dentate	16	selected_gene_bridge	selected_bridge_candidate_genes	fgf_mapk	FGF/MAPK	neurogenic_permissive	neurogenic niche maintenance and MAPK-linked growth signaling	dentate_candidate	broad_neuronal_structural_warning,other_or_ambiguous	1.0	0.5	0.5	3.0	3.0	2
selected_feature_matrix	GSE268609	human_dentate_hippocampus	dentate	16	selected_gene_bridge	selected_bridge_candidate_genes	notch_hes	Notch/HES	neurogenic_permissive	persistent neurogenic progenitor-state and differentiation timing control	dentate_candidate	broad_neuronal_structural_warning,other_or_ambiguous	1.0	0.5	0.5	1.0	1.0	2
selected_feature_matrix	GSE268609	human_dentate_hippocampus	dentate	16	selected_gene_bridge	selected_bridge_candidate_genes	reelin_migration_stop	Reelin/migration-stop	differentiation_stop	lamination, migration-stop, and maturation positioning cues	dentate_candidate	broad_neuronal_structural_warning,other_or_ambiguous	1.0	0.5	0.5	3.0	3.0	2
selected_feature_matrix	GSE268609	human_dentate_hippocampus	dentate	16	selected_gene_bridge	selected_bridge_candidate_genes	semaphorin_guidance	Semaphorin/plexin guidance	differentiation_stop	axon guidance, pruning, fasciculation, and local circuit architecture	dentate_candidate	broad_neuronal_structural_warning,other_or_ambiguous	1.0	0.5	0.5	9.0	9.0	2
selected_feature_matrix	GSE268609	human_dentate_hippocampus	dentate	16	selected_gene_bridge	selected_bridge_candidate_genes	shh_granule_expansion	SHH/PTCH/GLI	progenitor_expansion_or_regional_fate	cerebellar granule precursor expansion and regional fate context	dentate_candidate	broad_neuronal_structural_warning,other_or_ambiguous	0.6666666666666666	0.6666666666666666	0.0	1.0	1.0	2
selected_feature_matrix	GSE268609	human_dentate_hippocampus	dentate	16	selected_gene_bridge	selected_bridge_candidate_genes	tgf_beta_smad	TGF-beta/SMAD	differentiation_stop	historical TGF-beta2-associated differentiation/stop signaling	dentate_candidate	broad_neuronal_structural_warning,other_or_ambiguous	1.0	0.5	0.5	1.0	1.0	2
selected_feature_matrix	GSE268609	human_dentate_hippocampus	dentate	16	selected_gene_bridge	selected_bridge_candidate_genes	wnt_beta_catenin	WNT/beta-catenin	neurogenic_permissive	dentate neurogenic permissive and granule fate signaling	dentate_candidate	broad_neuronal_structural_warning,other_or_ambiguous	1.0	0.5	0.5	1.0	1.0	2
selected_feature_matrix	GSE268609	human_dentate_hippocampus	dentate	17	selected_gene_bridge	selected_bridge_candidate_genes	bdnf_trkb_mapk	BDNF/TrkB/MAPK	differentiation_stop	historical BDNF/TrkB plus MAPK maturation pathway	dentate_candidate	broad_neuronal_structural_warning,other_or_ambiguous	1.0	0.5	0.5	7.0	7.0	2
selected_feature_matrix	GSE268609	human_dentate_hippocampus	dentate	17	selected_gene_bridge	selected_bridge_candidate_genes	bmp_smad	BMP/SMAD	differentiation_stop	BMP-associated differentiation and neurogenic brake signaling	dentate_candidate	broad_neuronal_structural_warning,other_or_ambiguous	1.0	0.5	0.5	3.0	3.0	2
selected_feature_matrix	GSE268609	human_dentate_hippocampus	dentate	17	selected_gene_bridge	selected_bridge_candidate_genes	fgf_mapk	FGF/MAPK	neurogenic_permissive	neurogenic niche maintenance and MAPK-linked growth signaling	dentate_candidate	broad_neuronal_structural_warning,other_or_ambiguous	1.0	0.5	0.5	3.0	3.0	2
selected_feature_matrix	GSE268609	human_dentate_hippocampus	dentate	17	selected_gene_bridge	selected_bridge_candidate_genes	notch_hes	Notch/HES	neurogenic_permissive	persistent neurogenic progenitor-state and differentiation timing control	dentate_candidate	broad_neuronal_structural_warning,other_or_ambiguous	1.0	0.5	0.5	1.0	1.0	2
selected_feature_matrix	GSE268609	human_dentate_hippocampus	dentate	17	selected_gene_bridge	selected_bridge_candidate_genes	reelin_migration_stop	Reelin/migration-stop	differentiation_stop	lamination, migration-stop, and maturation positioning cues	dentate_candidate	broad_neuronal_structural_warning,other_or_ambiguous	1.0	0.5	0.5	3.0	3.0	2
selected_feature_matrix	GSE268609	human_dentate_hippocampus	dentate	17	selected_gene_bridge	selected_bridge_candidate_genes	semaphorin_guidance	Semaphorin/plexin guidance	differentiation_stop	axon guidance, pruning, fasciculation, and local circuit architecture	dentate_candidate	broad_neuronal_structural_warning,other_or_ambiguous	1.0	0.5	0.5	9.0	9.0	2
selected_feature_matrix	GSE268609	human_dentate_hippocampus	dentate	17	selected_gene_bridge	selected_bridge_candidate_genes	shh_granule_expansion	SHH/PTCH/GLI	progenitor_expansion_or_regional_fate	cerebellar granule precursor expansion and regional fate context	dentate_candidate	broad_neuronal_structural_warning,other_or_ambiguous	0.6666666666666666	0.6666666666666666	0.0	1.0	1.0	2
selected_feature_matrix	GSE268609	human_dentate_hippocampus	dentate	17	selected_gene_bridge	selected_bridge_candidate_genes	tgf_beta_smad	TGF-beta/SMAD	differentiation_stop	historical TGF-beta2-associated differentiation/stop signaling	dentate_candidate	broad_neuronal_structural_warning,other_or_ambiguous	1.0	0.5	0.5	1.0	1.0	2
selected_feature_matrix	GSE268609	human_dentate_hippocampus	dentate	17	selected_gene_bridge	selected_bridge_candidate_genes	wnt_beta_catenin	WNT/beta-catenin	neurogenic_permissive	dentate neurogenic permissive and granule fate signaling	dentate_candidate	broad_neuronal_structural_warning,other_or_ambiguous	1.0	0.5	0.5	1.0	1.0	2
selected_feature_matrix	GSE268609	human_dentate_hippocampus	dentate	18	selected_gene_bridge	selected_bridge_candidate_genes	bdnf_trkb_mapk	BDNF/TrkB/MAPK	differentiation_stop	historical BDNF/TrkB plus MAPK maturation pathway	dentate_candidate	broad_neuronal_structural_warning,other_or_ambiguous	0.6666666666666666	0.6666666666666666	0.0	7.0	7.0	2
selected_feature_matrix	GSE268609	human_dentate_hippocampus	dentate	18	selected_gene_bridge	selected_bridge_candidate_genes	bmp_smad	BMP/SMAD	differentiation_stop	BMP-associated differentiation and neurogenic brake signaling	dentate_candidate	broad_neuronal_structural_warning,other_or_ambiguous	1.0	0.5	0.5	3.0	3.0	2
selected_feature_matrix	GSE268609	human_dentate_hippocampus	dentate	18	selected_gene_bridge	selected_bridge_candidate_genes	fgf_mapk	FGF/MAPK	neurogenic_permissive	neurogenic niche maintenance and MAPK-linked growth signaling	dentate_candidate	broad_neuronal_structural_warning,other_or_ambiguous	1.0	0.5	0.5	3.0	3.0	2
selected_feature_matrix	GSE268609	human_dentate_hippocampus	dentate	18	selected_gene_bridge	selected_bridge_candidate_genes	notch_hes	Notch/HES	neurogenic_permissive	persistent neurogenic progenitor-state and differentiation timing control	dentate_candidate	broad_neuronal_structural_warning,other_or_ambiguous	0.6666666666666666	0.6666666666666666	0.0	1.0	1.0	2
selected_feature_matrix	GSE268609	human_dentate_hippocampus	dentate	18	selected_gene_bridge	selected_bridge_candidate_genes	reelin_migration_stop	Reelin/migration-stop	differentiation_stop	lamination, migration-stop, and maturation positioning cues	dentate_candidate	broad_neuronal_structural_warning,other_or_ambiguous	0.6666666666666666	0.6666666666666666	0.0	3.0	3.0	2
selected_feature_matrix	GSE268609	human_dentate_hippocampus	dentate	18	selected_gene_bridge	selected_bridge_candidate_genes	semaphorin_guidance	Semaphorin/plexin guidance	differentiation_stop	axon guidance, pruning, fasciculation, and local circuit architecture	dentate_candidate	broad_neuronal_structural_warning,other_or_ambiguous	1.0	0.5	0.5	9.0	9.0	2
selected_feature_matrix	GSE268609	human_dentate_hippocampus	dentate	18	selected_gene_bridge	selected_bridge_candidate_genes	shh_granule_expansion	SHH/PTCH/GLI	progenitor_expansion_or_regional_fate	cerebellar granule precursor expansion and regional fate context	dentate_candidate	broad_neuronal_structural_warning,other_or_ambiguous	0.6666666666666666	0.6666666666666666	0.0	1.0	1.0	2
selected_feature_matrix	GSE268609	human_dentate_hippocampus	dentate	18	selected_gene_bridge	selected_bridge_candidate_genes	tgf_beta_smad	TGF-beta/SMAD	differentiation_stop	historical TGF-beta2-associated differentiation/stop signaling	dentate_candidate	broad_neuronal_structural_warning,other_or_ambiguous	1.0	0.5	0.5	1.0	1.0	2
selected_feature_matrix	GSE268609	human_dentate_hippocampus	dentate	18	selected_gene_bridge	selected_bridge_candidate_genes	wnt_beta_catenin	WNT/beta-catenin	neurogenic_permissive	dentate neurogenic permissive and granule fate signaling	dentate_candidate	broad_neuronal_structural_warning,other_or_ambiguous	0.6666666666666666	0.6666666666666666	0.0	1.0	1.0	2
selected_feature_matrix	GSE268609	human_dentate_hippocampus	dentate	19	selected_gene_bridge	selected_bridge_candidate_genes	bdnf_trkb_mapk	BDNF/TrkB/MAPK	differentiation_stop	historical BDNF/TrkB plus MAPK maturation pathway	dentate_candidate	broad_neuronal_structural_warning,other_or_ambiguous	1.0	0.5	0.5	7.0	7.0	2
selected_feature_matrix	GSE268609	human_dentate_hippocampus	dentate	19	selected_gene_bridge	selected_bridge_candidate_genes	bmp_smad	BMP/SMAD	differentiation_stop	BMP-associated differentiation and neurogenic brake signaling	dentate_candidate	broad_neuronal_structural_warning,other_or_ambiguous	1.0	0.5	0.5	3.0	3.0	2
selected_feature_matrix	GSE268609	human_dentate_hippocampus	dentate	19	selected_gene_bridge	selected_bridge_candidate_genes	fgf_mapk	FGF/MAPK	neurogenic_permissive	neurogenic niche maintenance and MAPK-linked growth signaling	dentate_candidate	broad_neuronal_structural_warning,other_or_ambiguous	1.0	0.5	0.5	3.0	3.0	2
selected_feature_matrix	GSE268609	human_dentate_hippocampus	dentate	19	selected_gene_bridge	selected_bridge_candidate_genes	notch_hes	Notch/HES	neurogenic_permissive	persistent neurogenic progenitor-state and differentiation timing control	dentate_candidate	broad_neuronal_structural_warning,other_or_ambiguous	0.6666666666666666	0.6666666666666666	0.0	1.0	1.0	2
selected_feature_matrix	GSE268609	human_dentate_hippocampus	dentate	19	selected_gene_bridge	selected_bridge_candidate_genes	reelin_migration_stop	Reelin/migration-stop	differentiation_stop	lamination, migration-stop, and maturation positioning cues	dentate_candidate	broad_neuronal_structural_warning,other_or_ambiguous	0.6666666666666666	0.6666666666666666	0.0	3.0	3.0	2
selected_feature_matrix	GSE268609	human_dentate_hippocampus	dentate	19	selected_gene_bridge	selected_bridge_candidate_genes	semaphorin_guidance	Semaphorin/plexin guidance	differentiation_stop	axon guidance, pruning, fasciculation, and local circuit architecture	dentate_candidate	broad_neuronal_structural_warning,other_or_ambiguous	1.0	0.5	0.5	9.0	9.0	2
selected_feature_matrix	GSE268609	human_dentate_hippocampus	dentate	19	selected_gene_bridge	selected_bridge_candidate_genes	shh_granule_expansion	SHH/PTCH/GLI	progenitor_expansion_or_regional_fate	cerebellar granule precursor expansion and regional fate context	dentate_candidate	broad_neuronal_structural_warning,other_or_ambiguous	0.6666666666666666	0.6666666666666666	0.0	1.0	1.0	2
selected_feature_matrix	GSE268609	human_dentate_hippocampus	dentate	19	selected_gene_bridge	selected_bridge_candidate_genes	tgf_beta_smad	TGF-beta/SMAD	differentiation_stop	historical TGF-beta2-associated differentiation/stop signaling	dentate_candidate	broad_neuronal_structural_warning,other_or_ambiguous	1.0	0.5	0.5	1.0	1.0	2
selected_feature_matrix	GSE268609	human_dentate_hippocampus	dentate	19	selected_gene_bridge	selected_bridge_candidate_genes	wnt_beta_catenin	WNT/beta-catenin	neurogenic_permissive	dentate neurogenic permissive and granule fate signaling	dentate_candidate	broad_neuronal_structural_warning,other_or_ambiguous	1.0	0.5	0.5	1.0	1.0	2
selected_feature_matrix	GSE268609	human_dentate_hippocampus	dentate	20	selected_gene_bridge	selected_bridge_candidate_genes	bdnf_trkb_mapk	BDNF/TrkB/MAPK	differentiation_stop	historical BDNF/TrkB plus MAPK maturation pathway	dentate_candidate	broad_neuronal_structural_warning,other_or_ambiguous	1.0	0.5	0.5	7.0	7.0	2
selected_feature_matrix	GSE268609	human_dentate_hippocampus	dentate	20	selected_gene_bridge	selected_bridge_candidate_genes	bmp_smad	BMP/SMAD	differentiation_stop	BMP-associated differentiation and neurogenic brake signaling	dentate_candidate	broad_neuronal_structural_warning,other_or_ambiguous	1.0	0.5	0.5	3.0	3.0	2
selected_feature_matrix	GSE268609	human_dentate_hippocampus	dentate	20	selected_gene_bridge	selected_bridge_candidate_genes	fgf_mapk	FGF/MAPK	neurogenic_permissive	neurogenic niche maintenance and MAPK-linked growth signaling	dentate_candidate	broad_neuronal_structural_warning,other_or_ambiguous	1.0	0.5	0.5	3.0	3.0	2
selected_feature_matrix	GSE268609	human_dentate_hippocampus	dentate	20	selected_gene_bridge	selected_bridge_candidate_genes	notch_hes	Notch/HES	neurogenic_permissive	persistent neurogenic progenitor-state and differentiation timing control	dentate_candidate	broad_neuronal_structural_warning,other_or_ambiguous	1.0	0.5	0.5	1.0	1.0	2
selected_feature_matrix	GSE268609	human_dentate_hippocampus	dentate	20	selected_gene_bridge	selected_bridge_candidate_genes	reelin_migration_stop	Reelin/migration-stop	differentiation_stop	lamination, migration-stop, and maturation positioning cues	dentate_candidate	broad_neuronal_structural_warning,other_or_ambiguous	1.0	0.5	0.5	3.0	3.0	2
selected_feature_matrix	GSE268609	human_dentate_hippocampus	dentate	20	selected_gene_bridge	selected_bridge_candidate_genes	semaphorin_guidance	Semaphorin/plexin guidance	differentiation_stop	axon guidance, pruning, fasciculation, and local circuit architecture	dentate_candidate	broad_neuronal_structural_warning,other_or_ambiguous	1.0	0.5	0.5	9.0	9.0	2
selected_feature_matrix	GSE268609	human_dentate_hippocampus	dentate	20	selected_gene_bridge	selected_bridge_candidate_genes	shh_granule_expansion	SHH/PTCH/GLI	progenitor_expansion_or_regional_fate	cerebellar granule precursor expansion and regional fate context	dentate_candidate	broad_neuronal_structural_warning,other_or_ambiguous	0.6666666666666666	0.6666666666666666	0.0	1.0	1.0	2
selected_feature_matrix	GSE268609	human_dentate_hippocampus	dentate	20	selected_gene_bridge	selected_bridge_candidate_genes	tgf_beta_smad	TGF-beta/SMAD	differentiation_stop	historical TGF-beta2-associated differentiation/stop signaling	dentate_candidate	broad_neuronal_structural_warning,other_or_ambiguous	1.0	0.5	0.5	1.0	1.0	2
selected_feature_matrix	GSE268609	human_dentate_hippocampus	dentate	20	selected_gene_bridge	selected_bridge_candidate_genes	wnt_beta_catenin	WNT/beta-catenin	neurogenic_permissive	dentate neurogenic permissive and granule fate signaling	dentate_candidate	broad_neuronal_structural_warning,other_or_ambiguous	1.0	0.5	0.5	1.0	1.0	2
selected_feature_matrix	GSE268609	human_dentate_hippocampus	dentate	21	selected_gene_bridge	selected_bridge_candidate_genes	bdnf_trkb_mapk	BDNF/TrkB/MAPK	differentiation_stop	historical BDNF/TrkB plus MAPK maturation pathway	dentate_candidate	broad_neuronal_structural_warning,other_or_ambiguous	1.0	0.5	0.5	7.0	7.0	2
selected_feature_matrix	GSE268609	human_dentate_hippocampus	dentate	21	selected_gene_bridge	selected_bridge_candidate_genes	bmp_smad	BMP/SMAD	differentiation_stop	BMP-associated differentiation and neurogenic brake signaling	dentate_candidate	broad_neuronal_structural_warning,other_or_ambiguous	1.0	0.5	0.5	3.0	3.0	2
selected_feature_matrix	GSE268609	human_dentate_hippocampus	dentate	21	selected_gene_bridge	selected_bridge_candidate_genes	fgf_mapk	FGF/MAPK	neurogenic_permissive	neurogenic niche maintenance and MAPK-linked growth signaling	dentate_candidate	broad_neuronal_structural_warning,other_or_ambiguous	1.0	0.5	0.5	3.0	3.0	2
selected_feature_matrix	GSE268609	human_dentate_hippocampus	dentate	21	selected_gene_bridge	selected_bridge_candidate_genes	notch_hes	Notch/HES	neurogenic_permissive	persistent neurogenic progenitor-state and differentiation timing control	dentate_candidate	broad_neuronal_structural_warning,other_or_ambiguous	0.6666666666666666	0.6666666666666666	0.0	1.0	1.0	2
selected_feature_matrix	GSE268609	human_dentate_hippocampus	dentate	21	selected_gene_bridge	selected_bridge_candidate_genes	reelin_migration_stop	Reelin/migration-stop	differentiation_stop	lamination, migration-stop, and maturation positioning cues	dentate_candidate	broad_neuronal_structural_warning,other_or_ambiguous	0.6666666666666666	0.6666666666666666	0.0	3.0	3.0	2
selected_feature_matrix	GSE268609	human_dentate_hippocampus	dentate	21	selected_gene_bridge	selected_bridge_candidate_genes	semaphorin_guidance	Semaphorin/plexin guidance	differentiation_stop	axon guidance, pruning, fasciculation, and local circuit architecture	dentate_candidate	broad_neuronal_structural_warning,other_or_ambiguous	1.0	0.5	0.5	9.0	9.0	2
selected_feature_matrix	GSE268609	human_dentate_hippocampus	dentate	21	selected_gene_bridge	selected_bridge_candidate_genes	shh_granule_expansion	SHH/PTCH/GLI	progenitor_expansion_or_regional_fate	cerebellar granule precursor expansion and regional fate context	dentate_candidate	broad_neuronal_structural_warning,other_or_ambiguous	0.6666666666666666	0.6666666666666666	0.0	1.0	1.0	2
selected_feature_matrix	GSE268609	human_dentate_hippocampus	dentate	21	selected_gene_bridge	selected_bridge_candidate_genes	tgf_beta_smad	TGF-beta/SMAD	differentiation_stop	historical TGF-beta2-associated differentiation/stop signaling	dentate_candidate	broad_neuronal_structural_warning,other_or_ambiguous	1.0	0.5	0.5	1.0	1.0	2
selected_feature_matrix	GSE268609	human_dentate_hippocampus	dentate	21	selected_gene_bridge	selected_bridge_candidate_genes	wnt_beta_catenin	WNT/beta-catenin	neurogenic_permissive	dentate neurogenic permissive and granule fate signaling	dentate_candidate	broad_neuronal_structural_warning,other_or_ambiguous	1.0	0.5	0.5	1.0	1.0	2
selected_feature_matrix	GSE268609	human_dentate_hippocampus	dentate	22	selected_gene_bridge	selected_bridge_candidate_genes	bdnf_trkb_mapk	BDNF/TrkB/MAPK	differentiation_stop	historical BDNF/TrkB plus MAPK maturation pathway	dentate_candidate	broad_neuronal_structural_warning,other_or_ambiguous	1.0	0.5	0.5	7.0	7.0	2
selected_feature_matrix	GSE268609	human_dentate_hippocampus	dentate	22	selected_gene_bridge	selected_bridge_candidate_genes	bmp_smad	BMP/SMAD	differentiation_stop	BMP-associated differentiation and neurogenic brake signaling	dentate_candidate	broad_neuronal_structural_warning,other_or_ambiguous	1.0	0.5	0.5	3.0	3.0	2
selected_feature_matrix	GSE268609	human_dentate_hippocampus	dentate	22	selected_gene_bridge	selected_bridge_candidate_genes	fgf_mapk	FGF/MAPK	neurogenic_permissive	neurogenic niche maintenance and MAPK-linked growth signaling	dentate_candidate	broad_neuronal_structural_warning,other_or_ambiguous	1.0	0.5	0.5	3.0	3.0	2
selected_feature_matrix	GSE268609	human_dentate_hippocampus	dentate	22	selected_gene_bridge	selected_bridge_candidate_genes	notch_hes	Notch/HES	neurogenic_permissive	persistent neurogenic progenitor-state and differentiation timing control	dentate_candidate	broad_neuronal_structural_warning,other_or_ambiguous	1.0	0.5	0.5	1.0	1.0	2
selected_feature_matrix	GSE268609	human_dentate_hippocampus	dentate	22	selected_gene_bridge	selected_bridge_candidate_genes	reelin_migration_stop	Reelin/migration-stop	differentiation_stop	lamination, migration-stop, and maturation positioning cues	dentate_candidate	broad_neuronal_structural_warning,other_or_ambiguous	1.0	0.5	0.5	3.0	3.0	2
selected_feature_matrix	GSE268609	human_dentate_hippocampus	dentate	22	selected_gene_bridge	selected_bridge_candidate_genes	semaphorin_guidance	Semaphorin/plexin guidance	differentiation_stop	axon guidance, pruning, fasciculation, and local circuit architecture	dentate_candidate	broad_neuronal_structural_warning,other_or_ambiguous	1.0	0.5	0.5	9.0	9.0	2
selected_feature_matrix	GSE268609	human_dentate_hippocampus	dentate	22	selected_gene_bridge	selected_bridge_candidate_genes	shh_granule_expansion	SHH/PTCH/GLI	progenitor_expansion_or_regional_fate	cerebellar granule precursor expansion and regional fate context	dentate_candidate	broad_neuronal_structural_warning,other_or_ambiguous	0.6666666666666666	0.6666666666666666	0.0	1.0	1.0	2
selected_feature_matrix	GSE268609	human_dentate_hippocampus	dentate	22	selected_gene_bridge	selected_bridge_candidate_genes	tgf_beta_smad	TGF-beta/SMAD	differentiation_stop	historical TGF-beta2-associated differentiation/stop signaling	dentate_candidate	broad_neuronal_structural_warning,other_or_ambiguous	1.0	0.5	0.5	1.0	1.0	2
selected_feature_matrix	GSE268609	human_dentate_hippocampus	dentate	22	selected_gene_bridge	selected_bridge_candidate_genes	wnt_beta_catenin	WNT/beta-catenin	neurogenic_permissive	dentate neurogenic permissive and granule fate signaling	dentate_candidate	broad_neuronal_structural_warning,other_or_ambiguous	1.0	0.5	0.5	1.0	1.0	2
selected_feature_matrix	GSE268609	human_dentate_hippocampus	dentate	23	selected_gene_bridge	selected_bridge_candidate_genes	bdnf_trkb_mapk	BDNF/TrkB/MAPK	differentiation_stop	historical BDNF/TrkB plus MAPK maturation pathway	dentate_candidate	broad_neuronal_structural_warning,other_or_ambiguous	0.6666666666666666	0.6666666666666666	0.0	7.0	7.0	2
selected_feature_matrix	GSE268609	human_dentate_hippocampus	dentate	23	selected_gene_bridge	selected_bridge_candidate_genes	bmp_smad	BMP/SMAD	differentiation_stop	BMP-associated differentiation and neurogenic brake signaling	dentate_candidate	broad_neuronal_structural_warning,other_or_ambiguous	0.6666666666666666	0.6666666666666666	0.0	3.0	3.0	2
selected_feature_matrix	GSE268609	human_dentate_hippocampus	dentate	23	selected_gene_bridge	selected_bridge_candidate_genes	fgf_mapk	FGF/MAPK	neurogenic_permissive	neurogenic niche maintenance and MAPK-linked growth signaling	dentate_candidate	broad_neuronal_structural_warning,other_or_ambiguous	0.6666666666666666	0.6666666666666666	0.0	3.0	3.0	2
selected_feature_matrix	GSE268609	human_dentate_hippocampus	dentate	23	selected_gene_bridge	selected_bridge_candidate_genes	notch_hes	Notch/HES	neurogenic_permissive	persistent neurogenic progenitor-state and differentiation timing control	dentate_candidate	broad_neuronal_structural_warning,other_or_ambiguous	0.3333333333333333	0.8333333333333333	-0.49999999999999994	1.0	1.0	2
selected_feature_matrix	GSE268609	human_dentate_hippocampus	dentate	23	selected_gene_bridge	selected_bridge_candidate_genes	reelin_migration_stop	Reelin/migration-stop	differentiation_stop	lamination, migration-stop, and maturation positioning cues	dentate_candidate	broad_neuronal_structural_warning,other_or_ambiguous	0.6666666666666666	0.6666666666666666	0.0	3.0	3.0	2
selected_feature_matrix	GSE268609	human_dentate_hippocampus	dentate	23	selected_gene_bridge	selected_bridge_candidate_genes	semaphorin_guidance	Semaphorin/plexin guidance	differentiation_stop	axon guidance, pruning, fasciculation, and local circuit architecture	dentate_candidate	broad_neuronal_structural_warning,other_or_ambiguous	0.6666666666666666	0.6666666666666666	0.0	9.0	9.0	2
selected_feature_matrix	GSE268609	human_dentate_hippocampus	dentate	23	selected_gene_bridge	selected_bridge_candidate_genes	shh_granule_expansion	SHH/PTCH/GLI	progenitor_expansion_or_regional_fate	cerebellar granule precursor expansion and regional fate context	dentate_candidate	broad_neuronal_structural_warning,other_or_ambiguous	0.6666666666666666	0.6666666666666666	0.0	1.0	1.0	2
selected_feature_matrix	GSE268609	human_dentate_hippocampus	dentate	23	selected_gene_bridge	selected_bridge_candidate_genes	tgf_beta_smad	TGF-beta/SMAD	differentiation_stop	historical TGF-beta2-associated differentiation/stop signaling	dentate_candidate	broad_neuronal_structural_warning,other_or_ambiguous	0.6666666666666666	0.6666666666666666	0.0	1.0	1.0	2
selected_feature_matrix	GSE268609	human_dentate_hippocampus	dentate	23	selected_gene_bridge	selected_bridge_candidate_genes	wnt_beta_catenin	WNT/beta-catenin	neurogenic_permissive	dentate neurogenic permissive and granule fate signaling	dentate_candidate	broad_neuronal_structural_warning,other_or_ambiguous	0.6666666666666666	0.6666666666666666	0.0	1.0	1.0	2
selected_feature_matrix	GSE268609	human_dentate_hippocampus	dentate	24	selected_gene_bridge	selected_bridge_candidate_genes	bdnf_trkb_mapk	BDNF/TrkB/MAPK	differentiation_stop	historical BDNF/TrkB plus MAPK maturation pathway	dentate_candidate	broad_neuronal_structural_warning,other_or_ambiguous	1.0	0.5	0.5	7.0	7.0	2
selected_feature_matrix	GSE268609	human_dentate_hippocampus	dentate	24	selected_gene_bridge	selected_bridge_candidate_genes	bmp_smad	BMP/SMAD	differentiation_stop	BMP-associated differentiation and neurogenic brake signaling	dentate_candidate	broad_neuronal_structural_warning,other_or_ambiguous	1.0	0.5	0.5	3.0	3.0	2
selected_feature_matrix	GSE268609	human_dentate_hippocampus	dentate	24	selected_gene_bridge	selected_bridge_candidate_genes	fgf_mapk	FGF/MAPK	neurogenic_permissive	neurogenic niche maintenance and MAPK-linked growth signaling	dentate_candidate	broad_neuronal_structural_warning,other_or_ambiguous	1.0	0.5	0.5	3.0	3.0	2
selected_feature_matrix	GSE268609	human_dentate_hippocampus	dentate	24	selected_gene_bridge	selected_bridge_candidate_genes	notch_hes	Notch/HES	neurogenic_permissive	persistent neurogenic progenitor-state and differentiation timing control	dentate_candidate	broad_neuronal_structural_warning,other_or_ambiguous	1.0	0.5	0.5	1.0	1.0	2
selected_feature_matrix	GSE268609	human_dentate_hippocampus	dentate	24	selected_gene_bridge	selected_bridge_candidate_genes	reelin_migration_stop	Reelin/migration-stop	differentiation_stop	lamination, migration-stop, and maturation positioning cues	dentate_candidate	broad_neuronal_structural_warning,other_or_ambiguous	1.0	0.5	0.5	3.0	3.0	2
selected_feature_matrix	GSE268609	human_dentate_hippocampus	dentate	24	selected_gene_bridge	selected_bridge_candidate_genes	semaphorin_guidance	Semaphorin/plexin guidance	differentiation_stop	axon guidance, pruning, fasciculation, and local circuit architecture	dentate_candidate	broad_neuronal_structural_warning,other_or_ambiguous	1.0	0.5	0.5	9.0	9.0	2
selected_feature_matrix	GSE268609	human_dentate_hippocampus	dentate	24	selected_gene_bridge	selected_bridge_candidate_genes	shh_granule_expansion	SHH/PTCH/GLI	progenitor_expansion_or_regional_fate	cerebellar granule precursor expansion and regional fate context	dentate_candidate	broad_neuronal_structural_warning,other_or_ambiguous	0.6666666666666666	0.6666666666666666	0.0	1.0	1.0	2
selected_feature_matrix	GSE268609	human_dentate_hippocampus	dentate	24	selected_gene_bridge	selected_bridge_candidate_genes	tgf_beta_smad	TGF-beta/SMAD	differentiation_stop	historical TGF-beta2-associated differentiation/stop signaling	dentate_candidate	broad_neuronal_structural_warning,other_or_ambiguous	1.0	0.5	0.5	1.0	1.0	2
selected_feature_matrix	GSE268609	human_dentate_hippocampus	dentate	24	selected_gene_bridge	selected_bridge_candidate_genes	wnt_beta_catenin	WNT/beta-catenin	neurogenic_permissive	dentate neurogenic permissive and granule fate signaling	dentate_candidate	broad_neuronal_structural_warning,other_or_ambiguous	1.0	0.5	0.5	1.0	1.0	2
selected_feature_matrix	GSE268609	human_dentate_hippocampus	dentate	25	selected_gene_bridge	selected_bridge_candidate_genes	bdnf_trkb_mapk	BDNF/TrkB/MAPK	differentiation_stop	historical BDNF/TrkB plus MAPK maturation pathway	dentate_candidate	broad_neuronal_structural_warning,other_or_ambiguous	1.0	0.5	0.5	7.0	7.0	2
selected_feature_matrix	GSE268609	human_dentate_hippocampus	dentate	25	selected_gene_bridge	selected_bridge_candidate_genes	bmp_smad	BMP/SMAD	differentiation_stop	BMP-associated differentiation and neurogenic brake signaling	dentate_candidate	broad_neuronal_structural_warning,other_or_ambiguous	1.0	0.5	0.5	3.0	3.0	2
selected_feature_matrix	GSE268609	human_dentate_hippocampus	dentate	25	selected_gene_bridge	selected_bridge_candidate_genes	fgf_mapk	FGF/MAPK	neurogenic_permissive	neurogenic niche maintenance and MAPK-linked growth signaling	dentate_candidate	broad_neuronal_structural_warning,other_or_ambiguous	1.0	0.5	0.5	3.0	3.0	2
selected_feature_matrix	GSE268609	human_dentate_hippocampus	dentate	25	selected_gene_bridge	selected_bridge_candidate_genes	notch_hes	Notch/HES	neurogenic_permissive	persistent neurogenic progenitor-state and differentiation timing control	dentate_candidate	broad_neuronal_structural_warning,other_or_ambiguous	1.0	0.5	0.5	1.0	1.0	2
selected_feature_matrix	GSE268609	human_dentate_hippocampus	dentate	25	selected_gene_bridge	selected_bridge_candidate_genes	reelin_migration_stop	Reelin/migration-stop	differentiation_stop	lamination, migration-stop, and maturation positioning cues	dentate_candidate	broad_neuronal_structural_warning,other_or_ambiguous	1.0	0.5	0.5	3.0	3.0	2
selected_feature_matrix	GSE268609	human_dentate_hippocampus	dentate	25	selected_gene_bridge	selected_bridge_candidate_genes	semaphorin_guidance	Semaphorin/plexin guidance	differentiation_stop	axon guidance, pruning, fasciculation, and local circuit architecture	dentate_candidate	broad_neuronal_structural_warning,other_or_ambiguous	1.0	0.5	0.5	9.0	9.0	2
selected_feature_matrix	GSE268609	human_dentate_hippocampus	dentate	25	selected_gene_bridge	selected_bridge_candidate_genes	shh_granule_expansion	SHH/PTCH/GLI	progenitor_expansion_or_regional_fate	cerebellar granule precursor expansion and regional fate context	dentate_candidate	broad_neuronal_structural_warning,other_or_ambiguous	0.6666666666666666	0.6666666666666666	0.0	1.0	1.0	2
selected_feature_matrix	GSE268609	human_dentate_hippocampus	dentate	25	selected_gene_bridge	selected_bridge_candidate_genes	tgf_beta_smad	TGF-beta/SMAD	differentiation_stop	historical TGF-beta2-associated differentiation/stop signaling	dentate_candidate	broad_neuronal_structural_warning,other_or_ambiguous	1.0	0.5	0.5	1.0	1.0	2
selected_feature_matrix	GSE268609	human_dentate_hippocampus	dentate	25	selected_gene_bridge	selected_bridge_candidate_genes	wnt_beta_catenin	WNT/beta-catenin	neurogenic_permissive	dentate neurogenic permissive and granule fate signaling	dentate_candidate	broad_neuronal_structural_warning,other_or_ambiguous	1.0	0.5	0.5	1.0	1.0	2
selected_feature_matrix	GSE268609	human_dentate_hippocampus	dentate	26	selected_gene_bridge	selected_bridge_candidate_genes	bdnf_trkb_mapk	BDNF/TrkB/MAPK	differentiation_stop	historical BDNF/TrkB plus MAPK maturation pathway	dentate_candidate	broad_neuronal_structural_warning,other_or_ambiguous	1.0	0.5	0.5	7.0	7.0	2
selected_feature_matrix	GSE268609	human_dentate_hippocampus	dentate	26	selected_gene_bridge	selected_bridge_candidate_genes	bmp_smad	BMP/SMAD	differentiation_stop	BMP-associated differentiation and neurogenic brake signaling	dentate_candidate	broad_neuronal_structural_warning,other_or_ambiguous	1.0	0.5	0.5	3.0	3.0	2
selected_feature_matrix	GSE268609	human_dentate_hippocampus	dentate	26	selected_gene_bridge	selected_bridge_candidate_genes	fgf_mapk	FGF/MAPK	neurogenic_permissive	neurogenic niche maintenance and MAPK-linked growth signaling	dentate_candidate	broad_neuronal_structural_warning,other_or_ambiguous	1.0	0.5	0.5	3.0	3.0	2
selected_feature_matrix	GSE268609	human_dentate_hippocampus	dentate	26	selected_gene_bridge	selected_bridge_candidate_genes	notch_hes	Notch/HES	neurogenic_permissive	persistent neurogenic progenitor-state and differentiation timing control	dentate_candidate	broad_neuronal_structural_warning,other_or_ambiguous	0.6666666666666666	0.6666666666666666	0.0	1.0	1.0	2
selected_feature_matrix	GSE268609	human_dentate_hippocampus	dentate	26	selected_gene_bridge	selected_bridge_candidate_genes	reelin_migration_stop	Reelin/migration-stop	differentiation_stop	lamination, migration-stop, and maturation positioning cues	dentate_candidate	broad_neuronal_structural_warning,other_or_ambiguous	1.0	0.5	0.5	3.0	3.0	2
selected_feature_matrix	GSE268609	human_dentate_hippocampus	dentate	26	selected_gene_bridge	selected_bridge_candidate_genes	semaphorin_guidance	Semaphorin/plexin guidance	differentiation_stop	axon guidance, pruning, fasciculation, and local circuit architecture	dentate_candidate	broad_neuronal_structural_warning,other_or_ambiguous	1.0	0.5	0.5	9.0	9.0	2
selected_feature_matrix	GSE268609	human_dentate_hippocampus	dentate	26	selected_gene_bridge	selected_bridge_candidate_genes	shh_granule_expansion	SHH/PTCH/GLI	progenitor_expansion_or_regional_fate	cerebellar granule precursor expansion and regional fate context	dentate_candidate	broad_neuronal_structural_warning,other_or_ambiguous	0.6666666666666666	0.6666666666666666	0.0	1.0	1.0	2
selected_feature_matrix	GSE268609	human_dentate_hippocampus	dentate	26	selected_gene_bridge	selected_bridge_candidate_genes	tgf_beta_smad	TGF-beta/SMAD	differentiation_stop	historical TGF-beta2-associated differentiation/stop signaling	dentate_candidate	broad_neuronal_structural_warning,other_or_ambiguous	1.0	0.5	0.5	1.0	1.0	2
selected_feature_matrix	GSE268609	human_dentate_hippocampus	dentate	26	selected_gene_bridge	selected_bridge_candidate_genes	wnt_beta_catenin	WNT/beta-catenin	neurogenic_permissive	dentate neurogenic permissive and granule fate signaling	dentate_candidate	broad_neuronal_structural_warning,other_or_ambiguous	1.0	0.5	0.5	1.0	1.0	2
selected_feature_matrix	GSE268609	human_dentate_hippocampus	dentate	27	selected_gene_bridge	selected_bridge_candidate_genes	bdnf_trkb_mapk	BDNF/TrkB/MAPK	differentiation_stop	historical BDNF/TrkB plus MAPK maturation pathway	dentate_candidate	broad_neuronal_structural_warning,other_or_ambiguous	1.0	0.5	0.5	7.0	7.0	2
selected_feature_matrix	GSE268609	human_dentate_hippocampus	dentate	27	selected_gene_bridge	selected_bridge_candidate_genes	bmp_smad	BMP/SMAD	differentiation_stop	BMP-associated differentiation and neurogenic brake signaling	dentate_candidate	broad_neuronal_structural_warning,other_or_ambiguous	1.0	0.5	0.5	3.0	3.0	2
selected_feature_matrix	GSE268609	human_dentate_hippocampus	dentate	27	selected_gene_bridge	selected_bridge_candidate_genes	fgf_mapk	FGF/MAPK	neurogenic_permissive	neurogenic niche maintenance and MAPK-linked growth signaling	dentate_candidate	broad_neuronal_structural_warning,other_or_ambiguous	1.0	0.5	0.5	3.0	3.0	2
selected_feature_matrix	GSE268609	human_dentate_hippocampus	dentate	27	selected_gene_bridge	selected_bridge_candidate_genes	notch_hes	Notch/HES	neurogenic_permissive	persistent neurogenic progenitor-state and differentiation timing control	dentate_candidate	broad_neuronal_structural_warning,other_or_ambiguous	1.0	0.5	0.5	1.0	1.0	2
selected_feature_matrix	GSE268609	human_dentate_hippocampus	dentate	27	selected_gene_bridge	selected_bridge_candidate_genes	reelin_migration_stop	Reelin/migration-stop	differentiation_stop	lamination, migration-stop, and maturation positioning cues	dentate_candidate	broad_neuronal_structural_warning,other_or_ambiguous	1.0	0.5	0.5	3.0	3.0	2
selected_feature_matrix	GSE268609	human_dentate_hippocampus	dentate	27	selected_gene_bridge	selected_bridge_candidate_genes	semaphorin_guidance	Semaphorin/plexin guidance	differentiation_stop	axon guidance, pruning, fasciculation, and local circuit architecture	dentate_candidate	broad_neuronal_structural_warning,other_or_ambiguous	1.0	0.5	0.5	9.0	9.0	2
selected_feature_matrix	GSE268609	human_dentate_hippocampus	dentate	27	selected_gene_bridge	selected_bridge_candidate_genes	shh_granule_expansion	SHH/PTCH/GLI	progenitor_expansion_or_regional_fate	cerebellar granule precursor expansion and regional fate context	dentate_candidate	broad_neuronal_structural_warning,other_or_ambiguous	0.6666666666666666	0.6666666666666666	0.0	1.0	1.0	2
selected_feature_matrix	GSE268609	human_dentate_hippocampus	dentate	27	selected_gene_bridge	selected_bridge_candidate_genes	tgf_beta_smad	TGF-beta/SMAD	differentiation_stop	historical TGF-beta2-associated differentiation/stop signaling	dentate_candidate	broad_neuronal_structural_warning,other_or_ambiguous	1.0	0.5	0.5	1.0	1.0	2
selected_feature_matrix	GSE268609	human_dentate_hippocampus	dentate	27	selected_gene_bridge	selected_bridge_candidate_genes	wnt_beta_catenin	WNT/beta-catenin	neurogenic_permissive	dentate neurogenic permissive and granule fate signaling	dentate_candidate	broad_neuronal_structural_warning,other_or_ambiguous	1.0	0.5	0.5	1.0	1.0	2
selected_feature_matrix	GSE268609	human_dentate_hippocampus	dentate	28	selected_gene_bridge	selected_bridge_candidate_genes	bdnf_trkb_mapk	BDNF/TrkB/MAPK	differentiation_stop	historical BDNF/TrkB plus MAPK maturation pathway	dentate_candidate	broad_neuronal_structural_warning,other_or_ambiguous	1.0	0.5	0.5	7.0	7.0	2
selected_feature_matrix	GSE268609	human_dentate_hippocampus	dentate	28	selected_gene_bridge	selected_bridge_candidate_genes	bmp_smad	BMP/SMAD	differentiation_stop	BMP-associated differentiation and neurogenic brake signaling	dentate_candidate	broad_neuronal_structural_warning,other_or_ambiguous	1.0	0.5	0.5	3.0	3.0	2
selected_feature_matrix	GSE268609	human_dentate_hippocampus	dentate	28	selected_gene_bridge	selected_bridge_candidate_genes	fgf_mapk	FGF/MAPK	neurogenic_permissive	neurogenic niche maintenance and MAPK-linked growth signaling	dentate_candidate	broad_neuronal_structural_warning,other_or_ambiguous	1.0	0.5	0.5	3.0	3.0	2
selected_feature_matrix	GSE268609	human_dentate_hippocampus	dentate	28	selected_gene_bridge	selected_bridge_candidate_genes	notch_hes	Notch/HES	neurogenic_permissive	persistent neurogenic progenitor-state and differentiation timing control	dentate_candidate	broad_neuronal_structural_warning,other_or_ambiguous	1.0	0.5	0.5	1.0	1.0	2
selected_feature_matrix	GSE268609	human_dentate_hippocampus	dentate	28	selected_gene_bridge	selected_bridge_candidate_genes	reelin_migration_stop	Reelin/migration-stop	differentiation_stop	lamination, migration-stop, and maturation positioning cues	dentate_candidate	broad_neuronal_structural_warning,other_or_ambiguous	1.0	0.5	0.5	3.0	3.0	2
selected_feature_matrix	GSE268609	human_dentate_hippocampus	dentate	28	selected_gene_bridge	selected_bridge_candidate_genes	semaphorin_guidance	Semaphorin/plexin guidance	differentiation_stop	axon guidance, pruning, fasciculation, and local circuit architecture	dentate_candidate	broad_neuronal_structural_warning,other_or_ambiguous	1.0	0.5	0.5	9.0	9.0	2
selected_feature_matrix	GSE268609	human_dentate_hippocampus	dentate	28	selected_gene_bridge	selected_bridge_candidate_genes	shh_granule_expansion	SHH/PTCH/GLI	progenitor_expansion_or_regional_fate	cerebellar granule precursor expansion and regional fate context	dentate_candidate	broad_neuronal_structural_warning,other_or_ambiguous	0.6666666666666666	0.6666666666666666	0.0	1.0	1.0	2
selected_feature_matrix	GSE268609	human_dentate_hippocampus	dentate	28	selected_gene_bridge	selected_bridge_candidate_genes	tgf_beta_smad	TGF-beta/SMAD	differentiation_stop	historical TGF-beta2-associated differentiation/stop signaling	dentate_candidate	broad_neuronal_structural_warning,other_or_ambiguous	1.0	0.5	0.5	1.0	1.0	2
selected_feature_matrix	GSE268609	human_dentate_hippocampus	dentate	28	selected_gene_bridge	selected_bridge_candidate_genes	wnt_beta_catenin	WNT/beta-catenin	neurogenic_permissive	dentate neurogenic permissive and granule fate signaling	dentate_candidate	broad_neuronal_structural_warning,other_or_ambiguous	1.0	0.5	0.5	1.0	1.0	2
selected_feature_matrix	GSE268609	human_dentate_hippocampus	dentate	29	selected_gene_bridge	selected_bridge_candidate_genes	bdnf_trkb_mapk	BDNF/TrkB/MAPK	differentiation_stop	historical BDNF/TrkB plus MAPK maturation pathway	dentate_candidate	broad_neuronal_structural_warning,other_or_ambiguous	0.6666666666666666	0.6666666666666666	0.0	7.0	7.0	2
selected_feature_matrix	GSE268609	human_dentate_hippocampus	dentate	29	selected_gene_bridge	selected_bridge_candidate_genes	bmp_smad	BMP/SMAD	differentiation_stop	BMP-associated differentiation and neurogenic brake signaling	dentate_candidate	broad_neuronal_structural_warning,other_or_ambiguous	1.0	0.5	0.5	3.0	3.0	2
selected_feature_matrix	GSE268609	human_dentate_hippocampus	dentate	29	selected_gene_bridge	selected_bridge_candidate_genes	fgf_mapk	FGF/MAPK	neurogenic_permissive	neurogenic niche maintenance and MAPK-linked growth signaling	dentate_candidate	broad_neuronal_structural_warning,other_or_ambiguous	0.6666666666666666	0.6666666666666666	0.0	3.0	3.0	2
selected_feature_matrix	GSE268609	human_dentate_hippocampus	dentate	29	selected_gene_bridge	selected_bridge_candidate_genes	notch_hes	Notch/HES	neurogenic_permissive	persistent neurogenic progenitor-state and differentiation timing control	dentate_candidate	broad_neuronal_structural_warning,other_or_ambiguous	0.6666666666666666	0.6666666666666666	0.0	1.0	1.0	2
selected_feature_matrix	GSE268609	human_dentate_hippocampus	dentate	29	selected_gene_bridge	selected_bridge_candidate_genes	reelin_migration_stop	Reelin/migration-stop	differentiation_stop	lamination, migration-stop, and maturation positioning cues	dentate_candidate	broad_neuronal_structural_warning,other_or_ambiguous	1.0	0.5	0.5	3.0	3.0	2
selected_feature_matrix	GSE268609	human_dentate_hippocampus	dentate	29	selected_gene_bridge	selected_bridge_candidate_genes	semaphorin_guidance	Semaphorin/plexin guidance	differentiation_stop	axon guidance, pruning, fasciculation, and local circuit architecture	dentate_candidate	broad_neuronal_structural_warning,other_or_ambiguous	1.0	0.5	0.5	9.0	9.0	2
selected_feature_matrix	GSE268609	human_dentate_hippocampus	dentate	29	selected_gene_bridge	selected_bridge_candidate_genes	shh_granule_expansion	SHH/PTCH/GLI	progenitor_expansion_or_regional_fate	cerebellar granule precursor expansion and regional fate context	dentate_candidate	broad_neuronal_structural_warning,other_or_ambiguous	0.6666666666666666	0.6666666666666666	0.0	1.0	1.0	2
selected_feature_matrix	GSE268609	human_dentate_hippocampus	dentate	29	selected_gene_bridge	selected_bridge_candidate_genes	tgf_beta_smad	TGF-beta/SMAD	differentiation_stop	historical TGF-beta2-associated differentiation/stop signaling	dentate_candidate	broad_neuronal_structural_warning,other_or_ambiguous	1.0	0.5	0.5	1.0	1.0	2
selected_feature_matrix	GSE268609	human_dentate_hippocampus	dentate	29	selected_gene_bridge	selected_bridge_candidate_genes	wnt_beta_catenin	WNT/beta-catenin	neurogenic_permissive	dentate neurogenic permissive and granule fate signaling	dentate_candidate	broad_neuronal_structural_warning,other_or_ambiguous	1.0	0.5	0.5	1.0	1.0	2
selected_feature_matrix	GSE268609	human_dentate_hippocampus	dentate	30	selected_gene_bridge	selected_bridge_candidate_genes	bdnf_trkb_mapk	BDNF/TrkB/MAPK	differentiation_stop	historical BDNF/TrkB plus MAPK maturation pathway	dentate_candidate	broad_neuronal_structural_warning,other_or_ambiguous	1.0	0.5	0.5	7.0	7.0	2
selected_feature_matrix	GSE268609	human_dentate_hippocampus	dentate	30	selected_gene_bridge	selected_bridge_candidate_genes	bmp_smad	BMP/SMAD	differentiation_stop	BMP-associated differentiation and neurogenic brake signaling	dentate_candidate	broad_neuronal_structural_warning,other_or_ambiguous	1.0	0.5	0.5	3.0	3.0	2
selected_feature_matrix	GSE268609	human_dentate_hippocampus	dentate	30	selected_gene_bridge	selected_bridge_candidate_genes	fgf_mapk	FGF/MAPK	neurogenic_permissive	neurogenic niche maintenance and MAPK-linked growth signaling	dentate_candidate	broad_neuronal_structural_warning,other_or_ambiguous	1.0	0.5	0.5	3.0	3.0	2
selected_feature_matrix	GSE268609	human_dentate_hippocampus	dentate	30	selected_gene_bridge	selected_bridge_candidate_genes	notch_hes	Notch/HES	neurogenic_permissive	persistent neurogenic progenitor-state and differentiation timing control	dentate_candidate	broad_neuronal_structural_warning,other_or_ambiguous	1.0	0.5	0.5	1.0	1.0	2
selected_feature_matrix	GSE268609	human_dentate_hippocampus	dentate	30	selected_gene_bridge	selected_bridge_candidate_genes	reelin_migration_stop	Reelin/migration-stop	differentiation_stop	lamination, migration-stop, and maturation positioning cues	dentate_candidate	broad_neuronal_structural_warning,other_or_ambiguous	1.0	0.5	0.5	3.0	3.0	2
selected_feature_matrix	GSE268609	human_dentate_hippocampus	dentate	30	selected_gene_bridge	selected_bridge_candidate_genes	semaphorin_guidance	Semaphorin/plexin guidance	differentiation_stop	axon guidance, pruning, fasciculation, and local circuit architecture	dentate_candidate	broad_neuronal_structural_warning,other_or_ambiguous	1.0	0.5	0.5	9.0	9.0	2
selected_feature_matrix	GSE268609	human_dentate_hippocampus	dentate	30	selected_gene_bridge	selected_bridge_candidate_genes	shh_granule_expansion	SHH/PTCH/GLI	progenitor_expansion_or_regional_fate	cerebellar granule precursor expansion and regional fate context	dentate_candidate	broad_neuronal_structural_warning,other_or_ambiguous	0.6666666666666666	0.6666666666666666	0.0	1.0	1.0	2
selected_feature_matrix	GSE268609	human_dentate_hippocampus	dentate	30	selected_gene_bridge	selected_bridge_candidate_genes	tgf_beta_smad	TGF-beta/SMAD	differentiation_stop	historical TGF-beta2-associated differentiation/stop signaling	dentate_candidate	broad_neuronal_structural_warning,other_or_ambiguous	1.0	0.5	0.5	1.0	1.0	2
selected_feature_matrix	GSE268609	human_dentate_hippocampus	dentate	30	selected_gene_bridge	selected_bridge_candidate_genes	wnt_beta_catenin	WNT/beta-catenin	neurogenic_permissive	dentate neurogenic permissive and granule fate signaling	dentate_candidate	broad_neuronal_structural_warning,other_or_ambiguous	1.0	0.5	0.5	1.0	1.0	2
selected_feature_matrix	GSE268609	human_dentate_hippocampus	dentate	31	selected_gene_bridge	selected_bridge_candidate_genes	bdnf_trkb_mapk	BDNF/TrkB/MAPK	differentiation_stop	historical BDNF/TrkB plus MAPK maturation pathway	dentate_candidate	broad_neuronal_structural_warning,other_or_ambiguous	1.0	0.5	0.5	7.0	7.0	2
selected_feature_matrix	GSE268609	human_dentate_hippocampus	dentate	31	selected_gene_bridge	selected_bridge_candidate_genes	bmp_smad	BMP/SMAD	differentiation_stop	BMP-associated differentiation and neurogenic brake signaling	dentate_candidate	broad_neuronal_structural_warning,other_or_ambiguous	1.0	0.5	0.5	3.0	3.0	2
selected_feature_matrix	GSE268609	human_dentate_hippocampus	dentate	31	selected_gene_bridge	selected_bridge_candidate_genes	fgf_mapk	FGF/MAPK	neurogenic_permissive	neurogenic niche maintenance and MAPK-linked growth signaling	dentate_candidate	broad_neuronal_structural_warning,other_or_ambiguous	1.0	0.5	0.5	3.0	3.0	2
selected_feature_matrix	GSE268609	human_dentate_hippocampus	dentate	31	selected_gene_bridge	selected_bridge_candidate_genes	notch_hes	Notch/HES	neurogenic_permissive	persistent neurogenic progenitor-state and differentiation timing control	dentate_candidate	broad_neuronal_structural_warning,other_or_ambiguous	1.0	0.5	0.5	1.0	1.0	2
selected_feature_matrix	GSE268609	human_dentate_hippocampus	dentate	31	selected_gene_bridge	selected_bridge_candidate_genes	reelin_migration_stop	Reelin/migration-stop	differentiation_stop	lamination, migration-stop, and maturation positioning cues	dentate_candidate	broad_neuronal_structural_warning,other_or_ambiguous	1.0	0.5	0.5	3.0	3.0	2
selected_feature_matrix	GSE268609	human_dentate_hippocampus	dentate	31	selected_gene_bridge	selected_bridge_candidate_genes	semaphorin_guidance	Semaphorin/plexin guidance	differentiation_stop	axon guidance, pruning, fasciculation, and local circuit architecture	dentate_candidate	broad_neuronal_structural_warning,other_or_ambiguous	1.0	0.5	0.5	9.0	9.0	2
selected_feature_matrix	GSE268609	human_dentate_hippocampus	dentate	31	selected_gene_bridge	selected_bridge_candidate_genes	shh_granule_expansion	SHH/PTCH/GLI	progenitor_expansion_or_regional_fate	cerebellar granule precursor expansion and regional fate context	dentate_candidate	broad_neuronal_structural_warning,other_or_ambiguous	0.6666666666666666	0.6666666666666666	0.0	1.0	1.0	2
selected_feature_matrix	GSE268609	human_dentate_hippocampus	dentate	31	selected_gene_bridge	selected_bridge_candidate_genes	tgf_beta_smad	TGF-beta/SMAD	differentiation_stop	historical TGF-beta2-associated differentiation/stop signaling	dentate_candidate	broad_neuronal_structural_warning,other_or_ambiguous	1.0	0.5	0.5	1.0	1.0	2
selected_feature_matrix	GSE268609	human_dentate_hippocampus	dentate	31	selected_gene_bridge	selected_bridge_candidate_genes	wnt_beta_catenin	WNT/beta-catenin	neurogenic_permissive	dentate neurogenic permissive and granule fate signaling	dentate_candidate	broad_neuronal_structural_warning,other_or_ambiguous	1.0	0.5	0.5	1.0	1.0	2
selected_feature_matrix	GSE268609	human_dentate_hippocampus	dentate	32	selected_gene_bridge	selected_bridge_candidate_genes	bdnf_trkb_mapk	BDNF/TrkB/MAPK	differentiation_stop	historical BDNF/TrkB plus MAPK maturation pathway	dentate_candidate	broad_neuronal_structural_warning,other_or_ambiguous	1.0	0.5	0.5	7.0	7.0	2
selected_feature_matrix	GSE268609	human_dentate_hippocampus	dentate	32	selected_gene_bridge	selected_bridge_candidate_genes	bmp_smad	BMP/SMAD	differentiation_stop	BMP-associated differentiation and neurogenic brake signaling	dentate_candidate	broad_neuronal_structural_warning,other_or_ambiguous	1.0	0.5	0.5	3.0	3.0	2
selected_feature_matrix	GSE268609	human_dentate_hippocampus	dentate	32	selected_gene_bridge	selected_bridge_candidate_genes	fgf_mapk	FGF/MAPK	neurogenic_permissive	neurogenic niche maintenance and MAPK-linked growth signaling	dentate_candidate	broad_neuronal_structural_warning,other_or_ambiguous	1.0	0.5	0.5	3.0	3.0	2
selected_feature_matrix	GSE268609	human_dentate_hippocampus	dentate	32	selected_gene_bridge	selected_bridge_candidate_genes	notch_hes	Notch/HES	neurogenic_permissive	persistent neurogenic progenitor-state and differentiation timing control	dentate_candidate	broad_neuronal_structural_warning,other_or_ambiguous	1.0	0.5	0.5	1.0	1.0	2
selected_feature_matrix	GSE268609	human_dentate_hippocampus	dentate	32	selected_gene_bridge	selected_bridge_candidate_genes	reelin_migration_stop	Reelin/migration-stop	differentiation_stop	lamination, migration-stop, and maturation positioning cues	dentate_candidate	broad_neuronal_structural_warning,other_or_ambiguous	1.0	0.5	0.5	3.0	3.0	2
selected_feature_matrix	GSE268609	human_dentate_hippocampus	dentate	32	selected_gene_bridge	selected_bridge_candidate_genes	semaphorin_guidance	Semaphorin/plexin guidance	differentiation_stop	axon guidance, pruning, fasciculation, and local circuit architecture	dentate_candidate	broad_neuronal_structural_warning,other_or_ambiguous	1.0	0.5	0.5	9.0	9.0	2
selected_feature_matrix	GSE268609	human_dentate_hippocampus	dentate	32	selected_gene_bridge	selected_bridge_candidate_genes	shh_granule_expansion	SHH/PTCH/GLI	progenitor_expansion_or_regional_fate	cerebellar granule precursor expansion and regional fate context	dentate_candidate	broad_neuronal_structural_warning,other_or_ambiguous	0.6666666666666666	0.6666666666666666	0.0	1.0	1.0	2
selected_feature_matrix	GSE268609	human_dentate_hippocampus	dentate	32	selected_gene_bridge	selected_bridge_candidate_genes	tgf_beta_smad	TGF-beta/SMAD	differentiation_stop	historical TGF-beta2-associated differentiation/stop signaling	dentate_candidate	broad_neuronal_structural_warning,other_or_ambiguous	1.0	0.5	0.5	1.0	1.0	2
selected_feature_matrix	GSE268609	human_dentate_hippocampus	dentate	32	selected_gene_bridge	selected_bridge_candidate_genes	wnt_beta_catenin	WNT/beta-catenin	neurogenic_permissive	dentate neurogenic permissive and granule fate signaling	dentate_candidate	broad_neuronal_structural_warning,other_or_ambiguous	1.0	0.5	0.5	1.0	1.0	2
selected_feature_matrix	GSE268609	human_dentate_hippocampus	dentate	33	selected_gene_bridge	selected_bridge_candidate_genes	bdnf_trkb_mapk	BDNF/TrkB/MAPK	differentiation_stop	historical BDNF/TrkB plus MAPK maturation pathway	dentate_candidate	broad_neuronal_structural_warning,other_or_ambiguous	0.6666666666666666	0.6666666666666666	0.0	7.0	7.0	2
selected_feature_matrix	GSE268609	human_dentate_hippocampus	dentate	33	selected_gene_bridge	selected_bridge_candidate_genes	bmp_smad	BMP/SMAD	differentiation_stop	BMP-associated differentiation and neurogenic brake signaling	dentate_candidate	broad_neuronal_structural_warning,other_or_ambiguous	0.6666666666666666	0.6666666666666666	0.0	3.0	3.0	2
selected_feature_matrix	GSE268609	human_dentate_hippocampus	dentate	33	selected_gene_bridge	selected_bridge_candidate_genes	fgf_mapk	FGF/MAPK	neurogenic_permissive	neurogenic niche maintenance and MAPK-linked growth signaling	dentate_candidate	broad_neuronal_structural_warning,other_or_ambiguous	0.6666666666666666	0.6666666666666666	0.0	3.0	3.0	2
selected_feature_matrix	GSE268609	human_dentate_hippocampus	dentate	33	selected_gene_bridge	selected_bridge_candidate_genes	notch_hes	Notch/HES	neurogenic_permissive	persistent neurogenic progenitor-state and differentiation timing control	dentate_candidate	broad_neuronal_structural_warning,other_or_ambiguous	0.3333333333333333	0.8333333333333333	-0.49999999999999994	1.0	1.0	2
selected_feature_matrix	GSE268609	human_dentate_hippocampus	dentate	33	selected_gene_bridge	selected_bridge_candidate_genes	reelin_migration_stop	Reelin/migration-stop	differentiation_stop	lamination, migration-stop, and maturation positioning cues	dentate_candidate	broad_neuronal_structural_warning,other_or_ambiguous	0.6666666666666666	0.6666666666666666	0.0	3.0	3.0	2
selected_feature_matrix	GSE268609	human_dentate_hippocampus	dentate	33	selected_gene_bridge	selected_bridge_candidate_genes	semaphorin_guidance	Semaphorin/plexin guidance	differentiation_stop	axon guidance, pruning, fasciculation, and local circuit architecture	dentate_candidate	broad_neuronal_structural_warning,other_or_ambiguous	0.6666666666666666	0.6666666666666666	0.0	9.0	9.0	2
selected_feature_matrix	GSE268609	human_dentate_hippocampus	dentate	33	selected_gene_bridge	selected_bridge_candidate_genes	shh_granule_expansion	SHH/PTCH/GLI	progenitor_expansion_or_regional_fate	cerebellar granule precursor expansion and regional fate context	dentate_candidate	broad_neuronal_structural_warning,other_or_ambiguous	0.6666666666666666	0.6666666666666666	0.0	1.0	1.0	2
selected_feature_matrix	GSE268609	human_dentate_hippocampus	dentate	33	selected_gene_bridge	selected_bridge_candidate_genes	tgf_beta_smad	TGF-beta/SMAD	differentiation_stop	historical TGF-beta2-associated differentiation/stop signaling	dentate_candidate	broad_neuronal_structural_warning,other_or_ambiguous	0.6666666666666666	0.6666666666666666	0.0	1.0	1.0	2
selected_feature_matrix	GSE268609	human_dentate_hippocampus	dentate	33	selected_gene_bridge	selected_bridge_candidate_genes	wnt_beta_catenin	WNT/beta-catenin	neurogenic_permissive	dentate neurogenic permissive and granule fate signaling	dentate_candidate	broad_neuronal_structural_warning,other_or_ambiguous	0.6666666666666666	0.6666666666666666	0.0	1.0	1.0	2
selected_feature_matrix	GSE268609	human_dentate_hippocampus	dentate	34	selected_gene_bridge	selected_bridge_candidate_genes	bdnf_trkb_mapk	BDNF/TrkB/MAPK	differentiation_stop	historical BDNF/TrkB plus MAPK maturation pathway	dentate_candidate	broad_neuronal_structural_warning,other_or_ambiguous	1.0	0.5	0.5	7.0	7.0	2
selected_feature_matrix	GSE268609	human_dentate_hippocampus	dentate	34	selected_gene_bridge	selected_bridge_candidate_genes	bmp_smad	BMP/SMAD	differentiation_stop	BMP-associated differentiation and neurogenic brake signaling	dentate_candidate	broad_neuronal_structural_warning,other_or_ambiguous	1.0	0.5	0.5	3.0	3.0	2
selected_feature_matrix	GSE268609	human_dentate_hippocampus	dentate	34	selected_gene_bridge	selected_bridge_candidate_genes	fgf_mapk	FGF/MAPK	neurogenic_permissive	neurogenic niche maintenance and MAPK-linked growth signaling	dentate_candidate	broad_neuronal_structural_warning,other_or_ambiguous	1.0	0.5	0.5	3.0	3.0	2
selected_feature_matrix	GSE268609	human_dentate_hippocampus	dentate	34	selected_gene_bridge	selected_bridge_candidate_genes	notch_hes	Notch/HES	neurogenic_permissive	persistent neurogenic progenitor-state and differentiation timing control	dentate_candidate	broad_neuronal_structural_warning,other_or_ambiguous	0.6666666666666666	0.6666666666666666	0.0	1.0	1.0	2
selected_feature_matrix	GSE268609	human_dentate_hippocampus	dentate	34	selected_gene_bridge	selected_bridge_candidate_genes	reelin_migration_stop	Reelin/migration-stop	differentiation_stop	lamination, migration-stop, and maturation positioning cues	dentate_candidate	broad_neuronal_structural_warning,other_or_ambiguous	0.6666666666666666	0.6666666666666666	0.0	3.0	3.0	2
selected_feature_matrix	GSE268609	human_dentate_hippocampus	dentate	34	selected_gene_bridge	selected_bridge_candidate_genes	semaphorin_guidance	Semaphorin/plexin guidance	differentiation_stop	axon guidance, pruning, fasciculation, and local circuit architecture	dentate_candidate	broad_neuronal_structural_warning,other_or_ambiguous	0.6666666666666666	0.6666666666666666	0.0	9.0	9.0	2
selected_feature_matrix	GSE268609	human_dentate_hippocampus	dentate	34	selected_gene_bridge	selected_bridge_candidate_genes	shh_granule_expansion	SHH/PTCH/GLI	progenitor_expansion_or_regional_fate	cerebellar granule precursor expansion and regional fate context	dentate_candidate	broad_neuronal_structural_warning,other_or_ambiguous	0.6666666666666666	0.6666666666666666	0.0	1.0	1.0	2
selected_feature_matrix	GSE268609	human_dentate_hippocampus	dentate	34	selected_gene_bridge	selected_bridge_candidate_genes	tgf_beta_smad	TGF-beta/SMAD	differentiation_stop	historical TGF-beta2-associated differentiation/stop signaling	dentate_candidate	broad_neuronal_structural_warning,other_or_ambiguous	1.0	0.5	0.5	1.0	1.0	2
selected_feature_matrix	GSE268609	human_dentate_hippocampus	dentate	34	selected_gene_bridge	selected_bridge_candidate_genes	wnt_beta_catenin	WNT/beta-catenin	neurogenic_permissive	dentate neurogenic permissive and granule fate signaling	dentate_candidate	broad_neuronal_structural_warning,other_or_ambiguous	1.0	0.5	0.5	1.0	1.0	2
selected_feature_matrix	GSE268609	human_dentate_hippocampus	dentate	35	selected_gene_bridge	selected_bridge_candidate_genes	bdnf_trkb_mapk	BDNF/TrkB/MAPK	differentiation_stop	historical BDNF/TrkB plus MAPK maturation pathway	dentate_candidate	broad_neuronal_structural_warning,other_or_ambiguous	1.0	0.5	0.5	7.0	7.0	2
selected_feature_matrix	GSE268609	human_dentate_hippocampus	dentate	35	selected_gene_bridge	selected_bridge_candidate_genes	bmp_smad	BMP/SMAD	differentiation_stop	BMP-associated differentiation and neurogenic brake signaling	dentate_candidate	broad_neuronal_structural_warning,other_or_ambiguous	1.0	0.5	0.5	3.0	3.0	2
selected_feature_matrix	GSE268609	human_dentate_hippocampus	dentate	35	selected_gene_bridge	selected_bridge_candidate_genes	fgf_mapk	FGF/MAPK	neurogenic_permissive	neurogenic niche maintenance and MAPK-linked growth signaling	dentate_candidate	broad_neuronal_structural_warning,other_or_ambiguous	1.0	0.5	0.5	3.0	3.0	2
selected_feature_matrix	GSE268609	human_dentate_hippocampus	dentate	35	selected_gene_bridge	selected_bridge_candidate_genes	notch_hes	Notch/HES	neurogenic_permissive	persistent neurogenic progenitor-state and differentiation timing control	dentate_candidate	broad_neuronal_structural_warning,other_or_ambiguous	1.0	0.5	0.5	1.0	1.0	2
selected_feature_matrix	GSE268609	human_dentate_hippocampus	dentate	35	selected_gene_bridge	selected_bridge_candidate_genes	reelin_migration_stop	Reelin/migration-stop	differentiation_stop	lamination, migration-stop, and maturation positioning cues	dentate_candidate	broad_neuronal_structural_warning,other_or_ambiguous	1.0	0.5	0.5	3.0	3.0	2
selected_feature_matrix	GSE268609	human_dentate_hippocampus	dentate	35	selected_gene_bridge	selected_bridge_candidate_genes	semaphorin_guidance	Semaphorin/plexin guidance	differentiation_stop	axon guidance, pruning, fasciculation, and local circuit architecture	dentate_candidate	broad_neuronal_structural_warning,other_or_ambiguous	1.0	0.5	0.5	9.0	9.0	2
selected_feature_matrix	GSE268609	human_dentate_hippocampus	dentate	35	selected_gene_bridge	selected_bridge_candidate_genes	shh_granule_expansion	SHH/PTCH/GLI	progenitor_expansion_or_regional_fate	cerebellar granule precursor expansion and regional fate context	dentate_candidate	broad_neuronal_structural_warning,other_or_ambiguous	0.6666666666666666	0.6666666666666666	0.0	1.0	1.0	2
selected_feature_matrix	GSE268609	human_dentate_hippocampus	dentate	35	selected_gene_bridge	selected_bridge_candidate_genes	tgf_beta_smad	TGF-beta/SMAD	differentiation_stop	historical TGF-beta2-associated differentiation/stop signaling	dentate_candidate	broad_neuronal_structural_warning,other_or_ambiguous	1.0	0.5	0.5	1.0	1.0	2
selected_feature_matrix	GSE268609	human_dentate_hippocampus	dentate	35	selected_gene_bridge	selected_bridge_candidate_genes	wnt_beta_catenin	WNT/beta-catenin	neurogenic_permissive	dentate neurogenic permissive and granule fate signaling	dentate_candidate	broad_neuronal_structural_warning,other_or_ambiguous	1.0	0.5	0.5	1.0	1.0	2
selected_feature_matrix	GSE268609	human_dentate_hippocampus	dentate	36	selected_gene_bridge	selected_bridge_candidate_genes	bdnf_trkb_mapk	BDNF/TrkB/MAPK	differentiation_stop	historical BDNF/TrkB plus MAPK maturation pathway	dentate_candidate	broad_neuronal_structural_warning,other_or_ambiguous	1.0	0.5	0.5	7.0	7.0	2
selected_feature_matrix	GSE268609	human_dentate_hippocampus	dentate	36	selected_gene_bridge	selected_bridge_candidate_genes	bmp_smad	BMP/SMAD	differentiation_stop	BMP-associated differentiation and neurogenic brake signaling	dentate_candidate	broad_neuronal_structural_warning,other_or_ambiguous	1.0	0.5	0.5	3.0	3.0	2
selected_feature_matrix	GSE268609	human_dentate_hippocampus	dentate	36	selected_gene_bridge	selected_bridge_candidate_genes	fgf_mapk	FGF/MAPK	neurogenic_permissive	neurogenic niche maintenance and MAPK-linked growth signaling	dentate_candidate	broad_neuronal_structural_warning,other_or_ambiguous	1.0	0.5	0.5	3.0	3.0	2
selected_feature_matrix	GSE268609	human_dentate_hippocampus	dentate	36	selected_gene_bridge	selected_bridge_candidate_genes	notch_hes	Notch/HES	neurogenic_permissive	persistent neurogenic progenitor-state and differentiation timing control	dentate_candidate	broad_neuronal_structural_warning,other_or_ambiguous	1.0	0.5	0.5	1.0	1.0	2
selected_feature_matrix	GSE268609	human_dentate_hippocampus	dentate	36	selected_gene_bridge	selected_bridge_candidate_genes	reelin_migration_stop	Reelin/migration-stop	differentiation_stop	lamination, migration-stop, and maturation positioning cues	dentate_candidate	broad_neuronal_structural_warning,other_or_ambiguous	1.0	0.5	0.5	3.0	3.0	2
selected_feature_matrix	GSE268609	human_dentate_hippocampus	dentate	36	selected_gene_bridge	selected_bridge_candidate_genes	semaphorin_guidance	Semaphorin/plexin guidance	differentiation_stop	axon guidance, pruning, fasciculation, and local circuit architecture	dentate_candidate	broad_neuronal_structural_warning,other_or_ambiguous	1.0	0.5	0.5	9.0	9.0	2
selected_feature_matrix	GSE268609	human_dentate_hippocampus	dentate	36	selected_gene_bridge	selected_bridge_candidate_genes	shh_granule_expansion	SHH/PTCH/GLI	progenitor_expansion_or_regional_fate	cerebellar granule precursor expansion and regional fate context	dentate_candidate	broad_neuronal_structural_warning,other_or_ambiguous	0.6666666666666666	0.6666666666666666	0.0	1.0	1.0	2
selected_feature_matrix	GSE268609	human_dentate_hippocampus	dentate	36	selected_gene_bridge	selected_bridge_candidate_genes	tgf_beta_smad	TGF-beta/SMAD	differentiation_stop	historical TGF-beta2-associated differentiation/stop signaling	dentate_candidate	broad_neuronal_structural_warning,other_or_ambiguous	1.0	0.5	0.5	1.0	1.0	2
selected_feature_matrix	GSE268609	human_dentate_hippocampus	dentate	36	selected_gene_bridge	selected_bridge_candidate_genes	wnt_beta_catenin	WNT/beta-catenin	neurogenic_permissive	dentate neurogenic permissive and granule fate signaling	dentate_candidate	broad_neuronal_structural_warning,other_or_ambiguous	1.0	0.5	0.5	1.0	1.0	2
selected_feature_matrix	GSE268609	human_dentate_hippocampus	dentate	37	selected_gene_bridge	selected_bridge_candidate_genes	bdnf_trkb_mapk	BDNF/TrkB/MAPK	differentiation_stop	historical BDNF/TrkB plus MAPK maturation pathway	dentate_candidate	broad_neuronal_structural_warning,other_or_ambiguous	1.0	0.5	0.5	7.0	7.0	2
selected_feature_matrix	GSE268609	human_dentate_hippocampus	dentate	37	selected_gene_bridge	selected_bridge_candidate_genes	bmp_smad	BMP/SMAD	differentiation_stop	BMP-associated differentiation and neurogenic brake signaling	dentate_candidate	broad_neuronal_structural_warning,other_or_ambiguous	1.0	0.5	0.5	3.0	3.0	2
selected_feature_matrix	GSE268609	human_dentate_hippocampus	dentate	37	selected_gene_bridge	selected_bridge_candidate_genes	fgf_mapk	FGF/MAPK	neurogenic_permissive	neurogenic niche maintenance and MAPK-linked growth signaling	dentate_candidate	broad_neuronal_structural_warning,other_or_ambiguous	1.0	0.5	0.5	3.0	3.0	2
selected_feature_matrix	GSE268609	human_dentate_hippocampus	dentate	37	selected_gene_bridge	selected_bridge_candidate_genes	notch_hes	Notch/HES	neurogenic_permissive	persistent neurogenic progenitor-state and differentiation timing control	dentate_candidate	broad_neuronal_structural_warning,other_or_ambiguous	0.3333333333333333	0.8333333333333333	-0.49999999999999994	1.0	1.0	2
selected_feature_matrix	GSE268609	human_dentate_hippocampus	dentate	37	selected_gene_bridge	selected_bridge_candidate_genes	reelin_migration_stop	Reelin/migration-stop	differentiation_stop	lamination, migration-stop, and maturation positioning cues	dentate_candidate	broad_neuronal_structural_warning,other_or_ambiguous	0.6666666666666666	0.6666666666666666	0.0	3.0	3.0	2
selected_feature_matrix	GSE268609	human_dentate_hippocampus	dentate	37	selected_gene_bridge	selected_bridge_candidate_genes	semaphorin_guidance	Semaphorin/plexin guidance	differentiation_stop	axon guidance, pruning, fasciculation, and local circuit architecture	dentate_candidate	broad_neuronal_structural_warning,other_or_ambiguous	1.0	0.5	0.5	9.0	9.0	2
selected_feature_matrix	GSE268609	human_dentate_hippocampus	dentate	37	selected_gene_bridge	selected_bridge_candidate_genes	shh_granule_expansion	SHH/PTCH/GLI	progenitor_expansion_or_regional_fate	cerebellar granule precursor expansion and regional fate context	dentate_candidate	broad_neuronal_structural_warning,other_or_ambiguous	0.6666666666666666	0.6666666666666666	0.0	1.0	1.0	2
selected_feature_matrix	GSE268609	human_dentate_hippocampus	dentate	37	selected_gene_bridge	selected_bridge_candidate_genes	tgf_beta_smad	TGF-beta/SMAD	differentiation_stop	historical TGF-beta2-associated differentiation/stop signaling	dentate_candidate	broad_neuronal_structural_warning,other_or_ambiguous	1.0	0.5	0.5	1.0	1.0	2
selected_feature_matrix	GSE268609	human_dentate_hippocampus	dentate	37	selected_gene_bridge	selected_bridge_candidate_genes	wnt_beta_catenin	WNT/beta-catenin	neurogenic_permissive	dentate neurogenic permissive and granule fate signaling	dentate_candidate	broad_neuronal_structural_warning,other_or_ambiguous	1.0	0.5	0.5	1.0	1.0	2
selected_feature_matrix	GSE268609	human_dentate_hippocampus	dentate	38	selected_gene_bridge	selected_bridge_candidate_genes	bdnf_trkb_mapk	BDNF/TrkB/MAPK	differentiation_stop	historical BDNF/TrkB plus MAPK maturation pathway	dentate_candidate	broad_neuronal_structural_warning,other_or_ambiguous	0.6666666666666666	0.6666666666666666	0.0	7.0	7.0	2
selected_feature_matrix	GSE268609	human_dentate_hippocampus	dentate	38	selected_gene_bridge	selected_bridge_candidate_genes	bmp_smad	BMP/SMAD	differentiation_stop	BMP-associated differentiation and neurogenic brake signaling	dentate_candidate	broad_neuronal_structural_warning,other_or_ambiguous	1.0	0.5	0.5	3.0	3.0	2
selected_feature_matrix	GSE268609	human_dentate_hippocampus	dentate	38	selected_gene_bridge	selected_bridge_candidate_genes	fgf_mapk	FGF/MAPK	neurogenic_permissive	neurogenic niche maintenance and MAPK-linked growth signaling	dentate_candidate	broad_neuronal_structural_warning,other_or_ambiguous	0.6666666666666666	0.6666666666666666	0.0	3.0	3.0	2
selected_feature_matrix	GSE268609	human_dentate_hippocampus	dentate	38	selected_gene_bridge	selected_bridge_candidate_genes	notch_hes	Notch/HES	neurogenic_permissive	persistent neurogenic progenitor-state and differentiation timing control	dentate_candidate	broad_neuronal_structural_warning,other_or_ambiguous	0.3333333333333333	0.8333333333333333	-0.49999999999999994	1.0	1.0	2
selected_feature_matrix	GSE268609	human_dentate_hippocampus	dentate	38	selected_gene_bridge	selected_bridge_candidate_genes	reelin_migration_stop	Reelin/migration-stop	differentiation_stop	lamination, migration-stop, and maturation positioning cues	dentate_candidate	broad_neuronal_structural_warning,other_or_ambiguous	0.6666666666666666	0.6666666666666666	0.0	3.0	3.0	2
selected_feature_matrix	GSE268609	human_dentate_hippocampus	dentate	38	selected_gene_bridge	selected_bridge_candidate_genes	semaphorin_guidance	Semaphorin/plexin guidance	differentiation_stop	axon guidance, pruning, fasciculation, and local circuit architecture	dentate_candidate	broad_neuronal_structural_warning,other_or_ambiguous	1.0	0.5	0.5	9.0	9.0	2
selected_feature_matrix	GSE268609	human_dentate_hippocampus	dentate	38	selected_gene_bridge	selected_bridge_candidate_genes	shh_granule_expansion	SHH/PTCH/GLI	progenitor_expansion_or_regional_fate	cerebellar granule precursor expansion and regional fate context	dentate_candidate	broad_neuronal_structural_warning,other_or_ambiguous	0.6666666666666666	0.6666666666666666	0.0	1.0	1.0	2
selected_feature_matrix	GSE268609	human_dentate_hippocampus	dentate	38	selected_gene_bridge	selected_bridge_candidate_genes	tgf_beta_smad	TGF-beta/SMAD	differentiation_stop	historical TGF-beta2-associated differentiation/stop signaling	dentate_candidate	broad_neuronal_structural_warning,other_or_ambiguous	0.6666666666666666	0.6666666666666666	0.0	1.0	1.0	2
selected_feature_matrix	GSE268609	human_dentate_hippocampus	dentate	38	selected_gene_bridge	selected_bridge_candidate_genes	wnt_beta_catenin	WNT/beta-catenin	neurogenic_permissive	dentate neurogenic permissive and granule fate signaling	dentate_candidate	broad_neuronal_structural_warning,other_or_ambiguous	1.0	0.5	0.5	1.0	1.0	2
selected_feature_matrix	GSE268609	human_dentate_hippocampus	dentate	39	selected_gene_bridge	selected_bridge_candidate_genes	bdnf_trkb_mapk	BDNF/TrkB/MAPK	differentiation_stop	historical BDNF/TrkB plus MAPK maturation pathway	dentate_candidate	broad_neuronal_structural_warning,other_or_ambiguous	1.0	0.5	0.5	7.0	7.0	2
selected_feature_matrix	GSE268609	human_dentate_hippocampus	dentate	39	selected_gene_bridge	selected_bridge_candidate_genes	bmp_smad	BMP/SMAD	differentiation_stop	BMP-associated differentiation and neurogenic brake signaling	dentate_candidate	broad_neuronal_structural_warning,other_or_ambiguous	1.0	0.5	0.5	3.0	3.0	2
selected_feature_matrix	GSE268609	human_dentate_hippocampus	dentate	39	selected_gene_bridge	selected_bridge_candidate_genes	fgf_mapk	FGF/MAPK	neurogenic_permissive	neurogenic niche maintenance and MAPK-linked growth signaling	dentate_candidate	broad_neuronal_structural_warning,other_or_ambiguous	1.0	0.5	0.5	3.0	3.0	2
selected_feature_matrix	GSE268609	human_dentate_hippocampus	dentate	39	selected_gene_bridge	selected_bridge_candidate_genes	notch_hes	Notch/HES	neurogenic_permissive	persistent neurogenic progenitor-state and differentiation timing control	dentate_candidate	broad_neuronal_structural_warning,other_or_ambiguous	0.6666666666666666	0.6666666666666666	0.0	1.0	1.0	2
selected_feature_matrix	GSE268609	human_dentate_hippocampus	dentate	39	selected_gene_bridge	selected_bridge_candidate_genes	reelin_migration_stop	Reelin/migration-stop	differentiation_stop	lamination, migration-stop, and maturation positioning cues	dentate_candidate	broad_neuronal_structural_warning,other_or_ambiguous	1.0	0.5	0.5	3.0	3.0	2
selected_feature_matrix	GSE268609	human_dentate_hippocampus	dentate	39	selected_gene_bridge	selected_bridge_candidate_genes	semaphorin_guidance	Semaphorin/plexin guidance	differentiation_stop	axon guidance, pruning, fasciculation, and local circuit architecture	dentate_candidate	broad_neuronal_structural_warning,other_or_ambiguous	1.0	0.5	0.5	9.0	9.0	2
selected_feature_matrix	GSE268609	human_dentate_hippocampus	dentate	39	selected_gene_bridge	selected_bridge_candidate_genes	shh_granule_expansion	SHH/PTCH/GLI	progenitor_expansion_or_regional_fate	cerebellar granule precursor expansion and regional fate context	dentate_candidate	broad_neuronal_structural_warning,other_or_ambiguous	0.5	0.75	-0.25	1.0	1.0	2
selected_feature_matrix	GSE268609	human_dentate_hippocampus	dentate	39	selected_gene_bridge	selected_bridge_candidate_genes	tgf_beta_smad	TGF-beta/SMAD	differentiation_stop	historical TGF-beta2-associated differentiation/stop signaling	dentate_candidate	broad_neuronal_structural_warning,other_or_ambiguous	1.0	0.5	0.5	1.0	1.0	2
selected_feature_matrix	GSE268609	human_dentate_hippocampus	dentate	39	selected_gene_bridge	selected_bridge_candidate_genes	wnt_beta_catenin	WNT/beta-catenin	neurogenic_permissive	dentate neurogenic permissive and granule fate signaling	dentate_candidate	broad_neuronal_structural_warning,other_or_ambiguous	1.0	0.5	0.5	1.0	1.0	2
selected_feature_matrix	GSE325391	human_dentate_hippocampus	dentate	S1R1	selected_gene_bridge	selected_bridge_candidate_genes	bdnf_trkb_mapk	BDNF/TrkB/MAPK	differentiation_stop	historical BDNF/TrkB plus MAPK maturation pathway	dentate_candidate	non_dentate_background	1.0	0.5	0.5	7.0	7.0	1
selected_feature_matrix	GSE325391	human_dentate_hippocampus	dentate	S1R1	selected_gene_bridge	selected_bridge_candidate_genes	bmp_smad	BMP/SMAD	differentiation_stop	BMP-associated differentiation and neurogenic brake signaling	dentate_candidate	non_dentate_background	1.0	0.5	0.5	3.0	3.0	1
selected_feature_matrix	GSE325391	human_dentate_hippocampus	dentate	S1R1	selected_gene_bridge	selected_bridge_candidate_genes	fgf_mapk	FGF/MAPK	neurogenic_permissive	neurogenic niche maintenance and MAPK-linked growth signaling	dentate_candidate	non_dentate_background	1.0	0.5	0.5	3.0	3.0	1
selected_feature_matrix	GSE325391	human_dentate_hippocampus	dentate	S1R1	selected_gene_bridge	selected_bridge_candidate_genes	notch_hes	Notch/HES	neurogenic_permissive	persistent neurogenic progenitor-state and differentiation timing control	dentate_candidate	non_dentate_background	1.0	0.5	0.5	1.0	1.0	1
selected_feature_matrix	GSE325391	human_dentate_hippocampus	dentate	S1R1	selected_gene_bridge	selected_bridge_candidate_genes	reelin_migration_stop	Reelin/migration-stop	differentiation_stop	lamination, migration-stop, and maturation positioning cues	dentate_candidate	non_dentate_background	1.0	0.5	0.5	3.0	3.0	1
selected_feature_matrix	GSE325391	human_dentate_hippocampus	dentate	S1R1	selected_gene_bridge	selected_bridge_candidate_genes	semaphorin_guidance	Semaphorin/plexin guidance	differentiation_stop	axon guidance, pruning, fasciculation, and local circuit architecture	dentate_candidate	non_dentate_background	1.0	0.5	0.5	9.0	9.0	1
selected_feature_matrix	GSE325391	human_dentate_hippocampus	dentate	S1R1	selected_gene_bridge	selected_bridge_candidate_genes	shh_granule_expansion	SHH/PTCH/GLI	progenitor_expansion_or_regional_fate	cerebellar granule precursor expansion and regional fate context	dentate_candidate	non_dentate_background	0.75	0.75	0.0	1.0	1.0	1
selected_feature_matrix	GSE325391	human_dentate_hippocampus	dentate	S1R1	selected_gene_bridge	selected_bridge_candidate_genes	tgf_beta_smad	TGF-beta/SMAD	differentiation_stop	historical TGF-beta2-associated differentiation/stop signaling	dentate_candidate	non_dentate_background	1.0	0.5	0.5	1.0	1.0	1
selected_feature_matrix	GSE325391	human_dentate_hippocampus	dentate	S1R1	selected_gene_bridge	selected_bridge_candidate_genes	wnt_beta_catenin	WNT/beta-catenin	neurogenic_permissive	dentate neurogenic permissive and granule fate signaling	dentate_candidate	non_dentate_background	1.0	0.5	0.5	1.0	1.0	1
selected_feature_matrix	GSE325391	human_dentate_hippocampus	dentate	S1R3	selected_gene_bridge	selected_bridge_candidate_genes	bdnf_trkb_mapk	BDNF/TrkB/MAPK	differentiation_stop	historical BDNF/TrkB plus MAPK maturation pathway	dentate_candidate	non_dentate_background	1.0	0.5	0.5	7.0	7.0	1
selected_feature_matrix	GSE325391	human_dentate_hippocampus	dentate	S1R3	selected_gene_bridge	selected_bridge_candidate_genes	bmp_smad	BMP/SMAD	differentiation_stop	BMP-associated differentiation and neurogenic brake signaling	dentate_candidate	non_dentate_background	1.0	0.5	0.5	3.0	3.0	1
selected_feature_matrix	GSE325391	human_dentate_hippocampus	dentate	S1R3	selected_gene_bridge	selected_bridge_candidate_genes	fgf_mapk	FGF/MAPK	neurogenic_permissive	neurogenic niche maintenance and MAPK-linked growth signaling	dentate_candidate	non_dentate_background	1.0	0.5	0.5	3.0	3.0	1
selected_feature_matrix	GSE325391	human_dentate_hippocampus	dentate	S1R3	selected_gene_bridge	selected_bridge_candidate_genes	notch_hes	Notch/HES	neurogenic_permissive	persistent neurogenic progenitor-state and differentiation timing control	dentate_candidate	non_dentate_background	1.0	0.5	0.5	1.0	1.0	1
selected_feature_matrix	GSE325391	human_dentate_hippocampus	dentate	S1R3	selected_gene_bridge	selected_bridge_candidate_genes	reelin_migration_stop	Reelin/migration-stop	differentiation_stop	lamination, migration-stop, and maturation positioning cues	dentate_candidate	non_dentate_background	1.0	0.5	0.5	3.0	3.0	1
selected_feature_matrix	GSE325391	human_dentate_hippocampus	dentate	S1R3	selected_gene_bridge	selected_bridge_candidate_genes	semaphorin_guidance	Semaphorin/plexin guidance	differentiation_stop	axon guidance, pruning, fasciculation, and local circuit architecture	dentate_candidate	non_dentate_background	1.0	0.5	0.5	9.0	9.0	1
selected_feature_matrix	GSE325391	human_dentate_hippocampus	dentate	S1R3	selected_gene_bridge	selected_bridge_candidate_genes	shh_granule_expansion	SHH/PTCH/GLI	progenitor_expansion_or_regional_fate	cerebellar granule precursor expansion and regional fate context	dentate_candidate	non_dentate_background	0.75	0.75	0.0	1.0	1.0	1
selected_feature_matrix	GSE325391	human_dentate_hippocampus	dentate	S1R3	selected_gene_bridge	selected_bridge_candidate_genes	tgf_beta_smad	TGF-beta/SMAD	differentiation_stop	historical TGF-beta2-associated differentiation/stop signaling	dentate_candidate	non_dentate_background	1.0	0.5	0.5	1.0	1.0	1
selected_feature_matrix	GSE325391	human_dentate_hippocampus	dentate	S1R3	selected_gene_bridge	selected_bridge_candidate_genes	wnt_beta_catenin	WNT/beta-catenin	neurogenic_permissive	dentate neurogenic permissive and granule fate signaling	dentate_candidate	non_dentate_background	1.0	0.5	0.5	1.0	1.0	1
selected_feature_matrix	GSE325391	human_dentate_hippocampus	dentate	S2R3	selected_gene_bridge	selected_bridge_candidate_genes	bdnf_trkb_mapk	BDNF/TrkB/MAPK	differentiation_stop	historical BDNF/TrkB plus MAPK maturation pathway	dentate_candidate	non_dentate_background	1.0	0.5	0.5	7.0	7.0	1
selected_feature_matrix	GSE325391	human_dentate_hippocampus	dentate	S2R3	selected_gene_bridge	selected_bridge_candidate_genes	bmp_smad	BMP/SMAD	differentiation_stop	BMP-associated differentiation and neurogenic brake signaling	dentate_candidate	non_dentate_background	1.0	0.5	0.5	3.0	3.0	1
selected_feature_matrix	GSE325391	human_dentate_hippocampus	dentate	S2R3	selected_gene_bridge	selected_bridge_candidate_genes	fgf_mapk	FGF/MAPK	neurogenic_permissive	neurogenic niche maintenance and MAPK-linked growth signaling	dentate_candidate	non_dentate_background	1.0	0.5	0.5	3.0	3.0	1
selected_feature_matrix	GSE325391	human_dentate_hippocampus	dentate	S2R3	selected_gene_bridge	selected_bridge_candidate_genes	notch_hes	Notch/HES	neurogenic_permissive	persistent neurogenic progenitor-state and differentiation timing control	dentate_candidate	non_dentate_background	1.0	0.5	0.5	1.0	1.0	1
selected_feature_matrix	GSE325391	human_dentate_hippocampus	dentate	S2R3	selected_gene_bridge	selected_bridge_candidate_genes	reelin_migration_stop	Reelin/migration-stop	differentiation_stop	lamination, migration-stop, and maturation positioning cues	dentate_candidate	non_dentate_background	1.0	0.5	0.5	3.0	3.0	1
selected_feature_matrix	GSE325391	human_dentate_hippocampus	dentate	S2R3	selected_gene_bridge	selected_bridge_candidate_genes	semaphorin_guidance	Semaphorin/plexin guidance	differentiation_stop	axon guidance, pruning, fasciculation, and local circuit architecture	dentate_candidate	non_dentate_background	1.0	0.5	0.5	9.0	9.0	1
selected_feature_matrix	GSE325391	human_dentate_hippocampus	dentate	S2R3	selected_gene_bridge	selected_bridge_candidate_genes	shh_granule_expansion	SHH/PTCH/GLI	progenitor_expansion_or_regional_fate	cerebellar granule precursor expansion and regional fate context	dentate_candidate	non_dentate_background	0.75	0.75	0.0	1.0	1.0	1
selected_feature_matrix	GSE325391	human_dentate_hippocampus	dentate	S2R3	selected_gene_bridge	selected_bridge_candidate_genes	tgf_beta_smad	TGF-beta/SMAD	differentiation_stop	historical TGF-beta2-associated differentiation/stop signaling	dentate_candidate	non_dentate_background	1.0	0.5	0.5	1.0	1.0	1
selected_feature_matrix	GSE325391	human_dentate_hippocampus	dentate	S2R3	selected_gene_bridge	selected_bridge_candidate_genes	wnt_beta_catenin	WNT/beta-catenin	neurogenic_permissive	dentate neurogenic permissive and granule fate signaling	dentate_candidate	non_dentate_background	1.0	0.5	0.5	1.0	1.0	1
selected_feature_matrix	GSE325391	human_dentate_hippocampus	dentate	S2R5	selected_gene_bridge	selected_bridge_candidate_genes	bdnf_trkb_mapk	BDNF/TrkB/MAPK	differentiation_stop	historical BDNF/TrkB plus MAPK maturation pathway	dentate_candidate	non_dentate_background	1.0	0.5	0.5	7.0	7.0	1
selected_feature_matrix	GSE325391	human_dentate_hippocampus	dentate	S2R5	selected_gene_bridge	selected_bridge_candidate_genes	bmp_smad	BMP/SMAD	differentiation_stop	BMP-associated differentiation and neurogenic brake signaling	dentate_candidate	non_dentate_background	1.0	0.5	0.5	3.0	3.0	1
selected_feature_matrix	GSE325391	human_dentate_hippocampus	dentate	S2R5	selected_gene_bridge	selected_bridge_candidate_genes	fgf_mapk	FGF/MAPK	neurogenic_permissive	neurogenic niche maintenance and MAPK-linked growth signaling	dentate_candidate	non_dentate_background	1.0	0.5	0.5	3.0	3.0	1
selected_feature_matrix	GSE325391	human_dentate_hippocampus	dentate	S2R5	selected_gene_bridge	selected_bridge_candidate_genes	notch_hes	Notch/HES	neurogenic_permissive	persistent neurogenic progenitor-state and differentiation timing control	dentate_candidate	non_dentate_background	1.0	0.5	0.5	1.0	1.0	1
selected_feature_matrix	GSE325391	human_dentate_hippocampus	dentate	S2R5	selected_gene_bridge	selected_bridge_candidate_genes	reelin_migration_stop	Reelin/migration-stop	differentiation_stop	lamination, migration-stop, and maturation positioning cues	dentate_candidate	non_dentate_background	1.0	0.5	0.5	3.0	3.0	1
selected_feature_matrix	GSE325391	human_dentate_hippocampus	dentate	S2R5	selected_gene_bridge	selected_bridge_candidate_genes	semaphorin_guidance	Semaphorin/plexin guidance	differentiation_stop	axon guidance, pruning, fasciculation, and local circuit architecture	dentate_candidate	non_dentate_background	1.0	0.5	0.5	9.0	9.0	1
selected_feature_matrix	GSE325391	human_dentate_hippocampus	dentate	S2R5	selected_gene_bridge	selected_bridge_candidate_genes	shh_granule_expansion	SHH/PTCH/GLI	progenitor_expansion_or_regional_fate	cerebellar granule precursor expansion and regional fate context	dentate_candidate	non_dentate_background	0.75	0.75	0.0	1.0	1.0	1
selected_feature_matrix	GSE325391	human_dentate_hippocampus	dentate	S2R5	selected_gene_bridge	selected_bridge_candidate_genes	tgf_beta_smad	TGF-beta/SMAD	differentiation_stop	historical TGF-beta2-associated differentiation/stop signaling	dentate_candidate	non_dentate_background	1.0	0.5	0.5	1.0	1.0	1
selected_feature_matrix	GSE325391	human_dentate_hippocampus	dentate	S2R5	selected_gene_bridge	selected_bridge_candidate_genes	wnt_beta_catenin	WNT/beta-catenin	neurogenic_permissive	dentate neurogenic permissive and granule fate signaling	dentate_candidate	non_dentate_background	1.0	0.5	0.5	1.0	1.0	1
selected_feature_matrix	GSE325391	human_dentate_hippocampus	dentate	S2R6	selected_gene_bridge	selected_bridge_candidate_genes	bdnf_trkb_mapk	BDNF/TrkB/MAPK	differentiation_stop	historical BDNF/TrkB plus MAPK maturation pathway	dentate_candidate	non_dentate_background	1.0	0.5	0.5	7.0	7.0	1
selected_feature_matrix	GSE325391	human_dentate_hippocampus	dentate	S2R6	selected_gene_bridge	selected_bridge_candidate_genes	bmp_smad	BMP/SMAD	differentiation_stop	BMP-associated differentiation and neurogenic brake signaling	dentate_candidate	non_dentate_background	1.0	0.5	0.5	3.0	3.0	1
selected_feature_matrix	GSE325391	human_dentate_hippocampus	dentate	S2R6	selected_gene_bridge	selected_bridge_candidate_genes	fgf_mapk	FGF/MAPK	neurogenic_permissive	neurogenic niche maintenance and MAPK-linked growth signaling	dentate_candidate	non_dentate_background	1.0	0.5	0.5	3.0	3.0	1
selected_feature_matrix	GSE325391	human_dentate_hippocampus	dentate	S2R6	selected_gene_bridge	selected_bridge_candidate_genes	notch_hes	Notch/HES	neurogenic_permissive	persistent neurogenic progenitor-state and differentiation timing control	dentate_candidate	non_dentate_background	1.0	0.5	0.5	1.0	1.0	1
selected_feature_matrix	GSE325391	human_dentate_hippocampus	dentate	S2R6	selected_gene_bridge	selected_bridge_candidate_genes	reelin_migration_stop	Reelin/migration-stop	differentiation_stop	lamination, migration-stop, and maturation positioning cues	dentate_candidate	non_dentate_background	1.0	0.5	0.5	3.0	3.0	1
selected_feature_matrix	GSE325391	human_dentate_hippocampus	dentate	S2R6	selected_gene_bridge	selected_bridge_candidate_genes	semaphorin_guidance	Semaphorin/plexin guidance	differentiation_stop	axon guidance, pruning, fasciculation, and local circuit architecture	dentate_candidate	non_dentate_background	1.0	0.5	0.5	9.0	9.0	1
selected_feature_matrix	GSE325391	human_dentate_hippocampus	dentate	S2R6	selected_gene_bridge	selected_bridge_candidate_genes	shh_granule_expansion	SHH/PTCH/GLI	progenitor_expansion_or_regional_fate	cerebellar granule precursor expansion and regional fate context	dentate_candidate	non_dentate_background	0.75	0.75	0.0	1.0	1.0	1
selected_feature_matrix	GSE325391	human_dentate_hippocampus	dentate	S2R6	selected_gene_bridge	selected_bridge_candidate_genes	tgf_beta_smad	TGF-beta/SMAD	differentiation_stop	historical TGF-beta2-associated differentiation/stop signaling	dentate_candidate	non_dentate_background	1.0	0.5	0.5	1.0	1.0	1
selected_feature_matrix	GSE325391	human_dentate_hippocampus	dentate	S2R6	selected_gene_bridge	selected_bridge_candidate_genes	wnt_beta_catenin	WNT/beta-catenin	neurogenic_permissive	dentate neurogenic permissive and granule fate signaling	dentate_candidate	non_dentate_background	1.0	0.5	0.5	1.0	1.0	1
selected_feature_matrix	GSE325391	human_dentate_hippocampus	dentate	S5R6	selected_gene_bridge	selected_bridge_candidate_genes	bdnf_trkb_mapk	BDNF/TrkB/MAPK	differentiation_stop	historical BDNF/TrkB plus MAPK maturation pathway	dentate_candidate	non_dentate_background	1.0	0.5	0.5	7.0	7.0	1
selected_feature_matrix	GSE325391	human_dentate_hippocampus	dentate	S5R6	selected_gene_bridge	selected_bridge_candidate_genes	bmp_smad	BMP/SMAD	differentiation_stop	BMP-associated differentiation and neurogenic brake signaling	dentate_candidate	non_dentate_background	1.0	0.5	0.5	3.0	3.0	1
selected_feature_matrix	GSE325391	human_dentate_hippocampus	dentate	S5R6	selected_gene_bridge	selected_bridge_candidate_genes	fgf_mapk	FGF/MAPK	neurogenic_permissive	neurogenic niche maintenance and MAPK-linked growth signaling	dentate_candidate	non_dentate_background	1.0	0.5	0.5	3.0	3.0	1
selected_feature_matrix	GSE325391	human_dentate_hippocampus	dentate	S5R6	selected_gene_bridge	selected_bridge_candidate_genes	notch_hes	Notch/HES	neurogenic_permissive	persistent neurogenic progenitor-state and differentiation timing control	dentate_candidate	non_dentate_background	1.0	0.5	0.5	1.0	1.0	1
selected_feature_matrix	GSE325391	human_dentate_hippocampus	dentate	S5R6	selected_gene_bridge	selected_bridge_candidate_genes	reelin_migration_stop	Reelin/migration-stop	differentiation_stop	lamination, migration-stop, and maturation positioning cues	dentate_candidate	non_dentate_background	1.0	0.5	0.5	3.0	3.0	1
selected_feature_matrix	GSE325391	human_dentate_hippocampus	dentate	S5R6	selected_gene_bridge	selected_bridge_candidate_genes	semaphorin_guidance	Semaphorin/plexin guidance	differentiation_stop	axon guidance, pruning, fasciculation, and local circuit architecture	dentate_candidate	non_dentate_background	1.0	0.5	0.5	9.0	9.0	1
selected_feature_matrix	GSE325391	human_dentate_hippocampus	dentate	S5R6	selected_gene_bridge	selected_bridge_candidate_genes	shh_granule_expansion	SHH/PTCH/GLI	progenitor_expansion_or_regional_fate	cerebellar granule precursor expansion and regional fate context	dentate_candidate	non_dentate_background	0.75	0.75	0.0	1.0	1.0	1
selected_feature_matrix	GSE325391	human_dentate_hippocampus	dentate	S5R6	selected_gene_bridge	selected_bridge_candidate_genes	tgf_beta_smad	TGF-beta/SMAD	differentiation_stop	historical TGF-beta2-associated differentiation/stop signaling	dentate_candidate	non_dentate_background	1.0	0.5	0.5	1.0	1.0	1
selected_feature_matrix	GSE325391	human_dentate_hippocampus	dentate	S5R6	selected_gene_bridge	selected_bridge_candidate_genes	wnt_beta_catenin	WNT/beta-catenin	neurogenic_permissive	dentate neurogenic permissive and granule fate signaling	dentate_candidate	non_dentate_background	1.0	0.5	0.5	1.0	1.0	1
selected_feature_matrix	GSE325391	human_dentate_hippocampus	dentate	S7R5	selected_gene_bridge	selected_bridge_candidate_genes	bdnf_trkb_mapk	BDNF/TrkB/MAPK	differentiation_stop	historical BDNF/TrkB plus MAPK maturation pathway	dentate_candidate	non_dentate_background	1.0	0.5	0.5	7.0	7.0	1
selected_feature_matrix	GSE325391	human_dentate_hippocampus	dentate	S7R5	selected_gene_bridge	selected_bridge_candidate_genes	bmp_smad	BMP/SMAD	differentiation_stop	BMP-associated differentiation and neurogenic brake signaling	dentate_candidate	non_dentate_background	1.0	0.5	0.5	3.0	3.0	1
selected_feature_matrix	GSE325391	human_dentate_hippocampus	dentate	S7R5	selected_gene_bridge	selected_bridge_candidate_genes	fgf_mapk	FGF/MAPK	neurogenic_permissive	neurogenic niche maintenance and MAPK-linked growth signaling	dentate_candidate	non_dentate_background	1.0	0.5	0.5	3.0	3.0	1
selected_feature_matrix	GSE325391	human_dentate_hippocampus	dentate	S7R5	selected_gene_bridge	selected_bridge_candidate_genes	notch_hes	Notch/HES	neurogenic_permissive	persistent neurogenic progenitor-state and differentiation timing control	dentate_candidate	non_dentate_background	1.0	0.5	0.5	1.0	1.0	1
selected_feature_matrix	GSE325391	human_dentate_hippocampus	dentate	S7R5	selected_gene_bridge	selected_bridge_candidate_genes	reelin_migration_stop	Reelin/migration-stop	differentiation_stop	lamination, migration-stop, and maturation positioning cues	dentate_candidate	non_dentate_background	1.0	0.5	0.5	3.0	3.0	1
selected_feature_matrix	GSE325391	human_dentate_hippocampus	dentate	S7R5	selected_gene_bridge	selected_bridge_candidate_genes	semaphorin_guidance	Semaphorin/plexin guidance	differentiation_stop	axon guidance, pruning, fasciculation, and local circuit architecture	dentate_candidate	non_dentate_background	1.0	0.5	0.5	9.0	9.0	1
selected_feature_matrix	GSE325391	human_dentate_hippocampus	dentate	S7R5	selected_gene_bridge	selected_bridge_candidate_genes	shh_granule_expansion	SHH/PTCH/GLI	progenitor_expansion_or_regional_fate	cerebellar granule precursor expansion and regional fate context	dentate_candidate	non_dentate_background	0.75	0.75	0.0	1.0	1.0	1
selected_feature_matrix	GSE325391	human_dentate_hippocampus	dentate	S7R5	selected_gene_bridge	selected_bridge_candidate_genes	tgf_beta_smad	TGF-beta/SMAD	differentiation_stop	historical TGF-beta2-associated differentiation/stop signaling	dentate_candidate	non_dentate_background	1.0	0.5	0.5	1.0	1.0	1
selected_feature_matrix	GSE325391	human_dentate_hippocampus	dentate	S7R5	selected_gene_bridge	selected_bridge_candidate_genes	wnt_beta_catenin	WNT/beta-catenin	neurogenic_permissive	dentate neurogenic permissive and granule fate signaling	dentate_candidate	non_dentate_background	1.0	0.5	0.5	1.0	1.0	1
selected_feature_matrix	GSE325391	human_dentate_hippocampus	dentate	S8R5	selected_gene_bridge	selected_bridge_candidate_genes	bdnf_trkb_mapk	BDNF/TrkB/MAPK	differentiation_stop	historical BDNF/TrkB plus MAPK maturation pathway	dentate_candidate	non_dentate_background	1.0	0.5	0.5	7.0	7.0	1
selected_feature_matrix	GSE325391	human_dentate_hippocampus	dentate	S8R5	selected_gene_bridge	selected_bridge_candidate_genes	bmp_smad	BMP/SMAD	differentiation_stop	BMP-associated differentiation and neurogenic brake signaling	dentate_candidate	non_dentate_background	1.0	0.5	0.5	3.0	3.0	1
selected_feature_matrix	GSE325391	human_dentate_hippocampus	dentate	S8R5	selected_gene_bridge	selected_bridge_candidate_genes	fgf_mapk	FGF/MAPK	neurogenic_permissive	neurogenic niche maintenance and MAPK-linked growth signaling	dentate_candidate	non_dentate_background	1.0	0.5	0.5	3.0	3.0	1
selected_feature_matrix	GSE325391	human_dentate_hippocampus	dentate	S8R5	selected_gene_bridge	selected_bridge_candidate_genes	notch_hes	Notch/HES	neurogenic_permissive	persistent neurogenic progenitor-state and differentiation timing control	dentate_candidate	non_dentate_background	1.0	0.5	0.5	1.0	1.0	1
selected_feature_matrix	GSE325391	human_dentate_hippocampus	dentate	S8R5	selected_gene_bridge	selected_bridge_candidate_genes	reelin_migration_stop	Reelin/migration-stop	differentiation_stop	lamination, migration-stop, and maturation positioning cues	dentate_candidate	non_dentate_background	1.0	0.5	0.5	3.0	3.0	1
selected_feature_matrix	GSE325391	human_dentate_hippocampus	dentate	S8R5	selected_gene_bridge	selected_bridge_candidate_genes	semaphorin_guidance	Semaphorin/plexin guidance	differentiation_stop	axon guidance, pruning, fasciculation, and local circuit architecture	dentate_candidate	non_dentate_background	1.0	0.5	0.5	9.0	9.0	1
selected_feature_matrix	GSE325391	human_dentate_hippocampus	dentate	S8R5	selected_gene_bridge	selected_bridge_candidate_genes	shh_granule_expansion	SHH/PTCH/GLI	progenitor_expansion_or_regional_fate	cerebellar granule precursor expansion and regional fate context	dentate_candidate	non_dentate_background	0.75	0.75	0.0	1.0	1.0	1
selected_feature_matrix	GSE325391	human_dentate_hippocampus	dentate	S8R5	selected_gene_bridge	selected_bridge_candidate_genes	tgf_beta_smad	TGF-beta/SMAD	differentiation_stop	historical TGF-beta2-associated differentiation/stop signaling	dentate_candidate	non_dentate_background	1.0	0.5	0.5	1.0	1.0	1
selected_feature_matrix	GSE325391	human_dentate_hippocampus	dentate	S8R5	selected_gene_bridge	selected_bridge_candidate_genes	wnt_beta_catenin	WNT/beta-catenin	neurogenic_permissive	dentate neurogenic permissive and granule fate signaling	dentate_candidate	non_dentate_background	1.0	0.5	0.5	1.0	1.0	1
selected_feature_matrix	GSE95752	mouse_dentate	dentate	C1_all_cells	full_raw_matrix	full_matrix_candidate_genes	bdnf_trkb_mapk	BDNF/TrkB/MAPK	differentiation_stop	historical BDNF/TrkB plus MAPK maturation pathway	dentate_candidate	other_or_ambiguous	1.0	0.3333333333333333	0.6666666666666667	7.0	7.0	1
selected_feature_matrix	GSE95752	mouse_dentate	dentate	C1_all_cells	full_raw_matrix	full_matrix_candidate_genes	bmp_smad	BMP/SMAD	differentiation_stop	BMP-associated differentiation and neurogenic brake signaling	dentate_candidate	other_or_ambiguous	1.0	0.3333333333333333	0.6666666666666667	3.0	3.0	1
selected_feature_matrix	GSE95752	mouse_dentate	dentate	C1_all_cells	full_raw_matrix	full_matrix_candidate_genes	fgf_mapk	FGF/MAPK	neurogenic_permissive	neurogenic niche maintenance and MAPK-linked growth signaling	dentate_candidate	other_or_ambiguous	1.0	0.3333333333333333	0.6666666666666667	3.0	3.0	1
selected_feature_matrix	GSE95752	mouse_dentate	dentate	C1_all_cells	full_raw_matrix	full_matrix_candidate_genes	notch_hes	Notch/HES	neurogenic_permissive	persistent neurogenic progenitor-state and differentiation timing control	dentate_candidate	other_or_ambiguous	0.6666666666666666	1.0	-0.33333333333333337	1.0	1.0	1
selected_feature_matrix	GSE95752	mouse_dentate	dentate	C1_all_cells	full_raw_matrix	full_matrix_candidate_genes	reelin_migration_stop	Reelin/migration-stop	differentiation_stop	lamination, migration-stop, and maturation positioning cues	dentate_candidate	other_or_ambiguous	1.0	0.3333333333333333	0.6666666666666667	3.0	3.0	1
selected_feature_matrix	GSE95752	mouse_dentate	dentate	C1_all_cells	full_raw_matrix	full_matrix_candidate_genes	semaphorin_guidance	Semaphorin/plexin guidance	differentiation_stop	axon guidance, pruning, fasciculation, and local circuit architecture	dentate_candidate	other_or_ambiguous	1.0	0.3333333333333333	0.6666666666666667	9.0	9.0	1
selected_feature_matrix	GSE95752	mouse_dentate	dentate	C1_all_cells	full_raw_matrix	full_matrix_candidate_genes	tgf_beta_smad	TGF-beta/SMAD	differentiation_stop	historical TGF-beta2-associated differentiation/stop signaling	dentate_candidate	other_or_ambiguous	1.0	0.3333333333333333	0.6666666666666667	1.0	1.0	1
selected_feature_matrix	GSE95752	mouse_dentate	dentate	C1_all_cells	full_raw_matrix	full_matrix_candidate_genes	wnt_beta_catenin	WNT/beta-catenin	neurogenic_permissive	dentate neurogenic permissive and granule fate signaling	dentate_candidate	other_or_ambiguous	0.3333333333333333	1.0	-0.6666666666666667	1.0	1.0	1
