architecture	replicate	seed	n_inputs	n_outputs	expansion_ratio	input_degree	output_active_fraction_parameter	observed_output_active_fraction	median_input_hamming_distance	median_output_hamming_distance	median_input_jaccard_distance	median_output_jaccard_distance	separation_gain	near_pair_input_jaccard_distance	near_pair_output_jaccard_distance	near_pair_separation_gain	distance_spearman_correlation	collapse_rate	output_entropy_bits	active_fraction_penalty	information_retention_score	useful_pattern_separation_score	relative_wiring_cost	relative_active_output_load	relative_wiring_activity_cost	resource_adjusted_useful_score	loss_cerebellar_stem_input	loss_dentate_stem_lower_bound	loss_branch_complexity_overfit	morphology_sparse_sampling_score	loss_dandi_active_exact_match	loss_excessive_silence	dandi_activity_proxy_score	z_useful	z_resource_adjusted	z_information_retention	z_distance_structure	z_low_collapse	z_morphology	z_dandi_activity_proxy	empirical_calibration_score	resource_constrained_calibration_score	activity_exact_match_score	rank_empirical_calibration	rank_resource_constrained_calibration	rank_activity_exact_match
intermediate	2	30134	64	32	0.5	2	0.05	0.0625	0.265625	0.125	0.9090909090909092	1.0	1.09999999879	0.8125	1.0	1.230769229254438	0.2803390667235129	0.0115578865578865	0.308748480839547	0.8944271838444985	0.0855538766414581	0.0941805696704226	1.0	0.03125	0.0625	1.5068890906165375	0.9999999996393262	0.41503749903839454	0.0	-0.7037593745431943	3.134651410025072	0.0	-0.783662852506268	-0.1276320319308251	17.701903039672114	-0.21314057674990722	-0.5107170471124424	-0.7584850859431211	0.3967592703304354	0.2244582683855599	4.103323017540856	5.267799677894036	-3.134651410025072	1.0	1.0	181.0
intermediate	1	20184	64	32	0.5	2	0.1	0.09375	0.296875	0.1875	0.9	1.0	1.1111111098765432	0.7916666666666666	0.8	1.0105263145130194	0.3330651138734721	0.002039627039627	0.4146081652375701	0.7302967394453056	0.1378098605782197	0.1017014821556808	1.0	0.046875	0.09375	1.084815798089227	0.9999999996393262	0.41503749903839454	0.0	-0.7037593745431943	2.5496889169982895	0.0	-0.6374222292495724	-0.0633619126845412	12.501702487266556	0.19104641907924597	-0.2985884813018547	-0.13385030928407826	0.3967592703304354	0.6431868776574539	3.033956960686387	3.8646214935254974	-2.5496889169982895	2.0	2.0	151.0
intermediate	2	30184	64	32	0.5	2	0.1	0.09375	0.296875	0.1875	0.9	1.0	1.1111111098765432	0.8095238095238095	1.0	1.2352941161211073	0.2656501323806623	0.0018453768453768	0.4246106427132985	0.7302967394453056	0.1125897188631589	0.1015707055332009	1.0	0.046875	0.09375	1.0834208474643212	0.9999999996393262	0.41503749903839454	0.0	-0.7037593745431943	2.5496889169982895	0.0	-0.6374222292495724	-0.06447946712196939	12.484515844238807	-0.004025083670217949	-0.5698138833795848	-0.12110266078083208	0.3967592703304354	0.6431868776574539	2.9683036522948307	3.8312560291675917	-2.5496889169982895	3.0	3.0	151.0
intermediate	3	40134	64	32	0.5	2	0.05	0.0625	0.296875	0.125	0.9	1.0	1.1111111098765432	0.8	1.0	1.2499999984375	0.1998979846194089	0.005050505050505	0.3160077922565	0.8944271838444985	0.0628502838223855	0.0702687528660187	1.0	0.03125	0.0625	1.1243000278674988	0.9999999996393262	0.41503749903839454	0.0	-0.7037593745431943	3.134651410025072	0.0	-0.783662852506268	-0.3319709762313547	12.988172295092625	-0.3887472017667545	-0.834349337059452	-0.33143886108438736	0.3967592703304354	0.2244582683855599	2.885004010928596	3.8291762943934295	-3.134651410025072	4.0	4.0	181.0
intermediate	2	30185	64	64	1.0	2	0.05	0.046875	0.3125	0.09375	0.9	1.0	1.1111111098765432	0.8	1.0	1.2499999984375	0.3225044280005147	0.0012626262626262	0.2557574309595406	0.9682458468798096	0.0823787588977068	0.0997036138426428	2.0	0.046875	0.09375	1.0635052029774676	0.9999999996393262	0.41503749903839454	0.0	-0.7037593745431943	3.5496889016095423	0.0	-0.8874222254023856	-0.08043473928224572	12.239142949777953	-0.2376993201811616	-0.3410764596218513	-0.08285971527109356	0.3967592703304354	-0.07263440630478776	2.860185645505442	3.687435201273501	-3.5496889016095423	5.0	6.0	241.0
intermediate	1	20134	64	32	0.5	2	0.05	0.0625	0.28125	0.125	0.9	1.0	1.1111111098765432	0.8	1.0	1.2499999984375	0.2020298424274728	0.0087412587412587	0.3082309193487993	0.8944271838444985	0.0617275097660253	0.0690134533209329	1.0	0.03125	0.0625	1.104215235467483	0.9999999996393262	0.41503749903839454	0.0	-0.7037593745431943	3.134651410025072	0.0	-0.783662852506268	-0.34269816546678444	12.740715395111788	-0.3974315789164476	-0.8257724009191322	-0.5736441826460581	0.3967592703304354	0.2244582683855599	2.8025288219494287	3.7272705978234715	-3.134651410025072	6.0	5.0	181.0
intermediate	3	40184	64	32	0.5	2	0.1	0.09375	0.296875	0.1875	0.9047619047619048	1.0	1.10526315667313	0.8095238095238095	0.8	0.988235292896886	0.3112375444012387	0.0032051282051282	0.4219805768136896	0.7302967394453056	0.1309152491583042	0.0944821914919251	1.0	0.046875	0.09375	1.0078100318305616	0.9999999996393262	0.41503749903839454	0.0	-0.7037593745431943	2.5496889169982895	0.0	-0.6374222292495724	-0.12505451617416063	11.552944450862691	0.13771832022271296	-0.38640562780834037	-0.21033620030355527	0.3967592703304354	0.6431868776574539	2.7644814592459834	3.5520077579759866	-2.5496889169982895	7.0	7.0	151.0
intermediate	1	20185	64	64	1.0	2	0.05	0.046875	0.296875	0.09375	0.9047619047619048	1.0	1.10526315667313	0.8148148148148148	1.0	1.227272725766529	0.2868696058748382	9.712509712509713e-05	0.2582274367175179	0.9682458468798096	0.0740704082028381	0.088017993447225	2.0	0.046875	0.09375	0.9388585867559088	0.9999999996393262	0.41503749903839454	0.0	-0.7037593745431943	3.5496889016095423	0.0	-0.8874222254023856	-0.18029445946279846	10.703420566943477	-0.3019623395459472	-0.48444324167808983	-0.006373824251622898	0.3967592703304354	-0.07263440630478776	2.443866401564885	3.2047556785842763	-3.5496889016095423	8.0	8.0	241.0
intermediate	1	20235	64	64	1.0	2	0.1	0.09375	0.3125	0.15625	0.9	0.9090909090909092	1.0101010089786755	0.8	0.9090909090909092	1.1363636349431818	0.4174605624729006	9.712509712509713e-05	0.418843527454656	0.7302967394453056	0.174833672172548	0.1450914324696144	2.0	0.09375	0.1875	0.7738209690442318	0.9999999996393262	0.41503749903839454	0.0	-0.7037593745431943	2.5496889169982895	0.0	-0.6374222292495724	0.3074278400526371	8.670056395396356	0.4774163628653146	0.04095310089603969	-0.006373824251622898	0.3967592703304354	0.6431868776574539	2.3138818963078283	2.844988756583029	-2.5496889169982895	9.0	12.0	151.0
intermediate	3	40185	64	64	1.0	2	0.05	0.046875	0.28125	0.09375	0.9047619047619048	1.0	1.10526315667313	0.8076923076923077	1.0	1.2380952365623583	0.2757815939378391	0.0002913752913752	0.2525023697250654	0.9682458468798096	0.0696152159300105	0.0834533682919491	2.0	0.046875	0.09375	0.8901692522856527	0.9999999996393262	0.41503749903839454	0.0	-0.7037593745431943	3.5496889016095423	0.0	-0.8874222254023856	-0.21930156180831883	10.103538251499172	-0.3364221400307037	-0.5290527695495171	-0.019121472754862694	0.3967592703304354	-0.07263440630478776	2.277289128446848	3.0105458285588433	-3.5496889016095423	10.0	9.0	241.0
intermediate	2	30284	64	32	0.5	2	0.2	0.1875	0.3125	0.3125	0.9	0.9090909090909092	1.0101010089786755	0.8	0.8	0.99999999875	0.3919219393442693	0.0006798756798756	0.6627215079195508	0.5163977781172615	0.2595585110522209	0.1340354382312472	1.0	0.09375	0.1875	0.7148556667540883	0.9999999996393262	0.41503749903839454	0.0	-0.7037593745431943	1.5496889246926628	0.0	-0.3874222311731657	0.21294860372607682	7.943567885057541	1.132741849422524	-0.061794436419733714	-0.04461676976135504	0.3967592703304354	1.359008167127492	2.246327717441819	2.7384119491221823	-1.5496889246926628	11.0	15.0	81.0
intermediate	2	30235	64	64	1.0	2	0.1	0.09375	0.28125	0.15625	0.9090909090909092	0.9090909090909092	0.9999999989	0.8125	0.9090909090909092	1.1188811175040343	0.407242026433899	0.0	0.4212160590555693	0.7302967394453056	0.1715368814562909	0.1401653986774414	2.0	0.09375	0.1875	0.7475487889594273	0.9999999996393262	0.41503749903839454	0.0	-0.7037593745431943	2.5496889169982895	0.0	-0.6374222292495724	0.2653323124348453	8.346367103018165	0.45191650935391636	-0.00015833286026238288	-0.0	0.3967592703304354	0.6431868776574539	2.2162185073365284	2.7362752677444657	-2.5496889169982895	12.0	16.0	151.0
intermediate	1	20284	64	32	0.5	2	0.2	0.1875	0.28125	0.3125	0.9047619047619048	0.9090909090909092	1.0047846878846638	0.8095238095238095	0.8	0.988235292896886	0.3916947646768946	0.0005827505827505	0.660298350435448	0.5163977781172615	0.2584846870562109	0.1319105541681774	1.0	0.09375	0.1875	0.7035229518114908	0.9999999996393262	0.41503749903839454	0.0	-0.7037593745431943	1.5496889246926628	0.0	-0.3874222311731657	0.19479036130726007	7.803941920685638	1.1244360887746763	-0.0627084104227843	-0.03824294550973196	0.3967592703304354	1.359008167127492	2.2066566497385054	2.6922840296548336	-1.5496889246926628	13.0	17.0	81.0
intermediate	3	40235	64	64	1.0	2	0.1	0.09375	0.265625	0.15625	0.9090909090909092	0.9090909090909092	0.9999999989	0.8125	0.9090909090909092	1.1188811175040343	0.397130791681166	0.0	0.4182185305326391	0.7302967394453056	0.1660874561261608	0.1357125902348718	2.0	0.09375	0.1875	0.7238004773923806	0.9999999996393262	0.41503749903839454	0.0	-0.7037593745431943	2.5496889169982895	0.0	-0.6374222292495724	0.227280742210387	8.053773411078597	0.40976656427114705	-0.0408380697760817	-0.0	0.3967592703304354	0.6431868776574539	2.123686617801703	2.6345643543552884	-2.5496889169982895	14.0	18.0	151.0
excessively_sparse	1	20094	64	32	0.5	2	0.01	0.03125	0.28125	0.0625	0.9055059523809524	1.0	1.104354970021156	0.8076923076923077	1.0	1.2380952365623583	0.2057702255131368	0.0731351981351981	0.172709033390829	0.7905694276912053	0.0329392705240463	0.032240965979882	1.0	0.015625	0.03125	1.031710878341478	0.9999999996393262	0.41503749903839454	0.0	-0.7037593745431943	4.134651386941952	0.0	-1.033662846735488	-0.6569382461783032	11.847417466401776	-0.6201014256560614	-0.8107240113198237	-4.79948966147204	0.3967592703304354	-0.4913630100688859	2.0948738735623436	2.904657114251902	-4.134651386941952	15.0	10.0	271.0
intermediate	3	40114	64	32	0.5	2	0.03	0.03125	0.3125	0.0625	0.9	1.0	1.1111111098765432	0.7916666666666666	1.0	1.2631578931412744	0.2022813116127612	0.0707070707070707	0.1700449067354524	0.7905694276912053	0.0319648022486016	0.0319204994374977	1.0	0.015625	0.03125	1.0214559493133375	0.9999999996393262	0.41503749903839454	0.0	-0.7037593745431943	4.134651386941952	0.0	-1.033662846735488	-0.6596767999021838	11.721070482261421	-0.627638694598494	-0.8247606846895982	-4.640144055181469	0.3967592703304354	-0.4913630100688859	2.073771075082602	2.881009278552711	-4.134651386941952	16.0	11.0	271.0
intermediate	1	20114	64	32	0.5	2	0.03	0.03125	0.28125	0.0625	0.9090909090909092	1.0	1.09999999879	0.8095238095238095	1.0	1.2352941161211073	0.2387689901219229	0.1031468531468531	0.1587171821476579	0.7905694276912053	0.0339878116871501	0.033192012989217	1.0	0.015625	0.03125	1.062144381666326	0.9999999996393262	0.41503749903839454	0.0	-0.7037593745431943	4.134651386941952	0.0	-1.033662846735488	-0.6488110535246735	12.22237680072467	-0.6119912214116823	-0.6779626725061216	-6.769001355223514	0.3967592703304354	-0.4913630100688859	2.0443147628880953	2.823035714341005	-4.134651386941952	17.0	14.0	271.0
intermediate	2	30114	64	32	0.5	2	0.03	0.03125	0.28125	0.0625	0.9090909090909092	1.0	1.09999999879	0.8181818181818182	1.0	1.222222220728395	0.2034171099201942	0.0732323232323232	0.1735557511510571	0.7905694276912053	0.0327188000415852	0.0316145903235609	1.0	0.015625	0.03125	1.0116668579806125	0.9999999996393262	0.41503749903839454	0.0	-0.7037593745431943	4.134651386941952	0.0	-1.033662846735488	-0.6622909528084674	11.600462902826171	-0.6218067098218479	-0.8201911165344014	-4.8058634857236635	0.3967592703304354	-0.4913630100688859	2.032342452836324	2.8286070288031575	-4.134651386941952	18.0	13.0	271.0
intermediate	1	20168	64	32	0.5	4	0.05	0.0625	0.296875	0.125	0.9	1.0	1.1111111098765432	0.8076923076923077	1.0	1.2380952365623583	0.2631270003666137	0.0036907536907536	0.3267671655410997	0.8944271838444985	0.085663928419365	0.0948630381007849	2.0	0.03125	0.125	0.7589042987350455	0.0	1.4150374986777208	0.0	-0.3537593746694302	3.134651410025072	0.0	-0.783662852506268	-0.12179998329481388	8.486273913644416	-0.21228935371004104	-0.5799650023126743	-0.24220532156166416	0.6744907594765952	0.2244582683855599	1.9499543258216536	2.6115793075362865	-3.134651410025072	19.0	19.0	181.0
intermediate	2	30168	64	32	0.5	4	0.05	0.0625	0.3125	0.125	0.8947368421052632	1.0	1.1176470575743944	0.8	1.0	1.2499999984375	0.2552186318724755	0.0057303807303807	0.3212225112104985	0.8944271838444985	0.0815121819375872	0.0911333890604039	2.0	0.03125	0.125	0.729067106650695	0.0	1.4150374986777208	0.0	-0.3537593746694302	3.134651410025072	0.0	-0.783662852506268	-0.15367177930918358	8.118661497729162	-0.24440207672267783	-0.6117821203642494	-0.37605563084574894	0.6744907594765952	0.2244582683855599	1.8331332164278105	2.4767192841785324	-3.134651410025072	20.0	20.0	181.0
intermediate	3	40284	64	32	0.5	2	0.2	0.1875	0.28125	0.3125	0.9047619047619048	0.9090909090909092	1.0047846878846638	0.8076923076923077	0.8	0.9904761892498868	0.3462305926443203	0.0002913752913752	0.6355730185243642	0.5163977781172615	0.2199907043342972	0.1125207802051359	1.0	0.09375	0.1875	0.6001108245601342	0.9999999996393262	0.41503749903839454	0.0	-0.7037593745431943	1.5496889246926628	0.0	-0.3874222311731657	0.029094631273727387	6.529841401228719	0.8266947381822097	-0.2456208442262593	-0.019121472754862694	0.3967592703304354	1.359008167127492	1.7841227519928533	2.2341656724976677	-1.5496889246926628	21.0	22.0	81.0
intermediate	3	40335	64	64	1.0	2	0.2	0.203125	0.28125	0.3125	0.9047619047619048	0.8695652173913043	0.9610983971070696	0.8095238095238095	0.7619047619047619	0.9411764694256056	0.5706871074591872	9.712509712509713e-05	0.6623446597102836	0.4961389371355688	0.377954845524319	0.1764876377525022	2.0	0.203125	0.40625	0.4344311072444828	0.9999999996393262	0.41503749903839454	0.0	-0.7037593745431943	1.4342117078646017	0.0	-0.35855292696615043	0.5757247869147616	4.488566170691599	2.0485079520256737	0.6574174290412532	-0.006373824251622898	0.3967592703304354	1.4416692180177912	1.7618295999778804	1.9197889339360976	-1.4342117078646017	22.0	30.0	8.0
intermediate	2	30335	64	64	1.0	2	0.2	0.203125	0.28125	0.3125	0.9	0.8695652173913043	0.9661835738056898	0.8095238095238095	0.8181818181818182	1.0106951859172697	0.5111048791126444	0.0	0.6812811628970057	0.4961389371355688	0.3482061264041958	0.1746063029907979	2.0	0.203125	0.40625	0.4298001293809175	0.9999999996393262	0.41503749903839454	0.0	-0.7037593745431943	1.4342117078646017	0.0	-0.35855292696615043	0.5596478002839614	4.431509697158079	1.8184090331060914	0.4177049277228068	-0.0	0.3967592703304354	1.4416692180177912	1.6787553404759716	1.8655791391371062	-1.4342117078646017	23.0	34.0	8.0
intermediate	1	20286	64	128	2.0	2	0.05	0.046875	0.296875	0.09375	0.9	1.0	1.1111111098765432	0.8	0.9090909090909092	1.1363636349431818	0.4059787940196629	0.0	0.2545162015203639	0.9682458468798096	0.1033281805517028	0.1136898654088347	4.0	0.09375	0.1875	0.6063459456132735	0.9999999996393262	0.41503749903839454	0.0	-0.7037593745431943	3.5496889016095423	0.0	-0.8874222254023856	0.039085074002327885	6.6066618978555045	-0.07566077139153564	-0.005240596652107355	-0.0	0.3967592703304354	-0.07263440630478776	1.611235043064529	2.054186602199234	-3.5496889016095423	24.0	25.0	241.0
intermediate	3	40165	64	64	1.0	2	0.03	0.03125	0.3125	0.0625	0.9	1.0	1.1111111098765432	0.8	1.0	1.2499999984375	0.2478749675255183	0.0026223776223776	0.1840857945670595	0.7905694276912053	0.0455106005765734	0.0449741117584132	2.0	0.03125	0.0625	0.7195857766212395	0.9999999996393262	0.41503749903839454	0.0	-0.7037593745431943	4.134651386941952	0.0	-1.033662846735488	-0.5481268753279452	8.00184572537483	-0.5228653247406766	-0.6413273085571706	-0.17209325479381676	0.3967592703304354	-0.4913630100688859	1.6070377205292694	2.2500729219190196	-4.134651386941952	25.0	21.0	271.0
intermediate	1	20436	64	128	2.0	2	0.2	0.203125	0.28125	0.3125	0.9090909090909092	0.8695652173913043	0.9565217380782608	0.8125	0.7906976744186046	0.9731663673174624	0.6867781518516813	0.0	0.6847756587073685	0.4961389371355688	0.4702889613200642	0.2270676097138496	4.0	0.40625	0.8125	0.2794678269961622	0.9999999996393262	0.41503749903839454	0.0	-0.7037593745431943	1.4342117078646017	0.0	-0.35855292696615043	1.0079570241334999	2.5793239849928873	2.7626892967150605	1.1244774132724455	-0.0	0.3967592703304354	1.4416692180177912	1.6004050482387748	1.5412273097988018	-1.4342117078646017	26.0	44.0	8.0
intermediate	2	30286	64	128	2.0	2	0.05	0.046875	0.28125	0.09375	0.9090909090909092	1.0	1.09999999879	0.8181818181818182	0.9090909090909092	1.1111111097530864	0.401212698875363	0.0	0.2606321031776551	0.9682458468798096	0.1045689095294691	0.1124982358232343	4.0	0.09375	0.1875	0.5999905878573003	0.9999999996393262	0.41503749903839454	0.0	-0.7037593745431943	3.5496889016095423	0.0	-0.8874222254023856	0.028901977773771202	6.528360011670161	-0.06606404235915503	-0.024415653045044866	-0.0	0.3967592703304354	-0.07263440630478776	1.5894012290225854	2.030098926452777	-3.5496889016095423	27.0	27.0	241.0
intermediate	2	30436	64	128	2.0	2	0.2	0.203125	0.296875	0.3125	0.9	0.8695652173913043	0.9661835738056898	0.8	0.7906976744186046	0.9883720917877906	0.6814857586829046	0.0	0.6788628668535561	0.4961389371355688	0.4626353758593473	0.2268624533340327	4.0	0.40625	0.8125	0.2792153268366983	0.9999999996393262	0.41503749903839454	0.0	-0.7037593745431943	1.4342117078646017	0.0	-0.35855292696615043	1.006203855881534	2.576213028929157	2.70349072304678	1.1031849433589442	-0.0	0.3967592703304354	1.4416692180177912	1.5863825414212884	1.5310636032790477	-1.4342117078646017	28.0	45.0	8.0
intermediate	3	40436	64	128	2.0	2	0.2	0.203125	0.296875	0.3125	0.9047619047619048	0.8695652173913043	0.9610983971070696	0.8076923076923077	0.7906976744186046	0.9789590242586088	0.670206667904743	0.0	0.6898776073336172	0.4961389371355688	0.4623605724731603	0.2245683866236247	4.0	0.40625	0.8125	0.2763918601196712	0.9999999996393262	0.41503749903839454	0.0	-0.7037593745431943	1.4342117078646017	0.0	-0.35855292696615043	0.9865998595146236	2.541426195832787	2.701365187428869	1.057806662988069	-0.0	0.3967592703304354	1.4416692180177912	1.5676241580471133	1.5163879237340674	-1.4342117078646017	29.0	48.0	8.0
intermediate	1	20335	64	64	1.0	2	0.2	0.203125	0.296875	0.3125	0.9047619047619048	0.8695652173913043	0.9610983971070696	0.8	0.7619047619047619	0.9523809511904762	0.5080993164079863	0.0	0.6735425994999662	0.4961389371355688	0.3422265343775909	0.1617065798223307	2.0	0.203125	0.40625	0.3980469647366985	0.9999999996393262	0.41503749903839454	0.0	-0.7037593745431943	1.4342117078646017	0.0	-0.35855292696615043	0.4494129387686201	4.040291330000181	1.7721583809235162	0.40561288326934	-0.0	0.3967592703304354	1.4416692180177912	1.5444628492955703	1.7192290588592822	-1.4342117078646017	30.0	36.0	8.0
intermediate	2	30165	64	64	1.0	2	0.03	0.03125	0.296875	0.0625	0.8947368421052632	1.0	1.1176470575743944	0.8	1.0	1.2499999984375	0.2368744996966483	0.0024281274281274	0.1870818840940904	0.7905694276912053	0.0442073254056772	0.0436861998775486	2.0	0.03125	0.0625	0.6989791868571115	0.9999999996393262	0.41503749903839454	0.0	-0.7037593745431943	4.134651386941952	0.0	-1.033662846735488	-0.5591327539795212	7.747959963418736	-0.5329458329691837	-0.6855846270917253	-0.1593456062905706	0.3967592703304354	-0.4913630100688859	1.537803080183039	2.1714687062179245	-4.134651386941952	31.0	23.0	271.0
intermediate	3	40286	64	128	2.0	2	0.05	0.046875	0.28125	0.09375	0.9047619047619048	1.0	1.10526315667313	0.8076923076923077	0.9090909090909092	1.1255411241475983	0.3921645273400967	0.0	0.2570050260833668	0.9682458468798096	0.1007882545780127	0.1098390921430161	4.0	0.09375	0.1875	0.5858084883051076	0.9999999996393262	0.41503749903839454	0.0	-0.7037593745431943	3.5496889016095423	0.0	-0.8874222254023856	0.0061782083168581735	6.353627889947934	-0.09530646498667683	-0.060818451182467946	-0.0	0.3967592703304354	-0.07263440630478776	1.5321989484746195	1.968748172650598	-3.5496889016095423	32.0	28.0	241.0
intermediate	3	40336	64	128	2.0	2	0.1	0.1015625	0.296875	0.1875	0.9090909090909092	0.96	1.0559999988384	0.8125	0.8695652173913043	1.0702341123951633	0.5315996044825991	0.0	0.4416943636527723	0.7016464119913641	0.2348045490200071	0.1763208231559806	4.0	0.203125	0.40625	0.4340204867002095	0.9999999996393262	0.41503749903839454	0.0	-0.7037593745431943	2.434211700762103	0.0	-0.6085529251905257	0.5742992691958041	4.483507074987218	0.9412761301897298	0.5001597471983786	-0.0	0.3967592703304354	0.7258479281240764	1.5170658302771445	1.7167476463360765	-2.434211700762103	33.0	37.0	91.0
excessively_sparse	3	40094	64	32	0.5	2	0.01	0.03125	0.28125	0.0625	0.9047619047619048	1.0	1.10526315667313	0.8095238095238095	1.0	1.2352941161211073	0.1781610572572484	0.0877039627039627	0.1692814834002205	0.7905694276912053	0.0275142719654423	0.0268700462645875	1.0	0.015625	0.03125	0.8598414529518746	0.9999999996393262	0.41503749903839454	0.0	-0.7037593745431943	4.134651386941952	0.0	-1.033662846735488	-0.7028355560114922	9.729881254856691	-0.6620624357565158	-0.9218018102810785	-5.755563299215477	0.3967592703304354	-0.4913630100688859	1.4786672833045487	2.1583152735323266	-4.134651386941952	34.0	24.0	271.0
intermediate	2	30336	64	128	2.0	2	0.1	0.1015625	0.3125	0.1875	0.9	0.96	1.0666666654814814	0.8	0.9166666666666666	1.1458333319010416	0.4910662123395926	0.0	0.4454422937220935	0.7016464119913641	0.2187416599939687	0.1758616987141139	4.0	0.203125	0.40625	0.4328903342307041	0.9999999996393262	0.41503749903839454	0.0	-0.7037593745431943	2.434211700762103	0.0	-0.6085529251905257	0.5703758114125237	4.469582906838521	0.8170336918954201	0.3370849329935597	-0.0	0.3967592703304354	0.7258479281240764	1.4739543414286809	1.6931493385906649	-2.434211700762103	35.0	38.0	91.0
intermediate	3	40638	64	256	4.0	2	0.2	0.19921875	0.296875	0.3125	0.9090909090909092	0.8791208791208791	0.9670329659692308	0.8125	0.8	0.9846153834035504	0.7837485976992224	0.0	0.6764777911729025	0.5009794316107594	0.5301885202064298	0.2615271809700016	8.0	0.796875	1.59375	0.1640954859958626	0.9999999996393262	0.41503749903839454	0.0	-0.7037593745431943	1.4622260838949335	0.0	-0.36555652097373337	1.3024320307433757	1.1578663329116212	3.2259974374070515	1.5146109945960753	-0.0	0.3967592703304354	1.421615931089763	1.4633149055698365	1.2421785722537946	-1.4622260838949335	36.0	57.0	53.0
intermediate	3	40218	64	32	0.5	4	0.1	0.09375	0.3125	0.1875	0.8947368421052632	1.0	1.1176470575743944	0.8	1.0	1.2499999984375	0.267209047478192	0.002039627039627	0.4308429113534242	0.7302967394453056	0.1148903116397196	0.1048800248493278	2.0	0.046875	0.1875	0.5593601295464943	0.0	1.4150374986777208	0.0	-0.3537593746694302	2.5496889169982895	0.0	-0.6374222292495724	-0.036199607797930855	6.027767968787768	0.013769427368166085	-0.5635420226630224	-0.13385030928407826	0.6744907594765952	0.6431868776574539	1.451631428107311	1.956828348031753	-2.5496889169982895	37.0	29.0	151.0
intermediate	3	40168	64	32	0.5	4	0.05	0.0625	0.28125	0.125	0.9130434782608696	1.0	1.0952380940385489	0.8125	1.0	1.230769229254438	0.2197085188354614	0.0054390054390054	0.321378735934617	0.8944271838444985	0.0702255998084551	0.0773066897146591	2.0	0.03125	0.125	0.6184535127696453	0.0	1.4150374986777208	0.0	-0.3537593746694302	3.134651410025072	0.0	-0.783662852506268	-0.27182813566559266	6.755834514388162	-0.331700973045701	-0.7546471701353752	-0.3569341580908797	0.6744907594765952	0.2244582683855599	1.4445003721513088	2.033057230731984	-3.134651410025072	38.0	26.0	181.0
intermediate	1	20218	64	32	0.5	4	0.1	0.09375	0.296875	0.1875	0.9	1.0	1.1111111098765432	0.7916666666666666	0.8	1.0105263145130194	0.3221467533025475	0.0011655011655011	0.4258137418560451	0.7302967394453056	0.1370146373940649	0.1011146201116023	2.0	0.046875	0.1875	0.5392779710523967	0.0	1.4150374986777208	0.0	-0.3537593746694302	2.5496889169982895	0.0	-0.6374222292495724	-0.06837695489224854	5.780343520135299	0.18489556618924588	-0.34251546415201695	-0.07648589101947048	0.6744907594765952	0.6431868776574539	1.4407344175443726	1.9075709066667712	-2.5496889169982895	39.0	32.0	151.0
intermediate	1	20336	64	128	2.0	2	0.1	0.1015625	0.296875	0.171875	0.896551724137931	0.9166666666666666	1.022435896295488	0.8	0.8695652173913043	1.0869565203804348	0.5047376252563212	0.0	0.43923517320905	0.7016464119913641	0.2216985182545848	0.1690804018290096	4.0	0.203125	0.40625	0.4161979111699981	0.9999999996393262	0.41503749903839454	0.0	-0.7037593745431943	2.434211700762103	0.0	-0.6085529251905257	0.512426093169639	4.263922067457991	0.8399042526889426	0.392088055195794	-0.0	0.3967592703304354	0.7258479281240764	1.4179868320324036	1.6232917272469574	-2.434211700762103	40.0	40.0	91.0
intermediate	1	20638	64	256	4.0	2	0.2	0.19921875	0.296875	0.3046875	0.9047619047619048	0.8666666666666667	0.9578947357833796	0.8125	0.8	0.9846153834035504	0.7767584335084308	0.0	0.6661534900075967	0.5009794316107594	0.5174403413744749	0.2552388605983637	8.0	0.796875	1.59375	0.1601498732161342	0.9999999996393262	0.41503749903839454	0.0	-0.7037593745431943	1.4622260838949335	0.0	-0.36555652097373337	1.2486950538890134	1.109253975484636	3.1273934553135136	1.4864880158270455	-0.0	0.3967592703304354	1.421615931089763	1.416040571614399	1.2020568723407956	-1.4622260838949335	41.0	59.0	53.0
intermediate	2	30218	64	32	0.5	4	0.1	0.09375	0.28125	0.1875	0.9090909090909092	1.0	1.09999999879	0.8181818181818182	1.0	1.222222220728395	0.2634570361655986	0.0011655011655011	0.4345635357646412	0.7302967394453056	0.1143553843036987	0.1020718895691417	2.0	0.046875	0.1875	0.5443834081320447	0.0	1.4150374986777208	0.0	-0.3537593746694302	2.5496889169982895	0.0	-0.6374222292495724	-0.060196588173784996	5.8432456207702	0.009631897909437791	-0.5786371951947671	-0.07648589101947048	0.6744907594765952	0.6431868776574539	1.4029617909832786	1.9017880599589632	-2.5496889169982895	42.0	33.0	151.0
intermediate	3	41042	64	512	8.0	2	0.2	0.19921875	0.296875	0.3046875	0.9047619047619048	0.8666666666666667	0.9578947357833796	0.8	0.7928994082840237	0.9911242591161245	0.85768670957625	0.0	0.6666887332326135	0.5009794316107594	0.5718100659178386	0.2839224919743807	16.0	1.59375	3.1875	0.08907372294441	0.9999999996393262	0.41503749903839454	0.0	-0.7037593745431943	1.4622260838949335	0.0	-0.36555652097373337	1.4938116421442977	0.2335524268443255	3.54792970727338	1.81208039499714	-0.0	0.3967592703304354	1.421615931089763	1.3827606079219894	1.0514501631937394	-1.4622260838949335	43.0	70.0	53.0
intermediate	2	31042	64	512	8.0	2	0.2	0.19921875	0.28125	0.3046875	0.9047619047619048	0.8666666666666667	0.9578947357833796	0.8	0.7928994082840237	0.9911242591161245	0.8530429693482586	0.0	0.6704993678968612	0.5009794316107594	0.5719647717368689	0.2839993084983982	16.0	1.59375	3.1875	0.089097822246055	0.9999999996393262	0.41503749903839454	0.0	-0.7037593745431943	1.4622260838949335	0.0	-0.36555652097373337	1.4944680794008631	0.23384934494823234	3.549126318178398	1.793397599532517	-0.0	0.3967592703304354	1.421615931089763	1.3813627811152063	1.0518500177119772	-1.4622260838949335	44.0	69.0	53.0
intermediate	1	21042	64	512	8.0	2	0.2	0.19921875	0.296875	0.3046875	0.9	0.8666666666666667	0.962962961893004	0.8076923076923077	0.7928994082840237	0.9816849804695624	0.8454880437420098	0.0	0.6678764227683018	0.5009794316107594	0.564681530147783	0.2777126259561437	16.0	1.59375	3.1875	0.0871255296843978	0.9999999996393262	0.41503749903839454	0.0	-0.7037593745431943	1.4622260838949335	0.0	-0.36555652097373337	1.440745098652689	0.2095494969118358	3.492792261941833	1.7630024605018741	-0.0	0.3967592703304354	1.421615931089763	1.3473087389513363	1.0253653587159386	-1.4622260838949335	45.0	77.0	53.0
intermediate	1	20165	64	64	1.0	2	0.03	0.03125	0.2890625	0.0625	0.9	1.0	1.1111111098765432	0.8	1.0	1.2499999984375	0.2255782886055464	0.0049533799533799	0.1795303515644697	0.7905694276912053	0.0402975467369876	0.0398225105267467	2.0	0.03125	0.0625	0.6371601582333855	0.9999999996393262	0.41503749903839454	0.0	-0.7037593745431943	4.134651386941952	0.0	-1.033662846735488	-0.5921499943467464	6.98631180304035	-0.5631869953280623	-0.7310317862734839	-0.3250650368327643	0.3967592703304354	-0.4913630100688859	1.3225170148032537	1.9152626926229128	-4.134651386941952	46.0	31.0	271.0
intermediate	1	21850	64	1024	16.0	2	0.2	0.2001953125	0.28125	0.306640625	0.9047619047619048	0.8674033149171271	0.9587089259540412	0.8125	0.8011695906432749	0.986054879578117	0.882738167026929	0.0	0.6727969543378449	0.4997560367953682	0.5939035502534896	0.2926678767667997	32.0	3.203125	6.40625	0.0456847417320764	0.9999999996393262	0.41503749903839454	0.0	-0.7037593745431943	1.4551713263963086	0.0	-0.36379283159907716	1.5685455158019315	-0.30102630169271394	3.7188172954170065	1.9128679568897178	-0.0	0.3967592703304354	1.426665876738183	1.3164277175782844	0.9319089548681193	-1.4551713263963086	47.0	83.0	38.0
intermediate	3	41850	64	1024	16.0	2	0.2	0.2001953125	0.3125	0.306640625	0.8947368421052632	0.8674033149171271	0.9694507626474028	0.8	0.8011695906432749	1.001461987052266	0.864939154430556	0.0	0.6709284537775725	0.4997560367953682	0.5803122894937739	0.2904385674472187	32.0	3.203125	6.40625	0.045336751984684	0.9999999996393262	0.41503749903839454	0.0	-0.7037593745431943	1.4551713263963086	0.0	-0.36379283159907716	1.5494949051097897	-0.30531374775637204	3.6136922849943134	1.841258586967207	-0.0	0.3967592703304354	1.426665876738183	1.283981120660871	0.9110438473471896	-1.4551713263963086	48.0	87.0	38.0
intermediate	2	31850	64	1024	16.0	2	0.2	0.2001953125	0.3125	0.302734375	0.8947368421052632	0.8611111111111112	0.9624182995779508	0.7916666666666666	0.7869822485207101	0.9940828389810028	0.8794295473207501	0.0	0.6598502097851109	0.4997560367953682	0.580291771290822	0.2882883135724416	32.0	3.203125	6.40625	0.0450011025994053	0.9999999996393262	0.41503749903839454	0.0	-0.7037593745431943	1.4551713263963086	0.0	-0.36379283159907716	1.5311198644199016	-0.30944915302755005	3.613533581814578	1.8995566469959906	-0.0	0.3967592703304354	1.426665876738183	1.2836448514331458	0.9061044121508982	-1.4551713263963086	49.0	88.0	38.0
intermediate	2	30638	64	256	4.0	2	0.2	0.19921875	0.3125	0.296875	0.8846153846153846	0.8539325842696629	0.9653150941701324	0.7894736842105263	0.7857142857142857	0.9952380939774604	0.7227292547652279	0.0	0.6478968063204427	0.5009794316107594	0.4682539759967447	0.2334685361117228	8.0	0.796875	1.59375	0.1464900617821068	0.9999999996393262	0.41503749903839454	0.0	-0.7037593745431943	1.4622260838949335	0.0	-0.36555652097373337	1.0626562782046465	0.9409567621271034	2.746949193047999	1.2691166629903217	-0.0	0.3967592703304354	1.421615931089763	1.233341280725503	1.0572933138568354	-1.4622260838949335	50.0	68.0	53.0
intermediate	3	41952	64	1024	16.0	8	0.2	0.2001953125	0.296875	0.318359375	0.9	0.8858695652173914	0.9842995158145464	0.8	0.8285714285714286	1.035714284419643	0.8591422323663167	0.0	0.7002721766996505	0.4997560367953682	0.6016334011537575	0.3114081353523568	128.0	3.203125	25.625	0.0121525125986421	0.9999999998196631	2.4150374984973837	0.0	-1.2037593745161437	1.4551713263963086	0.0	-0.36379283159907716	1.7286907982208906	-0.7141638291087415	3.778605763228989	1.8179362855607417	-0.0	0.0	1.426665876738183	1.231643405522571	0.7696131692328132	-1.4551713263963086	51.0	115.0	38.0
excessively_sparse	2	30094	64	32	0.5	2	0.01	0.03125	0.296875	0.0625	0.9047619047619048	1.0	1.10526315667313	0.8095238095238095	1.0	1.2352941161211073	0.1559574123424935	0.0799339549339549	0.1709949030440108	0.7905694276912053	0.0245362500790091	0.0239617524901449	1.0	0.015625	0.03125	0.7667760551478046	0.9999999996393262	0.41503749903839454	0.0	-0.7037593745431943	4.134651386941952	0.0	-1.033662846735488	-0.7276884429521429	8.583258756729181	-0.6850966919145771	-1.0111319915885948	-5.245657359085643	0.3967592703304354	-0.4913630100688859	1.224232366381748	1.8568934022952175	-4.134651386941952	52.0	35.0	271.0
intermediate	2	30269	64	64	1.0	4	0.1	0.09375	0.296875	0.1875	0.9	1.0	1.1111111098765432	0.8076923076923077	0.9090909090909092	1.1255411241475983	0.4135161764375248	0.0	0.4321822873329382	0.7302967394453056	0.1787143669819403	0.1468994589944237	4.0	0.09375	0.375	0.3917318896071782	0.0	1.4150374986777208	0.0	-0.3537593746694302	2.5496889169982895	0.0	-0.6374222292495724	0.32287836956986077	3.962485750356951	0.5074325688300944	0.0250839622460694	-0.0	0.6744907594765952	0.6431868776574539	1.2149355180436787	1.4964937801237632	-2.5496889169982895	53.0	49.0	151.0
intermediate	2	30266	64	128	2.0	2	0.03	0.03125	0.3125	0.0625	0.8947368421052632	1.0	1.1176470575743944	0.7931034482758621	1.0	1.2608695636275993	0.3573401610278632	9.712509712509713e-05	0.1879735450106712	0.7905694276912053	0.0671639729020617	0.0669493792608406	4.0	0.0625	0.125	0.5355950298019648	0.9999999996393262	0.41503749903839454	0.0	-0.7037593745431943	4.134651386941952	0.0	-1.033662846735488	-0.36033675469851895	5.7349674362559	-0.35538189317041613	-0.20092458999591684	-0.006373824251622898	0.3967592703304354	-0.4913630100688859	1.2030130088991138	1.6492619170989844	-4.134651386941952	54.0	39.0	271.0
intermediate	3	40318	64	32	0.5	4	0.2	0.1875	0.296875	0.3125	0.9047619047619048	0.9090909090909092	1.0047846878846638	0.8	0.8	0.99999999875	0.3900304151823984	0.0002913752913752	0.6599036735103994	0.5163977781172615	0.2573075088576231	0.1328730257008728	2.0	0.09375	0.375	0.3543280675907861	0.0	1.4150374986777208	0.0	-0.3537593746694302	1.5496889246926628	0.0	-0.3874222311731657	0.20301518247074737	3.5016478358159935	1.1153309091608243	-0.06940445707067595	-0.019121472754862694	0.6744907594765952	1.359008167127492	1.1978487192523666	1.4593334365892785	-1.5496889246926628	55.0	51.0	81.0
dense_expansion	1	22088	64	1024	16.0	16	0.2	0.2001953125	0.296875	0.318359375	0.8947368421052632	0.8858695652173914	0.9900895129599256	0.7916666666666666	0.8285714285714286	1.0466165400313416	0.868990602258638	0.0	0.7003670335060749	0.4997560367953682	0.6086123702485398	0.3183364859822993	256.0	3.203125	51.25	0.0062114436288017	1.9999999997294946	3.4150374984072154	0.0	-2.0537593744395006	1.4551713263963086	0.0	-0.36379283159907716	1.7878971674000668	-0.7873614246112917	3.8325863476500612	1.8575584589220138	-0.0	-0.6744907595374132	1.426665876738183	1.1903732277410555	0.6326941001735615	-1.4551713263963086	56.0	137.0	38.0
intermediate	2	31952	64	1024	16.0	8	0.2	0.2001953125	0.296875	0.31640625	0.9047619047619048	0.8828337874659401	0.9757636587523004	0.8076923076923077	0.8285714285714286	1.025850338865954	0.846243377653295	0.0	0.6978619058280362	0.4997560367953682	0.590561016323483	0.3027658098085024	128.0	3.203125	25.625	0.011815251114017	0.9999999998196631	2.4150374984973837	0.0	-1.2037593745161437	1.4551713263963086	0.0	-0.36379283159907716	1.6548376195863224	-0.7183190964277204	3.6929636295619854	1.7660413361235063	-0.0	0.0	1.426665876738183	1.1893621723445527	0.7407496332601552	-1.4551713263963086	57.0	123.0	38.0
intermediate	1	20269	64	64	1.0	4	0.1	0.09375	0.28125	0.1875	0.9047619047619048	1.0	1.10526315667313	0.8	0.9090909090909092	1.1363636349431818	0.4083876629263198	0.0	0.4275654667854867	0.7302967394453056	0.1746124617285259	0.1449078537584796	4.0	0.09375	0.375	0.3864209423254897	0.0	1.4150374986777208	0.0	-0.3537593746694302	2.5496889169982895	0.0	-0.6374222292495724	0.3058590642320383	3.8970516386114267	0.4757053552815032	0.004450816492168817	-0.0	0.6744907594765952	0.6431868776574539	1.1866917127160266	1.4687006035002526	-2.5496889169982895	58.0	50.0	151.0
granule_like_sparse_expansion	2	30488	64	256	4.0	2	0.05	0.05078125	0.296875	0.1015625	0.9047619047619048	1.0	1.10526315667313	0.8095238095238095	0.96	1.1858823514762629	0.4951275332939566	0.0	0.2750611261399509	0.9922778669435472	0.1361903368907317	0.16025854832458	8.0	0.203125	0.40625	0.3944825795202398	0.9999999996393262	0.41503749903839454	0.0	-0.7037593745431943	3.4342116865571057	0.0	-0.8585529216392764	0.43703875449041857	3.996375928813276	0.17851980749133506	0.35342452672216695	-0.0	0.3967592703304354	0.01002664331448127	1.1811188995521746	1.392951686897578	-3.4342116865571057	59.0	52.0	196.0
intermediate	1	21952	64	1024	16.0	8	0.2	0.2001953125	0.296875	0.314453125	0.9	0.8797814207650273	0.9775349108749916	0.8	0.8252148997134671	1.0315186233524356	0.8404489216426541	0.0	0.6945540443294613	0.4997560367953682	0.5837371975792399	0.3009209962462123	128.0	3.203125	25.625	0.0117432583896378	0.9999999998196631	2.4150374984973837	0.0	-1.2037593745161437	1.4551713263963086	0.0	-0.36379283159907716	1.6390727256498558	-0.7192060907287439	3.6401830943862237	1.7427289561968657	-0.0	0.0	1.426665876738183	1.1729033890857952	0.7294134759061908	-1.4551713263963086	60.0	125.0	38.0
granule_like_sparse_expansion	1	20488	64	256	4.0	2	0.05	0.05078125	0.28125	0.09375	0.9047619047619048	0.96	1.061052630406205	0.8	0.96	1.1999999984999998	0.4925983004506014	0.0	0.2722792752858256	0.9922778669435472	0.1341243082537191	0.1597062987995021	8.0	0.203125	0.40625	0.3931231960772405	0.9999999996393262	0.41503749903839454	0.0	-0.7037593745431943	3.4342116865571057	0.0	-0.8585529216392764	0.4323194943075577	3.979627495173025	0.1625395915393842	0.34324886280152367	-0.0	0.3967592703304354	0.01002664331448127	1.1718838773638978	1.384586272376138	-3.4342116865571057	61.0	53.0	196.0
intermediate	3	41144	64	512	8.0	8	0.2	0.19921875	0.296875	0.31640625	0.9090909090909092	0.8852459016393442	0.9737704907321312	0.8	0.8342857142857143	1.0428571415535717	0.8126463131497229	0.0	0.7020626776877881	0.5009794316107594	0.5705286466230032	0.2980726788918077	64.0	1.59375	12.75	0.023378249323014	0.9999999998196631	2.4150374984973837	0.0	-1.2037593745161437	1.4622260838949335	0.0	-0.36555652097373337	1.6147323684953663	-0.5758559016734589	3.5380182487923038	1.6308729043175185	-0.0	0.0	1.421615931089763	1.1707148592350294	0.7519732370703693	-1.4622260838949335	62.0	120.0	53.0
intermediate	2	30219	64	64	1.0	4	0.05	0.046875	0.296875	0.09375	0.9047619047619048	1.0	1.10526315667313	0.8095238095238095	1.0	1.2352941161211073	0.2956902425566268	0.0002913752913752	0.2611548893964877	0.9682458468798096	0.0771984523129351	0.0923346291558524	4.0	0.046875	0.1875	0.4924513528714724	0.0	1.4150374986777208	0.0	-0.3537593746694302	3.5496889016095423	0.0	-0.8874222254023856	-0.1434065562622168	5.203411006178684	-0.2777676989242872	-0.4489558666521862	-0.019121472754862694	0.6744907594765952	-0.07263440630478776	1.1632951999434202	1.6200311200671123	-3.5496889016095423	63.0	41.0	241.0
intermediate	3	41884	64	1024	16.0	4	0.2	0.2001953125	0.28125	0.3125	0.9047619047619048	0.8767123287671232	0.9689978359874016	0.8	0.8218390804597702	1.0272988492905892	0.8031864821328277	0.0	0.688506073302263	0.4997560367953682	0.5529987709427314	0.283908906247298	64.0	3.203125	12.8125	0.0221587439004986	0.0	1.4150374986777208	0.0	-0.3537593746694302	1.4551713263963086	0.0	-0.36379283159907716	1.493695545021593	-0.5908809527347406	3.402429034798323	1.5928139089083388	-0.0	0.6744907594765952	1.426665876738183	1.1591678369318952	0.8380706241358731	-1.4551713263963086	64.0	102.0	38.0
dense_expansion	2	32088	64	1024	16.0	16	0.2	0.2001953125	0.296875	0.3203125	0.9047619047619048	0.8888888888888888	0.9824561392650046	0.8181818181818182	0.8385269121813032	1.024866224746756	0.8510524673797248	0.0	0.7055141538911869	0.4997560367953682	0.6004295614404135	0.3075298637376927	256.0	3.203125	51.25	0.0060005827069598	1.9999999997294946	3.4150374984072154	0.0	-2.0537593744395006	1.4551713263963086	0.0	-0.36379283159907716	1.6955489448044987	-0.789959359855375	3.7692943634515936	1.785389369243087	-0.0	-0.6744907595374132	1.426665876738183	1.1452827548320994	0.6039512774514528	-1.4551713263963086	65.0	143.0	38.0
dense_expansion	3	42088	64	1024	16.0	16	0.2	0.2001953125	0.28125	0.318359375	0.9047619047619048	0.8858695652173914	0.9791189920528274	0.8125	0.8352272727272727	1.0279720267068315	0.8527125170668748	0.0	0.7013456110293899	0.4997560367953682	0.5980461813146764	0.3072373901182306	256.0	3.203125	51.25	0.0059948759046289	1.9999999997294946	3.4150374984072154	0.0	-2.0537593744395006	1.4551713263963086	0.0	-0.36379283159907716	1.69304960520494	-0.7900296711429144	3.750859512926027	1.7920681168136738	-0.0	-0.6744907595374132	1.426665876738183	1.1419156666976702	0.6006650885664442	-1.4551713263963086	66.0	144.0	38.0
granule_like_sparse_expansion	2	30538	64	256	4.0	2	0.1	0.1015625	0.296875	0.1796875	0.9047619047619048	0.9387755102040816	1.0375939838155916	0.8	0.8936170212765957	1.117021275199468	0.6007819810503122	0.0	0.4429273111080177	0.7016464119913641	0.2661027474287629	0.2085590846884048	8.0	0.40625	0.8125	0.256688103915959	0.9999999996393262	0.41503749903839454	0.0	-0.7037593745431943	2.434211700762103	0.0	-0.6085529251905257	0.8497920258317907	2.2986638943342173	1.1833598847509064	0.7784957711172195	-0.0	0.3967592703304354	0.7258479281240764	1.1412501169913964	1.1527058066515503	-2.434211700762103	67.0	61.0	91.0
intermediate	1	20470	64	128	2.0	4	0.2	0.203125	0.296875	0.3125	0.8947368421052632	0.8695652173913043	0.97186700658643	0.7916666666666666	0.8181818181818182	1.0334928216610426	0.6250315401936503	0.0	0.6998625738568431	0.4961389371355688	0.4374361824616349	0.2242980403306941	8.0	0.40625	1.625	0.1380295631954859	0.0	1.4150374986777208	0.0	-0.3537593746694302	1.4342117078646017	0.0	-0.35855292696615043	0.9842896094593946	0.8367182561550023	2.508581250304578	0.8760571185094315	-0.0	0.6744907594765952	1.4416692180177912	1.1271898385104377	1.0311421990802747	-1.4342117078646017	68.0	76.0	8.0
intermediate	2	31076	64	512	8.0	4	0.2	0.19921875	0.296875	0.3125	0.9	0.8791208791208791	0.9768009757156424	0.7916666666666666	0.8208092485549133	1.0368116810754968	0.7595451804400394	0.0	0.6858894925757544	0.5009794316107594	0.5209640584003784	0.2705998423630655	32.0	1.59375	6.375	0.0424470340895087	0.0	1.4150374986777208	0.0	-0.3537593746694302	1.4622260838949335	0.0	-0.36555652097373337	1.3799626536240852	-0.34091683580017307	3.154648527202994	1.4172352862236395	-0.0	0.6744907594765952	1.421615931089763	1.1249536639433233	0.8528937075150214	-1.4622260838949335	69.0	100.0	53.0
intermediate	3	40266	64	128	2.0	2	0.03	0.03125	0.28125	0.0625	0.9	1.0	1.1111111098765432	0.8	1.0	1.2499999984375	0.3502794004323389	9.712509712509713e-05	0.185073198721396	0.7905694276912053	0.064821032723592	0.0640569083482326	4.0	0.0625	0.125	0.5124552626862193	0.9999999996393262	0.41503749903839454	0.0	-0.7037593745431943	4.134651386941952	0.0	-1.033662846735488	-0.38505442703337284	5.449871383346915	-0.37350395079522514	-0.2293315937373615	-0.006373824251622898	0.3967592703304354	-0.4913630100688859	1.1215663372005882	1.5560712581155967	-4.134651386941952	70.0	43.0	271.0
intermediate	3	40219	64	64	1.0	4	0.05	0.046875	0.296875	0.09375	0.8947368421052632	1.0	1.1176470575743944	0.8	1.0	1.2499999984375	0.2851405441532403	0.0	0.2617305149152421	0.9682458468798096	0.0746299814444399	0.0903252118699637	4.0	0.046875	0.1875	0.4817344607372229	0.0	1.4150374986777208	0.0	-0.3537593746694302	3.5496889016095423	0.0	-0.8874222254023856	-0.16057807485557232	5.071372354638114	-0.29763418015767273	-0.49139963994851893	-0.0	0.6744907594765952	-0.07263440630478776	1.1205072722362899	1.5759173959767483	-3.5496889016095423	71.0	42.0	241.0
intermediate	1	21884	64	1024	16.0	4	0.2	0.2001953125	0.28125	0.314453125	0.9090909090909092	0.8797814207650273	0.9677595617769946	0.8125	0.8252148997134671	1.0156491060896222	0.7868882312090818	0.0	0.6913437230017665	0.4997560367953682	0.5440102393503614	0.276126961242959	64.0	3.203125	12.8125	0.0215513725831342	0.0	1.4150374986777208	0.0	-0.3537593746694302	1.4551713263963086	0.0	-0.36379283159907716	1.4271947667746407	-0.5983641380392675	3.3329049859232307	1.527242435593788	-0.0	0.6744907594765952	1.426665876738183	1.1196801784206905	0.8120969055638607	-1.4551713263963086	72.0	105.0	38.0
intermediate	2	31884	64	1024	16.0	4	0.2	0.2001953125	0.28125	0.3125	0.9047619047619048	0.8767123287671232	0.9689978359874016	0.8125	0.8218390804597702	1.0114942516286474	0.7858121517267213	0.0	0.685796938266049	0.4997560367953682	0.5389075677064414	0.272417968639064	64.0	3.203125	12.8125	0.0212618902335845	0.0	1.4150374986777208	0.0	-0.3537593746694302	1.4551713263963086	0.0	-0.36379283159907716	1.3954994907821114	-0.6019307372548353	3.293437094074624	1.5229131294987923	-0.0	0.6744907594765952	1.426665876738183	1.1024123661887972	0.7987676868233935	-1.4551713263963086	73.0	108.0	38.0
intermediate	1	20266	64	128	2.0	2	0.03	0.03125	0.28125	0.0625	0.9047619047619048	1.0	1.10526315667313	0.8125	1.0	1.230769229254438	0.3465717215686059	0.0	0.1874452108128165	0.7905694276912053	0.064963209411188	0.0632097565808949	4.0	0.0625	0.125	0.505678048601735	0.9999999996393262	0.41503749903839454	0.0	-0.7037593745431943	4.134651386941952	0.0	-1.033662846735488	-0.3922937806640946	5.366371969738257	-0.3724042495953414	-0.24424840700828626	-0.0	0.3967592703304354	-0.4913630100688859	1.0987156297469245	1.5303759009119997	-4.134651386941952	74.0	46.0	271.0
intermediate	1	20219	64	64	1.0	4	0.05	0.046875	0.28125	0.09375	0.9047619047619048	1.0	1.10526315667313	0.8181818181818182	1.0	1.222222220728395	0.2880812031773517	0.0009712509712509	0.2584483709884128	0.9682458468798096	0.0743818040394644	0.0880242889247516	4.0	0.046875	0.1875	0.4694628717615403	0.0	1.4150374986777208	0.0	-0.3537593746694302	3.5496889016095423	0.0	-0.8874222254023856	-0.18024066132432254	4.920178889190144	-0.2995537704551421	-0.4795687173772032	-0.0637382425162243	0.6744907594765952	-0.07263440630478776	1.0744538229198164	1.5199650762523642	-3.5496889016095423	75.0	47.0	241.0
granule_like_sparse_expansion	3	40488	64	256	4.0	2	0.05	0.05078125	0.28125	0.09375	0.9047619047619048	0.96	1.061052630406205	0.8125	0.96	1.1815384600842604	0.4749351603794913	0.0	0.270906079046999	0.9922778669435472	0.1286628220999656	0.1508461534654931	8.0	0.203125	0.40625	0.3713136076164419	0.9999999996393262	0.41503749903839454	0.0	-0.7037593745431943	3.4342116865571057	0.0	-0.8585529216392764	0.3566049319758814	3.7109200550920014	0.1202963589955374	0.2721861381421235	-0.0	0.3967592703304354	0.01002664331448127	1.0714839599677501	1.2824946430039184	-3.4342116865571057	76.0	54.0	196.0
dense_expansion	3	42360	64	1024	16.0	32	0.2	0.2001953125	0.28125	0.318359375	0.9047619047619048	0.8858695652173914	0.9791189920528274	0.8	0.8352272727272727	1.0440340896040483	0.8471299336840218	0.0	0.7006000933048533	0.4997560367953682	0.5934993105803599	0.3096655884238152	512.0	3.203125	102.5	0.0030211276919101	2.9999999996844102	4.415037498362131	0.6424479953566249	-3.0001265737046725	1.4551713263963086	0.0	-0.36379283159907716	1.7137998260005471	-0.8266680639819846	3.7156906024190333	1.769608147395626	-0.0	-1.4254506784682557	1.426665876738183	1.0702793198915321	0.438356294511627	-1.4551713263963086	77.0	180.0	38.0
granule_like_sparse_expansion	1	20538	64	256	4.0	2	0.1	0.1015625	0.296875	0.1796875	0.9	0.9387755102040816	1.043083899067775	0.8076923076923077	0.8936170212765957	1.1063829773535967	0.5878714258855674	0.0	0.4372501547474992	0.7016464119913641	0.2570468719400973	0.1995428253133596	8.0	0.40625	0.8125	0.2455911693141765	0.9999999996393262	0.41503749903839454	0.0	-0.7037593745431943	2.434211700762103	0.0	-0.6085529251905257	0.7727433876079826	2.1619428876562985	1.1133149476429163	0.7265537481712055	-0.0	0.3967592703304354	0.7258479281240764	1.06906116571199	1.0857730364372145	-2.434211700762103	78.0	66.0	91.0
intermediate	2	30672	64	256	4.0	4	0.2	0.19921875	0.28125	0.3125	0.9047619047619048	0.8791208791208791	0.9716599179544002	0.8125	0.813953488372093	1.001788907532682	0.6967670333228102	0.0	0.6884976923581163	0.5009794316107594	0.4797224945539655	0.2407610327724141	16.0	0.796875	3.1875	0.0755328730029431	0.0	1.4150374986777208	0.0	-0.3537593746694302	1.4622260838949335	0.0	-0.36555652097373337	1.1249744651140725	0.06672089167653074	2.835655322241999	1.164664895836728	-0.0	0.6744907594765952	1.421615931089763	1.0687142098232585	0.8763384073118807	-1.4622260838949335	79.0	92.0	53.0
dense_expansion	1	22360	64	1024	16.0	32	0.2	0.2001953125	0.3125	0.318359375	0.8928571428571429	0.8858695652173914	0.9921739119322436	0.8	0.8385269121813032	1.0481586389164306	0.8423730238868935	0.0	0.7019942883436705	0.4997560367953682	0.5913410514233856	0.309758402711641	512.0	3.203125	102.5	0.0030220331971572	2.9999999996844102	4.415037498362131	0.6424479953566249	-3.0001265737046725	1.4551713263963086	0.0	-0.36379283159907716	1.714592972491484	-0.8266569076047166	3.698997006410318	1.7504700456887938	-0.0	-1.4254506784682557	1.426665876738183	1.0655854209872868	0.4360142313216875	-1.4551713263963086	80.0	182.0	38.0
dense_expansion	1	21280	64	512	8.0	16	0.2	0.19921875	0.296875	0.3203125	0.9	0.8913043478260869	0.990338163150832	0.8	0.8342857142857143	1.0428571415535717	0.8031566537959655	0.0	0.7031512046542341	0.5009794316107594	0.5647405686426967	0.2950486976781796	128.0	1.59375	25.5	0.0115705371633964	1.9999999997294946	3.4150374984072154	0.0	-2.0537593744395006	1.4622260838949335	0.0	-0.36555652097373337	1.588890872057354	-0.7213341216466314	3.4932489099675657	1.5926939029025575	-0.0	-0.6744907595374132	1.421615931089763	1.0627288255458827	0.5615479190596218	-1.4622260838949335	81.0	153.0	53.0
intermediate	3	40672	64	256	4.0	4	0.2	0.19921875	0.28125	0.3125	0.9047619047619048	0.8791208791208791	0.9716599179544002	0.8	0.8275862068965517	1.034482757327586	0.6798136005442188	0.0	0.6918562622078339	0.5009794316107594	0.4703332966705727	0.2437523869025214	16.0	0.796875	3.1875	0.0764713370434666	0.0	1.4150374986777208	0.0	-0.3537593746694302	1.4622260838949335	0.0	-0.36555652097373337	1.1505371461087923	0.07828334139402214	2.7630322195878314	1.0964574808059657	-0.0	0.6744907594765952	1.421615931089763	1.0587538484531516	0.874026213027947	-1.4622260838949335	82.0	94.0	53.0
dense_expansion	2	32360	64	1024	16.0	32	0.2	0.2001953125	0.296875	0.318359375	0.896551724137931	0.8858695652173914	0.9880852831788414	0.8	0.8385269121813032	1.0481586389164306	0.8383302795301927	0.0	0.7016976744099012	0.4997560367953682	0.5882544075337386	0.3081415457748609	512.0	3.203125	102.5	0.00300625898314	2.9999999996844102	4.415037498362131	0.6424479953566249	-3.0001265737046725	1.4551713263963086	0.0	-0.36379283159907716	1.700776086796467	-0.8268512555483043	3.675122586162857	1.7342051897270576	-0.0	-1.4254506784682557	1.426665876738183	1.0557461682455047	0.4296113867624887	-1.4551713263963086	83.0	187.0	38.0
intermediate	1	21144	64	512	8.0	8	0.2	0.19921875	0.296875	0.3125	0.9047619047619048	0.8791208791208791	0.9716599179544002	0.8095238095238095	0.8275862068965517	1.0223123719622955	0.7747696695966517	0.0	0.6939107770480433	0.5009794316107594	0.5376210234630684	0.2753466237517269	64.0	1.59375	12.75	0.0215958136258926	0.9999999998196631	2.4150374984973837	0.0	-1.2037593745161437	1.4622260838949335	0.0	-0.36555652097373337	1.4205263759760327	-0.5978165972704169	3.283485995395485	1.4784867781248965	-0.0	0.0	1.421615931089763	1.0500121961556566	0.6683639918778923	-1.4622260838949335	84.0	134.0	53.0
intermediate	3	40369	64	64	1.0	4	0.2	0.203125	0.296875	0.3125	0.9047619047619048	0.8695652173913043	0.9610983971070696	0.8095238095238095	0.8181818181818182	1.0106951859172697	0.4968938972579612	0.0	0.6960627176649554	0.4961389371355688	0.3458693165165076	0.1734345208067936	4.0	0.203125	0.8125	0.2134578714994901	0.0	1.4150374986777208	0.0	-0.3537593746694302	1.4342117078646017	0.0	-0.35855292696615043	0.5496343104522098	1.7660410478455453	1.8003343917507288	0.3605310001757546	-0.0	0.6744907594765952	1.4416692180177912	1.0494867784210957	1.1167709480029235	-1.4342117078646017	85.0	63.0	8.0
intermediate	1	20369	64	64	1.0	4	0.2	0.203125	0.296875	0.3125	0.9047619047619048	0.8695652173913043	0.9610983971070696	0.8	0.8181818181818182	1.0227272714488638	0.4900951217833617	0.0	0.6968428534524714	0.4961389371355688	0.3415192831266543	0.1732919460647302	4.0	0.203125	0.8125	0.2132823948940896	0.0	1.4150374986777208	0.0	-0.3537593746694302	1.4342117078646017	0.0	-0.35855292696615043	0.5484159349303718	1.7638790689748283	1.7666879689845045	0.3331780206020506	-0.0	0.6744907594765952	1.4416692180177912	1.0398351042907181	1.1108317158224073	-1.4342117078646017	86.0	64.0	8.0
granule_like_sparse_expansion	3	40538	64	256	4.0	2	0.1	0.1015625	0.28125	0.1796875	0.896551724137931	0.9387755102040816	1.047095760213561	0.8	0.8936170212765957	1.117021275199468	0.5702720180978517	0.0	0.4401197827431661	0.7016464119913641	0.2509879967097334	0.196712838808895	8.0	0.40625	0.8125	0.2421081090052762	0.9999999996393262	0.41503749903839454	0.0	-0.7037593745431943	2.434211700762103	0.0	-0.6085529251905257	0.7485596771255345	2.119029458962553	1.0664510596635404	0.6557474326037638	-0.0	0.3967592703304354	0.7258479281240764	1.036474372497374	1.0610326825356948	-2.434211700762103	87.0	67.0	91.0
intermediate	1	20672	64	256	4.0	4	0.2	0.19921875	0.28125	0.3125	0.9	0.8791208791208791	0.9768009757156424	0.8	0.8275862068965517	1.034482757327586	0.6747886022722807	0.0	0.6873630787220357	0.5009794316107594	0.4638247711444141	0.2403793137149594	16.0	0.796875	3.1875	0.0754131180045635	0.0	1.4150374986777208	0.0	-0.3537593746694302	1.4622260838949335	0.0	-0.36555652097373337	1.1217124767065116	0.0652454370108304	2.712690398775904	1.0762407997869006	-0.0	0.6744907594765952	1.421615931089763	1.0364706481204935	0.8567986347107442	-1.4622260838949335	88.0	99.0	53.0
intermediate	1	21076	64	512	8.0	4	0.2	0.19921875	0.265625	0.3125	0.9166666666666666	0.8791208791208791	0.9590409579947324	0.8181818181818182	0.8275862068965517	1.0114942516372925	0.723949624131935	0.0	0.6888936104597451	0.5009794316107594	0.498724270359224	0.2527224471803678	32.0	1.59375	6.375	0.0396427368063882	0.0	1.4150374986777208	0.0	-0.3537593746694302	1.4622260838949335	0.0	-0.36555652097373337	1.2271909889547976	-0.3754674897718386	2.982629316405824	1.274026479248356	-0.0	0.6744907594765952	1.421615931089763	1.028601102241704	0.7861712967700887	-1.4622260838949335	89.0	112.0	53.0
intermediate	3	41076	64	512	8.0	4	0.2	0.19921875	0.28125	0.3125	0.9	0.8791208791208791	0.9768009757156424	0.8095238095238095	0.8275862068965517	1.0223123719622955	0.7207160743525056	0.0	0.6867613107006358	0.5009794316107594	0.4949599158653436	0.2534974187729533	32.0	1.59375	6.375	0.0397643009777551	0.0	1.4150374986777208	0.0	-0.3537593746694302	1.4622260838949335	0.0	-0.36555652097373337	1.233813525351223	-0.3739697449908086	2.9535129737500476	1.2610171922969442	-0.0	0.6744907594765952	1.421615931089763	1.0242730008069696	0.7835776760853164	-1.4622260838949335	90.0	114.0	53.0
intermediate	2	31144	64	512	8.0	8	0.2	0.19921875	0.28125	0.3125	0.9090909090909092	0.8791208791208791	0.9670329659692308	0.8095238095238095	0.8342857142857143	1.0305882340210382	0.7610187548492052	0.0	0.6933520752350714	0.5009794316107594	0.5276539329675065	0.2724295764452493	64.0	1.59375	12.75	0.0213670256018731	0.9999999998196631	2.4150374984973837	0.0	-1.2037593745161437	1.4622260838949335	0.0	-0.36555652097373337	1.3955986855392875	-0.6006354053541172	3.2063930375931076	1.4231638024490736	-0.0	0.0	1.421615931089763	1.0229468989212696	0.6509688676950767	-1.4622260838949335	91.0	135.0	53.0
dense_expansion	2	31280	64	512	8.0	16	0.2	0.19921875	0.28125	0.31640625	0.9090909090909092	0.8852459016393442	0.9737704907321312	0.8181818181818182	0.8342857142857143	1.019682538436261	0.7863470613841173	0.0	0.7018082935898158	0.5009794316107594	0.5518648893193534	0.2819146482109258	128.0	1.59375	25.5	0.0110554763999949	1.9999999997294946	3.4150374984072154	0.0	-2.0537593744395006	1.4622260838949335	0.0	-0.36555652097373337	1.476653570120711	-0.7276799845898301	3.393658743389522	1.5250651895259535	-0.0	-0.6744907595374132	1.421615931089763	1.0050902725755466	0.522258174802627	-1.4622260838949335	92.0	160.0	53.0
intermediate	1	20740	64	256	4.0	8	0.2	0.19921875	0.265625	0.3125	0.9130434782608696	0.8791208791208791	0.9628466760778452	0.8125	0.8275862068965517	1.0185676380036728	0.7268568067311642	0.0	0.6948903300040352	0.5009794316107594	0.5050857662950979	0.2577358903020703	32.0	0.796875	6.375	0.040429159256728	0.9999999998196631	2.4150374984973837	0.0	-1.2037593745161437	1.4622260838949335	0.0	-0.36555652097373337	1.2700334748762674	-0.3657782852353621	3.0318339000265606	1.2857227187477827	-0.0	0.0	1.421615931089763	0.9989895956320176	0.670129090963117	-1.4622260838949335	93.0	132.0	53.0
intermediate	2	30740	64	256	4.0	8	0.2	0.19921875	0.265625	0.3125	0.9130434782608696	0.8791208791208791	0.9628466760778452	0.8095238095238095	0.8275862068965517	1.0223123719622955	0.7231318391374805	0.0	0.6962219294233787	0.5009794316107594	0.5034602442717729	0.2578509254725513	32.0	0.796875	6.375	0.0404472039893496	0.9999999998196631	2.4150374984973837	0.0	-1.2037593745161437	1.4622260838949335	0.0	-0.36555652097373337	1.271016510397399	-0.36555596311688593	3.019260892807771	1.27073634908704	-0.0	0.0	1.421615931089763	0.9955564246209123	0.6685064436200678	-1.4622260838949335	94.0	133.0	53.0
intermediate	2	30470	64	128	2.0	4	0.2	0.203125	0.296875	0.3125	0.9047619047619048	0.8695652173913043	0.9610983971070696	0.8	0.8181818181818182	1.0227272714488638	0.5820008396149375	0.0	0.6990789642763762	0.4961389371355688	0.4068645441659919	0.2064491000267075	8.0	0.40625	1.625	0.1270455999382534	0.0	1.4150374986777208	0.0	-0.3537593746694302	1.4342117078646017	0.0	-0.35855292696615043	0.8317611065675492	0.701389125387585	2.2721172569130257	0.702935079346778	-0.0	0.6744907594765952	1.4416692180177912	0.9921271435897958	0.9245681602629476	-1.4342117078646017	95.0	84.0	8.0
intermediate	3	40470	64	128	2.0	4	0.2	0.203125	0.296875	0.3125	0.9090909090909092	0.8695652173913043	0.9565217380782608	0.8181818181818182	0.8181818181818182	0.9999999987777778	0.5860339627762179	0.0	0.7021414435479236	0.4961389371355688	0.4114787325918038	0.204150620792471	8.0	0.40625	1.625	0.1256311511795937	0.0	1.4150374986777208	0.0	-0.3537593746694302	1.4342117078646017	0.0	-0.35855292696615043	0.8121194028834497	0.6839622534524089	2.307806852965327	0.7191612271083693	-0.0	0.6744907594765952	1.4416692180177912	0.990491759359379	0.9207651973534203	-1.4342117078646017	96.0	85.0	8.0
intermediate	2	30370	64	128	2.0	4	0.1	0.1015625	0.296875	0.1875	0.9	0.96	1.0666666654814814	0.8	0.8695652173913043	1.0869565203804348	0.5418429717666708	0.0	0.452675998128976	0.7016464119913641	0.2452793080736483	0.187064506772256	8.0	0.203125	0.8125	0.2302332388209511	0.0	1.4150374986777208	0.0	-0.3537593746694302	2.434211700762103	0.0	-0.6085529251905257	0.6661096483905915	1.9727238111388967	1.0222957776055934	0.5413710825533922	-0.0	0.6744907594765952	0.7258479281240764	0.9811079423301375	1.0495739879621493	-2.434211700762103	97.0	72.0	91.0
intermediate	3	40269	64	64	1.0	4	0.1	0.09375	0.328125	0.1875	0.8846153846153846	1.0	1.1304347813308129	0.78125	0.9090909090909092	1.163636362146909	0.3521171777809316	0.0	0.4340918778456073	0.7302967394453056	0.1528512069246201	0.1298929313680844	4.0	0.09375	0.375	0.3463811493912088	0.0	1.4150374986777208	0.0	-0.3537593746694302	2.5496889169982895	0.0	-0.6374222292495724	0.1775487223159581	3.4037369536468978	0.30738747966160157	-0.22193780842045	-0.0	0.6744907594765952	0.6431868776574539	0.9794332124851928	1.2697964482846928	-2.5496889169982895	98.0	55.0	151.0
granule_like_sparse_expansion	1	20976	64	512	8.0	4	0.1	0.099609375	0.3125	0.1796875	0.8888888888888888	0.9484536082474226	1.067010308077964	0.7894736842105263	0.8913043478260869	1.1289855058163285	0.7666621449784866	0.0	0.4440642450426518	0.7084919048757248	0.3404472466126517	0.2723159534613367	32.0	0.796875	3.1875	0.085432455961068	0.0	1.4150374986777208	0.0	-0.3537593746694302	2.4622260766531703	0.0	-0.6155565191632926	1.3946277178888202	0.18868979536899705	1.7583960340639364	1.4458684108758977	-0.0	0.6744907594765952	0.7057946412957367	0.9790704855264843	0.7694797712581595	-2.4622260766531703	99.0	116.0	121.0
granule_like_sparse_expansion	2	31784	64	1024	16.0	4	0.1	0.099609375	0.28125	0.177734375	0.9047619047619048	0.9430051813471504	1.042268883494869	0.8095238095238095	0.8972972972972973	1.1084260717627237	0.833515312377013	0.0	0.4452053480009046	0.7084919048757248	0.3710854747108909	0.2914174677499712	64.0	1.59375	6.375	0.0457125439536092	0.0	1.4150374986777208	0.0	-0.3537593746694302	2.4622260766531703	0.0	-0.6155565191632926	1.5578601186808085	-0.30068376135592256	1.995375082961797	1.7148335104178896	-0.0	0.6744907594765952	0.7057946412957367	0.9768786428900746	0.6908610417337603	-2.4622260766531703	100.0	128.0	121.0
granule_like_sparse_expansion	3	41784	64	1024	16.0	4	0.1	0.099609375	0.296875	0.177734375	0.9047619047619048	0.9430051813471504	1.042268883494869	0.8095238095238095	0.8972972972972973	1.1084260717627237	0.8292899943026091	0.0	0.4471766550768125	0.7084919048757248	0.3708391257409096	0.2912240072188882	64.0	1.59375	6.375	0.0456821972036401	0.0	1.4150374986777208	0.0	-0.3537593746694302	2.4622260766531703	0.0	-0.6155565191632926	1.5562068975555094	-0.3010576518359577	1.9934696351527417	1.6978341199521554	-0.0	0.6744907594765952	0.7057946412957367	0.974283087607579	0.6901324131933316	-2.4622260766531703	101.0	129.0	121.0
intermediate	1	20370	64	128	2.0	4	0.1	0.1015625	0.28125	0.1875	0.9047619047619048	0.96	1.061052630406205	0.8125	0.9166666666666666	1.128205126816568	0.5208793275626944	0.0	0.457391854813048	0.7016464119913641	0.238245961767674	0.1885957604553613	8.0	0.203125	0.8125	0.2321178587362996	0.0	1.4150374986777208	0.0	-0.3537593746694302	2.434211700762103	0.0	-0.6085529251905257	0.6791950096419545	1.9959434786667483	0.9678945990252021	0.4570296987491939	-0.0	0.6744907594765952	0.7258479281240764	0.9721182131623133	1.0509967836837186	-2.434211700762103	102.0	71.0	91.0
granule_like_sparse_expansion	1	21784	64	1024	16.0	4	0.1	0.099609375	0.2890625	0.1796875	0.9047619047619048	0.9484536082474226	1.0482908290095667	0.8	0.8972972972972973	1.1216216202195946	0.8224611762626385	0.0	0.4474573288841424	0.7084919048757248	0.3680162810413901	0.292447758369095	64.0	1.59375	6.375	0.0458741581683483	0.0	1.4150374986777208	0.0	-0.3537593746694302	2.4622260766531703	0.0	-0.6155565191632926	1.5666644893046133	-0.2986925755982772	1.9716356358126512	1.6703602724839302	-0.0	0.6744907594765952	0.7057946412957367	0.9711013269663327	0.689658354513443	-2.4622260766531703	103.0	130.0	121.0
granule_like_sparse_expansion	3	40572	64	256	4.0	4	0.1	0.1015625	0.296875	0.1796875	0.9	0.9387755102040816	1.043083899067775	0.7916666666666666	0.8936170212765957	1.128779393870926	0.6582634459236476	0.0	0.4514690332967032	0.7016464119913641	0.2971855615857058	0.2353721569771638	16.0	0.40625	1.625	0.1448444042045042	0.0	1.4150374986777208	0.0	-0.3537593746694302	2.434211700762103	0.0	-0.6085529251905257	1.078923711213795	0.9206812564373761	1.423777695871146	1.00975643569146	-0.0	0.6744907594765952	0.7258479281240764	0.9633109473938758	0.8767463218561666	-2.434211700762103	104.0	91.0	91.0
intermediate	1	20318	64	32	0.5	4	0.2	0.1875	0.296875	0.3125	0.9032258064516128	0.9090909090909092	1.0064935053791744	0.8095238095238095	0.8	0.988235292896886	0.3371257106866895	9.712509712509713e-05	0.6736651119598224	0.5163977781172615	0.2270877715700221	0.1158880014664232	2.0	0.09375	0.375	0.309034669753036	0.0	1.4150374986777208	0.0	-0.3537593746694302	1.5496889246926628	0.0	-0.3874222311731657	0.05786929291428597	2.943605532201267	0.8815887822533456	-0.28225180095346797	-0.006373824251622898	0.6744907594765952	1.359008167127492	0.9609392119576572	1.2291050134077703	-1.5496889246926628	105.0	58.0	81.0
dense_expansion	3	41280	64	512	8.0	16	0.2	0.19921875	0.296875	0.31640625	0.9	0.8852459016393442	0.9836065562841528	0.8	0.8342857142857143	1.0428571415535717	0.7603094051973736	0.0	0.699664644349871	0.5009794316107594	0.5319616095832823	0.2779233312378495	128.0	1.59375	25.5	0.0108989541657627	1.9999999997294946	3.4150374984072154	0.0	-2.0537593744395006	1.4622260838949335	0.0	-0.36555652097373337	1.442545685164977	-0.7296084340400292	3.2397118412815225	1.420309931688132	-0.0	-0.6744907595374132	1.421615931089763	0.9568912687566712	0.4917660276602205	-1.4622260838949335	106.0	166.0	53.0
intermediate	3	40370	64	128	2.0	4	0.1	0.1015625	0.296875	0.1875	0.8947368421052632	0.96	1.0729411752714186	0.8	0.9166666666666666	1.1458333319010416	0.5146564157264901	0.0	0.4516913999741199	0.7016464119913641	0.232465876925161	0.1868955552876949	8.0	0.203125	0.8125	0.2300252985325164	0.0	1.4150374986777208	0.0	-0.3537593746694302	2.434211700762103	0.0	-0.6085529251905257	0.6646658698489766	1.970161859880833	0.9231870851266946	0.43199354613897945	-0.0	0.6744907594765952	0.7258479281240764	0.951311497748907	1.0336503430045723	-2.434211700762103	107.0	75.0	91.0
granule_like_sparse_expansion	3	40976	64	512	8.0	4	0.1	0.099609375	0.265625	0.1796875	0.92	0.9484536082474226	1.0309278339309726	0.8260869565217391	0.9032258064516128	1.0933786064862836	0.7559691961593005	0.0	0.4515762945081827	0.7084919048757248	0.3413777683639464	0.2644482512782065	32.0	0.796875	3.1875	0.082964157237723	0.0	1.4150374986777208	0.0	-0.3537593746694302	2.4622260766531703	0.0	-0.6155565191632926	1.3273940998278242	0.15827884871140913	1.7655933876084537	1.402848309428719	-0.0	0.6744907594765952	0.7057946412957367	0.9499399587648797	0.7479893666803614	-2.4622260766531703	108.0	121.0	121.0
granule_like_sparse_expansion	2	30572	64	256	4.0	4	0.1	0.1015625	0.296875	0.1796875	0.9047619047619048	0.9387755102040816	1.0375939838155916	0.8125	0.8936170212765957	1.0998363325252425	0.6534860215246129	0.0	0.4527827614866426	0.7016464119913641	0.2958872054188338	0.2283350369307198	16.0	0.40625	1.625	0.1405138687939729	0.0	1.4150374986777208	0.0	-0.3537593746694302	2.434211700762103	0.0	-0.6085529251905257	1.018787850648753	0.8673264172832272	1.4137352349112813	0.9905357991974434	-0.0	0.6744907594765952	0.7258479281240764	0.9299380384164909	0.8472063288529338	-2.434211700762103	109.0	101.0	91.0
intermediate	2	30318	64	32	0.5	4	0.2	0.1875	0.28125	0.3125	0.9047619047619048	0.9090909090909092	1.0047846878846638	0.8125	0.8	0.9846153834035504	0.3336753328884868	0.0001942501942501	0.6684752016420658	0.5163977781172615	0.2230103572138905	0.1133903289311034	2.0	0.09375	0.375	0.3023742096766113	0.0	1.4150374986777208	0.0	-0.3537593746694302	1.5496889246926628	0.0	-0.3874222311731657	0.0365253785956685	2.861544599226083	0.8500509996837955	-0.29613343504896084	-0.01274764850323961	0.6744907594765952	1.359008167127492	0.9276934218222024	1.1948499008408977	-1.5496889246926628	110.0	60.0	81.0
dense_expansion	3	41552	64	512	8.0	32	0.2	0.19921875	0.28125	0.3203125	0.9130434782608696	0.8913043478260869	0.9761904751213152	0.8181818181818182	0.8409090909090909	1.027777776521605	0.7786957112683219	0.0	0.7042373377883759	0.5009794316107594	0.5483865946508288	0.2823618042707769	256.0	1.59375	51.0	0.0055365059659851	2.9999999996844102	4.415037498362131	0.6424479953566249	-3.0001265737046725	1.4622260838949335	0.0	-0.36555652097373337	1.4804747518383097	-0.7956770685270723	3.366755002099704	1.4942821133366437	-0.0	-1.4254506784682557	1.421615931089763	0.9218431287459705	0.34839574098533277	-1.4622260838949335	111.0	196.0	53.0
granule_like_sparse_expansion	2	30976	64	512	8.0	4	0.1	0.099609375	0.28125	0.1796875	0.9090909090909092	0.9484536082474226	1.043298967924536	0.8181818181818182	0.9032258064516128	1.1039426509804855	0.7377709672402178	0.0	0.4521622759242465	0.7084919048757248	0.3335921996581696	0.260913945488094	32.0	0.796875	3.1875	0.081855355421565	0.0	1.4150374986777208	0.0	-0.3537593746694302	2.4622260766531703	0.0	-0.6155565191632926	1.2971916137560078	0.1446177336421109	1.705373956474642	1.3296328038187797	-0.0	0.6744907594765952	0.7057946412957367	0.9200435468830594	0.728817620275137	-2.4622260766531703	112.0	126.0	121.0
dense_expansion	1	21552	64	512	8.0	32	0.2	0.19921875	0.3125	0.3203125	0.896551724137931	0.8913043478260869	0.994147156081779	0.8	0.8375974025974027	1.0469967519380077	0.7703341986532971	0.0	0.7025514161006112	0.5009794316107594	0.5411993821346034	0.2838719768695678	256.0	1.59375	51.0	0.0055661171934117	2.9999999996844102	4.415037498362131	0.6424479953566249	-3.0001265737046725	1.4622260838949335	0.0	-0.36555652097373337	1.4933799642306897	-0.7953122401336452	3.3111637067786868	1.460641896121276	-0.0	-1.4254506784682557	1.421615931089763	0.9121736921509396	0.3427475376836844	-1.4622260838949335	113.0	197.0	53.0
dense_expansion	2	30876	64	256	4.0	16	0.2	0.19921875	0.296875	0.3203125	0.9	0.8913043478260869	0.990338163150832	0.8	0.8275862068965517	1.034482757327586	0.7288068078232067	0.0	0.7005107793955614	0.5009794316107594	0.5105370249770257	0.26458815338227	64.0	0.796875	12.75	0.0207520120283543	1.9999999997294946	3.4150374984072154	0.0	-2.0537593744395006	1.4622260838949335	0.0	-0.36555652097373337	1.3285896362642062	-0.6082127479184835	3.0739980256279913	1.2935680050406768	-0.0	-0.6744907595374132	1.421615931089763	0.9116158602512453	0.48053645136850043	-1.4622260838949335	114.0	169.0	53.0
intermediate	3	40740	64	256	4.0	8	0.2	0.19921875	0.28125	0.3125	0.9090909090909092	0.8791208791208791	0.9670329659692308	0.8181818181818182	0.8275862068965517	1.0114942516372925	0.6725444410846705	0.0	0.6989948620895484	0.5009794316107594	0.4701051088450717	0.238220035800033	32.0	0.796875	6.375	0.0373678487470847	0.9999999998196631	2.4150374984973837	0.0	-1.2037593745161437	1.4622260838949335	0.0	-0.36555652097373337	1.103260320887626	-0.4034954990112182	2.7612672436994115	1.0672120422769438	-0.0	0.0	1.421615931089763	0.8726879154230217	0.5848742975835596	-1.4622260838949335	115.0	147.0	53.0
intermediate	2	30369	64	64	1.0	4	0.2	0.203125	0.28125	0.3125	0.9047619047619048	0.8695652173913043	0.9610983971070696	0.8181818181818182	0.8181818181818182	0.9999999987777778	0.4433461297627671	0.0	0.7059500099300515	0.4961389371355688	0.3129802047084754	0.155281665918747	4.0	0.203125	0.8125	0.1911158962801613	0.0	1.4150374986777208	0.0	-0.3537593746694302	1.4342117078646017	0.0	-0.35855292696615043	0.39450869895199975	1.4907742779873996	1.5459453190415664	0.1450964714160331	-0.0	0.6744907594765952	1.4416692180177912	0.8726540964714603	0.9650074338390633	-1.4342117078646017	116.0	81.0	8.0
granule_like_sparse_expansion	3	41852	64	1024	16.0	8	0.1	0.099609375	0.3125	0.1796875	0.8947368421052632	0.9484536082474226	1.0600363845035494	0.8	0.9032258064516128	1.1290322566532258	0.8204707829176934	0.0	0.4505068266920272	0.7084919048757248	0.3696276888057732	0.2956689637203649	128.0	1.59375	12.75	0.0231897226429157	0.9999999998196631	2.4150374984973837	0.0	-1.2037593745161437	2.4622260766531703	0.0	-0.6155565191632926	1.594191368848642	-0.5781786654288247	1.9840994727605874	1.662352479211256	-0.0	0.0	0.7057946412957367	0.8592156422445628	0.47828932711995586	-2.4622260766531703	117.0	170.0	121.0
granule_like_sparse_expansion	3	40892	64	512	8.0	2	0.05	0.05078125	0.296875	0.09765625	0.9047619047619048	0.9803921568627452	1.0835913300716962	0.8125	0.9387755102040816	1.1554160111368192	0.601593585170045	0.0	0.2738646523271051	0.9922778669435472	0.164755218044811	0.1888908252908825	16.0	0.40625	0.8125	0.2324810154564941	0.9999999996393262	0.41503749903839454	0.0	-0.7037593745431943	3.4342116865571057	0.0	-0.8585529216392764	0.6817164925340242	2.000417791091629	0.39946203515766576	0.7817610342505477	-0.0	0.3967592703304354	0.01002664331448127	0.8532019648839664	0.8762411273397545	-3.4342116865571057	118.0	93.0	196.0
granule_like_sparse_expansion	1	20572	64	256	4.0	4	0.1	0.1015625	0.296875	0.1875	0.9090909090909092	0.96	1.0559999988384	0.8181818181818182	0.9166666666666666	1.1203703690010287	0.6076408731465598	0.0	0.4597369001671626	0.7016464119913641	0.2793549314352674	0.2196019869811487	16.0	0.40625	1.625	0.1351396842129286	0.0	1.4150374986777208	0.0	-0.3537593746694302	2.434211700762103	0.0	-0.6085529251905257	0.9441593846557174	0.8011131834163445	1.2858622211004869	0.8060906131748551	-0.0	0.6744907594765952	0.7258479281240764	0.8516892307221874	0.7932357134226427	-2.434211700762103	119.0	110.0	91.0
granule_like_sparse_expansion	1	20942	64	512	8.0	2	0.1	0.099609375	0.296875	0.17578125	0.9047619047619048	0.9375	1.0361842093810596	0.8095238095238095	0.8913043478260869	1.101023016542726	0.6422531416295663	0.0	0.4359968905222746	0.7084919048757248	0.2800203726786529	0.218434342436457	16.0	0.796875	1.59375	0.1370568422270746	0.9999999996393262	0.41503749903839454	0.0	-0.7037593745431943	2.4622260766531703	0.0	-0.6155565191632926	0.9341812531096181	0.8247337401791623	1.291009243064331	0.9453434354444427	-0.0	0.3967592703304354	0.7057946412957367	0.8463953830879801	0.7425493452661959	-2.4622260766531703	120.0	122.0	121.0
granule_like_sparse_expansion	1	21852	64	1024	16.0	8	0.1	0.099609375	0.296875	0.1796875	0.9	0.9484536082474226	1.053837341326206	0.8076923076923077	0.9090909090909092	1.1255411241475983	0.8124171626238592	0.0	0.4517265166818814	0.7084919048757248	0.3669903749646535	0.2926516210910832	128.0	1.59375	12.75	0.022953068319069	0.9999999998196631	2.4150374984973837	0.0	-1.2037593745161437	2.4622260766531703	0.0	-0.6155565191632926	1.5684066025758072	-0.5810943911271456	1.9637005083129786	1.6299509809981398	-0.0	0.0	0.7057946412957367	0.8443841700986907	0.4691978114887514	-2.4622260766531703	121.0	172.0	121.0
intermediate	3	40320	64	128	2.0	4	0.05	0.046875	0.28125	0.09375	0.9090909090909092	1.0	1.09999999879	0.8125	0.9090909090909092	1.1188811175040343	0.4368479502066021	0.0	0.2570006024236648	0.9682458468798096	0.1122701863706398	0.1216281304033604	8.0	0.09375	0.375	0.3243416802107166	0.0	1.4150374986777208	0.0	-0.3537593746694302	3.5496889016095423	0.0	-0.8874222254023856	0.10692168808430284	3.1321972428046037	-0.00649658776393834	0.11895285580023536	-0.0	0.6744907594765952	-0.07263440630478776	0.8434451952251604	1.0913354538737303	-3.5496889016095423	122.0	65.0	241.0
granule_like_sparse_expansion	2	30892	64	512	8.0	2	0.05	0.05078125	0.28125	0.09765625	0.9090909090909092	0.9803921568627452	1.0784313713627451	0.8125	0.9387755102040816	1.1554160111368192	0.5998148064293586	0.0	0.2726073410105832	0.9922778669435472	0.1635139194794851	0.1874676842625174	16.0	0.40625	0.8125	0.2307294572698929	0.9999999996393262	0.41503749903839454	0.0	-0.7037593745431943	3.4342116865571057	0.0	-0.8585529216392764	0.6695550102967841	1.9788375252686152	0.3898609005076461	0.774604613400659	-0.0	0.3967592703304354	0.01002664331448127	0.8421736397380235	0.8658945809478994	-3.4342116865571057	123.0	97.0	196.0
intermediate	2	30538	64	128	2.0	8	0.2	0.203125	0.296875	0.328125	0.9047619047619048	0.8936170212765957	0.98768196979301	0.8	0.8181818181818182	1.0227272714488638	0.6089529470457812	0.0	0.7099294218801384	0.4961389371355688	0.4323136136484179	0.2193623350738502	16.0	0.40625	3.25	0.0674961030788781	0.9999999998196631	2.4150374984973837	0.0	-1.2037593745161437	1.4342117078646017	0.0	-0.35855292696615043	0.9421114341324446	-0.032297018574151556	2.4689594588165846	0.8113693770785427	-0.0	0.0	1.4416692180177912	0.8392563261148392	0.6211605609776207	-1.4342117078646017	124.0	140.0	8.0
dense_expansion	2	31552	64	512	8.0	32	0.2	0.19921875	0.296875	0.3203125	0.9047619047619048	0.8913043478260869	0.9851258570347464	0.8125	0.8409090909090909	1.034965033691232	0.7394784509716931	0.0	0.7024220649985841	0.5009794316107594	0.5194259805534909	0.2693203941456566	256.0	1.59375	51.0	0.0052807920419681	2.9999999996844102	4.415037498362131	0.6424479953566249	-3.0001265737046725	1.4622260838949335	0.0	-0.36555652097373337	1.3690291013904308	-0.7988276201314359	3.1427518788681894	1.3365023890557042	-0.0	-1.4254506784682557	1.421615931089763	0.8337836796257505	0.2915609769297207	-1.4622260838949335	125.0	204.0	53.0
granule_like_sparse_expansion	2	31852	64	1024	16.0	8	0.1	0.099609375	0.3125	0.1796875	0.8947368421052632	0.9484536082474226	1.0600363845035494	0.8	0.9032258064516128	1.1290322566532258	0.8031365949050068	0.0	0.4513655266594372	0.7084919048757248	0.3625081721387654	0.2899739896183837	128.0	1.59375	12.75	0.0227430580075012	0.9999999998196631	2.4150374984973837	0.0	-1.2037593745161437	2.4622260766531703	0.0	-0.6155565191632926	1.545524845290994	-0.5836818463335303	1.9290317879404937	1.59261320154145	-0.0	0.0	0.7057946412957367	0.8273821411966944	0.45864491541400065	-2.4622260766531703	126.0	174.0	121.0
dense_expansion	1	20876	64	256	4.0	16	0.2	0.19921875	0.28125	0.3203125	0.9047619047619048	0.8913043478260869	0.9851258570347464	0.8095238095238095	0.8275862068965517	1.0223123719622955	0.6908490643588122	0.0	0.7022827133349132	0.5009794316107594	0.4851713554227927	0.2484841344116298	64.0	0.796875	12.75	0.0194889517170306	1.9999999997294946	3.4150374984072154	0.0	-2.0537593744395006	1.4622260838949335	0.0	-0.36555652097373337	1.1909723961199834	-0.6237744217911368	2.877800901357446	1.1408555959422368	-0.0	-0.6744907595374132	1.421615931089763	0.818761508002884	0.4189149325372781	-1.4622260838949335	127.0	190.0	53.0
intermediate	1	20538	64	128	2.0	8	0.2	0.203125	0.296875	0.3125	0.9	0.8695652173913043	0.9661835738056898	0.8076923076923077	0.8181818181818182	1.0129870117328386	0.6028608020164791	0.0	0.702085808476681	0.4961389371355688	0.42326001358264	0.2127229908421928	16.0	0.40625	3.25	0.0654532279313044	0.9999999998196631	2.4150374984973837	0.0	-1.2037593745161437	1.4342117078646017	0.0	-0.35855292696615043	0.8853747753397583	-0.057466487145112995	2.398932121536823	0.7868593282956243	-0.0	0.0	1.4416692180177912	0.8022734636072074	0.5917582880558308	-1.4342117078646017	128.0	146.0	8.0
dense_expansion	3	40876	64	256	4.0	16	0.2	0.19921875	0.296875	0.3203125	0.9047619047619048	0.8913043478260869	0.9851258570347464	0.8	0.8275862068965517	1.034482757327586	0.6789405182028369	0.0	0.7007241384335188	0.5009794316107594	0.4757500096652896	0.2465596232410384	64.0	0.796875	12.75	0.019338009664447	1.9999999997294946	3.4150374984072154	0.0	-2.0537593744395006	1.4622260838949335	0.0	-0.36555652097373337	1.1745264445592973	-0.6256341199978782	2.804929142919193	1.0929448771703252	-0.0	-0.6744907595374132	1.421615931089763	0.7958023256001973	0.40413706899738044	-1.4622260838949335	129.0	191.0	53.0
granule_like_sparse_expansion	3	41750	64	1024	16.0	2	0.1	0.099609375	0.296875	0.17578125	0.9090909090909092	0.9375	1.031249998865625	0.8	0.8913043478260869	1.1141304333899456	0.7108655520701503	0.0	0.4340482534919249	0.7084919048757248	0.3085499513436218	0.2435546424631367	32.0	1.59375	3.1875	0.0764092995723066	0.9999999996393262	0.41503749903839454	0.0	-0.7037593745431943	2.4622260766531703	0.0	-0.6155565191632926	1.148847316753052	0.07751900188828284	1.5116784147867512	1.2213863593938392	-0.0	0.3967592703304354	0.7057946412957367	0.7944950870233058	0.5944185122659819	-2.4622260766531703	130.0	145.0	121.0
granule_like_sparse_expansion	3	40942	64	512	8.0	2	0.1	0.099609375	0.296875	0.17578125	0.9	0.9375	1.0416666655092592	0.8076923076923077	0.8913043478260869	1.1035196673707977	0.6228870485192933	0.0	0.4329815093788296	0.7084919048757248	0.2696985744404079	0.2108597178475178	16.0	0.796875	1.59375	0.1323041366056243	0.9999999996393262	0.41503749903839454	0.0	-0.7037593745431943	2.4622260766531703	0.0	-0.6155565191632926	0.8694521359272044	0.7661775063788735	1.211172709385822	0.8674293535267794	-0.0	0.3967592703304354	0.7057946412957367	0.7920557499109371	0.7000611716378501	-2.4622260766531703	131.0	127.0	121.0
intermediate	3	40538	64	128	2.0	8	0.2	0.203125	0.28125	0.3125	0.896551724137931	0.8695652173913043	0.9698996644700284	0.8	0.8181818181818182	1.0227272714488638	0.5878685477099612	0.0	0.7012711187309064	0.4961389371355688	0.4122552341192777	0.2091844160067719	16.0	0.40625	3.25	0.0643644356745869	0.9999999998196631	2.4150374984973837	0.0	-1.2037593745161437	1.4342117078646017	0.0	-0.35855292696615043	0.855135808049529	-0.07088107223040568	2.3138128985126896	0.7265421686332638	-0.0	0.0	1.4416692180177912	0.7692338762348929	0.5689182356185771	-1.4342117078646017	132.0	149.0	8.0
granule_like_sparse_expansion	1	20892	64	512	8.0	2	0.05	0.05078125	0.28125	0.09765625	0.9047619047619048	0.9803921568627452	1.0835913300716962	0.8076923076923077	0.9387755102040816	1.1622934873850712	0.5679752454797757	0.0	0.270982649022336	0.9922778669435472	0.1539114365992211	0.1775088460000941	16.0	0.40625	0.8125	0.2184724255773805	0.9999999996393262	0.41503749903839454	0.0	-0.7037593745431943	3.4342116865571057	0.0	-0.8585529216392764	0.5844515439374856	1.827823414433514	0.31558809162566864	0.6465070076563031	-0.0	0.3967592703304354	0.01002664331448127	0.7559224163838041	0.7924287330932126	-3.4342116865571057	133.0	111.0	196.0
excessively_sparse	2	30128	64	32	0.5	4	0.01	0.03125	0.28125	0.0625	0.9047619047619048	1.0	1.10526315667313	0.8	1.0	1.2499999984375	0.1944507548939305	0.0499222999222999	0.181414244862137	0.7905694276912053	0.0335150709774322	0.0331199880606734	2.0	0.015625	0.0625	0.5299198004920589	0.0	1.4150374986777208	0.0	-0.3537593746694302	4.134651386941952	0.0	-1.033662846735488	-0.6494265440991585	5.665045147603885	-0.6156477528339641	-0.856264748734826	-3.276145665334168	0.6744907594765952	-0.4913630100688859	0.7535414198222107	1.2599965073946966	-4.134651386941952	134.0	56.0	271.0
intermediate	1	20236	64	32	0.5	8	0.05	0.0625	0.28125	0.125	0.9090909090909092	1.0	1.09999999879	0.8125	1.0	1.230769229254438	0.2638104091456675	0.005050505050505	0.3230926232151307	0.8944271838444985	0.0848047163287835	0.0933558689345594	4.0	0.03125	0.25	0.3734234742445436	0.9999999998196631	2.4150374984973837	0.0	-1.2037593745161437	3.134651410025072	0.0	-0.783662852506268	-0.13467952978967118	3.736914899587514	-0.21893514482350454	-0.5772154974284804	-0.33143886108438736	0.0	0.2244582683855599	0.7444826535974879	1.0393773195056335	-3.134651410025072	135.0	74.0	181.0
granule_like_sparse_expansion	2	31044	64	512	8.0	8	0.1	0.099609375	0.28125	0.1796875	0.9090909090909092	0.9484536082474226	1.043298967924536	0.8125	0.9032258064516128	1.1116625296491698	0.7337870945579671	0.0	0.452306975893239	0.7084919048757248	0.3318970216890003	0.2614033897460662	64.0	0.796875	6.375	0.0410044532870685	0.9999999998196631	2.4150374984973837	0.0	-1.2037593745161437	2.4622260766531703	0.0	-0.6155565191632926	1.3013741701793062	-0.3586903116835205	1.692262177896643	1.3136048016426582	-0.0	0.0	0.7057946412957367	0.7424985506836519	0.4417967992800884	-2.4622260766531703	136.0	177.0	121.0
dense_expansion	2	31148	64	256	4.0	32	0.2	0.19921875	0.28125	0.3125	0.9047619047619048	0.8791208791208791	0.9716599179544002	0.8095238095238095	0.8275862068965517	1.0223123719622955	0.6958830975925658	0.0	0.6987135493936829	0.5009794316107594	0.4862229490819723	0.249022715960671	128.0	0.796875	25.5	0.009765596703957	2.9999999996844102	4.415037498362131	0.6424479953566249	-3.0001265737046725	1.4622260838949335	0.0	-0.36555652097373337	1.1955748563199358	-0.7435720896498511	2.8859347158972533	1.1611086266138109	-0.0	-1.4254506784682557	1.421615931089763	0.7347113527426345	0.23492421261445687	-1.4622260838949335	137.0	216.0	53.0
granule_like_sparse_expansion	3	41044	64	512	8.0	8	0.1	0.099609375	0.3125	0.1796875	0.9	0.9484536082474226	1.053837341326206	0.8076923076923077	0.9032258064516128	1.1182795685079363	0.7281189320907329	0.0	0.4509131716831163	0.7084919048757248	0.3283184170315559	0.260124062383327	64.0	0.796875	6.375	0.0408037744851016	0.9999999998196631	2.4150374984973837	0.0	-1.2037593745161437	2.4622260766531703	0.0	-0.6155565191632926	1.2904416507118286	-0.3611627969966651	1.6645825638738145	1.2908005286135027	-0.0	0.0	0.7057946412957367	0.7315812909305788	0.43471660768922515	-2.4622260766531703	138.0	185.0	121.0
granule_like_sparse_expansion	1	21750	64	1024	16.0	2	0.1	0.099609375	0.3125	0.177734375	0.8947368421052632	0.9430051813471504	1.053946966210051	0.8	0.8972972972972973	1.1216216202195946	0.672676165996632	0.0	0.4384412731273894	0.7084919048757248	0.2949289946220145	0.2343682271642717	32.0	1.59375	3.1875	0.0735272869304296	0.9999999996393262	0.41503749903839454	0.0	-0.7037593745431943	2.4622260766531703	0.0	-0.6155565191632926	1.0703446074260636	0.04201084726758073	1.4063237135091364	1.0677420007731016	-0.0	0.3967592703304354	0.7057946412957367	0.7296640892107362	0.5522623188227314	-2.4622260766531703	139.0	155.0	121.0
granule_like_sparse_expansion	1	21700	64	1024	16.0	2	0.05	0.0498046875	0.296875	0.095703125	0.9	0.98	1.0888888876790124	0.8	0.9375	1.1718749985351562	0.7059226720369971	0.0	0.2674426185628802	0.9980449739365456	0.1887938079124798	0.2208102080412435	32.0	0.796875	1.59375	0.1385475814291425	0.9999999996393262	0.41503749903839454	0.0	-0.7037593745431943	3.462226062169644	0.0	-0.865556515542411	0.9544842636860706	0.8431005569366679	0.5853945292111744	1.2015000582375162	-0.0	0.3967592703304354	-0.01002664331448127	0.7264604244725186	0.6104867211002537	-3.462226062169644	140.0	141.0	226.0
granule_like_sparse_expansion	1	20522	64	256	4.0	4	0.05	0.05078125	0.296875	0.09375	0.9	0.96	1.0666666654814814	0.8	0.9166666666666666	1.1458333319010416	0.5488470132653315	0.0	0.273483292191547	0.9922778669435472	0.1501004880973005	0.1706620116325184	16.0	0.203125	0.8125	0.2100455525199666	0.0	1.4150374986777208	0.0	-0.3537593746694302	3.4342116865571057	0.0	-0.8585529216392764	0.5259417737299231	1.7239991955026754	0.28611135594473763	0.56954989280562	-0.0	0.6744907594765952	0.01002664331448127	0.7238388634063423	0.8007043008495409	-3.4342116865571057	141.0	107.0	196.0
dense_expansion	1	21988	64	1024	16.0	16	0.1	0.099609375	0.296875	0.1796875	0.9090909090909092	0.9484536082474226	1.043298967924536	0.8095238095238095	0.9090909090909092	1.1229946510191884	0.7924959231557213	0.0	0.4545059910886695	0.7084919048757248	0.3601941449876211	0.2865822110927576	256.0	1.59375	25.5	0.0112385180816282	1.9999999997294946	3.4150374984072154	0.0	-2.0537593744395006	2.4622260766531703	0.0	-0.6155565191632926	1.5165403290203607	-0.7254247993630104	1.91113336536711	1.5498034223251653	-0.0	-0.6744907595374132	0.7057946412957367	0.7237862131660113	0.2727422109575397	-2.4622260766531703	142.0	206.0	121.0
intermediate	3	40437	64	64	1.0	8	0.2	0.203125	0.28125	0.3125	0.9047619047619048	0.8695652173913043	0.9610983971070696	0.8	0.8181818181818182	1.0227272714488638	0.5013139653195708	0.0	0.7071575410205807	0.4961389371355688	0.3545079509946643	0.1798825886516706	8.0	0.203125	1.625	0.1106969775636761	0.9999999998196631	2.4150374984973837	0.0	-1.2037593745161437	1.4342117078646017	0.0	-0.35855292696615043	0.6047364127716658	0.49996412027938864	1.867152073760463	0.3783139129745793	-0.0	0.0	1.4416692180177912	0.7209031177381726	0.6230927906031087	-1.4342117078646017	143.0	139.0	8.0
dense_expansion	2	31988	64	1024	16.0	16	0.1	0.099609375	0.265625	0.1796875	0.9090909090909092	0.9484536082474226	1.043298967924536	0.8125	0.9090909090909092	1.1188811175040343	0.7947369960833028	0.0	0.4521430977213335	0.7084919048757248	0.3593348472828518	0.2848512784630143	256.0	1.59375	25.5	0.0111706383706605	1.9999999997294946	3.4150374984072154	0.0	-2.0537593744395006	2.4622260766531703	0.0	-0.6155565191632926	1.5017486070399568	-0.7262611188286598	1.904486912049268	1.558819755081018	-0.0	-0.6744907595374132	0.7057946412957367	0.719149086018116	0.26853600272408784	-2.4622260766531703	144.0	207.0	121.0
intermediate	2	30320	64	128	2.0	4	0.05	0.046875	0.296875	0.09375	0.9	1.0	1.1111111098765432	0.8	0.9090909090909092	1.1363636349431818	0.3976055693750966	0.0	0.256823022942541	0.9682458468798096	0.1021142642657025	0.1123542183623457	8.0	0.09375	0.375	0.2996112481672918	0.0	1.4150374986777208	0.0	-0.3537593746694302	3.5496889016095423	0.0	-0.8874222254023856	0.027671273467212626	2.8275032272145877	-0.08505011094392666	-0.03892793395638109	-0.0	0.6744907594765952	-0.07263440630478776	0.7182008022427118	0.9722941377963095	-3.5496889016095423	145.0	79.0	241.0
intermediate	1	20320	64	128	2.0	4	0.05	0.046875	0.28125	0.09375	0.9090909090909092	1.0	1.09999999879	0.8125	0.9090909090909092	1.1188811175040343	0.4005157153144929	0.0	0.2582628349529318	0.9682458468798096	0.1034383240803223	0.1120601147700293	8.0	0.09375	0.375	0.2988269719232064	0.0	1.4150374986777208	0.0	-0.3537593746694302	3.5496889016095423	0.0	-0.8874222254023856	0.025158004899603945	2.817840465248981	-0.07480883868280291	-0.02721977228312122	-0.0	0.6744907594765952	-0.07263440630478776	0.7181922693463638	0.9704288463322743	-3.5496889016095423	146.0	80.0	241.0
granule_like_sparse_expansion	2	31750	64	1024	16.0	2	0.1	0.099609375	0.28125	0.17578125	0.9090909090909092	0.9375	1.031249998865625	0.8148148148148148	0.8882751247327156	1.0901558335613235	0.6833839783374865	0.0	0.4332902617156083	0.7084919048757248	0.2961036228261032	0.2287005434149804	32.0	1.59375	3.1875	0.0717491900684647	0.9999999996393262	0.41503749903839454	0.0	-0.7037593745431943	2.4622260766531703	0.0	-0.6155565191632926	1.0219112941637205	0.020103608767712347	1.4154091695518616	1.1108219014600267	-0.0	0.3967592703304354	0.7057946412957367	0.7167883964136947	0.537366303026711	-2.4622260766531703	147.0	156.0	121.0
granule_like_sparse_expansion	1	21044	64	512	8.0	8	0.1	0.099609375	0.296875	0.1796875	0.8947368421052632	0.9484536082474226	1.0600363845035494	0.8	0.9032258064516128	1.1290322566532258	0.7220743215403977	0.0	0.4465086799612707	0.7084919048757248	0.3224124521449332	0.2579010136503205	64.0	0.796875	6.375	0.0404550609584102	0.9999999998196631	2.4150374984973837	0.0	-1.2037593745161437	2.4622260766531703	0.0	-0.6155565191632926	1.2714445399967813	-0.3654591604630045	1.6189013992461367	1.2664817215677306	-0.0	0.0	0.7057946412957367	0.7145764823608849	0.4227761018121623	-2.4622260766531703	148.0	189.0	121.0
dense_expansion	3	41988	64	1024	16.0	16	0.1	0.099609375	0.296875	0.1796875	0.9047619047619048	0.9484536082474226	1.0482908290095667	0.8076923076923077	0.9090909090909092	1.1255411241475983	0.7835791805142848	0.0	0.4532110756384682	0.7084919048757248	0.3551267632487884	0.2831911408237807	256.0	1.59375	25.5	0.0111055349338303	1.9999999997294946	3.4150374984072154	0.0	-2.0537593744395006	2.4622260766531703	0.0	-0.6155565191632926	1.4875618651721418	-0.7270632329025941	1.8719384321281354	1.5139293917373917	-0.0	-0.6744907595374132	0.7057946412957367	0.7046365281972171	0.2605757481401747	-2.4622260766531703	149.0	209.0	121.0
granule_like_sparse_expansion	2	30942	64	512	8.0	2	0.1	0.099609375	0.3125	0.17578125	0.9	0.9375	1.0416666655092592	0.8076923076923077	0.8913043478260869	1.1035196673707977	0.5812513052449257	0.0	0.4363321520855961	0.7084919048757248	0.2536186329200802	0.1982878607696078	16.0	0.796875	1.59375	0.124415912561689	0.9999999996393262	0.41503749903839454	0.0	-0.7037593745431943	2.4622260766531703	0.0	-0.6155565191632926	0.7620190611336509	0.668989772027933	1.0867983743034522	0.699919536564211	-0.0	0.3967592703304354	0.7057946412957367	0.6995110707134329	0.6307620861115018	-2.4622260766531703	150.0	138.0	121.0
intermediate	3	40286	64	32	0.5	8	0.1	0.09375	0.28125	0.1875	0.9047619047619048	1.0	1.10526315667313	0.8076923076923077	1.0	1.2380952365623583	0.2931858111390296	0.0006798756798756	0.4304320205504607	0.7302967394453056	0.1261107631125324	0.1140264406617332	4.0	0.046875	0.375	0.3040705076204338	0.9999999998196631	2.4150374984973837	0.0	-1.2037593745161437	2.5496889169982895	0.0	-0.6374222292495724	0.04196128505803891	2.882444025133111	0.10055681956675698	-0.4590317489438152	-0.04461676976135504	0.0	0.6431868776574539	0.697890912001222	0.9159066543932918	-2.5496889169982895	151.0	86.0	151.0
granule_like_sparse_expansion	3	40522	64	256	4.0	4	0.05	0.05078125	0.296875	0.1015625	0.9	1.0	1.1111111098765432	0.8095238095238095	0.96	1.1858823514762629	0.5232462363849564	0.0	0.2749873951077671	0.9922778669435472	0.1438861195434421	0.1693143667056914	16.0	0.203125	0.8125	0.2083869126120671	0.0	1.4150374986777208	0.0	-0.3537593746694302	3.4342116865571057	0.0	-0.8585529216392764	0.5144254450505783	1.7035637395806622	0.23804476590982718	0.46655229718034236	-0.0	0.6744907594765952	0.01002664331448127	0.6967580361860308	0.7850604098318313	-3.4342116865571057	152.0	113.0	196.0
dense_expansion	3	41148	64	256	4.0	32	0.2	0.2957356770833333	0.296875	0.4140625	0.9047619047619048	0.83125	0.9187499989845396	0.8095238095238095	0.7672684883973109	0.9478022492023342	0.6286619801614773	0.0	0.8591643573831911	0.4111810974015442	0.5401239661966801	0.2104962311351752	128.0	1.1829427083333333	37.854166666666664	0.00556071496655	2.9999999996844102	4.415037498362131	0.6424479953566249	-3.0001265737046725	0.8922712247169069	0.0	-0.22306780617922672	0.8663459524165613	-0.7953787988655238	3.3028456328573914	0.8906631825947265	-0.0	-1.4254506784682557	1.8296017564654872	0.6944125031038736	0.23647234788188704	-0.8922712247169069	153.0	215.0	3.0
dense_expansion	1	21148	64	256	4.0	32	0.2	0.2969021267361111	0.28125	0.41796875	0.9090909090909092	0.8292682926829268	0.9121951209478047	0.8125	0.7703703703703704	0.9481481469811966	0.6227842997010157	0.0	0.8640548849981715	0.4103725918234092	0.5381198164568278	0.2093791985959209	128.0	1.1876085069444444	38.00347222222222	0.0055094754859788	2.9999999996844102	4.415037498362131	0.6424479953566249	-3.0001265737046725	0.8865920956230359	0.0	-0.22164802390575897	0.8568003268504385	-0.7960101005372685	3.287344034733759	0.8670159722733359	-0.0	-1.4254506784682557	1.8336669980078082	0.6865958165114405	0.2322518546257103	-0.8865920956230359	154.0	217.0	1.0
granule_like_sparse_expansion	1	20640	64	256	4.0	8	0.1	0.1015625	0.296875	0.1875	0.9047619047619048	0.96	1.061052630406205	0.8181818181818182	0.9166666666666666	1.1203703690010287	0.6434708389587827	0.0	0.4603857905632352	0.7016464119913641	0.2962448308984274	0.2328792019669927	32.0	0.40625	3.25	0.0716551390447192	0.9999999998196631	2.4150374984973837	0.0	-1.2037593745161437	2.434211700762103	0.0	-0.6085529251905257	1.0576201106077021	0.01894484275646555	1.4165013787543257	0.9502425015038307	-0.0	0.0	0.7258479281240764	0.679708808682833	0.46597507816783273	-2.434211700762103	155.0	173.0	91.0
granule_like_sparse_expansion	3	41700	64	1024	16.0	2	0.05	0.0498046875	0.296875	0.095703125	0.896551724137931	0.98	1.093076921857722	0.8	0.9375	1.1718749985351562	0.682885397614032	0.0	0.2676535741266463	0.9980449739365456	0.1827767173902916	0.2137727155265353	32.0	0.796875	1.59375	0.134131899854057	0.9999999996393262	0.41503749903839454	0.0	-0.7037593745431943	3.462226062169644	0.0	-0.865556515542411	0.8943452201854736	0.788696665071084	0.538853835522611	1.108816000780493	-0.0	0.3967592703304354	-0.01002664331448127	0.6789188276349676	0.5751566407871747	-3.462226062169644	156.0	148.0	226.0
granule_like_sparse_expansion	3	40640	64	256	4.0	8	0.1	0.1015625	0.28125	0.1796875	0.9090909090909092	0.9387755102040816	1.0326530600885715	0.8125	0.8936170212765957	1.0998363325252425	0.6501980925729514	0.0	0.456701383870607	0.7016464119913641	0.2969463686680959	0.2291523892028249	32.0	0.40625	3.25	0.0705084274253281	0.9999999998196631	2.4150374984973837	0.0	-1.2037593745161437	2.434211700762103	0.0	-0.6085529251905257	1.0257725520526564	0.004816655775239859	1.4219275983414668	0.9773077327918698	-0.0	0.0	0.7258479281240764	0.6710839700664154	0.45618104330052706	-2.434211700762103	157.0	176.0	91.0
granule_like_sparse_expansion	2	30522	64	256	4.0	4	0.05	0.05078125	0.296875	0.1015625	0.9	1.0	1.1111111098765432	0.8	0.96	1.1999999984999998	0.5064885494432875	0.0	0.2768758768798072	0.9922778669435472	0.1402344612566918	0.1669818622965938	16.0	0.203125	0.8125	0.2055161379582495	0.0	1.4150374986777208	0.0	-0.3537593746694302	3.4342116865571057	0.0	-0.8585529216392764	0.49449297850359686	1.6681940438313196	0.20980010029406956	0.3991324110066491	-0.0	0.6744907594765952	0.01002664331448127	0.6708621901448282	0.7662263079552687	-3.4342116865571057	158.0	118.0	196.0
granule_like_sparse_expansion	2	31700	64	1024	16.0	2	0.05	0.0498046875	0.28125	0.09375	0.9047619047619048	0.9696969696969696	1.0717703337436415	0.8095238095238095	0.9375	1.158088233863538	0.6823138420212234	0.0	0.2672698635955768	0.9980449739365456	0.1823619274863863	0.2107783182213478	32.0	0.796875	1.59375	0.1322530623304124	0.9999999996393262	0.41503749903839454	0.0	-0.7037593745431943	3.462226062169644	0.0	-0.865556515542411	0.8687565336727168	0.7655482401379791	0.5356455391222861	1.106516506038574	-0.0	0.3967592703304354	-0.01002664331448127	0.6653909306012001	0.562613131544643	-3.462226062169644	159.0	152.0	226.0
intermediate	1	20286	64	32	0.5	8	0.1	0.09375	0.296875	0.1875	0.9	1.0	1.1111111098765432	0.8	1.0	1.2499999984375	0.2823880668809961	0.0023310023310023	0.4340724841597774	0.7302967394453056	0.1222911626725213	0.1116360465638521	4.0	0.046875	0.375	0.297696123376416	0.9999999998196631	2.4150374984973837	0.0	-1.2037593745161437	2.5496889169982895	0.0	-0.6374222292495724	0.021534120931669346	2.803907721003321	0.07101316330369462	-0.5024734656522888	-0.1529717820389475	0.0	0.6431868776574539	0.6549921622742829	0.8729932806618623	-2.5496889169982895	160.0	95.0	151.0
granule_like_sparse_expansion	2	30640	64	256	4.0	8	0.1	0.1015625	0.296875	0.1796875	0.9	0.9387755102040816	1.043083899067775	0.8	0.8936170212765957	1.117021275199468	0.6341739932010811	0.0	0.4559248919315396	0.7016464119913641	0.2891357093159958	0.2266112600051974	32.0	0.40625	3.25	0.0697265415186064	0.9999999998196631	2.4150374984973837	0.0	-1.2037593745161437	2.434211700762103	0.0	-0.6085529251905257	1.0040572778925254	-0.004816655775239859	1.3615140973194468	0.9128392318914794	-0.0	0.0	0.7258479281240764	0.6453704182554609	0.43988596985005396	-2.434211700762103	161.0	178.0	91.0
intermediate	2	30148	64	32	0.5	4	0.03	0.03125	0.28125	0.0625	0.9090909090909092	1.0	1.09999999879	0.8148148148148148	1.0	1.227272725766529	0.1763727182726086	0.0433177933177933	0.1859406374444571	0.7905694276912053	0.0313742548839056	0.0304406918558589	2.0	0.015625	0.0625	0.4870510619009263	0.0	1.4150374986777208	0.0	-0.3537593746694302	4.134651386941952	0.0	-1.033662846735488	-0.6723225273880308	5.136876125660587	-0.6322064310996411	-0.92899669410986	-2.8427256162238113	0.6744907594765952	-0.4913630100688859	0.6447898265384382	1.1378248073251174	-4.134651386941952	162.0	62.0	271.0
dense_expansion	3	41180	64	512	8.0	16	0.1	0.099609375	0.296875	0.1796875	0.9	0.9484536082474226	1.053837341326206	0.7916666666666666	0.9032258064516128	1.1409168067082478	0.7184906225308877	0.0	0.4521681433661503	0.7084919048757248	0.324878570815781	0.2626091996575308	128.0	0.796875	12.75	0.0205967999715242	1.9999999997294946	3.4150374984072154	0.0	-2.0537593744395006	2.4622260766531703	0.0	-0.6155565191632926	1.3116784446872314	-0.6101250551834962	1.6379762117716155	1.2520637067102527	-0.0	-0.6744907595374132	0.7057946412957367	0.6151545649471382	0.2253861843054439	-2.4622260766531703	163.0	221.0	121.0
granule_like_sparse_expansion	1	20468	64	256	4.0	2	0.03	0.03125	0.296875	0.0625	0.9047619047619048	1.0	1.10526315667313	0.8095238095238095	0.9333333333333332	1.1529411750463667	0.4507984519120979	0.0	0.1859204790429776	0.7905694276912053	0.0838126641313299	0.0763935708671245	8.0	0.125	0.25	0.3055742822462011	0.9999999996393262	0.41503749903839454	0.0	-0.7037593745431943	4.134651386941952	0.0	-1.033662846735488	-0.2796312123975861	2.900971446266024	-0.2266084210147964	0.1750788140141779	-0.0	0.3967592703304354	-0.4913630100688859	0.6067409944749554	0.8351576318107132	-4.134651386941952	164.0	104.0	271.0
intermediate	1	20674	64	128	2.0	16	0.2	0.203125	0.296875	0.3125	0.9	0.8695652173913043	0.9661835738056898	0.8	0.8181818181818182	1.0227272714488638	0.5806430460921334	0.0	0.7023733658023023	0.4961389371355688	0.407828210613433	0.2069380786650599	32.0	0.40625	6.5	0.0318366274820343	1.9999999997294946	3.4150374984072154	0.0	-2.0537593744395006	1.4342117078646017	0.0	-0.35855292696615043	0.8359396840283818	-0.4716435206634797	2.2795709764113314	0.6974723752711212	-0.0	-0.6744907595374132	1.4416692180177912	0.6046461878075821	0.3048158360617391	-1.4342117078646017	165.0	201.0	8.0
dense_expansion	2	32260	64	1024	16.0	32	0.1	0.099609375	0.296875	0.1796875	0.9047619047619048	0.9484536082474226	1.0482908290095667	0.8125	0.9148936170212766	1.1260229118710814	0.7677096056436871	0.0	0.4539285868849724	0.7084919048757248	0.3484853364278583	0.2780139757642076	512.0	1.59375	51.0	0.0054512544266422	2.9999999996844102	4.415037498362131	0.6424479953566249	-3.0001265737046725	2.4622260766531703	0.0	-0.6155565191632926	1.4433202899126691	-0.7967274195202133	1.8205686529652467	1.4500825771307664	-0.0	-1.4254506784682557	0.7057946412957367	0.5998214471118862	0.0729307264423926	-2.4622260766531703	166.0	250.0	121.0
intermediate	2	30438	64	128	2.0	8	0.1	0.1015625	0.296875	0.1875	0.9032258064516128	0.96	1.0628571416804082	0.8070719602977667	0.9166666666666666	1.1357929783518588	0.5270600883920659	0.0	0.4572200353521474	0.7016464119913641	0.2409824322473263	0.192044941211667	16.0	0.203125	1.625	0.1181815022113757	0.9999999998196631	2.4150374984973837	0.0	-1.2037593745161437	2.434211700762103	0.0	-0.6085529251905257	0.7086700579082744	0.5921780316937009	0.9890605153283824	0.48189626852302614	-0.0	0.0	0.7258479281240764	0.5958047805571796	0.5040388947952263	-2.434211700762103	167.0	163.0	91.0
intermediate	1	20437	64	64	1.0	8	0.2	0.203125	0.296875	0.3125	0.9	0.8695652173913043	0.9661835738056898	0.8095238095238095	0.8181818181818182	1.0106951859172697	0.4640520436822765	0.0	0.7000046429708144	0.4961389371355688	0.3248385851576887	0.1628887607718497	8.0	0.203125	1.625	0.1002392373363756	0.9999999998196631	2.4150374984973837	0.0	-1.2037593745161437	1.4342117078646017	0.0	-0.35855292696615043	0.4595152914745182	0.3711183783910814	1.6376669326842648	0.22840094920195042	-0.0	0.0	1.4416692180177912	0.593019603950799	0.5209720726157573	-1.4342117078646017	168.0	161.0	8.0
intermediate	3	40674	64	128	2.0	16	0.2	0.203125	0.296875	0.328125	0.9	0.8936170212765957	0.9929078003152088	0.8	0.8181818181818182	1.0227272714488638	0.5729904561216297	0.0	0.70645403575057	0.4961389371355688	0.4047914201736852	0.2053971661863361	32.0	0.40625	6.5	0.0315995640238056	1.9999999997294946	3.4150374984072154	0.0	-2.0537593744395006	1.4342117078646017	0.0	-0.35855292696615043	0.8227717833315205	-0.47456428714707877	2.2560821601584453	0.6666843108717082	-0.0	-0.6744907595374132	1.4416692180177912	0.5929513982909363	0.2977827035393542	-1.4342117078646017	169.0	202.0	8.0
intermediate	2	30674	64	128	2.0	16	0.2	0.203125	0.28125	0.328125	0.9047619047619048	0.8936170212765957	0.98768196979301	0.8095238095238095	0.8181818181818182	1.0106951859172697	0.5728773506335655	0.0	0.7080292353032003	0.4961389371355688	0.4056139124916067	0.2033931637939701	32.0	0.40625	6.5	0.031291255963489	1.9999999997294946	3.4150374984072154	0.0	-2.0537593744395006	1.4342117078646017	0.0	-0.35855292696615043	0.8056465378271142	-0.4783628306084984	2.2624439329934103	0.6662292624418472	-0.0	-0.6744907595374132	1.4416692180177912	0.5883442933862695	0.2941723573252918	-1.4342117078646017	170.0	203.0	8.0
granule_like_sparse_expansion	1	21734	64	1024	16.0	4	0.05	0.0498046875	0.28125	0.095703125	0.9090909090909092	0.98	1.0779999988142	0.8125	0.9484536082474226	1.1673275164062709	0.7221452401588037	0.0	0.2710531520795365	0.9980449739365456	0.1957397436042776	0.2280456801882479	64.0	0.796875	3.1875	0.0715437427817111	0.0	1.4150374986777208	0.0	-0.3537593746694302	3.462226062169644	0.0	-0.865556515542411	1.016315146388487	0.017572372811821783	0.639119608503294	1.2667670428771194	-0.0	0.6744907594765952	-0.01002664331448127	0.5840620393074668	0.438799502126333	-3.462226062169644	171.0	179.0	226.0
intermediate	3	40236	64	32	0.5	8	0.05	0.0625	0.28125	0.125	0.9047619047619048	1.0	1.10526315667313	0.8148148148148148	1.0	1.227272725766529	0.2373083358945026	0.0042735042735042	0.3211338825020535	0.8944271838444985	0.0758820731223308	0.0832962136301089	4.0	0.03125	0.25	0.3331848531876962	0.9999999998196631	2.4150374984973837	0.0	-1.2037593745161437	3.134651410025072	0.0	-0.783662852506268	-0.22064453034789125	3.2411505308095103	-0.2879495634752685	-0.683839207978743	-0.2804482670714027	0.0	0.2244582683855599	0.5824232860431605	0.8682019053641221	-3.134651410025072	172.0	96.0	181.0
intermediate	2	30386	64	32	0.5	8	0.2	0.1875	0.296875	0.3125	0.9047619047619048	0.9090909090909092	1.0047846878846638	0.8095238095238095	0.8	0.988235292896886	0.3712113341860574	9.712509712509713e-05	0.6797683387368887	0.5163977781172615	0.2523132036351778	0.1287611072613625	4.0	0.09375	0.75	0.1716814761195747	0.9999999998196631	2.4150374984973837	0.0	-1.2037593745161437	1.5496889246926628	0.0	-0.3874222311731657	0.16787669509221112	1.2513303609140995	1.0767012045406432	-0.1451177880979989	-0.006373824251622898	0.0	1.359008167127492	0.5804696199976888	0.6377926539049807	-1.5496889246926628	173.0	136.0	81.0
granule_like_sparse_expansion	2	30468	64	256	4.0	2	0.03	0.03125	0.296875	0.0625	0.9	1.0	1.1111111098765432	0.8	0.9333333333333332	1.1666666652083333	0.4368313612336215	0.0	0.1865131404835862	0.7905694276912053	0.0814747890454026	0.0751467234774331	8.0	0.125	0.25	0.3005868927073851	0.9999999996393262	0.41503749903839454	0.0	-0.7037593745431943	4.134651386941952	0.0	-1.033662846735488	-0.2902861735574796	2.839523763377786	-0.24469130141272954	0.11888611468769486	-0.0	0.3967592703304354	-0.4913630100688859	0.5801359730527319	0.8118799026525731	-4.134651386941952	174.0	106.0	271.0
intermediate	3	40438	64	128	2.0	8	0.1	0.1015625	0.296875	0.1875	0.9047619047619048	0.96	1.061052630406205	0.8095238095238095	0.9166666666666666	1.1323529397776817	0.5196546066677056	0.0	0.4570394938801952	0.7016464119913641	0.2375026784239201	0.1886985801477126	16.0	0.203125	1.625	0.1161222030963633	0.9999999998196631	2.4150374984973837	0.0	-1.2037593745161437	2.434211700762103	0.0	-0.6085529251905257	0.6800736575322519	0.5668062098204587	0.9621454878396716	0.452102375329076	-0.0	0.0	0.7258479281240764	0.5738844569349522	0.4866708140347425	-2.434211700762103	175.0	167.0	91.0
granule_like_sparse_expansion	3	41734	64	1024	16.0	4	0.05	0.0498046875	0.3125	0.095703125	0.9	0.98	1.0888888876790124	0.8	0.9484536082474226	1.1855670088273196	0.7073043556316354	0.0	0.2721297010489121	0.9980449739365456	0.1924785228486303	0.2277500571047732	64.0	0.796875	3.1875	0.0714509982849638	0.0	1.4150374986777208	0.0	-0.3537593746694302	3.462226062169644	0.0	-0.865556515542411	1.0137888929765355	0.0164297040105574	0.6138948797611095	1.2070588773634985	-0.0	0.6744907594765952	-0.01002664331448127	0.5725691801148617	0.4341677414922357	-3.462226062169644	176.0	186.0	226.0
dense_expansion	3	42260	64	1024	16.0	32	0.1	0.099609375	0.296875	0.1796875	0.9	0.9484536082474226	1.053837341326206	0.8	0.9090909090909092	1.1363636349431818	0.7519022832503204	0.0	0.4522996428442603	0.7084919048757248	0.3400851341679037	0.2738040502560797	512.0	1.59375	51.0	0.0053687068676609	2.9999999996844102	4.415037498362131	0.6424479953566249	-3.0001265737046725	2.4622260766531703	0.0	-0.6155565191632926	1.4073442810233614	-0.7977444558250785	1.7555951846650972	1.3864862180281468	-0.0	-1.4254506784682557	0.7057946412957367	0.5714492157054236	0.05568439352804902	-2.4622260766531703	177.0	254.0	121.0
granule_like_sparse_expansion	3	40468	64	256	4.0	2	0.03	0.03125	0.28125	0.0625	0.9090909090909092	1.0	1.09999999879	0.8181818181818182	0.9333333333333332	1.140740739346502	0.4363031014853185	0.0	0.1886890201613468	0.7905694276912053	0.0823256047126214	0.0742440914285637	8.0	0.125	0.25	0.2969763645263496	0.9999999996393262	0.41503749903839454	0.0	-0.7037593745431943	4.134651386941952	0.0	-1.033662846735488	-0.2979996351261476	2.795039852706557	-0.2381104545387389	0.11676080871768219	-0.0	0.3967592703304354	-0.4913630100688859	0.5682720870927269	0.7979791641685694	-4.134651386941952	178.0	109.0	271.0
granule_like_sparse_expansion	2	31734	64	1024	16.0	4	0.05	0.0498046875	0.296875	0.095703125	0.9047619047619048	0.98	1.0831578935396675	0.8	0.9375	1.1718749985351562	0.712384141032874	0.0	0.2707888257237322	0.9980449739365456	0.1929056650145015	0.2256193701222064	64.0	0.796875	3.1875	0.0707825474671133	0.0	1.4150374986777208	0.0	-0.3537593746694302	3.462226062169644	0.0	-0.865556515542411	0.9955810615844685	0.008193981983636564	0.6171987178253657	1.2274959791383682	-0.0	0.6744907594765952	-0.01002664331448127	0.568132815067675	0.4285510343153845	-3.462226062169644	179.0	188.0	226.0
excessively_sparse	1	20128	64	32	0.5	4	0.01	0.03125	0.3125	0.0625	0.8947368421052632	1.0	1.1176470575743944	0.8	1.0	1.2499999984375	0.1709511755302924	0.0476884226884226	0.182858710323133	0.7905694276912053	0.0297691756135604	0.0294182501227915	2.0	0.015625	0.0625	0.470691994433592	0.0	1.4150374986777208	0.0	-0.3537593746694302	4.134651386941952	0.0	-1.033662846735488	-0.6810598251873899	4.935322430635055	-0.6446213187254023	-0.9508087613626433	-3.1295477075468368	0.6744907594765952	-0.4913630100688859	0.5666088425447324	1.045066796981419	-4.134651386941952	180.0	73.0	271.0
intermediate	2	30437	64	64	1.0	8	0.2	0.203125	0.28125	0.3125	0.9130434782608696	0.8695652173913043	0.9523809513378684	0.8125	0.8181818181818182	1.0069930057536312	0.4570092108267279	0.0	0.6968936552803089	0.4961389371355688	0.3184868194298078	0.1591187028813458	8.0	0.203125	1.625	0.0979192017128779	0.9999999998196631	2.4150374984973837	0.0	-1.2037593745161437	1.4342117078646017	0.0	-0.35855292696615043	0.42729818076314957	0.34253412360757685	1.588537609794285	0.2000660727291868	-0.0	0.0	1.4416692180177912	0.565461826036102	0.4985839756049353	-1.4342117078646017	181.0	164.0	8.0
granule_like_sparse_expansion	2	30926	64	512	8.0	4	0.05	0.05078125	0.3125	0.09765625	0.9	0.9803921568627452	1.0893246175260227	0.8	0.9387755102040816	1.1734693862882652	0.6092941695331416	0.0	0.2750197167315537	0.9922778669435472	0.1675679099111919	0.1951173644980378	32.0	0.40625	1.625	0.1200722242325942	0.0	1.4150374986777208	0.0	-0.3537593746694302	3.4342116865571057	0.0	-0.8585529216392764	0.7349255171197948	0.6154728808899447	0.42121750486696	0.8127421907214891	-0.0	0.6744907594765952	0.01002664331448127	0.5649463326460379	0.5302090774820294	-3.4342116865571057	182.0	157.0	196.0
dense_expansion	1	21180	64	512	8.0	16	0.1	0.099609375	0.296875	0.1796875	0.9047619047619048	0.9484536082474226	1.0482908290095667	0.8095238095238095	0.9032258064516128	1.1157495242384194	0.6982740265632177	0.0	0.4535324469607031	0.7084919048757248	0.3166899279163191	0.2503432315071104	128.0	0.796875	12.75	0.0196347632539196	1.9999999997294946	3.4150374984072154	0.0	-2.0537593744395006	2.4622260766531703	0.0	-0.6155565191632926	1.2068593502962432	-0.6219779346688719	1.5746391023325021	1.170727863422079	-0.0	-0.6744907595374132	0.7057946412957367	0.5634262634133136	0.19136593516576658	-2.4622260766531703	183.0	225.0	121.0
granule_like_sparse_expansion	3	40926	64	512	8.0	4	0.05	0.05078125	0.296875	0.09765625	0.9	0.9803921568627452	1.0893246175260227	0.8	0.9387755102040816	1.1734693862882652	0.601397817830651	0.0	0.2772485199549073	0.9922778669435472	0.1667366548976589	0.1941494447599908	32.0	0.40625	1.625	0.1194765813172395	0.0	1.4150374986777208	0.0	-0.3537593746694302	3.4342116865571057	0.0	-0.8585529216392764	0.7266541382004087	0.6081341966559415	0.41478795476807734	0.7809734188842736	-0.0	0.6744907594765952	0.01002664331448127	0.5565348661309286	0.5253887639131188	-3.4342116865571057	184.0	159.0	196.0
dense_expansion	2	31180	64	512	8.0	16	0.1	0.099609375	0.28125	0.1796875	0.9090909090909092	0.9484536082474226	1.043298967924536	0.8181818181818182	0.9032258064516128	1.1039426509804855	0.6975497688359047	0.0	0.4536702040949478	0.7084919048757248	0.3164575459941686	0.2475123428827944	128.0	0.796875	12.75	0.0194127327735985	1.9999999997294946	3.4150374984072154	0.0	-2.0537593744395006	2.4622260766531703	0.0	-0.6155565191632926	1.1826679307292207	-0.6247134856901247	1.57284168615309	1.1678140141715334	-0.0	-0.6744907595374132	0.7057946412957367	0.5553812138520978	0.1854373735190744	-2.4622260766531703	185.0	227.0	121.0
intermediate	2	30236	64	32	0.5	8	0.05	0.0625	0.265625	0.125	0.9130434782608696	1.0	1.0952380940385489	0.8125	1.0	1.230769229254438	0.2280781679678575	0.0033022533022533	0.324361318346704	0.8944271838444985	0.0737354354231322	0.0811704341832487	4.0	0.03125	0.25	0.3246817354342679	0.9999999998196631	2.4150374984973837	0.0	-1.2037593745161437	3.134651410025072	0.0	-0.783662852506268	-0.2388104242881283	3.136386930692154	-0.30455327040809904	-0.7209742179084913	-0.21671002455517838	0.0	0.2244582683855599	0.5505904628721422	0.8370229147525657	-3.134651410025072	186.0	103.0	181.0
excessively_sparse	3	40128	64	32	0.5	4	0.01	0.03125	0.296875	0.0625	0.8947368421052632	1.0	1.1176470575743944	0.7931034482758621	1.0	1.2608695636275993	0.1900084945277701	0.0633255633255633	0.1715744565141527	0.7905694276912053	0.0305361525571162	0.0304385873911057	2.0	0.015625	0.0625	0.4870173904654138	0.0	1.4150374986777208	0.0	-0.3537593746694302	4.134651386941952	0.0	-1.033662846735488	-0.6723405111367985	5.136461273025624	-0.6386889434578884	-0.874136946090162	-4.155733412058128	0.6744907594765952	-0.4913630100688859	0.5439637253671321	1.005423598347706	-4.134651386941952	187.0	78.0	271.0
intermediate	3	40199	64	64	1.0	4	0.03	0.03125	0.28125	0.0625	0.9090909090909092	1.0	1.09999999879	0.8125	1.0	1.230769229254438	0.2396469631002037	0.0014568764568764	0.1890161997492679	0.7905694276912053	0.0452311658832405	0.0440103100087497	4.0	0.03125	0.125	0.3520824772533382	0.0	1.4150374986777208	0.0	-0.3537593746694302	4.134651386941952	0.0	-1.033662846735488	-0.5563630638891162	3.4739807923900754	-0.5250266823636686	-0.6744303927550253	-0.09560736377433973	0.6744907594765952	-0.4913630100688859	0.5426820414371276	0.9529368875990898	-4.134651386941952	188.0	82.0	271.0
dense_expansion	1	22260	64	1024	16.0	32	0.1	0.099609375	0.28125	0.1796875	0.9	0.9484536082474226	1.053837341326206	0.8095238095238095	0.9090909090909092	1.1229946510191884	0.7423531758989438	0.0	0.4493795053005202	0.7084919048757248	0.3335983029437374	0.2654216916204828	512.0	1.59375	51.0	0.0052043468944172	2.9999999996844102	4.415037498362131	0.6424479953566249	-3.0001265737046725	2.4622260766531703	0.0	-0.6155565191632926	1.3357126551892744	-0.7997694710032183	1.7054211638654992	1.3480680441518138	-0.0	-1.4254506784682557	0.7057946412957367	0.5380332156975648	0.03322446068785004	-2.4622260766531703	189.0	260.0	121.0
intermediate	3	40946	64	128	2.0	32	0.2	0.203125	0.296875	0.328125	0.9047619047619048	0.8936170212765957	0.98768196979301	0.8095238095238095	0.8181818181818182	1.0106951859172697	0.594827042422495	0.0	0.7111493228797974	0.4961389371355688	0.4230108484493498	0.2121167744389567	64.0	0.40625	13.0	0.0163166749555876	2.9999999996844102	4.415037498362131	0.6424479953566249	-3.0001265737046725	1.4342117078646017	0.0	-0.35855292696615043	0.8801943400399985	-0.6628588075111165	2.3970048914073168	0.7545377340768888	-0.0	-1.4254506784682557	1.4416692180177912	0.5379136697127888	0.12372528467300074	-1.4342117078646017	190.0	240.0	8.0
intermediate	2	30286	64	32	0.5	8	0.1	0.09375	0.28125	0.1875	0.9090909090909092	1.0	1.09999999879	0.8181818181818182	1.0	1.222222220728395	0.2597751150930761	0.0009712509712509	0.4377158975312039	0.7302967394453056	0.1135972589474473	0.1013951983218162	4.0	0.046875	0.375	0.2703871948038108	0.9999999998196631	2.4150374984973837	0.0	-1.2037593745161437	2.5496889169982895	0.0	-0.6374222292495724	-0.06597926776801956	2.467445054534851	0.0037679874609045697	-0.5934503791666399	-0.0637382425162243	0.0	0.6431868776574539	0.5356742336446177	0.7533883805572373	-2.5496889169982895	191.0	119.0	151.0
granule_like_sparse_expansion	1	20926	64	512	8.0	4	0.05	0.05078125	0.296875	0.09765625	0.9	0.9803921568627452	1.0893246175260227	0.8076923076923077	0.9387755102040816	1.1622934873850712	0.5894021478215522	0.0	0.2755868612528787	0.9922778669435472	0.1624314879338468	0.1873351754379066	32.0	0.40625	1.625	0.1152831848139221	0.0	1.4150374986777208	0.0	-0.3537593746694302	3.4342116865571057	0.0	-0.8585529216392764	0.6684226532888261	0.5564689925336131	0.38148856261134495	0.7327121815544583	-0.0	0.6744907594765952	0.01002664331448127	0.5170103870451332	0.493247996870594	-3.4342116865571057	192.0	165.0	196.0
intermediate	1	20438	64	128	2.0	8	0.1	0.1015625	0.28125	0.1875	0.9090909090909092	0.96	1.0559999988384	0.8125	0.9166666666666666	1.128205126816568	0.4942107718173068	9.712509712509713e-05	0.4582397155756372	0.7016464119913641	0.2264450078822671	0.1792541126238346	16.0	0.203125	1.625	0.1103102230852458	0.9999999998196631	2.4150374984973837	0.0	-1.2037593745161437	2.434211700762103	0.0	-0.6085529251905257	0.5993657573715899	0.495199069071491	0.8766171655233619	0.3497361922509897	-0.006373824251622898	0.0	0.7258479281240764	0.5079589088453403	0.43558046100531106	-2.434211700762103	193.0	183.0	91.0
intermediate	2	30199	64	64	1.0	4	0.03	0.03125	0.28125	0.0625	0.9090909090909092	1.0	1.09999999879	0.8125	1.0	1.230769229254438	0.2339585786124013	0.0018453768453768	0.1874201777176599	0.7905694276912053	0.0437676412677658	0.042586288081065	4.0	0.03125	0.125	0.340690301922998	0.0	1.4150374986777208	0.0	-0.3537593746694302	4.134651386941952	0.0	-1.033662846735488	-0.5685320738704198	3.3336222397529105	-0.5363466800574561	-0.6973160234518382	-0.12110266078083208	0.6744907594765952	-0.4913630100688859	0.4992228795943607	0.9041479904569621	-4.134651386941952	194.0	89.0	271.0
intermediate	1	20337	64	64	1.0	8	0.1	0.09375	0.296875	0.1875	0.9047619047619048	1.0	1.10526315667313	0.8076923076923077	0.9090909090909092	1.1255411241475983	0.3905709044661729	9.712509712509713e-05	0.4292962058074331	0.7302967394453056	0.167654322362078	0.1378083344332062	8.0	0.09375	0.75	0.183744445665949	0.9999999998196631	2.4150374984973837	0.0	-1.2037593745161437	2.5496889169982895	0.0	-0.6374222292495724	0.2451899692889726	1.399953507673967	0.42188588361126156	-0.06722994897078019	-0.006373824251622898	0.0	0.6431868776574539	0.49907606656178183	0.5638288901593842	-2.5496889169982895	195.0	151.0	151.0
intermediate	2	30946	64	128	2.0	32	0.2	0.203125	0.296875	0.328125	0.9	0.8936170212765957	0.9929078003152088	0.8	0.8181818181818182	1.0227272714488638	0.5724747267553862	0.0	0.7098614441419742	0.4961389371355688	0.4063777362693605	0.2062020864847646	64.0	0.40625	13.0	0.0158616989591463	2.9999999996844102	4.415037498362131	0.6424479953566249	-3.0001265737046725	1.4342117078646017	0.0	-0.35855292696615043	0.8296502470372416	-0.6684643894560395	2.2683519193102843	0.664609417404036	-0.0	-1.4254506784682557	1.4416692180177912	0.49026561736048413	0.09263684567441753	-1.4342117078646017	196.0	247.0	8.0
intermediate	2	30337	64	64	1.0	8	0.1	0.09375	0.28125	0.1875	0.9090909090909092	1.0	1.09999999879	0.8181818181818182	0.9090909090909092	1.1111111097530864	0.3859822550321372	0.0	0.4345299263860804	0.7302967394453056	0.1677208408654479	0.1360955367459516	8.0	0.09375	0.75	0.1814607154193212	0.9999999998196631	2.4150374984973837	0.0	-1.2037593745161437	2.5496889169982895	0.0	-0.6374222292495724	0.23055321984927568	1.3718165572904253	0.4224003876358468	-0.08569110196943258	-0.0	0.0	0.6431868776574539	0.4869813099913065	0.5531750131852324	-2.5496889169982895	197.0	154.0	151.0
intermediate	1	20946	64	128	2.0	32	0.2	0.203125	0.28125	0.328125	0.9047619047619048	0.8936170212765957	0.98768196979301	0.8095238095238095	0.8181818181818182	1.0106951859172697	0.5633796116654604	0.0	0.7058320808970489	0.4961389371355688	0.3976514036368032	0.1994004016676229	64.0	0.40625	13.0	0.0153384924347911	2.9999999996844102	4.415037498362131	0.6424479953566249	-3.0001265737046725	1.4342117078646017	0.0	-0.35855292696615043	0.7715263032830513	-0.6749106131454904	2.200855913960398	0.628017754948837	-0.0	-1.4254506784682557	1.4416692180177912	0.4566353722153432	0.06895378901426123	-1.4342117078646017	198.0	251.0	8.0
dense_expansion	1	21452	64	512	8.0	32	0.1	0.099609375	0.3125	0.1796875	0.8846153846153846	0.9484536082474226	1.0721649472415955	0.7894736842105263	0.9032258064516128	1.1440860200562006	0.6839098641335813	0.0	0.4509368663926278	0.7084919048757248	0.308400171027405	0.249981679481054	256.0	0.796875	25.5	0.0098032031165196	2.9999999996844102	4.415037498362131	0.6424479953566249	-3.0001265737046725	2.4622260766531703	0.0	-0.6155565191632926	1.2037696996888299	-0.7431087556961412	1.51051990141689	1.1129376564945066	-0.0	-1.4254506784682557	0.7057946412957367	0.45609249382465844	-0.005401105187407301	-2.4622260766531703	199.0	267.0	121.0
intermediate	1	20199	64	64	1.0	4	0.03	0.03125	0.28125	0.0625	0.9047619047619048	1.0	1.10526315667313	0.8125	1.0	1.230769229254438	0.220476458108858	0.0014568764568764	0.1920055757468631	0.7905694276912053	0.0422710357503177	0.0411300781537392	4.0	0.03125	0.125	0.329040622597589	0.0	1.4150374986777208	0.0	-0.3537593746694302	4.134651386941952	0.0	-1.033662846735488	-0.5809761470942872	3.190091080743555	-0.5479225502730226	-0.7515575803500472	-0.09560736377433973	0.6744907594765952	-0.4913630100688859	0.4558228723613289	0.8594129772776963	-4.134651386941952	200.0	98.0	271.0
integrator_like_low_expansion	3	40573	64	64	1.0	16	0.2	0.203125	0.28125	0.3125	0.9090909090909092	0.8695652173913043	0.9565217380782608	0.8181818181818182	0.8181818181818182	0.9999999987777778	0.485784414728165	0.0	0.7077471562668636	0.4961389371355688	0.3438125380826214	0.1705787870097089	16.0	0.203125	3.25	0.0524857806022225	1.9999999997294946	3.4150374984072154	0.0	-2.0537593744395006	1.4342117078646017	0.0	-0.35855292696615043	0.5252305759274387	-0.2172333521845975	1.7844257238116716	0.31583509135405075	-0.0	-0.6744907595374132	1.4416692180177912	0.45141620411460404	0.24472527709526615	-1.4342117078646017	201.0	212.0	8.0
dense_expansion	3	40776	64	256	4.0	16	0.1	0.1015625	0.28125	0.1796875	0.9	0.9387755102040816	1.043083899067775	0.8	0.8936170212765957	1.117021275199468	0.6075633055902786	0.0	0.4535798254274497	0.7016464119913641	0.2755784580857628	0.2159857105330895	64.0	0.40625	6.5	0.0332285708461324	1.9999999997294946	3.4150374984072154	0.0	-2.0537593744395006	2.434211700762103	0.0	-0.6085529251905257	0.9132564165650957	-0.4544939289241923	1.2566521421205883	0.8057785417157419	-0.0	-0.6744907595374132	0.7258479281240764	0.42848314981167074	0.13619517045257087	-2.434211700762103	202.0	238.0	91.0
intermediate	1	20148	64	32	0.5	4	0.03	0.03125	0.28125	0.0625	0.9166666666666666	1.0	1.0909090897190084	0.8125	1.0	1.230769229254438	0.162122134584759	0.0506021756021756	0.1805935906576387	0.7905694276912053	0.0277966768604539	0.0270464035572185	2.0	0.015625	0.0625	0.4327424499916169	0.0	1.4150374986777208	0.0	-0.3537593746694302	4.134651386941952	0.0	-1.033662846735488	-0.7013284909778857	4.467760882760218	-0.6598781043647212	-0.9863299486030261	-3.3207624350955296	0.6744907594765952	-0.4913630100688859	0.42712332629042166	0.8793346088601017	-4.134651386941952	203.0	90.0	271.0
granule_like_sparse_expansion	1	21802	64	1024	16.0	8	0.05	0.0498046875	0.296875	0.095703125	0.9047619047619048	0.98	1.0831578935396675	0.8	0.9484536082474226	1.1855670088273196	0.7117709127905659	0.0	0.2727699392994697	0.9980449739365456	0.1941497086770108	0.2297274863899391	128.0	0.796875	6.375	0.0360356841339456	0.9999999998196631	2.4150374984973837	0.0	-1.2037593745161437	3.462226062169644	0.0	-0.865556515542411	1.030687057422381	-0.41990858005612425	0.6268210851170896	1.2250288260975688	-0.0	0.0	-0.01002664331448127	0.42274392906305064	0.1736866680694783	-3.462226062169644	204.0	229.0	226.0
granule_like_sparse_expansion	2	31802	64	1024	16.0	8	0.05	0.0498046875	0.28125	0.095703125	0.9090909090909092	0.98	1.0779999988142	0.8095238095238095	0.9484536082474226	1.171619161681875	0.7153406497624168	0.0	0.2732011337278183	0.9980449739365456	0.1954318765166865	0.2285240856278507	128.0	0.796875	6.375	0.0358469153869809	0.9999999998196631	2.4150374984973837	0.0	-1.2037593745161437	3.462226062169644	0.0	-0.865556515542411	1.0204033703522164	-0.42223432622301593	0.6367383334057147	1.2393906685851361	-0.0	0.0	-0.01002664331448127	0.4225276065440598	0.17241979404867164	-3.462226062169644	205.0	231.0	226.0
dense_expansion	3	41452	64	512	8.0	32	0.1	0.099609375	0.296875	0.1796875	0.9	0.9484536082474226	1.053837341326206	0.8	0.9032258064516128	1.1290322566532258	0.6716501285409571	0.0	0.4496570961879786	0.7084919048757248	0.3020122464540093	0.2415826807467289	256.0	0.796875	25.5	0.0094738306171472	2.9999999996844102	4.415037498362131	0.6424479953566249	-3.0001265737046725	2.4622260766531703	0.0	-0.6155565191632926	1.1319958755335113	-0.7471668259022126	1.4611108988799062	1.063614024835113	-0.0	-1.4254506784682557	0.7057946412957367	0.42119590258911566	-0.028384641460839966	-2.4622260766531703	206.0	272.0	121.0
dense_expansion	1	20776	64	256	4.0	16	0.1	0.1015625	0.296875	0.1796875	0.9	0.9387755102040816	1.043083899067775	0.8	0.8936170212765957	1.117021275199468	0.592768560714	0.0	0.4570811539037122	0.7016464119913641	0.2709433377289977	0.212352916552688	64.0	0.40625	6.5	0.0326696794646182	1.9999999997294946	3.4150374984072154	0.0	-2.0537593744395006	2.434211700762103	0.0	-0.6085529251905257	0.8822122975469271	-0.46137981183206855	1.2208006428057034	0.7462560062369761	-0.0	-0.6744907595374132	0.7258479281240764	0.40573266116413736	0.12254285687934152	-2.434211700762103	207.0	242.0	91.0
intermediate	3	40337	64	64	1.0	8	0.1	0.09375	0.3125	0.1875	0.9	1.0	1.1111111098765432	0.8095238095238095	0.9090909090909092	1.1229946510191884	0.3537210246143924	0.0	0.4373273906037061	0.7302967394453056	0.1546918926962815	0.1268658117122174	8.0	0.09375	0.75	0.1691544153907507	0.9999999998196631	2.4150374984973837	0.0	-1.2037593745161437	2.5496889169982895	0.0	-0.6374222292495724	0.15168040625235693	1.2201954304869567	0.321624724781962	-0.21548517737844786	-0.0	0.0	0.6431868776574539	0.39738882489673605	0.4767977629967254	-2.5496889169982895	208.0	171.0	151.0
intermediate	1	20300	64	128	2.0	4	0.03	0.03125	0.3125	0.0625	0.8947368421052632	1.0	1.1176470575743944	0.8	1.0	1.2499999984375	0.3502632423881041	0.0	0.186202730430672	0.7905694276912053	0.0652199721021652	0.0644511449429925	8.0	0.0625	0.25	0.2578045787407518	0.0	1.4150374986777208	0.0	-0.3537593746694302	4.134651386941952	0.0	-1.033662846735488	-0.3816854697418032	2.3124195455526815	-0.37041825425301517	-0.2293966011281126	-0.0	0.6744907594765952	-0.4913630100688859	0.3927985538819569	0.6721560329713663	-4.134651386941952	209.0	131.0	271.0
integrator_like_low_expansion	2	30573	64	64	1.0	16	0.2	0.203125	0.3125	0.3125	0.8947368421052632	0.8695652173913043	0.97186700658643	0.8	0.8181818181818182	1.0227272714488638	0.4572264234095364	0.0	0.7085796013383705	0.4961389371355688	0.3239813168208983	0.1643929220233409	16.0	0.203125	3.25	0.0505824375300795	1.9999999997294946	3.4150374984072154	0.0	-2.0537593744395006	1.4342117078646017	0.0	-0.35855292696615043	0.47236913376938194	-0.2406837004307729	1.6310361760213326	0.20093996705955697	-0.0	-0.6744907595374132	1.4416692180177912	0.39188728569955555	0.2041094520212513	-1.4342117078646017	210.0	222.0	8.0
granule_like_sparse_expansion	3	41802	64	1024	16.0	8	0.05	0.0498046875	0.296875	0.095703125	0.8947368421052632	0.98	1.0952941164229066	0.8	0.9484536082474226	1.1855670088273196	0.6964279804687203	0.0	0.2706376253300385	0.9980449739365456	0.1884796148474489	0.2230183524337952	128.0	0.796875	6.375	0.0349832709645195	0.9999999998196631	2.4150374984973837	0.0	-1.2037593745161437	3.462226062169644	0.0	-0.865556515542411	0.9733540090395082	-0.4328749525840765	0.5829643242566783	1.1633008111089744	-0.0	0.0	-0.01002664331448127	0.38951172765540426	0.15175163250545637	-3.462226062169644	211.0	236.0	226.0
dense_expansion	2	31452	64	512	8.0	32	0.1	0.099609375	0.28125	0.1796875	0.9130434782608696	0.9484536082474226	1.0387825221808915	0.8214285714285714	0.9148936170212766	1.113783532409122	0.6552793854401987	0.0	0.4530009371025927	0.7084919048757248	0.2968421756684211	0.2342401248749455	256.0	0.796875	25.5	0.0091858872496376	2.9999999996844102	4.415037498362131	0.6424479953566249	-3.0001265737046725	2.4622260766531703	0.0	-0.6155565191632926	1.0692499065600645	-0.750714463919816	1.4211216914892306	0.9977508994363767	-0.0	-1.4254506784682557	0.7057946412957367	0.3889912282821305	-0.04799650776941161	-2.4622260766531703	212.0	276.0	121.0
intermediate	3	40386	64	32	0.5	8	0.2	0.1875	0.28125	0.3125	0.9047619047619048	0.9090909090909092	1.0047846878846638	0.8125	0.8	0.9846153834035504	0.3142646735377683	9.712509712509713e-05	0.6784181106386054	0.5163977781172615	0.2131821387148197	0.1083931398214177	4.0	0.09375	0.75	0.144524186235858	0.9999999998196631	2.4150374984973837	0.0	-1.2037593745161437	1.5496889246926628	0.0	-0.3874222311731657	-0.006178208316858292	0.9167359756367994	0.7740321821202558	-0.3742268168227728	-0.006373824251622898	0.0	1.359008167127492	0.3740402676684501	0.4572030042769188	-1.5496889246926628	213.0	175.0	81.0
intermediate	3	40287	64	64	1.0	8	0.05	0.046875	0.296875	0.09375	0.9047619047619048	1.0	1.10526315667313	0.8076923076923077	1.0	1.2380952365623583	0.2921182346238144	0.0001942501942501	0.2620890725608605	0.9682458468798096	0.0765461252020951	0.091762007665601	8.0	0.046875	0.375	0.2446986864557395	0.9999999998196631	2.4150374984973837	0.0	-1.2037593745161437	3.5496889016095423	0.0	-0.8874222254023856	-0.14829990551120478	2.1509469541641164	-0.28281328634538344	-0.4633268457186895	-0.01274764850323961	0.0	-0.07263440630478776	0.37353903120976184	0.5682956270296231	-3.5496889016095423	214.0	150.0	241.0
excessively_sparse	3	40145	64	64	1.0	2	0.01	0.015625	0.3125	0.03125	0.8947368421052632	1.0	1.1176470575743944	0.7916666666666666	1.0	1.2631578931412744	0.2171537494249539	0.0483682983682983	0.0946642968185887	0.559017012263491	0.0195624140536309	0.0138135438860318	2.0	0.015625	0.03125	0.4420333902079517	0.9999999996393262	0.41503749903839454	0.0	-0.7037593745431943	5.134651340775713	0.35614371789279564	-1.550770623613525	-0.8144101776353941	4.582230936423291	-0.7235680724033131	-0.7649255733216861	-3.1741644773081985	0.3967592703304354	-1.9719900440206681	0.3638937463198666	0.7665879386736453	-5.134651340775713	215.0	117.0	376.0
integrator_like_low_expansion	1	20573	64	64	1.0	16	0.2	0.203125	0.28125	0.3125	0.9	0.8695652173913043	0.9661835738056898	0.8095238095238095	0.8181818181818182	1.0106951859172697	0.4477061773305885	0.0	0.7054456638768066	0.4961389371355688	0.3158323814887243	0.1583726428538248	16.0	0.203125	3.25	0.0487300439400291	1.9999999997294946	3.4150374984072154	0.0	-2.0537593744395006	1.4342117078646017	0.0	-0.35855292696615043	0.420922708767212	-0.26350631996344404	1.568006194706592	0.16263790847459714	-0.0	-0.6744907595374132	1.4416692180177912	0.3568292555159576	0.17751888396380494	-1.4342117078646017	216.0	228.0	8.0
intermediate	1	20386	64	32	0.5	8	0.2	0.1875	0.28125	0.3125	0.9	0.9090909090909092	1.0101010089786755	0.8095238095238095	0.8	0.988235292896886	0.3119470897185681	0.0	0.6654490291623735	0.5163977781172615	0.2075848880032489	0.1059352409819654	4.0	0.09375	0.75	0.1412469877876245	0.9999999998196631	2.4150374984973837	0.0	-1.2037593745161437	1.5496889246926628	0.0	-0.3874222311731657	-0.027182235662813883	0.8763588907025669	0.730738844600285	-0.38355096984176407	-0.0	0.0	1.359008167127492	0.35025332951200283	0.4350324551246247	-1.5496889246926628	217.0	184.0	81.0
granule_like_sparse_expansion	2	30872	64	512	8.0	2	0.03	0.029296875	0.3125	0.05859375	0.9	1.0	1.1111111098765432	0.8	0.9655172413793104	1.2068965502155171	0.5446355890233502	0.0	0.176376168535336	0.7654655576836884	0.0960607384399244	0.0887445355873393	16.0	0.234375	0.46875	0.1893216755157709	0.9999999996393262	0.41503749903839454	0.0	-0.7037593745431943	4.227760788255684	0.0	-1.056940197063921	-0.17408577799308	1.4686683831693408	-0.13187262261371793	0.5526064003050235	-0.0	0.3967592703304354	-0.5580127022918921	0.3446801956173716	0.43745368491162095	-4.227760788255684	218.0	181.0	361.0
dense_expansion	2	30776	64	256	4.0	16	0.1	0.1015625	0.296875	0.1796875	0.9	0.9387755102040816	1.043083899067775	0.8095238095238095	0.9166666666666666	1.1323529397776817	0.5586574649546543	0.0	0.4552063899222234	0.7016464119913641	0.2543044478251092	0.2020477770957768	64.0	0.40625	6.5	0.031084273394568	1.9999999997294946	3.4150374984072154	0.0	-2.0537593744395006	2.434211700762103	0.0	-0.6085529251905257	0.7941495068890816	-0.48091298217766376	1.0921029814560796	0.6090195128378456	-0.0	-0.6744907595374132	0.7258479281240764	0.3394978905141524	0.07976569844165032	-2.434211700762103	219.0	248.0	91.0
granule_like_sparse_expansion	2	30994	64	512	8.0	8	0.05	0.05078125	0.28125	0.09765625	0.9047619047619048	0.9803921568627452	1.0835913300716962	0.8125	0.9387755102040816	1.1554160111368192	0.6119927951181565	0.0	0.2768456990023575	0.9922778669435472	0.1694275731488926	0.1942476511452356	64.0	0.40625	3.25	0.0597685080262975	0.9999999998196631	2.4150374984973837	0.0	-1.2037593745161437	3.4342116865571057	0.0	-0.8585529216392764	0.7274933629757004	-0.12750570572081796	0.4356015359515108	0.8235993591600946	-0.0	0.0	0.01002664331448127	0.33426605038006046	0.17308852343734538	-3.4342116865571057	220.0	230.0	196.0
integrator_like_low_expansion	2	30522	64	32	0.5	16	0.2	0.2955729166666667	0.296875	0.40625	0.9	0.8333333333333334	0.9259259248971194	0.8	0.7692307692307693	0.9615384603365384	0.387335912742144	0.0	0.8647666749823892	0.4112942924748546	0.3349551893632927	0.1324664975459134	8.0	0.1477864583333333	2.3645833333333335	0.0560210738283245	1.9999999997294946	3.4150374984072154	0.0	-2.0537593744395006	0.8930654416574211	0.0	-0.22326636041435527	0.19954118738738125	-0.17367638207353156	1.715916341724271	-0.08024503718468763	-0.0	-0.6744907595374132	1.8290332390666348	0.3342317073623916	0.20174628415990659	-0.8930654416574211	221.0	223.0	4.0
intermediate	3	40300	64	128	2.0	4	0.03	0.03125	0.3125	0.0625	0.8888888888888888	1.0	1.124999998734375	0.8	1.0	1.2499999984375	0.3264984418497644	0.0	0.1887200900728313	0.7905694276912053	0.0616168153545266	0.0608904629876154	8.0	0.0625	0.25	0.2435618509762142	0.0	1.4150374986777208	0.0	-0.3537593746694302	4.134651386941952	0.0	-1.033662846735488	-0.4121133539006389	2.1369404472533784	-0.39828777256678394	-0.3250076572847579	-0.0	0.6744907594765952	-0.4913630100688859	0.3275861438135072	0.6092462989027428	-4.134651386941952	222.0	142.0	271.0
granule_like_sparse_expansion	1	20994	64	512	8.0	8	0.05	0.05078125	0.296875	0.09765625	0.8947368421052632	0.9803921568627452	1.0957324093866612	0.7916666666666666	0.9387755102040816	1.185821695602013	0.6017972684515468	0.0	0.2747778928249795	0.9922778669435472	0.1653605853329445	0.1945739507481478	64.0	0.40625	3.25	0.0598689079040858	0.9999999998196631	2.4150374984973837	0.0	-1.2037593745161437	3.4342116865571057	0.0	-0.8585529216392764	0.7302817632436583	-0.1262687179531013	0.40414440006844865	0.7825804972051985	-0.0	0.0	0.01002664331448127	0.3255795088648999	0.16929872943879265	-3.4342116865571057	223.0	232.0	196.0
granule_like_sparse_expansion	3	40994	64	512	8.0	8	0.05	0.05078125	0.296875	0.09765625	0.9047619047619048	0.9803921568627452	1.0835913300716962	0.8125	0.9387755102040816	1.1554160111368192	0.6044485863753908	0.0	0.2770693293246801	0.9922778669435472	0.1674741644382805	0.1920080802966962	64.0	0.40625	3.25	0.059079409303882	0.9999999998196631	2.4150374984973837	0.0	-1.2037593745161437	3.4342116865571057	0.0	-0.8585529216392764	0.7083550621673529	-0.13599582253325557	0.4204924070271703	0.7932473364448885	-0.0	0.0	0.01002664331448127	0.3211148526408362	0.16444745889329354	-3.4342116865571057	224.0	234.0	196.0
intermediate	1	20287	64	64	1.0	8	0.05	0.046875	0.296875	0.09375	0.9	1.0	1.1111111098765432	0.8	1.0	1.2499999984375	0.2759549762993659	0.0006798756798756	0.2634399092494585	0.9682458468798096	0.0726481286143493	0.0879265609081343	8.0	0.046875	0.375	0.2344708284631027	0.9999999998196631	2.4150374984973837	0.0	-1.2037593745161437	3.5496889016095423	0.0	-0.8874222254023856	-0.18107579819022915	2.0249335017024355	-0.3129633172482539	-0.528355213907181	-0.04461676976135504	0.0	-0.07263440630478776	0.3196391805868166	0.5162269959940718	-3.5496889016095423	225.0	162.0	241.0
integrator_like_low_expansion	1	20522	64	32	0.5	16	0.2	0.2960069444444444	0.296875	0.40625	0.9	0.8333333333333334	0.9259259248971194	0.8	0.75	0.937499998828125	0.3885796966177706	0.0	0.8567607475481198	0.4109926464562169	0.3329198313562627	0.1282758772273437	8.0	0.1480034722222222	2.3680555555555554	0.0541692853751821	1.9999999997294946	3.4150374984072154	0.0	-2.0537593744395006	0.8909485006524771	0.0	-0.22273712516311928	0.16373015141025848	-0.19649154595018514	1.700173355441708	-0.0752410191712644	-0.0	-0.6744907595374132	1.8305485905181857	0.3164562562869433	0.18545384743167903	-0.8909485006524771	226.0	226.0	2.0
granule_like_sparse_expansion	2	31680	64	1024	16.0	2	0.03	0.0302734375	0.28125	0.05859375	0.9	0.9836065573770492	1.0928961736490588	0.8	0.9666666666666668	1.2083333318229166	0.6831661873243269	0.0	0.1820892923465242	0.7781187377258049	0.1243972476049596	0.1169616269040118	32.0	0.484375	0.96875	0.1207345824859636	0.9999999996393262	0.41503749903839454	0.0	-0.7037593745431943	4.180455075065843	0.0	-1.0451137687664607	0.06704398216042658	0.6236335388042074	0.08730320470514326	1.109945679976239	-0.0	0.3967592703304354	-0.5241502654164901	0.3059282401722541	0.26673867957438163	-4.180455075065843	227.0	208.0	346.0
granule_like_sparse_expansion	2	30590	64	256	4.0	8	0.05	0.05078125	0.296875	0.1015625	0.8947368421052632	1.0	1.1176470575743944	0.8	0.96	1.1999999984999998	0.5026910415992029	0.0	0.2762134931566518	0.9922778669435472	0.1388500485786716	0.1653333958277158	32.0	0.203125	1.625	0.1017436281390598	0.9999999998196631	2.4150374984973837	0.0	-1.2037593745161437	3.4342116865571057	0.0	-0.8585529216392764	0.48040597287283626	0.38965339119965886	0.1990920136949549	0.3838541958518316	-0.0	0.0	0.01002664331448127	0.30265353407516654	0.24334234615443223	-3.4342116865571057	228.0	213.0	196.0
granule_like_sparse_expansion	1	20872	64	512	8.0	2	0.03	0.029296875	0.296875	0.05859375	0.9032258064516128	1.0	1.107142855917092	0.8095238095238095	0.9655172413793104	1.192697767289345	0.5228358872387544	0.0	0.1785345363824615	0.7654655576836884	0.0933442627322839	0.0852204239511516	16.0	0.234375	0.46875	0.1818035707079426	0.9999999996393262	0.41503749903839454	0.0	-0.7037593745431943	4.227760788255684	0.0	-1.056940197063921	-0.2042011497034881	1.376040743688499	-0.15288388434486827	0.4649013716782305	-0.0	0.3967592703304354	-0.5580127022918921	0.30146472808876895	0.40049062946561426	-4.227760788255684	229.0	192.0	361.0
intermediate	3	40148	64	32	0.5	4	0.03	0.03125	0.265625	0.0625	0.9166666666666666	1.0	1.0909090897190084	0.8235294117647058	1.0	1.2142857128112243	0.1428554459899644	0.045066045066045	0.1841632067670985	0.7905694276912053	0.025123087210007	0.0241175899361912	2.0	0.015625	0.0625	0.3858814328049564	0.0	1.4150374986777208	0.0	-0.3537593746694302	4.134651386941952	0.0	-1.033662846735488	-0.7263567307084405	3.890404552059454	-0.6805576531452358	-1.0638441041381266	-2.95745445275302	0.6744907594765952	-0.4913630100688859	0.299140804051081	0.7343509276209352	-4.134651386941952	230.0	124.0	271.0
granule_like_sparse_expansion	3	40872	64	512	8.0	2	0.03	0.029296875	0.296875	0.05859375	0.9	1.0	1.1111111098765432	0.8095238095238095	0.9655172413793104	1.192697767289345	0.5232737560845662	0.0	0.177856295804556	0.7654655576836884	0.0930675319489377	0.084967777307568	16.0	0.234375	0.46875	0.1812645912027805	0.9999999996393262	0.41503749903839454	0.0	-0.7037593745431943	4.227760788255684	0.0	-1.056940197063921	-0.20636014702490615	1.3694001872493637	-0.15502432789884488	0.46666301502712426	-0.0	0.3967592703304354	-0.5580127022918921	0.299057359788553	0.39774559653649355	-4.227760788255684	231.0	193.0	361.0
granule_like_sparse_expansion	3	41680	64	1024	16.0	2	0.03	0.0302734375	0.296875	0.05859375	0.8947368421052632	0.9836065573770492	1.099324974663339	0.8	0.9491525423728814	1.1864406764830508	0.6861934569009447	0.0	0.1816239649652306	0.7781187377258049	0.1246291763755476	0.1150566238961851	32.0	0.484375	0.96875	0.1187681277702369	0.9999999996393262	0.41503749903839454	0.0	-0.7037593745431943	4.180455075065843	0.0	-1.0451137687664607	0.05076473802382256	0.5994056165924726	0.08909711587029819	1.1221250559833869	-0.0	0.3967592703304354	-0.5241502654164901	0.2970961920936313	0.2564835407583136	-4.180455075065843	232.0	210.0	346.0
intermediate	1	20574	64	128	2.0	16	0.1	0.1015625	0.296875	0.1875	0.9	0.96	1.0666666654814814	0.8	0.9166666666666666	1.1458333319010416	0.4880690618901462	0.0	0.459362931218517	0.7016464119913641	0.2242008349069293	0.1802507107285477	32.0	0.203125	3.25	0.0554617571301803	1.9999999997294946	3.4150374984072154	0.0	-2.0537593744395006	2.434211700762103	0.0	-0.6085529251905257	0.6078822078895397	-0.18056750514185724	0.8592590475684793	0.3250267329060132	-0.0	-0.6744907595374132	0.7258479281240764	0.28911477518992296	0.09768929166934384	-2.434211700762103	233.0	246.0	91.0
granule_like_sparse_expansion	3	40590	64	256	4.0	8	0.05	0.05078125	0.28125	0.1015625	0.9	1.0	1.1111111098765432	0.8	0.96	1.1999999984999998	0.498118180953027	0.0	0.2737366777419008	0.9922778669435472	0.1363532159769206	0.1623603337576154	32.0	0.203125	1.625	0.0999140514816624	0.9999999998196631	2.4150374984973837	0.0	-1.2037593745161437	3.4342116865571057	0.0	-0.8585529216392764	0.4549996070699511	0.36711189020229207	0.17977963657827284	0.36545656464374837	-0.0	0.0	0.01002664331448127	0.2848138004091796	0.2286017661271428	-3.4342116865571057	234.0	220.0	196.0
dense_expansion	1	21048	64	256	4.0	32	0.1	0.1015625	0.28125	0.1796875	0.9047619047619048	0.9387755102040816	1.0375939838155916	0.8125	0.9166666666666666	1.128205126816568	0.5782501310569398	0.0	0.4585084748025751	0.7016464119913641	0.2651325856453067	0.2098792409335073	128.0	0.40625	13.0	0.0161445569936432	2.9999999996844102	4.415037498362131	0.6424479953566249	-3.0001265737046725	2.434211700762103	0.0	-0.6085529251905257	0.8610734493908032	-0.6649794058446968	1.175855925449366	0.6878451480853147	-0.0	-1.4254506784682557	0.7258479281240764	0.27694195266361765	-0.09969848234529077	-2.434211700762103	235.0	290.0	91.0
integrator_like_low_expansion	1	20845	64	64	1.0	32	0.2	0.203125	0.296875	0.3125	0.9	0.8695652173913043	0.9661835738056898	0.8	0.8181818181818182	1.0227272714488638	0.4623794031964637	0.0	0.7069012553424772	0.4961389371355688	0.3268565805640856	0.1658518734621722	32.0	0.203125	6.5	0.0255156728364087	2.9999999996844102	4.415037498362131	0.6424479953566249	-3.0001265737046725	1.4342117078646017	0.0	-0.35855292696615043	0.48483663463872695	-0.5495215395333561	1.6532756235835822	0.2216715460596467	-0.0	-1.4254506784682557	1.4416692180177912	0.26725656950509874	-0.03290446618748567	-1.4342117078646017	236.0	273.0	8.0
intermediate	3	40574	64	128	2.0	16	0.1	0.1015625	0.296875	0.1875	0.8947368421052632	0.96	1.0729411752714186	0.8	0.9166666666666666	1.1458333319010416	0.4790526335170651	0.0	0.4561076978495604	0.7016464119913641	0.2184995938222377	0.1756670848112889	32.0	0.203125	3.25	0.0540514106945346	1.9999999997294946	3.4150374984072154	0.0	-2.0537593744395006	2.434211700762103	0.0	-0.6085529251905257	0.5687127341242207	-0.19794383395388085	0.815161370462104	0.28875164454075425	-0.0	-0.6744907595374132	0.7258479281240764	0.2624119129050746	0.07802784670671667	-2.434211700762103	237.0	249.0	91.0
intermediate	2	31938	64	1024	16.0	16	0.05	0.0498046875	0.296875	0.095703125	0.8947368421052632	0.98	1.0952941164229066	0.8	0.9484536082474226	1.1855670088273196	0.676932834782849	0.0	0.2721722765632679	0.9980449739365456	0.1842423507232745	0.2180046130722996	256.0	0.796875	12.75	0.0170984010239373	1.9999999997294946	3.4150374984072154	0.0	-2.0537593744395006	3.462226062169644	0.0	-0.865556515542411	0.930508991594521	-0.6532274652669282	0.5501901436201164	1.08486752209623	-0.0	-0.6744907595374132	-0.01002664331448127	0.2569285775480748	-0.06273740379136347	-3.462226062169644	238.0	281.0	226.0
granule_like_sparse_expansion	1	21680	64	1024	16.0	2	0.03	0.0302734375	0.296875	0.05859375	0.9	0.9836065573770492	1.0928961736490588	0.8095238095238095	0.9666666666666668	1.194117645583737	0.6569296281267846	0.0	0.1820336384830075	0.7781187377258049	0.1195832904352076	0.1111126457352611	32.0	0.484375	0.96875	0.1146969245115501	0.9999999996393262	0.41503749903839454	0.0	-0.7037593745431943	4.180455075065843	0.0	-1.0451137687664607	0.017061387904515522	0.549245907817702	0.05006844726861811	1.0043901912715725	-0.0	0.3967592703304354	-0.5241502654164901	0.25682227713479655	0.22884065781176896	-4.180455075065843	239.0	219.0	346.0
dense_expansion	2	31048	64	256	4.0	32	0.1	0.1015625	0.28125	0.1796875	0.8947368421052632	0.9387755102040816	1.0492196867024928	0.8	0.8936170212765957	1.117021275199468	0.5721904834752025	0.0	0.4542999559134648	0.7016464119913641	0.2599461114168886	0.2037337967731047	128.0	0.40625	13.0	0.0156718305198025	2.9999999996844102	4.415037498362131	0.6424479953566249	-3.0001265737046725	2.434211700762103	0.0	-0.6085529251905257	0.8085574242695649	-0.6708036845041764	1.135739841521705	0.663465843731707	-0.0	-1.4254506784682557	0.7258479281240764	0.2511808132090561	-0.11796638355653158	-2.434211700762103	240.0	294.0	91.0
integrator_like_low_expansion	3	40522	64	32	0.5	16	0.2	0.1875	0.296875	0.3125	0.9	0.9090909090909092	1.0101010089786755	0.8095238095238095	0.8	0.988235292896886	0.3656517058921952	9.712509712509713e-05	0.6737170216381678	0.5163977781172615	0.2463218518929661	0.1257035856049259	8.0	0.09375	1.5	0.0838023903474156	1.9999999997294946	3.4150374984072154	0.0	-2.0537593744395006	1.5496889246926628	0.0	-0.3874222311731657	0.14174857807948804	0.16860639219080617	1.0303595938923606	-0.16748540410878618	-0.006373824251622898	-0.6744907595374132	1.359008167127492	0.24876248245977317	0.1659004463807232	-1.5496889246926628	241.0	233.0	81.0
intermediate	2	30300	64	128	2.0	4	0.03	0.03125	0.28125	0.0625	0.9047619047619048	1.0	1.10526315667313	0.8125	1.0	1.230769229254438	0.3064434542581988	0.0	0.1884241805001887	0.7905694276912053	0.0577413567382481	0.0561828323624464	8.0	0.0625	0.25	0.2247313285508605	0.0	1.4150374986777208	0.0	-0.3537593746694302	4.134651386941952	0.0	-1.033662846735488	-0.452342512561921	1.9049369188328416	-0.42826347788446445	-0.4056933142817329	-0.0	0.6744907594765952	-0.4913630100688859	0.2471769399105393	0.5271030528466734	-4.134651386941952	242.0	158.0	271.0
intermediate	2	30574	64	128	2.0	16	0.1	0.1015625	0.28125	0.1875	0.9130434782608696	0.96	1.0514285702770068	0.8181818181818182	0.9166666666666666	1.1203703690010287	0.4697619084798614	0.0	0.4633656887989641	0.7016464119913641	0.2176715502942869	0.1711124436153689	32.0	0.203125	3.25	0.0526499826346827	1.9999999997294946	3.4150374984072154	0.0	-2.0537593744395006	2.434211700762103	0.0	-0.6085529251905257	0.5297909499179037	-0.21521028293330052	0.8087566604028077	0.2513729999426247	-0.0	-0.6744907595374132	0.7258479281240764	0.24247915330175873	0.06410284866273291	-2.434211700762103	243.0	253.0	91.0
granule_like_sparse_expansion	1	20590	64	256	4.0	8	0.05	0.05078125	0.28125	0.09375	0.9047619047619048	0.96	1.061052630406205	0.8125	0.96	1.1815384600842604	0.4789149236896541	0.0	0.2754561938087411	0.9922778669435472	0.1319200820377558	0.1546650121259316	32.0	0.203125	1.625	0.0951784689420019	0.9999999998196631	2.4150374984973837	0.0	-1.2037593745161437	3.4342116865571057	0.0	-0.8585529216392764	0.38923907071531916	0.3087666232197544	0.1454904517999769	0.2881976074041633	-0.0	0.0	0.01002664331448127	0.23850003717002188	0.19280270104471076	-3.4342116865571057	244.0	224.0	196.0
intermediate	1	20388	64	128	2.0	8	0.05	0.046875	0.296875	0.09375	0.9	1.0	1.1111111098765432	0.8	1.0	1.2499999984375	0.3726638443796505	0.0	0.2603260679425694	0.9682458468798096	0.097014113271716	0.1174168901833119	16.0	0.09375	0.75	0.1565558533690081	0.9999999998196631	2.4150374984973837	0.0	-1.2037593745161437	3.5496889016095423	0.0	-0.8874222254023856	0.07093444429602842	1.0649734575620944	-0.12449850619429889	-0.13927401787726082	-0.0	0.0	-0.07263440630478776	0.2362127650628992	0.3113724298834497	-3.5496889016095423	245.0	200.0	241.0
integrator_like_low_expansion	3	40845	64	64	1.0	32	0.2	0.203125	0.28125	0.3125	0.9090909090909092	0.8695652173913043	0.9565217380782608	0.8148148148148148	0.8181818181818182	1.0041322301726148	0.4480755272020028	0.0	0.7103100415619898	0.4961389371355688	0.3182725463497651	0.1585599126000031	32.0	0.203125	6.5	0.0243938327039398	2.9999999996844102	4.415037498362131	0.6424479953566249	-3.0001265737046725	1.4342117078646017	0.0	-0.35855292696615043	0.4225230264070851	-0.5633432946168005	1.5868802609897092	0.16412388481343784	-0.0	-1.4254506784682557	1.4416692180177912	0.22878560658869435	-0.05947301874792833	-1.4342117078646017	246.0	280.0	8.0
intermediate	1	21938	64	1024	16.0	16	0.05	0.0498046875	0.3125	0.095703125	0.8947368421052632	0.98	1.0952941164229066	0.8	0.9484536082474226	1.1855670088273196	0.6570304014665019	0.0	0.2731756553357405	0.9980449739365456	0.1794847104961163	0.2123751391061502	256.0	0.796875	12.75	0.0166568736540779	1.9999999997294946	3.4150374984072154	0.0	-2.0537593744395006	3.462226062169644	0.0	-0.865556515542411	0.8824022008550392	-0.6586673519247566	0.5133909836812639	1.0047956247372254	-0.0	-0.6744907595374132	-0.01002664331448127	0.22752206481824716	-0.07951060192743628	-3.462226062169644	247.0	284.0	226.0
integrator_like_low_expansion	2	30422	64	32	0.5	16	0.1	0.09375	0.296875	0.1875	0.9047619047619048	1.0	1.10526315667313	0.8	1.0	1.2499999984375	0.2951183791179682	0.0016511266511266	0.4361577355799733	0.7302967394453056	0.1285056339731198	0.1173090567170152	8.0	0.046875	0.75	0.1564120754141376	1.9999999997294946	3.4150374984072154	0.0	-2.0537593744395006	2.5496889169982895	0.0	-0.6374222292495724	0.07001295109274845	1.0632020254113788	0.1190805480590003	-0.4512565999261437	-0.10835501227758591	-0.6744907595374132	0.6431868776574539	0.2141807644238044	0.23725097079844482	-2.5496889169982895	248.0	214.0	151.0
intermediate	3	41938	64	1024	16.0	16	0.05	0.0498046875	0.28125	0.095703125	0.9090909090909092	0.98	1.0779999988142	0.8181818181818182	0.9484536082474226	1.159221075330024	0.6503998901730587	0.0	0.2728476485853039	0.9980449739365456	0.1774600806738589	0.2053132864501037	256.0	0.796875	12.75	0.0161030028575686	1.9999999997294946	3.4150374984072154	0.0	-2.0537593744395006	3.462226062169644	0.0	-0.865556515542411	0.8220549872432039	-0.6654913781613433	0.4977309772308132	0.978119609232617	-0.0	-0.6744907595374132	-0.01002664331448127	0.2035006759986105	-0.09597625348834693	-3.462226062169644	249.0	289.0	226.0
integrator_like_low_expansion	2	30845	64	64	1.0	32	0.2	0.203125	0.28125	0.3125	0.9047619047619048	0.8695652173913043	0.9610983971070696	0.8095238095238095	0.8181818181818182	1.0106951859172697	0.4328522614836094	0.0	0.7088549594190685	0.4961389371355688	0.306829472248416	0.1538581769113525	32.0	0.203125	6.5	0.023670488751951	2.9999999996844102	4.415037498362131	0.6424479953566249	-3.0001265737046725	1.4342117078646017	0.0	-0.35855292696615043	0.3823442430524869	-0.5722553335572127	1.498370938312485	0.10287731507511123	-0.0	-1.4254506784682557	1.4416692180177912	0.19334032284797492	-0.08345878550255524	-1.4342117078646017	250.0	286.0	8.0
integrator_like_low_expansion	1	20794	64	32	0.5	32	0.2	0.2805989583333333	0.28125	0.40625	0.9047619047619048	0.8333333333333334	0.921052630560942	0.8	0.7692307692307693	0.9615384603365384	0.393032785176573	0.0	0.8381700867533927	0.4221258752853019	0.3294283236483757	0.1337117493173221	16.0	0.1402994791666666	4.489583333333333	0.0297826634143939	2.9999999996844102	4.415037498362131	0.6424479953566249	-3.0001265737046725	0.9680698695987665	0.0	-0.24201746739969163	0.21018251315695466	-0.49694961149715566	1.6731674145895947	-0.057325257598627374	-0.0	-1.4254506784682557	1.7753434723285895	0.19199849040657735	-0.052396230706538274	-0.9680698695987665	251.0	279.0	7.0
granule_like_sparse_expansion	2	30502	64	256	4.0	4	0.03	0.03125	0.28125	0.0625	0.9	1.0	1.1111111098765432	0.8	0.9333333333333332	1.1666666652083333	0.4534954323631087	0.0	0.1859188916729997	0.7905694276912053	0.084313368163717	0.0777648329880195	16.0	0.125	0.5	0.1555296656649797	0.0	1.4150374986777208	0.0	-0.3537593746694302	4.134651386941952	0.0	-1.033662846735488	-0.2679130624788654	1.0523301987730656	-0.22273560026961636	0.1859293637143095	-0.0	0.6744907594765952	-0.4913630100688859	0.19034885888972558	0.33903610848757876	-4.134651386941952	252.0	198.0	271.0
dense_expansion	3	41048	64	256	4.0	32	0.1	0.1015625	0.265625	0.1796875	0.9166666666666666	0.9387755102040816	1.0241187372872325	0.8125	0.9166666666666666	1.128205126816568	0.5311386899275969	0.0	0.4581535364556868	0.7016464119913641	0.243343069138769	0.1926306361512259	128.0	0.40625	13.0	0.0148177412412621	2.9999999996844102	4.415037498362131	0.6424479953566249	-3.0001265737046725	2.434211700762103	0.0	-0.6085529251905257	0.7136751265992317	-0.6813265856606908	1.007319452612012	0.49830538585709006	-0.0	-1.4254506784682557	0.7258479281240764	0.1824565577925929	-0.15936277177400643	-2.434211700762103	253.0	306.0	91.0
intermediate	2	30388	64	128	2.0	8	0.05	0.046875	0.3125	0.09375	0.8947368421052632	1.0	1.1176470575743944	0.8	1.0	1.2499999984375	0.3463629824660916	0.0	0.2623711030710807	0.9682458468798096	0.0908756377726178	0.1099874484323796	16.0	0.09375	0.75	0.1466499310476396	0.9999999998196631	2.4150374984973837	0.0	-1.2037593745161437	3.5496889016095423	0.0	-0.8874222254023856	0.007445990175378429	0.9429264490455965	-0.171978082388939	-0.24508821065066833	-0.0	0.0	-0.07263440630478776	0.17001697287278178	0.2549387000751744	-3.5496889016095423	254.0	211.0	241.0
intermediate	2	30287	64	64	1.0	8	0.05	0.046875	0.3125	0.09375	0.9	1.0	1.1111111098765432	0.8095238095238095	1.0	1.2352941161211073	0.2410771702351371	0.0003885003885003	0.2614878245422523	0.9682458468798096	0.0630142542147461	0.0753693580651782	8.0	0.046875	0.375	0.2009849543045153	0.9999999998196631	2.4150374984973837	0.0	-1.2037593745161437	3.5496889016095423	0.0	-0.8874222254023856	-0.2883836449041053	1.6123670958666485	-0.3874789316989023	-0.6686763526791093	-0.02549529700648578	0.0	-0.07263440630478776	0.1646618394484224	0.36173031000845013	-3.5496889016095423	255.0	195.0	241.0
granule_like_sparse_expansion	3	40502	64	256	4.0	4	0.03	0.03125	0.296875	0.0625	0.9047619047619048	1.0	1.10526315667313	0.8076923076923077	1.0	1.2380952365623583	0.4162546284852182	0.0	0.1893481371819783	0.7905694276912053	0.0788170384970525	0.0771461364016378	16.0	0.125	0.5	0.154292272494691	0.0	1.4150374986777208	0.0	-0.3537593746694302	4.134651386941952	0.0	-1.033662846735488	-0.27320014745186066	1.0370847597424455	-0.2652483386910039	0.03610136136506857	-0.0	0.6744907594765952	-0.4913630100688859	0.1625744765791643	0.3270281490205856	-4.134651386941952	256.0	199.0	271.0
intermediate	3	40388	64	128	2.0	8	0.05	0.046875	0.296875	0.09375	0.9047619047619048	1.0	1.10526315667313	0.8095238095238095	0.9090909090909092	1.1229946510191884	0.372529710830467	0.0	0.259874348693937	0.9682458468798096	0.0968109159712083	0.1052658883061585	16.0	0.09375	0.75	0.1403545175544053	0.9999999998196631	2.4150374984973837	0.0	-1.2037593745161437	3.5496889016095423	0.0	-0.8874222254023856	-0.032902203336450685	0.8653631127607733	-0.12607018660801356	-0.1398136668544439	-0.0	0.0	-0.07263440630478776	0.15889515360130105	0.23048624485450042	-3.5496889016095423	257.0	218.0	241.0
intermediate	2	31130	64	512	8.0	16	0.05	0.05078125	0.296875	0.09765625	0.9047619047619048	0.9803921568627452	1.0835913300716962	0.8	0.9387755102040816	1.1734693862882652	0.5871697435447688	0.0	0.2757920124636358	0.9922778669435472	0.1619367252299687	0.1885603696976354	128.0	0.40625	6.5	0.0290092876413271	1.9999999997294946	3.4150374984072154	0.0	-2.0537593744395006	3.4342116865571057	0.0	-0.8585529216392764	0.6788925771613586	-0.50647807300733	0.37766169655958703	0.7237307247007587	-0.0	-0.6744907595374132	0.01002664331448127	0.15532916690380894	-0.09391247172774782	-3.4342116865571057	258.0	288.0	196.0
integrator_like_low_expansion	2	30794	64	32	0.5	32	0.2	0.2918836805555556	0.28125	0.40625	0.9	0.8260869565217391	0.9178743951154053	0.8	0.7692307692307693	0.9615384603365384	0.3766548655041419	0.0	0.8488900546794164	0.4138853883078675	0.3197385693730792	0.1272453094005385	16.0	0.1459418402777778	4.670138888888889	0.0272465792561398	2.9999999996844102	4.415037498362131	0.6424479953566249	-3.0001265737046725	0.9111859721638127	0.0	-0.22779649304095317	0.15492341190225567	-0.5281957160818153	1.5982195832446837	-0.12321725593471923	-0.0	-1.4254506784682557	1.8160621774538643	0.1505758156842612	-0.08202812177834878	-0.9111859721638127	259.0	285.0	5.0
intermediate	3	42210	64	1024	16.0	32	0.05	0.0498046875	0.28125	0.095703125	0.9047619047619048	0.98	1.0831578935396675	0.8095238095238095	0.9484536082474226	1.171619161681875	0.652938870554613	0.0	0.2718722776367723	0.9980449739365456	0.1775159778952643	0.207574512694122	512.0	0.796875	25.5	0.0081401769680777	2.9999999996844102	4.415037498362131	0.6424479953566249	-3.0001265737046725	3.462226062169644	0.0	-0.865556515542411	0.8413783446989308	-0.7635982527785298	0.4981633282898304	0.9883344896583869	-0.0	-1.4254506784682557	-0.01002664331448127	0.12638808389682193	-0.2716707755096734	-3.462226062169644	260.0	321.0	226.0
excessively_sparse	2	30145	64	64	1.0	2	0.01	0.015625	0.28125	0.03125	0.9047619047619048	1.0	1.10526315667313	0.8181818181818182	1.0	1.222222220728395	0.1960193564383229	0.0555555555555555	0.0936782065615061	0.559017012263491	0.0173425894423447	0.0118492030838166	2.0	0.015625	0.03125	0.3791744865485504	0.9999999996393262	0.41503749903839454	0.0	-0.7037593745431943	5.134651340775713	0.35614371789279564	-1.550770623613525	-0.8311964941689494	3.8077708809766997	-0.7407378618381303	-0.8499539172971142	-3.6458274719282935	0.3967592703304354	-1.9719900440206681	0.12399672831787178	0.4811508908557248	-5.134651340775713	261.0	168.0	376.0
intermediate	3	41130	64	512	8.0	16	0.05	0.05078125	0.25	0.09765625	0.9166666666666666	0.9803921568627452	1.0695187154107924	0.8125	0.9387755102040816	1.1554160111368192	0.5749458084064001	0.0	0.2747451726861801	0.9922778669435472	0.1579635854158118	0.1811042610315628	128.0	0.40625	6.5	0.0278621940005693	1.9999999997294946	3.4150374984072154	0.0	-2.0537593744395006	3.4342116865571057	0.0	-0.8585529216392764	0.6151762403443793	-0.5206109667249386	0.3469304515516149	0.6745511261981653	-0.0	-0.6744907595374132	0.01002664331448127	0.12364711415113439	-0.11550529395762202	-3.4342116865571057	262.0	292.0	196.0
granule_like_sparse_expansion	1	20502	64	256	4.0	4	0.03	0.03125	0.296875	0.0625	0.9	1.0	1.1111111098765432	0.8	0.9333333333333332	1.1666666652083333	0.4165576366127931	0.0	0.1880653421893171	0.7905694276912053	0.0783400544711581	0.0722554606096689	16.0	0.125	0.5	0.144510920930316	0.0	1.4150374986777208	0.0	-0.3537593746694302	4.134651386941952	0.0	-1.033662846735488	-0.31499352251916324	0.9165725389767961	-0.2689376911050367	0.03732043017461923	-0.0	0.6744907594765952	-0.4913630100688859	0.12140722202299285	0.2819624049153254	-4.134651386941952	263.0	205.0	271.0
intermediate	1	21130	64	512	8.0	16	0.05	0.05078125	0.28125	0.09765625	0.9047619047619048	0.9803921568627452	1.0835913300716962	0.8095238095238095	0.9387755102040816	1.1596638641136927	0.5645347709536598	0.0	0.2763673369613927	0.9922778669435472	0.1560189712705727	0.1795324009385817	128.0	0.40625	6.5	0.0276203693709171	1.9999999997294946	3.4150374984072154	0.0	-2.0537593744395006	3.4342116865571057	0.0	-0.8585529216392764	0.6017438761449039	-0.5235903937461858	0.3318893463958449	0.6326652166178599	-0.0	-0.6744907595374132	0.01002664331448127	0.11227499980411282	-0.1213417606772568	-3.4342116865571057	264.0	295.0	196.0
granule_like_sparse_expansion	1	20906	64	512	8.0	4	0.03	0.029296875	0.296875	0.05859375	0.9	1.0	1.1111111098765432	0.8	0.9655172413793104	1.2068965502155171	0.5500813461621127	0.0	0.1778990436208481	0.7654655576836884	0.0978589453959085	0.0904057870391853	32.0	0.234375	0.9375	0.0964328394056027	0.0	1.4150374986777208	0.0	-0.3537593746694302	4.227760788255684	0.0	-1.056940197063921	-0.1598895180156527	0.3242212328651065	-0.11796394053248746	0.5745158874378807	-0.0	0.6744907594765952	-0.5580127022918921	0.10090086295763506	0.1545913919572527	-4.227760788255684	265.0	235.0	361.0
granule_like_sparse_expansion	1	21714	64	1024	16.0	4	0.03	0.0302734375	0.296875	0.05859375	0.9	0.9836065573770492	1.0928961736490588	0.8	0.9666666666666668	1.2083333318229166	0.6384867015434833	0.0	0.183118493501415	0.7781187377258049	0.1169187229073302	0.1099301175071616	64.0	0.484375	1.9375	0.0567381251357024	0.0	1.4150374986777208	0.0	-0.3537593746694302	4.180455075065843	0.0	-1.0451137687664607	0.006956067522045675	-0.16484187235508396	0.029458682354804436	0.9301902127611659	-0.0	0.6744907594765952	-0.5241502654164901	0.09370048378240205	0.06504809277559916	-4.180455075065843	266.0	252.0	346.0
intermediate	1	22210	64	1024	16.0	32	0.05	0.0498046875	0.3125	0.095703125	0.896551724137931	0.98	1.093076921857722	0.8	0.9484536082474226	1.1855670088273196	0.6226495316915717	0.0	0.2738692000317799	0.9980449739365456	0.1705245291445331	0.2017730117399867	512.0	0.796875	25.5	0.007912667126748	2.9999999996844102	4.415037498362131	0.6424479953566249	-3.0001265737046725	3.462226062169644	0.0	-0.865556515542411	0.7918014936372336	-0.7664013128714254	0.44408621684415783	0.8664737707220003	-0.0	-1.4254506784682557	-0.01002664331448127	0.08991387922339207	-0.2905386304667324	-3.462226062169644	267.0	323.0	226.0
intermediate	2	30846	64	128	2.0	32	0.1	0.1015625	0.296875	0.1875	0.9	0.96	1.0666666654814814	0.8095238095238095	0.9166666666666666	1.1323529397776817	0.462778615699784	0.0	0.4596938757159324	0.7016464119913641	0.2127364954494877	0.1690215660021611	64.0	0.203125	6.5	0.0260033178424858	2.9999999996844102	4.415037498362131	0.6424479953566249	-3.0001265737046725	2.434211700762103	0.0	-0.6085529251905257	0.5119233103470866	-0.5435134554520448	0.7705852426684217	0.22327766638082572	-0.0	-1.4254506784682557	0.7258479281240764	0.08892627075459462	-0.19387932745338024	-2.434211700762103	268.0	313.0	91.0
intermediate	1	20846	64	128	2.0	32	0.1	0.1015625	0.328125	0.1875	0.8823529411764706	0.96	1.087999998766933	0.782608695652174	0.9166666666666666	1.17129629479964	0.4527423954332358	0.0	0.4579278088699601	0.7016464119913641	0.2073233331232787	0.1703857461731822	64.0	0.203125	6.5	0.0262131917149183	2.9999999996844102	4.415037498362131	0.6424479953566249	-3.0001265737046725	2.434211700762103	0.0	-0.6085529251905257	0.5235809413109885	-0.5409276812590749	0.7287157828719374	0.1828997293576504	-0.0	-1.4254506784682557	0.7258479281240764	0.0812366967651152	-0.19705248797218147	-2.434211700762103	269.0	315.0	91.0
integrator_like_low_expansion	3	40422	64	32	0.5	16	0.1	0.09375	0.296875	0.1875	0.9047619047619048	1.0	1.10526315667313	0.8125	1.0	1.230769229254438	0.2593897728130746	0.0012626262626262	0.436104801637482	0.7302967394453056	0.112978295715625	0.1015479149386591	8.0	0.046875	0.75	0.1353972197376826	1.9999999997294946	3.4150374984072154	0.0	-2.0537593744395006	2.5496889169982895	0.0	-0.6374222292495724	-0.06467422463733288	0.8042861782534986	-0.00101953868158877	-0.595000696507335	-0.08285971527109356	-0.6744907595374132	0.6431868776574539	0.08037575039058455	0.11717329819462535	-2.5496889169982895	270.0	243.0	151.0
granule_like_sparse_expansion	3	41714	64	1024	16.0	4	0.03	0.0302734375	0.3125	0.05859375	0.8888888888888888	0.9836065573770492	1.1065573758043037	0.7916666666666666	0.9666666666666668	1.2210526300365652	0.6190612154319826	0.0	0.1824171578681891	0.7781187377258049	0.112927387465529	0.1072950133167287	64.0	0.484375	1.9375	0.0553780713606971	0.0	1.4150374986777208	0.0	-0.3537593746694302	4.180455075065843	0.0	-1.0451137687664607	-0.015562271958365247	-0.18159856489474804	-0.001413301292472206	0.8520371796447941	-0.0	0.6744907594765952	-0.5241502654164901	0.07000148215022063	0.05088661957052623	-4.180455075065843	271.0	256.0	346.0
intermediate	2	32210	64	1024	16.0	32	0.05	0.0498046875	0.296875	0.095703125	0.9090909090909092	0.98	1.0779999988142	0.8095238095238095	0.9484536082474226	1.171619161681875	0.6102624808591459	0.0	0.2743582323332046	0.9980449739365456	0.1674305355077914	0.1957813163086141	512.0	0.796875	25.5	0.007677698678468	2.9999999996844102	4.415037498362131	0.6424479953566249	-3.0001265737046725	3.462226062169644	0.0	-0.865556515542411	0.740599331583554	-0.7692962675538861	0.42015494813696996	0.8166379216542335	-0.0	-1.4254506784682557	-0.01002664331448127	0.06559127145050068	-0.30523723958828475	-3.462226062169644	272.0	325.0	226.0
granule_like_sparse_expansion	2	31714	64	1024	16.0	4	0.03	0.0302734375	0.28125	0.05859375	0.9047619047619048	0.9836065573770492	1.0871440885309478	0.8095238095238095	0.9666666666666668	1.194117645583737	0.6183299496850844	0.0	0.1834550607855716	0.7781187377258049	0.1134357585050165	0.1054005722923947	64.0	0.484375	1.9375	0.0544002953486423	0.0	1.4150374986777208	0.0	-0.3537593746694302	4.180455075065843	0.0	-1.0451137687664607	-0.031751258438084635	-0.19364536209333477	0.002518821839409862	0.8490951355792731	-0.0	0.6744907594765952	-0.5241502654164901	0.06299091236542506	0.04462460158478866	-4.180455075065843	273.0	258.0	346.0
intermediate	3	40372	64	32	0.5	16	0.05	0.0625	0.265625	0.125	0.9047619047619048	1.0	1.10526315667313	0.8	1.0	1.2499999984375	0.2454007094043432	0.0058275058275058	0.3175204468125473	0.8944271838444985	0.0774656651423662	0.0866092457891478	8.0	0.03125	0.5	0.1732184912318588	1.9999999997294946	3.4150374984072154	0.0	-2.0537593744395006	3.134651410025072	0.0	-0.783662852506268	-0.1923329428449696	1.2702673251273429	-0.27570087436874025	-0.651281796994305	-0.3824294550973721	-0.6744907595374132	0.2244582683855599	0.060681310512806626	0.13934029381595603	-3.134651410025072	274.0	237.0	181.0
intermediate	1	20726	64	256	4.0	16	0.05	0.05078125	0.28125	0.09375	0.8947368421052632	0.96	1.0729411752714186	0.7894736842105263	0.96	1.2159999984597334	0.4820741964321788	0.0	0.2723871360665106	0.9922778669435472	0.1313108097377257	0.1584409209942155	64.0	0.203125	3.25	0.0487510525986044	1.9999999997294946	3.4150374984072154	0.0	-2.0537593744395006	3.4342116865571057	0.0	-0.8585529216392764	0.42150618108302823	-0.26324748046835444	0.14077788259662782	0.3009080613847205	-0.0	-0.6744907595374132	0.01002664331448127	0.056714965366294105	-0.10795314527616508	-3.4342116865571057	275.0	291.0	196.0
granule_like_sparse_expansion	2	30906	64	512	8.0	4	0.03	0.029296875	0.296875	0.05859375	0.9047619047619048	1.0	1.10526315667313	0.8	0.9655172413793104	1.2068965502155171	0.5165550779144997	0.0	0.1797618717215018	0.7654655576836884	0.0928569076531566	0.0857847157911388	32.0	0.234375	0.9375	0.0915036967462774	0.0	1.4150374986777208	0.0	-0.3537593746694302	4.227760788255684	0.0	-1.056940197063921	-0.1993789816598139	0.2634911870798697	-0.1566534542676722	0.4396322846500567	-0.0	0.6744907594765952	-0.5580127022918921	0.054816129397697436	0.12267105843257171	-4.227760788255684	276.0	241.0	361.0
integrator_like_low_expansion	1	20473	64	64	1.0	16	0.1	0.09375	0.28125	0.1875	0.9047619047619048	1.0	1.10526315667313	0.8181818181818182	0.9090909090909092	1.1111111097530864	0.3359664294333946	0.0	0.4356633745292317	0.7302967394453056	0.1463682683754897	0.1187691878024771	16.0	0.09375	1.5	0.0791794584821984	1.9999999997294946	3.4150374984072154	0.0	-2.0537593744395006	2.5496889169982895	0.0	-0.6374222292495724	0.0824905326577226	0.11164905026735289	0.25724356773203105	-0.2869158462010309	-0.0	-0.6744907595374132	0.6431868776574539	0.03927359312329462	-0.0141594512530549	-2.5496889169982895	277.0	270.0	151.0
integrator_like_low_expansion	2	30473	64	64	1.0	16	0.1	0.09375	0.296875	0.1875	0.9047619047619048	1.0	1.10526315667313	0.8181818181818182	0.9090909090909092	1.1111111097530864	0.3341508031772722	0.0	0.4378564302474331	0.7302967394453056	0.146310077843513	0.118721969629458	16.0	0.09375	1.5	0.0791479797002067	1.9999999997294946	3.4150374984072154	0.0	-2.0537593744395006	2.5496889169982895	0.0	-0.6374222292495724	0.08208702874560055	0.11126121246192797	0.256793478488016	-0.2942205127667587	-0.0	-0.6744907595374132	0.6431868776574539	0.038256048234102974	-0.014424016763709052	-2.5496889169982895	278.0	271.0	151.0
granule_like_sparse_expansion	3	40906	64	512	8.0	4	0.03	0.029296875	0.296875	0.05859375	0.9	1.0	1.1111111098765432	0.8	0.9655172413793104	1.2068965502155171	0.5093040403405604	0.0	0.1773704908597047	0.7654655576836884	0.090335507632036	0.0834553512917789	32.0	0.234375	0.9375	0.0890190412829438	0.0	1.4150374986777208	0.0	-0.3537593746694302	4.227760788255684	0.0	-1.056940197063921	-0.21928461604066413	0.23287871540321461	-0.17615585424264152	0.4104597544805992	-0.0	0.6744907594765952	-0.5580127022918921	0.03546787355622193	0.10658083005715975	-4.227760788255684	279.0	245.0	361.0
intermediate	2	30726	64	256	4.0	16	0.05	0.05078125	0.296875	0.1015625	0.9047619047619048	1.0	1.10526315667313	0.8	0.96	1.1999999984999998	0.4660795947554853	0.0	0.2776070319725667	0.9922778669435472	0.1293869729630469	0.1540653952578838	64.0	0.203125	3.25	0.0474047369878397	1.9999999997294946	3.4150374984072154	0.0	-2.0537593744395006	3.4342116865571057	0.0	-0.8585529216392764	0.3841150318853164	-0.27983491044026576	0.1258974852173712	0.23655823624537795	-0.0	-0.6744907595374132	0.01002664331448127	0.03315100635547564	-0.12263966371416933	-3.4342116865571057	280.0	296.0	196.0
intermediate	3	40846	64	128	2.0	32	0.1	0.1015625	0.296875	0.1875	0.8947368421052632	0.96	1.0729411752714186	0.8	0.9166666666666666	1.1458333319010416	0.4358136860838449	0.0	0.4552120487945054	0.7016464119913641	0.1983876409349124	0.1594976811443296	64.0	0.203125	6.5	0.0245381047876602	2.9999999996844102	4.415037498362131	0.6424479953566249	-3.0001265737046725	2.434211700762103	0.0	-0.6085529251905257	0.4305367476526674	-0.5615657744970906	0.6596004336013056	0.11479178215847649	-0.0	-1.4254506784682557	0.7258479281240764	0.03097962257503042	-0.23222005706584517	-2.434211700762103	281.0	320.0	91.0
excessively_sparse	1	20145	64	64	1.0	2	0.01	0.015625	0.296875	0.03125	0.8947368421052632	1.0	1.1176470575743944	0.8	1.0	1.2499999984375	0.1605789544809526	0.0454545454545454	0.0966323431441967	0.559017012263491	0.0148117969660879	0.0103500580948573	2.0	0.015625	0.03125	0.3312018484369757	0.9999999996393262	0.41503749903839454	0.0	-0.7037593745431943	5.134651340775713	0.35614371789279564	-1.550770623613525	-0.844007469884561	3.2167187020662777	-0.7603129101097914	-0.9925385039547454	-2.9829497497595128	0.3967592703304354	-1.9719900440206681	0.013805382597839644	0.36462455701560476	-5.134651340775713	282.0	194.0	376.0
integrator_like_low_expansion	3	40794	64	32	0.5	32	0.2	0.2914496527777778	0.3125	0.40625	0.9	0.8333333333333334	0.9259259248971194	0.8076923076923077	0.7857142857142857	0.9727891144418528	0.3174654117932103	0.0	0.8595607707689235	0.4141934533947242	0.2728808140534455	0.1099499242416151	16.0	0.1457248263888889	4.663194444444445	0.0235782413810831	2.9999999996844102	4.415037498362131	0.6424479953566249	-3.0001265737046725	0.9133328401729961	0.0	-0.22833321004324902	0.007125326396909702	-0.5733918774642504	1.2357865386988196	-0.3613495378996834	-0.0	-1.4254506784682557	1.8145254036153842	0.009232625842688733	-0.17958838266795213	-0.9133328401729961	283.0	308.0	6.0
integrator_like_low_expansion	3	40473	64	64	1.0	16	0.1	0.09375	0.28125	0.1875	0.9047619047619048	1.0	1.10526315667313	0.8	0.9090909090909092	1.1363636349431818	0.3116040713927226	0.0	0.4396493751292699	0.7302967394453056	0.1369965352755469	0.1136910487522449	16.0	0.09375	1.5	0.0757940324509672	1.9999999997294946	3.4150374984072154	0.0	-2.0537593744395006	2.5496889169982895	0.0	-0.6374222292495724	0.039095186288866435	0.06993853546002833	0.18475555081969922	-0.3849310085406903	-0.0	-0.6744907595374132	0.6431868776574539	-0.005736986691928677	-0.046224877505873264	-2.5496889169982895	284.0	275.0	151.0
intermediate	3	40726	64	256	4.0	16	0.05	0.05078125	0.296875	0.09375	0.8947368421052632	0.96	1.0729411752714186	0.8	0.96	1.1999999984999998	0.4476339519938336	0.0	0.2741880089124383	0.9922778669435472	0.1227358620187952	0.146145695051103	64.0	0.203125	3.25	0.0449679061557339	1.9999999997294946	3.4150374984072154	0.0	-2.0537593744395006	3.4342116865571057	0.0	-0.8585529216392764	0.3164370635959213	-0.3098581534731462	0.0744528017771593	0.16234732994786963	-0.0	-0.6744907595374132	0.01002664331448127	-0.00968553674243529	-0.15289893279794428	-3.4342116865571057	285.0	305.0	196.0
integrator_like_low_expansion	1	20422	64	32	0.5	16	0.1	0.09375	0.3125	0.1875	0.8947368421052632	1.0	1.1176470575743944	0.7916666666666666	1.0	1.2631578931412744	0.222715190774788	0.0007770007770007	0.4331378803223861	0.7302967394453056	0.0963914311911847	0.0889191761942773	8.0	0.046875	0.75	0.1185589014342912	1.9999999997294946	3.4150374984072154	0.0	-2.0537593744395006	2.5496889169982895	0.0	-0.6374222292495724	-0.17259338293394993	0.596827820444207	-0.12931479670355736	-0.7425506629851558	-0.05099059401297813	-0.6744907595374132	0.6431868776574539	-0.03493023319778536	0.017294582615030737	-2.5496889169982895	286.0	263.0	151.0
intermediate	3	41402	64	512	8.0	32	0.05	0.05078125	0.28125	0.09765625	0.9	0.9803921568627452	1.0893246175260227	0.8	0.9387755102040816	1.1734693862882652	0.5261527218479327	0.0	0.2763155085094607	0.9922778669435472	0.1453841568910484	0.1692864316764744	256.0	0.40625	13.0	0.0130220332048809	2.9999999996844102	4.415037498362131	0.6424479953566249	-3.0001265737046725	3.4342116865571057	0.0	-0.8585529216392764	0.5141867256581583	-0.7034508045773483	0.2496317109743694	0.4782457319462173	-0.0	-1.4254506784682557	0.01002664331448127	-0.04573261728915225	-0.3553419431233445	-3.4342116865571057	287.0	339.0	196.0
intermediate	2	30372	64	32	0.5	16	0.05	0.0625	0.28125	0.125	0.9	1.0	1.1111111098765432	0.8076923076923077	1.0	1.2380952365623583	0.2150916301493703	0.0047591297591297	0.3205161074586694	0.8944271838444985	0.0686122360565886	0.0759802320920045	8.0	0.03125	0.5	0.1519604638800881	1.9999999997294946	3.4150374984072154	0.0	-2.0537593744395006	3.134651410025072	0.0	-0.783662852506268	-0.2831634077818758	1.0083554545235482	-0.3441799390687256	-0.7732219358996697	-0.3123173883295181	-0.6744907595374132	0.2244582683855599	-0.04652134880954334	0.03933998661922403	-3.134651410025072	288.0	259.0	181.0
intermediate	2	31402	64	512	8.0	32	0.05	0.05078125	0.296875	0.09765625	0.9	0.9803921568627452	1.0893246175260227	0.8	0.9387755102040816	1.1734693862882652	0.5221100759867859	0.0	0.2776216152963021	0.9922778669435472	0.1449490426579265	0.1687797813132437	256.0	0.40625	13.0	0.01298306010002	2.9999999996844102	4.415037498362131	0.6424479953566249	-3.0001265737046725	3.4342116865571057	0.0	-0.8585529216392764	0.509857134092662	-0.7039309770142563	0.24626621095927304	0.4619812722539106	-0.0	-1.4254506784682557	0.01002664331448127	-0.049292380284297124	-0.3568567381697806	-3.4342116865571057	289.0	340.0	196.0
intermediate	3	40267	64	64	1.0	8	0.03	0.03125	0.265625	0.0625	0.9130434782608696	1.0	1.0952380940385489	0.8095238095238095	1.0	1.2352941161211073	0.2282751145381516	0.0017482517482517	0.19005539086482	0.7905694276912053	0.0433090683628084	0.0422950195464544	8.0	0.03125	0.25	0.1691800775090973	0.9999999998196631	2.4150374984973837	0.0	-1.2037593745161437	4.134651386941952	0.0	-1.033662846735488	-0.5710211153914861	1.2205116034464036	-0.5398936270453394	-0.7201818582351218	-0.11472883652920898	0.0	-0.4913630100688859	-0.0649949934992447	0.13492417974245774	-4.134651386941952	290.0	239.0	271.0
granule_like_sparse_expansion	3	41782	64	1024	16.0	8	0.03	0.0302734375	0.296875	0.05859375	0.9	0.9836065573770492	1.0928961736490588	0.8	0.9666666666666668	1.2083333318229166	0.6160846884784099	0.0	0.1843770736249022	0.7781187377258049	0.1135918919667587	0.1068021418747785	128.0	0.484375	3.875	0.0275618430573462	0.9999999998196631	2.4150374984973837	0.0	-1.2037593745161437	4.180455075065843	0.0	-1.0451137687664607	-0.01977411545598828	-0.5243114736475917	0.003726475204550915	0.8400619524489809	-0.0	0.0	-0.5241502654164901	-0.06766055583804106	-0.18689680717561705	-4.180455075065843	291.0	310.0	346.0
granule_like_sparse_expansion	2	31782	64	1024	16.0	8	0.03	0.0302734375	0.3125	0.05859375	0.9	0.9836065573770492	1.0928961736490588	0.8	0.9666666666666668	1.2083333318229166	0.6174228651605399	0.0	0.1834106373335812	0.7781187377258049	0.1132419212034204	0.106473089981453	128.0	0.484375	3.875	0.0274769264397357	0.9999999998196631	2.4150374984973837	0.0	-1.2037593745161437	4.180455075065843	0.0	-1.0451137687664607	-0.022586035480812214	-0.5253576982005891	0.00101953868158877	0.8454457336297331	-0.0	0.0	-0.5241502654164901	-0.06864785779376908	-0.18817909902492536	-4.180455075065843	292.0	312.0	346.0
intermediate	1	20372	64	32	0.5	16	0.05	0.0625	0.296875	0.125	0.9047619047619048	1.0	1.10526315667313	0.8	1.0	1.2499999984375	0.2005817457773186	0.0034965034965034	0.3277430394373927	0.8944271838444985	0.0655094134257492	0.0732417501155702	8.0	0.03125	0.5	0.1464834999381734	1.9999999997294946	3.4150374984072154	0.0	-2.0537593744395006	3.134651410025072	0.0	-0.783662852506268	-0.306565164353863	0.940875916205195	-0.3681794978420784	-0.8315984144770736	-0.22945767305841797	-0.6744907595374132	0.2244582683855599	-0.07279772106136043	0.01910181152042768	-3.134651410025072	293.0	262.0	181.0
intermediate	1	21402	64	512	8.0	32	0.05	0.05078125	0.296875	0.09765625	0.9047619047619048	0.9803921568627452	1.0835913300716962	0.8095238095238095	0.96	1.1858823514762629	0.5017106420193986	0.0	0.2785944978151399	0.9922778669435472	0.1397738243619058	0.1644753269388397	256.0	0.40625	13.0	0.0126519482250913	2.9999999996844102	4.415037498362131	0.6424479953566249	-3.0001265737046725	3.4342116865571057	0.0	-0.8585529216392764	0.4730733267454295	-0.7080104773887104	0.20623718885990844	0.3799098311966607	-0.0	-1.4254506784682557	0.01002664331448127	-0.07598329451500183	-0.37144170306646807	-3.4342116865571057	294.0	343.0	196.0
intermediate	1	20524	64	128	2.0	16	0.05	0.046875	0.28125	0.09375	0.9130434782608696	1.0	1.0952380940385489	0.8181818181818182	1.0	1.222222220728395	0.3636201903356577	0.0	0.2612750389268239	0.9682458468798096	0.095004879384528	0.1124298752927248	32.0	0.09375	1.5	0.074953250145181	1.9999999997294946	3.4150374984072154	0.0	-2.0537593744395006	3.5496889016095423	0.0	-0.8874222254023856	0.028317801391424424	0.05957958432900099	-0.1400394289288786	-0.17565864114672589	-0.0	-0.6744907595374132	-0.07263440630478776	-0.07740951370849622	-0.13599835098506866	-3.5496889016095423	295.0	302.0	241.0
intermediate	1	20267	64	64	1.0	8	0.03	0.03125	0.296875	0.0625	0.9032258064516128	1.0	1.107142855917092	0.8076923076923077	1.0	1.2380952365623583	0.2276537569411044	0.0033993783993783	0.1887231112194826	0.7905694276912053	0.0428174760108946	0.0419097559068254	8.0	0.03125	0.25	0.1676390229567456	0.9999999998196631	2.4150374984973837	0.0	-1.2037593745161437	4.134651386941952	0.0	-1.033662846735488	-0.5743133941021807	1.2015248708662845	-0.5436959712157808	-0.722681717470582	-0.2230838488067949	0.0	-0.4913630100688859	-0.08007645621390011	0.11716385137295826	-4.134651386941952	296.0	244.0	271.0
granule_like_sparse_expansion	1	21782	64	1024	16.0	8	0.03	0.0302734375	0.265625	0.05859375	0.9090909090909092	0.9836065573770492	1.0819672119245902	0.8125	0.9666666666666668	1.18974358827929	0.5948955975827275	0.0	0.1831471493349095	0.7781187377258049	0.108953432849164	0.1008649238366814	128.0	0.484375	3.875	0.0260296577575875	0.9999999998196631	2.4150374984973837	0.0	-1.2037593745161437	4.180455075065843	0.0	-1.0451137687664607	-0.07051073977486416	-0.5431889316229203	-0.03215084859219874	0.754813546670571	-0.0	0.0	-0.5241502654164901	-0.10138015942266111	-0.20808896800150323	-4.180455075065843	297.0	316.0	346.0
integrator_like_low_expansion	3	40694	64	32	0.5	32	0.1	0.09375	0.3125	0.1875	0.9	1.0	1.1111111098765432	0.8	1.0	1.2499999984375	0.2831017392875979	0.0014568764568764	0.4338335387613746	0.7302967394453056	0.1226400972322717	0.1119545787775359	16.0	0.046875	1.5	0.074636385801933	2.9999999996844102	4.415037498362131	0.6424479953566249	-3.0001265737046725	2.5496889169982895	0.0	-0.6374222292495724	0.024256144808076294	0.05567562224002505	0.07371208505047792	-0.4996022034914737	-0.09560736377433973	-1.4254506784682557	0.6431868776574539	-0.11249534342930347	-0.22988079979701795	-2.5496889169982895	298.0	319.0	151.0
intermediate	1	20368	64	128	2.0	8	0.03	0.03125	0.28125	0.0625	0.9047619047619048	1.0	1.10526315667313	0.8125	1.0	1.230769229254438	0.315353422728263	0.0	0.189623232624442	0.7905694276912053	0.0597983354369154	0.0581842901723872	16.0	0.0625	0.5	0.1163685801120374	0.9999999998196631	2.4150374984973837	0.0	-1.2037593745161437	4.134651386941952	0.0	-1.033662846735488	-0.43523901184130526	0.5698417250157861	-0.4123532609472993	-0.36984653768577985	-0.0	0.0	-0.4913630100688859	-0.11596767045362412	-0.002516424509064405	-4.134651386941952	299.0	265.0	271.0
integrator_like_low_expansion	1	20745	64	64	1.0	32	0.1	0.09375	0.28125	0.1875	0.9	1.0	1.1111111098765432	0.8	0.9090909090909092	1.1363636349431818	0.3413651710556315	0.0	0.4343024011291555	0.7302967394453056	0.1482557134513256	0.1230348454571617	32.0	0.09375	3.0	0.0410116151387167	2.9999999996844102	4.415037498362131	0.6424479953566249	-3.0001265737046725	2.5496889169982895	0.0	-0.6374222292495724	0.11894280180295934	-0.3586020733003851	0.2718424844018972	-0.2651955129044749	-0.0	-1.4254506784682557	0.6431868776574539	-0.11865699635653211	-0.2959464807800176	-2.5496889169982895	300.0	324.0	151.0
granule_like_sparse_expansion	2	30570	64	256	4.0	8	0.03	0.03125	0.28125	0.0625	0.9090909090909092	1.0	1.09999999879	0.8181818181818182	1.0	1.222222220728395	0.4162815704265208	0.0	0.1912795815899357	0.7905694276912053	0.0796261646147862	0.0769389027144447	32.0	0.125	1.0	0.0769389026375057	0.9999999998196631	2.4150374984973837	0.0	-1.2037593745161437	4.134651386941952	0.0	-1.033662846735488	-0.27497106737864535	0.08404403486469614	-0.25898995007909953	0.03620975476221472	-0.0	0.0	-0.4913630100688859	-0.1194730664392655	-0.09319764603162946	-4.134651386941952	301.0	287.0	271.0
intermediate	3	40524	64	128	2.0	16	0.05	0.046875	0.296875	0.09375	0.9	1.0	1.1111111098765432	0.8	0.9090909090909092	1.1363636349431818	0.3597689070015358	0.0	0.2598840864227398	0.9682458468798096	0.0934982137194017	0.1028741556946932	32.0	0.09375	1.5	0.0685827704174069	1.9999999997294946	3.4150374984072154	0.0	-2.0537593744395006	3.5496889016095423	0.0	-0.8874222254023856	-0.05334080575941502	-0.018908613777766797	-0.15169311187633375	-0.19115320700852736	-0.0	-0.6744907595374132	-0.07263440630478776	-0.12275821077307761	-0.17762458428938516	-3.5496889016095423	302.0	307.0	241.0
intermediate	2	30368	64	128	2.0	8	0.03	0.03125	0.296875	0.0625	0.9047619047619048	1.0	1.10526315667313	0.8181818181818182	1.0	1.222222220728395	0.3161018406941515	0.0	0.1873435202303466	0.7905694276912053	0.0592196315869345	0.0572210591266671	16.0	0.0625	0.5	0.11444211802445	0.9999999998196631	2.4150374984973837	0.0	-1.2037593745161437	4.134651386941952	0.0	-1.033662846735488	-0.4434703234396649	0.5461065363899572	-0.4168293908175474	-0.36683548644426983	-0.0	0.0	-0.4913630100688859	-0.12447348122385739	-0.011954662897022239	-4.134651386941952	303.0	268.0	271.0
intermediate	2	30524	64	128	2.0	16	0.05	0.046875	0.296875	0.09375	0.9	1.0	1.1111111098765432	0.8	0.9090909090909092	1.1363636349431818	0.356977615321263	0.0	0.2587520039983718	0.9682458468798096	0.0923686733469366	0.1016313457251985	32.0	0.09375	1.5	0.0677542304382962	1.9999999997294946	3.4150374984072154	0.0	-2.0537593744395006	3.5496889016095423	0.0	-0.8874222254023856	-0.0639612650582647	-0.02911673197274298	-0.16042982479263643	-0.20238319167267746	-0.0	-0.6744907595374132	-0.07263440630478776	-0.1308774945348993	-0.18412161854509335	-3.5496889016095423	304.0	309.0	241.0
granule_like_sparse_expansion	3	40974	64	512	8.0	8	0.03	0.029296875	0.296875	0.05859375	0.9	1.0	1.1111111098765432	0.8	0.9655172413793104	1.2068965502155171	0.5101170523604996	0.0	0.1792739215758741	0.7654655576836884	0.0914506844393922	0.0844855937141656	64.0	0.234375	1.875	0.0450589832901901	0.9999999998196631	2.4150374984973837	0.0	-1.2037593745161437	4.227760788255684	0.0	-1.056940197063921	-0.21048065728311183	-0.3087360275928881	-0.16753023991818225	0.41373068190828916	-0.0	0.0	-0.5580127022918921	-0.14413411374768403	-0.18774711083681073	-4.227760788255684	305.0	311.0	361.0
intermediate	2	30267	64	64	1.0	8	0.03	0.03125	0.3125	0.0625	0.8928571428571429	1.0	1.1199999987456	0.7916666666666666	1.0	1.2631578931412744	0.1976961075432643	0.0018453768453768	0.1912397387858662	0.7905694276912053	0.0377375831536541	0.0376852793413242	8.0	0.03125	0.25	0.1507411167623324	0.9999999998196631	2.4150374984973837	0.0	-1.2037593745161437	4.134651386941952	0.0	-1.033662846735488	-0.6104137493649335	0.9933323538735184	-0.5829876748336241	-0.843207976223608	-0.12110266078083208	0.0	-0.4913630100688859	-0.15111739725017215	0.05179038848249767	-4.134651386941952	306.0	255.0	271.0
intermediate	1	20423	64	64	1.0	16	0.05	0.046875	0.3125	0.09375	0.8947368421052632	1.0	1.1176470575743944	0.8	1.0	1.2499999984375	0.2556597120146843	0.0004856254856254	0.255987162153737	0.9682458468798096	0.0654138221023805	0.0791708268749923	16.0	0.046875	0.75	0.1055611023592416	1.9999999997294946	3.4150374984072154	0.0	-2.0537593744395006	3.5496889016095423	0.0	-0.8874222254023856	-0.2558981115068378	0.4366870033709357	-0.3689188728745433	-0.6100075572586905	-0.03186912125810887	-0.6744907595374132	-0.07263440630478776	-0.15366690997201013	-0.11722813656980124	-3.5496889016095423	307.0	293.0	241.0
granule_like_sparse_expansion	2	30974	64	512	8.0	8	0.03	0.029296875	0.28125	0.05859375	0.9090909090909092	1.0	1.09999999879	0.8125	0.9655172413793104	1.188328911004285	0.5043614594979984	0.0	0.1803050282624882	0.7654655576836884	0.0909389072092964	0.0827202900634555	64.0	0.234375	1.875	0.0441174880103136	0.9999999998196631	2.4150374984973837	0.0	-1.2037593745161437	4.227760788255684	0.0	-1.056940197063921	-0.2255660975617249	-0.3203358240291532	-0.17148870908444103	0.3905746570342911	-0.0	0.0	-0.5580127022918921	-0.1541701151077257	-0.1948379081983517	-4.227760788255684	308.0	314.0	361.0
integrator_like_low_expansion	2	30745	64	64	1.0	32	0.1	0.09375	0.296875	0.1875	0.9	1.0	1.1111111098765432	0.8	0.9090909090909092	1.1363636349431818	0.323651806679293	9.712509712509713e-05	0.4351165197701019	0.7302967394453056	0.1408125699766103	0.1168579097707826	32.0	0.09375	3.0	0.0389526365772766	2.9999999996844102	4.415037498362131	0.6424479953566249	-3.0001265737046725	2.5496889169982895	0.0	-0.6374222292495724	0.0661576651698235	-0.3839699457579849	0.2142716269817932	-0.3364603010678324	-0.006373824251622898	-1.4254506784682557	0.6431868776574539	-0.15752426309571838	-0.3233868808821026	-2.5496889169982895	309.0	328.0	151.0
intermediate	3	40368	64	128	2.0	8	0.03	0.03125	0.28125	0.0625	0.9090909090909092	1.0	1.09999999879	0.8095238095238095	1.0	1.2352941161211073	0.2928675429906698	9.712509712509713e-05	0.1909672199354416	0.7905694276912053	0.0559226684720591	0.0546132818259092	16.0	0.0625	0.5	0.1092265634333654	0.9999999998196631	2.4150374984973837	0.0	-1.2037593745161437	4.134651386941952	0.0	-1.033662846735488	-0.46575514039717913	0.4818477208101854	-0.44233057778923796	-0.4603122121968775	-0.006373824251622898	0.0	-0.4913630100688859	-0.16058313788140155	-0.04015183143337249	-4.134651386941952	310.0	274.0	271.0
granule_like_sparse_expansion	3	40570	64	256	4.0	8	0.03	0.03125	0.28125	0.0625	0.9	1.0	1.1111111098765432	0.8	1.0	1.2499999984375	0.3860491023797183	0.0	0.1901354310312969	0.7905694276912053	0.073401612480213	0.0725363383719466	32.0	0.125	1.0	0.0725363382994102	0.9999999998196631	2.4150374984973837	0.0	-1.2037593745161437	4.134651386941952	0.0	-1.033662846735488	-0.31259327556633654	0.02980175536418999	-0.30713530756963525	-0.08542216028430506	-0.0	0.0	-0.4913630100688859	-0.16385478766488892	-0.12421657514289988	-4.134651386941952	311.0	297.0	271.0
intermediate	3	40423	64	64	1.0	16	0.05	0.046875	0.296875	0.09375	0.9090909090909092	1.0	1.09999999879	0.8125	1.0	1.230769229254438	0.2493706609171407	0.0002913752913752	0.2614752100700265	0.9682458468798096	0.0651852470424485	0.0776804241833904	16.0	0.046875	0.75	0.1035738987730887	1.9999999997294946	3.4150374984072154	0.0	-2.0537593744395006	3.5496889016095423	0.0	-0.8874222254023856	-0.26863437973253407	0.4122034424126551	-0.3706868439246566	-0.6353098027662499	-0.019121472754862694	-0.6744907595374132	-0.07263440630478776	-0.1649377671647091	-0.12611088930961709	-3.5496889016095423	312.0	299.0	241.0
granule_like_sparse_expansion	1	20570	64	256	4.0	8	0.03	0.03125	0.3125	0.0625	0.8928571428571429	1.0	1.1199999987456	0.7916666666666666	1.0	1.2631578931412744	0.3835215355529633	0.0	0.189082378576474	0.7905694276912053	0.072517164177656	0.0724166563064868	32.0	0.125	1.0	0.0724166562340701	0.9999999998196631	2.4150374984973837	0.0	-1.2037593745161437	4.134651386941952	0.0	-1.033662846735488	-0.3136160212283583	0.02832719927804695	-0.3139762944853026	-0.09559112145116481	-0.0	0.0	-0.4913630100688859	-0.16674332367243544	-0.12588963913849727	-4.134651386941952	313.0	298.0	271.0
intermediate	3	40216	64	32	0.5	8	0.03	0.03125	0.296875	0.0625	0.8947368421052632	1.0	1.1176470575743944	0.8	1.0	1.2499999984375	0.1729150490597773	0.0499222999222999	0.1848256062107974	0.7905694276912053	0.0303636555539592	0.0300057222048759	4.0	0.015625	0.125	0.2400457757186412	0.9999999998196631	2.4150374984973837	0.0	-1.2037593745161437	4.134651386941952	0.0	-1.033662846735488	-0.6760395698867951	2.0936202542431857	-0.6400231647325262	-0.942907663181356	-3.276145665334168	0.0	-0.4913630100688859	-0.17806332814941733	0.0446919705488566	-4.134651386941952	314.0	257.0	271.0
integrator_like_low_expansion	3	40745	64	64	1.0	32	0.1	0.09375	0.296875	0.1875	0.9	1.0	1.1111111098765432	0.8	0.9090909090909092	1.1363636349431818	0.3128691622353812	0.0	0.4342957706946423	0.7302967394453056	0.1358777539396019	0.1127625915240954	32.0	0.09375	3.0	0.0375875304955026	2.9999999996844102	4.415037498362131	0.6424479953566249	-3.0001265737046725	2.5496889169982895	0.0	-0.6374222292495724	0.031161035095749138	-0.40078888580042793	0.17610205636607698	-0.3798412678796842	-0.0	-1.4254506784682557	0.6431868776574539	-0.18205857857852978	-0.3405199420768455	-2.5496889169982895	315.0	334.0	151.0
granule_like_sparse_expansion	1	20974	64	512	8.0	8	0.03	0.029296875	0.28125	0.05859375	0.9047619047619048	1.0	1.10526315667313	0.8125	0.9655172413793104	1.188328911004285	0.4860535429436864	0.0	0.1778429960635416	0.7654655576836884	0.0864412183244044	0.078629080474614	64.0	0.234375	1.875	0.0419355095640952	0.9999999998196631	2.4150374984973837	0.0	-1.2037593745161437	4.227760788255684	0.0	-1.056940197063921	-0.2605276170118952	-0.34721913013321754	-0.20627721025894072	0.316917853773455	-0.0	0.0	-0.5580127022918921	-0.18403894455624237	-0.21511347909578002	-4.227760788255684	316.0	317.0	361.0
intermediate	2	30423	64	64	1.0	16	0.05	0.046875	0.28125	0.09375	0.9047619047619048	1.0	1.10526315667313	0.8125	1.0	1.230769229254438	0.240121681152535	0.0002913752913752	0.2628605331686749	0.9682458468798096	0.0631001219579585	0.0751956073208705	16.0	0.046875	0.75	0.1002608096274795	1.9999999997294946	3.4150374984072154	0.0	-2.0537593744395006	3.5496889016095423	0.0	-0.8874222254023856	-0.2898684356230074	0.3713841621829045	-0.386814766132531	-0.6725204968866886	-0.019121472754862694	-0.6744907595374132	-0.07263440630478776	-0.18730402547864305	-0.14502267288781812	-3.5496889016095423	317.0	304.0	241.0
intermediate	2	30998	64	256	4.0	32	0.05	0.05078125	0.28125	0.09375	0.9047619047619048	0.96	1.061052630406205	0.8	0.96	1.1999999984999998	0.4166299769946323	0.0	0.2751566854713352	0.9922778669435472	0.1146385235378416	0.1365039233561946	128.0	0.203125	6.5	0.0210006035900298	2.9999999996844102	4.415037498362131	0.6424479953566249	-3.0001265737046725	3.4342116865571057	0.0	-0.8585529216392764	0.2340430964022007	-0.6051499481648964	0.011821909231166597	0.03761147155320181	-0.0	-1.4254506784682557	0.01002664331448127	-0.18744981829490998	-0.41755188231228085	-3.4342116865571057	318.0	353.0	196.0
excessively_sparse	1	20196	64	32	0.5	8	0.01	0.03125	0.296875	0.0625	0.9047619047619048	1.0	1.10526315667313	0.8	1.0	1.2499999984375	0.1824764778442046	0.0563325563325563	0.1794700227278928	0.7905694276912053	0.0309042194924501	0.0305399138585622	4.0	0.015625	0.125	0.2443193089139436	0.9999999998196631	2.4150374984973837	0.0	-1.2037593745161437	4.134651386941952	0.0	-1.033662846735488	-0.6714746236319247	2.1462727913176494	-0.6358420375602464	-0.9044399174508247	-3.6968180659412786	0.0	-0.4913630100688859	-0.19320294888468764	0.019960649937300734	-4.134651386941952	319.0	261.0	271.0
intermediate	2	31918	64	1024	16.0	16	0.03	0.0302734375	0.296875	0.05859375	0.9047619047619048	0.9836065573770492	1.0871440885309478	0.8	0.9666666666666668	1.2083333318229166	0.5755283627694743	0.0	0.1850024495827158	0.7781187377258049	0.1064741569166826	0.1001098565762136	256.0	0.484375	7.75	0.0129174008468769	1.9999999997294946	3.4150374984072154	0.0	-2.0537593744395006	4.180455075065843	0.0	-1.0451137687664607	-0.07696318327348896	-0.7047399390843764	-0.05132742925315952	0.6768948714289459	-0.0	-0.6744907595374132	-0.5241502654164901	-0.20716199819915398	-0.3956193979462918	-4.180455075065843	320.0	346.0	346.0
intermediate	1	21918	64	1024	16.0	16	0.03	0.0302734375	0.3125	0.05859375	0.8928571428571429	0.9836065573770492	1.101639343028459	0.7894736842105263	0.9666666666666668	1.2244444428934815	0.5753469285732532	0.0	0.1825979479666389	0.7781187377258049	0.1050571685263844	0.100094600319661	256.0	0.484375	7.75	0.0129154322976445	1.9999999997294946	3.4150374984072154	0.0	-2.0537593744395006	4.180455075065843	0.0	-1.0451137687664607	-0.07709355594167379	-0.7047641928123117	-0.062287480857823874	0.6761649214722592	-0.0	-0.6744907595374132	-0.5241502654164901	-0.20925012772545853	-0.39729675633900896	-4.180455075065843	321.0	347.0	346.0
intermediate	3	40998	64	256	4.0	32	0.05	0.05078125	0.3125	0.1015625	0.8947368421052632	1.0	1.1176470575743944	0.8	0.96	1.1999999984999998	0.3995789974914788	0.0	0.2783494381668477	0.9922778669435472	0.1112225894550254	0.1324364564188989	128.0	0.203125	6.5	0.0203748394459267	2.9999999996844102	4.415037498362131	0.6424479953566249	-3.0001265737046725	3.4342116865571057	0.0	-0.8585529216392764	0.19928447029097857	-0.6128597443198615	-0.014599488489613822	-0.030988395555790686	-0.0	-1.4254506784682557	0.01002664331448127	-0.2106484229838835	-0.4307797560391319	-3.4342116865571057	322.0	356.0	196.0
intermediate	3	41918	64	1024	16.0	16	0.03	0.0302734375	0.28125	0.05859375	0.9047619047619048	0.9836065573770492	1.0871440885309478	0.8	0.9666666666666668	1.2083333318229166	0.5719445174442036	0.0	0.1839536992330718	0.7781187377258049	0.1052113097399354	0.0989224938076051	256.0	0.484375	7.75	0.0127641927477214	1.9999999997294946	3.4150374984072154	0.0	-2.0537593744395006	4.180455075065843	0.0	-1.0451137687664607	-0.08710981732575937	-0.7066275563678364	-0.06109523703529761	0.662476267910756	-0.0	-0.6744907595374132	-0.5241502654164901	-0.21365614963442398	-0.3996801811091046	-4.180455075065843	323.0	348.0	346.0
intermediate	1	20216	64	32	0.5	8	0.03	0.03125	0.296875	0.0625	0.8947368421052632	1.0	1.1176470575743944	0.7894736842105263	1.0	1.2666666650622225	0.1681409301606793	0.0506993006993006	0.1810562002766463	0.7905694276912053	0.0288995212478135	0.0289396320630259	4.0	0.015625	0.125	0.2315170546520708	0.9999999998196631	2.4150374984973837	0.0	-1.2037593745161437	4.134651386941952	0.0	-1.033662846735488	-0.685149866101289	1.9885412056823897	-0.6513478782315121	-0.9621150009170024	-3.3271362593471463	0.0	-0.4913630100688859	-0.21387161246848707	0.00454843031157337	-4.134651386941952	324.0	264.0	271.0
integrator_like_low_expansion	2	30694	64	32	0.5	32	0.1	0.09375	0.28125	0.1875	0.9130434782608696	1.0	1.0952380940385489	0.8125	1.0	1.230769229254438	0.2443454450435703	0.0006798756798756	0.434565310381888	0.7302967394453056	0.1061118622097418	0.0953761807912219	16.0	0.046875	1.5	0.0635841204850918	2.9999999996844102	4.415037498362131	0.6424479953566249	-3.0001265737046725	2.5496889169982895	0.0	-0.6374222292495724	-0.11741491140767407	-0.08049503158605556	-0.05412968840457881	-0.6555273592448776	-0.04461676976135504	-1.4254506784682557	0.6431868776574539	-0.21936898336418473	-0.3131434138049523	-2.5496889169982895	325.0	326.0	151.0
intermediate	1	20998	64	256	4.0	32	0.05	0.05078125	0.28125	0.1015625	0.9047619047619048	1.0	1.10526315667313	0.8181818181818182	0.96	1.1733333318992591	0.3993187214330864	0.0	0.2780639904671756	0.9922778669435472	0.1110361571499344	0.1292763660152009	128.0	0.203125	6.5	0.0198886716915864	2.9999999996844102	4.415037498362131	0.6424479953566249	-3.0001265737046725	3.4342116865571057	0.0	-0.8585529216392764	0.17227984984461595	-0.6188496277582187	-0.0160414958473057	-0.03203554378642865	-0.0	-1.4254506784682557	0.01002664331448127	-0.2200115648815191	-0.43819394626356534	-3.4342116865571057	326.0	359.0	196.0
excessively_sparse	3	40196	64	32	0.5	8	0.01	0.03125	0.296875	0.0625	0.9	1.0	1.1111111098765432	0.8	1.0	1.2499999984375	0.159073065350973	0.0472999222999222	0.184967023799615	0.7905694276912053	0.0280315530105636	0.0277011109914448	4.0	0.015625	0.125	0.2216088861586873	0.9999999998196631	2.4150374984973837	0.0	-1.2037593745161437	4.134651386941952	0.0	-1.033662846735488	-0.6957336745308614	1.8664665229558435	-0.6580613959544529	-0.9985970294592992	-3.1040524105403446	0.0	-0.4913630100688859	-0.23314293082295323	-0.012889378970065979	-4.134651386941952	327.0	269.0	271.0
excessively_sparse	1	20448	64	256	4.0	2	0.01	0.01171875	0.296875	0.0234375	0.9	1.0	1.1111111098765432	0.8095238095238095	1.0	1.2352941161211073	0.2843441237365497	0.0001942501942501	0.0808714252560174	0.4841229389318378	0.02299084770543	0.0137493136273348	8.0	0.046875	0.09375	0.1466593437938725	0.9999999996393262	0.41503749903839454	0.0	-0.7037593745431943	5.549688809277065	0.7711811863941476	-1.9658080921148768	-0.8149590586912191	0.943042419823721	-0.6970499936355836	-0.4946038156815177	-0.01274764850323961	0.3967592703304354	-3.160360676688508	-0.2724812334197698	-0.06457752945512743	-5.549688809277065	328.0	282.0	391.0
excessively_sparse	2	30448	64	256	4.0	2	0.01	0.01171875	0.3125	0.0234375	0.8947368421052632	1.0	1.1176470575743944	0.7916666666666666	1.0	1.2631578931412744	0.2752111375666113	9.712509712509713e-05	0.0812118159307457	0.4841229389318378	0.0223482254617445	0.0136664697812016	8.0	0.046875	0.09375	0.1457756761112104	0.9999999996393262	0.41503749903839454	0.0	-0.7037593745431943	5.549688809277065	0.7711811863941476	-1.9658080921148768	-0.8156670025584344	0.9321550946769278	-0.7020205163309855	-0.5313478418795533	-0.006373824251622898	0.3967592703304354	-3.160360676688508	-0.27935160650266705	-0.068093511751757	-5.549688809277065	329.0	283.0	391.0
integrator_like_low_expansion	1	20694	64	32	0.5	32	0.1	0.09375	0.28125	0.1875	0.9090909090909092	1.0	1.09999999879	0.8125	1.0	1.230769229254438	0.2152386679947245	0.0002913752913752	0.4414611194581384	0.7302967394453056	0.0949918169881624	0.0853811866277649	16.0	0.046875	1.5	0.0569207910472294	2.9999999996844102	4.415037498362131	0.6424479953566249	-3.0001265737046725	2.5496889169982895	0.0	-0.6374222292495724	-0.20282734879614606	-0.16259131684530387	-0.14014046330518515	-0.77263037008086	-0.019121472754862694	-1.4254506784682557	0.6431868776574539	-0.2881401911003645	-0.36520687339486285	-2.5496889169982895	330.0	342.0	151.0
excessively_sparse	2	30179	64	64	1.0	4	0.01	0.015625	0.296875	0.03125	0.8947368421052632	1.0	1.1176470575743944	0.7916666666666666	1.0	1.2631578931412744	0.1750107748283934	0.0327311577311577	0.1005194975148282	0.559017012263491	0.0170161887775199	0.0120155861033749	4.0	0.015625	0.0625	0.1922493745780096	0.0	1.4150374986777208	0.0	-0.3537593746694302	5.134651340775713	0.35614371789279564	-1.550770623613525	-0.8297746645002052	1.504739422371012	-0.7432624895307565	-0.9344760942385063	-2.1479787727969146	0.6744907594765952	-1.9719900440206681	-0.2951929450568537	-0.00452170720375672	-5.134651340775713	331.0	266.0	376.0
intermediate	2	30706	64	256	4.0	16	0.03	0.03125	0.28125	0.0625	0.9047619047619048	1.0	1.10526315667313	0.8	1.0	1.2499999984375	0.3978890321228124	0.0	0.1879557730957807	0.7905694276912053	0.0747855406389751	0.073903952485785	64.0	0.125	2.0	0.0369519762244165	1.9999999997294946	3.4150374984072154	0.0	-2.0537593744395006	4.134651386941952	0.0	-1.033662846735488	-0.3009062997703036	-0.40861930229467175	-0.2964309686060756	-0.03778750053904828	-0.0	-0.6744907595374132	-0.4913630100688859	-0.3130725020551532	-0.38669799834430046	-4.134651386941952	332.0	344.0	271.0
intermediate	3	40706	64	256	4.0	16	0.03	0.03125	0.3125	0.0625	0.9	1.0	1.1111111098765432	0.7916666666666666	0.9333333333333332	1.178947366931856	0.4082055270674848	0.0	0.1879529083672316	0.7905694276912053	0.0767234160239124	0.0715092731182234	64.0	0.125	2.0	0.0357546365412343	1.9999999997294946	3.4150374984072154	0.0	-2.0537593744395006	4.134651386941952	0.0	-1.033662846735488	-0.32137008376080645	-0.42337125791976804	-0.2814419860796543	0.003718043591377356	-0.0	-0.6744907595374132	-0.4913630100688859	-0.31549425965471867	-0.39296799445096675	-4.134651386941952	333.0	345.0	271.0
intermediate	2	31110	64	512	8.0	16	0.03	0.029296875	0.265625	0.05859375	0.9047619047619048	1.0	1.10526315667313	0.8125	0.9655172413793104	1.188328911004285	0.4716373847434194	0.0	0.1782561017113595	0.7654655576836884	0.0840722416257025	0.0764742003943071	128.0	0.234375	3.75	0.0203931200997104	1.9999999997294946	3.4150374984072154	0.0	-2.0537593744395006	4.227760788255684	0.0	-1.056940197063921	-0.2789421910405427	-0.6126345155086873	-0.22460065387061082	0.25891845634425564	-0.0	-0.6744907595374132	-0.5580127022918921	-0.31595213813039	-0.43606767796338364	-4.227760788255684	334.0	358.0	361.0
intermediate	3	40504	64	128	2.0	16	0.03	0.03125	0.28125	0.0625	0.9047619047619048	1.0	1.10526315667313	0.8	1.0	1.2499999984375	0.3237776980992854	9.712509712509713e-05	0.1877556596970204	0.7905694276912053	0.0607851909607785	0.0600686419623683	32.0	0.0625	1.0	0.0600686419022996	1.9999999997294946	3.4150374984072154	0.0	-2.0537593744395006	4.134651386941952	0.0	-1.033662846735488	-0.4191362431305381	-0.12380787319880217	-0.4047201797294557	-0.3359538120019084	-0.006373824251622898	-0.6744907595374132	-0.4913630100688859	-0.32764073830163437	-0.3417813223812559	-4.134651386941952	335.0	335.0	271.0
intermediate	1	20796	64	128	2.0	32	0.05	0.046875	0.296875	0.09375	0.9047619047619048	1.0	1.10526315667313	0.8148148148148148	1.0	1.227272725766529	0.3159953180492463	0.0	0.2638992205925278	0.9682458468798096	0.083390918144084	0.0990935714390031	64.0	0.09375	3.0	0.0330311904686573	2.9999999996844102	4.415037498362131	0.6424479953566249	-3.0001265737046725	3.5496889016095423	0.0	-0.8874222254023856	-0.08564786975066478	-0.4569257756345918	-0.2298705209839446	-0.36726405063808887	-0.0	-1.4254506784682557	-0.07263440630478776	-0.32868811905305906	-0.4774097407969928	-3.5496889016095423	336.0	369.0	241.0
excessively_sparse	1	20179	64	64	1.0	4	0.01	0.015625	0.296875	0.03125	0.9047619047619048	1.0	1.10526315667313	0.8181818181818182	1.0	1.222222220728395	0.1786804664015457	0.0366161616161616	0.0994811737677252	0.559017012263491	0.0171244777122394	0.0117001797679172	4.0	0.015625	0.0625	0.1872028732914301	0.0	1.4150374986777208	0.0	-0.3537593746694302	5.134651340775713	0.35614371789279564	-1.550770623613525	-0.8324699761170645	1.4425634466748285	-0.7424249016430462	-0.9197121122512734	-2.4029317428618318	0.6744907594765952	-1.9719900440206681	-0.3296389400633406	-0.04908322105931889	-5.134651340775713	337.0	277.0	376.0
intermediate	3	41110	64	512	8.0	16	0.03	0.029296875	0.296875	0.05859375	0.9047619047619048	1.0	1.10526315667313	0.8076923076923077	0.9655172413793104	1.195402297370553	0.4538318356073797	0.0	0.1806666289536208	0.7654655576836884	0.0819922678510191	0.0750261462493908	128.0	0.234375	3.75	0.0200069723278357	1.9999999997294946	3.4150374984072154	0.0	-2.0537593744395006	4.227760788255684	0.0	-1.056940197063921	-0.29131656885058466	-0.617392091721551	-0.24068873198258536	0.18728278847490806	-0.0	-0.6744907595374132	-0.5580127022918921	-0.33061820305537926	-0.4423830381060473	-4.227760788255684	338.0	361.0	361.0
intermediate	3	40796	64	128	2.0	32	0.05	0.046875	0.296875	0.09375	0.9047619047619048	1.0	1.10526315667313	0.8076923076923077	1.0	1.2380952365623583	0.3156999382307324	0.0	0.2611632997088576	0.9682458468798096	0.0824492375862206	0.0988385440991944	64.0	0.09375	3.0	0.032946181355416	2.9999999996844102	4.415037498362131	0.6424479953566249	-3.0001265737046725	3.5496889016095423	0.0	-0.8874222254023856	-0.08782721136282888	-0.4579731397902102	-0.23715418511271	-0.368452429070717	-0.0	-1.4254506784682557	-0.07263440630478776	-0.330979599488254	-0.4792523679854259	-3.5496889016095423	339.0	370.0	241.0
excessively_sparse	3	40179	64	64	1.0	4	0.01	0.015625	0.28125	0.03125	0.9047619047619048	1.0	1.10526315667313	0.8181818181818182	1.0	1.222222220728395	0.1732882988101694	0.0337024087024087	0.0993594277338277	0.559017012263491	0.0166375439870949	0.0113674857018564	4.0	0.015625	0.0625	0.1818797683196271	0.0	1.4150374986777208	0.0	-0.3537593746694302	5.134651340775713	0.35614371789279564	-1.550770623613525	-0.8353130204072582	1.376979544767338	-0.7461912124979375	-0.9414059967656156	-2.211717015313145	0.6744907594765952	-1.9719900440206681	-0.3337252751238122	-0.0507704743629698	-5.134651340775713	340.0	278.0	376.0
intermediate	2	30796	64	128	2.0	32	0.05	0.046875	0.28125	0.09375	0.9047619047619048	1.0	1.10526315667313	0.8076923076923077	1.0	1.2380952365623583	0.3137546822800903	0.0	0.2589412280333806	0.9682458468798096	0.0812440227308297	0.0973937559468603	64.0	0.09375	3.0	0.0324645853047985	2.9999999996844102	4.415037498362131	0.6424479953566249	-3.0001265737046725	3.5496889016095423	0.0	-0.8874222254023856	-0.10017367956308255	-0.4639066970486226	-0.24647622127068616	-0.37627862460877076	-0.0	-1.4254506784682557	-0.07263440630478776	-0.33832125038858507	-0.48490003422669675	-3.5496889016095423	341.0	374.0	241.0
intermediate	1	20706	64	256	4.0	16	0.03	0.03125	0.296875	0.0625	0.9090909090909092	1.0	1.09999999879	0.8125	1.0	1.230769229254438	0.3760784904901862	0.0	0.1912443922767465	0.7905694276912053	0.0719229023621518	0.0699815971548987	64.0	0.125	2.0	0.0349907985599539	1.9999999997294946	3.4150374984072154	0.0	-2.0537593744395006	4.134651386941952	0.0	-1.033662846735488	-0.334424871530909	-0.4327822080142843	-0.31857276133654955	-0.12553614027535145	-0.0	-0.6744907595374132	-0.4913630100688859	-0.34101718618594534	-0.40397185332187646	-4.134651386941952	342.0	349.0	271.0
intermediate	2	30216	64	32	0.5	8	0.03	0.03125	0.265625	0.0625	0.9069264069264068	1.0	1.102625297113573	0.8125	1.0	1.230769229254438	0.139352124729422	0.0459401709401709	0.1836760968673168	0.7905694276912053	0.0244197856238223	0.023760659595331	4.0	0.015625	0.125	0.1900852752419661	0.9999999998196631	2.4150374984973837	0.0	-1.2037593745161437	4.134651386941952	0.0	-1.033662846735488	-0.7294068866057026	1.4780763978158022	-0.6859975154129883	-1.077938741508893	-3.0148188710176282	0.0	-0.4913630100688859	-0.3416090497831971	-0.13140812289355525	-4.134651386941952	343.0	301.0	271.0
excessively_sparse	3	40448	64	256	4.0	2	0.01	0.01171875	0.3125	0.0234375	0.8947368421052632	1.0	1.1176470575743944	0.8	1.0	1.2499999984375	0.2462648034597918	0.0	0.0819938196757724	0.4841229389318378	0.0201921918873717	0.0122193790847132	8.0	0.046875	0.09375	0.1303400421799812	0.9999999996393262	0.41503749903839454	0.0	-0.7037593745431943	5.549688809277065	0.7711811863941476	-1.9658080921148768	-0.8280331471992339	0.7419786643814379	-0.7186968980136483	-0.6478053552237615	-0.0	0.3967592703304354	-3.160360676688508	-0.34259406437017875	-0.12948374459580098	-5.549688809277065	344.0	300.0	391.0
excessively_sparse	2	30196	64	32	0.5	8	0.01	0.03125	0.296875	0.0625	0.9047619047619048	1.0	1.10526315667313	0.8125	1.0	1.230769229254438	0.1397002395356263	0.0489510489510489	0.1853343625464512	0.7905694276912053	0.0246238507587508	0.0239592167113108	4.0	0.015625	0.125	0.1916737321570972	0.9999999998196631	2.4150374984973837	0.0	-1.2037593745161437	4.134651386941952	0.0	-1.033662846735488	-0.7277101125046566	1.497647156434704	-0.6844191225165874	-1.0765381985406797	-3.2124074228179373	0.0	-0.4913630100688859	-0.35181989009221903	-0.14471963673324634	-4.134651386941952	345.0	303.0	271.0
intermediate	3	40644	64	32	0.5	32	0.05	0.0625	0.3125	0.125	0.9	1.0	1.1111111098765432	0.8	1.0	1.2499999984375	0.2039241721249294	0.0042735042735042	0.3216458664097707	0.8944271838444985	0.0653110620377317	0.0730199865241021	16.0	0.03125	1.0	0.0730199864510821	2.9999999996844102	4.415037498362131	0.6424479953566249	-3.0001265737046725	3.134651410025072	0.0	-0.783662852506268	-0.30846024988983695	0.035760595759976	-0.3697136963319271	-0.8181510929771393	-0.2804482670714027	-1.4254506784682557	0.2244582683855599	-0.3536434865319712	-0.40833297468127705	-3.134651410025072	346.0	351.0	181.0
intermediate	1	22190	64	1024	16.0	32	0.03	0.0302734375	0.296875	0.05859375	0.9	0.9836065573770492	1.0928961736490588	0.8	0.9666666666666668	1.2083333318229166	0.5156097536980561	0.0	0.1840688675321484	0.7781187377258049	0.0949077034517311	0.0892347669675884	512.0	0.484375	15.5	0.0057570817394729	2.9999999996844102	4.415037498362131	0.6424479953566249	-3.0001265737046725	4.180455075065843	0.0	-1.0451137687664607	-0.1698964951994512	-0.7929594403818033	-0.1407910605198482	0.4358290359504172	-0.0	-1.4254506784682557	-0.5241502654164901	-0.3546428365401301	-0.6042834391968842	-4.180455075065843	347.0	390.0	346.0
intermediate	1	21110	64	512	8.0	16	0.03	0.029296875	0.296875	0.05859375	0.9047619047619048	1.0	1.10526315667313	0.8125	0.9655172413793104	1.188328911004285	0.4337376750895014	0.0	0.1803674607699283	0.7654655576836884	0.0782321630961455	0.0711619198228409	128.0	0.234375	3.75	0.0189765119476971	1.9999999997294946	3.4150374984072154	0.0	-2.0537593744395006	4.227760788255684	0.0	-1.056940197063921	-0.32433839881015475	-0.6300879924878428	-0.26977220396762086	0.10643953011908874	-0.0	-0.6744907595374132	-0.5580127022918921	-0.35623068242085726	-0.45715869512560414	-4.227760788255684	348.0	366.0	361.0
intermediate	3	42190	64	1024	16.0	32	0.03	0.0302734375	0.265625	0.05859375	0.9090909090909092	0.9836065573770492	1.0819672119245902	0.8125	0.9666666666666668	1.18974358827929	0.5042357488047122	0.0	0.1856926720373301	0.7781187377258049	0.0936328835322909	0.0866817448438556	512.0	0.484375	15.5	0.0055923706347266	2.9999999996844102	4.415037498362131	0.6424479953566249	-3.0001265737046725	4.180455075065843	0.0	-1.0451137687664607	-0.19171340061516087	-0.7949887817143483	-0.1506514744790467	0.39006889507193493	-0.0	-1.4254506784682557	-0.5241502654164901	-0.3675895005768436	-0.6107346847736693	-4.180455075065843	349.0	391.0	346.0
intermediate	2	32190	64	1024	16.0	32	0.03	0.0302734375	0.28125	0.05859375	0.9047619047619048	0.9836065573770492	1.0871440885309478	0.8148148148148148	0.9666666666666668	1.1863636349076447	0.5066834755013724	0.0	0.1844324706284794	0.7781187377258049	0.0934488852133427	0.086265635192617	512.0	0.484375	15.5	0.0055655248507775	2.9999999996844102	4.415037498362131	0.6424479953566249	-3.0001265737046725	4.180455075065843	0.0	-1.0451137687664607	-0.19526927458086046	-0.7953195381564011	-0.1520746555612992	0.399916641711884	-0.0	-1.4254506784682557	-0.5241502654164901	-0.3679359247641427	-0.611758563661763	-4.180455075065843	350.0	392.0	346.0
intermediate	1	20695	64	64	1.0	32	0.05	0.046875	0.28125	0.09375	0.9047619047619048	1.0	1.10526315667313	0.8076923076923077	1.0	1.2380952365623583	0.2536595490398912	0.0002913752913752	0.2598613856734347	0.9682458468798096	0.0658971155153038	0.0789961817543549	32.0	0.046875	1.5	0.0526641211344605	2.9999999996844102	4.415037498362131	0.6424479953566249	-3.0001265737046725	3.5496889016095423	0.0	-0.8874222254023856	-0.25739054513788306	-0.21503608798740748	-0.3651807189262819	-0.6180546559160877	-0.019121472754862694	-1.4254506784682557	-0.07263440630478776	-0.36968715710396555	-0.46140004654711797	-3.5496889016095423	351.0	367.0	241.0
intermediate	2	30644	64	32	0.5	32	0.05	0.0625	0.3125	0.125	0.8903903903903904	1.0	1.1231028655177293	0.8	1.0	1.2499999984375	0.1910913365369625	0.0035936285936285	0.3227966072107986	0.8944271838444985	0.0614619670266486	0.0687165675155903	16.0	0.03125	1.0	0.0687165674468737	2.9999999996844102	4.415037498362131	0.6424479953566249	-3.0001265737046725	3.134651410025072	0.0	-0.783662852506268	-0.34523520949559056	-0.01726015271931584	-0.3994854857421768	-0.8697804328519111	-0.23583149731004108	-1.4254506784682557	0.2244582683855599	-0.3836179693570254	-0.43159828258161664	-3.134651410025072	352.0	357.0	181.0
intermediate	3	40403	64	64	1.0	16	0.03	0.03125	0.296875	0.0625	0.9	1.0	1.1111111098765432	0.8	1.0	1.2499999984375	0.2226361179322979	0.0021367521367521	0.1866180691310809	0.7905694276912053	0.041459144835298	0.0409704154550474	16.0	0.03125	0.5	0.0819408307462132	1.9999999997294946	3.4150374984072154	0.0	-2.0537593744395006	4.134651386941952	0.0	-1.033662846735488	-0.5823405481166657	0.14567084180678788	-0.5542023239020086	-0.7428687905440886	-0.14022413353570135	-0.6744907595374132	-0.4913630100688859	-0.38696936064441234	-0.32938592143109513	-4.134651386941952	353.0	331.0	271.0
intermediate	3	40695	64	64	1.0	32	0.05	0.046875	0.28125	0.09375	0.9047619047619048	1.0	1.10526315667313	0.8125	1.0	1.230769229254438	0.2456809721599993	0.0007770007770007	0.2594158861590959	0.9682458468798096	0.0636840260896925	0.0758914383975862	32.0	0.046875	1.5	0.0505942922313279	2.9999999996844102	4.415037498362131	0.6424479953566249	-3.0001265737046725	3.5496889016095423	0.0	-0.8874222254023856	-0.28392219620545706	-0.2405376432765488	-0.38229841338059734	-0.6501542378537845	-0.05099059401297813	-1.4254506784682557	-0.07263440630478776	-0.3920770655684759	-0.480111409641334	-3.5496889016095423	354.0	371.0	241.0
intermediate	2	30403	64	64	1.0	16	0.03	0.03125	0.3125	0.0625	0.896551724137931	1.0	1.1153846141405326	0.8	1.0	1.2499999984375	0.2181378795250267	0.0022338772338772	0.1881748171883702	0.7905694276912053	0.0409563592845775	0.0404735568493128	16.0	0.03125	0.5	0.0809471135367315	1.9999999997294946	3.4150374984072154	0.0	-2.0537593744395006	4.134651386941952	0.0	-1.033662846735488	-0.5865864640080815	0.13342763932709703	-0.5580912446720769	-0.7609661999572136	-0.14659795778732443	-0.6744907595374132	-0.4913630100688859	-0.3941162383091892	-0.3351287858939581	-4.134651386941952	355.0	332.0	271.0
intermediate	1	20403	64	64	1.0	16	0.03	0.03125	0.296875	0.0625	0.9032258064516128	1.0	1.107142855917092	0.8095238095238095	1.0	1.2352941161211073	0.215356620201105	0.0018453768453768	0.1897013039280348	0.7905694276912053	0.0407780416848415	0.0398232549284665	16.0	0.03125	0.5	0.07964650969764	1.9999999997294946	3.4150374984072154	0.0	-2.0537593744395006	4.134651386941952	0.0	-1.033662846735488	-0.5921436330458547	0.117403406279784	-0.5594704868087857	-0.7721558222297281	-0.12110266078083208	-0.6744907595374132	-0.4913630100688859	-0.3988456636224605	-0.33870484623556374	-4.134651386941952	356.0	333.0	271.0
intermediate	1	20644	64	32	0.5	32	0.05	0.0625	0.296875	0.125	0.9	1.0	1.1111111098765432	0.8	1.0	1.2499999984375	0.186643731124455	0.0038850038850038	0.3218362383838153	0.8944271838444985	0.059835349146655	0.0668979534558713	16.0	0.03125	1.0	0.0668979533889733	2.9999999996844102	4.415037498362131	0.6424479953566249	-3.0001265737046725	3.134651410025072	0.0	-0.783662852506268	-0.36077621501988183	-0.03966658780047952	-0.4120669691388388	-0.8876741345125589	-0.25495297006491036	-1.4254506784682557	0.2244582683855599	-0.39893075032115977	-0.4452277839958102	-3.134651410025072	357.0	362.0	181.0
intermediate	2	30695	64	64	1.0	32	0.05	0.046875	0.296875	0.09375	0.9	1.0	1.1111111098765432	0.8	1.0	1.2499999984375	0.2310290321747111	0.0002913752913752	0.2603646410205861	0.9682458468798096	0.0601342642818647	0.0727809394666343	32.0	0.046875	1.5	0.0485206262787424	2.9999999996844102	4.415037498362131	0.6424479953566249	-3.0001265737046725	3.5496889016095423	0.0	-0.8874222254023856	-0.310503031655885	-0.2660864733566751	-0.4097549351590656	-0.7091022376266897	-0.019121472754862694	-1.4254506784682557	-0.07263440630478776	-0.41393886291059157	-0.4940237918964162	-3.5496889016095423	358.0	376.0	241.0
intermediate	1	20504	64	128	2.0	16	0.03	0.03125	0.296875	0.0625	0.9047619047619048	1.0	1.10526315667313	0.8148148148148148	1.0	1.227272725766529	0.2737724862203722	0.0	0.1882577226444064	0.7905694276912053	0.0515397847785444	0.0500061822206263	32.0	0.0625	1.0	0.0500061821706201	1.9999999997294946	3.4150374984072154	0.0	-2.0537593744395006	4.134651386941952	0.0	-1.033662846735488	-0.5051252090678924	-0.24778351814405206	-0.4762310894568415	-0.5371358548878338	-0.0	-0.6744907595374132	-0.4913630100688859	-0.41395206565034576	-0.40626106308624726	-4.134651386941952	359.0	350.0	271.0
intermediate	2	30504	64	128	2.0	16	0.03	0.03125	0.28125	0.0625	0.9090909090909092	1.0	1.09999999879	0.8125	1.0	1.230769229254438	0.2693097587315798	9.712509712509713e-05	0.1884294928718756	0.7905694276912053	0.0507409725626498	0.0493713988799727	32.0	0.0625	1.0	0.0493713988306013	1.9999999997294946	3.4150374984072154	0.0	-2.0537593744395006	4.134651386941952	0.0	-1.033662846735488	-0.5105497637451777	-0.2556044362970527	-0.4824097026117444	-0.5550903960107169	-0.006373824251622898	-0.6744907595374132	-0.4913630100688859	-0.4207654717370064	-0.41125642386600225	-4.134651386941952	360.0	352.0	271.0
excessively_sparse	2	30246	64	128	2.0	2	0.01	0.0078125	0.3125	0.015625	0.8928571428571429	1.0	1.1199999987456	0.7916666666666666	1.0	1.2631578931412744	0.2275101457824918	0.0275835275835275	0.0518150604821041	0.3952847328192679	0.0114632848740957	0.005723698727955	4.0	0.015625	0.03125	0.183158353433493	0.9999999996393262	0.41503749903839454	0.0	-0.7037593745431943	6.134651248443239	1.356143625560322	-2.550770531281051	-0.8835421232620315	1.392732493681993	-0.7862128155559848	-0.7232594969696643	-1.8101660874608976	0.3967592703304354	-4.835274959557802	-0.43346379627948334	-0.220249101539099	-6.134651248443239	361.0	318.0	436.0
intermediate	1	21382	64	512	8.0	32	0.03	0.029296875	0.28125	0.05859375	0.9047619047619048	1.0	1.10526315667313	0.8	0.9655172413793104	1.2068965502155171	0.4237778269281437	0.0	0.1793206716240835	0.7654655576836884	0.0759921245441493	0.0702043926633288	256.0	0.234375	7.5	0.0093605856871957	2.9999999996844102	4.415037498362131	0.6424479953566249	-3.0001265737046725	4.227760788255684	0.0	-1.056940197063921	-0.3325209677263632	-0.7485620725518282	-0.2870983431896573	0.06636885499051216	-0.0	-1.4254506784682557	-0.5580127022918921	-0.4541581470200437	-0.6471283375975154	-4.227760788255684	362.0	394.0	361.0
intermediate	2	31382	64	512	8.0	32	0.03	0.029296875	0.28125	0.05859375	0.9047619047619048	1.0	1.10526315667313	0.8	0.9655172413793104	1.2068965502155171	0.4124346931354096	0.0	0.1778175187243803	0.7654655576836884	0.0733381137691897	0.0677525173447263	256.0	0.234375	7.5	0.0090336689780923	2.9999999996844102	4.415037498362131	0.6424479953566249	-3.0001265737046725	4.227760788255684	0.0	-1.056940197063921	-0.3534735209454681	-0.7525898859230333	-0.3076264542539766	0.020732915387325756	-0.0	-1.4254506784682557	-0.5580127022918921	-0.46925019108237837	-0.6556064089123459	-4.227760788255684	363.0	398.0	361.0
intermediate	3	41382	64	512	8.0	32	0.03	0.029296875	0.28125	0.05859375	0.9	1.0	1.1111111098765432	0.8	0.9655172413793104	1.2068965502155171	0.4075765545477787	0.0	0.1798323969917367	0.7654655576836884	0.0732954687619603	0.0677131202775878	256.0	0.234375	7.5	0.0090284160358079	2.9999999996844102	4.415037498362131	0.6424479953566249	-3.0001265737046725	4.227760788255684	0.0	-1.056940197063921	-0.35381018942923365	-0.7526546053778123	-0.30795630274329067	0.0011875478354550697	-0.0	-1.4254506784682557	-0.5580127022918921	-0.4713739004102433	-0.6557426357189299	-4.227760788255684	364.0	399.0	361.0
excessively_sparse	1	20482	64	256	4.0	4	0.01	0.01171875	0.3125	0.0234375	0.8947368421052632	1.0	1.1176470575743944	0.7931034482758621	1.0	1.2608695636275993	0.2695740673964599	9.712509712509713e-05	0.0826357456139687	0.4841229389318378	0.0222742904547327	0.0135965805815274	16.0	0.046875	0.1875	0.0725150960480658	0.0	1.4150374986777208	0.0	-0.3537593746694302	5.549688809277065	0.7711811863941476	-1.9658080921148768	-0.8162642422159749	0.029540037863625062	-0.7025923851605319	-0.5540270237110096	-0.006373824251622898	0.6744907594765952	-3.160360676688508	-0.4762987826827423	-0.2835369592224559	-5.549688809277065	365.0	322.0	391.0
excessively_sparse	3	40852	64	512	8.0	2	0.01	0.009765625	0.28125	0.01953125	0.9090909090909092	1.0	1.09999999879	0.8125	1.0	1.230769229254438	0.3305533923723252	0.0	0.0701492183743274	0.4419417608690086	0.0231880621059009	0.0126126436745958	16.0	0.078125	0.15625	0.0807209190007998	0.9999999996393262	0.41503749903839454	0.0	-0.7037593745431943	5.812723190488866	1.0342155676059483	-2.2288424733266776	-0.8246724961962288	0.1306407845994268	-0.6955245894606849	-0.3086936932142617	-0.0	0.3967592703304354	-3.9135031222194057	-0.4804176893177725	-0.3463942543234037	-5.812723190488866	366.0	336.0	406.0
excessively_sparse	1	20852	64	512	8.0	2	0.01	0.009765625	0.296875	0.01953125	0.8947368421052632	1.0	1.1176470575743944	0.8	1.0	1.2499999984375	0.3289699573766102	0.0	0.0689102096412113	0.4419417608690086	0.0226693887284825	0.012523186949958	16.0	0.078125	0.15625	0.0801483959667819	0.9999999996393262	0.41503749903839454	0.0	-0.7037593745431943	5.812723190488866	1.0342155676059483	-2.2288424733266776	-0.8254369505587977	0.12358695141339981	-0.6995363986056242	-0.3150642029120587	-0.0	0.3967592703304354	-3.9135031222194057	-0.4836838331198071	-0.34926506652346645	-5.812723190488866	367.0	338.0	406.0
excessively_sparse	3	41660	64	1024	16.0	2	0.01	0.009765625	0.265625	0.01953125	0.9166666666666666	1.0	1.0909090897190084	0.8235294117647058	1.0	1.2142857128112243	0.4437160297515999	0.0	0.0704806941607155	0.4419417608690086	0.0312734137871294	0.0167826762994049	32.0	0.15625	0.3125	0.0537045639862413	0.9999999996393262	0.41503749903839454	0.0	-0.7037593745431943	5.812723190488866	1.0342155676059483	-2.2288424733266776	-0.7890373927985095	-0.20221719707824898	-0.6329864118193882	0.14658466099909223	-0.0	0.3967592703304354	-3.9135031222194057	-0.49354106857228447	-0.42974390150096803	-5.812723190488866	368.0	355.0	406.0
excessively_sparse	2	30852	64	512	8.0	2	0.01	0.009765625	0.296875	0.01953125	0.8947368421052632	1.0	1.1176470575743944	0.8	1.0	1.2499999984375	0.3147530540804267	0.0	0.0698527481181477	0.4419417608690086	0.0219863658060977	0.0121458665091389	16.0	0.078125	0.15625	0.0777335451609945	0.9999999996393262	0.41503749903839454	0.0	-0.7037593745431943	5.812723190488866	1.0342155676059483	-2.2288424733266776	-0.828661350493385	0.09383451571902307	-0.704819410469208	-0.3722619537297883	-0.0	0.3967592703304354	-3.9135031222194057	-0.49839796688536	-0.3596281289982345	-5.812723190488866	369.0	341.0	406.0
intermediate	3	40978	64	256	4.0	32	0.03	0.03125	0.296875	0.0625	0.8947368421052632	1.0	1.1176470575743944	0.8	1.0	1.2499999984375	0.3367201244566061	0.0	0.1880840077446807	0.7905694276912053	0.0633316704960861	0.0625851030452921	128.0	0.125	4.0	0.0156462757574114	2.9999999996844102	4.415037498362131	0.6424479953566249	-3.0001265737046725	4.134651386941952	0.0	-1.033662846735488	-0.3976317708746569	-0.6711185347727331	-0.38502379597057435	-0.2838835641891116	-0.0	-1.4254506784682557	-0.4913630100688859	-0.5037885585641902	-0.6482737701994329	-4.134651386941952	370.0	395.0	271.0
intermediate	2	30978	64	256	4.0	32	0.03	0.03125	0.296875	0.0625	0.9	1.0	1.1111111098765432	0.8095238095238095	1.0	1.2352941161211073	0.336138162057145	0.0	0.1892702589680368	0.7905694276912053	0.0636209569815957	0.062131320779264	128.0	0.125	4.0	0.0155328301909328	2.9999999996844102	4.415037498362131	0.6424479953566249	-3.0001265737046725	4.134651386941952	0.0	-1.033662846735488	-0.40150957697952	-0.6725162533868095	-0.3827862371935049	-0.28622492781916464	-0.0	-1.4254506784682557	-0.4913630100688859	-0.5050411725240631	-0.649133013188068	-4.134651386941952	371.0	396.0	271.0
intermediate	1	20978	64	256	4.0	32	0.03	0.03125	0.296875	0.0625	0.9047619047619048	1.0	1.10526315667313	0.8	1.0	1.2499999984375	0.3314584189095238	0.0	0.187886626355679	0.7905694276912053	0.0622766041060978	0.0615424740064588	128.0	0.125	4.0	0.0153856184977682	2.9999999996844102	4.415037498362131	0.6424479953566249	-3.0001265737046725	4.134651386941952	0.0	-1.033662846735488	-0.4065415797292077	-0.6743299912888958	-0.3931844712166045	-0.30505257100363137	-0.0	-1.4254506784682557	-0.4913630100688859	-0.510639876833081	-0.6522432702120964	-4.134651386941952	372.0	397.0	271.0
excessively_sparse	2	31660	64	1024	16.0	2	0.01	0.009765625	0.296875	0.01953125	0.9047619047619048	1.0	1.10526315667313	0.8095238095238095	1.0	1.2352941161211073	0.4219345229159105	0.0	0.0704630443123077	0.4419417608690086	0.0297307909851162	0.0162308729517033	32.0	0.15625	0.3125	0.0519387932792465	0.9999999996393262	0.41503749903839454	0.0	-0.7037593745431943	5.812723190488866	1.0342155676059483	-2.2288424733266776	-0.793752840163014	-0.22397256982631686	-0.6449182142479447	0.05895283468169153	-0.0	0.3967592703304354	-3.9135031222194057	-0.5109935903627623	-0.43900337316257276	-5.812723190488866	373.0	360.0	406.0
excessively_sparse	3	40482	64	256	4.0	4	0.01	0.01171875	0.3125	0.0234375	0.9	1.0	1.1111111098765432	0.8095238095238095	1.0	1.2352941161211073	0.2462215419994343	9.712509712509713e-05	0.0831755711643085	0.4841229389318378	0.0204776283039317	0.0122463224280438	16.0	0.046875	0.1875	0.0653137192678939	0.0	1.4150374986777208	0.0	-0.3537593746694302	5.549688809277065	0.7711811863941476	-1.9658080921148768	-0.8278029022798646	-0.05918531901952192	-0.7164891185591606	-0.6479794056606244	-0.006373824251622898	0.6744907594765952	-3.160360676688508	-0.5127203433593013	-0.3145468083099723	-5.549688809277065	374.0	327.0	391.0
excessively_sparse	2	30482	64	256	4.0	4	0.01	0.01171875	0.265625	0.0234375	0.9090909090909092	1.0	1.09999999879	0.8125	1.0	1.230769229254438	0.2395177987023883	9.712509712509713e-05	0.082851897318414	0.4841229389318378	0.0198425766646382	0.0118230726388207	16.0	0.046875	0.1875	0.0630563870707434	0.0	1.4150374986777208	0.0	-0.3537593746694302	5.549688809277065	0.7711811863941476	-1.9658080921148768	-0.8314197924481326	-0.08699702932295289	-0.7214010845187537	-0.6749500497356526	-0.006373824251622898	0.6744907594765952	-3.160360676688508	-0.5239891013594693	-0.3243504943285941	-5.549688809277065	375.0	330.0	391.0
excessively_sparse	1	21660	64	1024	16.0	2	0.01	0.009765625	0.296875	0.01953125	0.9	1.0	1.1111111098765432	0.8	1.0	1.2499999984375	0.4073207359261702	0.0	0.0698994098162744	0.4419417608690086	0.0284714790471698	0.0157284194611536	32.0	0.15625	0.3125	0.0503309421146326	0.9999999996393262	0.41503749903839454	0.0	-0.7037593745431943	5.812723190488866	1.0342155676059483	-2.2288424733266776	-0.7980465672628358	-0.24378227743502584	-0.6546586778401395	0.00015833286026238288	-0.0	0.3967592703304354	-3.9135031222194057	-0.5245828974055405	-0.44726610040397907	-5.812723190488866	376.0	364.0	406.0
excessively_sparse	1	20246	64	128	2.0	2	0.01	0.0078125	0.28125	0.015625	0.9047619047619048	1.0	1.10526315667313	0.8095238095238095	1.0	1.2352941161211073	0.1958793794290714	0.0277777777777777	0.0525117847277557	0.3952847328192679	0.0100002542550417	0.0048830531973743	4.0	0.015625	0.03125	0.1562576973157314	0.9999999996393262	0.41503749903839454	0.0	-0.7037593745431943	6.134651248443239	1.356143625560322	-2.550770531281051	-0.8907258777067454	1.0612999930231073	-0.7975289923107296	-0.8505170758084004	-1.8229137359641436	0.3967592703304354	-4.835274959557802	-0.5308015292621231	-0.32408779398924376	-6.134651248443239	377.0	329.0	436.0
intermediate	2	30352	64	32	0.5	16	0.03	0.03125	0.28125	0.0625	0.9047619047619048	1.0	1.10526315667313	0.8	1.0	1.2499999984375	0.1793960436813049	0.0457459207459207	0.1876218073770234	0.7905694276912053	0.0321188658485021	0.0317402417002508	8.0	0.015625	0.25	0.1269609662931596	1.9999999997294946	3.4150374984072154	0.0	-2.0537593744395006	4.134651386941952	0.0	-1.033662846735488	-0.6612171962690649	0.7003463872286894	-0.6264470510981867	-0.9168331863638416	-3.002071222514382	-0.6744907595374132	-0.4913630100688859	-0.5352809488214095	-0.4757800054122993	-4.134651386941952	378.0	368.0	271.0
intermediate	3	40776	64	128	2.0	32	0.03	0.03125	0.28125	0.0625	0.9	1.0	1.1111111098765432	0.8	1.0	1.2499999984375	0.2796351698451005	0.0	0.187626244155776	0.7905694276912053	0.0524668966518987	0.0518484055087209	64.0	0.0625	2.0	0.0259242027413983	2.9999999996844102	4.415037498362131	0.6424479953566249	-3.0001265737046725	4.134651386941952	0.0	-1.033662846735488	-0.4893824503752207	-0.5444882017808528	-0.4690601104672947	-0.5135489801582004	-0.0	-1.4254506784682557	-0.4913630100688859	-0.5371805471126154	-0.6412402533764897	-4.134651386941952	379.0	393.0	271.0
excessively_sparse	3	40246	64	128	2.0	2	0.01	0.0078125	0.265625	0.015625	0.9090909090909092	1.0	1.09999999879	0.8125	1.0	1.230769229254438	0.1751737751098221	0.0228243978243978	0.0532382144476952	0.3952847328192679	0.0091130800629749	0.0044335525088247	4.0	0.015625	0.03125	0.1418736757424336	0.9999999996393262	0.41503749903839454	0.0	-0.7037593745431943	6.134651248443239	1.356143625560322	-2.550770531281051	-0.8945670954992666	0.8840800687692251	-0.8043910633015386	-0.9338203080038991	-1.4978486991313793	0.3967592703304354	-4.835274959557802	-0.5579701451162352	-0.3465448217892576	-6.134651248443239	380.0	337.0	436.0
excessively_sparse	3	40886	64	512	8.0	4	0.01	0.009765625	0.28125	0.01953125	0.9047619047619048	1.0	1.10526315667313	0.8	1.0	1.2499999984375	0.3467009048699156	0.0	0.0696218198284917	0.4419417608690086	0.0241379479332283	0.0133344590000511	32.0	0.078125	0.3125	0.0426702686636188	0.0	1.4150374986777208	0.0	-0.3537593746694302	5.812723190488866	1.0342155676059483	-2.2288424733266776	-0.818504207822745	-0.3381664496085894	-0.6881774596201525	-0.24372867397471423	-0.0	0.6744907594765952	-3.9135031222194057	-0.5611668003561775	-0.42915439960579993	-5.812723190488866	381.0	354.0	406.0
excessively_sparse	2	31694	64	1024	16.0	4	0.01	0.009765625	0.296875	0.01953125	0.9	1.0	1.1111111098765432	0.8	1.0	1.2499999984375	0.4205492628025439	0.0	0.0692152053063613	0.4419417608690086	0.0291084035663169	0.0160802738901294	64.0	0.15625	0.625	0.0257284381830416	0.0	1.4150374986777208	0.0	-0.3537593746694302	5.812723190488866	1.0342155676059483	-2.2288424733266776	-0.7950397876796492	-0.54690014061359	-0.649732225622236	0.053379626428713384	-0.0	0.6744907594765952	-3.9135031222194057	-0.5680618763973432	-0.48131483777899353	-5.812723190488866	382.0	372.0	406.0
intermediate	1	20776	64	128	2.0	32	0.03	0.03125	0.296875	0.0625	0.9	1.0	1.1111111098765432	0.8	1.0	1.2499999984375	0.2524182687902812	0.0	0.1901920932915922	0.7905694276912053	0.0480079589262633	0.0474420307068961	64.0	0.0625	2.0	0.0237210153415875	2.9999999996844102	4.415037498362131	0.6424479953566249	-3.0001265737046725	4.134651386941952	0.0	-1.033662846735488	-0.5270372209249644	-0.5716328151368559	-0.5035488810948819	-0.623048601287526	-0.0	-1.4254506784682557	-0.4913630100688859	-0.5713965308978827	-0.6620879070873774	-4.134651386941952	383.0	403.0	271.0
excessively_sparse	1	21694	64	1024	16.0	4	0.01	0.009765625	0.3125	0.01953125	0.8947368421052632	1.0	1.1176470575743944	0.8	1.0	1.2499999984375	0.4129537998501968	0.0	0.0698704867162486	0.4419417608690086	0.0288532829868575	0.0159393383426553	64.0	0.15625	0.625	0.0255029413074439	0.0	1.4150374986777208	0.0	-0.3537593746694302	5.812723190488866	1.0342155676059483	-2.2288424733266776	-0.7962441554289024	-0.5496783997401682	-0.6517055196417434	0.022821396676227842	-0.0	0.6744907594765952	-3.9135031222194057	-0.5724768974562726	-0.48268518316974374	-5.812723190488866	384.0	373.0	406.0
excessively_sparse	3	40332	64	32	0.5	16	0.01	0.03125	0.3125	0.0625	0.9	1.0	1.1111111098765432	0.8	1.0	1.2499999984375	0.1523710602003639	0.0381701631701631	0.1892876555805872	0.7905694276912053	0.0277410584151592	0.0274140408092583	8.0	0.015625	0.25	0.1096561627984088	1.9999999997294946	3.4150374984072154	0.0	-2.0537593744395006	4.134651386941952	0.0	-1.033662846735488	-0.6981868389410767	0.4871406471691002	-0.6603082991600877	-1.0255606805862352	-2.504912930887794	-0.6744907595374132	-0.4913630100688859	-0.5739969371271287	-0.5024990140112048	-4.134651386941952	385.0	377.0	271.0
excessively_sparse	3	41694	64	1024	16.0	4	0.01	0.009765625	0.296875	0.01953125	0.9	1.0	1.1111111098765432	0.8	1.0	1.2499999984375	0.3924475566163141	0.0	0.0703095747388815	0.4419417608690086	0.0275928208130061	0.0152430247527499	64.0	0.15625	0.625	0.0243888395653777	0.0	1.4150374986777208	0.0	-0.3537593746694302	5.812723190488866	1.0342155676059483	-2.2288424733266776	-0.802194518173283	-0.5634048131311642	-0.6614548800216343	-0.05967976171698151	-0.0	0.6744907594765952	-3.9135031222194057	-0.5874423389462395	-0.4894555837929023	-5.812723190488866	386.0	375.0	406.0
intermediate	2	30776	64	128	2.0	32	0.03	0.03125	0.296875	0.0625	0.9	1.0	1.1111111098765432	0.8095238095238095	1.0	1.2352941161211073	0.2435014978148167	0.0	0.1883823500608919	0.7905694276912053	0.0458713844017023	0.0447973409088385	64.0	0.0625	2.0	0.0223986704432199	2.9999999996844102	4.415037498362131	0.6424479953566249	-3.0001265737046725	4.134651386941952	0.0	-1.033662846735488	-0.5496374744213003	-0.5879249113028717	-0.5200747518830481	-0.6589227458693699	-0.0	-1.4254506784682557	-0.4913630100688859	-0.5881967761567548	-0.6739744672546744	-4.134651386941952	387.0	409.0	271.0
excessively_sparse	1	20886	64	512	8.0	4	0.01	0.009765625	0.296875	0.01953125	0.9047619047619048	1.0	1.10526315667313	0.8	1.0	1.2499999984375	0.3137757354088309	0.0	0.0707051527567805	0.4419417608690086	0.0221855613034525	0.012255907520074	32.0	0.078125	0.3125	0.0392189039387364	0.0	1.4150374986777208	0.0	-0.3537593746694302	5.812723190488866	1.0342155676059483	-2.2288424733266776	-0.8277209926699637	-0.38068936936363457	-0.7032786830042739	-0.376193923208856	-0.0	0.6744907594765952	-3.9135031222194057	-0.5899177459871656	-0.44601981600937546	-5.812723190488866	388.0	363.0	406.0
excessively_sparse	2	30886	64	512	8.0	4	0.01	0.009765625	0.296875	0.01953125	0.9047619047619048	1.0	1.10526315667313	0.8076923076923077	1.0	1.2380952365623583	0.3071359609593633	0.0	0.0701020540785868	0.4419417608690086	0.021530861744652	0.0117809552598867	32.0	0.078125	0.3125	0.0376990567110004	0.0	1.4150374986777208	0.0	-0.3537593746694302	5.812723190488866	1.0342155676059483	-2.2288424733266776	-0.8317797074147983	-0.39941481476180174	-0.7083426207183254	-0.4029072064418176	-0.0	0.6744907594765952	-3.9135031222194057	-0.5991311301231048	-0.45320878323490027	-5.812723190488866	389.0	365.0	406.0
intermediate	2	30675	64	64	1.0	32	0.03	0.03125	0.296875	0.0625	0.9	1.0	1.1111111098765432	0.8	1.0	1.2499999984375	0.1854697007201928	0.0021367521367521	0.191278866144656	0.7905694276912053	0.0354006297116695	0.0349833194200994	32.0	0.03125	1.0	0.034983319385116	2.9999999996844102	4.415037498362131	0.6424479953566249	-3.0001265737046725	4.134651386941952	0.0	-1.033662846735488	-0.6335034059293705	-0.4328743560127769	-0.6010634265456468	-0.8923975188612063	-0.14022413353570135	-1.4254506784682557	-0.4913630100688859	-0.6236104731306993	-0.6704032015222198	-4.134651386941952	390.0	405.0	271.0
intermediate	3	40675	64	64	1.0	32	0.03	0.03125	0.296875	0.0625	0.9	1.0	1.1111111098765432	0.8076923076923077	1.0	1.2380952365623583	0.1791490497617343	0.001068376068376	0.1904425321533064	0.7905694276912053	0.0340811482435544	0.0333586361687519	32.0	0.03125	1.0	0.0333586361353933	2.9999999996844102	4.415037498362131	0.6424479953566249	-3.0001265737046725	4.134651386941952	0.0	-1.033662846735488	-0.647387171563689	-0.45289144518253377	-0.6112692864390341	-0.9178268976081804	-0.07011206676784738	-1.4254506784682557	-0.4913630100688859	-0.6310730562231288	-0.6737047537072334	-4.134651386941952	391.0	407.0	271.0
intermediate	1	20352	64	32	0.5	16	0.03	0.03125	0.296875	0.0625	0.9	1.0	1.1111111098765432	0.8086080586080586	1.0	1.2366930902033195	0.1529894022137506	0.0466200466200466	0.1851640379653754	0.7905694276912053	0.0270074764830794	0.026404986906711	8.0	0.015625	0.25	0.1056199472043642	1.9999999997294946	3.4150374984072154	0.0	-2.0537593744395006	4.134651386941952	0.0	-1.033662846735488	-0.706809730747059	0.4374120077754562	-0.6659823723472025	-1.023072953711753	-3.05943564077899	-0.6744907595374132	-0.4913630100688859	-0.6334805975648066	-0.5754455661576813	-4.134651386941952	392.0	386.0	271.0
excessively_sparse	1	20332	64	32	0.5	16	0.01	0.03125	0.3125	0.0625	0.8888888888888888	1.0	1.124999998734375	0.7931034482758621	1.0	1.2608695636275993	0.1469719445520471	0.0467171717171717	0.1850285096035412	0.7905694276912053	0.0259235730931435	0.0258407454445821	8.0	0.015625	0.25	0.1033629813648767	1.9999999997294946	3.4150374984072154	0.0	-2.0537593744395006	4.134651386941952	0.0	-1.033662846735488	-0.7116314682856627	0.40960481122201897	-0.6743660945918626	-1.0472825186725523	-3.0658094650306125	-0.6744907595374132	-0.4913630100688859	-0.645944343688689	-0.5866470133932944	-4.134651386941952	393.0	387.0	271.0
intermediate	3	40352	64	32	0.5	16	0.03	0.03125	0.28125	0.0625	0.9090909090909092	1.0	1.09999999879	0.8125	1.0	1.230769229254438	0.1654636110420569	0.0526418026418026	0.1787191717880887	0.7905694276912053	0.0280148214317704	0.0272586600848337	8.0	0.015625	0.25	0.1090346399031965	1.9999999997294946	3.4150374984072154	0.0	-2.0537593744395006	4.134651386941952	0.0	-1.033662846735488	-0.6995146482603471	0.4794831057888753	-0.6581908105412319	-0.9728864487222088	-3.4546127443796077	-0.6744907595374132	-0.4913630100688859	-0.6465339476093268	-0.5997141963454793	-4.134651386941952	394.0	389.0	271.0
excessively_sparse	2	30550	64	256	4.0	8	0.01	0.01171875	0.3125	0.0234375	0.8888888888888888	1.0	1.124999998734375	0.7916666666666666	1.0	1.2631578931412744	0.2596363173685369	0.0	0.0827861912193426	0.4841229389318378	0.0214943018171576	0.0131442752246728	32.0	0.046875	0.375	0.0350514005056572	0.9999999998196631	2.4150374984973837	0.0	-1.2037593745161437	5.549688809277065	0.7711811863941476	-1.9658080921148768	-0.8201294273617612	-0.432035555058263	-0.7086254026343559	-0.5940087931543325	-0.0	0.0	-3.160360676688508	-0.646692651732434	-0.5579483962194101	-5.549688809277065	395.0	383.0	391.0
intermediate	1	20675	64	64	1.0	32	0.03	0.03125	0.28125	0.0625	0.9090909090909092	1.0	1.09999999879	0.8136574074074074	1.0	1.2290184906659003	0.1644533018212548	0.0013597513597513	0.1903132623864631	0.7905694276912053	0.0312550873653262	0.0303682069081245	32.0	0.03125	1.0	0.0303682068777563	2.9999999996844102	4.415037498362131	0.6424479953566249	-3.0001265737046725	4.134651386941952	0.0	-1.033662846735488	-0.6729419490663953	-0.4897353586753247	-0.6331281621188735	-0.9769511464877063	-0.08923353952271663	-1.4254506784682557	-0.4913630100688859	-0.6584476734928696	-0.6950598618830746	-4.134651386941952	396.0	411.0	271.0
excessively_sparse	1	20550	64	256	4.0	8	0.01	0.01171875	0.296875	0.0234375	0.9	1.0	1.1111111098765432	0.8	1.0	1.2499999984375	0.2412377849503165	0.0	0.0830554803396292	0.4841229389318378	0.0200361201051167	0.0121249316724443	32.0	0.046875	0.375	0.0323331510402964	0.9999999998196631	2.4150374984973837	0.0	-1.2037593745161437	5.549688809277065	0.7711811863941476	-1.9658080921148768	-0.8288402495901902	-0.46552604740072906	-0.7199040743033474	-0.6680301641058947	-0.0	0.0	-3.160360676688508	-0.6666016981141606	-0.5714295091181842	-5.549688809277065	397.0	385.0	391.0
excessively_sparse	2	31762	64	1024	16.0	8	0.01	0.009765625	0.28125	0.01953125	0.9047619047619048	1.0	1.10526315667313	0.8	1.0	1.2499999984375	0.3939750028652968	0.0	0.0696169639827102	0.4419417608690086	0.0274273435845615	0.015151610630711	128.0	0.15625	1.25	0.0121212884948717	0.9999999998196631	2.4150374984973837	0.0	-1.2037593745161437	5.812723190488866	1.0342155676059483	-2.2288424733266776	-0.802975699517402	-0.7145485291230518	-0.6627348050905814	-0.05353450714805987	-0.0	0.0	-3.9135031222194057	-0.6775106833742919	-0.6700450755149534	-5.812723190488866	398.0	404.0	406.0
excessively_sparse	1	21762	64	1024	16.0	8	0.01	0.009765625	0.296875	0.01953125	0.9047619047619048	1.0	1.10526315667313	0.8181818181818182	1.0	1.222222220728395	0.3920452565011429	0.0	0.070488000487338	0.4419417608690086	0.0276344862313111	0.0149267964888157	128.0	0.15625	1.25	0.0119414371814994	0.9999999998196631	2.4150374984973837	0.0	-1.2037593745161437	5.812723190488866	1.0342155676059483	-2.2288424733266776	-0.8048968535975994	-0.7167644070658358	-0.6611326084082045	-0.06129830418450196	-0.0	0.0	-3.9135031222194057	-0.6790684015238316	-0.6708537402114716	-5.812723190488866	399.0	406.0	406.0
excessively_sparse	3	40247	64	64	1.0	8	0.01	0.015625	0.28125	0.03125	0.9090909090909092	1.0	1.09999999879	0.8125	1.0	1.230769229254438	0.1383134429838766	0.0272921522921522	0.1042616654730374	0.559017012263491	0.0140272155280625	0.0096510179756585	8.0	0.015625	0.125	0.0772081431876031	0.9999999998196631	2.4150374984973837	0.0	-1.2037593745161437	5.134651340775713	0.35614371789279564	-1.550770623613525	-0.849981132243604	0.0873612427575786	-0.7663814517490144	-1.082117588225574	-1.7910446147060282	0.0	-1.9719900440206681	-0.6853516098410792	-0.5364490350554356	-5.134651340775713	400.0	378.0	376.0
excessively_sparse	3	41762	64	1024	16.0	8	0.01	0.009765625	0.28125	0.01953125	0.9	1.0	1.1111111098765432	0.8076923076923077	1.0	1.2380952365623583	0.3805358519281954	0.0	0.0698691695752389	0.4419417608690086	0.0265877239678291	0.0145478982793159	128.0	0.15625	1.25	0.011638318614142	0.9999999998196631	2.4150374984973837	0.0	-1.2037593745161437	5.812723190488866	1.0342155676059483	-2.2288424733266776	-0.8081347363883495	-0.7204990128068858	-0.6692290533079144	-0.10760318796327895	-0.0	0.0	-3.9135031222194057	-0.6869591625429192	-0.6738361652268932	-5.812723190488866	401.0	408.0	406.0
excessively_sparse	2	30247	64	64	1.0	8	0.01	0.015625	0.296875	0.03125	0.9047619047619048	1.0	1.10526315667313	0.8076923076923077	1.0	1.2380952365623583	0.1326117250694473	0.0273892773892773	0.1024817844843235	0.559017012263491	0.0132180581093449	0.0091484334723634	8.0	0.015625	0.125	0.073187467193408	0.9999999998196631	2.4150374984973837	0.0	-1.2037593745161437	5.134651340775713	0.35614371789279564	-1.550770623613525	-0.8542759789156567	0.03782406071779282	-0.7726400824662185	-1.1050568622508858	-1.7974184389576515	0.0	-1.9719900440206681	-0.7023734774705604	-0.5537453360345249	-5.134651340775713	402.0	380.0	376.0
excessively_sparse	1	20247	64	64	1.0	8	0.01	0.015625	0.28125	0.03125	0.9047619047619048	1.0	1.10526315667313	0.8	1.0	1.2499999984375	0.1349150476983356	0.0288461538461538	0.1022137040341679	0.559017012263491	0.0133923734834089	0.0093582057530673	8.0	0.015625	0.125	0.0748656454256132	0.9999999998196631	2.4150374984973837	0.0	-1.2037593745161437	5.134651340775713	0.35614371789279564	-1.550770623613525	-0.8524833653834781	0.05850024071935925	-0.77129179654637	-1.0957900851591857	-1.8930258027319975	0.0	-1.9719900440206681	-0.7033884824083794	-0.5565424528170766	-5.134651340775713	403.0	382.0	376.0
excessively_sparse	3	40550	64	256	4.0	8	0.01	0.01171875	0.28125	0.0234375	0.9090909090909092	1.0	1.09999999879	0.8125	1.0	1.230769229254438	0.2043462264398133	0.0	0.0842158979351686	0.4841229389318378	0.0172092009492921	0.0102539925292134	32.0	0.046875	0.375	0.0273439800049851	0.9999999998196631	2.4150374984973837	0.0	-1.2037593745161437	5.549688809277065	0.7711811863941476	-1.9658080921148768	-0.844828400239953	-0.5269956794130244	-0.7417695885462209	-0.816453074988879	-0.0	0.0	-3.160360676688508	-0.7046091756310607	-0.5963478559882565	-5.549688809277065	404.0	388.0	391.0
excessively_sparse	2	30954	64	512	8.0	8	0.01	0.009765625	0.28125	0.01953125	0.9047619047619048	1.0	1.10526315667313	0.8	1.0	1.2499999984375	0.3118887995198617	0.0	0.0695294370472885	0.4419417608690086	0.0216854526519706	0.0119796338978422	64.0	0.078125	0.625	0.0191674142058796	0.9999999998196631	2.4150374984973837	0.0	-1.2037593745161437	5.812723190488866	1.0342155676059483	-2.2288424733266776	-0.8300818948450978	-0.6277359601606805	-0.7071468986267231	-0.38378548422167263	-0.0	0.0	-3.9135031222194057	-0.7052846760589443	-0.6560843579222024	-5.812723190488866	405.0	400.0	406.0
excessively_sparse	1	20954	64	512	8.0	8	0.01	0.009765625	0.28125	0.01953125	0.9047619047619048	1.0	1.10526315667313	0.8	1.0	1.2499999984375	0.3090915317852031	0.0	0.0686180709889729	0.4419417608690086	0.0212092646701274	0.0117165747041705	64.0	0.078125	0.625	0.0187465194966783	0.9999999998196631	2.4150374984973837	0.0	-1.2037593745161437	5.812723190488866	1.0342155676059483	-2.2288424733266776	-0.8323298728370304	-0.6329216398472282	-0.7108300938386641	-0.39503951187623426	-0.0	0.0	-3.9135031222194057	-0.7089470509250625	-0.6586421367083445	-5.812723190488866	406.0	401.0	406.0
excessively_sparse	3	40954	64	512	8.0	8	0.01	0.009765625	0.296875	0.01953125	0.9	1.0	1.1111111098765432	0.8076923076923077	1.0	1.2380952365623583	0.2997427896409039	0.0	0.0701592484422815	0.4419417608690086	0.0210297288471987	0.0115067523824463	64.0	0.078125	0.625	0.0184108037824568	0.9999999998196631	2.4150374984973837	0.0	-1.2037593745161437	5.812723190488866	1.0342155676059483	-2.2288424733266776	-0.8341229139958232	-0.6370578623314614	-0.712218758627774	-0.4326515721462354	-0.0	0.0	-3.9135031222194057	-0.7144529615347803	-0.6604499114037394	-5.812723190488866	407.0	402.0	406.0
excessively_sparse	2	30332	64	32	0.5	16	0.01	0.03125	0.296875	0.0625	0.9047619047619048	1.0	1.10526315667313	0.8076923076923077	1.0	1.2380952365623583	0.1187610474230906	0.0458430458430458	0.1850052869524912	0.7905694276912053	0.0209641847670153	0.0205197491357885	8.0	0.015625	0.25	0.0820789962148382	1.9999999997294946	3.4150374984072154	0.0	-2.0537593744395006	4.134651386941952	0.0	-1.033662846735488	-0.7571021565758829	0.14737312470169683	-0.7127257257321686	-1.160781206165195	-3.008445046766005	-0.6744907595374132	-0.4913630100688859	-0.7352771900681787	-0.6744281598520203	-4.134651386941952	408.0	410.0	271.0
excessively_sparse	3	40280	64	128	2.0	4	0.01	0.0078125	0.3125	0.015625	0.896551724137931	1.0	1.1153846141405326	0.8	1.0	1.2499999984375	0.1877217179858579	0.0261266511266511	0.052856884699088	0.3952847328192679	0.0096631465065477	0.0047746178503244	8.0	0.015625	0.0625	0.0763938843828889	0.0	1.4150374986777208	0.0	-0.3537593746694302	6.134651248443239	1.356143625560322	-2.550770531281051	-0.8916525142949345	0.07732907734687107	-0.8001364366236988	-0.8833371546092166	-1.7145587236865578	0.6744907594765952	-4.835274959557802	-0.7400784350116293	-0.5534737135997072	-6.134651248443239	409.0	379.0	436.0
excessively_sparse	1	20280	64	128	2.0	4	0.01	0.0078125	0.296875	0.015625	0.9	1.0	1.1111111098765432	0.8	1.0	1.2499999984375	0.1788453671672981	0.0249611499611499	0.053614979652391	0.3952847328192679	0.0093494434784511	0.004619615328461	8.0	0.015625	0.0625	0.0739138440727546	0.0	1.4150374986777208	0.0	-0.3537593746694302	6.134651248443239	1.356143625560322	-2.550770531281051	-0.8929770916760916	0.04677346717422807	-0.8025628512647918	-0.9190486799472996	-1.6380728326670808	0.6744907594765952	-4.835274959557802	-0.7456716990074344	-0.5556206852219479	-6.134651248443239	410.0	381.0	436.0
excessively_sparse	2	30280	64	128	2.0	4	0.01	0.0078125	0.265625	0.015625	0.9090909090909092	1.0	1.09999999879	0.8125	1.0	1.230769229254438	0.1614596565163922	0.0212703962703962	0.0543637185694785	0.3952847328192679	0.0085908454172505	0.0041794831154092	8.0	0.015625	0.0625	0.0668717287766003	0.0	1.4150374986777208	0.0	-0.3537593746694302	6.134651248443239	1.356143625560322	-2.550770531281051	-0.8967382509599441	-0.03998969102961791	-0.8084304179681485	-0.9889952446022489	-1.39586751110541	0.6744907594765952	-4.835274959557802	-0.7562223743230017	-0.5590614673892086	-6.134651248443239	411.0	384.0	436.0
intermediate	2	30624	64	32	0.5	32	0.03	0.03125	0.296875	0.0625	0.9	1.0	1.1111111098765432	0.8	1.0	1.2499999984375	0.1712210490347407	0.0392385392385392	0.1895487029773283	0.7905694276912053	0.0311812516579929	0.0308136803089265	16.0	0.015625	0.5	0.0616273604945984	2.9999999996844102	4.415037498362131	0.6424479953566249	-3.0001265737046725	4.134651386941952	0.0	-1.033662846735488	-0.6691351465478562	-0.10460350886629098	-0.6336992628901857	-0.9497230004808143	-2.575024997655648	-1.4254506784682557	-0.4913630100688859	-0.7611934250222921	-0.8274237573656467	-4.134651386941952	412.0	420.0	271.0
excessively_sparse	2	31898	64	1024	16.0	16	0.01	0.009765625	0.296875	0.01953125	0.9	1.0	1.1111111098765432	0.8	1.0	1.2499999984375	0.3696886377110076	0.0	0.0700355256846138	0.4419417608690086	0.0258913380817191	0.0143030794109833	256.0	0.15625	2.5	0.0057212317621048	1.9999999997294946	3.4150374984072154	0.0	-2.0537593744395006	5.812723190488866	1.0342155676059483	-2.2288424733266776	-0.810226841288163	-0.7934011339819764	-0.674615424361328	-0.15124393327437605	-0.0	-0.6744907595374132	-3.9135031222194057	-0.764334343080606	-0.8318313301248778	-5.812723190488866	413.0	421.0	406.0
excessively_sparse	2	30686	64	256	4.0	16	0.01	0.01171875	0.296875	0.0234375	0.9047619047619048	1.0	1.10526315667313	0.8076923076923077	1.0	1.2380952365623583	0.2466973282119247	0.0001942501942501	0.0831204821005694	0.4841229389318378	0.0205016176369485	0.0122884708402458	64.0	0.046875	0.75	0.0163846277651483	1.9999999997294946	3.4150374984072154	0.0	-2.0537593744395006	5.549688809277065	0.7711811863941476	-1.9658080921148768	-0.8274427221177402	-0.6620215874261896	-0.716303567054557	-0.6460652123473842	-0.01274764850323961	-0.6744907595374132	-3.160360676688508	-0.765503806190604	-0.7657315063018204	-5.549688809277065	414.0	412.0	391.0
excessively_sparse	1	20686	64	256	4.0	16	0.01	0.01171875	0.296875	0.0234375	0.9047619047619048	1.0	1.10526315667313	0.8095238095238095	1.0	1.2352941161211073	0.2446441424403953	9.712509712509713e-05	0.0819951568637157	0.4841229389318378	0.0200576865412077	0.0119951828843921	64.0	0.046875	0.75	0.0159935771578647	1.9999999997294946	3.4150374984072154	0.0	-2.0537593744395006	5.549688809277065	0.7711811863941476	-1.9658080921148768	-0.8299490206464312	-0.6668395695634581	-0.7197372633018568	-0.6543256334599039	-0.006373824251622898	-0.6744907595374132	-3.160360676688508	-0.7682960869872185	-0.7675558326606726	-5.549688809277065	415.0	413.0	391.0
excessively_sparse	3	41898	64	1024	16.0	16	0.01	0.009765625	0.3125	0.01953125	0.8947368421052632	1.0	1.1176470575743944	0.8	1.0	1.2499999984375	0.3574576884465548	0.0	0.0697983825770198	0.4419417608690086	0.0249499684932898	0.0137830412447096	256.0	0.15625	2.5	0.0055132164956785	1.9999999997294946	3.4150374984072154	0.0	-2.0537593744395006	5.812723190488866	1.0342155676059483	-2.2288424733266776	-0.81467083861223	-0.7959640090146554	-0.6818966832191198	-0.20045175115974237	-0.0	-0.6744907595374132	-3.9135031222194057	-0.7724251607221269	-0.8345811809281635	-5.812723190488866	416.0	424.0	406.0
excessively_sparse	1	21898	64	1024	16.0	16	0.01	0.009765625	0.28125	0.01953125	0.9047619047619048	1.0	1.10526315667313	0.8	1.0	1.2499999984375	0.3527212273238191	0.0	0.0704274795490164	0.4419417608690086	0.0248412670238522	0.0137229915962693	256.0	0.15625	2.5	0.005489196636312	1.9999999997294946	3.4150374984072154	0.0	-2.0537593744395006	5.812723190488866	1.0342155676059483	-2.2288424733266776	-0.8151839941732766	-0.796259948341208	-0.6827374619599309	-0.2195075833203807	-0.0	-0.6744907595374132	-3.9135031222194057	-0.7746967931070022	-0.8348987106494603	-5.812723190488866	417.0	425.0	406.0
excessively_sparse	3	40686	64	256	4.0	16	0.01	0.01171875	0.296875	0.0234375	0.8888888888888888	1.0	1.124999998734375	0.7916666666666666	1.0	1.2631578931412744	0.2268047344088268	0.0002913752913752	0.0830806874781494	0.4841229389318378	0.0188376028461959	0.0115196408094461	64.0	0.046875	0.75	0.0153595210587821	1.9999999997294946	3.4150374984072154	0.0	-2.0537593744395006	5.549688809277065	0.7711811863941476	-1.9658080921148768	-0.8340127756659599	-0.6746515276642947	-0.7291743062239409	-0.7260975231652643	-0.019121472754862694	-0.6744907595374132	-3.160360676688508	-0.7812044769136578	-0.7734024923834659	-5.549688809277065	418.0	416.0	391.0
excessively_sparse	2	30383	64	64	1.0	16	0.01	0.015625	0.3125	0.03125	0.9	1.0	1.1111111098765432	0.8	1.0	1.2499999984375	0.1947176193964004	0.0309829059829059	0.1025308860829226	0.559017012263491	0.0193460096557392	0.0135184356293169	16.0	0.015625	0.25	0.0540737423009727	1.9999999997294946	3.4150374984072154	0.0	-2.0537593744395006	5.134651340775713	0.35614371789279564	-1.550770623613525	-0.8169320315842077	-0.19766869493373543	-0.7252419064196033	-0.8551910937344106	-2.033249936267699	-0.6744907595374132	-1.9719900440206681	-0.7877429655818801	-0.7682959484951887	-5.134651340775713	419.0	414.0	376.0
excessively_sparse	3	40383	64	64	1.0	16	0.01	0.015625	0.296875	0.03125	0.9	1.0	1.1111111098765432	0.8	1.0	1.2499999984375	0.1781996895798263	0.0295260295260295	0.1027706148857893	0.559017012263491	0.0177729610695795	0.0124192344797155	16.0	0.015625	0.25	0.0496769377201544	1.9999999997294946	3.4150374984072154	0.0	-2.0537593744395006	5.134651340775713	0.35614371789279564	-1.550770623613525	-0.8263252786269046	-0.25184001070944556	-0.7374090446961041	-0.9216463838907961	-1.9376425724933592	-0.6744907595374132	-1.9719900440206681	-0.8045612153434671	-0.7786903270004822	-5.134651340775713	420.0	417.0	376.0
excessively_sparse	3	41090	64	512	8.0	16	0.01	0.009765625	0.28125	0.01953125	0.9090909090909092	1.0	1.09999999879	0.8125	1.0	1.230769229254438	0.2873380479422338	0.0	0.0694311470025127	0.4419417608690086	0.0199502102460923	0.0108514843507858	128.0	0.078125	1.25	0.0086811874736837	1.9999999997294946	3.4150374984072154	0.0	-2.0537593744395006	5.812723190488866	1.0342155676059483	-2.2288424733266776	-0.8397225210402671	-0.7569326731744199	-0.7205685656250149	-0.48255859548719754	-0.0	-0.6744907595374132	-3.9135031222194057	-0.8052437344661274	-0.8336828990225845	-5.812723190488866	421.0	422.0	406.0
excessively_sparse	1	21090	64	512	8.0	16	0.01	0.009765625	0.296875	0.01953125	0.9047619047619048	1.0	1.10526315667313	0.8076923076923077	1.0	1.2380952365623583	0.2795948985716636	0.0	0.0704388913130441	0.4419417608690086	0.019694354672171	0.0107760810513224	128.0	0.078125	1.25	0.0086208648341612	1.9999999997294946	3.4150374984072154	0.0	-2.0537593744395006	5.812723190488866	1.0342155676059483	-2.2288424733266776	-0.840366881556039	-0.757675884907835	-0.7225475446432752	-0.5137110004107948	-0.0	-0.6744907595374132	-3.9135031222194057	-0.8090739829422097	-0.8343315814985025	-5.812723190488866	422.0	423.0	406.0
excessively_sparse	1	20383	64	64	1.0	16	0.01	0.015625	0.3125	0.03125	0.9	1.0	1.1111111098765432	0.8	1.0	1.2499999984375	0.1374846984756119	0.0214646464646464	0.1049465653669466	0.559017012263491	0.0141188432374147	0.0098658419416629	16.0	0.015625	0.25	0.0394633676087981	1.9999999997294946	3.4150374984072154	0.0	-2.0537593744395006	5.134651340775713	0.35614371789279564	-1.550770623613525	-0.8481453494261433	-0.37767742775395385	-0.7656727342818896	-1.0854518109383369	-1.4086151596086562	-0.6744907595374132	-1.9719900440206681	-0.8200176290573552	-0.7721423784230799	-5.134651340775713	423.0	415.0	376.0
excessively_sparse	2	31090	64	512	8.0	16	0.01	0.009765625	0.296875	0.01953125	0.9	1.0	1.1111111098765432	0.8095238095238095	1.0	1.2352941161211073	0.2441422570748869	0.0	0.0705208225750202	0.4419417608690086	0.017217112794243	0.0093993049326673	128.0	0.078125	1.25	0.0075194439401183	1.9999999997294946	3.4150374984072154	0.0	-2.0537593744395006	5.812723190488866	1.0342155676059483	-2.2288424733266776	-0.8521321514610991	-0.7712460625121483	-0.7417083923998419	-0.6563448294463549	-0.0	-0.6744907595374132	-3.9135031222194057	-0.8333374366403996	-0.8436298159242935	-5.812723190488866	424.0	426.0	406.0
excessively_sparse	2	30604	64	32	0.5	32	0.01	0.03125	0.28125	0.0625	0.9047619047619048	1.0	1.10526315667313	0.8	1.0	1.2499999984375	0.136354507086231	0.0397241647241647	0.1894100379492086	0.7905694276912053	0.0248009598407739	0.0245086007537558	16.0	0.015625	0.5	0.0490172014094772	2.9999999996844102	4.415037498362131	0.6424479953566249	-3.0001265737046725	4.134651386941952	0.0	-1.033662846735488	-0.7230153393652063	-0.25996836468958656	-0.6830492279628153	-1.089998821220351	-2.6068941189137638	-1.4254506784682557	-0.4913630100688859	-0.8390275498964174	-0.8953986595628114	-4.134651386941952	425.0	428.0	271.0
excessively_sparse	3	42170	64	1024	16.0	32	0.01	0.009765625	0.28125	0.01953125	0.9047619047619048	1.0	1.10526315667313	0.8	1.0	1.2499999984375	0.3295567783767544	0.0	0.070253234682044	0.4419417608690086	0.0231524296923605	0.0127900319173096	512.0	0.15625	5.0	0.0025580063829503	2.9999999996844102	4.415037498362131	0.6424479953566249	-3.0001265737046725	5.812723190488866	1.0342155676059483	-2.2288424733266776	-0.8231566211565378	-0.8323740011481645	-0.6958001972877322	-0.3127032920553416	-0.0	-1.4254506784682557	-3.9135031222194057	-0.8573441580829527	-0.9994788459735381	-5.812723190488866	426.0	438.0	406.0
excessively_sparse	1	20958	64	256	4.0	32	0.01	0.01171875	0.296875	0.0234375	0.9	1.0	1.1111111098765432	0.8	1.0	1.2499999984375	0.2270127205098241	9.712509712509713e-05	0.0820683250085454	0.4841229389318378	0.018628744233534	0.0112732529945934	128.0	0.046875	1.5	0.0075155019913852	2.9999999996844102	4.415037498362131	0.6424479953566249	-3.0001265737046725	5.549688809277065	0.7711811863941476	-1.9658080921148768	-0.8361182880319731	-0.7712946297262847	-0.7307897754744485	-0.725260749014765	-0.006373824251622898	-1.4254506784682557	-3.160360676688508	-0.8642524535552686	-0.9519760647986861	-5.549688809277065	427.0	432.0	391.0
excessively_sparse	2	32170	64	1024	16.0	32	0.01	0.009765625	0.28125	0.01953125	0.9090909090909092	1.0	1.09999999879	0.8095238095238095	1.0	1.2352941161211073	0.3141467016480224	0.0	0.0705257659627228	0.4419417608690086	0.0221554367583897	0.0120952745386069	512.0	0.15625	5.0	0.0024190549072375	2.9999999996844102	4.415037498362131	0.6424479953566249	-3.0001265737046725	5.812723190488866	1.0342155676059483	-2.2288424733266776	-0.8290936852646471	-0.8340859681300898	-0.7035116888430767	-0.37470144386444343	-0.0	-1.4254506784682557	-3.9135031222194057	-0.8670052917697576	-1.0023365726230393	-5.812723190488866	428.0	441.0	406.0
excessively_sparse	1	22170	64	1024	16.0	32	0.01	0.009765625	0.296875	0.01953125	0.9047619047619048	1.0	1.10526315667313	0.8095238095238095	1.0	1.2352941161211073	0.3106214597641714	0.0	0.0703007503953709	0.4419417608690086	0.0218369217103267	0.0119213882373341	512.0	0.15625	5.0	0.0023842776469899	2.9999999996844102	4.415037498362131	0.6424479953566249	-3.0001265737046725	5.812723190488866	1.0342155676059483	-2.2288424733266776	-0.8305796343885072	-0.8345144452006665	-0.7059753232578215	-0.38888427275791015	-0.0	-1.4254506784682557	-3.9135031222194057	-0.8693859291053776	-1.0031318507311962	-5.812723190488866	429.0	442.0	406.0
excessively_sparse	2	30958	64	256	4.0	32	0.01	0.01171875	0.296875	0.0234375	0.9	1.0	1.1111111098765432	0.8	1.0	1.2499999984375	0.2142335899332705	0.0	0.083012790962084	0.4841229389318378	0.0177841282181874	0.0107621305107092	128.0	0.046875	1.5	0.0071747536690229	2.9999999996844102	4.415037498362131	0.6424479953566249	-3.0001265737046725	5.549688809277065	0.7711811863941476	-1.9658080921148768	-0.8404860962006074	-0.7754928570141795	-0.7373226695882644	-0.7766740217336672	-0.0	-1.4254506784682557	-3.160360676688508	-0.8722903566638284	-0.9544516463106916	-5.549688809277065	430.0	433.0	391.0
excessively_sparse	3	40958	64	256	4.0	32	0.01	0.01171875	0.28125	0.0234375	0.9	1.0	1.1111111098765432	0.8095238095238095	1.0	1.2352941161211073	0.208782731028569	9.712509712509713e-05	0.0830793484920628	0.4841229389318378	0.0173438485836435	0.0103722149238195	128.0	0.046875	1.5	0.0069148099446031	2.9999999996844102	4.415037498362131	0.6424479953566249	-3.0001265737046725	5.549688809277065	0.7711811863941476	-1.9658080921148768	-0.8438181282265759	-0.7786955223409242	-0.7407281226943893	-0.7986040344008711	-0.006373824251622898	-1.4254506784682557	-3.160360676688508	-0.877307854075471	-0.9572270527049898	-5.549688809277065	431.0	434.0	391.0
excessively_sparse	2	31362	64	512	8.0	32	0.01	0.009765625	0.296875	0.01953125	0.896551724137931	1.0	1.1153846141405326	0.8	1.0	1.2499999984375	0.2809530544531091	0.0	0.0699856776495878	0.4419417608690086	0.0196626899036223	0.0108622047357074	256.0	0.078125	2.5	0.004344881892545	2.9999999996844102	4.415037498362131	0.6424479953566249	-3.0001265737046725	5.812723190488866	1.0342155676059483	-2.2288424733266776	-0.8396309097605683	-0.810358604351948	-0.7227924637263952	-0.5082468384860662	-0.0	-1.4254506784682557	-3.9135031222194057	-0.881086226263021	-1.0002179246212788	-5.812723190488866	432.0	439.0	406.0
excessively_sparse	3	40604	64	32	0.5	32	0.01	0.03125	0.296875	0.0625	0.9	1.0	1.1111111098765432	0.8	1.0	1.2499999984375	0.1359925031079425	0.0467171717171717	0.1843688169269753	0.7905694276912053	0.0239014476846676	0.0236196922417991	16.0	0.015625	0.5	0.0472393843891194	2.9999999996844102	4.415037498362131	0.6424479953566249	-3.0001265737046725	4.134651386941952	0.0	-1.033662846735488	-0.7306115261543061	-0.28187215537006993	-0.6900067300266629	-1.0914552434041283	-3.0658094650306125	-1.4254506784682557	-0.4913630100688859	-0.8845226122398995	-0.9504241940460383	-4.134651386941952	433.0	430.0	271.0
intermediate	3	40624	64	32	0.5	32	0.03	0.03125	0.3125	0.0625	0.9047619047619048	1.0	1.10526315667313	0.8076923076923077	1.0	1.2380952365623583	0.1348458846997107	0.0463286713286713	0.1850048248212218	0.7905694276912053	0.0237913714605903	0.0232870001573247	16.0	0.015625	0.5	0.0465740002215015	2.9999999996844102	4.415037498362131	0.6424479953566249	-3.0001265737046725	4.134651386941952	0.0	-1.033662846735488	-0.7334545535108106	-0.2900700943945691	-0.6908581421515568	-1.0960683432213485	-3.0403141680241204	-1.4254506784682557	-0.4913630100688859	-0.8858611056692842	-0.9510303633427738	-4.134651386941952	434.0	431.0	271.0
excessively_sparse	3	41362	64	512	8.0	32	0.01	0.009765625	0.28125	0.01953125	0.9	1.0	1.1111111098765432	0.8	1.0	1.2499999984375	0.2720301388358194	0.0	0.0699921301427828	0.4419417608690086	0.0190399688801559	0.0105181967040863	256.0	0.078125	2.5	0.0042072786799516	2.9999999996844102	4.415037498362131	0.6424479953566249	-3.0001265737046725	5.812723190488866	1.0342155676059483	-2.2288424733266776	-0.8425706377865632	-0.8120539599094064	-0.7276090554495389	-0.5441457043229304	-0.0	-1.4254506784682557	-3.9135031222194057	-0.8867731085379419	-1.002036965652187	-5.812723190488866	435.0	440.0	406.0
intermediate	1	20624	64	32	0.5	32	0.03	0.03125	0.28125	0.0625	0.9047619047619048	1.0	1.10526315667313	0.8148148148148148	1.0	1.227272725766529	0.1240065973439887	0.0431235431235431	0.1878680984234102	0.7905694276912053	0.0222922394688957	0.0216289181993538	16.0	0.015625	0.5	0.043257836312192	2.9999999996844102	4.415037498362131	0.6424479953566249	-3.0001265737046725	4.134651386941952	0.0	-1.033662846735488	-0.7476237285102245	-0.33092725758961494	-0.7024535540149655	-1.139677197013073	-2.829977967720565	-1.4254506784682557	-0.4913630100688859	-0.8892553573262326	-0.9468270390503262	-4.134651386941952	436.0	429.0	271.0
excessively_sparse	1	21362	64	512	8.0	32	0.01	0.009765625	0.296875	0.01953125	0.9047619047619048	1.0	1.10526315667313	0.8076923076923077	1.0	1.2380952365623583	0.2443361018798926	0.0	0.0703472528288777	0.4419417608690086	0.0171883735341672	0.0094048934036066	256.0	0.078125	2.5	0.0037619573599378	2.9999999996844102	4.415037498362131	0.6424479953566249	-3.0001265737046725	5.812723190488866	1.0342155676059483	-2.2288424733266776	-0.8520843950626066	-0.8175405903485592	-0.7419306834049533	-0.655564948861741	-0.0	-1.4254506784682557	-3.9135031222194057	-0.9044735693664864	-1.0077339504324536	-5.812723190488866	437.0	443.0	406.0
excessively_sparse	3	40348	64	128	2.0	8	0.01	0.0078125	0.28125	0.015625	0.9130434782608696	1.0	1.0952380940385489	0.8181818181818182	1.0	1.222222220728395	0.1296073476210751	0.0145687645687645	0.0568646978425829	0.3952847328192679	0.0072627096615156	0.00350880229894	16.0	0.015625	0.125	0.0280704181669573	0.9999999998196631	2.4150374984973837	0.0	-1.2037593745161437	6.134651248443239	1.356143625560322	-2.550770531281051	-0.9024695682881486	-0.5180455179172414	-0.81870321661669	-1.117144138155796	-0.9560736377434302	0.0	-4.835274959557802	-0.90600028562919	-0.7960841632775388	-6.134651248443239	438.0	418.0	436.0
excessively_sparse	2	30348	64	128	2.0	8	0.01	0.0078125	0.296875	0.015625	0.9	1.0	1.1111111098765432	0.8	1.0	1.2499999984375	0.1226834146544001	0.0141802641802641	0.056759070310187	0.3952847328192679	0.0068646537554748	0.0033918660277972	16.0	0.015625	0.125	0.0271349280052983	0.9999999998196631	2.4150374984973837	0.0	-1.2037593745161437	6.134651248443239	1.356143625560322	-2.550770531281051	-0.903468849705835	-0.529571327632184	-0.821782079719323	-1.145000654040859	-0.9305783407369378	0.0	-4.835274959557802	-0.9103465019441891	-0.7976540622403044	-6.134651248443239	439.0	419.0	436.0
excessively_sparse	1	20604	64	32	0.5	32	0.01	0.03125	0.3125	0.0625	0.9	1.0	1.1111111098765432	0.8	1.0	1.2499999984375	0.1102938789897944	0.0459401709401709	0.1862068404690217	0.7905694276912053	0.0195939796299975	0.0193630015536466	16.0	0.015625	0.5	0.0387260030298411	2.9999999996844102	4.415037498362131	0.6424479953566249	-3.0001265737046725	4.134651386941952	0.0	-1.033662846735488	-0.7669871678943676	-0.3867622093753079	-0.7233239205469694	-1.1948465001388433	-3.0148188710176282	-1.4254506784682557	-0.4913630100688859	-0.9321383773344618	-0.9890648577723696	-4.134651386941952	440.0	437.0	271.0
excessively_sparse	1	20348	64	128	2.0	8	0.01	0.0078125	0.296875	0.015625	0.9047619047619048	1.0	1.10526315667313	0.8125	1.0	1.230769229254438	0.1403845429269047	0.0239898989898989	0.0542422818018556	0.3952847328192679	0.0074321001845011	0.0036157485933548	16.0	0.015625	0.125	0.0289259885154309	0.9999999998196631	2.4150374984973837	0.0	-1.2037593745161437	6.134651248443239	1.356143625560322	-2.550770531281051	-0.9015556564312482	-0.507504369075263	-0.8173930231909898	-1.0737850944333618	-1.5743345901508499	0.0	-4.835274959557802	-0.948103651590907	-0.8543686024804521	-6.134651248443239	441.0	427.0	436.0
excessively_sparse	2	30655	64	64	1.0	32	0.01	0.015625	0.296875	0.03125	0.9047619047619048	1.0	1.10526315667313	0.8095238095238095	1.0	1.2352941161211073	0.1295957859673568	0.0227272727272727	0.1057702131686153	0.559017012263491	0.0133958426823506	0.0092505048717392	32.0	0.015625	0.5	0.0185010097064764	2.9999999996844102	4.415037498362131	0.6424479953566249	-3.0001265737046725	5.134651340775713	0.35614371789279564	-1.550770623613525	-0.85340372557906	-0.635946470295476	-0.7712649631582574	-1.117190653249459	-1.4914748748797564	-1.4254506784682557	-1.9719900440206681	-0.9543606007551511	-1.0099915560608537	-5.134651340775713	442.0	444.0	376.0
excessively_sparse	3	40655	64	64	1.0	32	0.01	0.015625	0.296875	0.03125	0.9	1.0	1.1111111098765432	0.8095238095238095	1.0	1.2352941161211073	0.1464239476995003	0.027000777000777	0.1048928654049096	0.559017012263491	0.0149441271634496	0.0103196733798253	32.0	0.015625	0.5	0.0206393467183719	2.9999999996844102	4.415037498362131	0.6424479953566249	-3.0001265737046725	5.134651340775713	0.35614371789279564	-1.550770623613525	-0.84426712311975	-0.6096008532963415	-0.7592893690547836	-1.049487231384447	-1.7719231419511656	-1.4254506784682557	-1.9719900440206681	-0.9589893162273382	-1.0265090380608712	-5.134651340775713	443.0	446.0	376.0
excessively_sparse	1	20655	64	64	1.0	32	0.01	0.015625	0.28125	0.03125	0.9047619047619048	1.0	1.10526315667313	0.8095238095238095	1.0	1.2352941161211073	0.0962857737563122	0.0233100233100233	0.1053851249718428	0.559017012263491	0.0099105594355102	0.0068437410406914	32.0	0.015625	0.5	0.0136874820540078	2.9999999996844102	4.415037498362131	0.6424479953566249	-3.0001265737046725	5.134651340775713	0.35614371789279564	-1.550770623613525	-0.8739707776119457	-0.6952520686371835	-0.7982227593574233	-1.2512042101042995	-1.529717820389495	-1.4254506784682557	-1.9719900440206681	-0.9956659135684818	-1.0397646099507916	-5.134651340775713	444.0	447.0	376.0
excessively_sparse	1	20484	64	128	2.0	16	0.01	0.0078125	0.296875	0.015625	0.9	1.0	1.1111111098765432	0.8095238095238095	1.0	1.2352941161211073	0.1245210945109264	0.0142773892773892	0.0569804293239772	0.3952847328192679	0.0069939635586232	0.0034151027810154	32.0	0.015625	0.25	0.0136604110694201	1.9999999997294946	3.4150374984072154	0.0	-2.0537593744395006	6.134651248443239	1.356143625560322	-2.550770531281051	-0.9032702795319156	-0.6955855996885423	-0.8207819006598481	-1.1376072609561239	-0.9369521649885609	-0.6744907595374132	-4.835274959557802	-1.0036841227529616	-0.9828041372961519	-6.134651248443239	445.0	436.0	436.0
excessively_sparse	2	30484	64	128	2.0	16	0.01	0.0078125	0.3125	0.015625	0.896551724137931	1.0	1.1153846141405326	0.8	1.0	1.2499999984375	0.0947829895822227	0.0113636363636363	0.0577737791149978	0.3952847328192679	0.0054137445550735	0.0026749632091613	32.0	0.015625	0.25	0.0106998527938459	1.9999999997294946	3.4150374984072154	0.0	-2.0537593744395006	6.134651248443239	1.356143625560322	-2.550770531281051	-0.9095951581467374	-0.7320614844522617	-0.8330045003255597	-1.2572502436836004	-0.7457374374398749	-0.6744907595374132	-4.835274959557802	-1.0130764891170854	-0.9777237956432202	-6.134651248443239	446.0	435.0	436.0
excessively_sparse	3	40484	64	128	2.0	16	0.01	0.0078125	0.296875	0.015625	0.9016129032258065	1.0	1.1091234334746751	0.8095238095238095	1.0	1.2352941161211073	0.1378167484580562	0.02000777000777	0.0546685188486641	0.3952847328192679	0.007383494219442	0.0036053078388346	32.0	0.015625	0.25	0.0144212312976535	1.9999999997294946	3.4150374984072154	0.0	-2.0537593744395006	6.134651248443239	1.356143625560322	-2.550770531281051	-0.9016448781233435	-0.6862118301532794	-0.8177689782016235	-1.0841159003142575	-1.3130077958343165	-0.6744907595374132	-4.835274959557802	-1.0251722940310917	-1.0168205508697006	-6.134651248443239	447.0	445.0	436.0
excessively_sparse	3	40756	64	128	2.0	32	0.01	0.0078125	0.296875	0.015625	0.9047619047619048	1.0	1.10526315667313	0.8095238095238095	1.0	1.2352941161211073	0.1273983210165174	0.0124320124320124	0.057794124392241	0.3952847328192679	0.0072713390659635	0.0035505432731717	64.0	0.015625	0.5	0.0071010865321414	2.9999999996844102	4.415037498362131	0.6424479953566249	-3.0001265737046725	6.134651248443239	1.356143625560322	-2.550770531281051	-0.9021128698959541	-0.7764004810991139	-0.8186364703266611	-1.1260315414562845	-0.8158495042077288	-1.4254506784682557	-4.835274959557802	-1.0716004508354728	-1.1445770229502383	-6.134651248443239	448.0	449.0	436.0
excessively_sparse	1	20756	64	128	2.0	32	0.01	0.0078125	0.296875	0.015625	0.9	1.0	1.1111111098765432	0.8095238095238095	1.0	1.2352941161211073	0.0982517823244373	0.013014763014763	0.0572884698573082	0.3952847328192679	0.0055554381481121	0.0027126810299125	64.0	0.015625	0.5	0.0054253620489744	2.9999999996844102	4.415037498362131	0.6424479953566249	-3.0001265737046725	6.134651248443239	1.356143625560322	-2.550770531281051	-0.9092728396990569	-0.7970464294150231	-0.8319085357415262	-1.2432945221896796	-0.8540924497174673	-1.4254506784682557	-4.835274959557802	-1.0957349754649541	-1.1580179057688351	-6.134651248443239	449.0	450.0	436.0
excessively_sparse	2	30756	64	128	2.0	32	0.01	0.0078125	0.296875	0.015625	0.9	1.0	1.1111111098765432	0.8076923076923077	1.0	1.2380952365623583	0.0684164791402587	0.0095182595182595	0.0590952669498144	0.3952847328192679	0.0040046069177462	0.0019598552053694	64.0	0.015625	0.5	0.0039197104028995	2.9999999996844102	4.415037498362131	0.6424479953566249	-3.0001265737046725	6.134651248443239	1.356143625560322	-2.550770531281051	-0.915706128958825	-0.8155969765836584	-0.8439038283150655	-1.3633285550270677	-0.6246347766590429	-1.4254506784682557	-4.835274959557802	-1.0977943698804635	-1.1437232543515679	-6.134651248443239	450.0	448.0	436.0
