dataset	sample	stage_label	stage_order	canonical_gene	source_gene_symbol	candidate_n_cells	candidate_detection_fraction	candidate_mean_log1p_expression	candidate_rank	background_median_rank	candidate_minus_background_rank	background_median_detection	candidate_minus_background_detection	background_classes	mechanism_class	secretome_class	medium_compatibility	expected_effect	rationale	pathway_roles
GSE122357	GSM3464549_P0	P0	0.0	BDNF	Bdnf	2678	0.0059746079163554	0.0042926885724672	0.3333333333333333	0.8333333333333333	-0.49999999999999994	0.01096209380173545	-0.0049874858853800495	broad_neuronal_structural_warning,other_or_ambiguous	neurotrophin	secreted_medium_compatible	high	maturation_survival_context_dependent	2005 anchor; TrkB/MAPK and SMAD-convergent factor	bdnf_trkb_mapk:ligand
GSE122357	GSM3464550_P8a	P8a	8.1	BDNF	Bdnf	2082	0.0062439961575408	0.0043280083320265	0.6666666666666666	0.6666666666666666	0.0	0.0071432033077329	-0.0008992071501921	broad_neuronal_structural_warning,other_or_ambiguous	neurotrophin	secreted_medium_compatible	high	maturation_survival_context_dependent	2005 anchor; TrkB/MAPK and SMAD-convergent factor	bdnf_trkb_mapk:ligand
GSE122357	GSM3464551_P8b	P8b	8.2	BDNF	Bdnf	2697	0.0025954764553207	0.0017990471872152	0.6666666666666666	0.6666666666666666	0.0	0.00251045131292345	8.50251423972501e-05	broad_neuronal_structural_warning,other_or_ambiguous	neurotrophin	secreted_medium_compatible	high	maturation_survival_context_dependent	2005 anchor; TrkB/MAPK and SMAD-convergent factor	bdnf_trkb_mapk:ligand
GSE165657	Cerebellum_aggr	aggregate	100.0	BDNF	BDNF	25064	0.0017156080434088	0.0011891688782348	0.6666666666666666	0.6666666666666666	0.0	0.0016615187482321	5.4089295176699926e-05	broad_neuronal_structural_warning,other_or_ambiguous	neurotrophin	secreted_medium_compatible	high	maturation_survival_context_dependent	2005 anchor; TrkB/MAPK and SMAD-convergent factor	bdnf_trkb_mapk:ligand
GSE312658	Ctrl	adult_or_ctrl	200.0	BDNF	Bdnf	1829	0.0224166211044286	0.0177480934740518	1.0	0.5	0.5	0.0158071352878841	0.0066094858165445	broad_neuronal_structural_warning,other_or_ambiguous	neurotrophin	secreted_medium_compatible	high	maturation_survival_context_dependent	2005 anchor; TrkB/MAPK and SMAD-convergent factor	bdnf_trkb_mapk:ligand
GSE312658	cKO	perturbed_cKO	201.0	BDNF	Bdnf	2329	0.017174753112924	0.0131456672306972	0.6666666666666666	0.6666666666666666	0.0	0.0184088901234139	-0.0012341370104899003	broad_neuronal_structural_warning,other_or_ambiguous	neurotrophin	secreted_medium_compatible	high	maturation_survival_context_dependent	2005 anchor; TrkB/MAPK and SMAD-convergent factor	bdnf_trkb_mapk:ligand
GSE122357	GSM3464549_P0	P0	0.0	BMP2	Bmp2	2678	0.0026138909634055	0.0021146230321642	0.6666666666666666	0.6666666666666666	0.0	0.0028172188415596	-0.0002033278781540999	broad_neuronal_structural_warning,other_or_ambiguous	BMP/GDF superfamily	secreted_medium_compatible	high	anti_proliferative_or_differentiation	BMP differentiation/neurogenic brake candidate	bmp_smad:ligand
GSE122357	GSM3464550_P8a	P8a	8.1	BMP2	Bmp2	2082	0.0028818443804034	0.0023870380881729	0.3333333333333333	0.8333333333333333	-0.49999999999999994	0.0063894748387327005	-0.0035076304583293006	broad_neuronal_structural_warning,other_or_ambiguous	BMP/GDF superfamily	secreted_medium_compatible	high	anti_proliferative_or_differentiation	BMP differentiation/neurogenic brake candidate	bmp_smad:ligand
GSE122357	GSM3464551_P8b	P8b	8.2	BMP2	Bmp2	2697	0.0003707823507601	0.0002570067410307	0.3333333333333333	0.8333333333333333	-0.49999999999999994	0.0038141447819210004	-0.0034433624311609005	broad_neuronal_structural_warning,other_or_ambiguous	BMP/GDF superfamily	secreted_medium_compatible	high	anti_proliferative_or_differentiation	BMP differentiation/neurogenic brake candidate	bmp_smad:ligand
GSE165657	Cerebellum_aggr	aggregate	100.0	BMP2	BMP2	25064	0.0060245770826683	0.0043976999977022	1.0	0.5	0.5	0.00465794886935865	0.0013666282133096503	broad_neuronal_structural_warning,other_or_ambiguous	BMP/GDF superfamily	secreted_medium_compatible	high	anti_proliferative_or_differentiation	BMP differentiation/neurogenic brake candidate	bmp_smad:ligand
GSE312658	Ctrl	adult_or_ctrl	200.0	BMP2	Bmp2	1829	0.0087479496992892	0.0062853034429017	0.6666666666666666	0.6666666666666666	0.0	0.009178514659131	-0.0004305649598417994	broad_neuronal_structural_warning,other_or_ambiguous	BMP/GDF superfamily	secreted_medium_compatible	high	anti_proliferative_or_differentiation	BMP differentiation/neurogenic brake candidate	bmp_smad:ligand
GSE312658	cKO	perturbed_cKO	201.0	BMP2	Bmp2	2329	0.0077286389008158	0.0055311783418579	1.0	0.5	0.5	0.00605399503875245	0.0016746438620633495	broad_neuronal_structural_warning,other_or_ambiguous	BMP/GDF superfamily	secreted_medium_compatible	high	anti_proliferative_or_differentiation	BMP differentiation/neurogenic brake candidate	bmp_smad:ligand
GSE122357	GSM3464549_P0	P0	0.0	BMP4	Bmp4	2678	0.0022404779686333	0.0017043869273591	0.3333333333333333	0.8333333333333333	-0.49999999999999994	0.00355751691448615	-0.00131703894585285	broad_neuronal_structural_warning,other_or_ambiguous	BMP/GDF superfamily	secreted_medium_compatible	high	anti_proliferative_or_differentiation	BMP differentiation/neurogenic brake candidate	bmp_smad:ligand
GSE122357	GSM3464550_P8a	P8a	8.1	BMP4	Bmp4	2082	0.0062439961575408	0.0112326559231235	0.3333333333333333	0.8333333333333333	-0.49999999999999994	0.0260246753611137	-0.019780679203572897	broad_neuronal_structural_warning,other_or_ambiguous	BMP/GDF superfamily	secreted_medium_compatible	high	anti_proliferative_or_differentiation	BMP differentiation/neurogenic brake candidate	bmp_smad:ligand
GSE122357	GSM3464551_P8b	P8b	8.2	BMP4	Bmp4	2697	0.003707823507601	0.0051805334567043	0.3333333333333333	0.8333333333333333	-0.49999999999999994	0.0278052081637127	-0.0240973846561117	broad_neuronal_structural_warning,other_or_ambiguous	BMP/GDF superfamily	secreted_medium_compatible	high	anti_proliferative_or_differentiation	BMP differentiation/neurogenic brake candidate	bmp_smad:ligand
GSE165657	Cerebellum_aggr	aggregate	100.0	BMP4	BMP4	25064	0.0107724225981487	0.0079303223272689	1.0	0.5	0.5	0.009849670702733	0.0009227518954156994	broad_neuronal_structural_warning,other_or_ambiguous	BMP/GDF superfamily	secreted_medium_compatible	high	anti_proliferative_or_differentiation	BMP differentiation/neurogenic brake candidate	bmp_smad:ligand
GSE312658	Ctrl	adult_or_ctrl	200.0	BMP4	Bmp4	1829	0.0010934937124111	0.0007579520837178	0.3333333333333333	0.8333333333333333	-0.49999999999999994	0.00313355483927935	-0.0020400611268682504	broad_neuronal_structural_warning,other_or_ambiguous	BMP/GDF superfamily	secreted_medium_compatible	high	anti_proliferative_or_differentiation	BMP differentiation/neurogenic brake candidate	bmp_smad:ligand
GSE312658	cKO	perturbed_cKO	201.0	BMP4	Bmp4	2329	0.0047230571060541	0.0041389102647924	0.6666666666666666	0.6666666666666666	0.0	0.00667993781080125	-0.0019568807047471506	broad_neuronal_structural_warning,other_or_ambiguous	BMP/GDF superfamily	secreted_medium_compatible	high	anti_proliferative_or_differentiation	BMP differentiation/neurogenic brake candidate	bmp_smad:ligand
GSE165657	Cerebellum_aggr	aggregate	100.0	BMP6	BMP6	25064	0.0005585700606447	0.0003871712626811	0.3333333333333333	0.8333333333333333	-0.49999999999999994	0.0015524533578045	-0.0009938832971598001	broad_neuronal_structural_warning,other_or_ambiguous	BMP/GDF superfamily	secreted_medium_compatible	high	anti_proliferative_or_differentiation	BMP differentiation/neurogenic brake candidate	
GSE312658	Ctrl	adult_or_ctrl	200.0	BMP6	Bmp6	1829	0.2471295790049207	0.2897957245551021	1.0	0.5	0.5	0.09083721520664075	0.15629236379827993	broad_neuronal_structural_warning,other_or_ambiguous	BMP/GDF superfamily	secreted_medium_compatible	high	anti_proliferative_or_differentiation	BMP differentiation/neurogenic brake candidate	
GSE312658	cKO	perturbed_cKO	201.0	BMP6	Bmp6	2329	0.2481751824817518	0.2798458831869448	1.0	0.5	0.5	0.0832716070815442	0.1649035754002076	broad_neuronal_structural_warning,other_or_ambiguous	BMP/GDF superfamily	secreted_medium_compatible	high	anti_proliferative_or_differentiation	BMP differentiation/neurogenic brake candidate	
GSE122357	GSM3464549_P0	P0	0.0	BMP7	Bmp7	2678	0.0739357729648991	0.0638498329402133	1.0	0.5	0.5	0.0574195488491381	0.016516224115761	broad_neuronal_structural_warning,other_or_ambiguous	BMP/GDF superfamily	secreted_medium_compatible	high	anti_proliferative_or_differentiation	BMP differentiation/neurogenic brake candidate	bmp_smad:ligand
GSE122357	GSM3464550_P8a	P8a	8.1	BMP7	Bmp7	2082	0.0144092219020172	0.0121180050749236	0.3333333333333333	0.8333333333333333	-0.49999999999999994	0.0375231793822742	-0.023113957480257002	broad_neuronal_structural_warning,other_or_ambiguous	BMP/GDF superfamily	secreted_medium_compatible	high	anti_proliferative_or_differentiation	BMP differentiation/neurogenic brake candidate	bmp_smad:ligand
GSE122357	GSM3464551_P8b	P8b	8.2	BMP7	Bmp7	2697	0.0207638116425658	0.016209933649546	0.3333333333333333	0.8333333333333333	-0.49999999999999994	0.0350493827558576	-0.014285571113291803	broad_neuronal_structural_warning,other_or_ambiguous	BMP/GDF superfamily	secreted_medium_compatible	high	anti_proliferative_or_differentiation	BMP differentiation/neurogenic brake candidate	bmp_smad:ligand
GSE165657	Cerebellum_aggr	aggregate	100.0	BMP7	BMP7	25064	0.0171560804340887	0.0130298344514749	0.3333333333333333	0.8333333333333333	-0.49999999999999994	0.043886777637732854	-0.026730697203644155	broad_neuronal_structural_warning,other_or_ambiguous	BMP/GDF superfamily	secreted_medium_compatible	high	anti_proliferative_or_differentiation	BMP differentiation/neurogenic brake candidate	bmp_smad:ligand
GSE312658	Ctrl	adult_or_ctrl	200.0	BMP7	Bmp7	1829	0.0136686714051394	0.0099177745927911	1.0	0.5	0.5	0.0114069123101377	0.0022617590950016996	broad_neuronal_structural_warning,other_or_ambiguous	BMP/GDF superfamily	secreted_medium_compatible	high	anti_proliferative_or_differentiation	BMP differentiation/neurogenic brake candidate	bmp_smad:ligand
GSE312658	cKO	perturbed_cKO	201.0	BMP7	Bmp7	2329	0.004293688278231	0.0031502520024506	0.3333333333333333	0.8333333333333333	-0.49999999999999994	0.01384018301833655	-0.009546494740105549	broad_neuronal_structural_warning,other_or_ambiguous	BMP/GDF superfamily	secreted_medium_compatible	high	anti_proliferative_or_differentiation	BMP differentiation/neurogenic brake candidate	bmp_smad:ligand
GSE312658	Ctrl	adult_or_ctrl	200.0	CCN1	Ccn1	1829	0.0027337342810278	0.0018948802092945	0.6666666666666666	0.6666666666666666	0.0	0.002705812875309	2.7921405718799898e-05	broad_neuronal_structural_warning,other_or_ambiguous	CCN matricellular	secreted_medium_compatible	high	context_dependent	secreted matricellular candidate	
GSE312658	cKO	perturbed_cKO	201.0	CCN1	Ccn1	2329	0.0034349506225848	0.0023809263394072	0.3333333333333333	0.8333333333333333	-0.49999999999999994	0.004424036202446651	-0.0009890855798618506	broad_neuronal_structural_warning,other_or_ambiguous	CCN matricellular	secreted_medium_compatible	high	context_dependent	secreted matricellular candidate	
GSE312658	Ctrl	adult_or_ctrl	200.0	CCN2	Ccn2	1829	0.0010934937124111	0.0007579520837178	1.0	0.5	0.5	0.0004111842105263	0.0006823095018848001	broad_neuronal_structural_warning,other_or_ambiguous	CCN matricellular	secreted_medium_compatible	high	context_dependent	secreted matricellular candidate	
GSE312658	cKO	perturbed_cKO	201.0	CCN2	Ccn2	2329	0.0	0.0	0.3333333333333333	0.8333333333333333	-0.49999999999999994	0.0004947744869969499	-0.0004947744869969499	broad_neuronal_structural_warning,other_or_ambiguous	CCN matricellular	secreted_medium_compatible	high	context_dependent	secreted matricellular candidate	
GSE312658	Ctrl	adult_or_ctrl	200.0	CCN3	Ccn3	1829	0.0016402405686167	0.0011369281255767	0.3333333333333333	0.8333333333333333	-0.49999999999999994	0.0018668867008123499	-0.00022664613219564988	broad_neuronal_structural_warning,other_or_ambiguous	CCN matricellular	secreted_medium_compatible	high	context_dependent	secreted matricellular candidate	
GSE312658	cKO	perturbed_cKO	201.0	CCN3	Ccn3	2329	0.0034349506225848	0.0023809263394072	1.0	0.5	0.5	0.0019790979479878497	0.0014558526745969505	broad_neuronal_structural_warning,other_or_ambiguous	CCN matricellular	secreted_medium_compatible	high	context_dependent	secreted matricellular candidate	
GSE165657	Cerebellum_aggr	aggregate	100.0	CNTF	CNTF	25064	3.989786147462496e-05	2.765509019150755e-05	0.3333333333333333	0.8333333333333333	-0.49999999999999994	8.242463851235288e-05	-4.2526777037727916e-05	broad_neuronal_structural_warning,other_or_ambiguous	cytokine/neurotrophic	secreted_medium_compatible	high	maturation_survival_context_dependent	neurotrophic cytokine candidate	
GSE312658	Ctrl	adult_or_ctrl	200.0	CNTF	Cntf	1829	0.0082012028430836	0.0056846406278836	1.0	0.5	0.5	0.00102796052631575	0.0071732423167678505	broad_neuronal_structural_warning,other_or_ambiguous	cytokine/neurotrophic	secreted_medium_compatible	high	maturation_survival_context_dependent	neurotrophic cytokine candidate	
GSE312658	cKO	perturbed_cKO	201.0	CNTF	Cntf	2329	0.0030055817947617	0.0020833105469813	1.0	0.5	0.5	0.0024449382544587	0.0005606435403029998	broad_neuronal_structural_warning,other_or_ambiguous	cytokine/neurotrophic	secreted_medium_compatible	high	maturation_survival_context_dependent	neurotrophic cytokine candidate	
GSE122357	GSM3464549_P0	P0	0.0	CXCL12	Cxcl12	2678	0.3864824495892457	0.4290917288934864	1.0	0.5	0.5	0.14580967029122216	0.24067277929802355	broad_neuronal_structural_warning,other_or_ambiguous	chemokine	secreted_medium_compatible	high	migration_or_progenitor_context_dependent	chemokine niche candidate	
GSE122357	GSM3464550_P8a	P8a	8.1	CXCL12	Cxcl12	2082	0.2334293948126801	0.2079279461268907	1.0	0.5	0.5	0.10876943730960165	0.12465995750307846	broad_neuronal_structural_warning,other_or_ambiguous	chemokine	secreted_medium_compatible	high	migration_or_progenitor_context_dependent	chemokine niche candidate	
GSE122357	GSM3464551_P8b	P8b	8.2	CXCL12	Cxcl12	2697	0.2206154987022617	0.1899495864829488	1.0	0.5	0.5	0.11114928972990223	0.10946620897235945	broad_neuronal_structural_warning,other_or_ambiguous	chemokine	secreted_medium_compatible	high	migration_or_progenitor_context_dependent	chemokine niche candidate	
GSE165657	Cerebellum_aggr	aggregate	100.0	CXCL12	CXCL12	25064	0.0304819661666134	0.0253819629825212	0.6666666666666666	0.6666666666666666	0.0	0.0195581164334379	0.010923849733175499	broad_neuronal_structural_warning,other_or_ambiguous	chemokine	secreted_medium_compatible	high	migration_or_progenitor_context_dependent	chemokine niche candidate	
GSE312658	Ctrl	adult_or_ctrl	200.0	CXCL12	Cxcl12	1829	0.1951886276653909	0.1619632929455695	1.0	0.5	0.5	0.0569352150300247	0.13825341263536622	broad_neuronal_structural_warning,other_or_ambiguous	chemokine	secreted_medium_compatible	high	migration_or_progenitor_context_dependent	chemokine niche candidate	
GSE312658	cKO	perturbed_cKO	201.0	CXCL12	Cxcl12	2329	0.1253756977243452	0.0973835423667991	1.0	0.5	0.5	0.0282040747041962	0.097171623020149	broad_neuronal_structural_warning,other_or_ambiguous	chemokine	secreted_medium_compatible	high	migration_or_progenitor_context_dependent	chemokine niche candidate	
GSE122357	GSM3464549_P0	P0	0.0	DKK1	Dkk1	2678	0.0003734129947722	0.0002588301645108	0.6666666666666666	0.6666666666666666	0.0	0.00022537750732475	0.00014803548744745	broad_neuronal_structural_warning,other_or_ambiguous	WNT antagonist	secreted_medium_compatible	high	anti_neurogenic_or_differentiation	WNT-antagonist candidate	wnt_beta_catenin:antagonist
GSE165657	Cerebellum_aggr	aggregate	100.0	DKK1	DKK1	25064	0.0028327481646983	0.0022500794718801	0.3333333333333333	0.8333333333333333	-0.49999999999999994	0.0058670888991836	-0.0030343407344853002	broad_neuronal_structural_warning,other_or_ambiguous	WNT antagonist	secreted_medium_compatible	high	anti_neurogenic_or_differentiation	WNT-antagonist candidate	wnt_beta_catenin:antagonist
GSE312658	Ctrl	adult_or_ctrl	200.0	DKK1	Dkk1	1829	0.0005467468562055	0.0003789760418589	0.6666666666666666	0.6666666666666666	0.0	0.00104451827975975	-0.00049777142355425	broad_neuronal_structural_warning,other_or_ambiguous	WNT antagonist	secreted_medium_compatible	high	anti_neurogenic_or_differentiation	WNT-antagonist candidate	wnt_beta_catenin:antagonist
GSE312658	cKO	perturbed_cKO	201.0	DKK1	Dkk1	2329	0.0	0.0	0.3333333333333333	0.8333333333333333	-0.49999999999999994	0.00130975390514985	-0.00130975390514985	broad_neuronal_structural_warning,other_or_ambiguous	WNT antagonist	secreted_medium_compatible	high	anti_neurogenic_or_differentiation	WNT-antagonist candidate	wnt_beta_catenin:antagonist
GSE122357	GSM3464549_P0	P0	0.0	DKK3	Dkk3	2678	0.0414488424197162	0.0318851520828633	0.3333333333333333	0.8333333333333333	-0.49999999999999994	0.12412331022735035	-0.08267446780763416	broad_neuronal_structural_warning,other_or_ambiguous	WNT antagonist	secreted_medium_compatible	high	anti_neurogenic_or_differentiation	WNT-antagonist candidate	wnt_beta_catenin:modulator
GSE122357	GSM3464550_P8a	P8a	8.1	DKK3	Dkk3	2082	0.0124879923150816	0.0104903514430006	0.3333333333333333	0.8333333333333333	-0.49999999999999994	0.12286624274222824	-0.11037825042714663	broad_neuronal_structural_warning,other_or_ambiguous	WNT antagonist	secreted_medium_compatible	high	anti_neurogenic_or_differentiation	WNT-antagonist candidate	wnt_beta_catenin:modulator
GSE122357	GSM3464551_P8b	P8b	8.2	DKK3	Dkk3	2697	0.014460511679644	0.0116963189589049	0.3333333333333333	0.8333333333333333	-0.49999999999999994	0.1062424527252413	-0.0917819410455973	broad_neuronal_structural_warning,other_or_ambiguous	WNT antagonist	secreted_medium_compatible	high	anti_neurogenic_or_differentiation	WNT-antagonist candidate	wnt_beta_catenin:modulator
GSE165657	Cerebellum_aggr	aggregate	100.0	DKK3	DKK3	25064	0.0758857325247366	0.0592974646259019	0.3333333333333333	0.8333333333333333	-0.49999999999999994	0.09745499112448985	-0.021569258599753255	broad_neuronal_structural_warning,other_or_ambiguous	WNT antagonist	secreted_medium_compatible	high	anti_neurogenic_or_differentiation	WNT-antagonist candidate	wnt_beta_catenin:modulator
GSE312658	Ctrl	adult_or_ctrl	200.0	DKK3	Dkk3	1829	0.050300710770913	0.0398290046510068	0.6666666666666666	0.6666666666666666	0.0	0.055349810137760455	-0.0050490993668474565	broad_neuronal_structural_warning,other_or_ambiguous	WNT antagonist	secreted_medium_compatible	high	anti_neurogenic_or_differentiation	WNT-antagonist candidate	wnt_beta_catenin:modulator
GSE312658	cKO	perturbed_cKO	201.0	DKK3	Dkk3	2329	0.0489480463718334	0.0387746391482804	0.3333333333333333	0.8333333333333333	-0.49999999999999994	0.0733741883962362	-0.024426142024402804	broad_neuronal_structural_warning,other_or_ambiguous	WNT antagonist	secreted_medium_compatible	high	anti_neurogenic_or_differentiation	WNT-antagonist candidate	wnt_beta_catenin:modulator
GSE122357	GSM3464549_P0	P0	0.0	DLL1	Dll1	2678	0.0100821508588498	0.0072472446063026	0.3333333333333333	0.8333333333333333	-0.49999999999999994	0.05680438956214825	-0.046722238703298447	broad_neuronal_structural_warning,other_or_ambiguous	Notch ligand	cell_bound_or_shed	lower	differentiation_context_dependent	cell-bound Notch ligand; weaker CM candidate	notch_hes:ligand
GSE122357	GSM3464550_P8a	P8a	8.1	DLL1	Dll1	2082	0.0096061479346781	0.0071861459653539	0.3333333333333333	0.8333333333333333	-0.49999999999999994	0.08285784247457599	-0.0732516945398979	broad_neuronal_structural_warning,other_or_ambiguous	Notch ligand	cell_bound_or_shed	lower	differentiation_context_dependent	cell-bound Notch ligand; weaker CM candidate	notch_hes:ligand
GSE122357	GSM3464551_P8b	P8b	8.2	DLL1	Dll1	2697	0.0122358175750834	0.0100866768972981	0.3333333333333333	0.8333333333333333	-0.49999999999999994	0.07059694610459855	-0.058361128529515145	broad_neuronal_structural_warning,other_or_ambiguous	Notch ligand	cell_bound_or_shed	lower	differentiation_context_dependent	cell-bound Notch ligand; weaker CM candidate	notch_hes:ligand
GSE165657	Cerebellum_aggr	aggregate	100.0	DLL1	DLL1	25064	0.0262128949888286	0.0211578624033201	0.3333333333333333	0.8333333333333333	-0.49999999999999994	0.0525578487033925	-0.026344953714563902	broad_neuronal_structural_warning,other_or_ambiguous	Notch ligand	cell_bound_or_shed	lower	differentiation_context_dependent	cell-bound Notch ligand; weaker CM candidate	notch_hes:ligand
GSE312658	Ctrl	adult_or_ctrl	200.0	DLL1	Dll1	1829	0.032258064516129	0.0252347225469898	0.6666666666666666	0.6666666666666666	0.0	0.06888853320381486	-0.03663046868768586	broad_neuronal_structural_warning,other_or_ambiguous	Notch ligand	cell_bound_or_shed	lower	differentiation_context_dependent	cell-bound Notch ligand; weaker CM candidate	notch_hes:ligand
GSE312658	cKO	perturbed_cKO	201.0	DLL1	Dll1	2329	0.0506655216831258	0.0382470230708553	0.3333333333333333	0.8333333333333333	-0.49999999999999994	0.0742750058832833	-0.0236094842001575	broad_neuronal_structural_warning,other_or_ambiguous	Notch ligand	cell_bound_or_shed	lower	differentiation_context_dependent	cell-bound Notch ligand; weaker CM candidate	notch_hes:ligand
GSE122357	GSM3464549_P0	P0	0.0	DLL3	Dll3	2678	0.1949215832710978	0.1624836309987712	1.0	0.5	0.5	0.12616894629949924	0.06875263697159856	broad_neuronal_structural_warning,other_or_ambiguous	Notch ligand	cell_bound_or_shed	lower	differentiation_context_dependent	cell-bound Notch ligand; weaker CM candidate	notch_hes:ligand
GSE122357	GSM3464550_P8a	P8a	8.1	DLL3	Dll3	2082	0.1791546589817483	0.1482506349507836	0.6666666666666666	0.6666666666666666	0.0	0.19693483755939908	-0.017780178577650796	broad_neuronal_structural_warning,other_or_ambiguous	Notch ligand	cell_bound_or_shed	lower	differentiation_context_dependent	cell-bound Notch ligand; weaker CM candidate	notch_hes:ligand
GSE122357	GSM3464551_P8b	P8b	8.2	DLL3	Dll3	2697	0.1297738227660363	0.1014374356136979	0.3333333333333333	0.8333333333333333	-0.49999999999999994	0.14090772050940176	-0.011133897743365456	broad_neuronal_structural_warning,other_or_ambiguous	Notch ligand	cell_bound_or_shed	lower	differentiation_context_dependent	cell-bound Notch ligand; weaker CM candidate	notch_hes:ligand
GSE165657	Cerebellum_aggr	aggregate	100.0	DLL3	DLL3	25064	0.290855410150016	0.2732745133319286	1.0	0.5	0.5	0.20625161205535958	0.0846037980946564	broad_neuronal_structural_warning,other_or_ambiguous	Notch ligand	cell_bound_or_shed	lower	differentiation_context_dependent	cell-bound Notch ligand; weaker CM candidate	notch_hes:ligand
GSE312658	Ctrl	adult_or_ctrl	200.0	DLL3	Dll3	1829	0.0213231273920174	0.0152234391788158	1.0	0.5	0.5	0.01534627781702575	0.005976849574991649	broad_neuronal_structural_warning,other_or_ambiguous	Notch ligand	cell_bound_or_shed	lower	differentiation_context_dependent	cell-bound Notch ligand; weaker CM candidate	notch_hes:ligand
GSE312658	cKO	perturbed_cKO	201.0	DLL3	Dll3	2329	0.0068699012451696	0.0051100408351977	0.3333333333333333	0.8333333333333333	-0.49999999999999994	0.013112006141762	-0.0062421048965924	broad_neuronal_structural_warning,other_or_ambiguous	Notch ligand	cell_bound_or_shed	lower	differentiation_context_dependent	cell-bound Notch ligand; weaker CM candidate	notch_hes:ligand
GSE122357	GSM3464549_P0	P0	0.0	DLL4	Dll4	2678	0.0048543689320388	0.0035161980789348	0.3333333333333333	0.8333333333333333	-0.49999999999999994	0.011477014367337151	-0.006622645435298351	broad_neuronal_structural_warning,other_or_ambiguous	Notch ligand	cell_bound_or_shed	lower	differentiation_context_dependent	cell-bound Notch ligand; weaker CM candidate	notch_hes:ligand
GSE122357	GSM3464550_P8a	P8a	8.1	DLL4	Dll4	2082	0.005283381364073	0.0036621608963301	0.3333333333333333	0.8333333333333333	-0.49999999999999994	0.02836153119534615	-0.02307814983127315	broad_neuronal_structural_warning,other_or_ambiguous	Notch ligand	cell_bound_or_shed	lower	differentiation_context_dependent	cell-bound Notch ligand; weaker CM candidate	notch_hes:ligand
GSE122357	GSM3464551_P8b	P8b	8.2	DLL4	Dll4	2697	0.0066740823136818	0.0047764606444891	0.3333333333333333	0.8333333333333333	-0.49999999999999994	0.0224681059625284	-0.0157940236488466	broad_neuronal_structural_warning,other_or_ambiguous	Notch ligand	cell_bound_or_shed	lower	differentiation_context_dependent	cell-bound Notch ligand; weaker CM candidate	notch_hes:ligand
GSE165657	Cerebellum_aggr	aggregate	100.0	DLL4	DLL4	25064	0.0025135652729013	0.0018508117258369	0.3333333333333333	0.8333333333333333	-0.49999999999999994	0.0041326387147537	-0.0016190734418524	broad_neuronal_structural_warning,other_or_ambiguous	Notch ligand	cell_bound_or_shed	lower	differentiation_context_dependent	cell-bound Notch ligand; weaker CM candidate	notch_hes:ligand
GSE312658	Ctrl	adult_or_ctrl	200.0	DLL4	Dll4	1829	0.0098414434117003	0.0068215687534603	0.6666666666666666	0.6666666666666666	0.0	0.0106342171494171	-0.0007927737377167992	broad_neuronal_structural_warning,other_or_ambiguous	Notch ligand	cell_bound_or_shed	lower	differentiation_context_dependent	cell-bound Notch ligand; weaker CM candidate	notch_hes:ligand
GSE312658	cKO	perturbed_cKO	201.0	DLL4	Dll4	2329	0.0154572778016316	0.0107141685273327	1.0	0.5	0.5	0.007552785590006449	0.00790449221162515	broad_neuronal_structural_warning,other_or_ambiguous	Notch ligand	cell_bound_or_shed	lower	differentiation_context_dependent	cell-bound Notch ligand; weaker CM candidate	notch_hes:ligand
GSE122357	GSM3464549_P0	P0	0.0	FGF10	Fgf10	2678	0.0220313666915608	0.0160280094076092	0.6666666666666666	0.6666666666666666	0.0	0.02564132031634565	-0.0036099536247848514	broad_neuronal_structural_warning,other_or_ambiguous	FGF pathway	secreted_medium_compatible	high	proliferative_or_survival_counter_signal	growth/permissive counter-signal	fgf_mapk:ligand
GSE122357	GSM3464550_P8a	P8a	8.1	FGF10	Fgf10	2082	0.0043227665706051	0.0031910613511756	0.6666666666666666	0.6666666666666666	0.0	0.01846188378552785	-0.01413911721492275	broad_neuronal_structural_warning,other_or_ambiguous	FGF pathway	secreted_medium_compatible	high	proliferative_or_survival_counter_signal	growth/permissive counter-signal	fgf_mapk:ligand
GSE122357	GSM3464551_P8b	P8b	8.2	FGF10	Fgf10	2697	0.0033370411568409	0.0023130606692767	0.3333333333333333	0.8333333333333333	-0.49999999999999994	0.013234433468707299	-0.009897392311866399	broad_neuronal_structural_warning,other_or_ambiguous	FGF pathway	secreted_medium_compatible	high	proliferative_or_survival_counter_signal	growth/permissive counter-signal	fgf_mapk:ligand
GSE165657	Cerebellum_aggr	aggregate	100.0	FGF10	FGF10	25064	0.0028327481646983	0.0019796885943131	1.0	0.5	0.5	0.00163487799631685	0.00119787016838145	broad_neuronal_structural_warning,other_or_ambiguous	FGF pathway	secreted_medium_compatible	high	proliferative_or_survival_counter_signal	growth/permissive counter-signal	fgf_mapk:ligand
GSE312658	Ctrl	adult_or_ctrl	200.0	FGF10	Fgf10	1829	0.0694368507381082	0.0723414828081542	0.6666666666666666	0.6666666666666666	0.0	0.0778117824973507	-0.008374931759242504	broad_neuronal_structural_warning,other_or_ambiguous	FGF pathway	secreted_medium_compatible	high	proliferative_or_survival_counter_signal	growth/permissive counter-signal	fgf_mapk:ligand
GSE312658	cKO	perturbed_cKO	201.0	FGF10	Fgf10	2329	0.1446972949763847	0.1518966111919426	0.6666666666666666	0.6666666666666666	0.0	0.08758762234335994	0.05710967263302476	broad_neuronal_structural_warning,other_or_ambiguous	FGF pathway	secreted_medium_compatible	high	proliferative_or_survival_counter_signal	growth/permissive counter-signal	fgf_mapk:ligand
GSE165657	Cerebellum_aggr	aggregate	100.0	FGF17	FGF17	25064	0.0018353016278327	0.0012721341488093	0.3333333333333333	0.8333333333333333	-0.49999999999999994	0.0042137385623896	-0.0023784369345569	broad_neuronal_structural_warning,other_or_ambiguous	FGF pathway	secreted_medium_compatible	high	proliferative_or_survival_counter_signal	growth/permissive counter-signal	fgf_mapk:ligand
GSE312658	Ctrl	adult_or_ctrl	200.0	FGF17	Fgf17	1829	0.0	0.0	0.6666666666666666	0.6666666666666666	0.0	0.0	0.0	broad_neuronal_structural_warning,other_or_ambiguous	FGF pathway	secreted_medium_compatible	high	proliferative_or_survival_counter_signal	growth/permissive counter-signal	fgf_mapk:ligand
GSE312658	cKO	perturbed_cKO	201.0	FGF17	Fgf17	2329	0.0017174753112924	0.0011904631697036	1.0	0.5	0.5	0.00064040986231185	0.00107706544898055	broad_neuronal_structural_warning,other_or_ambiguous	FGF pathway	secreted_medium_compatible	high	proliferative_or_survival_counter_signal	growth/permissive counter-signal	fgf_mapk:ligand
GSE122357	GSM3464549_P0	P0	0.0	FGF2	Fgf2	2678	0.0033607169529499	0.0023294714805972	0.3333333333333333	0.8333333333333333	-0.49999999999999994	0.00531201377037415	-0.0019512968174242497	broad_neuronal_structural_warning,other_or_ambiguous	FGF pathway	secreted_medium_compatible	high	proliferative_or_survival_counter_signal	growth/permissive counter-signal	fgf_mapk:ligand
GSE122357	GSM3464550_P8a	P8a	8.1	FGF2	Fgf2	2082	0.005283381364073	0.003856908786872	0.6666666666666666	0.6666666666666666	0.0	0.006720639236561901	-0.0014372578724889005	broad_neuronal_structural_warning,other_or_ambiguous	FGF pathway	secreted_medium_compatible	high	proliferative_or_survival_counter_signal	growth/permissive counter-signal	fgf_mapk:ligand
GSE122357	GSM3464551_P8b	P8b	8.2	FGF2	Fgf2	2697	0.0040786058583611	0.0028270741513383	0.3333333333333333	0.8333333333333333	-0.49999999999999994	0.007430790785109951	-0.0033521849267488506	broad_neuronal_structural_warning,other_or_ambiguous	FGF pathway	secreted_medium_compatible	high	proliferative_or_survival_counter_signal	growth/permissive counter-signal	fgf_mapk:ligand
GSE165657	Cerebellum_aggr	aggregate	100.0	FGF2	FGF2	25064	0.0117299712735397	0.0082438368513158	1.0	0.5	0.5	0.0091880656098401	0.0025419056636995993	broad_neuronal_structural_warning,other_or_ambiguous	FGF pathway	secreted_medium_compatible	high	proliferative_or_survival_counter_signal	growth/permissive counter-signal	fgf_mapk:ligand
GSE312658	Ctrl	adult_or_ctrl	200.0	FGF2	Fgf2	1829	0.0328048113723346	0.0236253096041713	0.6666666666666666	0.6666666666666666	0.0	0.030052322500883	0.0027524888714515958	broad_neuronal_structural_warning,other_or_ambiguous	FGF pathway	secreted_medium_compatible	high	proliferative_or_survival_counter_signal	growth/permissive counter-signal	fgf_mapk:ligand
GSE312658	cKO	perturbed_cKO	201.0	FGF2	Fgf2	2329	0.0266208673250322	0.0188003672867895	0.6666666666666666	0.6666666666666666	0.0	0.0277372699250411	-0.0011164026000089027	broad_neuronal_structural_warning,other_or_ambiguous	FGF pathway	secreted_medium_compatible	high	proliferative_or_survival_counter_signal	growth/permissive counter-signal	fgf_mapk:ligand
GSE122357	GSM3464549_P0	P0	0.0	FGF8	Fgf8	2678	0.0687079910380881	0.0680091060686781	1.0	0.5	0.5	0.04206259365456965	0.026645397383518447	broad_neuronal_structural_warning,other_or_ambiguous	FGF pathway	secreted_medium_compatible	high	proliferative_or_survival_counter_signal	growth/permissive counter-signal	fgf_mapk:ligand
GSE122357	GSM3464550_P8a	P8a	8.1	FGF8	Fgf8	2082	0.0379442843419788	0.029825500812355	1.0	0.5	0.5	0.01607784021296545	0.02186644412901335	broad_neuronal_structural_warning,other_or_ambiguous	FGF pathway	secreted_medium_compatible	high	proliferative_or_survival_counter_signal	growth/permissive counter-signal	fgf_mapk:ligand
GSE122357	GSM3464551_P8b	P8b	8.2	FGF8	Fgf8	2697	0.0519095291064145	0.0450064739674456	1.0	0.5	0.5	0.0303446797053479	0.021564849401066597	broad_neuronal_structural_warning,other_or_ambiguous	FGF pathway	secreted_medium_compatible	high	proliferative_or_survival_counter_signal	growth/permissive counter-signal	fgf_mapk:ligand
GSE165657	Cerebellum_aggr	aggregate	100.0	FGF8	FGF8	25064	0.0150813916374082	0.0113402539755463	1.0	0.5	0.5	0.0039161271227474495	0.011165264514660751	broad_neuronal_structural_warning,other_or_ambiguous	FGF pathway	secreted_medium_compatible	high	proliferative_or_survival_counter_signal	growth/permissive counter-signal	fgf_mapk:ligand
GSE312658	Ctrl	adult_or_ctrl	200.0	FGF8	Fgf8	1829	0.0092946965554948	0.0082092949231196	1.0	0.5	0.5	0.00393936550688795	0.005355331048606849	broad_neuronal_structural_warning,other_or_ambiguous	FGF pathway	secreted_medium_compatible	high	proliferative_or_survival_counter_signal	growth/permissive counter-signal	fgf_mapk:ligand
GSE312658	cKO	perturbed_cKO	201.0	FGF8	Fgf8	2329	0.0	0.0	0.6666666666666666	0.6666666666666666	0.0	0.0	0.0	broad_neuronal_structural_warning,other_or_ambiguous	FGF pathway	secreted_medium_compatible	high	proliferative_or_survival_counter_signal	growth/permissive counter-signal	fgf_mapk:ligand
GSE122357	GSM3464549_P0	P0	0.0	FGF9	Fgf9	2678	0.3241224794622853	0.2763759595548207	1.0	0.5	0.5	0.1426387428404333	0.181483736621852	broad_neuronal_structural_warning,other_or_ambiguous	FGF pathway	secreted_medium_compatible	high	proliferative_or_survival_counter_signal	growth/permissive counter-signal	fgf_mapk:ligand
GSE122357	GSM3464550_P8a	P8a	8.1	FGF9	Fgf9	2082	0.4231508165225744	0.3598446453546898	1.0	0.5	0.5	0.21247703317510558	0.21067378334746883	broad_neuronal_structural_warning,other_or_ambiguous	FGF pathway	secreted_medium_compatible	high	proliferative_or_survival_counter_signal	growth/permissive counter-signal	fgf_mapk:ligand
GSE122357	GSM3464551_P8b	P8b	8.2	FGF9	Fgf9	2697	0.4197256210604375	0.3504427351777753	1.0	0.5	0.5	0.20935132533772288	0.2103742957227146	broad_neuronal_structural_warning,other_or_ambiguous	FGF pathway	secreted_medium_compatible	high	proliferative_or_survival_counter_signal	growth/permissive counter-signal	fgf_mapk:ligand
GSE165657	Cerebellum_aggr	aggregate	100.0	FGF9	FGF9	25064	0.1678104053622725	0.1294674683261593	1.0	0.5	0.5	0.09830087123139569	0.06950953413087682	broad_neuronal_structural_warning,other_or_ambiguous	FGF pathway	secreted_medium_compatible	high	proliferative_or_survival_counter_signal	growth/permissive counter-signal	fgf_mapk:ligand
GSE312658	Ctrl	adult_or_ctrl	200.0	FGF9	Fgf9	1829	0.2405686167304538	0.1998312014919149	1.0	0.5	0.5	0.0967993862592723	0.1437692304711815	broad_neuronal_structural_warning,other_or_ambiguous	FGF pathway	secreted_medium_compatible	high	proliferative_or_survival_counter_signal	growth/permissive counter-signal	fgf_mapk:ligand
GSE312658	cKO	perturbed_cKO	201.0	FGF9	Fgf9	2329	0.218978102189781	0.1720369566440808	1.0	0.5	0.5	0.07576029381695851	0.1432178083728225	broad_neuronal_structural_warning,other_or_ambiguous	FGF pathway	secreted_medium_compatible	high	proliferative_or_survival_counter_signal	growth/permissive counter-signal	fgf_mapk:ligand
GSE122357	GSM3464549_P0	P0	0.0	FRZB	Frzb	2678	0.0100821508588498	0.0073986505465969	1.0	0.5	0.5	0.00627768935062545	0.00380446150822435	broad_neuronal_structural_warning,other_or_ambiguous	WNT antagonist	secreted_medium_compatible	high	anti_neurogenic_or_differentiation	secreted frizzled-related candidate	
GSE122357	GSM3464550_P8a	P8a	8.1	FRZB	Frzb	2082	0.0091258405379442	0.0063255506391157	0.3333333333333333	0.8333333333333333	-0.49999999999999994	0.0221076679649671	-0.012981827427022901	broad_neuronal_structural_warning,other_or_ambiguous	WNT antagonist	secreted_medium_compatible	high	anti_neurogenic_or_differentiation	secreted frizzled-related candidate	
GSE122357	GSM3464551_P8b	P8b	8.2	FRZB	Frzb	2697	0.0059325176121616	0.004112107856492	0.3333333333333333	0.8333333333333333	-0.49999999999999994	0.01685107947189625	-0.010918561859734648	broad_neuronal_structural_warning,other_or_ambiguous	WNT antagonist	secreted_medium_compatible	high	anti_neurogenic_or_differentiation	secreted frizzled-related candidate	
GSE165657	Cerebellum_aggr	aggregate	100.0	FRZB	FRZB	25064	0.0422518353016278	0.0374474192127247	0.3333333333333333	0.8333333333333333	-0.49999999999999994	0.07452924269554695	-0.03227740739391915	broad_neuronal_structural_warning,other_or_ambiguous	WNT antagonist	secreted_medium_compatible	high	anti_neurogenic_or_differentiation	secreted frizzled-related candidate	
GSE312658	Ctrl	adult_or_ctrl	200.0	FRZB	Frzb	1829	0.0087479496992892	0.0067286769892201	1.0	0.5	0.5	0.0070729203461674	0.0016750293531218007	broad_neuronal_structural_warning,other_or_ambiguous	WNT antagonist	secreted_medium_compatible	high	anti_neurogenic_or_differentiation	secreted frizzled-related candidate	
GSE312658	cKO	perturbed_cKO	201.0	FRZB	Frzb	2329	0.0115929583512237	0.0083838145518827	1.0	0.5	0.5	0.005224548530336499	0.0063684098208872005	broad_neuronal_structural_warning,other_or_ambiguous	WNT antagonist	secreted_medium_compatible	high	anti_neurogenic_or_differentiation	secreted frizzled-related candidate	
GSE122357	GSM3464549_P0	P0	0.0	GDF10	Gdf10	2678	0.0694548170276325	0.0805850481708174	0.3333333333333333	0.8333333333333333	-0.49999999999999994	0.21563902823348086	-0.14618421120584835	broad_neuronal_structural_warning,other_or_ambiguous	BMP/GDF superfamily	secreted_medium_compatible	high	anti_proliferative_or_differentiation	TGF-beta family differentiation candidate	
GSE122357	GSM3464550_P8a	P8a	8.1	GDF10	Gdf10	2082	0.0144092219020172	0.0166479771004212	0.3333333333333333	0.8333333333333333	-0.49999999999999994	0.06832571952798655	-0.05391649762596935	broad_neuronal_structural_warning,other_or_ambiguous	BMP/GDF superfamily	secreted_medium_compatible	high	anti_proliferative_or_differentiation	TGF-beta family differentiation candidate	
GSE122357	GSM3464551_P8b	P8b	8.2	GDF10	Gdf10	2697	0.0266963292547274	0.0273820042248708	0.3333333333333333	0.8333333333333333	-0.49999999999999994	0.0783874668081134	-0.051691137553386	broad_neuronal_structural_warning,other_or_ambiguous	BMP/GDF superfamily	secreted_medium_compatible	high	anti_proliferative_or_differentiation	TGF-beta family differentiation candidate	
GSE165657	Cerebellum_aggr	aggregate	100.0	GDF10	GDF10	25064	0.0161586338972231	0.0144250592638696	0.3333333333333333	0.8333333333333333	-0.49999999999999994	0.0260965980258016	-0.009937964128578499	broad_neuronal_structural_warning,other_or_ambiguous	BMP/GDF superfamily	secreted_medium_compatible	high	anti_proliferative_or_differentiation	TGF-beta family differentiation candidate	
GSE312658	Ctrl	adult_or_ctrl	200.0	GDF10	Gdf10	1829	0.0792782941498086	0.0833981758935227	0.6666666666666666	0.6666666666666666	0.0	0.10737703108442245	-0.028098736934613858	broad_neuronal_structural_warning,other_or_ambiguous	BMP/GDF superfamily	secreted_medium_compatible	high	anti_proliferative_or_differentiation	TGF-beta family differentiation candidate	
GSE312658	cKO	perturbed_cKO	201.0	GDF10	Gdf10	2329	0.1313868613138686	0.1408215944252674	0.3333333333333333	0.8333333333333333	-0.49999999999999994	0.1667467178994556	-0.03535985658558702	broad_neuronal_structural_warning,other_or_ambiguous	BMP/GDF superfamily	secreted_medium_compatible	high	anti_proliferative_or_differentiation	TGF-beta family differentiation candidate	
GSE122357	GSM3464549_P0	P0	0.0	GDF11	Gdf11	2678	0.0649738610903659	0.0468093381923346	1.0	0.5	0.5	0.04928872007922045	0.015685141011145452	broad_neuronal_structural_warning,other_or_ambiguous	BMP/GDF superfamily	secreted_medium_compatible	high	anti_proliferative_or_differentiation	TGF-beta family differentiation candidate	
GSE122357	GSM3464550_P8a	P8a	8.1	GDF11	Gdf11	2082	0.0715658021133525	0.0511070450204807	0.6666666666666666	0.6666666666666666	0.0	0.17056922016098244	-0.09900341804762994	broad_neuronal_structural_warning,other_or_ambiguous	BMP/GDF superfamily	secreted_medium_compatible	high	anti_proliferative_or_differentiation	TGF-beta family differentiation candidate	
GSE122357	GSM3464551_P8b	P8b	8.2	GDF11	Gdf11	2697	0.060808305524657	0.0430511413646571	0.6666666666666666	0.6666666666666666	0.0	0.0912730529441828	-0.030464747419525796	broad_neuronal_structural_warning,other_or_ambiguous	BMP/GDF superfamily	secreted_medium_compatible	high	anti_proliferative_or_differentiation	TGF-beta family differentiation candidate	
GSE165657	Cerebellum_aggr	aggregate	100.0	GDF11	GDF11	25064	0.0069422278965847	0.0048119856933223	0.6666666666666666	0.6666666666666666	0.0	0.0067147376585244	0.0002274902380603001	broad_neuronal_structural_warning,other_or_ambiguous	BMP/GDF superfamily	secreted_medium_compatible	high	anti_proliferative_or_differentiation	TGF-beta family differentiation candidate	
GSE312658	Ctrl	adult_or_ctrl	200.0	GDF11	Gdf11	1829	0.0831055221432476	0.0598212260941462	0.6666666666666666	0.6666666666666666	0.0	0.06798337601554215	0.015122146127705446	broad_neuronal_structural_warning,other_or_ambiguous	BMP/GDF superfamily	secreted_medium_compatible	high	anti_proliferative_or_differentiation	TGF-beta family differentiation candidate	
GSE312658	cKO	perturbed_cKO	201.0	GDF11	Gdf11	2329	0.0742808072133963	0.0540989432625561	0.6666666666666666	0.6666666666666666	0.0	0.08307871254470325	-0.008797905331306949	broad_neuronal_structural_warning,other_or_ambiguous	BMP/GDF superfamily	secreted_medium_compatible	high	anti_proliferative_or_differentiation	TGF-beta family differentiation candidate	
GSE122357	GSM3464549_P0	P0	0.0	GDF15	Gdf15	2678	0.0011202389843166	0.0007764904935324	0.6666666666666666	0.6666666666666666	0.0	0.0013522650439486	-0.00023202605963200005	broad_neuronal_structural_warning,other_or_ambiguous	BMP/GDF superfamily	secreted_medium_compatible	high	stress_maturation_context_dependent	stress/differentiation-associated TGF-beta family candidate	
GSE122357	GSM3464550_P8a	P8a	8.1	GDF15	Gdf15	2082	0.0	0.0	0.3333333333333333	0.8333333333333333	-0.49999999999999994	0.005109029182427749	-0.005109029182427749	broad_neuronal_structural_warning,other_or_ambiguous	BMP/GDF superfamily	secreted_medium_compatible	high	stress_maturation_context_dependent	stress/differentiation-associated TGF-beta family candidate	
GSE122357	GSM3464551_P8b	P8b	8.2	GDF15	Gdf15	2697	0.0007415647015202	0.0005140134820615	1.0	0.5	0.5	0.00020112630732095	0.00054043839419925	broad_neuronal_structural_warning,other_or_ambiguous	BMP/GDF superfamily	secreted_medium_compatible	high	stress_maturation_context_dependent	stress/differentiation-associated TGF-beta family candidate	
GSE165657	Cerebellum_aggr	aggregate	100.0	GDF15	GDF15	25064	0.0003989786147462	0.0003292861333219	0.3333333333333333	0.8333333333333333	-0.49999999999999994	0.00148393789119485	-0.00108495927644865	broad_neuronal_structural_warning,other_or_ambiguous	BMP/GDF superfamily	secreted_medium_compatible	high	stress_maturation_context_dependent	stress/differentiation-associated TGF-beta family candidate	
GSE312658	Ctrl	adult_or_ctrl	200.0	GDF15	Gdf15	1829	0.0005467468562055	0.0003789760418589	1.0	0.5	0.5	0.00020559210526315	0.00034115475094235006	broad_neuronal_structural_warning,other_or_ambiguous	BMP/GDF superfamily	secreted_medium_compatible	high	stress_maturation_context_dependent	stress/differentiation-associated TGF-beta family candidate	
GSE312658	cKO	perturbed_cKO	201.0	GDF15	Gdf15	2329	0.0	0.0	0.3333333333333333	0.8333333333333333	-0.49999999999999994	0.0004947744869969499	-0.0004947744869969499	broad_neuronal_structural_warning,other_or_ambiguous	BMP/GDF superfamily	secreted_medium_compatible	high	stress_maturation_context_dependent	stress/differentiation-associated TGF-beta family candidate	
GSE122357	GSM3464549_P0	P0	0.0	IGF1	Igf1	2678	0.0033607169529499	0.0028471318096188	0.3333333333333333	0.8333333333333333	-0.49999999999999994	0.024209247373202798	-0.0208485304202529	broad_neuronal_structural_warning,other_or_ambiguous	IGF pathway	secreted_medium_compatible	high	survival_or_proliferative_counter_signal	growth/survival counter-signal	
GSE122357	GSM3464550_P8a	P8a	8.1	IGF1	Igf1	2082	0.0115273775216138	0.009378436162985	0.3333333333333333	0.8333333333333333	-0.49999999999999994	0.15358631062455305	-0.14205893310293927	broad_neuronal_structural_warning,other_or_ambiguous	IGF pathway	secreted_medium_compatible	high	survival_or_proliferative_counter_signal	growth/survival counter-signal	
GSE122357	GSM3464551_P8b	P8b	8.2	IGF1	Igf1	2697	0.0088987764182424	0.0080842311369464	0.3333333333333333	0.8333333333333333	-0.49999999999999994	0.08120585499236604	-0.07230707857412365	broad_neuronal_structural_warning,other_or_ambiguous	IGF pathway	secreted_medium_compatible	high	survival_or_proliferative_counter_signal	growth/survival counter-signal	
GSE165657	Cerebellum_aggr	aggregate	100.0	IGF1	IGF1	25064	0.0041493775933609	0.0034809233873944	0.3333333333333333	0.8333333333333333	-0.49999999999999994	0.03520157546939125	-0.03105219787603035	broad_neuronal_structural_warning,other_or_ambiguous	IGF pathway	secreted_medium_compatible	high	survival_or_proliferative_counter_signal	growth/survival counter-signal	
GSE312658	Ctrl	adult_or_ctrl	200.0	IGF1	Igf1	1829	0.0136686714051394	0.0140020961542454	0.3333333333333333	0.8333333333333333	-0.49999999999999994	0.083422101289297	-0.0697534298841576	broad_neuronal_structural_warning,other_or_ambiguous	IGF pathway	secreted_medium_compatible	high	survival_or_proliferative_counter_signal	growth/survival counter-signal	
GSE312658	cKO	perturbed_cKO	201.0	IGF1	Igf1	2329	0.0227565478746243	0.018374380485746	0.3333333333333333	0.8333333333333333	-0.49999999999999994	0.10842409021291695	-0.08566754233829266	broad_neuronal_structural_warning,other_or_ambiguous	IGF pathway	secreted_medium_compatible	high	survival_or_proliferative_counter_signal	growth/survival counter-signal	
GSE122357	GSM3464549_P0	P0	0.0	IGF2	Igf2	2678	0.0022404779686333	0.0015529809870648	0.3333333333333333	0.8333333333333333	-0.49999999999999994	0.0047485700020622	-0.0025080920334289	broad_neuronal_structural_warning,other_or_ambiguous	IGF pathway	secreted_medium_compatible	high	survival_or_proliferative_counter_signal	growth/survival counter-signal	
GSE122357	GSM3464550_P8a	P8a	8.1	IGF2	Igf2	2082	0.0081652257444764	0.0094524758747176	0.6666666666666666	0.6666666666666666	0.0	0.01683156868196565	-0.008666342937489248	broad_neuronal_structural_warning,other_or_ambiguous	IGF pathway	secreted_medium_compatible	high	survival_or_proliferative_counter_signal	growth/survival counter-signal	
GSE122357	GSM3464551_P8b	P8b	8.2	IGF2	Igf2	2697	0.0103819058212829	0.0099514736664535	0.3333333333333333	0.8333333333333333	-0.49999999999999994	0.0201878011856375	-0.0098058953643546	broad_neuronal_structural_warning,other_or_ambiguous	IGF pathway	secreted_medium_compatible	high	survival_or_proliferative_counter_signal	growth/survival counter-signal	
GSE165657	Cerebellum_aggr	aggregate	100.0	IGF2	IGF2	25064	0.0047877433769549	0.0052341189472229	0.3333333333333333	0.8333333333333333	-0.49999999999999994	0.01296576454129865	-0.00817802116434375	broad_neuronal_structural_warning,other_or_ambiguous	IGF pathway	secreted_medium_compatible	high	survival_or_proliferative_counter_signal	growth/survival counter-signal	
GSE312658	Ctrl	adult_or_ctrl	200.0	IGF2	Igf2	1829	0.0071077091306724	0.005148375317325	1.0	0.5	0.5	0.0028782894736842	0.0042294196569882	broad_neuronal_structural_warning,other_or_ambiguous	IGF pathway	secreted_medium_compatible	high	survival_or_proliferative_counter_signal	growth/survival counter-signal	
GSE312658	cKO	perturbed_cKO	201.0	IGF2	Igf2	2329	0.0081580077286389	0.0056547000560922	0.3333333333333333	0.8333333333333333	-0.49999999999999994	0.01106057274245875	-0.002902565013819851	broad_neuronal_structural_warning,other_or_ambiguous	IGF pathway	secreted_medium_compatible	high	survival_or_proliferative_counter_signal	growth/survival counter-signal	
GSE122357	GSM3464551_P8b	P8b	8.2	IL6	Il6	2697	0.0014831294030404	0.001028026964123	1.0	0.5	0.5	0.00030168946098145	0.00118143994205895	broad_neuronal_structural_warning,other_or_ambiguous	cytokine/neuroimmune	secreted_medium_compatible	high	context_dependent	cytokine candidate	
GSE165657	Cerebellum_aggr	aggregate	100.0	IL6	IL6	25064	0.0001595914458984	0.000110620360766	0.3333333333333333	0.8333333333333333	-0.49999999999999994	0.0013461709630442	-0.0011865795171458	broad_neuronal_structural_warning,other_or_ambiguous	cytokine/neuroimmune	secreted_medium_compatible	high	context_dependent	cytokine candidate	
GSE312658	Ctrl	adult_or_ctrl	200.0	IL6	Il6	1829	0.0010934937124111	0.0007579520837178	1.0	0.5	0.5	0.0004111842105263	0.0006823095018848001	broad_neuronal_structural_warning,other_or_ambiguous	cytokine/neuroimmune	secreted_medium_compatible	high	context_dependent	cytokine candidate	
GSE312658	cKO	perturbed_cKO	201.0	IL6	Il6	2329	0.0	0.0	0.5	0.75	-0.25	0.0003202049311559	-0.0003202049311559	broad_neuronal_structural_warning,other_or_ambiguous	cytokine/neuroimmune	secreted_medium_compatible	high	context_dependent	cytokine candidate	
GSE122357	GSM3464549_P0	P0	0.0	INHBA	Inhba	2678	0.0003734129947722	0.0002588301645108	0.6666666666666666	0.6666666666666666	0.0	0.00022537750732475	0.00014803548744745	broad_neuronal_structural_warning,other_or_ambiguous	activin/inhibin	secreted_medium_compatible	high	anti_proliferative_or_differentiation	activin branch candidate	
GSE122357	GSM3464550_P8a	P8a	8.1	INHBA	Inhba	2082	0.0019212295869356	0.0013316948713927	1.0	0.5	0.5	0.0009492812584757	0.0009719483284598999	broad_neuronal_structural_warning,other_or_ambiguous	activin/inhibin	secreted_medium_compatible	high	anti_proliferative_or_differentiation	activin branch candidate	
GSE122357	GSM3464551_P8b	P8b	8.2	INHBA	Inhba	2697	0.0018539117538005	0.0012850337051537	1.0	0.5	0.5	0.00080450522928395	0.0010494065245165501	broad_neuronal_structural_warning,other_or_ambiguous	activin/inhibin	secreted_medium_compatible	high	anti_proliferative_or_differentiation	activin branch candidate	
GSE165657	Cerebellum_aggr	aggregate	100.0	INHBA	INHBA	25064	0.0007979572294924	0.0006630938388314	0.3333333333333333	0.8333333333333333	-0.49999999999999994	0.0022525475887075503	-0.0014545903592151502	broad_neuronal_structural_warning,other_or_ambiguous	activin/inhibin	secreted_medium_compatible	high	anti_proliferative_or_differentiation	activin branch candidate	
GSE312658	Ctrl	adult_or_ctrl	200.0	INHBA	Inhba	1829	0.0459267359212684	0.0379564437388802	0.3333333333333333	0.8333333333333333	-0.49999999999999994	0.17313476907453196	-0.12720803315326357	broad_neuronal_structural_warning,other_or_ambiguous	activin/inhibin	secreted_medium_compatible	high	anti_proliferative_or_differentiation	activin branch candidate	
GSE312658	cKO	perturbed_cKO	201.0	INHBA	Inhba	2329	0.0811507084585659	0.0693727006475545	0.3333333333333333	0.8333333333333333	-0.49999999999999994	0.20334942073770584	-0.12219871227913995	broad_neuronal_structural_warning,other_or_ambiguous	activin/inhibin	secreted_medium_compatible	high	anti_proliferative_or_differentiation	activin branch candidate	
GSE122357	GSM3464549_P0	P0	0.0	INHBB	Inhbb	2678	0.0761762509335324	0.0579686163222724	1.0	0.5	0.5	0.0476641504832208	0.028512100450311606	broad_neuronal_structural_warning,other_or_ambiguous	activin/inhibin	secreted_medium_compatible	high	anti_proliferative_or_differentiation	activin branch candidate	
GSE122357	GSM3464550_P8a	P8a	8.1	INHBB	Inhbb	2082	0.0062439961575408	0.0043280083320265	0.3333333333333333	0.8333333333333333	-0.49999999999999994	0.0592427175716084	-0.0529987214140676	broad_neuronal_structural_warning,other_or_ambiguous	activin/inhibin	secreted_medium_compatible	high	anti_proliferative_or_differentiation	activin branch candidate	
GSE122357	GSM3464551_P8b	P8b	8.2	INHBB	Inhbb	2697	0.0063032999629217	0.0046697932093939	0.3333333333333333	0.8333333333333333	-0.49999999999999994	0.0324917735712777	-0.026188473608356	broad_neuronal_structural_warning,other_or_ambiguous	activin/inhibin	secreted_medium_compatible	high	anti_proliferative_or_differentiation	activin branch candidate	
GSE165657	Cerebellum_aggr	aggregate	100.0	INHBB	INHBB	25064	0.0340727736993297	0.0252085540327244	1.0	0.5	0.5	0.023062634427775702	0.011010139271553997	broad_neuronal_structural_warning,other_or_ambiguous	activin/inhibin	secreted_medium_compatible	high	anti_proliferative_or_differentiation	activin branch candidate	
GSE312658	Ctrl	adult_or_ctrl	200.0	INHBB	Inhbb	1829	0.032258064516129	0.0250483220073667	0.6666666666666666	0.6666666666666666	0.0	0.0267131755563405	0.0055448889597884965	broad_neuronal_structural_warning,other_or_ambiguous	activin/inhibin	secreted_medium_compatible	high	anti_proliferative_or_differentiation	activin branch candidate	
GSE312658	cKO	perturbed_cKO	201.0	INHBB	Inhbb	2329	0.0227565478746243	0.0172393389743829	0.6666666666666666	0.6666666666666666	0.0	0.0253212658511085	-0.0025647179764842	broad_neuronal_structural_warning,other_or_ambiguous	activin/inhibin	secreted_medium_compatible	high	anti_proliferative_or_differentiation	activin branch candidate	
GSE122357	GSM3464549_P0	P0	0.0	JAG1	Jag1	2678	0.0179238237490664	0.0125752538368131	0.3333333333333333	0.8333333333333333	-0.49999999999999994	0.04549018330916745	-0.02756635956010105	broad_neuronal_structural_warning,other_or_ambiguous	Notch ligand	cell_bound_or_shed	lower	differentiation_context_dependent	cell-bound Notch ligand; weaker CM candidate	notch_hes:ligand
GSE122357	GSM3464550_P8a	P8a	8.1	JAG1	Jag1	2082	0.0163304514889529	0.0119036500784642	0.3333333333333333	0.8333333333333333	-0.49999999999999994	0.0438969249748969	-0.027566473485944005	broad_neuronal_structural_warning,other_or_ambiguous	Notch ligand	cell_bound_or_shed	lower	differentiation_context_dependent	cell-bound Notch ligand; weaker CM candidate	notch_hes:ligand
GSE122357	GSM3464551_P8b	P8b	8.2	JAG1	Jag1	2697	0.0126065999258435	0.0091892471128522	0.3333333333333333	0.8333333333333333	-0.49999999999999994	0.0385328178480855	-0.025926217922242	broad_neuronal_structural_warning,other_or_ambiguous	Notch ligand	cell_bound_or_shed	lower	differentiation_context_dependent	cell-bound Notch ligand; weaker CM candidate	notch_hes:ligand
GSE165657	Cerebellum_aggr	aggregate	100.0	JAG1	JAG1	25064	0.0227816789020108	0.0168921576163581	0.3333333333333333	0.8333333333333333	-0.49999999999999994	0.04531301805550915	-0.02253133915349835	broad_neuronal_structural_warning,other_or_ambiguous	Notch ligand	cell_bound_or_shed	lower	differentiation_context_dependent	cell-bound Notch ligand; weaker CM candidate	notch_hes:ligand
GSE312658	Ctrl	adult_or_ctrl	200.0	JAG1	Jag1	1829	0.0481137233460907	0.03445832554938	0.6666666666666666	0.6666666666666666	0.0	0.0514601178912045	-0.003346394545113797	broad_neuronal_structural_warning,other_or_ambiguous	Notch ligand	cell_bound_or_shed	lower	differentiation_context_dependent	cell-bound Notch ligand; weaker CM candidate	notch_hes:ligand
GSE312658	cKO	perturbed_cKO	201.0	JAG1	Jag1	2329	0.0498067840274796	0.0362138003393641	0.6666666666666666	0.6666666666666666	0.0	0.052956301671624004	-0.003149517644144402	broad_neuronal_structural_warning,other_or_ambiguous	Notch ligand	cell_bound_or_shed	lower	differentiation_context_dependent	cell-bound Notch ligand; weaker CM candidate	notch_hes:ligand
GSE122357	GSM3464549_P0	P0	0.0	JAG2	Jag2	2678	0.001867064973861	0.0014455567628483	0.6666666666666666	0.6666666666666666	0.0	0.0019798743632127498	-0.0001128093893517498	broad_neuronal_structural_warning,other_or_ambiguous	Notch ligand	cell_bound_or_shed	lower	differentiation_context_dependent	cell-bound Notch ligand; weaker CM candidate	notch_hes:ligand
GSE122357	GSM3464550_P8a	P8a	8.1	JAG2	Jag2	2082	0.0009606147934678	0.0006658474356963	0.3333333333333333	0.8333333333333333	-0.49999999999999994	0.02225900881943075	-0.02129839402596295	broad_neuronal_structural_warning,other_or_ambiguous	Notch ligand	cell_bound_or_shed	lower	differentiation_context_dependent	cell-bound Notch ligand; weaker CM candidate	notch_hes:ligand
GSE122357	GSM3464551_P8b	P8b	8.2	JAG2	Jag2	2697	0.0014831294030404	0.001028026964123	0.3333333333333333	0.8333333333333333	-0.49999999999999994	0.0102284214446592	-0.0087452920416188	broad_neuronal_structural_warning,other_or_ambiguous	Notch ligand	cell_bound_or_shed	lower	differentiation_context_dependent	cell-bound Notch ligand; weaker CM candidate	notch_hes:ligand
GSE165657	Cerebellum_aggr	aggregate	100.0	JAG2	JAG2	25064	0.0025135652729013	0.001758447872781	0.3333333333333333	0.8333333333333333	-0.49999999999999994	0.0046393293298953	-0.002125764056994	broad_neuronal_structural_warning,other_or_ambiguous	Notch ligand	cell_bound_or_shed	lower	differentiation_context_dependent	cell-bound Notch ligand; weaker CM candidate	notch_hes:ligand
GSE312658	Ctrl	adult_or_ctrl	200.0	JAG2	Jag2	1829	0.0907599781301257	0.0668644816207658	0.6666666666666666	0.6666666666666666	0.0	0.11524196397032845	-0.02448198584020274	broad_neuronal_structural_warning,other_or_ambiguous	Notch ligand	cell_bound_or_shed	lower	differentiation_context_dependent	cell-bound Notch ligand; weaker CM candidate	notch_hes:ligand
GSE312658	cKO	perturbed_cKO	201.0	JAG2	Jag2	2329	0.0927436668097896	0.069928971016404	0.6666666666666666	0.6666666666666666	0.0	0.13834589076768164	-0.04560222395789204	broad_neuronal_structural_warning,other_or_ambiguous	Notch ligand	cell_bound_or_shed	lower	differentiation_context_dependent	cell-bound Notch ligand; weaker CM candidate	notch_hes:ligand
GSE122357	GSM3464550_P8a	P8a	8.1	LIF	Lif	2082	0.0004803073967339	0.0003329237178481	0.6666666666666666	0.6666666666666666	0.0	0.00027122321670735	0.00020908418002655	broad_neuronal_structural_warning,other_or_ambiguous	cytokine/neurotrophic	secreted_medium_compatible	high	differentiation_context_dependent	IL6-family differentiation candidate	
GSE165657	Cerebellum_aggr	aggregate	100.0	LIF	LIF	25064	3.989786147462496e-05	2.765509019150755e-05	0.3333333333333333	0.8333333333333333	-0.49999999999999994	0.00034331332797955	-0.00030341546650492504	broad_neuronal_structural_warning,other_or_ambiguous	cytokine/neurotrophic	secreted_medium_compatible	high	differentiation_context_dependent	IL6-family differentiation candidate	
GSE312658	Ctrl	adult_or_ctrl	200.0	LIF	Lif	1829	0.0005467468562055	0.0003789760418589	0.6666666666666666	0.6666666666666666	0.0	0.0004111842105263	0.00013556264567920004	broad_neuronal_structural_warning,other_or_ambiguous	cytokine/neurotrophic	secreted_medium_compatible	high	differentiation_context_dependent	IL6-family differentiation candidate	
GSE312658	cKO	perturbed_cKO	201.0	LIF	Lif	2329	0.0	0.0	0.6666666666666666	0.6666666666666666	0.0	0.0	0.0	broad_neuronal_structural_warning,other_or_ambiguous	cytokine/neurotrophic	secreted_medium_compatible	high	differentiation_context_dependent	IL6-family differentiation candidate	
GSE122357	GSM3464549_P0	P0	0.0	MDK	Mdk	2678	0.6258401792382375	0.9543869708206512	0.6666666666666666	0.6666666666666666	0.0	0.6695282587001783	-0.043688079461940754	broad_neuronal_structural_warning,other_or_ambiguous	growth factor	secreted_medium_compatible	high	survival_or_proliferative_counter_signal	growth/survival counter-signal	
GSE122357	GSM3464550_P8a	P8a	8.1	MDK	Mdk	2082	0.5595581171950048	0.8642885320289366	0.6666666666666666	0.6666666666666666	0.0	0.6030104076595477	-0.04345229046454291	broad_neuronal_structural_warning,other_or_ambiguous	growth factor	secreted_medium_compatible	high	survival_or_proliferative_counter_signal	growth/survival counter-signal	
GSE122357	GSM3464551_P8b	P8b	8.2	MDK	Mdk	2697	0.5943641082684464	0.8608258324658444	0.3333333333333333	0.8333333333333333	-0.49999999999999994	0.6586402894284143	-0.06427618115996792	broad_neuronal_structural_warning,other_or_ambiguous	growth factor	secreted_medium_compatible	high	survival_or_proliferative_counter_signal	growth/survival counter-signal	
GSE165657	Cerebellum_aggr	aggregate	100.0	MDK	MDK	25064	0.7534312160868177	1.0145119812951604	1.0	0.5	0.5	0.5637335263726504	0.18969768971416734	broad_neuronal_structural_warning,other_or_ambiguous	growth factor	secreted_medium_compatible	high	survival_or_proliferative_counter_signal	growth/survival counter-signal	
GSE312658	Ctrl	adult_or_ctrl	200.0	MDK	Mdk	1829	0.1711317659923455	0.1391950021519689	1.0	0.5	0.5	0.136769803073119	0.034361962919226496	broad_neuronal_structural_warning,other_or_ambiguous	growth factor	secreted_medium_compatible	high	survival_or_proliferative_counter_signal	growth/survival counter-signal	
GSE312658	cKO	perturbed_cKO	201.0	MDK	Mdk	2329	0.1262344353799914	0.0996531408410582	1.0	0.5	0.5	0.12531393585870856	0.0009204995212828415	broad_neuronal_structural_warning,other_or_ambiguous	growth factor	secreted_medium_compatible	high	survival_or_proliferative_counter_signal	growth/survival counter-signal	
GSE122357	GSM3464550_P8a	P8a	8.1	NGF	Ngf	2082	0.0004803073967339	0.0003329237178481	0.3333333333333333	0.8333333333333333	-0.49999999999999994	0.0059226988325498	-0.005442391435815899	broad_neuronal_structural_warning,other_or_ambiguous	neurotrophin	secreted_medium_compatible	high	maturation_survival_context_dependent	tested in 2005 but not main neutralized activity	
GSE122357	GSM3464551_P8b	P8b	8.2	NGF	Ngf	2697	0.0	0.0	0.3333333333333333	0.8333333333333333	-0.49999999999999994	0.0043133330216345005	-0.0043133330216345005	broad_neuronal_structural_warning,other_or_ambiguous	neurotrophin	secreted_medium_compatible	high	maturation_survival_context_dependent	tested in 2005 but not main neutralized activity	
GSE165657	Cerebellum_aggr	aggregate	100.0	NGF	NGF	25064	0.0003590807532716	0.0002854538524143	0.3333333333333333	0.8333333333333333	-0.49999999999999994	0.00178655409637015	-0.00142747334309855	broad_neuronal_structural_warning,other_or_ambiguous	neurotrophin	secreted_medium_compatible	high	maturation_survival_context_dependent	tested in 2005 but not main neutralized activity	
GSE312658	Ctrl	adult_or_ctrl	200.0	NGF	Ngf	1829	0.0049207217058501	0.0036324711498893	1.0	0.5	0.5	0.00248366301660185	0.00243705868924825	broad_neuronal_structural_warning,other_or_ambiguous	neurotrophin	secreted_medium_compatible	high	maturation_survival_context_dependent	tested in 2005 but not main neutralized activity	
GSE312658	cKO	perturbed_cKO	201.0	NGF	Ngf	2329	0.0072992700729927	0.0060534605764326	1.0	0.5	0.5	0.00363799096481985	0.0036612791081728495	broad_neuronal_structural_warning,other_or_ambiguous	neurotrophin	secreted_medium_compatible	high	maturation_survival_context_dependent	tested in 2005 but not main neutralized activity	
GSE122357	GSM3464549_P0	P0	0.0	NODAL	Nodal	2678	0.0007468259895444	0.0005176603290216	1.0	0.5	0.5	0.00022537750732475	0.0005214484822196499	broad_neuronal_structural_warning,other_or_ambiguous	TGF-beta superfamily	secreted_medium_compatible	high	developmental_context_dependent	developmental TGF-beta family candidate	
GSE122357	GSM3464550_P8a	P8a	8.1	NODAL	Nodal	2082	0.0	0.0	0.5	0.75	-0.25	0.00081366965012205	-0.00081366965012205	broad_neuronal_structural_warning,other_or_ambiguous	TGF-beta superfamily	secreted_medium_compatible	high	developmental_context_dependent	developmental TGF-beta family candidate	
GSE122357	GSM3464551_P8b	P8b	8.2	NODAL	Nodal	2697	0.0	0.0	0.5	0.75	-0.25	0.00110619469026545	-0.00110619469026545	broad_neuronal_structural_warning,other_or_ambiguous	TGF-beta superfamily	secreted_medium_compatible	high	developmental_context_dependent	developmental TGF-beta family candidate	
GSE165657	Cerebellum_aggr	aggregate	100.0	NODAL	NODAL	25064	0.0015560165975103	0.001466269557956	0.3333333333333333	0.8333333333333333	-0.49999999999999994	0.0045790570065168	-0.0030230404090065	broad_neuronal_structural_warning,other_or_ambiguous	TGF-beta superfamily	secreted_medium_compatible	high	developmental_context_dependent	developmental TGF-beta family candidate	
GSE312658	Ctrl	adult_or_ctrl	200.0	NODAL	Nodal	1829	0.0032804811372334	0.0022738562511534	1.0	0.5	0.5	0.0014557024902860502	0.0018247786469473498	broad_neuronal_structural_warning,other_or_ambiguous	TGF-beta superfamily	secreted_medium_compatible	high	developmental_context_dependent	developmental TGF-beta family candidate	
GSE312658	cKO	perturbed_cKO	201.0	NODAL	Nodal	2329	0.0021468441391155	0.0014880789621295	1.0	0.5	0.5	0.0011496514395719	0.0009971926995436002	broad_neuronal_structural_warning,other_or_ambiguous	TGF-beta superfamily	secreted_medium_compatible	high	developmental_context_dependent	developmental TGF-beta family candidate	
GSE122357	GSM3464549_P0	P0	0.0	NTF3	Ntf3	2678	0.1740104555638536	0.1709664049514631	1.0	0.5	0.5	0.0937350160669262	0.0802754394969274	broad_neuronal_structural_warning,other_or_ambiguous	neurotrophin	secreted_medium_compatible	high	maturation_survival_context_dependent	neurotrophin maturation candidate	
GSE122357	GSM3464550_P8a	P8a	8.1	NTF3	Ntf3	2082	0.0470701248799231	0.037293965060563	1.0	0.5	0.5	0.028509896246491702	0.018560228633431396	broad_neuronal_structural_warning,other_or_ambiguous	neurotrophin	secreted_medium_compatible	high	maturation_survival_context_dependent	neurotrophin maturation candidate	
GSE122357	GSM3464551_P8b	P8b	8.2	NTF3	Ntf3	2697	0.0333704115684093	0.0258035723526909	1.0	0.5	0.5	0.0245011342072721	0.008869277361137202	broad_neuronal_structural_warning,other_or_ambiguous	neurotrophin	secreted_medium_compatible	high	maturation_survival_context_dependent	neurotrophin maturation candidate	
GSE165657	Cerebellum_aggr	aggregate	100.0	NTF3	NTF3	25064	0.0903686562400255	0.0805443136741534	1.0	0.5	0.5	0.0401687644983075	0.050199891741718	broad_neuronal_structural_warning,other_or_ambiguous	neurotrophin	secreted_medium_compatible	high	maturation_survival_context_dependent	neurotrophin maturation candidate	
GSE312658	Ctrl	adult_or_ctrl	200.0	NTF3	Ntf3	1829	0.1793329688354292	0.1852936122676322	1.0	0.5	0.5	0.0477001280466266	0.1316328407888026	broad_neuronal_structural_warning,other_or_ambiguous	neurotrophin	secreted_medium_compatible	high	maturation_survival_context_dependent	neurotrophin maturation candidate	
GSE312658	cKO	perturbed_cKO	201.0	NTF3	Ntf3	2329	0.0493774151996565	0.0422960389945653	1.0	0.5	0.5	0.01856899258899185	0.03080842261066465	broad_neuronal_structural_warning,other_or_ambiguous	neurotrophin	secreted_medium_compatible	high	maturation_survival_context_dependent	neurotrophin maturation candidate	
GSE165657	Cerebellum_aggr	aggregate	100.0	NTF4	NTF4	25064	0.0	0.0	0.3333333333333333	0.8333333333333333	-0.49999999999999994	9.618661142874097e-05	-9.618661142874097e-05	broad_neuronal_structural_warning,other_or_ambiguous	neurotrophin	secreted_medium_compatible	high	maturation_survival_context_dependent	neurotrophin maturation candidate	
GSE312658	Ctrl	adult_or_ctrl	200.0	NTF4	Ntf5	1829	0.0005467468562055	0.0003789760418589	1.0	0.5	0.5	0.00020559210526315	0.00034115475094235006	broad_neuronal_structural_warning,other_or_ambiguous	neurotrophin	secreted_medium_compatible	high	maturation_survival_context_dependent	neurotrophin maturation candidate	
GSE312658	cKO	perturbed_cKO	201.0	NTF4	Ntf5	2329	0.0	0.0	0.3333333333333333	0.8333333333333333	-0.49999999999999994	0.0004947744869969499	-0.0004947744869969499	broad_neuronal_structural_warning,other_or_ambiguous	neurotrophin	secreted_medium_compatible	high	maturation_survival_context_dependent	neurotrophin maturation candidate	
GSE122357	GSM3464549_P0	P0	0.0	NTN1	Ntn1	2678	0.0933532486930545	0.0719852095930994	1.0	0.5	0.5	0.06360019179434326	0.029753056898711244	broad_neuronal_structural_warning,other_or_ambiguous	netrin guidance	secreted_medium_compatible	high	migration_or_survival_context_dependent	secreted guidance candidate	
GSE122357	GSM3464550_P8a	P8a	8.1	NTN1	Ntn1	2082	0.1777137367915466	0.1353002415908577	1.0	0.5	0.5	0.0755258882135232	0.10218784857802339	broad_neuronal_structural_warning,other_or_ambiguous	netrin guidance	secreted_medium_compatible	high	migration_or_survival_context_dependent	secreted guidance candidate	
GSE122357	GSM3464551_P8b	P8b	8.2	NTN1	Ntn1	2697	0.1668520578420467	0.1271951813082723	1.0	0.5	0.5	0.10250811357227725	0.06434394426976946	broad_neuronal_structural_warning,other_or_ambiguous	netrin guidance	secreted_medium_compatible	high	migration_or_survival_context_dependent	secreted guidance candidate	
GSE165657	Cerebellum_aggr	aggregate	100.0	NTN1	NTN1	25064	0.0480370252154484	0.0346989042343811	1.0	0.5	0.5	0.0276508902386346	0.0203861349768138	broad_neuronal_structural_warning,other_or_ambiguous	netrin guidance	secreted_medium_compatible	high	migration_or_survival_context_dependent	secreted guidance candidate	
GSE312658	Ctrl	adult_or_ctrl	200.0	NTN1	Ntn1	1829	0.2411153635866594	0.2722935152609697	1.0	0.5	0.5	0.14482790974920517	0.09628745383745421	broad_neuronal_structural_warning,other_or_ambiguous	netrin guidance	secreted_medium_compatible	high	migration_or_survival_context_dependent	secreted guidance candidate	
GSE312658	cKO	perturbed_cKO	201.0	NTN1	Ntn1	2329	0.0807213396307428	0.0698476462489091	0.3333333333333333	0.8333333333333333	-0.49999999999999994	0.10387949492494469	-0.0231581552942019	broad_neuronal_structural_warning,other_or_ambiguous	netrin guidance	secreted_medium_compatible	high	migration_or_survival_context_dependent	secreted guidance candidate	
GSE165657	Cerebellum_aggr	aggregate	100.0	NTN3	NTN3	25064	0.0	0.0	0.6666666666666666	0.6666666666666666	0.0	0.0	0.0	broad_neuronal_structural_warning,other_or_ambiguous	netrin guidance	secreted_medium_compatible	high	migration_or_survival_context_dependent	secreted guidance candidate	
GSE312658	Ctrl	adult_or_ctrl	200.0	NTN3	Ntn3	1829	0.0142154182613449	0.0098533770883316	0.6666666666666666	0.6666666666666666	0.0	0.01626799275874245	-0.00205257449739755	broad_neuronal_structural_warning,other_or_ambiguous	netrin guidance	secreted_medium_compatible	high	migration_or_survival_context_dependent	secreted guidance candidate	
GSE312658	cKO	perturbed_cKO	201.0	NTN3	Ntn3	2329	0.0145985401459854	0.010467125098864	0.6666666666666666	0.6666666666666666	0.0	0.0222793190051271	-0.0076807788591417	broad_neuronal_structural_warning,other_or_ambiguous	netrin guidance	secreted_medium_compatible	high	migration_or_survival_context_dependent	secreted guidance candidate	
GSE122357	GSM3464549_P0	P0	0.0	PTN	Ptn	2678	0.9473487677371172	2.3927446272509756	1.0	0.5	0.5	0.901663579697126	0.04568518803999122	broad_neuronal_structural_warning,other_or_ambiguous	growth factor	secreted_medium_compatible	high	survival_or_proliferative_counter_signal	growth/survival counter-signal	
GSE122357	GSM3464550_P8a	P8a	8.1	PTN	Ptn	2082	0.9932756964457252	2.843667979260206	1.0	0.5	0.5	0.8834632909153826	0.10981240553034266	broad_neuronal_structural_warning,other_or_ambiguous	growth factor	secreted_medium_compatible	high	survival_or_proliferative_counter_signal	growth/survival counter-signal	
GSE122357	GSM3464551_P8b	P8b	8.2	PTN	Ptn	2697	0.9881349647756766	2.6391164041996347	1.0	0.5	0.5	0.8864672224577878	0.10166774231788889	broad_neuronal_structural_warning,other_or_ambiguous	growth factor	secreted_medium_compatible	high	survival_or_proliferative_counter_signal	growth/survival counter-signal	
GSE165657	Cerebellum_aggr	aggregate	100.0	PTN	PTN	25064	0.404364826045324	0.5389285864247637	0.3333333333333333	0.8333333333333333	-0.49999999999999994	0.5460967847194083	-0.14173195867408428	broad_neuronal_structural_warning,other_or_ambiguous	growth factor	secreted_medium_compatible	high	survival_or_proliferative_counter_signal	growth/survival counter-signal	
GSE312658	Ctrl	adult_or_ctrl	200.0	PTN	Ptn	1829	0.8069983597594313	1.253818913026937	1.0	0.5	0.5	0.7536468451960439	0.05335151456338749	broad_neuronal_structural_warning,other_or_ambiguous	growth factor	secreted_medium_compatible	high	survival_or_proliferative_counter_signal	growth/survival counter-signal	
GSE312658	cKO	perturbed_cKO	201.0	PTN	Ptn	2329	0.7346500644053242	0.9840879053563146	0.6666666666666666	0.6666666666666666	0.0	0.746017692286919	-0.011367627881594844	broad_neuronal_structural_warning,other_or_ambiguous	growth factor	secreted_medium_compatible	high	survival_or_proliferative_counter_signal	growth/survival counter-signal	
GSE122357	GSM3464549_P0	P0	0.0	RELN	Reln	2678	0.7766990291262136	0.9480461993330443	1.0	0.5	0.5	0.4019007687735313	0.37479826035268227	broad_neuronal_structural_warning,other_or_ambiguous	migration-stop/guidance	secreted_medium_compatible	high	migration_stop_or_differentiation	Reelin migration-stop/maturation candidate	reelin_migration_stop:ligand
GSE122357	GSM3464550_P8a	P8a	8.1	RELN	Reln	2082	0.7017291066282421	0.7333368384928889	1.0	0.5	0.5	0.30683720570367967	0.3948919009245624	broad_neuronal_structural_warning,other_or_ambiguous	migration-stop/guidance	secreted_medium_compatible	high	migration_stop_or_differentiation	Reelin migration-stop/maturation candidate	reelin_migration_stop:ligand
GSE122357	GSM3464551_P8b	P8b	8.2	RELN	Reln	2697	0.6837226548016314	0.6989755155141674	1.0	0.5	0.5	0.326283500226519	0.35743915457511244	broad_neuronal_structural_warning,other_or_ambiguous	migration-stop/guidance	secreted_medium_compatible	high	migration_stop_or_differentiation	Reelin migration-stop/maturation candidate	reelin_migration_stop:ligand
GSE165657	Cerebellum_aggr	aggregate	100.0	RELN	RELN	25064	0.2584184487711459	0.2180404084041992	1.0	0.5	0.5	0.08497825558458005	0.17344019318656584	broad_neuronal_structural_warning,other_or_ambiguous	migration-stop/guidance	secreted_medium_compatible	high	migration_stop_or_differentiation	Reelin migration-stop/maturation candidate	reelin_migration_stop:ligand
GSE312658	Ctrl	adult_or_ctrl	200.0	RELN	Reln	1829	0.8917441224712958	2.084514749771174	1.0	0.5	0.5	0.4924068902331332	0.39933723223816253	broad_neuronal_structural_warning,other_or_ambiguous	migration-stop/guidance	secreted_medium_compatible	high	migration_stop_or_differentiation	Reelin migration-stop/maturation candidate	reelin_migration_stop:ligand
GSE312658	cKO	perturbed_cKO	201.0	RELN	Reln	2329	0.8316874194933448	1.843613096675859	1.0	0.5	0.5	0.33963712679729485	0.49205029269604994	broad_neuronal_structural_warning,other_or_ambiguous	migration-stop/guidance	secreted_medium_compatible	high	migration_stop_or_differentiation	Reelin migration-stop/maturation candidate	reelin_migration_stop:ligand
GSE122357	GSM3464549_P0	P0	0.0	SEMA3A	Sema3a	2678	0.0623599701269604	0.0499161429695859	0.6666666666666666	0.6666666666666666	0.0	0.0654485427396838	-0.0030885726127233976	broad_neuronal_structural_warning,other_or_ambiguous	semaphorin guidance	secreted_medium_compatible	high	migration_stop_or_differentiation	secreted semaphorin guidance candidate	semaphorin_guidance:ligand
GSE122357	GSM3464550_P8a	P8a	8.1	SEMA3A	Sema3a	2082	0.021133525456292	0.0150381393664043	0.3333333333333333	0.8333333333333333	-0.49999999999999994	0.11559337943277785	-0.09445985397648585	broad_neuronal_structural_warning,other_or_ambiguous	semaphorin guidance	secreted_medium_compatible	high	migration_stop_or_differentiation	secreted semaphorin guidance candidate	semaphorin_guidance:ligand
GSE122357	GSM3464551_P8b	P8b	8.2	SEMA3A	Sema3a	2697	0.0137189469781238	0.0102172740769753	0.3333333333333333	0.8333333333333333	-0.49999999999999994	0.05032671940824525	-0.03660777243012145	broad_neuronal_structural_warning,other_or_ambiguous	semaphorin guidance	secreted_medium_compatible	high	migration_stop_or_differentiation	secreted semaphorin guidance candidate	semaphorin_guidance:ligand
GSE165657	Cerebellum_aggr	aggregate	100.0	SEMA3A	SEMA3A	25064	0.1015001595914459	0.0765503819432349	1.0	0.5	0.5	0.0399681481322187	0.061532011459227196	broad_neuronal_structural_warning,other_or_ambiguous	semaphorin guidance	secreted_medium_compatible	high	migration_stop_or_differentiation	secreted semaphorin guidance candidate	semaphorin_guidance:ligand
GSE312658	Ctrl	adult_or_ctrl	200.0	SEMA3A	Sema3a	1829	0.2903225806451613	0.3235901413313035	0.6666666666666666	0.6666666666666666	0.0	0.2639885420346167	0.02633403861054462	broad_neuronal_structural_warning,other_or_ambiguous	semaphorin guidance	secreted_medium_compatible	high	migration_stop_or_differentiation	secreted semaphorin guidance candidate	semaphorin_guidance:ligand
GSE312658	cKO	perturbed_cKO	201.0	SEMA3A	Sema3a	2329	0.3181623014169171	0.3548989060635794	0.6666666666666666	0.6666666666666666	0.0	0.3210912815527238	-0.0029289801358067247	broad_neuronal_structural_warning,other_or_ambiguous	semaphorin guidance	secreted_medium_compatible	high	migration_stop_or_differentiation	secreted semaphorin guidance candidate	semaphorin_guidance:ligand
GSE122357	GSM3464549_P0	P0	0.0	SEMA3C	Sema3c	2678	0.0029873039581777	0.0022220472563807	0.6666666666666666	0.6666666666666666	0.0	0.00373437121910075	-0.0007470672609230498	broad_neuronal_structural_warning,other_or_ambiguous	semaphorin guidance	secreted_medium_compatible	high	migration_stop_or_differentiation	secreted semaphorin guidance candidate	semaphorin_guidance:ligand
GSE122357	GSM3464550_P8a	P8a	8.1	SEMA3C	Sema3c	2082	0.0028818443804034	0.0019975423070891	0.3333333333333333	0.8333333333333333	-0.49999999999999994	0.00305912581101265	-0.00017728143060925013	broad_neuronal_structural_warning,other_or_ambiguous	semaphorin guidance	secreted_medium_compatible	high	migration_stop_or_differentiation	secreted semaphorin guidance candidate	semaphorin_guidance:ligand
GSE122357	GSM3464551_P8b	P8b	8.2	SEMA3C	Sema3c	2697	0.0018539117538005	0.0012850337051537	0.3333333333333333	0.8333333333333333	-0.49999999999999994	0.0078257883425741	-0.005971876588773599	broad_neuronal_structural_warning,other_or_ambiguous	semaphorin guidance	secreted_medium_compatible	high	migration_stop_or_differentiation	secreted semaphorin guidance candidate	semaphorin_guidance:ligand
GSE165657	Cerebellum_aggr	aggregate	100.0	SEMA3C	SEMA3C	25064	0.0238589211618257	0.0174081966269619	1.0	0.5	0.5	0.00895558406012335	0.01490333710170235	broad_neuronal_structural_warning,other_or_ambiguous	semaphorin guidance	secreted_medium_compatible	high	migration_stop_or_differentiation	secreted semaphorin guidance candidate	semaphorin_guidance:ligand
GSE312658	Ctrl	adult_or_ctrl	200.0	SEMA3C	Sema3c	1829	0.1230180426462547	0.0898606341501383	0.6666666666666666	0.6666666666666666	0.0	0.1387332766690215	-0.015715234022766797	broad_neuronal_structural_warning,other_or_ambiguous	semaphorin guidance	secreted_medium_compatible	high	migration_stop_or_differentiation	secreted semaphorin guidance candidate	semaphorin_guidance:ligand
GSE312658	cKO	perturbed_cKO	201.0	SEMA3C	Sema3c	2329	0.0695577501073422	0.0504716475466375	0.3333333333333333	0.8333333333333333	-0.49999999999999994	0.0877824458255693	-0.018224695718227088	broad_neuronal_structural_warning,other_or_ambiguous	semaphorin guidance	secreted_medium_compatible	high	migration_stop_or_differentiation	secreted semaphorin guidance candidate	semaphorin_guidance:ligand
GSE122357	GSM3464549_P0	P0	0.0	SEMA3E	Sema3e	2678	0.0014936519790888	0.0010353206580432	0.3333333333333333	0.8333333333333333	-0.49999999999999994	0.0039597487264254995	-0.0024660967473366996	broad_neuronal_structural_warning,other_or_ambiguous	semaphorin guidance	secreted_medium_compatible	high	migration_stop_or_differentiation	secreted semaphorin guidance candidate	semaphorin_guidance:ligand
GSE122357	GSM3464550_P8a	P8a	8.1	SEMA3E	Sema3e	2082	0.0024015369836695	0.0016646185892409	0.3333333333333333	0.8333333333333333	-0.49999999999999994	0.0063295336576108495	-0.003927996673941349	broad_neuronal_structural_warning,other_or_ambiguous	semaphorin guidance	secreted_medium_compatible	high	migration_stop_or_differentiation	secreted semaphorin guidance candidate	semaphorin_guidance:ligand
GSE122357	GSM3464551_P8b	P8b	8.2	SEMA3E	Sema3e	2697	0.0025954764553207	0.0017990471872152	0.6666666666666666	0.6666666666666666	0.0	0.0051142107223295505	-0.0025187342670088503	broad_neuronal_structural_warning,other_or_ambiguous	semaphorin guidance	secreted_medium_compatible	high	migration_stop_or_differentiation	secreted semaphorin guidance candidate	semaphorin_guidance:ligand
GSE165657	Cerebellum_aggr	aggregate	100.0	SEMA3E	SEMA3E	25064	0.0051468241302266	0.003719879959384	0.6666666666666666	0.6666666666666666	0.0	0.00727588736938665	-0.00212906323916005	broad_neuronal_structural_warning,other_or_ambiguous	semaphorin guidance	secreted_medium_compatible	high	migration_stop_or_differentiation	secreted semaphorin guidance candidate	semaphorin_guidance:ligand
GSE312658	Ctrl	adult_or_ctrl	200.0	SEMA3E	Sema3e	1829	0.021869874248223	0.0171474306590337	0.6666666666666666	0.6666666666666666	0.0	0.030224799099258202	-0.008354924851035204	broad_neuronal_structural_warning,other_or_ambiguous	semaphorin guidance	secreted_medium_compatible	high	migration_stop_or_differentiation	secreted semaphorin guidance candidate	semaphorin_guidance:ligand
GSE312658	cKO	perturbed_cKO	201.0	SEMA3E	Sema3e	2329	0.034349506225848	0.0286659834956973	0.6666666666666666	0.6666666666666666	0.0	0.03674448032282825	-0.0023949740969802513	broad_neuronal_structural_warning,other_or_ambiguous	semaphorin guidance	secreted_medium_compatible	high	migration_stop_or_differentiation	secreted semaphorin guidance candidate	semaphorin_guidance:ligand
GSE122357	GSM3464549_P0	P0	0.0	SEMA5A	Sema5a	2678	0.0836445108289768	0.0635508169868984	1.0	0.5	0.5	0.0511715480370129	0.0324729627919639	broad_neuronal_structural_warning,other_or_ambiguous	semaphorin guidance	membrane_or_shed	lower	migration_stop_or_differentiation	membrane semaphorin; weaker CM candidate	semaphorin_guidance:ligand
GSE122357	GSM3464550_P8a	P8a	8.1	SEMA5A	Sema5a	2082	0.031700288184438	0.0246368971540901	0.3333333333333333	0.8333333333333333	-0.49999999999999994	0.054357723867557994	-0.022657435683119995	broad_neuronal_structural_warning,other_or_ambiguous	semaphorin guidance	membrane_or_shed	lower	migration_stop_or_differentiation	membrane semaphorin; weaker CM candidate	semaphorin_guidance:ligand
GSE122357	GSM3464551_P8b	P8b	8.2	SEMA5A	Sema5a	2697	0.0207638116425658	0.0149500628506241	0.3333333333333333	0.8333333333333333	-0.49999999999999994	0.04504403013589525	-0.024280218493329453	broad_neuronal_structural_warning,other_or_ambiguous	semaphorin guidance	membrane_or_shed	lower	migration_stop_or_differentiation	membrane semaphorin; weaker CM candidate	semaphorin_guidance:ligand
GSE165657	Cerebellum_aggr	aggregate	100.0	SEMA5A	SEMA5A	25064	0.0092563038621129	0.008104662568964	0.3333333333333333	0.8333333333333333	-0.49999999999999994	0.035213940184238	-0.025957636322125097	broad_neuronal_structural_warning,other_or_ambiguous	semaphorin guidance	membrane_or_shed	lower	migration_stop_or_differentiation	membrane semaphorin; weaker CM candidate	semaphorin_guidance:ligand
GSE312658	Ctrl	adult_or_ctrl	200.0	SEMA5A	Sema5a	1829	0.427556041552761	0.5616905469367593	1.0	0.5	0.5	0.21575580625220764	0.21180023530055336	broad_neuronal_structural_warning,other_or_ambiguous	semaphorin guidance	membrane_or_shed	lower	migration_stop_or_differentiation	membrane semaphorin; weaker CM candidate	semaphorin_guidance:ligand
GSE312658	cKO	perturbed_cKO	201.0	SEMA5A	Sema5a	2329	0.4229282954057535	0.4884427603202406	1.0	0.5	0.5	0.2396261318086949	0.1833021635970586	broad_neuronal_structural_warning,other_or_ambiguous	semaphorin guidance	membrane_or_shed	lower	migration_stop_or_differentiation	membrane semaphorin; weaker CM candidate	semaphorin_guidance:ligand
GSE122357	GSM3464549_P0	P0	0.0	SEMA6A	Sema6a	2678	0.69865571321882	0.8075230063440797	1.0	0.5	0.5	0.5272792976394101	0.17137641557940997	broad_neuronal_structural_warning,other_or_ambiguous	semaphorin guidance	membrane_or_shed	lower	migration_stop_or_differentiation	membrane semaphorin; weaker CM candidate	semaphorin_guidance:ligand
GSE122357	GSM3464550_P8a	P8a	8.1	SEMA6A	Sema6a	2082	0.7142170989433237	0.7873706737185	1.0	0.5	0.5	0.516702333795008	0.19751476514831579	broad_neuronal_structural_warning,other_or_ambiguous	semaphorin guidance	membrane_or_shed	lower	migration_stop_or_differentiation	membrane semaphorin; weaker CM candidate	semaphorin_guidance:ligand
GSE122357	GSM3464551_P8b	P8b	8.2	SEMA6A	Sema6a	2697	0.6551724137931034	0.688406295327316	1.0	0.5	0.5	0.48326943508900344	0.17190297870409998	broad_neuronal_structural_warning,other_or_ambiguous	semaphorin guidance	membrane_or_shed	lower	migration_stop_or_differentiation	membrane semaphorin; weaker CM candidate	semaphorin_guidance:ligand
GSE165657	Cerebellum_aggr	aggregate	100.0	SEMA6A	SEMA6A	25064	0.5235397382700288	0.5338150114082778	1.0	0.5	0.5	0.2723920116985239	0.25114772657150486	broad_neuronal_structural_warning,other_or_ambiguous	semaphorin guidance	membrane_or_shed	lower	migration_stop_or_differentiation	membrane semaphorin; weaker CM candidate	semaphorin_guidance:ligand
GSE312658	Ctrl	adult_or_ctrl	200.0	SEMA6A	Sema6a	1829	0.9218151995626024	1.6993573330997185	1.0	0.5	0.5	0.6600141292829389	0.2618010702796635	broad_neuronal_structural_warning,other_or_ambiguous	semaphorin guidance	membrane_or_shed	lower	migration_stop_or_differentiation	membrane semaphorin; weaker CM candidate	semaphorin_guidance:ligand
GSE312658	cKO	perturbed_cKO	201.0	SEMA6A	Sema6a	2329	0.8789179905538858	1.4587700558392864	1.0	0.5	0.5	0.6335601773086583	0.24535781324522743	broad_neuronal_structural_warning,other_or_ambiguous	semaphorin guidance	membrane_or_shed	lower	migration_stop_or_differentiation	membrane semaphorin; weaker CM candidate	semaphorin_guidance:ligand
GSE122357	GSM3464549_P0	P0	0.0	SEMA6D	Sema6d	2678	0.248319641523525	0.2063328837226476	0.6666666666666666	0.6666666666666666	0.0	0.25387020426352946	-0.0055505627400044555	broad_neuronal_structural_warning,other_or_ambiguous	semaphorin guidance	membrane_or_shed	lower	migration_stop_or_differentiation	membrane semaphorin; weaker CM candidate	semaphorin_guidance:ligand
GSE122357	GSM3464550_P8a	P8a	8.1	SEMA6D	Sema6d	2082	0.2257444764649375	0.1757607783350848	0.3333333333333333	0.8333333333333333	-0.49999999999999994	0.2026245735036173	0.023119902961320216	broad_neuronal_structural_warning,other_or_ambiguous	semaphorin guidance	membrane_or_shed	lower	migration_stop_or_differentiation	membrane semaphorin; weaker CM candidate	semaphorin_guidance:ligand
GSE122357	GSM3464551_P8b	P8b	8.2	SEMA6D	Sema6d	2697	0.1846496106785317	0.1435122008257573	0.3333333333333333	0.8333333333333333	-0.49999999999999994	0.20535318424459537	-0.02070357356606367	broad_neuronal_structural_warning,other_or_ambiguous	semaphorin guidance	membrane_or_shed	lower	migration_stop_or_differentiation	membrane semaphorin; weaker CM candidate	semaphorin_guidance:ligand
GSE165657	Cerebellum_aggr	aggregate	100.0	SEMA6D	SEMA6D	25064	0.2232684328120013	0.1768589652195853	1.0	0.5	0.5	0.13004083607864725	0.09322759673335404	broad_neuronal_structural_warning,other_or_ambiguous	semaphorin guidance	membrane_or_shed	lower	migration_stop_or_differentiation	membrane semaphorin; weaker CM candidate	semaphorin_guidance:ligand
GSE312658	Ctrl	adult_or_ctrl	200.0	SEMA6D	Sema6d	1829	0.5861126298523783	0.8264125546881524	0.6666666666666666	0.6666666666666666	0.0	0.5699813449311197	0.016131284921258593	broad_neuronal_structural_warning,other_or_ambiguous	semaphorin guidance	membrane_or_shed	lower	migration_stop_or_differentiation	membrane semaphorin; weaker CM candidate	semaphorin_guidance:ligand
GSE312658	cKO	perturbed_cKO	201.0	SEMA6D	Sema6d	2329	0.5646200085873766	0.7587753684268774	0.3333333333333333	0.8333333333333333	-0.49999999999999994	0.6235798139725086	-0.058959805385132014	broad_neuronal_structural_warning,other_or_ambiguous	semaphorin guidance	membrane_or_shed	lower	migration_stop_or_differentiation	membrane semaphorin; weaker CM candidate	semaphorin_guidance:ligand
GSE122357	GSM3464549_P0	P0	0.0	SEMA7A	Sema7a	2678	0.1964152352501867	0.1592033201113364	1.0	0.5	0.5	0.11202187885671666	0.08439335639347004	broad_neuronal_structural_warning,other_or_ambiguous	semaphorin guidance	membrane_or_shed	lower	migration_stop_or_differentiation	membrane/GPI semaphorin; weaker CM candidate	semaphorin_guidance:ligand
GSE122357	GSM3464550_P8a	P8a	8.1	SEMA7A	Sema7a	2082	0.3530259365994236	0.3105901973267276	0.6666666666666666	0.6666666666666666	0.0	0.24932810612224765	0.10369783047717596	broad_neuronal_structural_warning,other_or_ambiguous	semaphorin guidance	membrane_or_shed	lower	migration_stop_or_differentiation	membrane/GPI semaphorin; weaker CM candidate	semaphorin_guidance:ligand
GSE122357	GSM3464551_P8b	P8b	8.2	SEMA7A	Sema7a	2697	0.3229514275120504	0.2789926896139203	1.0	0.5	0.5	0.2109567082677019	0.1119947192443485	broad_neuronal_structural_warning,other_or_ambiguous	semaphorin guidance	membrane_or_shed	lower	migration_stop_or_differentiation	membrane/GPI semaphorin; weaker CM candidate	semaphorin_guidance:ligand
GSE165657	Cerebellum_aggr	aggregate	100.0	SEMA7A	SEMA7A	25064	0.072015639961698	0.055540350892763	1.0	0.5	0.5	0.0405210569644496	0.0314945829972484	broad_neuronal_structural_warning,other_or_ambiguous	semaphorin guidance	membrane_or_shed	lower	migration_stop_or_differentiation	membrane/GPI semaphorin; weaker CM candidate	semaphorin_guidance:ligand
GSE312658	Ctrl	adult_or_ctrl	200.0	SEMA7A	Sema7a	1829	0.1858939311098961	0.1596072014494885	1.0	0.5	0.5	0.1265964433945602	0.05929748771533591	broad_neuronal_structural_warning,other_or_ambiguous	semaphorin guidance	membrane_or_shed	lower	migration_stop_or_differentiation	membrane/GPI semaphorin; weaker CM candidate	semaphorin_guidance:ligand
GSE312658	cKO	perturbed_cKO	201.0	SEMA7A	Sema7a	2329	0.0790038643194504	0.0578390930070082	0.6666666666666666	0.6666666666666666	0.0	0.07536582448911874	0.0036380398303316602	broad_neuronal_structural_warning,other_or_ambiguous	semaphorin guidance	membrane_or_shed	lower	migration_stop_or_differentiation	membrane/GPI semaphorin; weaker CM candidate	semaphorin_guidance:ligand
GSE122357	GSM3464549_P0	P0	0.0	SFRP1	Sfrp1	2678	0.2714712471994025	0.2884703784019344	1.0	0.5	0.5	0.13072661580668865	0.14074463139271387	broad_neuronal_structural_warning,other_or_ambiguous	WNT antagonist	secreted_medium_compatible	high	anti_neurogenic_or_differentiation	secreted frizzled-related candidate	
GSE122357	GSM3464550_P8a	P8a	8.1	SFRP1	Sfrp1	2082	0.8006724303554275	1.310873782419529	1.0	0.5	0.5	0.424494092180184	0.37617833817524343	broad_neuronal_structural_warning,other_or_ambiguous	WNT antagonist	secreted_medium_compatible	high	anti_neurogenic_or_differentiation	secreted frizzled-related candidate	
GSE122357	GSM3464551_P8b	P8b	8.2	SFRP1	Sfrp1	2697	0.721542454579162	1.0057649499505263	1.0	0.5	0.5	0.4051784179783541	0.3163640366008079	broad_neuronal_structural_warning,other_or_ambiguous	WNT antagonist	secreted_medium_compatible	high	anti_neurogenic_or_differentiation	secreted frizzled-related candidate	
GSE165657	Cerebellum_aggr	aggregate	100.0	SFRP1	SFRP1	25064	0.3811841685285668	0.457605173029128	1.0	0.5	0.5	0.18498547105242705	0.19619869747613974	broad_neuronal_structural_warning,other_or_ambiguous	WNT antagonist	secreted_medium_compatible	high	anti_neurogenic_or_differentiation	secreted frizzled-related candidate	
GSE312658	Ctrl	adult_or_ctrl	200.0	SFRP1	Sfrp1	1829	0.1224712957900492	0.1036859732524916	1.0	0.5	0.5	0.07771933504062165	0.044751960749427555	broad_neuronal_structural_warning,other_or_ambiguous	WNT antagonist	secreted_medium_compatible	high	anti_neurogenic_or_differentiation	secreted frizzled-related candidate	
GSE312658	cKO	perturbed_cKO	201.0	SFRP1	Sfrp1	2329	0.0459424645770717	0.0380943625167295	1.0	0.5	0.5	0.03888464520907835	0.007057819367993351	broad_neuronal_structural_warning,other_or_ambiguous	WNT antagonist	secreted_medium_compatible	high	anti_neurogenic_or_differentiation	secreted frizzled-related candidate	
GSE122357	GSM3464549_P0	P0	0.0	SFRP2	Sfrp2	2678	0.1445108289768484	0.1307697612347091	0.6666666666666666	0.6666666666666666	0.0	0.15092759125075575	-0.0064167622739073615	broad_neuronal_structural_warning,other_or_ambiguous	WNT antagonist	secreted_medium_compatible	high	anti_neurogenic_or_differentiation	secreted frizzled-related candidate	
GSE122357	GSM3464550_P8a	P8a	8.1	SFRP2	Sfrp2	2082	0.2675312199807877	0.2514462438293041	1.0	0.5	0.5	0.1389508847913494	0.12858033518943832	broad_neuronal_structural_warning,other_or_ambiguous	WNT antagonist	secreted_medium_compatible	high	anti_neurogenic_or_differentiation	secreted frizzled-related candidate	
GSE122357	GSM3464551_P8b	P8b	8.2	SFRP2	Sfrp2	2697	0.2450871338524286	0.2189678212115634	1.0	0.5	0.5	0.12334645155153426	0.12174068230089435	broad_neuronal_structural_warning,other_or_ambiguous	WNT antagonist	secreted_medium_compatible	high	anti_neurogenic_or_differentiation	secreted frizzled-related candidate	
GSE165657	Cerebellum_aggr	aggregate	100.0	SFRP2	SFRP2	25064	0.0183929141398021	0.0167881018860501	0.3333333333333333	0.8333333333333333	-0.49999999999999994	0.0366576225495875	-0.0182647084097854	broad_neuronal_structural_warning,other_or_ambiguous	WNT antagonist	secreted_medium_compatible	high	anti_neurogenic_or_differentiation	secreted frizzled-related candidate	
GSE312658	Ctrl	adult_or_ctrl	200.0	SFRP2	Sfrp2	1829	0.0174958993985784	0.0123489201126442	0.6666666666666666	0.6666666666666666	0.0	0.02645791019074525	-0.008962010792166849	broad_neuronal_structural_warning,other_or_ambiguous	WNT antagonist	secreted_medium_compatible	high	anti_neurogenic_or_differentiation	secreted frizzled-related candidate	
GSE312658	cKO	perturbed_cKO	201.0	SFRP2	Sfrp2	2329	0.012881064834693	0.0091025678509688	0.3333333333333333	0.8333333333333333	-0.49999999999999994	0.015906083507902798	-0.0030250186732097978	broad_neuronal_structural_warning,other_or_ambiguous	WNT antagonist	secreted_medium_compatible	high	anti_neurogenic_or_differentiation	secreted frizzled-related candidate	
GSE122357	GSM3464549_P0	P0	0.0	SFRP4	Sfrp4	2678	0.0112023898431665	0.0077649049353242	0.3333333333333333	0.8333333333333333	-0.49999999999999994	0.015308431991858249	-0.004106042148691749	broad_neuronal_structural_warning,other_or_ambiguous	WNT antagonist	secreted_medium_compatible	high	anti_neurogenic_or_differentiation	secreted frizzled-related candidate	
GSE122357	GSM3464550_P8a	P8a	8.1	SFRP4	Sfrp4	2082	0.0096061479346781	0.0068532222475057	0.6666666666666666	0.6666666666666666	0.0	0.0063737455926227	0.0032324023420553993	broad_neuronal_structural_warning,other_or_ambiguous	WNT antagonist	secreted_medium_compatible	high	anti_neurogenic_or_differentiation	secreted frizzled-related candidate	
GSE122357	GSM3464551_P8b	P8b	8.2	SFRP4	Sfrp4	2697	0.0126065999258435	0.0088885685009811	1.0	0.5	0.5	0.01063792911647905	0.001968670809364451	broad_neuronal_structural_warning,other_or_ambiguous	WNT antagonist	secreted_medium_compatible	high	anti_neurogenic_or_differentiation	secreted frizzled-related candidate	
GSE165657	Cerebellum_aggr	aggregate	100.0	SFRP4	SFRP4	25064	0.0410947973188637	0.0305053598155471	1.0	0.5	0.5	0.01969610302776805	0.02139869429109565	broad_neuronal_structural_warning,other_or_ambiguous	WNT antagonist	secreted_medium_compatible	high	anti_neurogenic_or_differentiation	secreted frizzled-related candidate	
GSE312658	Ctrl	adult_or_ctrl	200.0	SFRP4	Sfrp4	1829	0.0256971022416621	0.0184769342868463	1.0	0.5	0.5	0.01625143500529845	0.009445667236363649	broad_neuronal_structural_warning,other_or_ambiguous	WNT antagonist	secreted_medium_compatible	high	anti_neurogenic_or_differentiation	secreted frizzled-related candidate	
GSE312658	cKO	perturbed_cKO	201.0	SFRP4	Sfrp4	2329	0.0218978102189781	0.0151784054137214	1.0	0.5	0.5	0.011773318056086	0.0101244921628921	broad_neuronal_structural_warning,other_or_ambiguous	WNT antagonist	secreted_medium_compatible	high	anti_neurogenic_or_differentiation	secreted frizzled-related candidate	
GSE122357	GSM3464549_P0	P0	0.0	SHH	Shh	2678	0.001867064973861	0.001294150822554	0.6666666666666666	0.6666666666666666	0.0	0.00645454365524005	-0.004587478681379049	broad_neuronal_structural_warning,other_or_ambiguous	SHH pathway	secreted_medium_compatible	high	proliferative_counter_signal	known cerebellar granule precursor expansion cue	shh_granule_expansion:ligand
GSE122357	GSM3464550_P8a	P8a	8.1	SHH	Shh	2082	0.0014409221902017	0.0009987711535445	0.6666666666666666	0.6666666666666666	0.0	0.05683316711346225	-0.05539224492326055	broad_neuronal_structural_warning,other_or_ambiguous	SHH pathway	secreted_medium_compatible	high	proliferative_counter_signal	known cerebellar granule precursor expansion cue	shh_granule_expansion:ligand
GSE122357	GSM3464551_P8b	P8b	8.2	SHH	Shh	2697	0.0003707823507601	0.0002570067410307	0.3333333333333333	0.8333333333333333	-0.49999999999999994	0.037275274603914096	-0.036904492253153995	broad_neuronal_structural_warning,other_or_ambiguous	SHH pathway	secreted_medium_compatible	high	proliferative_counter_signal	known cerebellar granule precursor expansion cue	shh_granule_expansion:ligand
GSE165657	Cerebellum_aggr	aggregate	100.0	SHH	SHH	25064	0.0001595914458984	0.000110620360766	0.3333333333333333	0.8333333333333333	-0.49999999999999994	0.00174232419789545	-0.00158273275199705	broad_neuronal_structural_warning,other_or_ambiguous	SHH pathway	secreted_medium_compatible	high	proliferative_counter_signal	known cerebellar granule precursor expansion cue	shh_granule_expansion:ligand
GSE312658	Ctrl	adult_or_ctrl	200.0	SHH	Shh	1829	0.003827227993439	0.0028745190661715	0.6666666666666666	0.6666666666666666	0.0	0.02953489270575765	-0.02570766471231865	broad_neuronal_structural_warning,other_or_ambiguous	SHH pathway	secreted_medium_compatible	high	proliferative_counter_signal	known cerebellar granule precursor expansion cue	shh_granule_expansion:ligand
GSE312658	cKO	perturbed_cKO	201.0	SHH	Shh	2329	0.0038643194504079	0.0028526362100247	0.3333333333333333	0.8333333333333333	-0.49999999999999994	0.0187425976721487	-0.014878278221740801	broad_neuronal_structural_warning,other_or_ambiguous	SHH pathway	secreted_medium_compatible	high	proliferative_counter_signal	known cerebellar granule precursor expansion cue	shh_granule_expansion:ligand
GSE122357	GSM3464549_P0	P0	0.0	SLIT1	Slit1	2678	0.0253920836445108	0.0187237352769338	1.0	0.5	0.5	0.01600020686207465	0.009391876782436151	broad_neuronal_structural_warning,other_or_ambiguous	slit/robo guidance	secreted_medium_compatible	high	migration_stop_or_differentiation	secreted guidance candidate	
GSE122357	GSM3464550_P8a	P8a	8.1	SLIT1	Slit1	2082	0.0009606147934678	0.0006658474356963	0.3333333333333333	0.8333333333333333	-0.49999999999999994	0.005787087224196149	-0.004826472430728349	broad_neuronal_structural_warning,other_or_ambiguous	slit/robo guidance	secreted_medium_compatible	high	migration_stop_or_differentiation	secreted guidance candidate	
GSE122357	GSM3464551_P8b	P8b	8.2	SLIT1	Slit1	2697	0.0033370411568409	0.0024633999752123	0.6666666666666666	0.6666666666666666	0.0	0.0077215976603246	-0.0043845565034837004	broad_neuronal_structural_warning,other_or_ambiguous	slit/robo guidance	secreted_medium_compatible	high	migration_stop_or_differentiation	secreted guidance candidate	
GSE165657	Cerebellum_aggr	aggregate	100.0	SLIT1	SLIT1	25064	0.0008378550909671	0.0005807568940216	0.6666666666666666	0.6666666666666666	0.0	0.00137266451597315	-0.00053480942500605	broad_neuronal_structural_warning,other_or_ambiguous	slit/robo guidance	secreted_medium_compatible	high	migration_stop_or_differentiation	secreted guidance candidate	
GSE312658	Ctrl	adult_or_ctrl	200.0	SLIT1	Slit1	1829	0.0934937124111536	0.094094723526347	0.6666666666666666	0.6666666666666666	0.0	0.12014305898975625	-0.026649346578602642	broad_neuronal_structural_warning,other_or_ambiguous	slit/robo guidance	secreted_medium_compatible	high	migration_stop_or_differentiation	secreted guidance candidate	
GSE312658	cKO	perturbed_cKO	201.0	SLIT1	Slit1	2329	0.0682696436238729	0.0609509921292678	0.3333333333333333	0.8333333333333333	-0.49999999999999994	0.1480542728068855	-0.07978462918301259	broad_neuronal_structural_warning,other_or_ambiguous	slit/robo guidance	secreted_medium_compatible	high	migration_stop_or_differentiation	secreted guidance candidate	
GSE122357	GSM3464549_P0	P0	0.0	SLIT2	Slit2	2678	0.0642270351008215	0.0477617555501783	0.6666666666666666	0.6666666666666666	0.0	0.0683628079866637	-0.004135772885842201	broad_neuronal_structural_warning,other_or_ambiguous	slit/robo guidance	secreted_medium_compatible	high	migration_stop_or_differentiation	secreted guidance candidate	
GSE122357	GSM3464550_P8a	P8a	8.1	SLIT2	Slit2	2082	0.0389048991354466	0.0279405605984132	0.6666666666666666	0.6666666666666666	0.0	0.06526956952029195	-0.02636467038484535	broad_neuronal_structural_warning,other_or_ambiguous	slit/robo guidance	secreted_medium_compatible	high	migration_stop_or_differentiation	secreted guidance candidate	
GSE122357	GSM3464551_P8b	P8b	8.2	SLIT2	Slit2	2697	0.03596588802373	0.0252303324918543	0.3333333333333333	0.8333333333333333	-0.49999999999999994	0.0643946783349482	-0.028428790311218206	broad_neuronal_structural_warning,other_or_ambiguous	slit/robo guidance	secreted_medium_compatible	high	migration_stop_or_differentiation	secreted guidance candidate	
GSE165657	Cerebellum_aggr	aggregate	100.0	SLIT2	SLIT2	25064	0.0740105330354293	0.0554671514993649	1.0	0.5	0.5	0.03969070068909595	0.03431983234633335	broad_neuronal_structural_warning,other_or_ambiguous	slit/robo guidance	secreted_medium_compatible	high	migration_stop_or_differentiation	secreted guidance candidate	
GSE312658	Ctrl	adult_or_ctrl	200.0	SLIT2	Slit2	1829	0.2077638053581192	0.2269555694344193	0.6666666666666666	0.6666666666666666	0.0	0.27897330890144817	-0.07120950354332897	broad_neuronal_structural_warning,other_or_ambiguous	slit/robo guidance	secreted_medium_compatible	high	migration_stop_or_differentiation	secreted guidance candidate	
GSE312658	cKO	perturbed_cKO	201.0	SLIT2	Slit2	2329	0.1605839416058394	0.1686500074234183	0.3333333333333333	0.8333333333333333	-0.49999999999999994	0.3235661184603929	-0.16298217685455352	broad_neuronal_structural_warning,other_or_ambiguous	slit/robo guidance	secreted_medium_compatible	high	migration_stop_or_differentiation	secreted guidance candidate	
GSE122357	GSM3464549_P0	P0	0.0	SLIT3	Slit3	2678	0.0134428678117998	0.0096206978029777	1.0	0.5	0.5	0.0045717156974476	0.0088711521143522	broad_neuronal_structural_warning,other_or_ambiguous	slit/robo guidance	secreted_medium_compatible	high	migration_stop_or_differentiation	secreted guidance candidate	
GSE122357	GSM3464550_P8a	P8a	8.1	SLIT3	Slit3	2082	0.0024015369836695	0.0016646185892409	0.6666666666666666	0.6666666666666666	0.0	0.00381285428001285	-0.00141131729634335	broad_neuronal_structural_warning,other_or_ambiguous	slit/robo guidance	secreted_medium_compatible	high	migration_stop_or_differentiation	secreted guidance candidate	
GSE122357	GSM3464551_P8b	P8b	8.2	SLIT3	Slit3	2697	0.0029662588060808	0.002056053928246	0.6666666666666666	0.6666666666666666	0.0	0.0041122067143135	-0.0011459479082327	broad_neuronal_structural_warning,other_or_ambiguous	slit/robo guidance	secreted_medium_compatible	high	migration_stop_or_differentiation	secreted guidance candidate	
GSE165657	Cerebellum_aggr	aggregate	100.0	SLIT3	SLIT3	25064	0.0038700925630386	0.0027310753207245	0.6666666666666666	0.6666666666666666	0.0	0.0033504142433108	0.0005196783197278002	broad_neuronal_structural_warning,other_or_ambiguous	slit/robo guidance	secreted_medium_compatible	high	migration_stop_or_differentiation	secreted guidance candidate	
GSE312658	Ctrl	adult_or_ctrl	200.0	SLIT3	Slit3	1829	0.5533078184800437	0.995334504572778	1.0	0.5	0.5	0.2280182024902861	0.32528961598975764	broad_neuronal_structural_warning,other_or_ambiguous	slit/robo guidance	secreted_medium_compatible	high	migration_stop_or_differentiation	secreted guidance candidate	
GSE312658	cKO	perturbed_cKO	201.0	SLIT3	Slit3	2329	0.6324602833834264	1.1394685372363609	1.0	0.5	0.5	0.20744939411825974	0.42501088926516667	broad_neuronal_structural_warning,other_or_ambiguous	slit/robo guidance	secreted_medium_compatible	high	migration_stop_or_differentiation	secreted guidance candidate	
GSE122357	GSM3464549_P0	P0	0.0	SPARC	Sparc	2678	0.0694548170276325	0.079469982508559	0.3333333333333333	0.8333333333333333	-0.49999999999999994	0.2996639768212322	-0.23020915979359968	broad_neuronal_structural_warning,other_or_ambiguous	matricellular/ECM	secreted_medium_compatible	high	maturation_ecm_context_dependent	secreted ECM candidate	
GSE122357	GSM3464550_P8a	P8a	8.1	SPARC	Sparc	2082	0.1085494716618635	0.0983632415256501	0.3333333333333333	0.8333333333333333	-0.49999999999999994	0.3349326150594353	-0.22638314339757176	broad_neuronal_structural_warning,other_or_ambiguous	matricellular/ECM	secreted_medium_compatible	high	maturation_ecm_context_dependent	secreted ECM candidate	
GSE122357	GSM3464551_P8b	P8b	8.2	SPARC	Sparc	2697	0.0878754171301446	0.089806851417896	0.3333333333333333	0.8333333333333333	-0.49999999999999994	0.27199189207054486	-0.18411647494040026	broad_neuronal_structural_warning,other_or_ambiguous	matricellular/ECM	secreted_medium_compatible	high	maturation_ecm_context_dependent	secreted ECM candidate	
GSE165657	Cerebellum_aggr	aggregate	100.0	SPARC	SPARC	25064	0.112551867219917	0.099786304409649	0.3333333333333333	0.8333333333333333	-0.49999999999999994	0.1709740185002584	-0.058422151280341394	broad_neuronal_structural_warning,other_or_ambiguous	matricellular/ECM	secreted_medium_compatible	high	maturation_ecm_context_dependent	secreted ECM candidate	
GSE312658	Ctrl	adult_or_ctrl	200.0	SPARC	Sparc	1829	0.0951339529797703	0.0844503448857903	0.3333333333333333	0.8333333333333333	-0.49999999999999994	0.15227475936064988	-0.05714080638087958	broad_neuronal_structural_warning,other_or_ambiguous	matricellular/ECM	secreted_medium_compatible	high	maturation_ecm_context_dependent	secreted ECM candidate	
GSE312658	cKO	perturbed_cKO	201.0	SPARC	Sparc	2329	0.1172176899957063	0.1023994222676623	0.3333333333333333	0.8333333333333333	-0.49999999999999994	0.1728836575890497	-0.0556659675933434	broad_neuronal_structural_warning,other_or_ambiguous	matricellular/ECM	secreted_medium_compatible	high	maturation_ecm_context_dependent	secreted ECM candidate	
GSE122357	GSM3464549_P0	P0	0.0	SPARCL1	Sparcl1	2678	0.0989544436146377	0.1095235405355308	0.3333333333333333	0.8333333333333333	-0.49999999999999994	0.3123805674788557	-0.21342612386421797	broad_neuronal_structural_warning,other_or_ambiguous	matricellular/ECM	secreted_medium_compatible	high	maturation_ecm_context_dependent	secreted ECM candidate	
GSE122357	GSM3464550_P8a	P8a	8.1	SPARCL1	Sparcl1	2082	0.0878962536023054	0.0882695782467521	0.3333333333333333	0.8333333333333333	-0.49999999999999994	0.28245772446271866	-0.19456147086041325	broad_neuronal_structural_warning,other_or_ambiguous	matricellular/ECM	secreted_medium_compatible	high	maturation_ecm_context_dependent	secreted ECM candidate	
GSE122357	GSM3464551_P8b	P8b	8.2	SPARCL1	Sparcl1	2697	0.0771227289581016	0.0829887811793711	0.3333333333333333	0.8333333333333333	-0.49999999999999994	0.26487367333218326	-0.18775094437408166	broad_neuronal_structural_warning,other_or_ambiguous	matricellular/ECM	secreted_medium_compatible	high	maturation_ecm_context_dependent	secreted ECM candidate	
GSE165657	Cerebellum_aggr	aggregate	100.0	SPARCL1	SPARCL1	25064	0.0574928183849345	0.0675805163323111	0.3333333333333333	0.8333333333333333	-0.49999999999999994	0.1536069250084664	-0.0961141066235319	broad_neuronal_structural_warning,other_or_ambiguous	matricellular/ECM	secreted_medium_compatible	high	maturation_ecm_context_dependent	secreted ECM candidate	
GSE312658	Ctrl	adult_or_ctrl	200.0	SPARCL1	Sparcl1	1829	0.1935483870967742	0.211860224007624	0.3333333333333333	0.8333333333333333	-0.49999999999999994	0.273542365771812	-0.07999397867503782	broad_neuronal_structural_warning,other_or_ambiguous	matricellular/ECM	secreted_medium_compatible	high	maturation_ecm_context_dependent	secreted ECM candidate	
GSE312658	cKO	perturbed_cKO	201.0	SPARCL1	Sparcl1	2329	0.2683555173894375	0.2964852486891626	0.3333333333333333	0.8333333333333333	-0.49999999999999994	0.34721209525903807	-0.07885657786960054	broad_neuronal_structural_warning,other_or_ambiguous	matricellular/ECM	secreted_medium_compatible	high	maturation_ecm_context_dependent	secreted ECM candidate	
GSE122357	GSM3464549_P0	P0	0.0	TGFB1	Tgfb1	2678	0.0190440627333831	0.0169259256778416	0.6666666666666666	0.6666666666666666	0.0	0.024146677980234448	-0.005102615246851346	broad_neuronal_structural_warning,other_or_ambiguous	TGF-beta superfamily	secreted_medium_compatible	high	anti_proliferative_or_differentiation	TGF-beta family candidate	tgf_beta_smad:ligand
GSE122357	GSM3464550_P8a	P8a	8.1	TGFB1	Tgfb1	2082	0.0062439961575408	0.0056287048743426	0.3333333333333333	0.8333333333333333	-0.49999999999999994	0.0791019535723668	-0.072857957414826	broad_neuronal_structural_warning,other_or_ambiguous	TGF-beta superfamily	secreted_medium_compatible	high	anti_proliferative_or_differentiation	TGF-beta family candidate	tgf_beta_smad:ligand
GSE122357	GSM3464551_P8b	P8b	8.2	TGFB1	Tgfb1	2697	0.0140897293288839	0.0118181224690911	0.3333333333333333	0.8333333333333333	-0.49999999999999994	0.04607142684403395	-0.03198169751515005	broad_neuronal_structural_warning,other_or_ambiguous	TGF-beta superfamily	secreted_medium_compatible	high	anti_proliferative_or_differentiation	TGF-beta family candidate	tgf_beta_smad:ligand
GSE165657	Cerebellum_aggr	aggregate	100.0	TGFB1	TGFB1	25064	0.0064634535588892	0.0051742118905995	0.3333333333333333	0.8333333333333333	-0.49999999999999994	0.024953765477792197	-0.018490311918902998	broad_neuronal_structural_warning,other_or_ambiguous	TGF-beta superfamily	secreted_medium_compatible	high	anti_proliferative_or_differentiation	TGF-beta family candidate	tgf_beta_smad:ligand
GSE312658	Ctrl	adult_or_ctrl	200.0	TGFB1	Tgfb1	1829	0.0092946965554948	0.0066642794847606	0.3333333333333333	0.8333333333333333	-0.49999999999999994	0.0137512142352525	-0.0044565176797577	broad_neuronal_structural_warning,other_or_ambiguous	TGF-beta superfamily	secreted_medium_compatible	high	anti_proliferative_or_differentiation	TGF-beta family candidate	tgf_beta_smad:ligand
GSE312658	cKO	perturbed_cKO	201.0	TGFB1	Tgfb1	2329	0.0030055817947617	0.0022574046251729	0.3333333333333333	0.8333333333333333	-0.49999999999999994	0.0112351422982998	-0.0082295605035381	broad_neuronal_structural_warning,other_or_ambiguous	TGF-beta superfamily	secreted_medium_compatible	high	anti_proliferative_or_differentiation	TGF-beta family candidate	tgf_beta_smad:ligand
GSE122357	GSM3464549_P0	P0	0.0	TGFB2	Tgfb2	2678	0.0937266616878267	0.074319319804092	0.3333333333333333	0.8333333333333333	-0.49999999999999994	0.14036613310297574	-0.04663947141514904	broad_neuronal_structural_warning,other_or_ambiguous	TGF-beta superfamily	secreted_medium_compatible	high	anti_proliferative_or_differentiation	2005 anchor; SMAD-linked stop/maturation factor	tgf_beta_smad:ligand
GSE122357	GSM3464550_P8a	P8a	8.1	TGFB2	Tgfb2	2082	0.3962536023054755	0.3573072597304157	1.0	0.5	0.5	0.25719060360344276	0.13906299870203276	broad_neuronal_structural_warning,other_or_ambiguous	TGF-beta superfamily	secreted_medium_compatible	high	anti_proliferative_or_differentiation	2005 anchor; SMAD-linked stop/maturation factor	tgf_beta_smad:ligand
GSE122357	GSM3464551_P8b	P8b	8.2	TGFB2	Tgfb2	2697	0.3262884686688914	0.274763229837941	1.0	0.5	0.5	0.20522098098046448	0.1210674876884269	broad_neuronal_structural_warning,other_or_ambiguous	TGF-beta superfamily	secreted_medium_compatible	high	anti_proliferative_or_differentiation	2005 anchor; SMAD-linked stop/maturation factor	tgf_beta_smad:ligand
GSE165657	Cerebellum_aggr	aggregate	100.0	TGFB2	TGFB2	25064	0.0241781040536227	0.0184607120259968	0.3333333333333333	0.8333333333333333	-0.49999999999999994	0.05510616887671375	-0.03092806482309105	broad_neuronal_structural_warning,other_or_ambiguous	TGF-beta superfamily	secreted_medium_compatible	high	anti_proliferative_or_differentiation	2005 anchor; SMAD-linked stop/maturation factor	tgf_beta_smad:ligand
GSE312658	Ctrl	adult_or_ctrl	200.0	TGFB2	Tgfb2	1829	0.1334062329141607	0.1208110846143574	0.6666666666666666	0.6666666666666666	0.0	0.1435405444189332	-0.010134311504772509	broad_neuronal_structural_warning,other_or_ambiguous	TGF-beta superfamily	secreted_medium_compatible	high	anti_proliferative_or_differentiation	2005 anchor; SMAD-linked stop/maturation factor	tgf_beta_smad:ligand
GSE312658	cKO	perturbed_cKO	201.0	TGFB2	Tgfb2	2329	0.158866466294547	0.1416705453805354	0.6666666666666666	0.6666666666666666	0.0	0.17772627493644122	-0.01885980864189421	broad_neuronal_structural_warning,other_or_ambiguous	TGF-beta superfamily	secreted_medium_compatible	high	anti_proliferative_or_differentiation	2005 anchor; SMAD-linked stop/maturation factor	tgf_beta_smad:ligand
GSE122357	GSM3464549_P0	P0	0.0	TGFB3	Tgfb3	2678	0.0231516056758775	0.0167605181850638	0.3333333333333333	0.8333333333333333	-0.49999999999999994	0.02762279083754235	-0.004471185161664851	broad_neuronal_structural_warning,other_or_ambiguous	TGF-beta superfamily	secreted_medium_compatible	high	anti_proliferative_or_differentiation	TGF-beta family candidate	tgf_beta_smad:ligand
GSE122357	GSM3464550_P8a	P8a	8.1	TGFB3	Tgfb3	2082	0.0110470701248799	0.0080467412915922	0.3333333333333333	0.8333333333333333	-0.49999999999999994	0.0238706188735649	-0.012823548748685	broad_neuronal_structural_warning,other_or_ambiguous	TGF-beta superfamily	secreted_medium_compatible	high	anti_proliferative_or_differentiation	TGF-beta family candidate	tgf_beta_smad:ligand
GSE122357	GSM3464551_P8b	P8b	8.2	TGFB3	Tgfb3	2697	0.0055617352614015	0.0040054404213968	0.3333333333333333	0.8333333333333333	-0.49999999999999994	0.0195626570921408	-0.0140009218307393	broad_neuronal_structural_warning,other_or_ambiguous	TGF-beta superfamily	secreted_medium_compatible	high	anti_proliferative_or_differentiation	TGF-beta family candidate	tgf_beta_smad:ligand
GSE165657	Cerebellum_aggr	aggregate	100.0	TGFB3	TGFB3	25064	0.0701404404723906	0.0520899280501657	1.0	0.5	0.5	0.02917935242627675	0.04096108804611385	broad_neuronal_structural_warning,other_or_ambiguous	TGF-beta superfamily	secreted_medium_compatible	high	anti_proliferative_or_differentiation	TGF-beta family candidate	tgf_beta_smad:ligand
GSE312658	Ctrl	adult_or_ctrl	200.0	TGFB3	Tgfb3	1829	0.0377255330781848	0.0277011543003791	0.6666666666666666	0.6666666666666666	0.0	0.0348471719357117	0.0028783611424730987	broad_neuronal_structural_warning,other_or_ambiguous	TGF-beta superfamily	secreted_medium_compatible	high	anti_proliferative_or_differentiation	TGF-beta family candidate	tgf_beta_smad:ligand
GSE312658	cKO	perturbed_cKO	201.0	TGFB3	Tgfb3	2329	0.0249033920137398	0.0179075199095118	0.6666666666666666	0.6666666666666666	0.0	0.04433970271093975	-0.019436310697199952	broad_neuronal_structural_warning,other_or_ambiguous	TGF-beta superfamily	secreted_medium_compatible	high	anti_proliferative_or_differentiation	TGF-beta family candidate	tgf_beta_smad:ligand
GSE122357	GSM3464549_P0	P0	0.0	TGFBI	Tgfbi	2678	0.0011202389843166	0.0007764904935324	0.6666666666666666	0.6666666666666666	0.0	0.00180302005859815	-0.00068278107428155	broad_neuronal_structural_warning,other_or_ambiguous	TGF-beta response/ECM	secreted_medium_compatible	high	maturation_ecm_context_dependent	secreted TGF-beta-induced ECM candidate	tgf_beta_smad:response
GSE122357	GSM3464550_P8a	P8a	8.1	TGFBI	Tgfbi	2082	0.0028818443804034	0.0037927726712982	0.6666666666666666	0.6666666666666666	0.0	0.010382152662111099	-0.0075003082817076995	broad_neuronal_structural_warning,other_or_ambiguous	TGF-beta response/ECM	secreted_medium_compatible	high	maturation_ecm_context_dependent	secreted TGF-beta-induced ECM candidate	tgf_beta_smad:response
GSE122357	GSM3464551_P8b	P8b	8.2	TGFBI	Tgfbi	2697	0.0014831294030404	0.001028026964123	0.3333333333333333	0.8333333333333333	-0.49999999999999994	0.0084436773788929	-0.0069605479758525	broad_neuronal_structural_warning,other_or_ambiguous	TGF-beta response/ECM	secreted_medium_compatible	high	maturation_ecm_context_dependent	secreted TGF-beta-induced ECM candidate	tgf_beta_smad:response
GSE165657	Cerebellum_aggr	aggregate	100.0	TGFBI	TGFBI	25064	0.0079795722949249	0.0058859249700914	0.3333333333333333	0.8333333333333333	-0.49999999999999994	0.01406488125498535	-0.006085308960060451	broad_neuronal_structural_warning,other_or_ambiguous	TGF-beta response/ECM	secreted_medium_compatible	high	maturation_ecm_context_dependent	secreted TGF-beta-induced ECM candidate	tgf_beta_smad:response
GSE312658	Ctrl	adult_or_ctrl	200.0	TGFBI	Tgfbi	1829	0.0027337342810278	0.0018948802092945	0.3333333333333333	0.8333333333333333	-0.49999999999999994	0.0047617339279406	-0.0020279996469128	broad_neuronal_structural_warning,other_or_ambiguous	TGF-beta response/ECM	secreted_medium_compatible	high	maturation_ecm_context_dependent	secreted TGF-beta-induced ECM candidate	tgf_beta_smad:response
GSE312658	cKO	perturbed_cKO	201.0	TGFBI	Tgfbi	2329	0.0021468441391155	0.0014880789621295	0.3333333333333333	0.8333333333333333	-0.49999999999999994	0.009445080996416	-0.007298236857300499	broad_neuronal_structural_warning,other_or_ambiguous	TGF-beta response/ECM	secreted_medium_compatible	high	maturation_ecm_context_dependent	secreted TGF-beta-induced ECM candidate	tgf_beta_smad:response
GSE122357	GSM3464549_P0	P0	0.0	THBS1	Thbs1	2678	0.0007468259895444	0.0005176603290216	0.3333333333333333	0.8333333333333333	-0.49999999999999994	0.0029940731461742002	-0.0022472471566298002	broad_neuronal_structural_warning,other_or_ambiguous	matricellular/synaptogenic	secreted_medium_compatible	high	maturation_synaptogenic_context_dependent	secreted matricellular candidate	
GSE122357	GSM3464550_P8a	P8a	8.1	THBS1	Thbs1	2082	0.0009606147934678	0.0008605953262382	0.6666666666666666	0.6666666666666666	0.0	0.0016273393002441	-0.0006667245067763	broad_neuronal_structural_warning,other_or_ambiguous	matricellular/synaptogenic	secreted_medium_compatible	high	maturation_synaptogenic_context_dependent	secreted matricellular candidate	
GSE122357	GSM3464551_P8b	P8b	8.2	THBS1	Thbs1	2697	0.0014831294030404	0.001028026964123	0.3333333333333333	0.8333333333333333	-0.49999999999999994	0.0057212171728815	-0.0042380877698410995	broad_neuronal_structural_warning,other_or_ambiguous	matricellular/synaptogenic	secreted_medium_compatible	high	maturation_synaptogenic_context_dependent	secreted matricellular candidate	
GSE165657	Cerebellum_aggr	aggregate	100.0	THBS1	THBS1	25064	0.0019948930737312	0.0014704190713905	0.3333333333333333	0.8333333333333333	-0.49999999999999994	0.005329783159497449	-0.003334890085766249	broad_neuronal_structural_warning,other_or_ambiguous	matricellular/synaptogenic	secreted_medium_compatible	high	maturation_synaptogenic_context_dependent	secreted matricellular candidate	
GSE312658	Ctrl	adult_or_ctrl	200.0	THBS1	Thbs1	1829	0.007654455986878	0.0057490381323431	0.6666666666666666	0.6666666666666666	0.0	0.01315099567290705	-0.00549653968602905	broad_neuronal_structural_warning,other_or_ambiguous	matricellular/synaptogenic	secreted_medium_compatible	high	maturation_synaptogenic_context_dependent	secreted matricellular candidate	
GSE312658	cKO	perturbed_cKO	201.0	THBS1	Thbs1	2329	0.0120223271790468	0.0083332421879254	0.3333333333333333	0.8333333333333333	-0.49999999999999994	0.012791801210606048	-0.0007694740315592492	broad_neuronal_structural_warning,other_or_ambiguous	matricellular/synaptogenic	secreted_medium_compatible	high	maturation_synaptogenic_context_dependent	secreted matricellular candidate	
GSE122357	GSM3464549_P0	P0	0.0	THBS2	Thbs2	2678	0.0067214339058999	0.0049617548417831	0.3333333333333333	0.8333333333333333	-0.49999999999999994	0.027671314040252547	-0.020949880134352648	broad_neuronal_structural_warning,other_or_ambiguous	matricellular/synaptogenic	secreted_medium_compatible	high	maturation_synaptogenic_context_dependent	secreted matricellular candidate	
GSE122357	GSM3464550_P8a	P8a	8.1	THBS2	Thbs2	2082	0.0024015369836695	0.0018593664797828	0.3333333333333333	0.8333333333333333	-0.49999999999999994	0.01781230843266135	-0.01541077144899185	broad_neuronal_structural_warning,other_or_ambiguous	matricellular/synaptogenic	secreted_medium_compatible	high	maturation_synaptogenic_context_dependent	secreted matricellular candidate	
GSE122357	GSM3464551_P8b	P8b	8.2	THBS2	Thbs2	2697	0.0018539117538005	0.0012850337051537	0.3333333333333333	0.8333333333333333	-0.49999999999999994	0.01495488966670265	-0.01310097791290215	broad_neuronal_structural_warning,other_or_ambiguous	matricellular/synaptogenic	secreted_medium_compatible	high	maturation_synaptogenic_context_dependent	secreted matricellular candidate	
GSE165657	Cerebellum_aggr	aggregate	100.0	THBS2	THBS2	25064	0.0029524417491222	0.0020626538648876	0.3333333333333333	0.8333333333333333	-0.49999999999999994	0.00579533505487605	-0.00284289330575385	broad_neuronal_structural_warning,other_or_ambiguous	matricellular/synaptogenic	secreted_medium_compatible	high	maturation_synaptogenic_context_dependent	secreted matricellular candidate	
GSE312658	Ctrl	adult_or_ctrl	200.0	THBS2	Thbs2	1829	0.0131219245489338	0.0097604853240914	0.3333333333333333	0.8333333333333333	-0.49999999999999994	0.02397424717414335	-0.01085232262520955	broad_neuronal_structural_warning,other_or_ambiguous	matricellular/synaptogenic	secreted_medium_compatible	high	maturation_synaptogenic_context_dependent	secreted matricellular candidate	
GSE312658	cKO	perturbed_cKO	201.0	THBS2	Thbs2	2329	0.0184628595963933	0.0137914711795063	0.3333333333333333	0.8333333333333333	-0.49999999999999994	0.0294115945048204	-0.010948734908427099	broad_neuronal_structural_warning,other_or_ambiguous	matricellular/synaptogenic	secreted_medium_compatible	high	maturation_synaptogenic_context_dependent	secreted matricellular candidate	
GSE122357	GSM3464549_P0	P0	0.0	WIF1	Wif1	2678	0.0089619118745332	0.0063633298885537	0.3333333333333333	0.8333333333333333	-0.49999999999999994	0.037667732261736656	-0.028705820387203457	broad_neuronal_structural_warning,other_or_ambiguous	WNT antagonist	secreted_medium_compatible	high	anti_neurogenic_or_differentiation	WNT inhibitory factor candidate	
GSE122357	GSM3464550_P8a	P8a	8.1	WIF1	Wif1	2082	0.0028818443804034	0.0023304660249373	0.3333333333333333	0.8333333333333333	-0.49999999999999994	0.01024654105375745	-0.00736469667335405	broad_neuronal_structural_warning,other_or_ambiguous	WNT antagonist	secreted_medium_compatible	high	anti_neurogenic_or_differentiation	WNT inhibitory factor candidate	
GSE122357	GSM3464551_P8b	P8b	8.2	WIF1	Wif1	2697	0.0033370411568409	0.002720406716243	0.3333333333333333	0.8333333333333333	-0.49999999999999994	0.01225056710363605	-0.00891352594679515	broad_neuronal_structural_warning,other_or_ambiguous	WNT antagonist	secreted_medium_compatible	high	anti_neurogenic_or_differentiation	WNT inhibitory factor candidate	
GSE165657	Cerebellum_aggr	aggregate	100.0	WIF1	WIF1	25064	0.0011570379827641	0.0008181748062698	0.6666666666666666	0.6666666666666666	0.0	0.0009617189153016	0.0001953190674625	broad_neuronal_structural_warning,other_or_ambiguous	WNT antagonist	secreted_medium_compatible	high	anti_neurogenic_or_differentiation	WNT inhibitory factor candidate	
GSE312658	Ctrl	adult_or_ctrl	200.0	WIF1	Wif1	1829	0.0120284308365226	0.0107847627753043	0.6666666666666666	0.6666666666666666	0.0	0.01770713749558455	-0.0056787066590619495	broad_neuronal_structural_warning,other_or_ambiguous	WNT antagonist	secreted_medium_compatible	high	anti_neurogenic_or_differentiation	WNT inhibitory factor candidate	
GSE312658	cKO	perturbed_cKO	201.0	WIF1	Wif1	2329	0.0098754830399313	0.0082325820084781	0.3333333333333333	0.8333333333333333	-0.49999999999999994	0.020054280522667	-0.0101787974827357	broad_neuronal_structural_warning,other_or_ambiguous	WNT antagonist	secreted_medium_compatible	high	anti_neurogenic_or_differentiation	WNT inhibitory factor candidate	
GSE165657	Cerebellum_aggr	aggregate	100.0	WNT3A	WNT3A	25064	0.0003989786147462	0.0002927280926311	0.3333333333333333	0.8333333333333333	-0.49999999999999994	0.0008658267018453499	-0.00046684808709914995	broad_neuronal_structural_warning,other_or_ambiguous	WNT pathway	secreted_medium_compatible	high	neurogenic_permissive_counter_signal	neurogenic/permissive counter-signal	wnt_beta_catenin:ligand
GSE312658	Ctrl	adult_or_ctrl	200.0	WNT3A	Wnt3a	1829	0.0	0.0	0.3333333333333333	0.8333333333333333	-0.49999999999999994	0.00104451827975975	-0.00104451827975975	broad_neuronal_structural_warning,other_or_ambiguous	WNT pathway	secreted_medium_compatible	high	neurogenic_permissive_counter_signal	neurogenic/permissive counter-signal	wnt_beta_catenin:ligand
GSE312658	cKO	perturbed_cKO	201.0	WNT3A	Wnt3a	2329	0.0008587376556462	0.0005952315848518	0.6666666666666666	0.6666666666666666	0.0	0.0008005123278898	5.82253277564e-05	broad_neuronal_structural_warning,other_or_ambiguous	WNT pathway	secreted_medium_compatible	high	neurogenic_permissive_counter_signal	neurogenic/permissive counter-signal	wnt_beta_catenin:ligand
GSE122357	GSM3464549_P0	P0	0.0	WNT5A	Wnt5a	2678	0.0369678864824495	0.0272016881976518	0.3333333333333333	0.8333333333333333	-0.49999999999999994	0.11758736251493204	-0.08061947603248254	broad_neuronal_structural_warning,other_or_ambiguous	WNT pathway	secreted_medium_compatible	high	context_dependent	WNT pathway candidate	wnt_beta_catenin:ligand
GSE122357	GSM3464550_P8a	P8a	8.1	WNT5A	Wnt5a	2082	0.0268972142170989	0.0212004824773785	0.3333333333333333	0.8333333333333333	-0.49999999999999994	0.1267989793844848	-0.09990176516738591	broad_neuronal_structural_warning,other_or_ambiguous	WNT pathway	secreted_medium_compatible	high	context_dependent	WNT pathway candidate	wnt_beta_catenin:ligand
GSE122357	GSM3464551_P8b	P8b	8.2	WNT5A	Wnt5a	2697	0.0311457174638487	0.0239847830392172	0.3333333333333333	0.8333333333333333	-0.49999999999999994	0.12218120875701519	-0.09103549129316649	broad_neuronal_structural_warning,other_or_ambiguous	WNT pathway	secreted_medium_compatible	high	context_dependent	WNT pathway candidate	wnt_beta_catenin:ligand
GSE165657	Cerebellum_aggr	aggregate	100.0	WNT5A	WNT5A	25064	0.0183530162783274	0.013610546320226	0.3333333333333333	0.8333333333333333	-0.49999999999999994	0.0321568686099674	-0.013803852331640002	broad_neuronal_structural_warning,other_or_ambiguous	WNT pathway	secreted_medium_compatible	high	context_dependent	WNT pathway candidate	wnt_beta_catenin:ligand
GSE312658	Ctrl	adult_or_ctrl	200.0	WNT5A	Wnt5a	1829	0.0699835975943138	0.0518627292151091	0.6666666666666666	0.6666666666666666	0.0	0.087318692599788	-0.0173350950054742	broad_neuronal_structural_warning,other_or_ambiguous	WNT pathway	secreted_medium_compatible	high	context_dependent	WNT pathway candidate	wnt_beta_catenin:ligand
GSE312658	cKO	perturbed_cKO	201.0	WNT5A	Wnt5a	2329	0.0691283812795191	0.0534536238622141	0.3333333333333333	0.8333333333333333	-0.49999999999999994	0.08936707444571751	-0.020238693166198404	broad_neuronal_structural_warning,other_or_ambiguous	WNT pathway	secreted_medium_compatible	high	context_dependent	WNT pathway candidate	wnt_beta_catenin:ligand
GSE122357	GSM3464549_P0	P0	0.0	WNT7A	Wnt7a	2678	0.0007468259895444	0.0005176603290216	0.3333333333333333	0.8333333333333333	-0.49999999999999994	0.01075235864265275	-0.01000553265310835	broad_neuronal_structural_warning,other_or_ambiguous	WNT pathway	secreted_medium_compatible	high	neurogenic_permissive_counter_signal	neurogenic/permissive counter-signal	wnt_beta_catenin:ligand
GSE122357	GSM3464550_P8a	P8a	8.1	WNT7A	Wnt7a	2082	0.0019212295869356	0.0015264427619346	0.3333333333333333	0.8333333333333333	-0.49999999999999994	0.0133213961108801	-0.011400166523944499	broad_neuronal_structural_warning,other_or_ambiguous	WNT pathway	secreted_medium_compatible	high	neurogenic_permissive_counter_signal	neurogenic/permissive counter-signal	wnt_beta_catenin:ligand
GSE122357	GSM3464551_P8b	P8b	8.2	WNT7A	Wnt7a	2697	0.0029662588060808	0.0022063932341815	0.3333333333333333	0.8333333333333333	-0.49999999999999994	0.012146376421386551	-0.00918011761530575	broad_neuronal_structural_warning,other_or_ambiguous	WNT pathway	secreted_medium_compatible	high	neurogenic_permissive_counter_signal	neurogenic/permissive counter-signal	wnt_beta_catenin:ligand
GSE165657	Cerebellum_aggr	aggregate	100.0	WNT7A	WNT7A	25064	0.0059048834982444	0.0041576621112074	0.3333333333333333	0.8333333333333333	-0.49999999999999994	0.02309508840734875	-0.01719020490910435	broad_neuronal_structural_warning,other_or_ambiguous	WNT pathway	secreted_medium_compatible	high	neurogenic_permissive_counter_signal	neurogenic/permissive counter-signal	wnt_beta_catenin:ligand
GSE312658	Ctrl	adult_or_ctrl	200.0	WNT7A	Wnt7a	1829	0.0114816839803171	0.007958496879037	0.6666666666666666	0.6666666666666666	0.0	0.0133400300247262	-0.0018583460444091	broad_neuronal_structural_warning,other_or_ambiguous	WNT pathway	secreted_medium_compatible	high	neurogenic_permissive_counter_signal	neurogenic/permissive counter-signal	wnt_beta_catenin:ligand
GSE312658	cKO	perturbed_cKO	201.0	WNT7A	Wnt7a	2329	0.0103048518677544	0.0075362056957118	0.3333333333333333	0.8333333333333333	-0.49999999999999994	0.01661979329421425	-0.006314941426459851	broad_neuronal_structural_warning,other_or_ambiguous	WNT pathway	secreted_medium_compatible	high	neurogenic_permissive_counter_signal	neurogenic/permissive counter-signal	wnt_beta_catenin:ligand
GSE122357	GSM3464549_P0	P0	0.0	WNT7B	Wnt7b	2678	0.0149365197908887	0.011667239596608	0.3333333333333333	0.8333333333333333	-0.49999999999999994	0.12740373411583375	-0.11246721432494505	broad_neuronal_structural_warning,other_or_ambiguous	WNT pathway	secreted_medium_compatible	high	neurogenic_permissive_counter_signal	neurogenic/permissive counter-signal	wnt_beta_catenin:ligand
GSE122357	GSM3464550_P8a	P8a	8.1	WNT7B	Wnt7b	2082	0.0067243035542747	0.0052957811564945	0.3333333333333333	0.8333333333333333	-0.49999999999999994	0.10091289143504285	-0.09418858788076816	broad_neuronal_structural_warning,other_or_ambiguous	WNT pathway	secreted_medium_compatible	high	neurogenic_permissive_counter_signal	neurogenic/permissive counter-signal	wnt_beta_catenin:ligand
GSE122357	GSM3464551_P8b	P8b	8.2	WNT7B	Wnt7b	2697	0.010752688172043	0.0089713061914944	0.3333333333333333	0.8333333333333333	-0.49999999999999994	0.10287308325419944	-0.09212039508215644	broad_neuronal_structural_warning,other_or_ambiguous	WNT pathway	secreted_medium_compatible	high	neurogenic_permissive_counter_signal	neurogenic/permissive counter-signal	wnt_beta_catenin:ligand
GSE165657	Cerebellum_aggr	aggregate	100.0	WNT7B	WNT7B	25064	0.0175550590488349	0.0143035637878786	0.3333333333333333	0.8333333333333333	-0.49999999999999994	0.09183215516472505	-0.07427709611589015	broad_neuronal_structural_warning,other_or_ambiguous	WNT pathway	secreted_medium_compatible	high	neurogenic_permissive_counter_signal	neurogenic/permissive counter-signal	wnt_beta_catenin:ligand
GSE312658	Ctrl	adult_or_ctrl	200.0	WNT7B	Wnt7b	1829	0.021869874248223	0.0172118281634932	0.6666666666666666	0.6666666666666666	0.0	0.06731002737548565	-0.045440153127262656	broad_neuronal_structural_warning,other_or_ambiguous	WNT pathway	secreted_medium_compatible	high	neurogenic_permissive_counter_signal	neurogenic/permissive counter-signal	wnt_beta_catenin:ligand
GSE312658	cKO	perturbed_cKO	201.0	WNT7B	Wnt7b	2329	0.0197509660798626	0.014684318556784	0.3333333333333333	0.8333333333333333	-0.49999999999999994	0.07140569964777455	-0.05165473356791195	broad_neuronal_structural_warning,other_or_ambiguous	WNT pathway	secreted_medium_compatible	high	neurogenic_permissive_counter_signal	neurogenic/permissive counter-signal	wnt_beta_catenin:ligand
