dataset	sample_accession	title	sample_number_from_title	run_from_title	condition_from_title	library_name	source_name	tissue	sex	age	age_years	geo_group	batch	batch_or_run	organism	instrument_model	library_strategy	library_source	molecule	relation	supplementary_file_basenames	channel_count	contact_address	contact_city	contact_country	contact_email	contact_institute	contact_name	contact_zip_postal_code	data_processing	data_row_count	description	extract_protocol	geo_accession	group	last_update_date	library_selection	platform_id	series_id	status	submission_date	supplementary_files	taxid	type
GSE325391	GSM9602232	Sample1 of Run1, Severe Alzheimer's Disease, Dentate gyrus punch	1	1	Severe Alzheimer's Disease	S1R1	Dentate gyrus	Dentate gyrus	M	82	82.0	SAD	Run 1	1	Homo sapiens	Illumina NovaSeq 6000	RNA-Seq	transcriptomic single cell	total RNA	BioSample: https://www.ncbi.nlm.nih.gov/biosample/SAMN56594058; SRA: https://www.ncbi.nlm.nih.gov/sra?term=SRX32572557	NONE	1	Meibergdreef 47	Amsterdam	Netherlands	d.ayyildiz@nin.knaw.nl	Netherlands Institute For Neuroscience	Dilara,,Ayyildiz	1105 BA	Paired-end FASTQ files were aligned and quantified with STARsolo123 from STAR v2.7.10b_alpha_230301(--soloFeatures Gene GeneFull_Ex50pAS Velocyto, --soloType CB_UMI_Simple, --soloCBwhitelist 3M-february-2018.txt, --soloUMIlen 12, --soloCellFilter EmptyDrops_CR, --soloMultiMappers EM) using the human reference genome GRCh38 (GENCODE v32/Ensembl98). All downstream steps were performed using the count matrix of GeneFull_Ex50pAS option, unless specified otherwise.; Assembly: GRCh38; Supplementary files format and content: Seurat Object as RDS file	0	Library name: S1R1; 10x Genomics	Nuclei were isolated from the frozen punched tissue or sections using an optimized isolation protocol. Briefly, samples were homogenized using a glass Dounce homogenizer (15 gentle strokes) in 1 ml of ice-cold Homogenization Buffer (HB), which contained mM sucrose, 5 mM calcium chloride, 3 mM magnesium acetate, 10 mM Tris, 0.1 mM EDTA, 0.1% Igepal, 0.1 mM PMSF, 1 mM 2-mercaptoethanol, and UltraPure water, along with 5 μl RNasin Plus (Promega, Benelux, Belgium). The homogenate was filtered using a 70 μm strainer and washed with 1.65 mL HB, bringing the final volume to 2.65 ml. An additional 2.65 ml of Gradient Medium (containing 5 mM calcium chloride, 50% OptiPrep (Sigma-Aldrich, Belgium), 3 mM magnesium acetate, 10 mM Tris, 0.2 mM PMSF, and 1 mM 2-mercaptoethanol) was added to achieve a final volume of 5.3 ml. To isolate the nuclei, OptiPrep Diluent Medium (ODM) consisting of 150 mM potassium chloride, 30 mM magnesium chloride, 60 mM Tris, and 250 mM sucrose was prepared. The sample was layered onto a 4 ml 29% cushion (29% Optiprep, ODM) using a P1000 pipette, and the weight was balanced with HB. Centrifugation was carried out at 7,700 rpm for 30 min at 4°C using a SW41Ti rotor. After centrifugation, the  supernatant was removed with a plastic Pasteur pipette, and the lower supernatant was aspirated using a P200 pipette. The nuclei were resuspended in 200 μl of resuspension buffer (1x PBS, 1% BSA, and 0.2 U/μl RNasin Plus), transferred to a fresh tube, and washed again with 100-200 μl of the same buffer. The resuspended solution was pooled, and any clumps were disrupted by pipetting with a P200. The sample was then filtered through a 0.35 μm strainer using a Falcon tube. A 9 μl-aliquot of the sample was mixed with 1 μl of propidium iodide (PI) stain, loaded onto a LUNA-FL slide, and left to settle for 30 seconds. The nuclei were examined under a LUNA-FL Automated Cell Counter to assess numbers and morphology.; Post cDNA amplification cleanup and construction of sample-indexed libraries and their amplification followed manufacturer’s directions (10x Genomics, CG000183_Rev_A), with the amplification step directly dependent on the quantity of input cDNA. In order to reach sequencing saturation of ~65% (~45,000 reads/nucleus), single nucleus libraries were run using paired-end sequencing with single indexing on the NovaSeq6000 platform, following manufacturer’s instructions (10x Genomics, CG000204_Rev_A). To avoid lane bias, multiple uniquely indexed samples were mixed and distributed over several lanes.	GSM9602232	SAD	Apr 20 2026	cDNA	GPL24676	GSE325391	Public on Apr 20 2026	Mar 19 2026	NONE	9606	SRA
GSE325391	GSM9602233	Sample1 of Run5, Severe Alzheimer's Disease,  Dentate gyrus punch	1	5	Severe Alzheimer's Disease	S1R5	Dentate gyrus	Dentate gyrus	M	73	73.0	SAD	Run 5	5	Homo sapiens	Illumina NovaSeq 6000	RNA-Seq	transcriptomic single cell	total RNA	BioSample: https://www.ncbi.nlm.nih.gov/biosample/SAMN56594057; SRA: https://www.ncbi.nlm.nih.gov/sra?term=SRX32572558	NONE	1	Meibergdreef 47	Amsterdam	Netherlands	d.ayyildiz@nin.knaw.nl	Netherlands Institute For Neuroscience	Dilara,,Ayyildiz	1105 BA	Paired-end FASTQ files were aligned and quantified with STARsolo123 from STAR v2.7.10b_alpha_230301(--soloFeatures Gene GeneFull_Ex50pAS Velocyto, --soloType CB_UMI_Simple, --soloCBwhitelist 3M-february-2018.txt, --soloUMIlen 12, --soloCellFilter EmptyDrops_CR, --soloMultiMappers EM) using the human reference genome GRCh38 (GENCODE v32/Ensembl98). All downstream steps were performed using the count matrix of GeneFull_Ex50pAS option, unless specified otherwise.; Assembly: GRCh38; Supplementary files format and content: Seurat Object as RDS file	0	Library name: S1R5; 10x Genomics	Nuclei were isolated from the frozen punched tissue or sections using an optimized isolation protocol. Briefly, samples were homogenized using a glass Dounce homogenizer (15 gentle strokes) in 1 ml of ice-cold Homogenization Buffer (HB), which contained mM sucrose, 5 mM calcium chloride, 3 mM magnesium acetate, 10 mM Tris, 0.1 mM EDTA, 0.1% Igepal, 0.1 mM PMSF, 1 mM 2-mercaptoethanol, and UltraPure water, along with 5 μl RNasin Plus (Promega, Benelux, Belgium). The homogenate was filtered using a 70 μm strainer and washed with 1.65 mL HB, bringing the final volume to 2.65 ml. An additional 2.65 ml of Gradient Medium (containing 5 mM calcium chloride, 50% OptiPrep (Sigma-Aldrich, Belgium), 3 mM magnesium acetate, 10 mM Tris, 0.2 mM PMSF, and 1 mM 2-mercaptoethanol) was added to achieve a final volume of 5.3 ml. To isolate the nuclei, OptiPrep Diluent Medium (ODM) consisting of 150 mM potassium chloride, 30 mM magnesium chloride, 60 mM Tris, and 250 mM sucrose was prepared. The sample was layered onto a 4 ml 29% cushion (29% Optiprep, ODM) using a P1000 pipette, and the weight was balanced with HB. Centrifugation was carried out at 7,700 rpm for 30 min at 4°C using a SW41Ti rotor. After centrifugation, the  supernatant was removed with a plastic Pasteur pipette, and the lower supernatant was aspirated using a P200 pipette. The nuclei were resuspended in 200 μl of resuspension buffer (1x PBS, 1% BSA, and 0.2 U/μl RNasin Plus), transferred to a fresh tube, and washed again with 100-200 μl of the same buffer. The resuspended solution was pooled, and any clumps were disrupted by pipetting with a P200. The sample was then filtered through a 0.35 μm strainer using a Falcon tube. A 9 μl-aliquot of the sample was mixed with 1 μl of propidium iodide (PI) stain, loaded onto a LUNA-FL slide, and left to settle for 30 seconds. The nuclei were examined under a LUNA-FL Automated Cell Counter to assess numbers and morphology.; Post cDNA amplification cleanup and construction of sample-indexed libraries and their amplification followed manufacturer’s directions (10x Genomics, CG000183_Rev_A), with the amplification step directly dependent on the quantity of input cDNA. In order to reach sequencing saturation of ~65% (~45,000 reads/nucleus), single nucleus libraries were run using paired-end sequencing with single indexing on the NovaSeq6000 platform, following manufacturer’s instructions (10x Genomics, CG000204_Rev_A). To avoid lane bias, multiple uniquely indexed samples were mixed and distributed over several lanes.	GSM9602233	SAD	Apr 20 2026	cDNA	GPL24676	GSE325391	Public on Apr 20 2026	Mar 19 2026	NONE	9606	SRA
GSE325391	GSM9602234	Sample1 of Run2, Severe Alzheimer's Disease,  Dentate gyrus punch	1	2	Severe Alzheimer's Disease	S1R2	Dentate gyrus	Dentate gyrus	M	78	78.0	SAD	Run 2	2	Homo sapiens	Illumina NovaSeq 6000	RNA-Seq	transcriptomic single cell	total RNA	BioSample: https://www.ncbi.nlm.nih.gov/biosample/SAMN56594056; SRA: https://www.ncbi.nlm.nih.gov/sra?term=SRX32572559	NONE	1	Meibergdreef 47	Amsterdam	Netherlands	d.ayyildiz@nin.knaw.nl	Netherlands Institute For Neuroscience	Dilara,,Ayyildiz	1105 BA	Paired-end FASTQ files were aligned and quantified with STARsolo123 from STAR v2.7.10b_alpha_230301(--soloFeatures Gene GeneFull_Ex50pAS Velocyto, --soloType CB_UMI_Simple, --soloCBwhitelist 3M-february-2018.txt, --soloUMIlen 12, --soloCellFilter EmptyDrops_CR, --soloMultiMappers EM) using the human reference genome GRCh38 (GENCODE v32/Ensembl98). All downstream steps were performed using the count matrix of GeneFull_Ex50pAS option, unless specified otherwise.; Assembly: GRCh38; Supplementary files format and content: Seurat Object as RDS file	0	Library name: S1R2; 10x Genomics	Nuclei were isolated from the frozen punched tissue or sections using an optimized isolation protocol. Briefly, samples were homogenized using a glass Dounce homogenizer (15 gentle strokes) in 1 ml of ice-cold Homogenization Buffer (HB), which contained mM sucrose, 5 mM calcium chloride, 3 mM magnesium acetate, 10 mM Tris, 0.1 mM EDTA, 0.1% Igepal, 0.1 mM PMSF, 1 mM 2-mercaptoethanol, and UltraPure water, along with 5 μl RNasin Plus (Promega, Benelux, Belgium). The homogenate was filtered using a 70 μm strainer and washed with 1.65 mL HB, bringing the final volume to 2.65 ml. An additional 2.65 ml of Gradient Medium (containing 5 mM calcium chloride, 50% OptiPrep (Sigma-Aldrich, Belgium), 3 mM magnesium acetate, 10 mM Tris, 0.2 mM PMSF, and 1 mM 2-mercaptoethanol) was added to achieve a final volume of 5.3 ml. To isolate the nuclei, OptiPrep Diluent Medium (ODM) consisting of 150 mM potassium chloride, 30 mM magnesium chloride, 60 mM Tris, and 250 mM sucrose was prepared. The sample was layered onto a 4 ml 29% cushion (29% Optiprep, ODM) using a P1000 pipette, and the weight was balanced with HB. Centrifugation was carried out at 7,700 rpm for 30 min at 4°C using a SW41Ti rotor. After centrifugation, the  supernatant was removed with a plastic Pasteur pipette, and the lower supernatant was aspirated using a P200 pipette. The nuclei were resuspended in 200 μl of resuspension buffer (1x PBS, 1% BSA, and 0.2 U/μl RNasin Plus), transferred to a fresh tube, and washed again with 100-200 μl of the same buffer. The resuspended solution was pooled, and any clumps were disrupted by pipetting with a P200. The sample was then filtered through a 0.35 μm strainer using a Falcon tube. A 9 μl-aliquot of the sample was mixed with 1 μl of propidium iodide (PI) stain, loaded onto a LUNA-FL slide, and left to settle for 30 seconds. The nuclei were examined under a LUNA-FL Automated Cell Counter to assess numbers and morphology.; Post cDNA amplification cleanup and construction of sample-indexed libraries and their amplification followed manufacturer’s directions (10x Genomics, CG000183_Rev_A), with the amplification step directly dependent on the quantity of input cDNA. In order to reach sequencing saturation of ~65% (~45,000 reads/nucleus), single nucleus libraries were run using paired-end sequencing with single indexing on the NovaSeq6000 platform, following manufacturer’s instructions (10x Genomics, CG000204_Rev_A). To avoid lane bias, multiple uniquely indexed samples were mixed and distributed over several lanes.	GSM9602234	SAD	Apr 20 2026	cDNA	GPL24676	GSE325391	Public on Apr 20 2026	Mar 19 2026	NONE	9606	SRA
GSE325391	GSM9602235	Sample1 of Run5, Non-demented control,  Dentate gyrus punch	1	5	Non-demented control	S1R5stored	Dentate gyrus	Dentate gyrus	F	93	93.0	CTRL	Run 5	5	Homo sapiens	Illumina NovaSeq 6000	RNA-Seq	transcriptomic single cell	total RNA	BioSample: https://www.ncbi.nlm.nih.gov/biosample/SAMN56594055; SRA: https://www.ncbi.nlm.nih.gov/sra?term=SRX32572560	NONE	1	Meibergdreef 47	Amsterdam	Netherlands	d.ayyildiz@nin.knaw.nl	Netherlands Institute For Neuroscience	Dilara,,Ayyildiz	1105 BA	Paired-end FASTQ files were aligned and quantified with STARsolo123 from STAR v2.7.10b_alpha_230301(--soloFeatures Gene GeneFull_Ex50pAS Velocyto, --soloType CB_UMI_Simple, --soloCBwhitelist 3M-february-2018.txt, --soloUMIlen 12, --soloCellFilter EmptyDrops_CR, --soloMultiMappers EM) using the human reference genome GRCh38 (GENCODE v32/Ensembl98). All downstream steps were performed using the count matrix of GeneFull_Ex50pAS option, unless specified otherwise.; Assembly: GRCh38; Supplementary files format and content: Seurat Object as RDS file	0	Library name: S1R5stored; 10x Genomics	Nuclei were isolated from the frozen punched tissue or sections using an optimized isolation protocol. Briefly, samples were homogenized using a glass Dounce homogenizer (15 gentle strokes) in 1 ml of ice-cold Homogenization Buffer (HB), which contained mM sucrose, 5 mM calcium chloride, 3 mM magnesium acetate, 10 mM Tris, 0.1 mM EDTA, 0.1% Igepal, 0.1 mM PMSF, 1 mM 2-mercaptoethanol, and UltraPure water, along with 5 μl RNasin Plus (Promega, Benelux, Belgium). The homogenate was filtered using a 70 μm strainer and washed with 1.65 mL HB, bringing the final volume to 2.65 ml. An additional 2.65 ml of Gradient Medium (containing 5 mM calcium chloride, 50% OptiPrep (Sigma-Aldrich, Belgium), 3 mM magnesium acetate, 10 mM Tris, 0.2 mM PMSF, and 1 mM 2-mercaptoethanol) was added to achieve a final volume of 5.3 ml. To isolate the nuclei, OptiPrep Diluent Medium (ODM) consisting of 150 mM potassium chloride, 30 mM magnesium chloride, 60 mM Tris, and 250 mM sucrose was prepared. The sample was layered onto a 4 ml 29% cushion (29% Optiprep, ODM) using a P1000 pipette, and the weight was balanced with HB. Centrifugation was carried out at 7,700 rpm for 30 min at 4°C using a SW41Ti rotor. After centrifugation, the  supernatant was removed with a plastic Pasteur pipette, and the lower supernatant was aspirated using a P200 pipette. The nuclei were resuspended in 200 μl of resuspension buffer (1x PBS, 1% BSA, and 0.2 U/μl RNasin Plus), transferred to a fresh tube, and washed again with 100-200 μl of the same buffer. The resuspended solution was pooled, and any clumps were disrupted by pipetting with a P200. The sample was then filtered through a 0.35 μm strainer using a Falcon tube. A 9 μl-aliquot of the sample was mixed with 1 μl of propidium iodide (PI) stain, loaded onto a LUNA-FL slide, and left to settle for 30 seconds. The nuclei were examined under a LUNA-FL Automated Cell Counter to assess numbers and morphology.; Post cDNA amplification cleanup and construction of sample-indexed libraries and their amplification followed manufacturer’s directions (10x Genomics, CG000183_Rev_A), with the amplification step directly dependent on the quantity of input cDNA. In order to reach sequencing saturation of ~65% (~45,000 reads/nucleus), single nucleus libraries were run using paired-end sequencing with single indexing on the NovaSeq6000 platform, following manufacturer’s instructions (10x Genomics, CG000204_Rev_A). To avoid lane bias, multiple uniquely indexed samples were mixed and distributed over several lanes.	GSM9602235	CTRL	Apr 20 2026	cDNA	GPL24676	GSE325391	Public on Apr 20 2026	Mar 19 2026	NONE	9606	SRA
GSE325391	GSM9602236	Sample1 of Run4, Severe Alzheimer's Disease,  Dentate gyrus punch	1	4	Severe Alzheimer's Disease	S1R4	Dentate gyrus	Dentate gyrus	F	73	73.0	SAD	Run 4	4	Homo sapiens	Illumina NovaSeq 6000	RNA-Seq	transcriptomic single cell	total RNA	BioSample: https://www.ncbi.nlm.nih.gov/biosample/SAMN56594054; SRA: https://www.ncbi.nlm.nih.gov/sra?term=SRX32572561	NONE	1	Meibergdreef 47	Amsterdam	Netherlands	d.ayyildiz@nin.knaw.nl	Netherlands Institute For Neuroscience	Dilara,,Ayyildiz	1105 BA	Paired-end FASTQ files were aligned and quantified with STARsolo123 from STAR v2.7.10b_alpha_230301(--soloFeatures Gene GeneFull_Ex50pAS Velocyto, --soloType CB_UMI_Simple, --soloCBwhitelist 3M-february-2018.txt, --soloUMIlen 12, --soloCellFilter EmptyDrops_CR, --soloMultiMappers EM) using the human reference genome GRCh38 (GENCODE v32/Ensembl98). All downstream steps were performed using the count matrix of GeneFull_Ex50pAS option, unless specified otherwise.; Assembly: GRCh38; Supplementary files format and content: Seurat Object as RDS file	0	Library name: S1R4; 10x Genomics	Nuclei were isolated from the frozen punched tissue or sections using an optimized isolation protocol. Briefly, samples were homogenized using a glass Dounce homogenizer (15 gentle strokes) in 1 ml of ice-cold Homogenization Buffer (HB), which contained mM sucrose, 5 mM calcium chloride, 3 mM magnesium acetate, 10 mM Tris, 0.1 mM EDTA, 0.1% Igepal, 0.1 mM PMSF, 1 mM 2-mercaptoethanol, and UltraPure water, along with 5 μl RNasin Plus (Promega, Benelux, Belgium). The homogenate was filtered using a 70 μm strainer and washed with 1.65 mL HB, bringing the final volume to 2.65 ml. An additional 2.65 ml of Gradient Medium (containing 5 mM calcium chloride, 50% OptiPrep (Sigma-Aldrich, Belgium), 3 mM magnesium acetate, 10 mM Tris, 0.2 mM PMSF, and 1 mM 2-mercaptoethanol) was added to achieve a final volume of 5.3 ml. To isolate the nuclei, OptiPrep Diluent Medium (ODM) consisting of 150 mM potassium chloride, 30 mM magnesium chloride, 60 mM Tris, and 250 mM sucrose was prepared. The sample was layered onto a 4 ml 29% cushion (29% Optiprep, ODM) using a P1000 pipette, and the weight was balanced with HB. Centrifugation was carried out at 7,700 rpm for 30 min at 4°C using a SW41Ti rotor. After centrifugation, the  supernatant was removed with a plastic Pasteur pipette, and the lower supernatant was aspirated using a P200 pipette. The nuclei were resuspended in 200 μl of resuspension buffer (1x PBS, 1% BSA, and 0.2 U/μl RNasin Plus), transferred to a fresh tube, and washed again with 100-200 μl of the same buffer. The resuspended solution was pooled, and any clumps were disrupted by pipetting with a P200. The sample was then filtered through a 0.35 μm strainer using a Falcon tube. A 9 μl-aliquot of the sample was mixed with 1 μl of propidium iodide (PI) stain, loaded onto a LUNA-FL slide, and left to settle for 30 seconds. The nuclei were examined under a LUNA-FL Automated Cell Counter to assess numbers and morphology.; Post cDNA amplification cleanup and construction of sample-indexed libraries and their amplification followed manufacturer’s directions (10x Genomics, CG000183_Rev_A), with the amplification step directly dependent on the quantity of input cDNA. In order to reach sequencing saturation of ~65% (~45,000 reads/nucleus), single nucleus libraries were run using paired-end sequencing with single indexing on the NovaSeq6000 platform, following manufacturer’s instructions (10x Genomics, CG000204_Rev_A). To avoid lane bias, multiple uniquely indexed samples were mixed and distributed over several lanes.	GSM9602236	SAD	Apr 20 2026	cDNA	GPL24676	GSE325391	Public on Apr 20 2026	Mar 19 2026	NONE	9606	SRA
GSE325391	GSM9602237	Sample2 of Run5, Moderate Alzheimer's Disease,  Dentate gyrus punch	2	5	Moderate Alzheimer's Disease	S2R5	Dentate gyrus	Dentate gyrus	M	89	89.0	MAD	Run 5	5	Homo sapiens	Illumina NovaSeq 6000	RNA-Seq	transcriptomic single cell	total RNA	BioSample: https://www.ncbi.nlm.nih.gov/biosample/SAMN56594053; SRA: https://www.ncbi.nlm.nih.gov/sra?term=SRX32572562	NONE	1	Meibergdreef 47	Amsterdam	Netherlands	d.ayyildiz@nin.knaw.nl	Netherlands Institute For Neuroscience	Dilara,,Ayyildiz	1105 BA	Paired-end FASTQ files were aligned and quantified with STARsolo123 from STAR v2.7.10b_alpha_230301(--soloFeatures Gene GeneFull_Ex50pAS Velocyto, --soloType CB_UMI_Simple, --soloCBwhitelist 3M-february-2018.txt, --soloUMIlen 12, --soloCellFilter EmptyDrops_CR, --soloMultiMappers EM) using the human reference genome GRCh38 (GENCODE v32/Ensembl98). All downstream steps were performed using the count matrix of GeneFull_Ex50pAS option, unless specified otherwise.; Assembly: GRCh38; Supplementary files format and content: Seurat Object as RDS file	0	Library name: S2R5; 10x Genomics	Nuclei were isolated from the frozen punched tissue or sections using an optimized isolation protocol. Briefly, samples were homogenized using a glass Dounce homogenizer (15 gentle strokes) in 1 ml of ice-cold Homogenization Buffer (HB), which contained mM sucrose, 5 mM calcium chloride, 3 mM magnesium acetate, 10 mM Tris, 0.1 mM EDTA, 0.1% Igepal, 0.1 mM PMSF, 1 mM 2-mercaptoethanol, and UltraPure water, along with 5 μl RNasin Plus (Promega, Benelux, Belgium). The homogenate was filtered using a 70 μm strainer and washed with 1.65 mL HB, bringing the final volume to 2.65 ml. An additional 2.65 ml of Gradient Medium (containing 5 mM calcium chloride, 50% OptiPrep (Sigma-Aldrich, Belgium), 3 mM magnesium acetate, 10 mM Tris, 0.2 mM PMSF, and 1 mM 2-mercaptoethanol) was added to achieve a final volume of 5.3 ml. To isolate the nuclei, OptiPrep Diluent Medium (ODM) consisting of 150 mM potassium chloride, 30 mM magnesium chloride, 60 mM Tris, and 250 mM sucrose was prepared. The sample was layered onto a 4 ml 29% cushion (29% Optiprep, ODM) using a P1000 pipette, and the weight was balanced with HB. Centrifugation was carried out at 7,700 rpm for 30 min at 4°C using a SW41Ti rotor. After centrifugation, the  supernatant was removed with a plastic Pasteur pipette, and the lower supernatant was aspirated using a P200 pipette. The nuclei were resuspended in 200 μl of resuspension buffer (1x PBS, 1% BSA, and 0.2 U/μl RNasin Plus), transferred to a fresh tube, and washed again with 100-200 μl of the same buffer. The resuspended solution was pooled, and any clumps were disrupted by pipetting with a P200. The sample was then filtered through a 0.35 μm strainer using a Falcon tube. A 9 μl-aliquot of the sample was mixed with 1 μl of propidium iodide (PI) stain, loaded onto a LUNA-FL slide, and left to settle for 30 seconds. The nuclei were examined under a LUNA-FL Automated Cell Counter to assess numbers and morphology.; Post cDNA amplification cleanup and construction of sample-indexed libraries and their amplification followed manufacturer’s directions (10x Genomics, CG000183_Rev_A), with the amplification step directly dependent on the quantity of input cDNA. In order to reach sequencing saturation of ~65% (~45,000 reads/nucleus), single nucleus libraries were run using paired-end sequencing with single indexing on the NovaSeq6000 platform, following manufacturer’s instructions (10x Genomics, CG000204_Rev_A). To avoid lane bias, multiple uniquely indexed samples were mixed and distributed over several lanes.	GSM9602237	MAD	Apr 20 2026	cDNA	GPL24676	GSE325391	Public on Apr 20 2026	Mar 19 2026	NONE	9606	SRA
GSE325391	GSM9602238	Sample2 of Run2, Moderate Alzheimer's Disease, Dentate gyrus punch	2	2	Moderate Alzheimer's Disease	S2R2	Dentate gyrus	Dentate gyrus	M	79	79.0	MAD	Run 2	2	Homo sapiens	Illumina NovaSeq 6000	RNA-Seq	transcriptomic single cell	total RNA	BioSample: https://www.ncbi.nlm.nih.gov/biosample/SAMN56594052; SRA: https://www.ncbi.nlm.nih.gov/sra?term=SRX32572563	NONE	1	Meibergdreef 47	Amsterdam	Netherlands	d.ayyildiz@nin.knaw.nl	Netherlands Institute For Neuroscience	Dilara,,Ayyildiz	1105 BA	Paired-end FASTQ files were aligned and quantified with STARsolo123 from STAR v2.7.10b_alpha_230301(--soloFeatures Gene GeneFull_Ex50pAS Velocyto, --soloType CB_UMI_Simple, --soloCBwhitelist 3M-february-2018.txt, --soloUMIlen 12, --soloCellFilter EmptyDrops_CR, --soloMultiMappers EM) using the human reference genome GRCh38 (GENCODE v32/Ensembl98). All downstream steps were performed using the count matrix of GeneFull_Ex50pAS option, unless specified otherwise.; Assembly: GRCh38; Supplementary files format and content: Seurat Object as RDS file	0	Library name: S2R2; 10x Genomics	Nuclei were isolated from the frozen punched tissue or sections using an optimized isolation protocol. Briefly, samples were homogenized using a glass Dounce homogenizer (15 gentle strokes) in 1 ml of ice-cold Homogenization Buffer (HB), which contained mM sucrose, 5 mM calcium chloride, 3 mM magnesium acetate, 10 mM Tris, 0.1 mM EDTA, 0.1% Igepal, 0.1 mM PMSF, 1 mM 2-mercaptoethanol, and UltraPure water, along with 5 μl RNasin Plus (Promega, Benelux, Belgium). The homogenate was filtered using a 70 μm strainer and washed with 1.65 mL HB, bringing the final volume to 2.65 ml. An additional 2.65 ml of Gradient Medium (containing 5 mM calcium chloride, 50% OptiPrep (Sigma-Aldrich, Belgium), 3 mM magnesium acetate, 10 mM Tris, 0.2 mM PMSF, and 1 mM 2-mercaptoethanol) was added to achieve a final volume of 5.3 ml. To isolate the nuclei, OptiPrep Diluent Medium (ODM) consisting of 150 mM potassium chloride, 30 mM magnesium chloride, 60 mM Tris, and 250 mM sucrose was prepared. The sample was layered onto a 4 ml 29% cushion (29% Optiprep, ODM) using a P1000 pipette, and the weight was balanced with HB. Centrifugation was carried out at 7,700 rpm for 30 min at 4°C using a SW41Ti rotor. After centrifugation, the  supernatant was removed with a plastic Pasteur pipette, and the lower supernatant was aspirated using a P200 pipette. The nuclei were resuspended in 200 μl of resuspension buffer (1x PBS, 1% BSA, and 0.2 U/μl RNasin Plus), transferred to a fresh tube, and washed again with 100-200 μl of the same buffer. The resuspended solution was pooled, and any clumps were disrupted by pipetting with a P200. The sample was then filtered through a 0.35 μm strainer using a Falcon tube. A 9 μl-aliquot of the sample was mixed with 1 μl of propidium iodide (PI) stain, loaded onto a LUNA-FL slide, and left to settle for 30 seconds. The nuclei were examined under a LUNA-FL Automated Cell Counter to assess numbers and morphology.; Post cDNA amplification cleanup and construction of sample-indexed libraries and their amplification followed manufacturer’s directions (10x Genomics, CG000183_Rev_A), with the amplification step directly dependent on the quantity of input cDNA. In order to reach sequencing saturation of ~65% (~45,000 reads/nucleus), single nucleus libraries were run using paired-end sequencing with single indexing on the NovaSeq6000 platform, following manufacturer’s instructions (10x Genomics, CG000204_Rev_A). To avoid lane bias, multiple uniquely indexed samples were mixed and distributed over several lanes.	GSM9602238	MAD	Apr 20 2026	cDNA	GPL24676	GSE325391	Public on Apr 20 2026	Mar 19 2026	NONE	9606	SRA
GSE325391	GSM9602239	Sample2 of Run5, Severe Alzheimer's Disease,  Dentate gyrus punch	2	5	Severe Alzheimer's Disease	S2R5stored	Dentate gyrus	Dentate gyrus	M	93	93.0	SAD	Run 5	5	Homo sapiens	Illumina NovaSeq 6000	RNA-Seq	transcriptomic single cell	total RNA	BioSample: https://www.ncbi.nlm.nih.gov/biosample/SAMN56594051; SRA: https://www.ncbi.nlm.nih.gov/sra?term=SRX32572564	NONE	1	Meibergdreef 47	Amsterdam	Netherlands	d.ayyildiz@nin.knaw.nl	Netherlands Institute For Neuroscience	Dilara,,Ayyildiz	1105 BA	Paired-end FASTQ files were aligned and quantified with STARsolo123 from STAR v2.7.10b_alpha_230301(--soloFeatures Gene GeneFull_Ex50pAS Velocyto, --soloType CB_UMI_Simple, --soloCBwhitelist 3M-february-2018.txt, --soloUMIlen 12, --soloCellFilter EmptyDrops_CR, --soloMultiMappers EM) using the human reference genome GRCh38 (GENCODE v32/Ensembl98). All downstream steps were performed using the count matrix of GeneFull_Ex50pAS option, unless specified otherwise.; Assembly: GRCh38; Supplementary files format and content: Seurat Object as RDS file	0	Library name: S2R5stored; 10x Genomics	Nuclei were isolated from the frozen punched tissue or sections using an optimized isolation protocol. Briefly, samples were homogenized using a glass Dounce homogenizer (15 gentle strokes) in 1 ml of ice-cold Homogenization Buffer (HB), which contained mM sucrose, 5 mM calcium chloride, 3 mM magnesium acetate, 10 mM Tris, 0.1 mM EDTA, 0.1% Igepal, 0.1 mM PMSF, 1 mM 2-mercaptoethanol, and UltraPure water, along with 5 μl RNasin Plus (Promega, Benelux, Belgium). The homogenate was filtered using a 70 μm strainer and washed with 1.65 mL HB, bringing the final volume to 2.65 ml. An additional 2.65 ml of Gradient Medium (containing 5 mM calcium chloride, 50% OptiPrep (Sigma-Aldrich, Belgium), 3 mM magnesium acetate, 10 mM Tris, 0.2 mM PMSF, and 1 mM 2-mercaptoethanol) was added to achieve a final volume of 5.3 ml. To isolate the nuclei, OptiPrep Diluent Medium (ODM) consisting of 150 mM potassium chloride, 30 mM magnesium chloride, 60 mM Tris, and 250 mM sucrose was prepared. The sample was layered onto a 4 ml 29% cushion (29% Optiprep, ODM) using a P1000 pipette, and the weight was balanced with HB. Centrifugation was carried out at 7,700 rpm for 30 min at 4°C using a SW41Ti rotor. After centrifugation, the  supernatant was removed with a plastic Pasteur pipette, and the lower supernatant was aspirated using a P200 pipette. The nuclei were resuspended in 200 μl of resuspension buffer (1x PBS, 1% BSA, and 0.2 U/μl RNasin Plus), transferred to a fresh tube, and washed again with 100-200 μl of the same buffer. The resuspended solution was pooled, and any clumps were disrupted by pipetting with a P200. The sample was then filtered through a 0.35 μm strainer using a Falcon tube. A 9 μl-aliquot of the sample was mixed with 1 μl of propidium iodide (PI) stain, loaded onto a LUNA-FL slide, and left to settle for 30 seconds. The nuclei were examined under a LUNA-FL Automated Cell Counter to assess numbers and morphology.; Post cDNA amplification cleanup and construction of sample-indexed libraries and their amplification followed manufacturer’s directions (10x Genomics, CG000183_Rev_A), with the amplification step directly dependent on the quantity of input cDNA. In order to reach sequencing saturation of ~65% (~45,000 reads/nucleus), single nucleus libraries were run using paired-end sequencing with single indexing on the NovaSeq6000 platform, following manufacturer’s instructions (10x Genomics, CG000204_Rev_A). To avoid lane bias, multiple uniquely indexed samples were mixed and distributed over several lanes.	GSM9602239	SAD	Apr 20 2026	cDNA	GPL24676	GSE325391	Public on Apr 20 2026	Mar 19 2026	NONE	9606	SRA
GSE325391	GSM9602240	Sample2 of Run4, Moderate Alzheimer's Disease,  Dentate gyrus punch	2	4	Moderate Alzheimer's Disease	S2R4	Dentate gyrus	Dentate gyrus	M	92	92.0	MAD	Run 4	4	Homo sapiens	Illumina NovaSeq 6000	RNA-Seq	transcriptomic single cell	total RNA	BioSample: https://www.ncbi.nlm.nih.gov/biosample/SAMN56594050; SRA: https://www.ncbi.nlm.nih.gov/sra?term=SRX32572565	NONE	1	Meibergdreef 47	Amsterdam	Netherlands	d.ayyildiz@nin.knaw.nl	Netherlands Institute For Neuroscience	Dilara,,Ayyildiz	1105 BA	Paired-end FASTQ files were aligned and quantified with STARsolo123 from STAR v2.7.10b_alpha_230301(--soloFeatures Gene GeneFull_Ex50pAS Velocyto, --soloType CB_UMI_Simple, --soloCBwhitelist 3M-february-2018.txt, --soloUMIlen 12, --soloCellFilter EmptyDrops_CR, --soloMultiMappers EM) using the human reference genome GRCh38 (GENCODE v32/Ensembl98). All downstream steps were performed using the count matrix of GeneFull_Ex50pAS option, unless specified otherwise.; Assembly: GRCh38; Supplementary files format and content: Seurat Object as RDS file	0	Library name: S2R4; 10x Genomics	Nuclei were isolated from the frozen punched tissue or sections using an optimized isolation protocol. Briefly, samples were homogenized using a glass Dounce homogenizer (15 gentle strokes) in 1 ml of ice-cold Homogenization Buffer (HB), which contained mM sucrose, 5 mM calcium chloride, 3 mM magnesium acetate, 10 mM Tris, 0.1 mM EDTA, 0.1% Igepal, 0.1 mM PMSF, 1 mM 2-mercaptoethanol, and UltraPure water, along with 5 μl RNasin Plus (Promega, Benelux, Belgium). The homogenate was filtered using a 70 μm strainer and washed with 1.65 mL HB, bringing the final volume to 2.65 ml. An additional 2.65 ml of Gradient Medium (containing 5 mM calcium chloride, 50% OptiPrep (Sigma-Aldrich, Belgium), 3 mM magnesium acetate, 10 mM Tris, 0.2 mM PMSF, and 1 mM 2-mercaptoethanol) was added to achieve a final volume of 5.3 ml. To isolate the nuclei, OptiPrep Diluent Medium (ODM) consisting of 150 mM potassium chloride, 30 mM magnesium chloride, 60 mM Tris, and 250 mM sucrose was prepared. The sample was layered onto a 4 ml 29% cushion (29% Optiprep, ODM) using a P1000 pipette, and the weight was balanced with HB. Centrifugation was carried out at 7,700 rpm for 30 min at 4°C using a SW41Ti rotor. After centrifugation, the  supernatant was removed with a plastic Pasteur pipette, and the lower supernatant was aspirated using a P200 pipette. The nuclei were resuspended in 200 μl of resuspension buffer (1x PBS, 1% BSA, and 0.2 U/μl RNasin Plus), transferred to a fresh tube, and washed again with 100-200 μl of the same buffer. The resuspended solution was pooled, and any clumps were disrupted by pipetting with a P200. The sample was then filtered through a 0.35 μm strainer using a Falcon tube. A 9 μl-aliquot of the sample was mixed with 1 μl of propidium iodide (PI) stain, loaded onto a LUNA-FL slide, and left to settle for 30 seconds. The nuclei were examined under a LUNA-FL Automated Cell Counter to assess numbers and morphology.; Post cDNA amplification cleanup and construction of sample-indexed libraries and their amplification followed manufacturer’s directions (10x Genomics, CG000183_Rev_A), with the amplification step directly dependent on the quantity of input cDNA. In order to reach sequencing saturation of ~65% (~45,000 reads/nucleus), single nucleus libraries were run using paired-end sequencing with single indexing on the NovaSeq6000 platform, following manufacturer’s instructions (10x Genomics, CG000204_Rev_A). To avoid lane bias, multiple uniquely indexed samples were mixed and distributed over several lanes.	GSM9602240	MAD	Apr 20 2026	cDNA	GPL24676	GSE325391	Public on Apr 20 2026	Mar 19 2026	NONE	9606	SRA
GSE325391	GSM9602241	Sample3 of Run5, Resillient,  Dentate gyrus punch	3	5	Resillient	S3R5	Dentate gyrus	Dentate gyrus	M	96	96.0	RES	Run 5	5	Homo sapiens	Illumina NovaSeq 6000	RNA-Seq	transcriptomic single cell	total RNA	BioSample: https://www.ncbi.nlm.nih.gov/biosample/SAMN56594049; SRA: https://www.ncbi.nlm.nih.gov/sra?term=SRX32572566	NONE	1	Meibergdreef 47	Amsterdam	Netherlands	d.ayyildiz@nin.knaw.nl	Netherlands Institute For Neuroscience	Dilara,,Ayyildiz	1105 BA	Paired-end FASTQ files were aligned and quantified with STARsolo123 from STAR v2.7.10b_alpha_230301(--soloFeatures Gene GeneFull_Ex50pAS Velocyto, --soloType CB_UMI_Simple, --soloCBwhitelist 3M-february-2018.txt, --soloUMIlen 12, --soloCellFilter EmptyDrops_CR, --soloMultiMappers EM) using the human reference genome GRCh38 (GENCODE v32/Ensembl98). All downstream steps were performed using the count matrix of GeneFull_Ex50pAS option, unless specified otherwise.; Assembly: GRCh38; Supplementary files format and content: Seurat Object as RDS file	0	Library name: S3R5; 10x Genomics	Nuclei were isolated from the frozen punched tissue or sections using an optimized isolation protocol. Briefly, samples were homogenized using a glass Dounce homogenizer (15 gentle strokes) in 1 ml of ice-cold Homogenization Buffer (HB), which contained mM sucrose, 5 mM calcium chloride, 3 mM magnesium acetate, 10 mM Tris, 0.1 mM EDTA, 0.1% Igepal, 0.1 mM PMSF, 1 mM 2-mercaptoethanol, and UltraPure water, along with 5 μl RNasin Plus (Promega, Benelux, Belgium). The homogenate was filtered using a 70 μm strainer and washed with 1.65 mL HB, bringing the final volume to 2.65 ml. An additional 2.65 ml of Gradient Medium (containing 5 mM calcium chloride, 50% OptiPrep (Sigma-Aldrich, Belgium), 3 mM magnesium acetate, 10 mM Tris, 0.2 mM PMSF, and 1 mM 2-mercaptoethanol) was added to achieve a final volume of 5.3 ml. To isolate the nuclei, OptiPrep Diluent Medium (ODM) consisting of 150 mM potassium chloride, 30 mM magnesium chloride, 60 mM Tris, and 250 mM sucrose was prepared. The sample was layered onto a 4 ml 29% cushion (29% Optiprep, ODM) using a P1000 pipette, and the weight was balanced with HB. Centrifugation was carried out at 7,700 rpm for 30 min at 4°C using a SW41Ti rotor. After centrifugation, the  supernatant was removed with a plastic Pasteur pipette, and the lower supernatant was aspirated using a P200 pipette. The nuclei were resuspended in 200 μl of resuspension buffer (1x PBS, 1% BSA, and 0.2 U/μl RNasin Plus), transferred to a fresh tube, and washed again with 100-200 μl of the same buffer. The resuspended solution was pooled, and any clumps were disrupted by pipetting with a P200. The sample was then filtered through a 0.35 μm strainer using a Falcon tube. A 9 μl-aliquot of the sample was mixed with 1 μl of propidium iodide (PI) stain, loaded onto a LUNA-FL slide, and left to settle for 30 seconds. The nuclei were examined under a LUNA-FL Automated Cell Counter to assess numbers and morphology.; Post cDNA amplification cleanup and construction of sample-indexed libraries and their amplification followed manufacturer’s directions (10x Genomics, CG000183_Rev_A), with the amplification step directly dependent on the quantity of input cDNA. In order to reach sequencing saturation of ~65% (~45,000 reads/nucleus), single nucleus libraries were run using paired-end sequencing with single indexing on the NovaSeq6000 platform, following manufacturer’s instructions (10x Genomics, CG000204_Rev_A). To avoid lane bias, multiple uniquely indexed samples were mixed and distributed over several lanes.	GSM9602241	RES	Apr 20 2026	cDNA	GPL24676	GSE325391	Public on Apr 20 2026	Mar 19 2026	NONE	9606	SRA
GSE325391	GSM9602242	Sample3 of Run2, Resillient,  Dentate gyrus punch	3	2	Resillient	S3R2	Dentate gyrus	Dentate gyrus	M	81	81.0	RES	Run 2	2	Homo sapiens	Illumina NovaSeq 6000	RNA-Seq	transcriptomic single cell	total RNA	BioSample: https://www.ncbi.nlm.nih.gov/biosample/SAMN56594048; SRA: https://www.ncbi.nlm.nih.gov/sra?term=SRX32572567	NONE	1	Meibergdreef 47	Amsterdam	Netherlands	d.ayyildiz@nin.knaw.nl	Netherlands Institute For Neuroscience	Dilara,,Ayyildiz	1105 BA	Paired-end FASTQ files were aligned and quantified with STARsolo123 from STAR v2.7.10b_alpha_230301(--soloFeatures Gene GeneFull_Ex50pAS Velocyto, --soloType CB_UMI_Simple, --soloCBwhitelist 3M-february-2018.txt, --soloUMIlen 12, --soloCellFilter EmptyDrops_CR, --soloMultiMappers EM) using the human reference genome GRCh38 (GENCODE v32/Ensembl98). All downstream steps were performed using the count matrix of GeneFull_Ex50pAS option, unless specified otherwise.; Assembly: GRCh38; Supplementary files format and content: Seurat Object as RDS file	0	Library name: S3R2; 10x Genomics	Nuclei were isolated from the frozen punched tissue or sections using an optimized isolation protocol. Briefly, samples were homogenized using a glass Dounce homogenizer (15 gentle strokes) in 1 ml of ice-cold Homogenization Buffer (HB), which contained mM sucrose, 5 mM calcium chloride, 3 mM magnesium acetate, 10 mM Tris, 0.1 mM EDTA, 0.1% Igepal, 0.1 mM PMSF, 1 mM 2-mercaptoethanol, and UltraPure water, along with 5 μl RNasin Plus (Promega, Benelux, Belgium). The homogenate was filtered using a 70 μm strainer and washed with 1.65 mL HB, bringing the final volume to 2.65 ml. An additional 2.65 ml of Gradient Medium (containing 5 mM calcium chloride, 50% OptiPrep (Sigma-Aldrich, Belgium), 3 mM magnesium acetate, 10 mM Tris, 0.2 mM PMSF, and 1 mM 2-mercaptoethanol) was added to achieve a final volume of 5.3 ml. To isolate the nuclei, OptiPrep Diluent Medium (ODM) consisting of 150 mM potassium chloride, 30 mM magnesium chloride, 60 mM Tris, and 250 mM sucrose was prepared. The sample was layered onto a 4 ml 29% cushion (29% Optiprep, ODM) using a P1000 pipette, and the weight was balanced with HB. Centrifugation was carried out at 7,700 rpm for 30 min at 4°C using a SW41Ti rotor. After centrifugation, the  supernatant was removed with a plastic Pasteur pipette, and the lower supernatant was aspirated using a P200 pipette. The nuclei were resuspended in 200 μl of resuspension buffer (1x PBS, 1% BSA, and 0.2 U/μl RNasin Plus), transferred to a fresh tube, and washed again with 100-200 μl of the same buffer. The resuspended solution was pooled, and any clumps were disrupted by pipetting with a P200. The sample was then filtered through a 0.35 μm strainer using a Falcon tube. A 9 μl-aliquot of the sample was mixed with 1 μl of propidium iodide (PI) stain, loaded onto a LUNA-FL slide, and left to settle for 30 seconds. The nuclei were examined under a LUNA-FL Automated Cell Counter to assess numbers and morphology.; Post cDNA amplification cleanup and construction of sample-indexed libraries and their amplification followed manufacturer’s directions (10x Genomics, CG000183_Rev_A), with the amplification step directly dependent on the quantity of input cDNA. In order to reach sequencing saturation of ~65% (~45,000 reads/nucleus), single nucleus libraries were run using paired-end sequencing with single indexing on the NovaSeq6000 platform, following manufacturer’s instructions (10x Genomics, CG000204_Rev_A). To avoid lane bias, multiple uniquely indexed samples were mixed and distributed over several lanes.	GSM9602242	RES	Apr 20 2026	cDNA	GPL24676	GSE325391	Public on Apr 20 2026	Mar 19 2026	NONE	9606	SRA
GSE325391	GSM9602243	Sample3 of Run4, Resillient,  Dentate gyrus punch	3	4	Resillient	S3R4	Dentate gyrus	Dentate gyrus	F	96	96.0	RES	Run 4	4	Homo sapiens	Illumina NovaSeq 6000	RNA-Seq	transcriptomic single cell	total RNA	BioSample: https://www.ncbi.nlm.nih.gov/biosample/SAMN56594047; SRA: https://www.ncbi.nlm.nih.gov/sra?term=SRX32572568	NONE	1	Meibergdreef 47	Amsterdam	Netherlands	d.ayyildiz@nin.knaw.nl	Netherlands Institute For Neuroscience	Dilara,,Ayyildiz	1105 BA	Paired-end FASTQ files were aligned and quantified with STARsolo123 from STAR v2.7.10b_alpha_230301(--soloFeatures Gene GeneFull_Ex50pAS Velocyto, --soloType CB_UMI_Simple, --soloCBwhitelist 3M-february-2018.txt, --soloUMIlen 12, --soloCellFilter EmptyDrops_CR, --soloMultiMappers EM) using the human reference genome GRCh38 (GENCODE v32/Ensembl98). All downstream steps were performed using the count matrix of GeneFull_Ex50pAS option, unless specified otherwise.; Assembly: GRCh38; Supplementary files format and content: Seurat Object as RDS file	0	Library name: S3R4; 10x Genomics	Nuclei were isolated from the frozen punched tissue or sections using an optimized isolation protocol. Briefly, samples were homogenized using a glass Dounce homogenizer (15 gentle strokes) in 1 ml of ice-cold Homogenization Buffer (HB), which contained mM sucrose, 5 mM calcium chloride, 3 mM magnesium acetate, 10 mM Tris, 0.1 mM EDTA, 0.1% Igepal, 0.1 mM PMSF, 1 mM 2-mercaptoethanol, and UltraPure water, along with 5 μl RNasin Plus (Promega, Benelux, Belgium). The homogenate was filtered using a 70 μm strainer and washed with 1.65 mL HB, bringing the final volume to 2.65 ml. An additional 2.65 ml of Gradient Medium (containing 5 mM calcium chloride, 50% OptiPrep (Sigma-Aldrich, Belgium), 3 mM magnesium acetate, 10 mM Tris, 0.2 mM PMSF, and 1 mM 2-mercaptoethanol) was added to achieve a final volume of 5.3 ml. To isolate the nuclei, OptiPrep Diluent Medium (ODM) consisting of 150 mM potassium chloride, 30 mM magnesium chloride, 60 mM Tris, and 250 mM sucrose was prepared. The sample was layered onto a 4 ml 29% cushion (29% Optiprep, ODM) using a P1000 pipette, and the weight was balanced with HB. Centrifugation was carried out at 7,700 rpm for 30 min at 4°C using a SW41Ti rotor. After centrifugation, the  supernatant was removed with a plastic Pasteur pipette, and the lower supernatant was aspirated using a P200 pipette. The nuclei were resuspended in 200 μl of resuspension buffer (1x PBS, 1% BSA, and 0.2 U/μl RNasin Plus), transferred to a fresh tube, and washed again with 100-200 μl of the same buffer. The resuspended solution was pooled, and any clumps were disrupted by pipetting with a P200. The sample was then filtered through a 0.35 μm strainer using a Falcon tube. A 9 μl-aliquot of the sample was mixed with 1 μl of propidium iodide (PI) stain, loaded onto a LUNA-FL slide, and left to settle for 30 seconds. The nuclei were examined under a LUNA-FL Automated Cell Counter to assess numbers and morphology.; Post cDNA amplification cleanup and construction of sample-indexed libraries and their amplification followed manufacturer’s directions (10x Genomics, CG000183_Rev_A), with the amplification step directly dependent on the quantity of input cDNA. In order to reach sequencing saturation of ~65% (~45,000 reads/nucleus), single nucleus libraries were run using paired-end sequencing with single indexing on the NovaSeq6000 platform, following manufacturer’s instructions (10x Genomics, CG000204_Rev_A). To avoid lane bias, multiple uniquely indexed samples were mixed and distributed over several lanes.	GSM9602243	RES	Apr 20 2026	cDNA	GPL24676	GSE325391	Public on Apr 20 2026	Mar 19 2026	NONE	9606	SRA
GSE325391	GSM9602244	Sample4 of Run5, Non-demented control,  Dentate gyrus punch	4	5	Non-demented control	S4R5	Dentate gyrus	Dentate gyrus	M	82	82.0	CTRL	Run 5	5	Homo sapiens	Illumina NovaSeq 6000	RNA-Seq	transcriptomic single cell	total RNA	BioSample: https://www.ncbi.nlm.nih.gov/biosample/SAMN56594046; SRA: https://www.ncbi.nlm.nih.gov/sra?term=SRX32572569	NONE	1	Meibergdreef 47	Amsterdam	Netherlands	d.ayyildiz@nin.knaw.nl	Netherlands Institute For Neuroscience	Dilara,,Ayyildiz	1105 BA	Paired-end FASTQ files were aligned and quantified with STARsolo123 from STAR v2.7.10b_alpha_230301(--soloFeatures Gene GeneFull_Ex50pAS Velocyto, --soloType CB_UMI_Simple, --soloCBwhitelist 3M-february-2018.txt, --soloUMIlen 12, --soloCellFilter EmptyDrops_CR, --soloMultiMappers EM) using the human reference genome GRCh38 (GENCODE v32/Ensembl98). All downstream steps were performed using the count matrix of GeneFull_Ex50pAS option, unless specified otherwise.; Assembly: GRCh38; Supplementary files format and content: Seurat Object as RDS file	0	Library name: S4R5; 10x Genomics	Nuclei were isolated from the frozen punched tissue or sections using an optimized isolation protocol. Briefly, samples were homogenized using a glass Dounce homogenizer (15 gentle strokes) in 1 ml of ice-cold Homogenization Buffer (HB), which contained mM sucrose, 5 mM calcium chloride, 3 mM magnesium acetate, 10 mM Tris, 0.1 mM EDTA, 0.1% Igepal, 0.1 mM PMSF, 1 mM 2-mercaptoethanol, and UltraPure water, along with 5 μl RNasin Plus (Promega, Benelux, Belgium). The homogenate was filtered using a 70 μm strainer and washed with 1.65 mL HB, bringing the final volume to 2.65 ml. An additional 2.65 ml of Gradient Medium (containing 5 mM calcium chloride, 50% OptiPrep (Sigma-Aldrich, Belgium), 3 mM magnesium acetate, 10 mM Tris, 0.2 mM PMSF, and 1 mM 2-mercaptoethanol) was added to achieve a final volume of 5.3 ml. To isolate the nuclei, OptiPrep Diluent Medium (ODM) consisting of 150 mM potassium chloride, 30 mM magnesium chloride, 60 mM Tris, and 250 mM sucrose was prepared. The sample was layered onto a 4 ml 29% cushion (29% Optiprep, ODM) using a P1000 pipette, and the weight was balanced with HB. Centrifugation was carried out at 7,700 rpm for 30 min at 4°C using a SW41Ti rotor. After centrifugation, the  supernatant was removed with a plastic Pasteur pipette, and the lower supernatant was aspirated using a P200 pipette. The nuclei were resuspended in 200 μl of resuspension buffer (1x PBS, 1% BSA, and 0.2 U/μl RNasin Plus), transferred to a fresh tube, and washed again with 100-200 μl of the same buffer. The resuspended solution was pooled, and any clumps were disrupted by pipetting with a P200. The sample was then filtered through a 0.35 μm strainer using a Falcon tube. A 9 μl-aliquot of the sample was mixed with 1 μl of propidium iodide (PI) stain, loaded onto a LUNA-FL slide, and left to settle for 30 seconds. The nuclei were examined under a LUNA-FL Automated Cell Counter to assess numbers and morphology.; Post cDNA amplification cleanup and construction of sample-indexed libraries and their amplification followed manufacturer’s directions (10x Genomics, CG000183_Rev_A), with the amplification step directly dependent on the quantity of input cDNA. In order to reach sequencing saturation of ~65% (~45,000 reads/nucleus), single nucleus libraries were run using paired-end sequencing with single indexing on the NovaSeq6000 platform, following manufacturer’s instructions (10x Genomics, CG000204_Rev_A). To avoid lane bias, multiple uniquely indexed samples were mixed and distributed over several lanes.	GSM9602244	CTRL	Apr 20 2026	cDNA	GPL24676	GSE325391	Public on Apr 20 2026	Mar 19 2026	NONE	9606	SRA
GSE325391	GSM9602245	Sample4 of Run2, Non-demented control,  Dentate gyrus punch	4	2	Non-demented control	S4R2	Dentate gyrus	Dentate gyrus	M	70	70.0	CTRL	Run 2	2	Homo sapiens	Illumina NovaSeq 6000	RNA-Seq	transcriptomic single cell	total RNA	BioSample: https://www.ncbi.nlm.nih.gov/biosample/SAMN56594045; SRA: https://www.ncbi.nlm.nih.gov/sra?term=SRX32572570	NONE	1	Meibergdreef 47	Amsterdam	Netherlands	d.ayyildiz@nin.knaw.nl	Netherlands Institute For Neuroscience	Dilara,,Ayyildiz	1105 BA	Paired-end FASTQ files were aligned and quantified with STARsolo123 from STAR v2.7.10b_alpha_230301(--soloFeatures Gene GeneFull_Ex50pAS Velocyto, --soloType CB_UMI_Simple, --soloCBwhitelist 3M-february-2018.txt, --soloUMIlen 12, --soloCellFilter EmptyDrops_CR, --soloMultiMappers EM) using the human reference genome GRCh38 (GENCODE v32/Ensembl98). All downstream steps were performed using the count matrix of GeneFull_Ex50pAS option, unless specified otherwise.; Assembly: GRCh38; Supplementary files format and content: Seurat Object as RDS file	0	Library name: S4R2; 10x Genomics	Nuclei were isolated from the frozen punched tissue or sections using an optimized isolation protocol. Briefly, samples were homogenized using a glass Dounce homogenizer (15 gentle strokes) in 1 ml of ice-cold Homogenization Buffer (HB), which contained mM sucrose, 5 mM calcium chloride, 3 mM magnesium acetate, 10 mM Tris, 0.1 mM EDTA, 0.1% Igepal, 0.1 mM PMSF, 1 mM 2-mercaptoethanol, and UltraPure water, along with 5 μl RNasin Plus (Promega, Benelux, Belgium). The homogenate was filtered using a 70 μm strainer and washed with 1.65 mL HB, bringing the final volume to 2.65 ml. An additional 2.65 ml of Gradient Medium (containing 5 mM calcium chloride, 50% OptiPrep (Sigma-Aldrich, Belgium), 3 mM magnesium acetate, 10 mM Tris, 0.2 mM PMSF, and 1 mM 2-mercaptoethanol) was added to achieve a final volume of 5.3 ml. To isolate the nuclei, OptiPrep Diluent Medium (ODM) consisting of 150 mM potassium chloride, 30 mM magnesium chloride, 60 mM Tris, and 250 mM sucrose was prepared. The sample was layered onto a 4 ml 29% cushion (29% Optiprep, ODM) using a P1000 pipette, and the weight was balanced with HB. Centrifugation was carried out at 7,700 rpm for 30 min at 4°C using a SW41Ti rotor. After centrifugation, the  supernatant was removed with a plastic Pasteur pipette, and the lower supernatant was aspirated using a P200 pipette. The nuclei were resuspended in 200 μl of resuspension buffer (1x PBS, 1% BSA, and 0.2 U/μl RNasin Plus), transferred to a fresh tube, and washed again with 100-200 μl of the same buffer. The resuspended solution was pooled, and any clumps were disrupted by pipetting with a P200. The sample was then filtered through a 0.35 μm strainer using a Falcon tube. A 9 μl-aliquot of the sample was mixed with 1 μl of propidium iodide (PI) stain, loaded onto a LUNA-FL slide, and left to settle for 30 seconds. The nuclei were examined under a LUNA-FL Automated Cell Counter to assess numbers and morphology.; Post cDNA amplification cleanup and construction of sample-indexed libraries and their amplification followed manufacturer’s directions (10x Genomics, CG000183_Rev_A), with the amplification step directly dependent on the quantity of input cDNA. In order to reach sequencing saturation of ~65% (~45,000 reads/nucleus), single nucleus libraries were run using paired-end sequencing with single indexing on the NovaSeq6000 platform, following manufacturer’s instructions (10x Genomics, CG000204_Rev_A). To avoid lane bias, multiple uniquely indexed samples were mixed and distributed over several lanes.	GSM9602245	CTRL	Apr 20 2026	cDNA	GPL24676	GSE325391	Public on Apr 20 2026	Mar 19 2026	NONE	9606	SRA
GSE325391	GSM9602246	Sample4 of Run4, Non-demented control,  Dentate gyrus punch	4	4	Non-demented control	S4R4	Dentate gyrus	Dentate gyrus	F	93	93.0	CTRL	Run 4	4	Homo sapiens	Illumina NovaSeq 6000	RNA-Seq	transcriptomic single cell	total RNA	BioSample: https://www.ncbi.nlm.nih.gov/biosample/SAMN56594044; SRA: https://www.ncbi.nlm.nih.gov/sra?term=SRX32572571	NONE	1	Meibergdreef 47	Amsterdam	Netherlands	d.ayyildiz@nin.knaw.nl	Netherlands Institute For Neuroscience	Dilara,,Ayyildiz	1105 BA	Paired-end FASTQ files were aligned and quantified with STARsolo123 from STAR v2.7.10b_alpha_230301(--soloFeatures Gene GeneFull_Ex50pAS Velocyto, --soloType CB_UMI_Simple, --soloCBwhitelist 3M-february-2018.txt, --soloUMIlen 12, --soloCellFilter EmptyDrops_CR, --soloMultiMappers EM) using the human reference genome GRCh38 (GENCODE v32/Ensembl98). All downstream steps were performed using the count matrix of GeneFull_Ex50pAS option, unless specified otherwise.; Assembly: GRCh38; Supplementary files format and content: Seurat Object as RDS file	0	Library name: S4R4; 10x Genomics	Nuclei were isolated from the frozen punched tissue or sections using an optimized isolation protocol. Briefly, samples were homogenized using a glass Dounce homogenizer (15 gentle strokes) in 1 ml of ice-cold Homogenization Buffer (HB), which contained mM sucrose, 5 mM calcium chloride, 3 mM magnesium acetate, 10 mM Tris, 0.1 mM EDTA, 0.1% Igepal, 0.1 mM PMSF, 1 mM 2-mercaptoethanol, and UltraPure water, along with 5 μl RNasin Plus (Promega, Benelux, Belgium). The homogenate was filtered using a 70 μm strainer and washed with 1.65 mL HB, bringing the final volume to 2.65 ml. An additional 2.65 ml of Gradient Medium (containing 5 mM calcium chloride, 50% OptiPrep (Sigma-Aldrich, Belgium), 3 mM magnesium acetate, 10 mM Tris, 0.2 mM PMSF, and 1 mM 2-mercaptoethanol) was added to achieve a final volume of 5.3 ml. To isolate the nuclei, OptiPrep Diluent Medium (ODM) consisting of 150 mM potassium chloride, 30 mM magnesium chloride, 60 mM Tris, and 250 mM sucrose was prepared. The sample was layered onto a 4 ml 29% cushion (29% Optiprep, ODM) using a P1000 pipette, and the weight was balanced with HB. Centrifugation was carried out at 7,700 rpm for 30 min at 4°C using a SW41Ti rotor. After centrifugation, the  supernatant was removed with a plastic Pasteur pipette, and the lower supernatant was aspirated using a P200 pipette. The nuclei were resuspended in 200 μl of resuspension buffer (1x PBS, 1% BSA, and 0.2 U/μl RNasin Plus), transferred to a fresh tube, and washed again with 100-200 μl of the same buffer. The resuspended solution was pooled, and any clumps were disrupted by pipetting with a P200. The sample was then filtered through a 0.35 μm strainer using a Falcon tube. A 9 μl-aliquot of the sample was mixed with 1 μl of propidium iodide (PI) stain, loaded onto a LUNA-FL slide, and left to settle for 30 seconds. The nuclei were examined under a LUNA-FL Automated Cell Counter to assess numbers and morphology.; Post cDNA amplification cleanup and construction of sample-indexed libraries and their amplification followed manufacturer’s directions (10x Genomics, CG000183_Rev_A), with the amplification step directly dependent on the quantity of input cDNA. In order to reach sequencing saturation of ~65% (~45,000 reads/nucleus), single nucleus libraries were run using paired-end sequencing with single indexing on the NovaSeq6000 platform, following manufacturer’s instructions (10x Genomics, CG000204_Rev_A). To avoid lane bias, multiple uniquely indexed samples were mixed and distributed over several lanes.	GSM9602246	CTRL	Apr 20 2026	cDNA	GPL24676	GSE325391	Public on Apr 20 2026	Mar 19 2026	NONE	9606	SRA
GSE325391	GSM9602247	Sample5 of Run5, Severe Alzheimer's Disease,  Dentate gyrus punch	5	5	Severe Alzheimer's Disease	S5R5	Dentate gyrus	Dentate gyrus	F	78	78.0	SAD	Run 5	5	Homo sapiens	Illumina NovaSeq 6000	RNA-Seq	transcriptomic single cell	total RNA	BioSample: https://www.ncbi.nlm.nih.gov/biosample/SAMN56594043; SRA: https://www.ncbi.nlm.nih.gov/sra?term=SRX32572572	NONE	1	Meibergdreef 47	Amsterdam	Netherlands	d.ayyildiz@nin.knaw.nl	Netherlands Institute For Neuroscience	Dilara,,Ayyildiz	1105 BA	Paired-end FASTQ files were aligned and quantified with STARsolo123 from STAR v2.7.10b_alpha_230301(--soloFeatures Gene GeneFull_Ex50pAS Velocyto, --soloType CB_UMI_Simple, --soloCBwhitelist 3M-february-2018.txt, --soloUMIlen 12, --soloCellFilter EmptyDrops_CR, --soloMultiMappers EM) using the human reference genome GRCh38 (GENCODE v32/Ensembl98). All downstream steps were performed using the count matrix of GeneFull_Ex50pAS option, unless specified otherwise.; Assembly: GRCh38; Supplementary files format and content: Seurat Object as RDS file	0	Library name: S5R5; 10x Genomics	Nuclei were isolated from the frozen punched tissue or sections using an optimized isolation protocol. Briefly, samples were homogenized using a glass Dounce homogenizer (15 gentle strokes) in 1 ml of ice-cold Homogenization Buffer (HB), which contained mM sucrose, 5 mM calcium chloride, 3 mM magnesium acetate, 10 mM Tris, 0.1 mM EDTA, 0.1% Igepal, 0.1 mM PMSF, 1 mM 2-mercaptoethanol, and UltraPure water, along with 5 μl RNasin Plus (Promega, Benelux, Belgium). The homogenate was filtered using a 70 μm strainer and washed with 1.65 mL HB, bringing the final volume to 2.65 ml. An additional 2.65 ml of Gradient Medium (containing 5 mM calcium chloride, 50% OptiPrep (Sigma-Aldrich, Belgium), 3 mM magnesium acetate, 10 mM Tris, 0.2 mM PMSF, and 1 mM 2-mercaptoethanol) was added to achieve a final volume of 5.3 ml. To isolate the nuclei, OptiPrep Diluent Medium (ODM) consisting of 150 mM potassium chloride, 30 mM magnesium chloride, 60 mM Tris, and 250 mM sucrose was prepared. The sample was layered onto a 4 ml 29% cushion (29% Optiprep, ODM) using a P1000 pipette, and the weight was balanced with HB. Centrifugation was carried out at 7,700 rpm for 30 min at 4°C using a SW41Ti rotor. After centrifugation, the  supernatant was removed with a plastic Pasteur pipette, and the lower supernatant was aspirated using a P200 pipette. The nuclei were resuspended in 200 μl of resuspension buffer (1x PBS, 1% BSA, and 0.2 U/μl RNasin Plus), transferred to a fresh tube, and washed again with 100-200 μl of the same buffer. The resuspended solution was pooled, and any clumps were disrupted by pipetting with a P200. The sample was then filtered through a 0.35 μm strainer using a Falcon tube. A 9 μl-aliquot of the sample was mixed with 1 μl of propidium iodide (PI) stain, loaded onto a LUNA-FL slide, and left to settle for 30 seconds. The nuclei were examined under a LUNA-FL Automated Cell Counter to assess numbers and morphology.; Post cDNA amplification cleanup and construction of sample-indexed libraries and their amplification followed manufacturer’s directions (10x Genomics, CG000183_Rev_A), with the amplification step directly dependent on the quantity of input cDNA. In order to reach sequencing saturation of ~65% (~45,000 reads/nucleus), single nucleus libraries were run using paired-end sequencing with single indexing on the NovaSeq6000 platform, following manufacturer’s instructions (10x Genomics, CG000204_Rev_A). To avoid lane bias, multiple uniquely indexed samples were mixed and distributed over several lanes.	GSM9602247	SAD	Apr 20 2026	cDNA	GPL24676	GSE325391	Public on Apr 20 2026	Mar 19 2026	NONE	9606	SRA
GSE325391	GSM9602248	Sample6 of Run5, Moderate Alzheimer's Disease,  Dentate gyrus punch	6	5	Moderate Alzheimer's Disease	S6R5	Dentate gyrus	Dentate gyrus	F	81	81.0	MAD	Run 5	5	Homo sapiens	Illumina NovaSeq 6000	RNA-Seq	transcriptomic single cell	total RNA	BioSample: https://www.ncbi.nlm.nih.gov/biosample/SAMN56594042; SRA: https://www.ncbi.nlm.nih.gov/sra?term=SRX32572573	NONE	1	Meibergdreef 47	Amsterdam	Netherlands	d.ayyildiz@nin.knaw.nl	Netherlands Institute For Neuroscience	Dilara,,Ayyildiz	1105 BA	Paired-end FASTQ files were aligned and quantified with STARsolo123 from STAR v2.7.10b_alpha_230301(--soloFeatures Gene GeneFull_Ex50pAS Velocyto, --soloType CB_UMI_Simple, --soloCBwhitelist 3M-february-2018.txt, --soloUMIlen 12, --soloCellFilter EmptyDrops_CR, --soloMultiMappers EM) using the human reference genome GRCh38 (GENCODE v32/Ensembl98). All downstream steps were performed using the count matrix of GeneFull_Ex50pAS option, unless specified otherwise.; Assembly: GRCh38; Supplementary files format and content: Seurat Object as RDS file	0	Library name: S6R5; 10x Genomics	Nuclei were isolated from the frozen punched tissue or sections using an optimized isolation protocol. Briefly, samples were homogenized using a glass Dounce homogenizer (15 gentle strokes) in 1 ml of ice-cold Homogenization Buffer (HB), which contained mM sucrose, 5 mM calcium chloride, 3 mM magnesium acetate, 10 mM Tris, 0.1 mM EDTA, 0.1% Igepal, 0.1 mM PMSF, 1 mM 2-mercaptoethanol, and UltraPure water, along with 5 μl RNasin Plus (Promega, Benelux, Belgium). The homogenate was filtered using a 70 μm strainer and washed with 1.65 mL HB, bringing the final volume to 2.65 ml. An additional 2.65 ml of Gradient Medium (containing 5 mM calcium chloride, 50% OptiPrep (Sigma-Aldrich, Belgium), 3 mM magnesium acetate, 10 mM Tris, 0.2 mM PMSF, and 1 mM 2-mercaptoethanol) was added to achieve a final volume of 5.3 ml. To isolate the nuclei, OptiPrep Diluent Medium (ODM) consisting of 150 mM potassium chloride, 30 mM magnesium chloride, 60 mM Tris, and 250 mM sucrose was prepared. The sample was layered onto a 4 ml 29% cushion (29% Optiprep, ODM) using a P1000 pipette, and the weight was balanced with HB. Centrifugation was carried out at 7,700 rpm for 30 min at 4°C using a SW41Ti rotor. After centrifugation, the  supernatant was removed with a plastic Pasteur pipette, and the lower supernatant was aspirated using a P200 pipette. The nuclei were resuspended in 200 μl of resuspension buffer (1x PBS, 1% BSA, and 0.2 U/μl RNasin Plus), transferred to a fresh tube, and washed again with 100-200 μl of the same buffer. The resuspended solution was pooled, and any clumps were disrupted by pipetting with a P200. The sample was then filtered through a 0.35 μm strainer using a Falcon tube. A 9 μl-aliquot of the sample was mixed with 1 μl of propidium iodide (PI) stain, loaded onto a LUNA-FL slide, and left to settle for 30 seconds. The nuclei were examined under a LUNA-FL Automated Cell Counter to assess numbers and morphology.; Post cDNA amplification cleanup and construction of sample-indexed libraries and their amplification followed manufacturer’s directions (10x Genomics, CG000183_Rev_A), with the amplification step directly dependent on the quantity of input cDNA. In order to reach sequencing saturation of ~65% (~45,000 reads/nucleus), single nucleus libraries were run using paired-end sequencing with single indexing on the NovaSeq6000 platform, following manufacturer’s instructions (10x Genomics, CG000204_Rev_A). To avoid lane bias, multiple uniquely indexed samples were mixed and distributed over several lanes.	GSM9602248	MAD	Apr 20 2026	cDNA	GPL24676	GSE325391	Public on Apr 20 2026	Mar 19 2026	NONE	9606	SRA
GSE325391	GSM9602249	Sample7 of Run5, Resillient,  Dentate gyrus punch	7	5	Resillient	S7R5	Dentate gyrus	Dentate gyrus	M	85	85.0	RES	Run 5	5	Homo sapiens	Illumina NovaSeq 6000	RNA-Seq	transcriptomic single cell	total RNA	BioSample: https://www.ncbi.nlm.nih.gov/biosample/SAMN56594041; SRA: https://www.ncbi.nlm.nih.gov/sra?term=SRX32572574	NONE	1	Meibergdreef 47	Amsterdam	Netherlands	d.ayyildiz@nin.knaw.nl	Netherlands Institute For Neuroscience	Dilara,,Ayyildiz	1105 BA	Paired-end FASTQ files were aligned and quantified with STARsolo123 from STAR v2.7.10b_alpha_230301(--soloFeatures Gene GeneFull_Ex50pAS Velocyto, --soloType CB_UMI_Simple, --soloCBwhitelist 3M-february-2018.txt, --soloUMIlen 12, --soloCellFilter EmptyDrops_CR, --soloMultiMappers EM) using the human reference genome GRCh38 (GENCODE v32/Ensembl98). All downstream steps were performed using the count matrix of GeneFull_Ex50pAS option, unless specified otherwise.; Assembly: GRCh38; Supplementary files format and content: Seurat Object as RDS file	0	Library name: S7R5; 10x Genomics	Nuclei were isolated from the frozen punched tissue or sections using an optimized isolation protocol. Briefly, samples were homogenized using a glass Dounce homogenizer (15 gentle strokes) in 1 ml of ice-cold Homogenization Buffer (HB), which contained mM sucrose, 5 mM calcium chloride, 3 mM magnesium acetate, 10 mM Tris, 0.1 mM EDTA, 0.1% Igepal, 0.1 mM PMSF, 1 mM 2-mercaptoethanol, and UltraPure water, along with 5 μl RNasin Plus (Promega, Benelux, Belgium). The homogenate was filtered using a 70 μm strainer and washed with 1.65 mL HB, bringing the final volume to 2.65 ml. An additional 2.65 ml of Gradient Medium (containing 5 mM calcium chloride, 50% OptiPrep (Sigma-Aldrich, Belgium), 3 mM magnesium acetate, 10 mM Tris, 0.2 mM PMSF, and 1 mM 2-mercaptoethanol) was added to achieve a final volume of 5.3 ml. To isolate the nuclei, OptiPrep Diluent Medium (ODM) consisting of 150 mM potassium chloride, 30 mM magnesium chloride, 60 mM Tris, and 250 mM sucrose was prepared. The sample was layered onto a 4 ml 29% cushion (29% Optiprep, ODM) using a P1000 pipette, and the weight was balanced with HB. Centrifugation was carried out at 7,700 rpm for 30 min at 4°C using a SW41Ti rotor. After centrifugation, the  supernatant was removed with a plastic Pasteur pipette, and the lower supernatant was aspirated using a P200 pipette. The nuclei were resuspended in 200 μl of resuspension buffer (1x PBS, 1% BSA, and 0.2 U/μl RNasin Plus), transferred to a fresh tube, and washed again with 100-200 μl of the same buffer. The resuspended solution was pooled, and any clumps were disrupted by pipetting with a P200. The sample was then filtered through a 0.35 μm strainer using a Falcon tube. A 9 μl-aliquot of the sample was mixed with 1 μl of propidium iodide (PI) stain, loaded onto a LUNA-FL slide, and left to settle for 30 seconds. The nuclei were examined under a LUNA-FL Automated Cell Counter to assess numbers and morphology.; Post cDNA amplification cleanup and construction of sample-indexed libraries and their amplification followed manufacturer’s directions (10x Genomics, CG000183_Rev_A), with the amplification step directly dependent on the quantity of input cDNA. In order to reach sequencing saturation of ~65% (~45,000 reads/nucleus), single nucleus libraries were run using paired-end sequencing with single indexing on the NovaSeq6000 platform, following manufacturer’s instructions (10x Genomics, CG000204_Rev_A). To avoid lane bias, multiple uniquely indexed samples were mixed and distributed over several lanes.	GSM9602249	RES	Apr 20 2026	cDNA	GPL24676	GSE325391	Public on Apr 20 2026	Mar 19 2026	NONE	9606	SRA
GSE325391	GSM9602250	Sample8 of Run5, Non-demented control,  Dentate gyrus punch	8	5	Non-demented control	S8R5	Dentate gyrus	Dentate gyrus	M	88	88.0	CTRL	Run 5	5	Homo sapiens	Illumina NovaSeq 6000	RNA-Seq	transcriptomic single cell	total RNA	BioSample: https://www.ncbi.nlm.nih.gov/biosample/SAMN56594040; SRA: https://www.ncbi.nlm.nih.gov/sra?term=SRX32572575	NONE	1	Meibergdreef 47	Amsterdam	Netherlands	d.ayyildiz@nin.knaw.nl	Netherlands Institute For Neuroscience	Dilara,,Ayyildiz	1105 BA	Paired-end FASTQ files were aligned and quantified with STARsolo123 from STAR v2.7.10b_alpha_230301(--soloFeatures Gene GeneFull_Ex50pAS Velocyto, --soloType CB_UMI_Simple, --soloCBwhitelist 3M-february-2018.txt, --soloUMIlen 12, --soloCellFilter EmptyDrops_CR, --soloMultiMappers EM) using the human reference genome GRCh38 (GENCODE v32/Ensembl98). All downstream steps were performed using the count matrix of GeneFull_Ex50pAS option, unless specified otherwise.; Assembly: GRCh38; Supplementary files format and content: Seurat Object as RDS file	0	Library name: S8R5; 10x Genomics	Nuclei were isolated from the frozen punched tissue or sections using an optimized isolation protocol. Briefly, samples were homogenized using a glass Dounce homogenizer (15 gentle strokes) in 1 ml of ice-cold Homogenization Buffer (HB), which contained mM sucrose, 5 mM calcium chloride, 3 mM magnesium acetate, 10 mM Tris, 0.1 mM EDTA, 0.1% Igepal, 0.1 mM PMSF, 1 mM 2-mercaptoethanol, and UltraPure water, along with 5 μl RNasin Plus (Promega, Benelux, Belgium). The homogenate was filtered using a 70 μm strainer and washed with 1.65 mL HB, bringing the final volume to 2.65 ml. An additional 2.65 ml of Gradient Medium (containing 5 mM calcium chloride, 50% OptiPrep (Sigma-Aldrich, Belgium), 3 mM magnesium acetate, 10 mM Tris, 0.2 mM PMSF, and 1 mM 2-mercaptoethanol) was added to achieve a final volume of 5.3 ml. To isolate the nuclei, OptiPrep Diluent Medium (ODM) consisting of 150 mM potassium chloride, 30 mM magnesium chloride, 60 mM Tris, and 250 mM sucrose was prepared. The sample was layered onto a 4 ml 29% cushion (29% Optiprep, ODM) using a P1000 pipette, and the weight was balanced with HB. Centrifugation was carried out at 7,700 rpm for 30 min at 4°C using a SW41Ti rotor. After centrifugation, the  supernatant was removed with a plastic Pasteur pipette, and the lower supernatant was aspirated using a P200 pipette. The nuclei were resuspended in 200 μl of resuspension buffer (1x PBS, 1% BSA, and 0.2 U/μl RNasin Plus), transferred to a fresh tube, and washed again with 100-200 μl of the same buffer. The resuspended solution was pooled, and any clumps were disrupted by pipetting with a P200. The sample was then filtered through a 0.35 μm strainer using a Falcon tube. A 9 μl-aliquot of the sample was mixed with 1 μl of propidium iodide (PI) stain, loaded onto a LUNA-FL slide, and left to settle for 30 seconds. The nuclei were examined under a LUNA-FL Automated Cell Counter to assess numbers and morphology.; Post cDNA amplification cleanup and construction of sample-indexed libraries and their amplification followed manufacturer’s directions (10x Genomics, CG000183_Rev_A), with the amplification step directly dependent on the quantity of input cDNA. In order to reach sequencing saturation of ~65% (~45,000 reads/nucleus), single nucleus libraries were run using paired-end sequencing with single indexing on the NovaSeq6000 platform, following manufacturer’s instructions (10x Genomics, CG000204_Rev_A). To avoid lane bias, multiple uniquely indexed samples were mixed and distributed over several lanes.	GSM9602250	CTRL	Apr 20 2026	cDNA	GPL24676	GSE325391	Public on Apr 20 2026	Mar 19 2026	NONE	9606	SRA
GSE325391	GSM9602251	Sample1 of Run3, Severe Alzheimer's Disease,  Dentate gyrus punch	1	3	Severe Alzheimer's Disease	S1R3	Dentate gyrus	Dentate gyrus	M	87	87.0	SAD	Run 3	3	Homo sapiens	Illumina NovaSeq 6000	RNA-Seq	transcriptomic single cell	total RNA	BioSample: https://www.ncbi.nlm.nih.gov/biosample/SAMN56594039; SRA: https://www.ncbi.nlm.nih.gov/sra?term=SRX32572576	NONE	1	Meibergdreef 47	Amsterdam	Netherlands	d.ayyildiz@nin.knaw.nl	Netherlands Institute For Neuroscience	Dilara,,Ayyildiz	1105 BA	Paired-end FASTQ files were aligned and quantified with STARsolo123 from STAR v2.7.10b_alpha_230301(--soloFeatures Gene GeneFull_Ex50pAS Velocyto, --soloType CB_UMI_Simple, --soloCBwhitelist 3M-february-2018.txt, --soloUMIlen 12, --soloCellFilter EmptyDrops_CR, --soloMultiMappers EM) using the human reference genome GRCh38 (GENCODE v32/Ensembl98). All downstream steps were performed using the count matrix of GeneFull_Ex50pAS option, unless specified otherwise.; Assembly: GRCh38; Supplementary files format and content: Seurat Object as RDS file	0	Library name: S1R3; 10x Genomics	Nuclei were isolated from the frozen punched tissue or sections using an optimized isolation protocol. Briefly, samples were homogenized using a glass Dounce homogenizer (15 gentle strokes) in 1 ml of ice-cold Homogenization Buffer (HB), which contained mM sucrose, 5 mM calcium chloride, 3 mM magnesium acetate, 10 mM Tris, 0.1 mM EDTA, 0.1% Igepal, 0.1 mM PMSF, 1 mM 2-mercaptoethanol, and UltraPure water, along with 5 μl RNasin Plus (Promega, Benelux, Belgium). The homogenate was filtered using a 70 μm strainer and washed with 1.65 mL HB, bringing the final volume to 2.65 ml. An additional 2.65 ml of Gradient Medium (containing 5 mM calcium chloride, 50% OptiPrep (Sigma-Aldrich, Belgium), 3 mM magnesium acetate, 10 mM Tris, 0.2 mM PMSF, and 1 mM 2-mercaptoethanol) was added to achieve a final volume of 5.3 ml. To isolate the nuclei, OptiPrep Diluent Medium (ODM) consisting of 150 mM potassium chloride, 30 mM magnesium chloride, 60 mM Tris, and 250 mM sucrose was prepared. The sample was layered onto a 4 ml 29% cushion (29% Optiprep, ODM) using a P1000 pipette, and the weight was balanced with HB. Centrifugation was carried out at 7,700 rpm for 30 min at 4°C using a SW41Ti rotor. After centrifugation, the  supernatant was removed with a plastic Pasteur pipette, and the lower supernatant was aspirated using a P200 pipette. The nuclei were resuspended in 200 μl of resuspension buffer (1x PBS, 1% BSA, and 0.2 U/μl RNasin Plus), transferred to a fresh tube, and washed again with 100-200 μl of the same buffer. The resuspended solution was pooled, and any clumps were disrupted by pipetting with a P200. The sample was then filtered through a 0.35 μm strainer using a Falcon tube. A 9 μl-aliquot of the sample was mixed with 1 μl of propidium iodide (PI) stain, loaded onto a LUNA-FL slide, and left to settle for 30 seconds. The nuclei were examined under a LUNA-FL Automated Cell Counter to assess numbers and morphology.; Post cDNA amplification cleanup and construction of sample-indexed libraries and their amplification followed manufacturer’s directions (10x Genomics, CG000183_Rev_A), with the amplification step directly dependent on the quantity of input cDNA. In order to reach sequencing saturation of ~65% (~45,000 reads/nucleus), single nucleus libraries were run using paired-end sequencing with single indexing on the NovaSeq6000 platform, following manufacturer’s instructions (10x Genomics, CG000204_Rev_A). To avoid lane bias, multiple uniquely indexed samples were mixed and distributed over several lanes.	GSM9602251	SAD	Apr 20 2026	cDNA	GPL24676	GSE325391	Public on Apr 20 2026	Mar 19 2026	NONE	9606	SRA
GSE325391	GSM9602252	Sample2 of Run3, Non-demented control,  Dentate gyrus punch	2	3	Non-demented control	S2R3	Dentate gyrus	Dentate gyrus	M	68	68.0	CTRL	Run 3	3	Homo sapiens	Illumina NovaSeq 6000	RNA-Seq	transcriptomic single cell	total RNA	BioSample: https://www.ncbi.nlm.nih.gov/biosample/SAMN56594038; SRA: https://www.ncbi.nlm.nih.gov/sra?term=SRX32572577	NONE	1	Meibergdreef 47	Amsterdam	Netherlands	d.ayyildiz@nin.knaw.nl	Netherlands Institute For Neuroscience	Dilara,,Ayyildiz	1105 BA	Paired-end FASTQ files were aligned and quantified with STARsolo123 from STAR v2.7.10b_alpha_230301(--soloFeatures Gene GeneFull_Ex50pAS Velocyto, --soloType CB_UMI_Simple, --soloCBwhitelist 3M-february-2018.txt, --soloUMIlen 12, --soloCellFilter EmptyDrops_CR, --soloMultiMappers EM) using the human reference genome GRCh38 (GENCODE v32/Ensembl98). All downstream steps were performed using the count matrix of GeneFull_Ex50pAS option, unless specified otherwise.; Assembly: GRCh38; Supplementary files format and content: Seurat Object as RDS file	0	Library name: S2R3; 10x Genomics	Nuclei were isolated from the frozen punched tissue or sections using an optimized isolation protocol. Briefly, samples were homogenized using a glass Dounce homogenizer (15 gentle strokes) in 1 ml of ice-cold Homogenization Buffer (HB), which contained mM sucrose, 5 mM calcium chloride, 3 mM magnesium acetate, 10 mM Tris, 0.1 mM EDTA, 0.1% Igepal, 0.1 mM PMSF, 1 mM 2-mercaptoethanol, and UltraPure water, along with 5 μl RNasin Plus (Promega, Benelux, Belgium). The homogenate was filtered using a 70 μm strainer and washed with 1.65 mL HB, bringing the final volume to 2.65 ml. An additional 2.65 ml of Gradient Medium (containing 5 mM calcium chloride, 50% OptiPrep (Sigma-Aldrich, Belgium), 3 mM magnesium acetate, 10 mM Tris, 0.2 mM PMSF, and 1 mM 2-mercaptoethanol) was added to achieve a final volume of 5.3 ml. To isolate the nuclei, OptiPrep Diluent Medium (ODM) consisting of 150 mM potassium chloride, 30 mM magnesium chloride, 60 mM Tris, and 250 mM sucrose was prepared. The sample was layered onto a 4 ml 29% cushion (29% Optiprep, ODM) using a P1000 pipette, and the weight was balanced with HB. Centrifugation was carried out at 7,700 rpm for 30 min at 4°C using a SW41Ti rotor. After centrifugation, the  supernatant was removed with a plastic Pasteur pipette, and the lower supernatant was aspirated using a P200 pipette. The nuclei were resuspended in 200 μl of resuspension buffer (1x PBS, 1% BSA, and 0.2 U/μl RNasin Plus), transferred to a fresh tube, and washed again with 100-200 μl of the same buffer. The resuspended solution was pooled, and any clumps were disrupted by pipetting with a P200. The sample was then filtered through a 0.35 μm strainer using a Falcon tube. A 9 μl-aliquot of the sample was mixed with 1 μl of propidium iodide (PI) stain, loaded onto a LUNA-FL slide, and left to settle for 30 seconds. The nuclei were examined under a LUNA-FL Automated Cell Counter to assess numbers and morphology.; Post cDNA amplification cleanup and construction of sample-indexed libraries and their amplification followed manufacturer’s directions (10x Genomics, CG000183_Rev_A), with the amplification step directly dependent on the quantity of input cDNA. In order to reach sequencing saturation of ~65% (~45,000 reads/nucleus), single nucleus libraries were run using paired-end sequencing with single indexing on the NovaSeq6000 platform, following manufacturer’s instructions (10x Genomics, CG000204_Rev_A). To avoid lane bias, multiple uniquely indexed samples were mixed and distributed over several lanes.	GSM9602252	CTRL	Apr 20 2026	cDNA	GPL24676	GSE325391	Public on Apr 20 2026	Mar 19 2026	NONE	9606	SRA
GSE325391	GSM9602253	Sample1 of Run6, Resillient,  Dentate gyrus punch	1	6	Resillient	S1R6	Dentate gyrus	Dentate gyrus	F	88	88.0	RES	Run 6	6	Homo sapiens	Illumina NovaSeq 6000	RNA-Seq	transcriptomic single cell	total RNA	BioSample: https://www.ncbi.nlm.nih.gov/biosample/SAMN56594037; SRA: https://www.ncbi.nlm.nih.gov/sra?term=SRX32572578	NONE	1	Meibergdreef 47	Amsterdam	Netherlands	d.ayyildiz@nin.knaw.nl	Netherlands Institute For Neuroscience	Dilara,,Ayyildiz	1105 BA	Paired-end FASTQ files were aligned and quantified with STARsolo123 from STAR v2.7.10b_alpha_230301(--soloFeatures Gene GeneFull_Ex50pAS Velocyto, --soloType CB_UMI_Simple, --soloCBwhitelist 3M-february-2018.txt, --soloUMIlen 12, --soloCellFilter EmptyDrops_CR, --soloMultiMappers EM) using the human reference genome GRCh38 (GENCODE v32/Ensembl98). All downstream steps were performed using the count matrix of GeneFull_Ex50pAS option, unless specified otherwise.; Assembly: GRCh38; Supplementary files format and content: Seurat Object as RDS file	0	Library name: S1R6; 10x Genomics	Nuclei were isolated from the frozen punched tissue or sections using an optimized isolation protocol. Briefly, samples were homogenized using a glass Dounce homogenizer (15 gentle strokes) in 1 ml of ice-cold Homogenization Buffer (HB), which contained mM sucrose, 5 mM calcium chloride, 3 mM magnesium acetate, 10 mM Tris, 0.1 mM EDTA, 0.1% Igepal, 0.1 mM PMSF, 1 mM 2-mercaptoethanol, and UltraPure water, along with 5 μl RNasin Plus (Promega, Benelux, Belgium). The homogenate was filtered using a 70 μm strainer and washed with 1.65 mL HB, bringing the final volume to 2.65 ml. An additional 2.65 ml of Gradient Medium (containing 5 mM calcium chloride, 50% OptiPrep (Sigma-Aldrich, Belgium), 3 mM magnesium acetate, 10 mM Tris, 0.2 mM PMSF, and 1 mM 2-mercaptoethanol) was added to achieve a final volume of 5.3 ml. To isolate the nuclei, OptiPrep Diluent Medium (ODM) consisting of 150 mM potassium chloride, 30 mM magnesium chloride, 60 mM Tris, and 250 mM sucrose was prepared. The sample was layered onto a 4 ml 29% cushion (29% Optiprep, ODM) using a P1000 pipette, and the weight was balanced with HB. Centrifugation was carried out at 7,700 rpm for 30 min at 4°C using a SW41Ti rotor. After centrifugation, the  supernatant was removed with a plastic Pasteur pipette, and the lower supernatant was aspirated using a P200 pipette. The nuclei were resuspended in 200 μl of resuspension buffer (1x PBS, 1% BSA, and 0.2 U/μl RNasin Plus), transferred to a fresh tube, and washed again with 100-200 μl of the same buffer. The resuspended solution was pooled, and any clumps were disrupted by pipetting with a P200. The sample was then filtered through a 0.35 μm strainer using a Falcon tube. A 9 μl-aliquot of the sample was mixed with 1 μl of propidium iodide (PI) stain, loaded onto a LUNA-FL slide, and left to settle for 30 seconds. The nuclei were examined under a LUNA-FL Automated Cell Counter to assess numbers and morphology.; Post cDNA amplification cleanup and construction of sample-indexed libraries and their amplification followed manufacturer’s directions (10x Genomics, CG000183_Rev_A), with the amplification step directly dependent on the quantity of input cDNA. In order to reach sequencing saturation of ~65% (~45,000 reads/nucleus), single nucleus libraries were run using paired-end sequencing with single indexing on the NovaSeq6000 platform, following manufacturer’s instructions (10x Genomics, CG000204_Rev_A). To avoid lane bias, multiple uniquely indexed samples were mixed and distributed over several lanes.	GSM9602253	RES	Apr 20 2026	cDNA	GPL24676	GSE325391	Public on Apr 20 2026	Mar 19 2026	NONE	9606	SRA
GSE325391	GSM9602254	Sample2 of Run6, Moderate Alzheimer's Disease,  Dentate gyrus punch	2	6	Moderate Alzheimer's Disease	S2R6	Dentate gyrus	Dentate gyrus	F	87	87.0	MAD	Run 6	6	Homo sapiens	Illumina NovaSeq 6000	RNA-Seq	transcriptomic single cell	total RNA	BioSample: https://www.ncbi.nlm.nih.gov/biosample/SAMN56594036; SRA: https://www.ncbi.nlm.nih.gov/sra?term=SRX32572579	NONE	1	Meibergdreef 47	Amsterdam	Netherlands	d.ayyildiz@nin.knaw.nl	Netherlands Institute For Neuroscience	Dilara,,Ayyildiz	1105 BA	Paired-end FASTQ files were aligned and quantified with STARsolo123 from STAR v2.7.10b_alpha_230301(--soloFeatures Gene GeneFull_Ex50pAS Velocyto, --soloType CB_UMI_Simple, --soloCBwhitelist 3M-february-2018.txt, --soloUMIlen 12, --soloCellFilter EmptyDrops_CR, --soloMultiMappers EM) using the human reference genome GRCh38 (GENCODE v32/Ensembl98). All downstream steps were performed using the count matrix of GeneFull_Ex50pAS option, unless specified otherwise.; Assembly: GRCh38; Supplementary files format and content: Seurat Object as RDS file	0	Library name: S2R6; 10x Genomics	Nuclei were isolated from the frozen punched tissue or sections using an optimized isolation protocol. Briefly, samples were homogenized using a glass Dounce homogenizer (15 gentle strokes) in 1 ml of ice-cold Homogenization Buffer (HB), which contained mM sucrose, 5 mM calcium chloride, 3 mM magnesium acetate, 10 mM Tris, 0.1 mM EDTA, 0.1% Igepal, 0.1 mM PMSF, 1 mM 2-mercaptoethanol, and UltraPure water, along with 5 μl RNasin Plus (Promega, Benelux, Belgium). The homogenate was filtered using a 70 μm strainer and washed with 1.65 mL HB, bringing the final volume to 2.65 ml. An additional 2.65 ml of Gradient Medium (containing 5 mM calcium chloride, 50% OptiPrep (Sigma-Aldrich, Belgium), 3 mM magnesium acetate, 10 mM Tris, 0.2 mM PMSF, and 1 mM 2-mercaptoethanol) was added to achieve a final volume of 5.3 ml. To isolate the nuclei, OptiPrep Diluent Medium (ODM) consisting of 150 mM potassium chloride, 30 mM magnesium chloride, 60 mM Tris, and 250 mM sucrose was prepared. The sample was layered onto a 4 ml 29% cushion (29% Optiprep, ODM) using a P1000 pipette, and the weight was balanced with HB. Centrifugation was carried out at 7,700 rpm for 30 min at 4°C using a SW41Ti rotor. After centrifugation, the  supernatant was removed with a plastic Pasteur pipette, and the lower supernatant was aspirated using a P200 pipette. The nuclei were resuspended in 200 μl of resuspension buffer (1x PBS, 1% BSA, and 0.2 U/μl RNasin Plus), transferred to a fresh tube, and washed again with 100-200 μl of the same buffer. The resuspended solution was pooled, and any clumps were disrupted by pipetting with a P200. The sample was then filtered through a 0.35 μm strainer using a Falcon tube. A 9 μl-aliquot of the sample was mixed with 1 μl of propidium iodide (PI) stain, loaded onto a LUNA-FL slide, and left to settle for 30 seconds. The nuclei were examined under a LUNA-FL Automated Cell Counter to assess numbers and morphology.; Post cDNA amplification cleanup and construction of sample-indexed libraries and their amplification followed manufacturer’s directions (10x Genomics, CG000183_Rev_A), with the amplification step directly dependent on the quantity of input cDNA. In order to reach sequencing saturation of ~65% (~45,000 reads/nucleus), single nucleus libraries were run using paired-end sequencing with single indexing on the NovaSeq6000 platform, following manufacturer’s instructions (10x Genomics, CG000204_Rev_A). To avoid lane bias, multiple uniquely indexed samples were mixed and distributed over several lanes.	GSM9602254	MAD	Apr 20 2026	cDNA	GPL24676	GSE325391	Public on Apr 20 2026	Mar 19 2026	NONE	9606	SRA
GSE325391	GSM9602255	Sample5 of Run6, Resillient,  Dentate gyrus punch	5	6	Resillient	S5R6	Dentate gyrus	Dentate gyrus	M	72	72.0	RES	Run 6	6	Homo sapiens	Illumina NovaSeq 6000	RNA-Seq	transcriptomic single cell	total RNA	BioSample: https://www.ncbi.nlm.nih.gov/biosample/SAMN56594035; SRA: https://www.ncbi.nlm.nih.gov/sra?term=SRX32572580	NONE	1	Meibergdreef 47	Amsterdam	Netherlands	d.ayyildiz@nin.knaw.nl	Netherlands Institute For Neuroscience	Dilara,,Ayyildiz	1105 BA	Paired-end FASTQ files were aligned and quantified with STARsolo123 from STAR v2.7.10b_alpha_230301(--soloFeatures Gene GeneFull_Ex50pAS Velocyto, --soloType CB_UMI_Simple, --soloCBwhitelist 3M-february-2018.txt, --soloUMIlen 12, --soloCellFilter EmptyDrops_CR, --soloMultiMappers EM) using the human reference genome GRCh38 (GENCODE v32/Ensembl98). All downstream steps were performed using the count matrix of GeneFull_Ex50pAS option, unless specified otherwise.; Assembly: GRCh38; Supplementary files format and content: Seurat Object as RDS file	0	Library name: S5R6; 10x Genomics	Nuclei were isolated from the frozen punched tissue or sections using an optimized isolation protocol. Briefly, samples were homogenized using a glass Dounce homogenizer (15 gentle strokes) in 1 ml of ice-cold Homogenization Buffer (HB), which contained mM sucrose, 5 mM calcium chloride, 3 mM magnesium acetate, 10 mM Tris, 0.1 mM EDTA, 0.1% Igepal, 0.1 mM PMSF, 1 mM 2-mercaptoethanol, and UltraPure water, along with 5 μl RNasin Plus (Promega, Benelux, Belgium). The homogenate was filtered using a 70 μm strainer and washed with 1.65 mL HB, bringing the final volume to 2.65 ml. An additional 2.65 ml of Gradient Medium (containing 5 mM calcium chloride, 50% OptiPrep (Sigma-Aldrich, Belgium), 3 mM magnesium acetate, 10 mM Tris, 0.2 mM PMSF, and 1 mM 2-mercaptoethanol) was added to achieve a final volume of 5.3 ml. To isolate the nuclei, OptiPrep Diluent Medium (ODM) consisting of 150 mM potassium chloride, 30 mM magnesium chloride, 60 mM Tris, and 250 mM sucrose was prepared. The sample was layered onto a 4 ml 29% cushion (29% Optiprep, ODM) using a P1000 pipette, and the weight was balanced with HB. Centrifugation was carried out at 7,700 rpm for 30 min at 4°C using a SW41Ti rotor. After centrifugation, the  supernatant was removed with a plastic Pasteur pipette, and the lower supernatant was aspirated using a P200 pipette. The nuclei were resuspended in 200 μl of resuspension buffer (1x PBS, 1% BSA, and 0.2 U/μl RNasin Plus), transferred to a fresh tube, and washed again with 100-200 μl of the same buffer. The resuspended solution was pooled, and any clumps were disrupted by pipetting with a P200. The sample was then filtered through a 0.35 μm strainer using a Falcon tube. A 9 μl-aliquot of the sample was mixed with 1 μl of propidium iodide (PI) stain, loaded onto a LUNA-FL slide, and left to settle for 30 seconds. The nuclei were examined under a LUNA-FL Automated Cell Counter to assess numbers and morphology.; Post cDNA amplification cleanup and construction of sample-indexed libraries and their amplification followed manufacturer’s directions (10x Genomics, CG000183_Rev_A), with the amplification step directly dependent on the quantity of input cDNA. In order to reach sequencing saturation of ~65% (~45,000 reads/nucleus), single nucleus libraries were run using paired-end sequencing with single indexing on the NovaSeq6000 platform, following manufacturer’s instructions (10x Genomics, CG000204_Rev_A). To avoid lane bias, multiple uniquely indexed samples were mixed and distributed over several lanes.	GSM9602255	RES	Apr 20 2026	cDNA	GPL24676	GSE325391	Public on Apr 20 2026	Mar 19 2026	NONE	9606	SRA
GSE325391	GSM9602256	Sample3 of Run6, Fetal hippocampal tissue section				S3R6	Hippocampus	Hippocampus		Gestational week 24	24.0	Fetal	Run 6	6	Homo sapiens	Illumina NovaSeq 6000	RNA-Seq	transcriptomic single cell	total RNA	BioSample: https://www.ncbi.nlm.nih.gov/biosample/SAMN56594034; SRA: https://www.ncbi.nlm.nih.gov/sra?term=SRX32572581	NONE	1	Meibergdreef 47	Amsterdam	Netherlands	d.ayyildiz@nin.knaw.nl	Netherlands Institute For Neuroscience	Dilara,,Ayyildiz	1105 BA	Paired-end FASTQ files were aligned and quantified with STARsolo123 from STAR v2.7.10b_alpha_230301(--soloFeatures Gene GeneFull_Ex50pAS Velocyto, --soloType CB_UMI_Simple, --soloCBwhitelist 3M-february-2018.txt, --soloUMIlen 12, --soloCellFilter EmptyDrops_CR, --soloMultiMappers EM) using the human reference genome GRCh38 (GENCODE v32/Ensembl98). All downstream steps were performed using the count matrix of GeneFull_Ex50pAS option, unless specified otherwise.; Assembly: GRCh38; Supplementary files format and content: Seurat Object as RDS file	0	Library name: S3R6; 10x Genomics	Nuclei were isolated from the frozen punched tissue or sections using an optimized isolation protocol. Briefly, samples were homogenized using a glass Dounce homogenizer (15 gentle strokes) in 1 ml of ice-cold Homogenization Buffer (HB), which contained mM sucrose, 5 mM calcium chloride, 3 mM magnesium acetate, 10 mM Tris, 0.1 mM EDTA, 0.1% Igepal, 0.1 mM PMSF, 1 mM 2-mercaptoethanol, and UltraPure water, along with 5 μl RNasin Plus (Promega, Benelux, Belgium). The homogenate was filtered using a 70 μm strainer and washed with 1.65 mL HB, bringing the final volume to 2.65 ml. An additional 2.65 ml of Gradient Medium (containing 5 mM calcium chloride, 50% OptiPrep (Sigma-Aldrich, Belgium), 3 mM magnesium acetate, 10 mM Tris, 0.2 mM PMSF, and 1 mM 2-mercaptoethanol) was added to achieve a final volume of 5.3 ml. To isolate the nuclei, OptiPrep Diluent Medium (ODM) consisting of 150 mM potassium chloride, 30 mM magnesium chloride, 60 mM Tris, and 250 mM sucrose was prepared. The sample was layered onto a 4 ml 29% cushion (29% Optiprep, ODM) using a P1000 pipette, and the weight was balanced with HB. Centrifugation was carried out at 7,700 rpm for 30 min at 4°C using a SW41Ti rotor. After centrifugation, the  supernatant was removed with a plastic Pasteur pipette, and the lower supernatant was aspirated using a P200 pipette. The nuclei were resuspended in 200 μl of resuspension buffer (1x PBS, 1% BSA, and 0.2 U/μl RNasin Plus), transferred to a fresh tube, and washed again with 100-200 μl of the same buffer. The resuspended solution was pooled, and any clumps were disrupted by pipetting with a P200. The sample was then filtered through a 0.35 μm strainer using a Falcon tube. A 9 μl-aliquot of the sample was mixed with 1 μl of propidium iodide (PI) stain, loaded onto a LUNA-FL slide, and left to settle for 30 seconds. The nuclei were examined under a LUNA-FL Automated Cell Counter to assess numbers and morphology.; Post cDNA amplification cleanup and construction of sample-indexed libraries and their amplification followed manufacturer’s directions (10x Genomics, CG000183_Rev_A), with the amplification step directly dependent on the quantity of input cDNA. In order to reach sequencing saturation of ~65% (~45,000 reads/nucleus), single nucleus libraries were run using paired-end sequencing with single indexing on the NovaSeq6000 platform, following manufacturer’s instructions (10x Genomics, CG000204_Rev_A). To avoid lane bias, multiple uniquely indexed samples were mixed and distributed over several lanes.	GSM9602256	Fetal	Apr 20 2026	cDNA	GPL24676	GSE325391	Public on Apr 20 2026	Mar 19 2026	NONE	9606	SRA
GSE325391	GSM9602257	Sample4 of Run6, Fetal hippocampal tissue section				S4R6	Hippocampus	Hippocampus		Gestational week 24	24.0	Fetal	Run 6	6	Homo sapiens	Illumina NovaSeq 6000	RNA-Seq	transcriptomic single cell	total RNA	BioSample: https://www.ncbi.nlm.nih.gov/biosample/SAMN56594033; SRA: https://www.ncbi.nlm.nih.gov/sra?term=SRX32572582	NONE	1	Meibergdreef 47	Amsterdam	Netherlands	d.ayyildiz@nin.knaw.nl	Netherlands Institute For Neuroscience	Dilara,,Ayyildiz	1105 BA	Paired-end FASTQ files were aligned and quantified with STARsolo123 from STAR v2.7.10b_alpha_230301(--soloFeatures Gene GeneFull_Ex50pAS Velocyto, --soloType CB_UMI_Simple, --soloCBwhitelist 3M-february-2018.txt, --soloUMIlen 12, --soloCellFilter EmptyDrops_CR, --soloMultiMappers EM) using the human reference genome GRCh38 (GENCODE v32/Ensembl98). All downstream steps were performed using the count matrix of GeneFull_Ex50pAS option, unless specified otherwise.; Assembly: GRCh38; Supplementary files format and content: Seurat Object as RDS file	0	Library name: S4R6; 10x Genomics	Nuclei were isolated from the frozen punched tissue or sections using an optimized isolation protocol. Briefly, samples were homogenized using a glass Dounce homogenizer (15 gentle strokes) in 1 ml of ice-cold Homogenization Buffer (HB), which contained mM sucrose, 5 mM calcium chloride, 3 mM magnesium acetate, 10 mM Tris, 0.1 mM EDTA, 0.1% Igepal, 0.1 mM PMSF, 1 mM 2-mercaptoethanol, and UltraPure water, along with 5 μl RNasin Plus (Promega, Benelux, Belgium). The homogenate was filtered using a 70 μm strainer and washed with 1.65 mL HB, bringing the final volume to 2.65 ml. An additional 2.65 ml of Gradient Medium (containing 5 mM calcium chloride, 50% OptiPrep (Sigma-Aldrich, Belgium), 3 mM magnesium acetate, 10 mM Tris, 0.2 mM PMSF, and 1 mM 2-mercaptoethanol) was added to achieve a final volume of 5.3 ml. To isolate the nuclei, OptiPrep Diluent Medium (ODM) consisting of 150 mM potassium chloride, 30 mM magnesium chloride, 60 mM Tris, and 250 mM sucrose was prepared. The sample was layered onto a 4 ml 29% cushion (29% Optiprep, ODM) using a P1000 pipette, and the weight was balanced with HB. Centrifugation was carried out at 7,700 rpm for 30 min at 4°C using a SW41Ti rotor. After centrifugation, the  supernatant was removed with a plastic Pasteur pipette, and the lower supernatant was aspirated using a P200 pipette. The nuclei were resuspended in 200 μl of resuspension buffer (1x PBS, 1% BSA, and 0.2 U/μl RNasin Plus), transferred to a fresh tube, and washed again with 100-200 μl of the same buffer. The resuspended solution was pooled, and any clumps were disrupted by pipetting with a P200. The sample was then filtered through a 0.35 μm strainer using a Falcon tube. A 9 μl-aliquot of the sample was mixed with 1 μl of propidium iodide (PI) stain, loaded onto a LUNA-FL slide, and left to settle for 30 seconds. The nuclei were examined under a LUNA-FL Automated Cell Counter to assess numbers and morphology.; Post cDNA amplification cleanup and construction of sample-indexed libraries and their amplification followed manufacturer’s directions (10x Genomics, CG000183_Rev_A), with the amplification step directly dependent on the quantity of input cDNA. In order to reach sequencing saturation of ~65% (~45,000 reads/nucleus), single nucleus libraries were run using paired-end sequencing with single indexing on the NovaSeq6000 platform, following manufacturer’s instructions (10x Genomics, CG000204_Rev_A). To avoid lane bias, multiple uniquely indexed samples were mixed and distributed over several lanes.	GSM9602257	Fetal	Apr 20 2026	cDNA	GPL24676	GSE325391	Public on Apr 20 2026	Mar 19 2026	NONE	9606	SRA
GSE325391	GSM9602258	Sample6 of Run6, Fetal hippocampal tissue section				S6R6	Hippocampus	Hippocampus		Gestational week 24	24.0	Fetal	Run 6	6	Homo sapiens	Illumina NovaSeq 6000	RNA-Seq	transcriptomic single cell	total RNA	BioSample: https://www.ncbi.nlm.nih.gov/biosample/SAMN56594032; SRA: https://www.ncbi.nlm.nih.gov/sra?term=SRX32572583	NONE	1	Meibergdreef 47	Amsterdam	Netherlands	d.ayyildiz@nin.knaw.nl	Netherlands Institute For Neuroscience	Dilara,,Ayyildiz	1105 BA	Paired-end FASTQ files were aligned and quantified with STARsolo123 from STAR v2.7.10b_alpha_230301(--soloFeatures Gene GeneFull_Ex50pAS Velocyto, --soloType CB_UMI_Simple, --soloCBwhitelist 3M-february-2018.txt, --soloUMIlen 12, --soloCellFilter EmptyDrops_CR, --soloMultiMappers EM) using the human reference genome GRCh38 (GENCODE v32/Ensembl98). All downstream steps were performed using the count matrix of GeneFull_Ex50pAS option, unless specified otherwise.; Assembly: GRCh38; Supplementary files format and content: Seurat Object as RDS file	0	Library name: S6R6; 10x Genomics	Nuclei were isolated from the frozen punched tissue or sections using an optimized isolation protocol. Briefly, samples were homogenized using a glass Dounce homogenizer (15 gentle strokes) in 1 ml of ice-cold Homogenization Buffer (HB), which contained mM sucrose, 5 mM calcium chloride, 3 mM magnesium acetate, 10 mM Tris, 0.1 mM EDTA, 0.1% Igepal, 0.1 mM PMSF, 1 mM 2-mercaptoethanol, and UltraPure water, along with 5 μl RNasin Plus (Promega, Benelux, Belgium). The homogenate was filtered using a 70 μm strainer and washed with 1.65 mL HB, bringing the final volume to 2.65 ml. An additional 2.65 ml of Gradient Medium (containing 5 mM calcium chloride, 50% OptiPrep (Sigma-Aldrich, Belgium), 3 mM magnesium acetate, 10 mM Tris, 0.2 mM PMSF, and 1 mM 2-mercaptoethanol) was added to achieve a final volume of 5.3 ml. To isolate the nuclei, OptiPrep Diluent Medium (ODM) consisting of 150 mM potassium chloride, 30 mM magnesium chloride, 60 mM Tris, and 250 mM sucrose was prepared. The sample was layered onto a 4 ml 29% cushion (29% Optiprep, ODM) using a P1000 pipette, and the weight was balanced with HB. Centrifugation was carried out at 7,700 rpm for 30 min at 4°C using a SW41Ti rotor. After centrifugation, the  supernatant was removed with a plastic Pasteur pipette, and the lower supernatant was aspirated using a P200 pipette. The nuclei were resuspended in 200 μl of resuspension buffer (1x PBS, 1% BSA, and 0.2 U/μl RNasin Plus), transferred to a fresh tube, and washed again with 100-200 μl of the same buffer. The resuspended solution was pooled, and any clumps were disrupted by pipetting with a P200. The sample was then filtered through a 0.35 μm strainer using a Falcon tube. A 9 μl-aliquot of the sample was mixed with 1 μl of propidium iodide (PI) stain, loaded onto a LUNA-FL slide, and left to settle for 30 seconds. The nuclei were examined under a LUNA-FL Automated Cell Counter to assess numbers and morphology.; Post cDNA amplification cleanup and construction of sample-indexed libraries and their amplification followed manufacturer’s directions (10x Genomics, CG000183_Rev_A), with the amplification step directly dependent on the quantity of input cDNA. In order to reach sequencing saturation of ~65% (~45,000 reads/nucleus), single nucleus libraries were run using paired-end sequencing with single indexing on the NovaSeq6000 platform, following manufacturer’s instructions (10x Genomics, CG000204_Rev_A). To avoid lane bias, multiple uniquely indexed samples were mixed and distributed over several lanes.	GSM9602258	Fetal	Apr 20 2026	cDNA	GPL24676	GSE325391	Public on Apr 20 2026	Mar 19 2026	NONE	9606	SRA
