unit_id	hierarchy_level	term_symbol	term	branch_group	branch	dataset_or_source	contrast_or_scope	evidence_family	metric	raw_value	normalized_score	support_direction	weight	weighted_score	unit_support_class	quality_class	source_table	notes
EU00001	sample_contrast	Y	GranuleDesign	cerebellum	cerebellum	GSE122357	full_mgi_ortholog_matrix|GSE122357|GSM3464549_P0|cerebellar_candidate	primary_configuration	delta_configuration_score	1.5	1.0	positive candidate-background delta supports granule-like configuration	1.0	1.0	strong_support	direct_primary_core	primary_core_transcriptomic_configuration_primary_contrasts.tsv	Combined construction balance plus branch-matched regional fate polarity.
EU00002	sample_contrast	F	FatePolarity	cerebellum	cerebellum	GSE122357	full_mgi_ortholog_matrix|GSE122357|GSM3464549_P0|cerebellar_candidate	regional_fate	delta_regional_fate_balance	0.6666666666666667	0.6666666666666667	positive candidate-background delta supports branch-matched fate polarity	0.9	0.6000000000000001	strong_support	direct_primary_core	primary_core_transcriptomic_configuration_primary_contrasts.tsv	Dentate and cerebellar branches are expected to differ in regional fate polarity.
EU00003	sample_contrast	C	ConstructionBalance	cerebellum	cerebellum	GSE122357	full_mgi_ortholog_matrix|GSE122357|GSM3464549_P0|cerebellar_candidate	downstream_construction	delta_downstream_construction_balance	0.8333333333333334	0.8333333333333334	positive candidate-background delta supports downstream construction bias	0.9	0.75	strong_support	direct_primary_core	primary_core_transcriptomic_configuration_primary_contrasts.tsv	Construction balance is shared toolkit usage, not by itself granule specificity.
EU00004	sample_contrast	Y	GranuleDesign	cerebellum	cerebellum	GSE122357	full_mgi_ortholog_matrix|GSE122357|GSM3464550_P8a|cerebellar_candidate	primary_configuration	delta_configuration_score	1.6666666666666663	1.0	positive candidate-background delta supports granule-like configuration	1.0	1.0	strong_support	direct_primary_core	primary_core_transcriptomic_configuration_primary_contrasts.tsv	Combined construction balance plus branch-matched regional fate polarity.
EU00005	sample_contrast	F	FatePolarity	cerebellum	cerebellum	GSE122357	full_mgi_ortholog_matrix|GSE122357|GSM3464550_P8a|cerebellar_candidate	regional_fate	delta_regional_fate_balance	0.6666666666666667	0.6666666666666667	positive candidate-background delta supports branch-matched fate polarity	0.9	0.6000000000000001	strong_support	direct_primary_core	primary_core_transcriptomic_configuration_primary_contrasts.tsv	Dentate and cerebellar branches are expected to differ in regional fate polarity.
EU00006	sample_contrast	C	ConstructionBalance	cerebellum	cerebellum	GSE122357	full_mgi_ortholog_matrix|GSE122357|GSM3464550_P8a|cerebellar_candidate	downstream_construction	delta_downstream_construction_balance	1.0	1.0	positive candidate-background delta supports downstream construction bias	0.9	0.9	strong_support	direct_primary_core	primary_core_transcriptomic_configuration_primary_contrasts.tsv	Construction balance is shared toolkit usage, not by itself granule specificity.
EU00007	sample_contrast	Y	GranuleDesign	cerebellum	cerebellum	GSE122357	full_mgi_ortholog_matrix|GSE122357|GSM3464551_P8b|cerebellar_candidate	primary_configuration	delta_configuration_score	1.6666666666666663	1.0	positive candidate-background delta supports granule-like configuration	1.0	1.0	strong_support	direct_primary_core	primary_core_transcriptomic_configuration_primary_contrasts.tsv	Combined construction balance plus branch-matched regional fate polarity.
EU00008	sample_contrast	F	FatePolarity	cerebellum	cerebellum	GSE122357	full_mgi_ortholog_matrix|GSE122357|GSM3464551_P8b|cerebellar_candidate	regional_fate	delta_regional_fate_balance	0.6666666666666667	0.6666666666666667	positive candidate-background delta supports branch-matched fate polarity	0.9	0.6000000000000001	strong_support	direct_primary_core	primary_core_transcriptomic_configuration_primary_contrasts.tsv	Dentate and cerebellar branches are expected to differ in regional fate polarity.
EU00009	sample_contrast	C	ConstructionBalance	cerebellum	cerebellum	GSE122357	full_mgi_ortholog_matrix|GSE122357|GSM3464551_P8b|cerebellar_candidate	downstream_construction	delta_downstream_construction_balance	1.0	1.0	positive candidate-background delta supports downstream construction bias	0.9	0.9	strong_support	direct_primary_core	primary_core_transcriptomic_configuration_primary_contrasts.tsv	Construction balance is shared toolkit usage, not by itself granule specificity.
EU00010	sample_contrast	Y	GranuleDesign	cerebellum	cerebellum	GSE165657	full_mgi_ortholog_matrix|GSE165657|Cerebellum_aggr|cerebellar_candidate	primary_configuration	delta_configuration_score	1.5	1.0	positive candidate-background delta supports granule-like configuration	1.0	1.0	strong_support	direct_primary_core	primary_core_transcriptomic_configuration_primary_contrasts.tsv	Combined construction balance plus branch-matched regional fate polarity.
EU00011	sample_contrast	F	FatePolarity	cerebellum	cerebellum	GSE165657	full_mgi_ortholog_matrix|GSE165657|Cerebellum_aggr|cerebellar_candidate	regional_fate	delta_regional_fate_balance	0.5	0.5	positive candidate-background delta supports branch-matched fate polarity	0.9	0.45	moderate_support	direct_primary_core	primary_core_transcriptomic_configuration_primary_contrasts.tsv	Dentate and cerebellar branches are expected to differ in regional fate polarity.
EU00012	sample_contrast	C	ConstructionBalance	cerebellum	cerebellum	GSE165657	full_mgi_ortholog_matrix|GSE165657|Cerebellum_aggr|cerebellar_candidate	downstream_construction	delta_downstream_construction_balance	1.0	1.0	positive candidate-background delta supports downstream construction bias	0.9	0.9	strong_support	direct_primary_core	primary_core_transcriptomic_configuration_primary_contrasts.tsv	Construction balance is shared toolkit usage, not by itself granule specificity.
EU00013	sample_contrast	Y	GranuleDesign	cerebellum	cerebellum	GSE312658	full_mgi_ortholog_matrix|GSE312658|Ctrl|cerebellar_candidate	primary_configuration	delta_configuration_score	1.0	1.0	positive candidate-background delta supports granule-like configuration	1.0	1.0	strong_support	direct_primary_core	primary_core_transcriptomic_configuration_primary_contrasts.tsv	Combined construction balance plus branch-matched regional fate polarity.
EU00014	sample_contrast	F	FatePolarity	cerebellum	cerebellum	GSE312658	full_mgi_ortholog_matrix|GSE312658|Ctrl|cerebellar_candidate	regional_fate	delta_regional_fate_balance	0.5	0.5	positive candidate-background delta supports branch-matched fate polarity	0.9	0.45	moderate_support	direct_primary_core	primary_core_transcriptomic_configuration_primary_contrasts.tsv	Dentate and cerebellar branches are expected to differ in regional fate polarity.
EU00015	sample_contrast	C	ConstructionBalance	cerebellum	cerebellum	GSE312658	full_mgi_ortholog_matrix|GSE312658|Ctrl|cerebellar_candidate	downstream_construction	delta_downstream_construction_balance	0.5	0.5	positive candidate-background delta supports downstream construction bias	0.9	0.45	moderate_support	direct_primary_core	primary_core_transcriptomic_configuration_primary_contrasts.tsv	Construction balance is shared toolkit usage, not by itself granule specificity.
EU00016	sample_contrast	Y	GranuleDesign	cerebellum	cerebellum	GSE312658	full_mgi_ortholog_matrix|GSE312658|cKO|cerebellar_candidate	primary_configuration	delta_configuration_score	1.3333333333333333	1.0	positive candidate-background delta supports granule-like configuration	1.0	1.0	strong_support	direct_primary_core	primary_core_transcriptomic_configuration_primary_contrasts.tsv	Combined construction balance plus branch-matched regional fate polarity.
EU00017	sample_contrast	F	FatePolarity	cerebellum	cerebellum	GSE312658	full_mgi_ortholog_matrix|GSE312658|cKO|cerebellar_candidate	regional_fate	delta_regional_fate_balance	0.5833333333333334	0.5833333333333334	positive candidate-background delta supports branch-matched fate polarity	0.9	0.525	moderate_support	direct_primary_core	primary_core_transcriptomic_configuration_primary_contrasts.tsv	Dentate and cerebellar branches are expected to differ in regional fate polarity.
EU00018	sample_contrast	C	ConstructionBalance	cerebellum	cerebellum	GSE312658	full_mgi_ortholog_matrix|GSE312658|cKO|cerebellar_candidate	downstream_construction	delta_downstream_construction_balance	0.75	0.75	positive candidate-background delta supports downstream construction bias	0.9	0.675	strong_support	direct_primary_core	primary_core_transcriptomic_configuration_primary_contrasts.tsv	Construction balance is shared toolkit usage, not by itself granule specificity.
EU00019	sample_contrast	Y	GranuleDesign	dentate	mouse_dentate	GSE104323	full_mgi_ortholog_matrix|GSE104323|10X_all_cells|dentate_candidate	primary_configuration	delta_configuration_score	1.5	1.0	positive candidate-background delta supports granule-like configuration	1.0	1.0	strong_support	direct_primary_core	primary_core_transcriptomic_configuration_primary_contrasts.tsv	Combined construction balance plus branch-matched regional fate polarity.
EU00020	sample_contrast	F	FatePolarity	dentate	mouse_dentate	GSE104323	full_mgi_ortholog_matrix|GSE104323|10X_all_cells|dentate_candidate	regional_fate	delta_regional_fate_balance	1.0	1.0	positive candidate-background delta supports branch-matched fate polarity	0.9	0.9	strong_support	direct_primary_core	primary_core_transcriptomic_configuration_primary_contrasts.tsv	Dentate and cerebellar branches are expected to differ in regional fate polarity.
EU00021	sample_contrast	C	ConstructionBalance	dentate	mouse_dentate	GSE104323	full_mgi_ortholog_matrix|GSE104323|10X_all_cells|dentate_candidate	downstream_construction	delta_downstream_construction_balance	0.5	0.5	positive candidate-background delta supports downstream construction bias	0.9	0.45	moderate_support	direct_primary_core	primary_core_transcriptomic_configuration_primary_contrasts.tsv	Construction balance is shared toolkit usage, not by itself granule specificity.
EU00022	sample_contrast	Y	GranuleDesign	dentate	mouse_dentate	GSE95752	full_mgi_ortholog_matrix|GSE95752|C1_all_cells|dentate_candidate	primary_configuration	delta_configuration_score	2.666666666666667	1.0	positive candidate-background delta supports granule-like configuration	1.0	1.0	strong_support	direct_primary_core	primary_core_transcriptomic_configuration_primary_contrasts.tsv	Combined construction balance plus branch-matched regional fate polarity.
EU00023	sample_contrast	F	FatePolarity	dentate	mouse_dentate	GSE95752	full_mgi_ortholog_matrix|GSE95752|C1_all_cells|dentate_candidate	regional_fate	delta_regional_fate_balance	1.3333333333333337	1.0	positive candidate-background delta supports branch-matched fate polarity	0.9	0.9	strong_support	direct_primary_core	primary_core_transcriptomic_configuration_primary_contrasts.tsv	Dentate and cerebellar branches are expected to differ in regional fate polarity.
EU00024	sample_contrast	C	ConstructionBalance	dentate	mouse_dentate	GSE95752	full_mgi_ortholog_matrix|GSE95752|C1_all_cells|dentate_candidate	downstream_construction	delta_downstream_construction_balance	1.3333333333333337	1.0	positive candidate-background delta supports downstream construction bias	0.9	0.9	strong_support	direct_primary_core	primary_core_transcriptomic_configuration_primary_contrasts.tsv	Construction balance is shared toolkit usage, not by itself granule specificity.
EU00025	sample_contrast	Y	GranuleDesign	cerebellum	cerebellum	GSE122357	selected_feature_matrix|GSE122357|GSM3464549_P0|cerebellar_candidate	primary_configuration	delta_configuration_score	1.0	1.0	positive candidate-background delta supports granule-like configuration	1.0	1.0	strong_support	direct_primary_core	primary_core_transcriptomic_configuration_primary_contrasts.tsv	Combined construction balance plus branch-matched regional fate polarity.
EU00026	sample_contrast	F	FatePolarity	cerebellum	cerebellum	GSE122357	selected_feature_matrix|GSE122357|GSM3464549_P0|cerebellar_candidate	regional_fate	delta_regional_fate_balance	0.5000000000000001	0.5000000000000001	positive candidate-background delta supports branch-matched fate polarity	0.9	0.4500000000000001	moderate_support	direct_primary_core	primary_core_transcriptomic_configuration_primary_contrasts.tsv	Dentate and cerebellar branches are expected to differ in regional fate polarity.
EU00027	sample_contrast	C	ConstructionBalance	cerebellum	cerebellum	GSE122357	selected_feature_matrix|GSE122357|GSM3464549_P0|cerebellar_candidate	downstream_construction	delta_downstream_construction_balance	0.5	0.5	positive candidate-background delta supports downstream construction bias	0.9	0.45	moderate_support	direct_primary_core	primary_core_transcriptomic_configuration_primary_contrasts.tsv	Construction balance is shared toolkit usage, not by itself granule specificity.
EU00028	sample_contrast	Y	GranuleDesign	cerebellum	cerebellum	GSE122357	selected_feature_matrix|GSE122357|GSM3464550_P8a|cerebellar_candidate	primary_configuration	delta_configuration_score	0.5000000000000001	0.5000000000000001	positive candidate-background delta supports granule-like configuration	1.0	0.5000000000000001	moderate_support	direct_primary_core	primary_core_transcriptomic_configuration_primary_contrasts.tsv	Combined construction balance plus branch-matched regional fate polarity.
EU00029	sample_contrast	F	FatePolarity	cerebellum	cerebellum	GSE122357	selected_feature_matrix|GSE122357|GSM3464550_P8a|cerebellar_candidate	regional_fate	delta_regional_fate_balance	0.5000000000000001	0.5000000000000001	positive candidate-background delta supports branch-matched fate polarity	0.9	0.4500000000000001	moderate_support	direct_primary_core	primary_core_transcriptomic_configuration_primary_contrasts.tsv	Dentate and cerebellar branches are expected to differ in regional fate polarity.
EU00030	sample_contrast	C	ConstructionBalance	cerebellum	cerebellum	GSE122357	selected_feature_matrix|GSE122357|GSM3464550_P8a|cerebellar_candidate	downstream_construction	delta_downstream_construction_balance	0.0	0.0	positive candidate-background delta supports downstream construction bias	0.9	0.0	near_zero_or_mixed	direct_primary_core	primary_core_transcriptomic_configuration_primary_contrasts.tsv	Construction balance is shared toolkit usage, not by itself granule specificity.
EU00031	sample_contrast	Y	GranuleDesign	cerebellum	cerebellum	GSE122357	selected_feature_matrix|GSE122357|GSM3464551_P8b|cerebellar_candidate	primary_configuration	delta_configuration_score	0.7500000000000001	0.7500000000000001	positive candidate-background delta supports granule-like configuration	1.0	0.7500000000000001	strong_support	direct_primary_core	primary_core_transcriptomic_configuration_primary_contrasts.tsv	Combined construction balance plus branch-matched regional fate polarity.
EU00032	sample_contrast	F	FatePolarity	cerebellum	cerebellum	GSE122357	selected_feature_matrix|GSE122357|GSM3464551_P8b|cerebellar_candidate	regional_fate	delta_regional_fate_balance	0.5000000000000001	0.5000000000000001	positive candidate-background delta supports branch-matched fate polarity	0.9	0.4500000000000001	moderate_support	direct_primary_core	primary_core_transcriptomic_configuration_primary_contrasts.tsv	Dentate and cerebellar branches are expected to differ in regional fate polarity.
EU00033	sample_contrast	C	ConstructionBalance	cerebellum	cerebellum	GSE122357	selected_feature_matrix|GSE122357|GSM3464551_P8b|cerebellar_candidate	downstream_construction	delta_downstream_construction_balance	0.25	0.25	positive candidate-background delta supports downstream construction bias	0.9	0.225	weak_or_mixed_support	direct_primary_core	primary_core_transcriptomic_configuration_primary_contrasts.tsv	Construction balance is shared toolkit usage, not by itself granule specificity.
EU00034	sample_contrast	Y	GranuleDesign	cerebellum	cerebellum	GSE165657	selected_feature_matrix|GSE165657|Cerebellum_aggr|cerebellar_candidate	primary_configuration	delta_configuration_score	0.5000000000000001	0.5000000000000001	positive candidate-background delta supports granule-like configuration	1.0	0.5000000000000001	moderate_support	direct_primary_core	primary_core_transcriptomic_configuration_primary_contrasts.tsv	Combined construction balance plus branch-matched regional fate polarity.
EU00035	sample_contrast	F	FatePolarity	cerebellum	cerebellum	GSE165657	selected_feature_matrix|GSE165657|Cerebellum_aggr|cerebellar_candidate	regional_fate	delta_regional_fate_balance	0.5000000000000001	0.5000000000000001	positive candidate-background delta supports branch-matched fate polarity	0.9	0.4500000000000001	moderate_support	direct_primary_core	primary_core_transcriptomic_configuration_primary_contrasts.tsv	Dentate and cerebellar branches are expected to differ in regional fate polarity.
EU00036	sample_contrast	C	ConstructionBalance	cerebellum	cerebellum	GSE165657	selected_feature_matrix|GSE165657|Cerebellum_aggr|cerebellar_candidate	downstream_construction	delta_downstream_construction_balance	0.0	0.0	positive candidate-background delta supports downstream construction bias	0.9	0.0	near_zero_or_mixed	direct_primary_core	primary_core_transcriptomic_configuration_primary_contrasts.tsv	Construction balance is shared toolkit usage, not by itself granule specificity.
EU00037	sample_contrast	Y	GranuleDesign	cerebellum	cerebellum	GSE312658	selected_feature_matrix|GSE312658|Ctrl|cerebellar_candidate	primary_configuration	delta_configuration_score	0.7500000000000001	0.7500000000000001	positive candidate-background delta supports granule-like configuration	1.0	0.7500000000000001	strong_support	direct_primary_core	primary_core_transcriptomic_configuration_primary_contrasts.tsv	Combined construction balance plus branch-matched regional fate polarity.
EU00038	sample_contrast	F	FatePolarity	cerebellum	cerebellum	GSE312658	selected_feature_matrix|GSE312658|Ctrl|cerebellar_candidate	regional_fate	delta_regional_fate_balance	0.5	0.5	positive candidate-background delta supports branch-matched fate polarity	0.9	0.45	moderate_support	direct_primary_core	primary_core_transcriptomic_configuration_primary_contrasts.tsv	Dentate and cerebellar branches are expected to differ in regional fate polarity.
EU00039	sample_contrast	C	ConstructionBalance	cerebellum	cerebellum	GSE312658	selected_feature_matrix|GSE312658|Ctrl|cerebellar_candidate	downstream_construction	delta_downstream_construction_balance	0.25	0.25	positive candidate-background delta supports downstream construction bias	0.9	0.225	weak_or_mixed_support	direct_primary_core	primary_core_transcriptomic_configuration_primary_contrasts.tsv	Construction balance is shared toolkit usage, not by itself granule specificity.
EU00040	sample_contrast	Y	GranuleDesign	cerebellum	cerebellum	GSE312658	selected_feature_matrix|GSE312658|cKO|cerebellar_candidate	primary_configuration	delta_configuration_score	0.5833333333333334	0.5833333333333334	positive candidate-background delta supports granule-like configuration	1.0	0.5833333333333334	moderate_support	direct_primary_core	primary_core_transcriptomic_configuration_primary_contrasts.tsv	Combined construction balance plus branch-matched regional fate polarity.
EU00041	sample_contrast	F	FatePolarity	cerebellum	cerebellum	GSE312658	selected_feature_matrix|GSE312658|cKO|cerebellar_candidate	regional_fate	delta_regional_fate_balance	0.4166666666666667	0.4166666666666667	positive candidate-background delta supports branch-matched fate polarity	0.9	0.375	moderate_support	direct_primary_core	primary_core_transcriptomic_configuration_primary_contrasts.tsv	Dentate and cerebellar branches are expected to differ in regional fate polarity.
EU00042	sample_contrast	C	ConstructionBalance	cerebellum	cerebellum	GSE312658	selected_feature_matrix|GSE312658|cKO|cerebellar_candidate	downstream_construction	delta_downstream_construction_balance	0.1666666666666666	0.1666666666666666	positive candidate-background delta supports downstream construction bias	0.9	0.14999999999999994	weak_or_mixed_support	direct_primary_core	primary_core_transcriptomic_configuration_primary_contrasts.tsv	Construction balance is shared toolkit usage, not by itself granule specificity.
EU00043	sample_contrast	Y	GranuleDesign	dentate	mouse_dentate	GSE104323	selected_feature_matrix|GSE104323|10X_all_cells|dentate_candidate	primary_configuration	delta_configuration_score	1.5	1.0	positive candidate-background delta supports granule-like configuration	1.0	1.0	strong_support	direct_primary_core	primary_core_transcriptomic_configuration_primary_contrasts.tsv	Combined construction balance plus branch-matched regional fate polarity.
EU00044	sample_contrast	F	FatePolarity	dentate	mouse_dentate	GSE104323	selected_feature_matrix|GSE104323|10X_all_cells|dentate_candidate	regional_fate	delta_regional_fate_balance	1.0	1.0	positive candidate-background delta supports branch-matched fate polarity	0.9	0.9	strong_support	direct_primary_core	primary_core_transcriptomic_configuration_primary_contrasts.tsv	Dentate and cerebellar branches are expected to differ in regional fate polarity.
EU00045	sample_contrast	C	ConstructionBalance	dentate	mouse_dentate	GSE104323	selected_feature_matrix|GSE104323|10X_all_cells|dentate_candidate	downstream_construction	delta_downstream_construction_balance	0.5	0.5	positive candidate-background delta supports downstream construction bias	0.9	0.45	moderate_support	direct_primary_core	primary_core_transcriptomic_configuration_primary_contrasts.tsv	Construction balance is shared toolkit usage, not by itself granule specificity.
EU00046	sample_contrast	Y	GranuleDesign	dentate	human_dentate_hippocampus	GSE268609	selected_feature_matrix|GSE268609|1|dentate_candidate	primary_configuration	delta_configuration_score	0.3333333333333334	0.3333333333333334	positive candidate-background delta supports granule-like configuration	1.0	0.3333333333333334	moderate_support	direct_primary_core	primary_core_transcriptomic_configuration_primary_contrasts.tsv	Combined construction balance plus branch-matched regional fate polarity.
EU00047	sample_contrast	F	FatePolarity	dentate	human_dentate_hippocampus	GSE268609	selected_feature_matrix|GSE268609|1|dentate_candidate	regional_fate	delta_regional_fate_balance	0.5	0.5	positive candidate-background delta supports branch-matched fate polarity	0.9	0.45	moderate_support	direct_primary_core	primary_core_transcriptomic_configuration_primary_contrasts.tsv	Dentate and cerebellar branches are expected to differ in regional fate polarity.
EU00048	sample_contrast	C	ConstructionBalance	dentate	human_dentate_hippocampus	GSE268609	selected_feature_matrix|GSE268609|1|dentate_candidate	downstream_construction	delta_downstream_construction_balance	-0.1666666666666666	-0.1666666666666666	positive candidate-background delta supports downstream construction bias	0.9	-0.14999999999999994	near_zero_or_mixed	direct_primary_core	primary_core_transcriptomic_configuration_primary_contrasts.tsv	Construction balance is shared toolkit usage, not by itself granule specificity.
EU00049	sample_contrast	Y	GranuleDesign	dentate	human_dentate_hippocampus	GSE268609	selected_feature_matrix|GSE268609|2|dentate_candidate	primary_configuration	delta_configuration_score	-0.3750000000000001	-0.3750000000000001	positive candidate-background delta supports granule-like configuration	1.0	-0.3750000000000001	opposing_or_branch_specific	direct_primary_core	primary_core_transcriptomic_configuration_primary_contrasts.tsv	Combined construction balance plus branch-matched regional fate polarity.
EU00050	sample_contrast	F	FatePolarity	dentate	human_dentate_hippocampus	GSE268609	selected_feature_matrix|GSE268609|2|dentate_candidate	regional_fate	delta_regional_fate_balance	0.1249999999999999	0.1249999999999999	positive candidate-background delta supports branch-matched fate polarity	0.9	0.11249999999999992	weak_or_mixed_support	direct_primary_core	primary_core_transcriptomic_configuration_primary_contrasts.tsv	Dentate and cerebellar branches are expected to differ in regional fate polarity.
EU00051	sample_contrast	C	ConstructionBalance	dentate	human_dentate_hippocampus	GSE268609	selected_feature_matrix|GSE268609|2|dentate_candidate	downstream_construction	delta_downstream_construction_balance	-0.5	-0.5	positive candidate-background delta supports downstream construction bias	0.9	-0.45	opposing_or_branch_specific	direct_primary_core	primary_core_transcriptomic_configuration_primary_contrasts.tsv	Construction balance is shared toolkit usage, not by itself granule specificity.
EU00052	sample_contrast	Y	GranuleDesign	dentate	human_dentate_hippocampus	GSE268609	selected_feature_matrix|GSE268609|3|dentate_candidate	primary_configuration	delta_configuration_score	-8.326672684688674e-17	-8.326672684688674e-17	positive candidate-background delta supports granule-like configuration	1.0	-8.326672684688674e-17	near_zero_or_mixed	direct_primary_core	primary_core_transcriptomic_configuration_primary_contrasts.tsv	Combined construction balance plus branch-matched regional fate polarity.
EU00053	sample_contrast	F	FatePolarity	dentate	human_dentate_hippocampus	GSE268609	selected_feature_matrix|GSE268609|3|dentate_candidate	regional_fate	delta_regional_fate_balance	0.1249999999999999	0.1249999999999999	positive candidate-background delta supports branch-matched fate polarity	0.9	0.11249999999999992	weak_or_mixed_support	direct_primary_core	primary_core_transcriptomic_configuration_primary_contrasts.tsv	Dentate and cerebellar branches are expected to differ in regional fate polarity.
EU00054	sample_contrast	C	ConstructionBalance	dentate	human_dentate_hippocampus	GSE268609	selected_feature_matrix|GSE268609|3|dentate_candidate	downstream_construction	delta_downstream_construction_balance	-0.125	-0.125	positive candidate-background delta supports downstream construction bias	0.9	-0.1125	near_zero_or_mixed	direct_primary_core	primary_core_transcriptomic_configuration_primary_contrasts.tsv	Construction balance is shared toolkit usage, not by itself granule specificity.
EU00055	sample_contrast	Y	GranuleDesign	dentate	human_dentate_hippocampus	GSE268609	selected_feature_matrix|GSE268609|4|dentate_candidate	primary_configuration	delta_configuration_score	-0.0833333333333333	-0.0833333333333333	positive candidate-background delta supports granule-like configuration	1.0	-0.0833333333333333	near_zero_or_mixed	direct_primary_core	primary_core_transcriptomic_configuration_primary_contrasts.tsv	Combined construction balance plus branch-matched regional fate polarity.
EU00056	sample_contrast	F	FatePolarity	dentate	human_dentate_hippocampus	GSE268609	selected_feature_matrix|GSE268609|4|dentate_candidate	regional_fate	delta_regional_fate_balance	0.1666666666666666	0.1666666666666666	positive candidate-background delta supports branch-matched fate polarity	0.9	0.14999999999999994	weak_or_mixed_support	direct_primary_core	primary_core_transcriptomic_configuration_primary_contrasts.tsv	Dentate and cerebellar branches are expected to differ in regional fate polarity.
EU00057	sample_contrast	C	ConstructionBalance	dentate	human_dentate_hippocampus	GSE268609	selected_feature_matrix|GSE268609|4|dentate_candidate	downstream_construction	delta_downstream_construction_balance	-0.25	-0.25	positive candidate-background delta supports downstream construction bias	0.9	-0.225	near_zero_or_mixed	direct_primary_core	primary_core_transcriptomic_configuration_primary_contrasts.tsv	Construction balance is shared toolkit usage, not by itself granule specificity.
EU00058	sample_contrast	Y	GranuleDesign	dentate	human_dentate_hippocampus	GSE268609	selected_feature_matrix|GSE268609|5|dentate_candidate	primary_configuration	delta_configuration_score	8.326672684688674e-17	8.326672684688674e-17	positive candidate-background delta supports granule-like configuration	1.0	8.326672684688674e-17	weak_or_mixed_support	direct_primary_core	primary_core_transcriptomic_configuration_primary_contrasts.tsv	Combined construction balance plus branch-matched regional fate polarity.
EU00059	sample_contrast	F	FatePolarity	dentate	human_dentate_hippocampus	GSE268609	selected_feature_matrix|GSE268609|5|dentate_candidate	regional_fate	delta_regional_fate_balance	0.2500000000000001	0.2500000000000001	positive candidate-background delta supports branch-matched fate polarity	0.9	0.22500000000000012	weak_or_mixed_support	direct_primary_core	primary_core_transcriptomic_configuration_primary_contrasts.tsv	Dentate and cerebellar branches are expected to differ in regional fate polarity.
EU00060	sample_contrast	C	ConstructionBalance	dentate	human_dentate_hippocampus	GSE268609	selected_feature_matrix|GSE268609|5|dentate_candidate	downstream_construction	delta_downstream_construction_balance	-0.25	-0.25	positive candidate-background delta supports downstream construction bias	0.9	-0.225	near_zero_or_mixed	direct_primary_core	primary_core_transcriptomic_configuration_primary_contrasts.tsv	Construction balance is shared toolkit usage, not by itself granule specificity.
EU00061	sample_contrast	Y	GranuleDesign	dentate	human_dentate_hippocampus	GSE268609	selected_feature_matrix|GSE268609|6|dentate_candidate	primary_configuration	delta_configuration_score	0.0416666666666667	0.0416666666666667	positive candidate-background delta supports granule-like configuration	1.0	0.0416666666666667	weak_or_mixed_support	direct_primary_core	primary_core_transcriptomic_configuration_primary_contrasts.tsv	Combined construction balance plus branch-matched regional fate polarity.
EU00062	sample_contrast	F	FatePolarity	dentate	human_dentate_hippocampus	GSE268609	selected_feature_matrix|GSE268609|6|dentate_candidate	regional_fate	delta_regional_fate_balance	0.2083333333333334	0.2083333333333334	positive candidate-background delta supports branch-matched fate polarity	0.9	0.18750000000000006	weak_or_mixed_support	direct_primary_core	primary_core_transcriptomic_configuration_primary_contrasts.tsv	Dentate and cerebellar branches are expected to differ in regional fate polarity.
EU00063	sample_contrast	C	ConstructionBalance	dentate	human_dentate_hippocampus	GSE268609	selected_feature_matrix|GSE268609|6|dentate_candidate	downstream_construction	delta_downstream_construction_balance	-0.1666666666666666	-0.1666666666666666	positive candidate-background delta supports downstream construction bias	0.9	-0.14999999999999994	near_zero_or_mixed	direct_primary_core	primary_core_transcriptomic_configuration_primary_contrasts.tsv	Construction balance is shared toolkit usage, not by itself granule specificity.
EU00064	sample_contrast	Y	GranuleDesign	dentate	human_dentate_hippocampus	GSE268609	selected_feature_matrix|GSE268609|7|dentate_candidate	primary_configuration	delta_configuration_score	-0.4583333333333333	-0.4583333333333333	positive candidate-background delta supports granule-like configuration	1.0	-0.4583333333333333	opposing_or_branch_specific	direct_primary_core	primary_core_transcriptomic_configuration_primary_contrasts.tsv	Combined construction balance plus branch-matched regional fate polarity.
EU00065	sample_contrast	F	FatePolarity	dentate	human_dentate_hippocampus	GSE268609	selected_feature_matrix|GSE268609|7|dentate_candidate	regional_fate	delta_regional_fate_balance	0.0416666666666666	0.0416666666666666	positive candidate-background delta supports branch-matched fate polarity	0.9	0.03749999999999994	weak_or_mixed_support	direct_primary_core	primary_core_transcriptomic_configuration_primary_contrasts.tsv	Dentate and cerebellar branches are expected to differ in regional fate polarity.
EU00066	sample_contrast	C	ConstructionBalance	dentate	human_dentate_hippocampus	GSE268609	selected_feature_matrix|GSE268609|7|dentate_candidate	downstream_construction	delta_downstream_construction_balance	-0.5	-0.5	positive candidate-background delta supports downstream construction bias	0.9	-0.45	opposing_or_branch_specific	direct_primary_core	primary_core_transcriptomic_configuration_primary_contrasts.tsv	Construction balance is shared toolkit usage, not by itself granule specificity.
EU00067	sample_contrast	Y	GranuleDesign	dentate	human_dentate_hippocampus	GSE268609	selected_feature_matrix|GSE268609|8|dentate_candidate	primary_configuration	delta_configuration_score	0.0833333333333334	0.0833333333333334	positive candidate-background delta supports granule-like configuration	1.0	0.0833333333333334	weak_or_mixed_support	direct_primary_core	primary_core_transcriptomic_configuration_primary_contrasts.tsv	Combined construction balance plus branch-matched regional fate polarity.
EU00068	sample_contrast	F	FatePolarity	dentate	human_dentate_hippocampus	GSE268609	selected_feature_matrix|GSE268609|8|dentate_candidate	regional_fate	delta_regional_fate_balance	0.2500000000000001	0.2500000000000001	positive candidate-background delta supports branch-matched fate polarity	0.9	0.22500000000000012	weak_or_mixed_support	direct_primary_core	primary_core_transcriptomic_configuration_primary_contrasts.tsv	Dentate and cerebellar branches are expected to differ in regional fate polarity.
EU00069	sample_contrast	C	ConstructionBalance	dentate	human_dentate_hippocampus	GSE268609	selected_feature_matrix|GSE268609|8|dentate_candidate	downstream_construction	delta_downstream_construction_balance	-0.1666666666666666	-0.1666666666666666	positive candidate-background delta supports downstream construction bias	0.9	-0.14999999999999994	near_zero_or_mixed	direct_primary_core	primary_core_transcriptomic_configuration_primary_contrasts.tsv	Construction balance is shared toolkit usage, not by itself granule specificity.
EU00070	sample_contrast	Y	GranuleDesign	dentate	human_dentate_hippocampus	GSE268609	selected_feature_matrix|GSE268609|9|dentate_candidate	primary_configuration	delta_configuration_score	-0.2083333333333333	-0.2083333333333333	positive candidate-background delta supports granule-like configuration	1.0	-0.2083333333333333	near_zero_or_mixed	direct_primary_core	primary_core_transcriptomic_configuration_primary_contrasts.tsv	Combined construction balance plus branch-matched regional fate polarity.
EU00071	sample_contrast	F	FatePolarity	dentate	human_dentate_hippocampus	GSE268609	selected_feature_matrix|GSE268609|9|dentate_candidate	regional_fate	delta_regional_fate_balance	0.2916666666666667	0.2916666666666667	positive candidate-background delta supports branch-matched fate polarity	0.9	0.2625	weak_or_mixed_support	direct_primary_core	primary_core_transcriptomic_configuration_primary_contrasts.tsv	Dentate and cerebellar branches are expected to differ in regional fate polarity.
EU00072	sample_contrast	C	ConstructionBalance	dentate	human_dentate_hippocampus	GSE268609	selected_feature_matrix|GSE268609|9|dentate_candidate	downstream_construction	delta_downstream_construction_balance	-0.5	-0.5	positive candidate-background delta supports downstream construction bias	0.9	-0.45	opposing_or_branch_specific	direct_primary_core	primary_core_transcriptomic_configuration_primary_contrasts.tsv	Construction balance is shared toolkit usage, not by itself granule specificity.
EU00073	sample_contrast	Y	GranuleDesign	dentate	human_dentate_hippocampus	GSE268609	selected_feature_matrix|GSE268609|10|dentate_candidate	primary_configuration	delta_configuration_score	8.326672684688674e-17	8.326672684688674e-17	positive candidate-background delta supports granule-like configuration	1.0	8.326672684688674e-17	weak_or_mixed_support	direct_primary_core	primary_core_transcriptomic_configuration_primary_contrasts.tsv	Combined construction balance plus branch-matched regional fate polarity.
EU00074	sample_contrast	F	FatePolarity	dentate	human_dentate_hippocampus	GSE268609	selected_feature_matrix|GSE268609|10|dentate_candidate	regional_fate	delta_regional_fate_balance	0.2500000000000001	0.2500000000000001	positive candidate-background delta supports branch-matched fate polarity	0.9	0.22500000000000012	weak_or_mixed_support	direct_primary_core	primary_core_transcriptomic_configuration_primary_contrasts.tsv	Dentate and cerebellar branches are expected to differ in regional fate polarity.
EU00075	sample_contrast	C	ConstructionBalance	dentate	human_dentate_hippocampus	GSE268609	selected_feature_matrix|GSE268609|10|dentate_candidate	downstream_construction	delta_downstream_construction_balance	-0.25	-0.25	positive candidate-background delta supports downstream construction bias	0.9	-0.225	near_zero_or_mixed	direct_primary_core	primary_core_transcriptomic_configuration_primary_contrasts.tsv	Construction balance is shared toolkit usage, not by itself granule specificity.
EU00076	sample_contrast	Y	GranuleDesign	dentate	human_dentate_hippocampus	GSE268609	selected_feature_matrix|GSE268609|11|dentate_candidate	primary_configuration	delta_configuration_score	-0.1666666666666666	-0.1666666666666666	positive candidate-background delta supports granule-like configuration	1.0	-0.1666666666666666	near_zero_or_mixed	direct_primary_core	primary_core_transcriptomic_configuration_primary_contrasts.tsv	Combined construction balance plus branch-matched regional fate polarity.
EU00077	sample_contrast	F	FatePolarity	dentate	human_dentate_hippocampus	GSE268609	selected_feature_matrix|GSE268609|11|dentate_candidate	regional_fate	delta_regional_fate_balance	0.3333333333333333	0.3333333333333333	positive candidate-background delta supports branch-matched fate polarity	0.9	0.3	moderate_support	direct_primary_core	primary_core_transcriptomic_configuration_primary_contrasts.tsv	Dentate and cerebellar branches are expected to differ in regional fate polarity.
EU00078	sample_contrast	C	ConstructionBalance	dentate	human_dentate_hippocampus	GSE268609	selected_feature_matrix|GSE268609|11|dentate_candidate	downstream_construction	delta_downstream_construction_balance	-0.5	-0.5	positive candidate-background delta supports downstream construction bias	0.9	-0.45	opposing_or_branch_specific	direct_primary_core	primary_core_transcriptomic_configuration_primary_contrasts.tsv	Construction balance is shared toolkit usage, not by itself granule specificity.
EU00079	sample_contrast	Y	GranuleDesign	dentate	human_dentate_hippocampus	GSE268609	selected_feature_matrix|GSE268609|12|dentate_candidate	primary_configuration	delta_configuration_score	-0.3333333333333333	-0.3333333333333333	positive candidate-background delta supports granule-like configuration	1.0	-0.3333333333333333	opposing_or_branch_specific	direct_primary_core	primary_core_transcriptomic_configuration_primary_contrasts.tsv	Combined construction balance plus branch-matched regional fate polarity.
EU00080	sample_contrast	F	FatePolarity	dentate	human_dentate_hippocampus	GSE268609	selected_feature_matrix|GSE268609|12|dentate_candidate	regional_fate	delta_regional_fate_balance	0.1666666666666666	0.1666666666666666	positive candidate-background delta supports branch-matched fate polarity	0.9	0.14999999999999994	weak_or_mixed_support	direct_primary_core	primary_core_transcriptomic_configuration_primary_contrasts.tsv	Dentate and cerebellar branches are expected to differ in regional fate polarity.
EU00081	sample_contrast	C	ConstructionBalance	dentate	human_dentate_hippocampus	GSE268609	selected_feature_matrix|GSE268609|12|dentate_candidate	downstream_construction	delta_downstream_construction_balance	-0.5	-0.5	positive candidate-background delta supports downstream construction bias	0.9	-0.45	opposing_or_branch_specific	direct_primary_core	primary_core_transcriptomic_configuration_primary_contrasts.tsv	Construction balance is shared toolkit usage, not by itself granule specificity.
EU00082	sample_contrast	Y	GranuleDesign	dentate	human_dentate_hippocampus	GSE268609	selected_feature_matrix|GSE268609|13|dentate_candidate	primary_configuration	delta_configuration_score	2.7755575615628914e-17	2.7755575615628914e-17	positive candidate-background delta supports granule-like configuration	1.0	2.7755575615628914e-17	weak_or_mixed_support	direct_primary_core	primary_core_transcriptomic_configuration_primary_contrasts.tsv	Combined construction balance plus branch-matched regional fate polarity.
EU00083	sample_contrast	F	FatePolarity	dentate	human_dentate_hippocampus	GSE268609	selected_feature_matrix|GSE268609|13|dentate_candidate	regional_fate	delta_regional_fate_balance	0.2500000000000001	0.2500000000000001	positive candidate-background delta supports branch-matched fate polarity	0.9	0.22500000000000012	weak_or_mixed_support	direct_primary_core	primary_core_transcriptomic_configuration_primary_contrasts.tsv	Dentate and cerebellar branches are expected to differ in regional fate polarity.
EU00084	sample_contrast	C	ConstructionBalance	dentate	human_dentate_hippocampus	GSE268609	selected_feature_matrix|GSE268609|13|dentate_candidate	downstream_construction	delta_downstream_construction_balance	-0.25	-0.25	positive candidate-background delta supports downstream construction bias	0.9	-0.225	near_zero_or_mixed	direct_primary_core	primary_core_transcriptomic_configuration_primary_contrasts.tsv	Construction balance is shared toolkit usage, not by itself granule specificity.
EU00085	sample_contrast	Y	GranuleDesign	dentate	human_dentate_hippocampus	GSE268609	selected_feature_matrix|GSE268609|14|dentate_candidate	primary_configuration	delta_configuration_score	0.375	0.375	positive candidate-background delta supports granule-like configuration	1.0	0.375	moderate_support	direct_primary_core	primary_core_transcriptomic_configuration_primary_contrasts.tsv	Combined construction balance plus branch-matched regional fate polarity.
EU00086	sample_contrast	F	FatePolarity	dentate	human_dentate_hippocampus	GSE268609	selected_feature_matrix|GSE268609|14|dentate_candidate	regional_fate	delta_regional_fate_balance	0.1249999999999999	0.1249999999999999	positive candidate-background delta supports branch-matched fate polarity	0.9	0.11249999999999992	weak_or_mixed_support	direct_primary_core	primary_core_transcriptomic_configuration_primary_contrasts.tsv	Dentate and cerebellar branches are expected to differ in regional fate polarity.
EU00087	sample_contrast	C	ConstructionBalance	dentate	human_dentate_hippocampus	GSE268609	selected_feature_matrix|GSE268609|14|dentate_candidate	downstream_construction	delta_downstream_construction_balance	0.25	0.25	positive candidate-background delta supports downstream construction bias	0.9	0.225	weak_or_mixed_support	direct_primary_core	primary_core_transcriptomic_configuration_primary_contrasts.tsv	Construction balance is shared toolkit usage, not by itself granule specificity.
EU00088	sample_contrast	Y	GranuleDesign	dentate	human_dentate_hippocampus	GSE268609	selected_feature_matrix|GSE268609|15|dentate_candidate	primary_configuration	delta_configuration_score	0.5833333333333334	0.5833333333333334	positive candidate-background delta supports granule-like configuration	1.0	0.5833333333333334	moderate_support	direct_primary_core	primary_core_transcriptomic_configuration_primary_contrasts.tsv	Combined construction balance plus branch-matched regional fate polarity.
EU00089	sample_contrast	F	FatePolarity	dentate	human_dentate_hippocampus	GSE268609	selected_feature_matrix|GSE268609|15|dentate_candidate	regional_fate	delta_regional_fate_balance	0.5	0.5	positive candidate-background delta supports branch-matched fate polarity	0.9	0.45	moderate_support	direct_primary_core	primary_core_transcriptomic_configuration_primary_contrasts.tsv	Dentate and cerebellar branches are expected to differ in regional fate polarity.
EU00090	sample_contrast	C	ConstructionBalance	dentate	human_dentate_hippocampus	GSE268609	selected_feature_matrix|GSE268609|15|dentate_candidate	downstream_construction	delta_downstream_construction_balance	0.0833333333333333	0.0833333333333333	positive candidate-background delta supports downstream construction bias	0.9	0.07499999999999997	weak_or_mixed_support	direct_primary_core	primary_core_transcriptomic_configuration_primary_contrasts.tsv	Construction balance is shared toolkit usage, not by itself granule specificity.
EU00091	sample_contrast	Y	GranuleDesign	dentate	human_dentate_hippocampus	GSE268609	selected_feature_matrix|GSE268609|16|dentate_candidate	primary_configuration	delta_configuration_score	0.4166666666666667	0.4166666666666667	positive candidate-background delta supports granule-like configuration	1.0	0.4166666666666667	moderate_support	direct_primary_core	primary_core_transcriptomic_configuration_primary_contrasts.tsv	Combined construction balance plus branch-matched regional fate polarity.
EU00092	sample_contrast	F	FatePolarity	dentate	human_dentate_hippocampus	GSE268609	selected_feature_matrix|GSE268609|16|dentate_candidate	regional_fate	delta_regional_fate_balance	0.3333333333333333	0.3333333333333333	positive candidate-background delta supports branch-matched fate polarity	0.9	0.3	moderate_support	direct_primary_core	primary_core_transcriptomic_configuration_primary_contrasts.tsv	Dentate and cerebellar branches are expected to differ in regional fate polarity.
EU00093	sample_contrast	C	ConstructionBalance	dentate	human_dentate_hippocampus	GSE268609	selected_feature_matrix|GSE268609|16|dentate_candidate	downstream_construction	delta_downstream_construction_balance	0.0833333333333333	0.0833333333333333	positive candidate-background delta supports downstream construction bias	0.9	0.07499999999999997	weak_or_mixed_support	direct_primary_core	primary_core_transcriptomic_configuration_primary_contrasts.tsv	Construction balance is shared toolkit usage, not by itself granule specificity.
EU00094	sample_contrast	Y	GranuleDesign	dentate	human_dentate_hippocampus	GSE268609	selected_feature_matrix|GSE268609|17|dentate_candidate	primary_configuration	delta_configuration_score	0.0833333333333333	0.0833333333333333	positive candidate-background delta supports granule-like configuration	1.0	0.0833333333333333	weak_or_mixed_support	direct_primary_core	primary_core_transcriptomic_configuration_primary_contrasts.tsv	Combined construction balance plus branch-matched regional fate polarity.
EU00095	sample_contrast	F	FatePolarity	dentate	human_dentate_hippocampus	GSE268609	selected_feature_matrix|GSE268609|17|dentate_candidate	regional_fate	delta_regional_fate_balance	0.3333333333333333	0.3333333333333333	positive candidate-background delta supports branch-matched fate polarity	0.9	0.3	moderate_support	direct_primary_core	primary_core_transcriptomic_configuration_primary_contrasts.tsv	Dentate and cerebellar branches are expected to differ in regional fate polarity.
EU00096	sample_contrast	C	ConstructionBalance	dentate	human_dentate_hippocampus	GSE268609	selected_feature_matrix|GSE268609|17|dentate_candidate	downstream_construction	delta_downstream_construction_balance	-0.25	-0.25	positive candidate-background delta supports downstream construction bias	0.9	-0.225	near_zero_or_mixed	direct_primary_core	primary_core_transcriptomic_configuration_primary_contrasts.tsv	Construction balance is shared toolkit usage, not by itself granule specificity.
EU00097	sample_contrast	Y	GranuleDesign	dentate	human_dentate_hippocampus	GSE268609	selected_feature_matrix|GSE268609|18|dentate_candidate	primary_configuration	delta_configuration_score	-0.4583333333333333	-0.4583333333333333	positive candidate-background delta supports granule-like configuration	1.0	-0.4583333333333333	opposing_or_branch_specific	direct_primary_core	primary_core_transcriptomic_configuration_primary_contrasts.tsv	Combined construction balance plus branch-matched regional fate polarity.
EU00098	sample_contrast	F	FatePolarity	dentate	human_dentate_hippocampus	GSE268609	selected_feature_matrix|GSE268609|18|dentate_candidate	regional_fate	delta_regional_fate_balance	-0.2083333333333334	-0.2083333333333334	positive candidate-background delta supports branch-matched fate polarity	0.9	-0.18750000000000006	near_zero_or_mixed	direct_primary_core	primary_core_transcriptomic_configuration_primary_contrasts.tsv	Dentate and cerebellar branches are expected to differ in regional fate polarity.
EU00099	sample_contrast	C	ConstructionBalance	dentate	human_dentate_hippocampus	GSE268609	selected_feature_matrix|GSE268609|18|dentate_candidate	downstream_construction	delta_downstream_construction_balance	-0.25	-0.25	positive candidate-background delta supports downstream construction bias	0.9	-0.225	near_zero_or_mixed	direct_primary_core	primary_core_transcriptomic_configuration_primary_contrasts.tsv	Construction balance is shared toolkit usage, not by itself granule specificity.
EU00100	sample_contrast	Y	GranuleDesign	dentate	human_dentate_hippocampus	GSE268609	selected_feature_matrix|GSE268609|19|dentate_candidate	primary_configuration	delta_configuration_score	0.25	0.25	positive candidate-background delta supports granule-like configuration	1.0	0.25	weak_or_mixed_support	direct_primary_core	primary_core_transcriptomic_configuration_primary_contrasts.tsv	Combined construction balance plus branch-matched regional fate polarity.
EU00101	sample_contrast	F	FatePolarity	dentate	human_dentate_hippocampus	GSE268609	selected_feature_matrix|GSE268609|19|dentate_candidate	regional_fate	delta_regional_fate_balance	0.5	0.5	positive candidate-background delta supports branch-matched fate polarity	0.9	0.45	moderate_support	direct_primary_core	primary_core_transcriptomic_configuration_primary_contrasts.tsv	Dentate and cerebellar branches are expected to differ in regional fate polarity.
EU00102	sample_contrast	C	ConstructionBalance	dentate	human_dentate_hippocampus	GSE268609	selected_feature_matrix|GSE268609|19|dentate_candidate	downstream_construction	delta_downstream_construction_balance	-0.25	-0.25	positive candidate-background delta supports downstream construction bias	0.9	-0.225	near_zero_or_mixed	direct_primary_core	primary_core_transcriptomic_configuration_primary_contrasts.tsv	Construction balance is shared toolkit usage, not by itself granule specificity.
EU00103	sample_contrast	Y	GranuleDesign	dentate	human_dentate_hippocampus	GSE268609	selected_feature_matrix|GSE268609|20|dentate_candidate	primary_configuration	delta_configuration_score	0.25	0.25	positive candidate-background delta supports granule-like configuration	1.0	0.25	weak_or_mixed_support	direct_primary_core	primary_core_transcriptomic_configuration_primary_contrasts.tsv	Combined construction balance plus branch-matched regional fate polarity.
EU00104	sample_contrast	F	FatePolarity	dentate	human_dentate_hippocampus	GSE268609	selected_feature_matrix|GSE268609|20|dentate_candidate	regional_fate	delta_regional_fate_balance	0.25	0.25	positive candidate-background delta supports branch-matched fate polarity	0.9	0.225	weak_or_mixed_support	direct_primary_core	primary_core_transcriptomic_configuration_primary_contrasts.tsv	Dentate and cerebellar branches are expected to differ in regional fate polarity.
EU00105	sample_contrast	C	ConstructionBalance	dentate	human_dentate_hippocampus	GSE268609	selected_feature_matrix|GSE268609|20|dentate_candidate	downstream_construction	delta_downstream_construction_balance	0.0	0.0	positive candidate-background delta supports downstream construction bias	0.9	0.0	near_zero_or_mixed	direct_primary_core	primary_core_transcriptomic_configuration_primary_contrasts.tsv	Construction balance is shared toolkit usage, not by itself granule specificity.
EU00106	sample_contrast	Y	GranuleDesign	dentate	human_dentate_hippocampus	GSE268609	selected_feature_matrix|GSE268609|21|dentate_candidate	primary_configuration	delta_configuration_score	0.0833333333333334	0.0833333333333334	positive candidate-background delta supports granule-like configuration	1.0	0.0833333333333334	weak_or_mixed_support	direct_primary_core	primary_core_transcriptomic_configuration_primary_contrasts.tsv	Combined construction balance plus branch-matched regional fate polarity.
EU00107	sample_contrast	F	FatePolarity	dentate	human_dentate_hippocampus	GSE268609	selected_feature_matrix|GSE268609|21|dentate_candidate	regional_fate	delta_regional_fate_balance	0.2083333333333334	0.2083333333333334	positive candidate-background delta supports branch-matched fate polarity	0.9	0.18750000000000006	weak_or_mixed_support	direct_primary_core	primary_core_transcriptomic_configuration_primary_contrasts.tsv	Dentate and cerebellar branches are expected to differ in regional fate polarity.
EU00108	sample_contrast	C	ConstructionBalance	dentate	human_dentate_hippocampus	GSE268609	selected_feature_matrix|GSE268609|21|dentate_candidate	downstream_construction	delta_downstream_construction_balance	-0.1249999999999999	-0.1249999999999999	positive candidate-background delta supports downstream construction bias	0.9	-0.11249999999999992	near_zero_or_mixed	direct_primary_core	primary_core_transcriptomic_configuration_primary_contrasts.tsv	Construction balance is shared toolkit usage, not by itself granule specificity.
EU00109	sample_contrast	Y	GranuleDesign	dentate	human_dentate_hippocampus	GSE268609	selected_feature_matrix|GSE268609|22|dentate_candidate	primary_configuration	delta_configuration_score	0.3333333333333333	0.3333333333333333	positive candidate-background delta supports granule-like configuration	1.0	0.3333333333333333	moderate_support	direct_primary_core	primary_core_transcriptomic_configuration_primary_contrasts.tsv	Combined construction balance plus branch-matched regional fate polarity.
EU00110	sample_contrast	F	FatePolarity	dentate	human_dentate_hippocampus	GSE268609	selected_feature_matrix|GSE268609|22|dentate_candidate	regional_fate	delta_regional_fate_balance	0.3333333333333333	0.3333333333333333	positive candidate-background delta supports branch-matched fate polarity	0.9	0.3	moderate_support	direct_primary_core	primary_core_transcriptomic_configuration_primary_contrasts.tsv	Dentate and cerebellar branches are expected to differ in regional fate polarity.
EU00111	sample_contrast	C	ConstructionBalance	dentate	human_dentate_hippocampus	GSE268609	selected_feature_matrix|GSE268609|22|dentate_candidate	downstream_construction	delta_downstream_construction_balance	0.0	0.0	positive candidate-background delta supports downstream construction bias	0.9	0.0	near_zero_or_mixed	direct_primary_core	primary_core_transcriptomic_configuration_primary_contrasts.tsv	Construction balance is shared toolkit usage, not by itself granule specificity.
EU00112	sample_contrast	Y	GranuleDesign	dentate	human_dentate_hippocampus	GSE268609	selected_feature_matrix|GSE268609|23|dentate_candidate	primary_configuration	delta_configuration_score	-0.375	-0.375	positive candidate-background delta supports granule-like configuration	1.0	-0.375	opposing_or_branch_specific	direct_primary_core	primary_core_transcriptomic_configuration_primary_contrasts.tsv	Combined construction balance plus branch-matched regional fate polarity.
EU00113	sample_contrast	F	FatePolarity	dentate	human_dentate_hippocampus	GSE268609	selected_feature_matrix|GSE268609|23|dentate_candidate	regional_fate	delta_regional_fate_balance	-0.375	-0.375	positive candidate-background delta supports branch-matched fate polarity	0.9	-0.3375	opposing_or_branch_specific	direct_primary_core	primary_core_transcriptomic_configuration_primary_contrasts.tsv	Dentate and cerebellar branches are expected to differ in regional fate polarity.
EU00114	sample_contrast	C	ConstructionBalance	dentate	human_dentate_hippocampus	GSE268609	selected_feature_matrix|GSE268609|23|dentate_candidate	downstream_construction	delta_downstream_construction_balance	0.0	0.0	positive candidate-background delta supports downstream construction bias	0.9	0.0	near_zero_or_mixed	direct_primary_core	primary_core_transcriptomic_configuration_primary_contrasts.tsv	Construction balance is shared toolkit usage, not by itself granule specificity.
EU00115	sample_contrast	Y	GranuleDesign	dentate	human_dentate_hippocampus	GSE268609	selected_feature_matrix|GSE268609|24|dentate_candidate	primary_configuration	delta_configuration_score	0.7083333333333334	0.7083333333333334	positive candidate-background delta supports granule-like configuration	1.0	0.7083333333333334	strong_support	direct_primary_core	primary_core_transcriptomic_configuration_primary_contrasts.tsv	Combined construction balance plus branch-matched regional fate polarity.
EU00116	sample_contrast	F	FatePolarity	dentate	human_dentate_hippocampus	GSE268609	selected_feature_matrix|GSE268609|24|dentate_candidate	regional_fate	delta_regional_fate_balance	0.4583333333333333	0.4583333333333333	positive candidate-background delta supports branch-matched fate polarity	0.9	0.4125	moderate_support	direct_primary_core	primary_core_transcriptomic_configuration_primary_contrasts.tsv	Dentate and cerebellar branches are expected to differ in regional fate polarity.
EU00117	sample_contrast	C	ConstructionBalance	dentate	human_dentate_hippocampus	GSE268609	selected_feature_matrix|GSE268609|24|dentate_candidate	downstream_construction	delta_downstream_construction_balance	0.25	0.25	positive candidate-background delta supports downstream construction bias	0.9	0.225	weak_or_mixed_support	direct_primary_core	primary_core_transcriptomic_configuration_primary_contrasts.tsv	Construction balance is shared toolkit usage, not by itself granule specificity.
EU00118	sample_contrast	Y	GranuleDesign	dentate	human_dentate_hippocampus	GSE268609	selected_feature_matrix|GSE268609|25|dentate_candidate	primary_configuration	delta_configuration_score	0.1666666666666667	0.1666666666666667	positive candidate-background delta supports granule-like configuration	1.0	0.1666666666666667	weak_or_mixed_support	direct_primary_core	primary_core_transcriptomic_configuration_primary_contrasts.tsv	Combined construction balance plus branch-matched regional fate polarity.
EU00119	sample_contrast	F	FatePolarity	dentate	human_dentate_hippocampus	GSE268609	selected_feature_matrix|GSE268609|25|dentate_candidate	regional_fate	delta_regional_fate_balance	0.1666666666666667	0.1666666666666667	positive candidate-background delta supports branch-matched fate polarity	0.9	0.15000000000000005	weak_or_mixed_support	direct_primary_core	primary_core_transcriptomic_configuration_primary_contrasts.tsv	Dentate and cerebellar branches are expected to differ in regional fate polarity.
EU00120	sample_contrast	C	ConstructionBalance	dentate	human_dentate_hippocampus	GSE268609	selected_feature_matrix|GSE268609|25|dentate_candidate	downstream_construction	delta_downstream_construction_balance	0.0	0.0	positive candidate-background delta supports downstream construction bias	0.9	0.0	near_zero_or_mixed	direct_primary_core	primary_core_transcriptomic_configuration_primary_contrasts.tsv	Construction balance is shared toolkit usage, not by itself granule specificity.
EU00121	sample_contrast	Y	GranuleDesign	dentate	human_dentate_hippocampus	GSE268609	selected_feature_matrix|GSE268609|26|dentate_candidate	primary_configuration	delta_configuration_score	0.1249999999999999	0.1249999999999999	positive candidate-background delta supports granule-like configuration	1.0	0.1249999999999999	weak_or_mixed_support	direct_primary_core	primary_core_transcriptomic_configuration_primary_contrasts.tsv	Combined construction balance plus branch-matched regional fate polarity.
EU00122	sample_contrast	F	FatePolarity	dentate	human_dentate_hippocampus	GSE268609	selected_feature_matrix|GSE268609|26|dentate_candidate	regional_fate	delta_regional_fate_balance	0.375	0.375	positive candidate-background delta supports branch-matched fate polarity	0.9	0.3375	moderate_support	direct_primary_core	primary_core_transcriptomic_configuration_primary_contrasts.tsv	Dentate and cerebellar branches are expected to differ in regional fate polarity.
EU00123	sample_contrast	C	ConstructionBalance	dentate	human_dentate_hippocampus	GSE268609	selected_feature_matrix|GSE268609|26|dentate_candidate	downstream_construction	delta_downstream_construction_balance	-0.25	-0.25	positive candidate-background delta supports downstream construction bias	0.9	-0.225	near_zero_or_mixed	direct_primary_core	primary_core_transcriptomic_configuration_primary_contrasts.tsv	Construction balance is shared toolkit usage, not by itself granule specificity.
EU00124	sample_contrast	Y	GranuleDesign	dentate	human_dentate_hippocampus	GSE268609	selected_feature_matrix|GSE268609|27|dentate_candidate	primary_configuration	delta_configuration_score	2.7755575615628914e-17	2.7755575615628914e-17	positive candidate-background delta supports granule-like configuration	1.0	2.7755575615628914e-17	weak_or_mixed_support	direct_primary_core	primary_core_transcriptomic_configuration_primary_contrasts.tsv	Combined construction balance plus branch-matched regional fate polarity.
EU00125	sample_contrast	F	FatePolarity	dentate	human_dentate_hippocampus	GSE268609	selected_feature_matrix|GSE268609|27|dentate_candidate	regional_fate	delta_regional_fate_balance	0.2500000000000001	0.2500000000000001	positive candidate-background delta supports branch-matched fate polarity	0.9	0.22500000000000012	weak_or_mixed_support	direct_primary_core	primary_core_transcriptomic_configuration_primary_contrasts.tsv	Dentate and cerebellar branches are expected to differ in regional fate polarity.
EU00126	sample_contrast	C	ConstructionBalance	dentate	human_dentate_hippocampus	GSE268609	selected_feature_matrix|GSE268609|27|dentate_candidate	downstream_construction	delta_downstream_construction_balance	-0.25	-0.25	positive candidate-background delta supports downstream construction bias	0.9	-0.225	near_zero_or_mixed	direct_primary_core	primary_core_transcriptomic_configuration_primary_contrasts.tsv	Construction balance is shared toolkit usage, not by itself granule specificity.
EU00127	sample_contrast	Y	GranuleDesign	dentate	human_dentate_hippocampus	GSE268609	selected_feature_matrix|GSE268609|28|dentate_candidate	primary_configuration	delta_configuration_score	0.8333333333333335	0.8333333333333335	positive candidate-background delta supports granule-like configuration	1.0	0.8333333333333335	strong_support	direct_primary_core	primary_core_transcriptomic_configuration_primary_contrasts.tsv	Combined construction balance plus branch-matched regional fate polarity.
EU00128	sample_contrast	F	FatePolarity	dentate	human_dentate_hippocampus	GSE268609	selected_feature_matrix|GSE268609|28|dentate_candidate	regional_fate	delta_regional_fate_balance	0.5	0.5	positive candidate-background delta supports branch-matched fate polarity	0.9	0.45	moderate_support	direct_primary_core	primary_core_transcriptomic_configuration_primary_contrasts.tsv	Dentate and cerebellar branches are expected to differ in regional fate polarity.
EU00129	sample_contrast	C	ConstructionBalance	dentate	human_dentate_hippocampus	GSE268609	selected_feature_matrix|GSE268609|28|dentate_candidate	downstream_construction	delta_downstream_construction_balance	0.3333333333333333	0.3333333333333333	positive candidate-background delta supports downstream construction bias	0.9	0.3	moderate_support	direct_primary_core	primary_core_transcriptomic_configuration_primary_contrasts.tsv	Construction balance is shared toolkit usage, not by itself granule specificity.
EU00130	sample_contrast	Y	GranuleDesign	dentate	human_dentate_hippocampus	GSE268609	selected_feature_matrix|GSE268609|29|dentate_candidate	primary_configuration	delta_configuration_score	0.0833333333333334	0.0833333333333334	positive candidate-background delta supports granule-like configuration	1.0	0.0833333333333334	weak_or_mixed_support	direct_primary_core	primary_core_transcriptomic_configuration_primary_contrasts.tsv	Combined construction balance plus branch-matched regional fate polarity.
EU00131	sample_contrast	F	FatePolarity	dentate	human_dentate_hippocampus	GSE268609	selected_feature_matrix|GSE268609|29|dentate_candidate	regional_fate	delta_regional_fate_balance	0.2500000000000001	0.2500000000000001	positive candidate-background delta supports branch-matched fate polarity	0.9	0.22500000000000012	weak_or_mixed_support	direct_primary_core	primary_core_transcriptomic_configuration_primary_contrasts.tsv	Dentate and cerebellar branches are expected to differ in regional fate polarity.
EU00132	sample_contrast	C	ConstructionBalance	dentate	human_dentate_hippocampus	GSE268609	selected_feature_matrix|GSE268609|29|dentate_candidate	downstream_construction	delta_downstream_construction_balance	-0.1666666666666666	-0.1666666666666666	positive candidate-background delta supports downstream construction bias	0.9	-0.14999999999999994	near_zero_or_mixed	direct_primary_core	primary_core_transcriptomic_configuration_primary_contrasts.tsv	Construction balance is shared toolkit usage, not by itself granule specificity.
EU00133	sample_contrast	Y	GranuleDesign	dentate	human_dentate_hippocampus	GSE268609	selected_feature_matrix|GSE268609|30|dentate_candidate	primary_configuration	delta_configuration_score	0.3333333333333333	0.3333333333333333	positive candidate-background delta supports granule-like configuration	1.0	0.3333333333333333	moderate_support	direct_primary_core	primary_core_transcriptomic_configuration_primary_contrasts.tsv	Combined construction balance plus branch-matched regional fate polarity.
EU00134	sample_contrast	F	FatePolarity	dentate	human_dentate_hippocampus	GSE268609	selected_feature_matrix|GSE268609|30|dentate_candidate	regional_fate	delta_regional_fate_balance	0.3333333333333333	0.3333333333333333	positive candidate-background delta supports branch-matched fate polarity	0.9	0.3	moderate_support	direct_primary_core	primary_core_transcriptomic_configuration_primary_contrasts.tsv	Dentate and cerebellar branches are expected to differ in regional fate polarity.
EU00135	sample_contrast	C	ConstructionBalance	dentate	human_dentate_hippocampus	GSE268609	selected_feature_matrix|GSE268609|30|dentate_candidate	downstream_construction	delta_downstream_construction_balance	0.0	0.0	positive candidate-background delta supports downstream construction bias	0.9	0.0	near_zero_or_mixed	direct_primary_core	primary_core_transcriptomic_configuration_primary_contrasts.tsv	Construction balance is shared toolkit usage, not by itself granule specificity.
EU00136	sample_contrast	Y	GranuleDesign	dentate	human_dentate_hippocampus	GSE268609	selected_feature_matrix|GSE268609|31|dentate_candidate	primary_configuration	delta_configuration_score	0.7500000000000001	0.7500000000000001	positive candidate-background delta supports granule-like configuration	1.0	0.7500000000000001	strong_support	direct_primary_core	primary_core_transcriptomic_configuration_primary_contrasts.tsv	Combined construction balance plus branch-matched regional fate polarity.
EU00137	sample_contrast	F	FatePolarity	dentate	human_dentate_hippocampus	GSE268609	selected_feature_matrix|GSE268609|31|dentate_candidate	regional_fate	delta_regional_fate_balance	0.5	0.5	positive candidate-background delta supports branch-matched fate polarity	0.9	0.45	moderate_support	direct_primary_core	primary_core_transcriptomic_configuration_primary_contrasts.tsv	Dentate and cerebellar branches are expected to differ in regional fate polarity.
EU00138	sample_contrast	C	ConstructionBalance	dentate	human_dentate_hippocampus	GSE268609	selected_feature_matrix|GSE268609|31|dentate_candidate	downstream_construction	delta_downstream_construction_balance	0.25	0.25	positive candidate-background delta supports downstream construction bias	0.9	0.225	weak_or_mixed_support	direct_primary_core	primary_core_transcriptomic_configuration_primary_contrasts.tsv	Construction balance is shared toolkit usage, not by itself granule specificity.
EU00139	sample_contrast	Y	GranuleDesign	dentate	human_dentate_hippocampus	GSE268609	selected_feature_matrix|GSE268609|32|dentate_candidate	primary_configuration	delta_configuration_score	0.4166666666666666	0.4166666666666666	positive candidate-background delta supports granule-like configuration	1.0	0.4166666666666666	moderate_support	direct_primary_core	primary_core_transcriptomic_configuration_primary_contrasts.tsv	Combined construction balance plus branch-matched regional fate polarity.
EU00140	sample_contrast	F	FatePolarity	dentate	human_dentate_hippocampus	GSE268609	selected_feature_matrix|GSE268609|32|dentate_candidate	regional_fate	delta_regional_fate_balance	0.4166666666666667	0.4166666666666667	positive candidate-background delta supports branch-matched fate polarity	0.9	0.375	moderate_support	direct_primary_core	primary_core_transcriptomic_configuration_primary_contrasts.tsv	Dentate and cerebellar branches are expected to differ in regional fate polarity.
EU00141	sample_contrast	C	ConstructionBalance	dentate	human_dentate_hippocampus	GSE268609	selected_feature_matrix|GSE268609|32|dentate_candidate	downstream_construction	delta_downstream_construction_balance	-2.7755575615628914e-17	-2.7755575615628914e-17	positive candidate-background delta supports downstream construction bias	0.9	-2.4980018054066023e-17	near_zero_or_mixed	direct_primary_core	primary_core_transcriptomic_configuration_primary_contrasts.tsv	Construction balance is shared toolkit usage, not by itself granule specificity.
EU00142	sample_contrast	Y	GranuleDesign	dentate	human_dentate_hippocampus	GSE268609	selected_feature_matrix|GSE268609|33|dentate_candidate	primary_configuration	delta_configuration_score	-0.5833333333333334	-0.5833333333333334	positive candidate-background delta supports granule-like configuration	1.0	-0.5833333333333334	opposing_or_branch_specific	direct_primary_core	primary_core_transcriptomic_configuration_primary_contrasts.tsv	Combined construction balance plus branch-matched regional fate polarity.
EU00143	sample_contrast	F	FatePolarity	dentate	human_dentate_hippocampus	GSE268609	selected_feature_matrix|GSE268609|33|dentate_candidate	regional_fate	delta_regional_fate_balance	-0.0833333333333333	-0.0833333333333333	positive candidate-background delta supports branch-matched fate polarity	0.9	-0.07499999999999997	near_zero_or_mixed	direct_primary_core	primary_core_transcriptomic_configuration_primary_contrasts.tsv	Dentate and cerebellar branches are expected to differ in regional fate polarity.
EU00144	sample_contrast	C	ConstructionBalance	dentate	human_dentate_hippocampus	GSE268609	selected_feature_matrix|GSE268609|33|dentate_candidate	downstream_construction	delta_downstream_construction_balance	-0.5	-0.5	positive candidate-background delta supports downstream construction bias	0.9	-0.45	opposing_or_branch_specific	direct_primary_core	primary_core_transcriptomic_configuration_primary_contrasts.tsv	Construction balance is shared toolkit usage, not by itself granule specificity.
EU00145	sample_contrast	Y	GranuleDesign	dentate	human_dentate_hippocampus	GSE268609	selected_feature_matrix|GSE268609|34|dentate_candidate	primary_configuration	delta_configuration_score	-0.1666666666666666	-0.1666666666666666	positive candidate-background delta supports granule-like configuration	1.0	-0.1666666666666666	near_zero_or_mixed	direct_primary_core	primary_core_transcriptomic_configuration_primary_contrasts.tsv	Combined construction balance plus branch-matched regional fate polarity.
EU00146	sample_contrast	F	FatePolarity	dentate	human_dentate_hippocampus	GSE268609	selected_feature_matrix|GSE268609|34|dentate_candidate	regional_fate	delta_regional_fate_balance	0.3333333333333333	0.3333333333333333	positive candidate-background delta supports branch-matched fate polarity	0.9	0.3	moderate_support	direct_primary_core	primary_core_transcriptomic_configuration_primary_contrasts.tsv	Dentate and cerebellar branches are expected to differ in regional fate polarity.
EU00147	sample_contrast	C	ConstructionBalance	dentate	human_dentate_hippocampus	GSE268609	selected_feature_matrix|GSE268609|34|dentate_candidate	downstream_construction	delta_downstream_construction_balance	-0.5	-0.5	positive candidate-background delta supports downstream construction bias	0.9	-0.45	opposing_or_branch_specific	direct_primary_core	primary_core_transcriptomic_configuration_primary_contrasts.tsv	Construction balance is shared toolkit usage, not by itself granule specificity.
EU00148	sample_contrast	Y	GranuleDesign	dentate	human_dentate_hippocampus	GSE268609	selected_feature_matrix|GSE268609|35|dentate_candidate	primary_configuration	delta_configuration_score	0.8333333333333335	0.8333333333333335	positive candidate-background delta supports granule-like configuration	1.0	0.8333333333333335	strong_support	direct_primary_core	primary_core_transcriptomic_configuration_primary_contrasts.tsv	Combined construction balance plus branch-matched regional fate polarity.
EU00149	sample_contrast	F	FatePolarity	dentate	human_dentate_hippocampus	GSE268609	selected_feature_matrix|GSE268609|35|dentate_candidate	regional_fate	delta_regional_fate_balance	0.5	0.5	positive candidate-background delta supports branch-matched fate polarity	0.9	0.45	moderate_support	direct_primary_core	primary_core_transcriptomic_configuration_primary_contrasts.tsv	Dentate and cerebellar branches are expected to differ in regional fate polarity.
EU00150	sample_contrast	C	ConstructionBalance	dentate	human_dentate_hippocampus	GSE268609	selected_feature_matrix|GSE268609|35|dentate_candidate	downstream_construction	delta_downstream_construction_balance	0.3333333333333333	0.3333333333333333	positive candidate-background delta supports downstream construction bias	0.9	0.3	moderate_support	direct_primary_core	primary_core_transcriptomic_configuration_primary_contrasts.tsv	Construction balance is shared toolkit usage, not by itself granule specificity.
EU00151	sample_contrast	Y	GranuleDesign	dentate	human_dentate_hippocampus	GSE268609	selected_feature_matrix|GSE268609|36|dentate_candidate	primary_configuration	delta_configuration_score	0.6250000000000001	0.6250000000000001	positive candidate-background delta supports granule-like configuration	1.0	0.6250000000000001	strong_support	direct_primary_core	primary_core_transcriptomic_configuration_primary_contrasts.tsv	Combined construction balance plus branch-matched regional fate polarity.
EU00152	sample_contrast	F	FatePolarity	dentate	human_dentate_hippocampus	GSE268609	selected_feature_matrix|GSE268609|36|dentate_candidate	regional_fate	delta_regional_fate_balance	0.2916666666666667	0.2916666666666667	positive candidate-background delta supports branch-matched fate polarity	0.9	0.2625	weak_or_mixed_support	direct_primary_core	primary_core_transcriptomic_configuration_primary_contrasts.tsv	Dentate and cerebellar branches are expected to differ in regional fate polarity.
EU00153	sample_contrast	C	ConstructionBalance	dentate	human_dentate_hippocampus	GSE268609	selected_feature_matrix|GSE268609|36|dentate_candidate	downstream_construction	delta_downstream_construction_balance	0.3333333333333333	0.3333333333333333	positive candidate-background delta supports downstream construction bias	0.9	0.3	moderate_support	direct_primary_core	primary_core_transcriptomic_configuration_primary_contrasts.tsv	Construction balance is shared toolkit usage, not by itself granule specificity.
EU00154	sample_contrast	Y	GranuleDesign	dentate	human_dentate_hippocampus	GSE268609	selected_feature_matrix|GSE268609|37|dentate_candidate	primary_configuration	delta_configuration_score	0.625	0.625	positive candidate-background delta supports granule-like configuration	1.0	0.625	strong_support	direct_primary_core	primary_core_transcriptomic_configuration_primary_contrasts.tsv	Combined construction balance plus branch-matched regional fate polarity.
EU00155	sample_contrast	F	FatePolarity	dentate	human_dentate_hippocampus	GSE268609	selected_feature_matrix|GSE268609|37|dentate_candidate	regional_fate	delta_regional_fate_balance	0.5	0.5	positive candidate-background delta supports branch-matched fate polarity	0.9	0.45	moderate_support	direct_primary_core	primary_core_transcriptomic_configuration_primary_contrasts.tsv	Dentate and cerebellar branches are expected to differ in regional fate polarity.
EU00156	sample_contrast	C	ConstructionBalance	dentate	human_dentate_hippocampus	GSE268609	selected_feature_matrix|GSE268609|37|dentate_candidate	downstream_construction	delta_downstream_construction_balance	0.125	0.125	positive candidate-background delta supports downstream construction bias	0.9	0.1125	weak_or_mixed_support	direct_primary_core	primary_core_transcriptomic_configuration_primary_contrasts.tsv	Construction balance is shared toolkit usage, not by itself granule specificity.
EU00157	sample_contrast	Y	GranuleDesign	dentate	human_dentate_hippocampus	GSE268609	selected_feature_matrix|GSE268609|38|dentate_candidate	primary_configuration	delta_configuration_score	0.25	0.25	positive candidate-background delta supports granule-like configuration	1.0	0.25	weak_or_mixed_support	direct_primary_core	primary_core_transcriptomic_configuration_primary_contrasts.tsv	Combined construction balance plus branch-matched regional fate polarity.
EU00158	sample_contrast	F	FatePolarity	dentate	human_dentate_hippocampus	GSE268609	selected_feature_matrix|GSE268609|38|dentate_candidate	regional_fate	delta_regional_fate_balance	0.5	0.5	positive candidate-background delta supports branch-matched fate polarity	0.9	0.45	moderate_support	direct_primary_core	primary_core_transcriptomic_configuration_primary_contrasts.tsv	Dentate and cerebellar branches are expected to differ in regional fate polarity.
EU00159	sample_contrast	C	ConstructionBalance	dentate	human_dentate_hippocampus	GSE268609	selected_feature_matrix|GSE268609|38|dentate_candidate	downstream_construction	delta_downstream_construction_balance	-0.25	-0.25	positive candidate-background delta supports downstream construction bias	0.9	-0.225	near_zero_or_mixed	direct_primary_core	primary_core_transcriptomic_configuration_primary_contrasts.tsv	Construction balance is shared toolkit usage, not by itself granule specificity.
EU00160	sample_contrast	Y	GranuleDesign	dentate	human_dentate_hippocampus	GSE268609	selected_feature_matrix|GSE268609|39|dentate_candidate	primary_configuration	delta_configuration_score	0.25	0.25	positive candidate-background delta supports granule-like configuration	1.0	0.25	weak_or_mixed_support	direct_primary_core	primary_core_transcriptomic_configuration_primary_contrasts.tsv	Combined construction balance plus branch-matched regional fate polarity.
EU00161	sample_contrast	F	FatePolarity	dentate	human_dentate_hippocampus	GSE268609	selected_feature_matrix|GSE268609|39|dentate_candidate	regional_fate	delta_regional_fate_balance	0.25	0.25	positive candidate-background delta supports branch-matched fate polarity	0.9	0.225	weak_or_mixed_support	direct_primary_core	primary_core_transcriptomic_configuration_primary_contrasts.tsv	Dentate and cerebellar branches are expected to differ in regional fate polarity.
EU00162	sample_contrast	C	ConstructionBalance	dentate	human_dentate_hippocampus	GSE268609	selected_feature_matrix|GSE268609|39|dentate_candidate	downstream_construction	delta_downstream_construction_balance	0.0	0.0	positive candidate-background delta supports downstream construction bias	0.9	0.0	near_zero_or_mixed	direct_primary_core	primary_core_transcriptomic_configuration_primary_contrasts.tsv	Construction balance is shared toolkit usage, not by itself granule specificity.
EU00163	sample_contrast	Y	GranuleDesign	dentate	human_dentate_hippocampus	GSE325391	selected_feature_matrix|GSE325391|S1R1|dentate_candidate	primary_configuration	delta_configuration_score	0.5	0.5	positive candidate-background delta supports granule-like configuration	1.0	0.5	moderate_support	direct_primary_core	primary_core_transcriptomic_configuration_primary_contrasts.tsv	Combined construction balance plus branch-matched regional fate polarity.
EU00164	sample_contrast	F	FatePolarity	dentate	human_dentate_hippocampus	GSE325391	selected_feature_matrix|GSE325391|S1R1|dentate_candidate	regional_fate	delta_regional_fate_balance	0.5	0.5	positive candidate-background delta supports branch-matched fate polarity	0.9	0.45	moderate_support	direct_primary_core	primary_core_transcriptomic_configuration_primary_contrasts.tsv	Dentate and cerebellar branches are expected to differ in regional fate polarity.
EU00165	sample_contrast	C	ConstructionBalance	dentate	human_dentate_hippocampus	GSE325391	selected_feature_matrix|GSE325391|S1R1|dentate_candidate	downstream_construction	delta_downstream_construction_balance	0.0	0.0	positive candidate-background delta supports downstream construction bias	0.9	0.0	near_zero_or_mixed	direct_primary_core	primary_core_transcriptomic_configuration_primary_contrasts.tsv	Construction balance is shared toolkit usage, not by itself granule specificity.
EU00166	sample_contrast	Y	GranuleDesign	dentate	human_dentate_hippocampus	GSE325391	selected_feature_matrix|GSE325391|S1R3|dentate_candidate	primary_configuration	delta_configuration_score	0.5	0.5	positive candidate-background delta supports granule-like configuration	1.0	0.5	moderate_support	direct_primary_core	primary_core_transcriptomic_configuration_primary_contrasts.tsv	Combined construction balance plus branch-matched regional fate polarity.
EU00167	sample_contrast	F	FatePolarity	dentate	human_dentate_hippocampus	GSE325391	selected_feature_matrix|GSE325391|S1R3|dentate_candidate	regional_fate	delta_regional_fate_balance	0.5	0.5	positive candidate-background delta supports branch-matched fate polarity	0.9	0.45	moderate_support	direct_primary_core	primary_core_transcriptomic_configuration_primary_contrasts.tsv	Dentate and cerebellar branches are expected to differ in regional fate polarity.
EU00168	sample_contrast	C	ConstructionBalance	dentate	human_dentate_hippocampus	GSE325391	selected_feature_matrix|GSE325391|S1R3|dentate_candidate	downstream_construction	delta_downstream_construction_balance	0.0	0.0	positive candidate-background delta supports downstream construction bias	0.9	0.0	near_zero_or_mixed	direct_primary_core	primary_core_transcriptomic_configuration_primary_contrasts.tsv	Construction balance is shared toolkit usage, not by itself granule specificity.
EU00169	sample_contrast	Y	GranuleDesign	dentate	human_dentate_hippocampus	GSE325391	selected_feature_matrix|GSE325391|S2R3|dentate_candidate	primary_configuration	delta_configuration_score	0.5	0.5	positive candidate-background delta supports granule-like configuration	1.0	0.5	moderate_support	direct_primary_core	primary_core_transcriptomic_configuration_primary_contrasts.tsv	Combined construction balance plus branch-matched regional fate polarity.
EU00170	sample_contrast	F	FatePolarity	dentate	human_dentate_hippocampus	GSE325391	selected_feature_matrix|GSE325391|S2R3|dentate_candidate	regional_fate	delta_regional_fate_balance	0.5	0.5	positive candidate-background delta supports branch-matched fate polarity	0.9	0.45	moderate_support	direct_primary_core	primary_core_transcriptomic_configuration_primary_contrasts.tsv	Dentate and cerebellar branches are expected to differ in regional fate polarity.
EU00171	sample_contrast	C	ConstructionBalance	dentate	human_dentate_hippocampus	GSE325391	selected_feature_matrix|GSE325391|S2R3|dentate_candidate	downstream_construction	delta_downstream_construction_balance	0.0	0.0	positive candidate-background delta supports downstream construction bias	0.9	0.0	near_zero_or_mixed	direct_primary_core	primary_core_transcriptomic_configuration_primary_contrasts.tsv	Construction balance is shared toolkit usage, not by itself granule specificity.
EU00172	sample_contrast	Y	GranuleDesign	dentate	human_dentate_hippocampus	GSE325391	selected_feature_matrix|GSE325391|S2R5|dentate_candidate	primary_configuration	delta_configuration_score	0.5	0.5	positive candidate-background delta supports granule-like configuration	1.0	0.5	moderate_support	direct_primary_core	primary_core_transcriptomic_configuration_primary_contrasts.tsv	Combined construction balance plus branch-matched regional fate polarity.
EU00173	sample_contrast	F	FatePolarity	dentate	human_dentate_hippocampus	GSE325391	selected_feature_matrix|GSE325391|S2R5|dentate_candidate	regional_fate	delta_regional_fate_balance	0.5	0.5	positive candidate-background delta supports branch-matched fate polarity	0.9	0.45	moderate_support	direct_primary_core	primary_core_transcriptomic_configuration_primary_contrasts.tsv	Dentate and cerebellar branches are expected to differ in regional fate polarity.
EU00174	sample_contrast	C	ConstructionBalance	dentate	human_dentate_hippocampus	GSE325391	selected_feature_matrix|GSE325391|S2R5|dentate_candidate	downstream_construction	delta_downstream_construction_balance	0.0	0.0	positive candidate-background delta supports downstream construction bias	0.9	0.0	near_zero_or_mixed	direct_primary_core	primary_core_transcriptomic_configuration_primary_contrasts.tsv	Construction balance is shared toolkit usage, not by itself granule specificity.
EU00175	sample_contrast	Y	GranuleDesign	dentate	human_dentate_hippocampus	GSE325391	selected_feature_matrix|GSE325391|S2R6|dentate_candidate	primary_configuration	delta_configuration_score	1.0	1.0	positive candidate-background delta supports granule-like configuration	1.0	1.0	strong_support	direct_primary_core	primary_core_transcriptomic_configuration_primary_contrasts.tsv	Combined construction balance plus branch-matched regional fate polarity.
EU00176	sample_contrast	F	FatePolarity	dentate	human_dentate_hippocampus	GSE325391	selected_feature_matrix|GSE325391|S2R6|dentate_candidate	regional_fate	delta_regional_fate_balance	0.5	0.5	positive candidate-background delta supports branch-matched fate polarity	0.9	0.45	moderate_support	direct_primary_core	primary_core_transcriptomic_configuration_primary_contrasts.tsv	Dentate and cerebellar branches are expected to differ in regional fate polarity.
EU00177	sample_contrast	C	ConstructionBalance	dentate	human_dentate_hippocampus	GSE325391	selected_feature_matrix|GSE325391|S2R6|dentate_candidate	downstream_construction	delta_downstream_construction_balance	0.5	0.5	positive candidate-background delta supports downstream construction bias	0.9	0.45	moderate_support	direct_primary_core	primary_core_transcriptomic_configuration_primary_contrasts.tsv	Construction balance is shared toolkit usage, not by itself granule specificity.
EU00178	sample_contrast	Y	GranuleDesign	dentate	human_dentate_hippocampus	GSE325391	selected_feature_matrix|GSE325391|S5R6|dentate_candidate	primary_configuration	delta_configuration_score	0.75	0.75	positive candidate-background delta supports granule-like configuration	1.0	0.75	strong_support	direct_primary_core	primary_core_transcriptomic_configuration_primary_contrasts.tsv	Combined construction balance plus branch-matched regional fate polarity.
EU00179	sample_contrast	F	FatePolarity	dentate	human_dentate_hippocampus	GSE325391	selected_feature_matrix|GSE325391|S5R6|dentate_candidate	regional_fate	delta_regional_fate_balance	0.25	0.25	positive candidate-background delta supports branch-matched fate polarity	0.9	0.225	weak_or_mixed_support	direct_primary_core	primary_core_transcriptomic_configuration_primary_contrasts.tsv	Dentate and cerebellar branches are expected to differ in regional fate polarity.
EU00180	sample_contrast	C	ConstructionBalance	dentate	human_dentate_hippocampus	GSE325391	selected_feature_matrix|GSE325391|S5R6|dentate_candidate	downstream_construction	delta_downstream_construction_balance	0.5	0.5	positive candidate-background delta supports downstream construction bias	0.9	0.45	moderate_support	direct_primary_core	primary_core_transcriptomic_configuration_primary_contrasts.tsv	Construction balance is shared toolkit usage, not by itself granule specificity.
EU00181	sample_contrast	Y	GranuleDesign	dentate	human_dentate_hippocampus	GSE325391	selected_feature_matrix|GSE325391|S7R5|dentate_candidate	primary_configuration	delta_configuration_score	0.75	0.75	positive candidate-background delta supports granule-like configuration	1.0	0.75	strong_support	direct_primary_core	primary_core_transcriptomic_configuration_primary_contrasts.tsv	Combined construction balance plus branch-matched regional fate polarity.
EU00182	sample_contrast	F	FatePolarity	dentate	human_dentate_hippocampus	GSE325391	selected_feature_matrix|GSE325391|S7R5|dentate_candidate	regional_fate	delta_regional_fate_balance	0.75	0.75	positive candidate-background delta supports branch-matched fate polarity	0.9	0.675	strong_support	direct_primary_core	primary_core_transcriptomic_configuration_primary_contrasts.tsv	Dentate and cerebellar branches are expected to differ in regional fate polarity.
EU00183	sample_contrast	C	ConstructionBalance	dentate	human_dentate_hippocampus	GSE325391	selected_feature_matrix|GSE325391|S7R5|dentate_candidate	downstream_construction	delta_downstream_construction_balance	0.0	0.0	positive candidate-background delta supports downstream construction bias	0.9	0.0	near_zero_or_mixed	direct_primary_core	primary_core_transcriptomic_configuration_primary_contrasts.tsv	Construction balance is shared toolkit usage, not by itself granule specificity.
EU00184	sample_contrast	Y	GranuleDesign	dentate	human_dentate_hippocampus	GSE325391	selected_feature_matrix|GSE325391|S8R5|dentate_candidate	primary_configuration	delta_configuration_score	1.0	1.0	positive candidate-background delta supports granule-like configuration	1.0	1.0	strong_support	direct_primary_core	primary_core_transcriptomic_configuration_primary_contrasts.tsv	Combined construction balance plus branch-matched regional fate polarity.
EU00185	sample_contrast	F	FatePolarity	dentate	human_dentate_hippocampus	GSE325391	selected_feature_matrix|GSE325391|S8R5|dentate_candidate	regional_fate	delta_regional_fate_balance	0.5	0.5	positive candidate-background delta supports branch-matched fate polarity	0.9	0.45	moderate_support	direct_primary_core	primary_core_transcriptomic_configuration_primary_contrasts.tsv	Dentate and cerebellar branches are expected to differ in regional fate polarity.
EU00186	sample_contrast	C	ConstructionBalance	dentate	human_dentate_hippocampus	GSE325391	selected_feature_matrix|GSE325391|S8R5|dentate_candidate	downstream_construction	delta_downstream_construction_balance	0.5	0.5	positive candidate-background delta supports downstream construction bias	0.9	0.45	moderate_support	direct_primary_core	primary_core_transcriptomic_configuration_primary_contrasts.tsv	Construction balance is shared toolkit usage, not by itself granule specificity.
EU00187	sample_contrast	Y	GranuleDesign	dentate	mouse_dentate	GSE95752	selected_feature_matrix|GSE95752|C1_all_cells|dentate_candidate	primary_configuration	delta_configuration_score	1.8333333333333337	1.0	positive candidate-background delta supports granule-like configuration	1.0	1.0	strong_support	direct_primary_core	primary_core_transcriptomic_configuration_primary_contrasts.tsv	Combined construction balance plus branch-matched regional fate polarity.
EU00188	sample_contrast	F	FatePolarity	dentate	mouse_dentate	GSE95752	selected_feature_matrix|GSE95752|C1_all_cells|dentate_candidate	regional_fate	delta_regional_fate_balance	1.3333333333333337	1.0	positive candidate-background delta supports branch-matched fate polarity	0.9	0.9	strong_support	direct_primary_core	primary_core_transcriptomic_configuration_primary_contrasts.tsv	Dentate and cerebellar branches are expected to differ in regional fate polarity.
EU00189	sample_contrast	C	ConstructionBalance	dentate	mouse_dentate	GSE95752	selected_feature_matrix|GSE95752|C1_all_cells|dentate_candidate	downstream_construction	delta_downstream_construction_balance	0.5	0.5	positive candidate-background delta supports downstream construction bias	0.9	0.45	moderate_support	direct_primary_core	primary_core_transcriptomic_configuration_primary_contrasts.tsv	Construction balance is shared toolkit usage, not by itself granule specificity.
EU00190	sample_contrast	I	ConfigurationCoupling	cerebellum	cerebellum	GSE122357	primary_core_candidate_background|full_mgi_ortholog_matrix|GSE122357|GSM3464549_P0|cerebellar_candidate	configuration_driver_coupling	driver_class_score	1.0	1.0	joint positivity supports coupled fate-plus-construction configuration	0.8	0.8	strong_support	direct_primary_core_decomposition	primary_core_configuration_driver_audit_contrasts.tsv	construction and regional fate both support the configuration
EU00191	sample_contrast	I	ConfigurationCoupling	cerebellum	cerebellum	GSE122357	primary_core_candidate_background|full_mgi_ortholog_matrix|GSE122357|GSM3464550_P8a|cerebellar_candidate	configuration_driver_coupling	driver_class_score	1.0	1.0	joint positivity supports coupled fate-plus-construction configuration	0.8	0.8	strong_support	direct_primary_core_decomposition	primary_core_configuration_driver_audit_contrasts.tsv	construction and regional fate both support the configuration
EU00192	sample_contrast	I	ConfigurationCoupling	cerebellum	cerebellum	GSE122357	primary_core_candidate_background|full_mgi_ortholog_matrix|GSE122357|GSM3464551_P8b|cerebellar_candidate	configuration_driver_coupling	driver_class_score	1.0	1.0	joint positivity supports coupled fate-plus-construction configuration	0.8	0.8	strong_support	direct_primary_core_decomposition	primary_core_configuration_driver_audit_contrasts.tsv	construction and regional fate both support the configuration
EU00193	sample_contrast	I	ConfigurationCoupling	cerebellum	cerebellum	GSE165657	primary_core_candidate_background|full_mgi_ortholog_matrix|GSE165657|Cerebellum_aggr|cerebellar_candidate	configuration_driver_coupling	driver_class_score	1.0	1.0	joint positivity supports coupled fate-plus-construction configuration	0.8	0.8	strong_support	direct_primary_core_decomposition	primary_core_configuration_driver_audit_contrasts.tsv	construction and regional fate both support the configuration
EU00194	sample_contrast	I	ConfigurationCoupling	cerebellum	cerebellum	GSE312658	primary_core_candidate_background|full_mgi_ortholog_matrix|GSE312658|Ctrl|cerebellar_candidate	configuration_driver_coupling	driver_class_score	1.0	1.0	joint positivity supports coupled fate-plus-construction configuration	0.8	0.8	strong_support	direct_primary_core_decomposition	primary_core_configuration_driver_audit_contrasts.tsv	construction and regional fate both support the configuration
EU00195	sample_contrast	I	ConfigurationCoupling	cerebellum	cerebellum	GSE312658	primary_core_candidate_background|full_mgi_ortholog_matrix|GSE312658|cKO|cerebellar_candidate	configuration_driver_coupling	driver_class_score	1.0	1.0	joint positivity supports coupled fate-plus-construction configuration	0.8	0.8	strong_support	direct_primary_core_decomposition	primary_core_configuration_driver_audit_contrasts.tsv	construction and regional fate both support the configuration
EU00196	sample_contrast	I	ConfigurationCoupling	dentate	mouse_dentate	GSE104323	primary_core_candidate_background|full_mgi_ortholog_matrix|GSE104323|10X_all_cells|dentate_candidate	configuration_driver_coupling	driver_class_score	1.0	1.0	joint positivity supports coupled fate-plus-construction configuration	0.8	0.8	strong_support	direct_primary_core_decomposition	primary_core_configuration_driver_audit_contrasts.tsv	construction and regional fate both support the configuration
EU00197	sample_contrast	I	ConfigurationCoupling	dentate	mouse_dentate	GSE95752	primary_core_candidate_background|full_mgi_ortholog_matrix|GSE95752|C1_all_cells|dentate_candidate	configuration_driver_coupling	driver_class_score	1.0	1.0	joint positivity supports coupled fate-plus-construction configuration	0.8	0.8	strong_support	direct_primary_core_decomposition	primary_core_configuration_driver_audit_contrasts.tsv	construction and regional fate both support the configuration
EU00198	sample_contrast	I	ConfigurationCoupling	cerebellum	cerebellum	GSE122357	primary_core_candidate_background|selected_feature_matrix|GSE122357|GSM3464549_P0|cerebellar_candidate	configuration_driver_coupling	driver_class_score	1.0	1.0	joint positivity supports coupled fate-plus-construction configuration	0.8	0.8	strong_support	direct_primary_core_decomposition	primary_core_configuration_driver_audit_contrasts.tsv	construction and regional fate both support the configuration
EU00199	sample_contrast	I	ConfigurationCoupling	cerebellum	cerebellum	GSE122357	primary_core_candidate_background|selected_feature_matrix|GSE122357|GSM3464550_P8a|cerebellar_candidate	configuration_driver_coupling	driver_class_score	0.25	0.25	joint positivity supports coupled fate-plus-construction configuration	0.8	0.2	weak_or_mixed_support	direct_primary_core_decomposition	primary_core_configuration_driver_audit_contrasts.tsv	configuration is positive mainly because regional fate polarity is positive
EU00200	sample_contrast	I	ConfigurationCoupling	cerebellum	cerebellum	GSE122357	primary_core_candidate_background|selected_feature_matrix|GSE122357|GSM3464551_P8b|cerebellar_candidate	configuration_driver_coupling	driver_class_score	1.0	1.0	joint positivity supports coupled fate-plus-construction configuration	0.8	0.8	strong_support	direct_primary_core_decomposition	primary_core_configuration_driver_audit_contrasts.tsv	construction and regional fate both support the configuration
EU00201	sample_contrast	I	ConfigurationCoupling	cerebellum	cerebellum	GSE165657	primary_core_candidate_background|selected_feature_matrix|GSE165657|Cerebellum_aggr|cerebellar_candidate	configuration_driver_coupling	driver_class_score	0.25	0.25	joint positivity supports coupled fate-plus-construction configuration	0.8	0.2	weak_or_mixed_support	direct_primary_core_decomposition	primary_core_configuration_driver_audit_contrasts.tsv	configuration is positive mainly because regional fate polarity is positive
EU00202	sample_contrast	I	ConfigurationCoupling	cerebellum	cerebellum	GSE312658	primary_core_candidate_background|selected_feature_matrix|GSE312658|Ctrl|cerebellar_candidate	configuration_driver_coupling	driver_class_score	1.0	1.0	joint positivity supports coupled fate-plus-construction configuration	0.8	0.8	strong_support	direct_primary_core_decomposition	primary_core_configuration_driver_audit_contrasts.tsv	construction and regional fate both support the configuration
EU00203	sample_contrast	I	ConfigurationCoupling	cerebellum	cerebellum	GSE312658	primary_core_candidate_background|selected_feature_matrix|GSE312658|cKO|cerebellar_candidate	configuration_driver_coupling	driver_class_score	1.0	1.0	joint positivity supports coupled fate-plus-construction configuration	0.8	0.8	strong_support	direct_primary_core_decomposition	primary_core_configuration_driver_audit_contrasts.tsv	construction and regional fate both support the configuration
EU00204	sample_contrast	I	ConfigurationCoupling	dentate	mouse_dentate	GSE104323	primary_core_candidate_background|selected_feature_matrix|GSE104323|10X_all_cells|dentate_candidate	configuration_driver_coupling	driver_class_score	1.0	1.0	joint positivity supports coupled fate-plus-construction configuration	0.8	0.8	strong_support	direct_primary_core_decomposition	primary_core_configuration_driver_audit_contrasts.tsv	construction and regional fate both support the configuration
EU00205	sample_contrast	I	ConfigurationCoupling	dentate	human_dentate_hippocampus	GSE268609	primary_core_candidate_background|selected_feature_matrix|GSE268609|1|dentate_candidate	configuration_driver_coupling	driver_class_score	0.25	0.25	joint positivity supports coupled fate-plus-construction configuration	0.8	0.2	weak_or_mixed_support	direct_primary_core_decomposition	primary_core_configuration_driver_audit_contrasts.tsv	configuration is positive mainly because regional fate polarity is positive
EU00206	sample_contrast	I	ConfigurationCoupling	dentate	human_dentate_hippocampus	GSE268609	primary_core_candidate_background|selected_feature_matrix|GSE268609|2|dentate_candidate	configuration_driver_coupling	driver_class_score	0.25	0.25	joint positivity supports coupled fate-plus-construction configuration	0.8	0.2	weak_or_mixed_support	direct_primary_core_decomposition	primary_core_configuration_driver_audit_contrasts.tsv	combined configuration is not positive
EU00207	sample_contrast	I	ConfigurationCoupling	dentate	human_dentate_hippocampus	GSE268609	primary_core_candidate_background|selected_feature_matrix|GSE268609|3|dentate_candidate	configuration_driver_coupling	driver_class_score	0.25	0.25	joint positivity supports coupled fate-plus-construction configuration	0.8	0.2	weak_or_mixed_support	direct_primary_core_decomposition	primary_core_configuration_driver_audit_contrasts.tsv	combined configuration is not positive
EU00208	sample_contrast	I	ConfigurationCoupling	dentate	human_dentate_hippocampus	GSE268609	primary_core_candidate_background|selected_feature_matrix|GSE268609|4|dentate_candidate	configuration_driver_coupling	driver_class_score	0.25	0.25	joint positivity supports coupled fate-plus-construction configuration	0.8	0.2	weak_or_mixed_support	direct_primary_core_decomposition	primary_core_configuration_driver_audit_contrasts.tsv	combined configuration is not positive
EU00209	sample_contrast	I	ConfigurationCoupling	dentate	human_dentate_hippocampus	GSE268609	primary_core_candidate_background|selected_feature_matrix|GSE268609|5|dentate_candidate	configuration_driver_coupling	driver_class_score	0.25	0.25	joint positivity supports coupled fate-plus-construction configuration	0.8	0.2	weak_or_mixed_support	direct_primary_core_decomposition	primary_core_configuration_driver_audit_contrasts.tsv	configuration is positive mainly because regional fate polarity is positive
EU00210	sample_contrast	I	ConfigurationCoupling	dentate	human_dentate_hippocampus	GSE268609	primary_core_candidate_background|selected_feature_matrix|GSE268609|6|dentate_candidate	configuration_driver_coupling	driver_class_score	0.25	0.25	joint positivity supports coupled fate-plus-construction configuration	0.8	0.2	weak_or_mixed_support	direct_primary_core_decomposition	primary_core_configuration_driver_audit_contrasts.tsv	configuration is positive mainly because regional fate polarity is positive
EU00211	sample_contrast	I	ConfigurationCoupling	dentate	human_dentate_hippocampus	GSE268609	primary_core_candidate_background|selected_feature_matrix|GSE268609|7|dentate_candidate	configuration_driver_coupling	driver_class_score	0.25	0.25	joint positivity supports coupled fate-plus-construction configuration	0.8	0.2	weak_or_mixed_support	direct_primary_core_decomposition	primary_core_configuration_driver_audit_contrasts.tsv	combined configuration is not positive
EU00212	sample_contrast	I	ConfigurationCoupling	dentate	human_dentate_hippocampus	GSE268609	primary_core_candidate_background|selected_feature_matrix|GSE268609|8|dentate_candidate	configuration_driver_coupling	driver_class_score	0.25	0.25	joint positivity supports coupled fate-plus-construction configuration	0.8	0.2	weak_or_mixed_support	direct_primary_core_decomposition	primary_core_configuration_driver_audit_contrasts.tsv	configuration is positive mainly because regional fate polarity is positive
EU00213	sample_contrast	I	ConfigurationCoupling	dentate	human_dentate_hippocampus	GSE268609	primary_core_candidate_background|selected_feature_matrix|GSE268609|9|dentate_candidate	configuration_driver_coupling	driver_class_score	0.25	0.25	joint positivity supports coupled fate-plus-construction configuration	0.8	0.2	weak_or_mixed_support	direct_primary_core_decomposition	primary_core_configuration_driver_audit_contrasts.tsv	combined configuration is not positive
EU00214	sample_contrast	I	ConfigurationCoupling	dentate	human_dentate_hippocampus	GSE268609	primary_core_candidate_background|selected_feature_matrix|GSE268609|10|dentate_candidate	configuration_driver_coupling	driver_class_score	0.25	0.25	joint positivity supports coupled fate-plus-construction configuration	0.8	0.2	weak_or_mixed_support	direct_primary_core_decomposition	primary_core_configuration_driver_audit_contrasts.tsv	configuration is positive mainly because regional fate polarity is positive
EU00215	sample_contrast	I	ConfigurationCoupling	dentate	human_dentate_hippocampus	GSE268609	primary_core_candidate_background|selected_feature_matrix|GSE268609|11|dentate_candidate	configuration_driver_coupling	driver_class_score	0.25	0.25	joint positivity supports coupled fate-plus-construction configuration	0.8	0.2	weak_or_mixed_support	direct_primary_core_decomposition	primary_core_configuration_driver_audit_contrasts.tsv	combined configuration is not positive
EU00216	sample_contrast	I	ConfigurationCoupling	dentate	human_dentate_hippocampus	GSE268609	primary_core_candidate_background|selected_feature_matrix|GSE268609|12|dentate_candidate	configuration_driver_coupling	driver_class_score	0.25	0.25	joint positivity supports coupled fate-plus-construction configuration	0.8	0.2	weak_or_mixed_support	direct_primary_core_decomposition	primary_core_configuration_driver_audit_contrasts.tsv	combined configuration is not positive
EU00217	sample_contrast	I	ConfigurationCoupling	dentate	human_dentate_hippocampus	GSE268609	primary_core_candidate_background|selected_feature_matrix|GSE268609|13|dentate_candidate	configuration_driver_coupling	driver_class_score	0.25	0.25	joint positivity supports coupled fate-plus-construction configuration	0.8	0.2	weak_or_mixed_support	direct_primary_core_decomposition	primary_core_configuration_driver_audit_contrasts.tsv	configuration is positive mainly because regional fate polarity is positive
EU00218	sample_contrast	I	ConfigurationCoupling	dentate	human_dentate_hippocampus	GSE268609	primary_core_candidate_background|selected_feature_matrix|GSE268609|14|dentate_candidate	configuration_driver_coupling	driver_class_score	1.0	1.0	joint positivity supports coupled fate-plus-construction configuration	0.8	0.8	strong_support	direct_primary_core_decomposition	primary_core_configuration_driver_audit_contrasts.tsv	construction and regional fate both support the configuration
EU00219	sample_contrast	I	ConfigurationCoupling	dentate	human_dentate_hippocampus	GSE268609	primary_core_candidate_background|selected_feature_matrix|GSE268609|15|dentate_candidate	configuration_driver_coupling	driver_class_score	1.0	1.0	joint positivity supports coupled fate-plus-construction configuration	0.8	0.8	strong_support	direct_primary_core_decomposition	primary_core_configuration_driver_audit_contrasts.tsv	construction and regional fate both support the configuration
EU00220	sample_contrast	I	ConfigurationCoupling	dentate	human_dentate_hippocampus	GSE268609	primary_core_candidate_background|selected_feature_matrix|GSE268609|16|dentate_candidate	configuration_driver_coupling	driver_class_score	1.0	1.0	joint positivity supports coupled fate-plus-construction configuration	0.8	0.8	strong_support	direct_primary_core_decomposition	primary_core_configuration_driver_audit_contrasts.tsv	construction and regional fate both support the configuration
EU00221	sample_contrast	I	ConfigurationCoupling	dentate	human_dentate_hippocampus	GSE268609	primary_core_candidate_background|selected_feature_matrix|GSE268609|17|dentate_candidate	configuration_driver_coupling	driver_class_score	0.25	0.25	joint positivity supports coupled fate-plus-construction configuration	0.8	0.2	weak_or_mixed_support	direct_primary_core_decomposition	primary_core_configuration_driver_audit_contrasts.tsv	configuration is positive mainly because regional fate polarity is positive
EU00222	sample_contrast	I	ConfigurationCoupling	dentate	human_dentate_hippocampus	GSE268609	primary_core_candidate_background|selected_feature_matrix|GSE268609|18|dentate_candidate	configuration_driver_coupling	driver_class_score	-0.5	-0.5	joint positivity supports coupled fate-plus-construction configuration	0.8	-0.4	opposing_or_branch_specific	direct_primary_core_decomposition	primary_core_configuration_driver_audit_contrasts.tsv	combined configuration is not positive
EU00223	sample_contrast	I	ConfigurationCoupling	dentate	human_dentate_hippocampus	GSE268609	primary_core_candidate_background|selected_feature_matrix|GSE268609|19|dentate_candidate	configuration_driver_coupling	driver_class_score	0.25	0.25	joint positivity supports coupled fate-plus-construction configuration	0.8	0.2	weak_or_mixed_support	direct_primary_core_decomposition	primary_core_configuration_driver_audit_contrasts.tsv	configuration is positive mainly because regional fate polarity is positive
EU00224	sample_contrast	I	ConfigurationCoupling	dentate	human_dentate_hippocampus	GSE268609	primary_core_candidate_background|selected_feature_matrix|GSE268609|20|dentate_candidate	configuration_driver_coupling	driver_class_score	0.25	0.25	joint positivity supports coupled fate-plus-construction configuration	0.8	0.2	weak_or_mixed_support	direct_primary_core_decomposition	primary_core_configuration_driver_audit_contrasts.tsv	configuration is positive mainly because regional fate polarity is positive
EU00225	sample_contrast	I	ConfigurationCoupling	dentate	human_dentate_hippocampus	GSE268609	primary_core_candidate_background|selected_feature_matrix|GSE268609|21|dentate_candidate	configuration_driver_coupling	driver_class_score	0.25	0.25	joint positivity supports coupled fate-plus-construction configuration	0.8	0.2	weak_or_mixed_support	direct_primary_core_decomposition	primary_core_configuration_driver_audit_contrasts.tsv	configuration is positive mainly because regional fate polarity is positive
EU00226	sample_contrast	I	ConfigurationCoupling	dentate	human_dentate_hippocampus	GSE268609	primary_core_candidate_background|selected_feature_matrix|GSE268609|22|dentate_candidate	configuration_driver_coupling	driver_class_score	0.25	0.25	joint positivity supports coupled fate-plus-construction configuration	0.8	0.2	weak_or_mixed_support	direct_primary_core_decomposition	primary_core_configuration_driver_audit_contrasts.tsv	configuration is positive mainly because regional fate polarity is positive
EU00227	sample_contrast	I	ConfigurationCoupling	dentate	human_dentate_hippocampus	GSE268609	primary_core_candidate_background|selected_feature_matrix|GSE268609|23|dentate_candidate	configuration_driver_coupling	driver_class_score	-0.5	-0.5	joint positivity supports coupled fate-plus-construction configuration	0.8	-0.4	opposing_or_branch_specific	direct_primary_core_decomposition	primary_core_configuration_driver_audit_contrasts.tsv	combined configuration is not positive
EU00228	sample_contrast	I	ConfigurationCoupling	dentate	human_dentate_hippocampus	GSE268609	primary_core_candidate_background|selected_feature_matrix|GSE268609|24|dentate_candidate	configuration_driver_coupling	driver_class_score	1.0	1.0	joint positivity supports coupled fate-plus-construction configuration	0.8	0.8	strong_support	direct_primary_core_decomposition	primary_core_configuration_driver_audit_contrasts.tsv	construction and regional fate both support the configuration
EU00229	sample_contrast	I	ConfigurationCoupling	dentate	human_dentate_hippocampus	GSE268609	primary_core_candidate_background|selected_feature_matrix|GSE268609|25|dentate_candidate	configuration_driver_coupling	driver_class_score	0.25	0.25	joint positivity supports coupled fate-plus-construction configuration	0.8	0.2	weak_or_mixed_support	direct_primary_core_decomposition	primary_core_configuration_driver_audit_contrasts.tsv	configuration is positive mainly because regional fate polarity is positive
EU00230	sample_contrast	I	ConfigurationCoupling	dentate	human_dentate_hippocampus	GSE268609	primary_core_candidate_background|selected_feature_matrix|GSE268609|26|dentate_candidate	configuration_driver_coupling	driver_class_score	0.25	0.25	joint positivity supports coupled fate-plus-construction configuration	0.8	0.2	weak_or_mixed_support	direct_primary_core_decomposition	primary_core_configuration_driver_audit_contrasts.tsv	configuration is positive mainly because regional fate polarity is positive
EU00231	sample_contrast	I	ConfigurationCoupling	dentate	human_dentate_hippocampus	GSE268609	primary_core_candidate_background|selected_feature_matrix|GSE268609|27|dentate_candidate	configuration_driver_coupling	driver_class_score	0.25	0.25	joint positivity supports coupled fate-plus-construction configuration	0.8	0.2	weak_or_mixed_support	direct_primary_core_decomposition	primary_core_configuration_driver_audit_contrasts.tsv	configuration is positive mainly because regional fate polarity is positive
EU00232	sample_contrast	I	ConfigurationCoupling	dentate	human_dentate_hippocampus	GSE268609	primary_core_candidate_background|selected_feature_matrix|GSE268609|28|dentate_candidate	configuration_driver_coupling	driver_class_score	1.0	1.0	joint positivity supports coupled fate-plus-construction configuration	0.8	0.8	strong_support	direct_primary_core_decomposition	primary_core_configuration_driver_audit_contrasts.tsv	construction and regional fate both support the configuration
EU00233	sample_contrast	I	ConfigurationCoupling	dentate	human_dentate_hippocampus	GSE268609	primary_core_candidate_background|selected_feature_matrix|GSE268609|29|dentate_candidate	configuration_driver_coupling	driver_class_score	0.25	0.25	joint positivity supports coupled fate-plus-construction configuration	0.8	0.2	weak_or_mixed_support	direct_primary_core_decomposition	primary_core_configuration_driver_audit_contrasts.tsv	configuration is positive mainly because regional fate polarity is positive
EU00234	sample_contrast	I	ConfigurationCoupling	dentate	human_dentate_hippocampus	GSE268609	primary_core_candidate_background|selected_feature_matrix|GSE268609|30|dentate_candidate	configuration_driver_coupling	driver_class_score	0.25	0.25	joint positivity supports coupled fate-plus-construction configuration	0.8	0.2	weak_or_mixed_support	direct_primary_core_decomposition	primary_core_configuration_driver_audit_contrasts.tsv	configuration is positive mainly because regional fate polarity is positive
EU00235	sample_contrast	I	ConfigurationCoupling	dentate	human_dentate_hippocampus	GSE268609	primary_core_candidate_background|selected_feature_matrix|GSE268609|31|dentate_candidate	configuration_driver_coupling	driver_class_score	1.0	1.0	joint positivity supports coupled fate-plus-construction configuration	0.8	0.8	strong_support	direct_primary_core_decomposition	primary_core_configuration_driver_audit_contrasts.tsv	construction and regional fate both support the configuration
EU00236	sample_contrast	I	ConfigurationCoupling	dentate	human_dentate_hippocampus	GSE268609	primary_core_candidate_background|selected_feature_matrix|GSE268609|32|dentate_candidate	configuration_driver_coupling	driver_class_score	0.25	0.25	joint positivity supports coupled fate-plus-construction configuration	0.8	0.2	weak_or_mixed_support	direct_primary_core_decomposition	primary_core_configuration_driver_audit_contrasts.tsv	configuration is positive mainly because regional fate polarity is positive
EU00237	sample_contrast	I	ConfigurationCoupling	dentate	human_dentate_hippocampus	GSE268609	primary_core_candidate_background|selected_feature_matrix|GSE268609|33|dentate_candidate	configuration_driver_coupling	driver_class_score	-0.5	-0.5	joint positivity supports coupled fate-plus-construction configuration	0.8	-0.4	opposing_or_branch_specific	direct_primary_core_decomposition	primary_core_configuration_driver_audit_contrasts.tsv	combined configuration is not positive
EU00238	sample_contrast	I	ConfigurationCoupling	dentate	human_dentate_hippocampus	GSE268609	primary_core_candidate_background|selected_feature_matrix|GSE268609|34|dentate_candidate	configuration_driver_coupling	driver_class_score	0.25	0.25	joint positivity supports coupled fate-plus-construction configuration	0.8	0.2	weak_or_mixed_support	direct_primary_core_decomposition	primary_core_configuration_driver_audit_contrasts.tsv	combined configuration is not positive
EU00239	sample_contrast	I	ConfigurationCoupling	dentate	human_dentate_hippocampus	GSE268609	primary_core_candidate_background|selected_feature_matrix|GSE268609|35|dentate_candidate	configuration_driver_coupling	driver_class_score	1.0	1.0	joint positivity supports coupled fate-plus-construction configuration	0.8	0.8	strong_support	direct_primary_core_decomposition	primary_core_configuration_driver_audit_contrasts.tsv	construction and regional fate both support the configuration
EU00240	sample_contrast	I	ConfigurationCoupling	dentate	human_dentate_hippocampus	GSE268609	primary_core_candidate_background|selected_feature_matrix|GSE268609|36|dentate_candidate	configuration_driver_coupling	driver_class_score	1.0	1.0	joint positivity supports coupled fate-plus-construction configuration	0.8	0.8	strong_support	direct_primary_core_decomposition	primary_core_configuration_driver_audit_contrasts.tsv	construction and regional fate both support the configuration
EU00241	sample_contrast	I	ConfigurationCoupling	dentate	human_dentate_hippocampus	GSE268609	primary_core_candidate_background|selected_feature_matrix|GSE268609|37|dentate_candidate	configuration_driver_coupling	driver_class_score	1.0	1.0	joint positivity supports coupled fate-plus-construction configuration	0.8	0.8	strong_support	direct_primary_core_decomposition	primary_core_configuration_driver_audit_contrasts.tsv	construction and regional fate both support the configuration
EU00242	sample_contrast	I	ConfigurationCoupling	dentate	human_dentate_hippocampus	GSE268609	primary_core_candidate_background|selected_feature_matrix|GSE268609|38|dentate_candidate	configuration_driver_coupling	driver_class_score	0.25	0.25	joint positivity supports coupled fate-plus-construction configuration	0.8	0.2	weak_or_mixed_support	direct_primary_core_decomposition	primary_core_configuration_driver_audit_contrasts.tsv	configuration is positive mainly because regional fate polarity is positive
EU00243	sample_contrast	I	ConfigurationCoupling	dentate	human_dentate_hippocampus	GSE268609	primary_core_candidate_background|selected_feature_matrix|GSE268609|39|dentate_candidate	configuration_driver_coupling	driver_class_score	0.25	0.25	joint positivity supports coupled fate-plus-construction configuration	0.8	0.2	weak_or_mixed_support	direct_primary_core_decomposition	primary_core_configuration_driver_audit_contrasts.tsv	configuration is positive mainly because regional fate polarity is positive
EU00244	sample_contrast	I	ConfigurationCoupling	dentate	human_dentate_hippocampus	GSE325391	primary_core_candidate_background|selected_feature_matrix|GSE325391|S1R1|dentate_candidate	configuration_driver_coupling	driver_class_score	0.25	0.25	joint positivity supports coupled fate-plus-construction configuration	0.8	0.2	weak_or_mixed_support	direct_primary_core_decomposition	primary_core_configuration_driver_audit_contrasts.tsv	configuration is positive mainly because regional fate polarity is positive
EU00245	sample_contrast	I	ConfigurationCoupling	dentate	human_dentate_hippocampus	GSE325391	primary_core_candidate_background|selected_feature_matrix|GSE325391|S1R3|dentate_candidate	configuration_driver_coupling	driver_class_score	0.25	0.25	joint positivity supports coupled fate-plus-construction configuration	0.8	0.2	weak_or_mixed_support	direct_primary_core_decomposition	primary_core_configuration_driver_audit_contrasts.tsv	configuration is positive mainly because regional fate polarity is positive
EU00246	sample_contrast	I	ConfigurationCoupling	dentate	human_dentate_hippocampus	GSE325391	primary_core_candidate_background|selected_feature_matrix|GSE325391|S2R3|dentate_candidate	configuration_driver_coupling	driver_class_score	0.25	0.25	joint positivity supports coupled fate-plus-construction configuration	0.8	0.2	weak_or_mixed_support	direct_primary_core_decomposition	primary_core_configuration_driver_audit_contrasts.tsv	configuration is positive mainly because regional fate polarity is positive
EU00247	sample_contrast	I	ConfigurationCoupling	dentate	human_dentate_hippocampus	GSE325391	primary_core_candidate_background|selected_feature_matrix|GSE325391|S2R5|dentate_candidate	configuration_driver_coupling	driver_class_score	0.25	0.25	joint positivity supports coupled fate-plus-construction configuration	0.8	0.2	weak_or_mixed_support	direct_primary_core_decomposition	primary_core_configuration_driver_audit_contrasts.tsv	configuration is positive mainly because regional fate polarity is positive
EU00248	sample_contrast	I	ConfigurationCoupling	dentate	human_dentate_hippocampus	GSE325391	primary_core_candidate_background|selected_feature_matrix|GSE325391|S2R6|dentate_candidate	configuration_driver_coupling	driver_class_score	1.0	1.0	joint positivity supports coupled fate-plus-construction configuration	0.8	0.8	strong_support	direct_primary_core_decomposition	primary_core_configuration_driver_audit_contrasts.tsv	construction and regional fate both support the configuration
EU00249	sample_contrast	I	ConfigurationCoupling	dentate	human_dentate_hippocampus	GSE325391	primary_core_candidate_background|selected_feature_matrix|GSE325391|S5R6|dentate_candidate	configuration_driver_coupling	driver_class_score	1.0	1.0	joint positivity supports coupled fate-plus-construction configuration	0.8	0.8	strong_support	direct_primary_core_decomposition	primary_core_configuration_driver_audit_contrasts.tsv	construction and regional fate both support the configuration
EU00250	sample_contrast	I	ConfigurationCoupling	dentate	human_dentate_hippocampus	GSE325391	primary_core_candidate_background|selected_feature_matrix|GSE325391|S7R5|dentate_candidate	configuration_driver_coupling	driver_class_score	0.25	0.25	joint positivity supports coupled fate-plus-construction configuration	0.8	0.2	weak_or_mixed_support	direct_primary_core_decomposition	primary_core_configuration_driver_audit_contrasts.tsv	configuration is positive mainly because regional fate polarity is positive
EU00251	sample_contrast	I	ConfigurationCoupling	dentate	human_dentate_hippocampus	GSE325391	primary_core_candidate_background|selected_feature_matrix|GSE325391|S8R5|dentate_candidate	configuration_driver_coupling	driver_class_score	1.0	1.0	joint positivity supports coupled fate-plus-construction configuration	0.8	0.8	strong_support	direct_primary_core_decomposition	primary_core_configuration_driver_audit_contrasts.tsv	construction and regional fate both support the configuration
EU00252	sample_contrast	I	ConfigurationCoupling	dentate	mouse_dentate	GSE95752	primary_core_candidate_background|selected_feature_matrix|GSE95752|C1_all_cells|dentate_candidate	configuration_driver_coupling	driver_class_score	1.0	1.0	joint positivity supports coupled fate-plus-construction configuration	0.8	0.8	strong_support	direct_primary_core_decomposition	primary_core_configuration_driver_audit_contrasts.tsv	construction and regional fate both support the configuration
EU00253	branch_stage	T	Stage/Pseudotime	cerebellum	cerebellum	stage_window_model	differentiation_stop_index	stage_window_signature	endpoint_or_window_score	0.0666666666666666	0.35333333333333317	positive endpoint shift supports increasing stop/maturation signal with stage	0.55	0.19433333333333325	moderate_support	stage_branch_model_limited	aim2_stage_window_model_branch_summary.tsv	interpretation=increases_with_stage; n_group_fits=1
EU00254	branch_stage	T	Stage/Pseudotime	dentate	dentate	stage_window_model	differentiation_stop_index	stage_window_signature	endpoint_or_window_score	-0.4675	-0.4175	positive endpoint shift supports increasing stop/maturation signal with stage	0.7	-0.29224999999999995	opposing_or_branch_specific	stage_branch_model	aim2_stage_window_model_branch_summary.tsv	interpretation=decreases_with_stage; n_group_fits=4
EU00255	branch_stage	T	Stage/Pseudotime	cerebellum	cerebellum	stage_window_model	neurogenic_permissive_index	stage_window_signature	endpoint_or_window_score	0.2777777777777778	0.6722222222222223	decreasing permissive/progenitor signal with stage supports maturation-window structure	0.55	0.3697222222222223	strong_support	stage_branch_model_limited	aim2_stage_window_model_branch_summary.tsv	interpretation=decreases_with_stage; n_group_fits=1
EU00256	branch_stage	T	Stage/Pseudotime	dentate	dentate	stage_window_model	neurogenic_permissive_index	stage_window_signature	endpoint_or_window_score	0.5708333333333333	0.94	decreasing permissive/progenitor signal with stage supports maturation-window structure	0.7	0.6579999999999999	strong_support	stage_branch_model	aim2_stage_window_model_branch_summary.tsv	interpretation=decreases_with_stage; n_group_fits=4
EU00257	branch_stage	T	Stage/Pseudotime	cerebellum	cerebellum	stage_window_model	stop_minus_permissive_index	stage_window_signature	endpoint_or_window_score	0.3444444444444444	0.5755555555555555	positive endpoint shift supports increasing stop/maturation signal with stage	0.55	0.31655555555555553	moderate_support	stage_branch_model_limited	aim2_stage_window_model_branch_summary.tsv	interpretation=increases_with_stage; n_group_fits=1
EU00258	branch_stage	T	Stage/Pseudotime	dentate	dentate	stage_window_model	stop_minus_permissive_index	stage_window_signature	endpoint_or_window_score	0.0299999999999999	0.06687499999999981	positive endpoint shift supports increasing stop/maturation signal with stage	0.7	0.04681249999999986	weak_or_mixed_support	stage_branch_model	aim2_stage_window_model_branch_summary.tsv	interpretation=increases_with_stage; n_group_fits=4
EU00259	branch_stage	T	Stage/Pseudotime	cerebellum	cerebellum	stage_window_model	tgf_bdnf_2005_index	stage_window_signature	endpoint_or_window_score	0.3333333333333333	0.7166666666666666	nonzero TGF-beta/BDNF endpoint shift supports a branch-specific stage window	0.55	0.39416666666666667	strong_support	stage_branch_model_limited	aim2_stage_window_model_branch_summary.tsv	interpretation=late_stage_or_activity_window; n_group_fits=1
EU00260	branch_stage	T	Stage/Pseudotime	dentate	dentate	stage_window_model	tgf_bdnf_2005_index	stage_window_signature	endpoint_or_window_score	0.415625	0.8143750000000001	nonzero TGF-beta/BDNF endpoint shift supports a branch-specific stage window	0.7	0.5700625	strong_support	stage_branch_model	aim2_stage_window_model_branch_summary.tsv	interpretation=early_or_intermediate_stage_window; n_group_fits=4
EU00261	branch_context	N	NicheSignal	cerebellum	cerebellar	primary_core_pathway_summary	bdnf_trkb_mapk	pathway_readiness	median_delta_and_fraction_positive	0.0	-0.13333333333333336	positive pathway median delta and positive-contrast fraction support branch niche/readiness signal	0.75	-0.10000000000000002	near_zero_or_mixed	expression_pathway_model	primary_core_aim2_pathway_summary.tsv	fraction_positive=0.333; n_contrasts=12
EU00262	branch_context	N	NicheSignal	cerebellum	cerebellar	primary_core_pathway_summary	bmp_smad	pathway_readiness	median_delta_and_fraction_positive	0.0	-0.2666666666666667	positive pathway median delta and positive-contrast fraction support branch niche/readiness signal	0.75	-0.20000000000000004	near_zero_or_mixed	expression_pathway_model	primary_core_aim2_pathway_summary.tsv	fraction_positive=0.167; n_contrasts=12
EU00263	branch_context	N	NicheSignal	cerebellum	cerebellar	primary_core_pathway_summary	fgf_mapk	pathway_readiness	median_delta_and_fraction_positive	0.0	-0.2	positive pathway median delta and positive-contrast fraction support branch niche/readiness signal	0.75	-0.15000000000000002	near_zero_or_mixed	expression_pathway_model	primary_core_aim2_pathway_summary.tsv	fraction_positive=0.250; n_contrasts=12
EU00264	branch_context	N	NicheSignal	cerebellum	cerebellar	primary_core_pathway_summary	notch_hes	pathway_readiness	median_delta_and_fraction_positive	0.25	0.3	positive pathway median delta and positive-contrast fraction support branch niche/readiness signal	0.75	0.22499999999999998	moderate_support	expression_pathway_model	primary_core_aim2_pathway_summary.tsv	fraction_positive=0.500; n_contrasts=12
EU00265	branch_context	N	NicheSignal	cerebellum	cerebellar	primary_core_pathway_summary	reelin_migration_stop	pathway_readiness	median_delta_and_fraction_positive	0.0	-0.13333333333333336	positive pathway median delta and positive-contrast fraction support branch niche/readiness signal	0.75	-0.10000000000000002	near_zero_or_mixed	expression_pathway_model	primary_core_aim2_pathway_summary.tsv	fraction_positive=0.333; n_contrasts=12
EU00266	branch_context	N	NicheSignal	cerebellum	cerebellar	primary_core_pathway_summary	semaphorin_guidance	pathway_readiness	median_delta_and_fraction_positive	-0.1666666666666666	-0.4666666666666667	positive pathway median delta and positive-contrast fraction support branch niche/readiness signal	0.75	-0.35	opposing_or_branch_specific	expression_pathway_model	primary_core_aim2_pathway_summary.tsv	fraction_positive=0.167; n_contrasts=12
EU00267	branch_context	N	NicheSignal	cerebellum	cerebellar	primary_core_pathway_summary	shh_granule_expansion	pathway_readiness	median_delta_and_fraction_positive	0.5	0.8666666666666667	positive pathway median delta and positive-contrast fraction support branch niche/readiness signal	0.75	0.65	strong_support	expression_pathway_model	primary_core_aim2_pathway_summary.tsv	fraction_positive=0.833; n_contrasts=12
EU00268	branch_context	N	NicheSignal	cerebellum	cerebellar	primary_core_pathway_summary	tgf_beta_smad	pathway_readiness	median_delta_and_fraction_positive	-0.4166666666666666	-0.8999999999999999	positive pathway median delta and positive-contrast fraction support branch niche/readiness signal	0.75	-0.6749999999999999	opposing_or_branch_specific	expression_pathway_model	primary_core_aim2_pathway_summary.tsv	fraction_positive=0.000; n_contrasts=12
EU00269	branch_context	N	NicheSignal	cerebellum	cerebellar	primary_core_pathway_summary	wnt_beta_catenin	pathway_readiness	median_delta_and_fraction_positive	-0.4999999999999999	-0.9999999999999999	positive pathway median delta and positive-contrast fraction support branch niche/readiness signal	0.75	-0.7499999999999999	opposing_or_branch_specific	expression_pathway_model	primary_core_aim2_pathway_summary.tsv	fraction_positive=0.000; n_contrasts=12
EU00270	branch_context	N	NicheSignal	dentate	dentate	primary_core_pathway_summary	bdnf_trkb_mapk	pathway_readiness	median_delta_and_fraction_positive	0.5	0.7803921568627451	positive pathway median delta and positive-contrast fraction support branch niche/readiness signal	0.75	0.5852941176470589	strong_support	expression_pathway_model	primary_core_aim2_pathway_summary.tsv	fraction_positive=0.725; n_contrasts=51
EU00271	branch_context	N	NicheSignal	dentate	dentate	primary_core_pathway_summary	bmp_smad	pathway_readiness	median_delta_and_fraction_positive	0.5	0.8588235294117647	positive pathway median delta and positive-contrast fraction support branch niche/readiness signal	0.75	0.6441176470588235	strong_support	expression_pathway_model	primary_core_aim2_pathway_summary.tsv	fraction_positive=0.824; n_contrasts=51
EU00272	branch_context	N	NicheSignal	dentate	dentate	primary_core_pathway_summary	fgf_mapk	pathway_readiness	median_delta_and_fraction_positive	0.5	0.7803921568627451	positive pathway median delta and positive-contrast fraction support branch niche/readiness signal	0.75	0.5852941176470589	strong_support	expression_pathway_model	primary_core_aim2_pathway_summary.tsv	fraction_positive=0.725; n_contrasts=51
EU00273	branch_context	N	NicheSignal	dentate	dentate	primary_core_pathway_summary	notch_hes	pathway_readiness	median_delta_and_fraction_positive	0.5	0.6078431372549019	positive pathway median delta and positive-contrast fraction support branch niche/readiness signal	0.75	0.4558823529411764	strong_support	expression_pathway_model	primary_core_aim2_pathway_summary.tsv	fraction_positive=0.510; n_contrasts=51
EU00274	branch_context	N	NicheSignal	dentate	dentate	primary_core_pathway_summary	reelin_migration_stop	pathway_readiness	median_delta_and_fraction_positive	0.5	0.6862745098039216	positive pathway median delta and positive-contrast fraction support branch niche/readiness signal	0.75	0.5147058823529411	strong_support	expression_pathway_model	primary_core_aim2_pathway_summary.tsv	fraction_positive=0.608; n_contrasts=51
EU00275	branch_context	N	NicheSignal	dentate	dentate	primary_core_pathway_summary	semaphorin_guidance	pathway_readiness	median_delta_and_fraction_positive	0.5	0.8901960784313725	positive pathway median delta and positive-contrast fraction support branch niche/readiness signal	0.75	0.6676470588235294	strong_support	expression_pathway_model	primary_core_aim2_pathway_summary.tsv	fraction_positive=0.863; n_contrasts=51
EU00276	branch_context	N	NicheSignal	dentate	dentate	primary_core_pathway_summary	shh_granule_expansion	pathway_readiness	median_delta_and_fraction_positive	0.0	-0.384	positive pathway median delta and positive-contrast fraction support branch niche/readiness signal	0.75	-0.28800000000000003	opposing_or_branch_specific	expression_pathway_model	primary_core_aim2_pathway_summary.tsv	fraction_positive=0.020; n_contrasts=50
EU00277	branch_context	N	NicheSignal	dentate	dentate	primary_core_pathway_summary	tgf_beta_smad	pathway_readiness	median_delta_and_fraction_positive	0.5	0.9215686274509804	positive pathway median delta and positive-contrast fraction support branch niche/readiness signal	0.75	0.6911764705882353	strong_support	expression_pathway_model	primary_core_aim2_pathway_summary.tsv	fraction_positive=0.902; n_contrasts=51
EU00278	branch_context	N	NicheSignal	dentate	dentate	primary_core_pathway_summary	wnt_beta_catenin	pathway_readiness	median_delta_and_fraction_positive	0.5	0.8431372549019608	positive pathway median delta and positive-contrast fraction support branch niche/readiness signal	0.75	0.6323529411764706	strong_support	expression_pathway_model	primary_core_aim2_pathway_summary.tsv	fraction_positive=0.804; n_contrasts=51
EU00279	branch_context	N	NicheSignal	cerebellum	cerebellum	sender_receiver_lr_summary	region_level_ligand_receptor_readiness	sender_receiver_readiness	fraction_supported_and_max_lr_score	0.0859929078014184	1.0	higher supported ligand-receptor fraction and max score support niche-readiness context	0.55	0.55	strong_support	expression_sender_receiver_model	aim2_sender_receiver_lr_summary.tsv	n_supported=97; n_high_support=21
EU00280	branch_context	N	NicheSignal	dentate	dentate_sgz	sender_receiver_lr_summary	region_level_ligand_receptor_readiness	sender_receiver_readiness	fraction_supported_and_max_lr_score	0.0590425531914893	0.8166223404255313	higher supported ligand-receptor fraction and max score support niche-readiness context	0.55	0.44914228723404226	strong_support	expression_sender_receiver_model	aim2_sender_receiver_lr_summary.tsv	n_supported=111; n_high_support=21
EU00281	epigenomic_sensitivity	E	EpigenomicCompatibility	cerebellum	human_cerebellum_GSE322785_provisional	GSE322785	oligodendrocyte_candidate|Gene Expression|EpigenomicCompatibility|Tier 3 broad both-screen mechanism support|gene_expression_or_marker	epigenomic_support_for_EpigenomicCompatibility	robust_rank_score	1.2070715264060368	1.0	robust-positive broad and cluster-supported granule-candidate contrast supports regulatory compatibility	0.5	0.5	strong_support	provisional_epigenomic_robust_positive	gse322785_epigenomic_robust_positive_contrasts.tsv	concordance=robust_positive_strong; cluster_supported_n_donors=3.0
EU00282	epigenomic_sensitivity	E	EpigenomicCompatibility	cerebellum	human_cerebellum_GSE322785_provisional	GSE322785	oligodendrocyte_candidate|Gene Expression|ConstructionBalance|Tier 2 high-confidence wiring/synaptic executor|gene_expression_or_marker	epigenomic_support_for_ConstructionBalance	robust_rank_score	1.200265518150297	1.0	robust-positive broad and cluster-supported granule-candidate contrast supports regulatory compatibility	0.5	0.5	strong_support	provisional_epigenomic_robust_positive	gse322785_epigenomic_robust_positive_contrasts.tsv	concordance=robust_positive_strong; cluster_supported_n_donors=3.0
EU00283	epigenomic_sensitivity	E	EpigenomicCompatibility	cerebellum	human_cerebellum_GSE322785_provisional	GSE322785	oligodendrocyte_candidate|Gene Expression|ConstructionBalance|shared_postmitotic_granule_maturation|gene_expression_or_marker	epigenomic_support_for_ConstructionBalance	robust_rank_score	1.1549888798437726	1.0	robust-positive broad and cluster-supported granule-candidate contrast supports regulatory compatibility	0.5	0.5	strong_support	provisional_epigenomic_robust_positive	gse322785_epigenomic_robust_positive_contrasts.tsv	concordance=robust_positive_strong; cluster_supported_n_donors=3.0
EU00284	epigenomic_sensitivity	E	EpigenomicCompatibility	cerebellum	human_cerebellum_GSE322785_provisional	GSE322785	astrocyte_bergmann_candidate|Gene Expression|EpigenomicCompatibility|Tier 3 broad both-screen mechanism support|gene_expression_or_marker	epigenomic_support_for_EpigenomicCompatibility	robust_rank_score	1.1249653121028893	1.0	robust-positive broad and cluster-supported granule-candidate contrast supports regulatory compatibility	0.5	0.5	strong_support	provisional_epigenomic_robust_positive	gse322785_epigenomic_robust_positive_contrasts.tsv	concordance=robust_positive_strong; cluster_supported_n_donors=3.0
EU00285	epigenomic_sensitivity	E	EpigenomicCompatibility	cerebellum	human_cerebellum_GSE322785_provisional	GSE322785	oligodendrocyte_candidate|Gene Expression|ConstructionBalance|downstream_synaptic_excitability|gene_expression_or_marker	epigenomic_support_for_ConstructionBalance	robust_rank_score	1.115941603515465	1.0	robust-positive broad and cluster-supported granule-candidate contrast supports regulatory compatibility	0.5	0.5	strong_support	provisional_epigenomic_robust_positive	gse322785_epigenomic_robust_positive_contrasts.tsv	concordance=robust_positive_strong; cluster_supported_n_donors=3.0
EU00286	epigenomic_sensitivity	E	EpigenomicCompatibility	cerebellum	human_cerebellum_GSE322785_provisional	GSE322785	astrocyte_bergmann_candidate|Peaks|EpigenomicCompatibility|dentate_fate_wnt_prox1|gene_body_overlap	epigenomic_support_for_EpigenomicCompatibility	robust_rank_score	1.037628986875718	1.0	robust-positive broad and cluster-supported granule-candidate contrast supports regulatory compatibility	0.5	0.5	strong_support	provisional_epigenomic_robust_positive	gse322785_epigenomic_robust_positive_contrasts.tsv	concordance=robust_positive_strong; cluster_supported_n_donors=3.0
EU00287	epigenomic_sensitivity	E	EpigenomicCompatibility	cerebellum	human_cerebellum_GSE322785_provisional	GSE322785	astrocyte_bergmann_candidate|Peaks|EpigenomicCompatibility|medial_pallium_dentate_lineage|gene_body_overlap	epigenomic_support_for_EpigenomicCompatibility	robust_rank_score	1.037628986875718	1.0	robust-positive broad and cluster-supported granule-candidate contrast supports regulatory compatibility	0.5	0.5	strong_support	provisional_epigenomic_robust_positive	gse322785_epigenomic_robust_positive_contrasts.tsv	concordance=robust_positive_strong; cluster_supported_n_donors=3.0
EU00288	epigenomic_sensitivity	E	EpigenomicCompatibility	cerebellum	human_cerebellum_GSE322785_provisional	GSE322785	astrocyte_bergmann_candidate|Peaks|FatePolarity|shared_postmitotic_granule_maturation|gene_body_overlap	epigenomic_support_for_FatePolarity	robust_rank_score	1.037628986875718	1.0	robust-positive broad and cluster-supported granule-candidate contrast supports regulatory compatibility	0.5	0.5	strong_support	provisional_epigenomic_robust_positive	gse322785_epigenomic_robust_positive_contrasts.tsv	concordance=robust_positive_strong; cluster_supported_n_donors=3.0
EU00289	epigenomic_sensitivity	E	EpigenomicCompatibility	cerebellum	human_cerebellum_GSE322785_provisional	GSE322785	astrocyte_bergmann_candidate|Gene Expression|ConstructionBalance|Tier 2 high-confidence wiring/synaptic executor|gene_expression_or_marker	epigenomic_support_for_ConstructionBalance	robust_rank_score	0.9614376970437408	0.9614376970437408	robust-positive broad and cluster-supported granule-candidate contrast supports regulatory compatibility	0.5	0.4807188485218704	strong_support	provisional_epigenomic_robust_positive	gse322785_epigenomic_robust_positive_contrasts.tsv	concordance=robust_positive_strong; cluster_supported_n_donors=3.0
EU00290	epigenomic_sensitivity	E	EpigenomicCompatibility	cerebellum	human_cerebellum_GSE322785_provisional	GSE322785	oligodendrocyte_candidate|Peaks|EpigenomicCompatibility|dentate_fate_wnt_prox1|gene_body_overlap	epigenomic_support_for_EpigenomicCompatibility	robust_rank_score	0.9456528307360298	0.9456528307360298	robust-positive broad and cluster-supported granule-candidate contrast supports regulatory compatibility	0.5	0.4728264153680149	strong_support	provisional_epigenomic_robust_positive	gse322785_epigenomic_robust_positive_contrasts.tsv	concordance=robust_positive_strong; cluster_supported_n_donors=3.0
EU00291	epigenomic_sensitivity	E	EpigenomicCompatibility	cerebellum	human_cerebellum_GSE322785_provisional	GSE322785	oligodendrocyte_candidate|Peaks|EpigenomicCompatibility|medial_pallium_dentate_lineage|gene_body_overlap	epigenomic_support_for_EpigenomicCompatibility	robust_rank_score	0.9456528307360298	0.9456528307360298	robust-positive broad and cluster-supported granule-candidate contrast supports regulatory compatibility	0.5	0.4728264153680149	strong_support	provisional_epigenomic_robust_positive	gse322785_epigenomic_robust_positive_contrasts.tsv	concordance=robust_positive_strong; cluster_supported_n_donors=3.0
EU00292	epigenomic_sensitivity	E	EpigenomicCompatibility	cerebellum	human_cerebellum_GSE322785_provisional	GSE322785	oligodendrocyte_candidate|Peaks|FatePolarity|shared_postmitotic_granule_maturation|gene_body_overlap	epigenomic_support_for_FatePolarity	robust_rank_score	0.9456528307360298	0.9456528307360298	robust-positive broad and cluster-supported granule-candidate contrast supports regulatory compatibility	0.5	0.4728264153680149	strong_support	provisional_epigenomic_robust_positive	gse322785_epigenomic_robust_positive_contrasts.tsv	concordance=robust_positive_strong; cluster_supported_n_donors=3.0
EU00293	epigenomic_sensitivity	E	EpigenomicCompatibility	cerebellum	human_cerebellum_GSE322785_provisional	GSE322785	oligodendrocyte_candidate|Gene Expression|EpigenomicCompatibility|downstream_synaptic_excitability|gene_expression_or_marker	epigenomic_support_for_EpigenomicCompatibility	robust_rank_score	0.937829131371961	0.937829131371961	robust-positive broad and cluster-supported granule-candidate contrast supports regulatory compatibility	0.5	0.4689145656859805	strong_support	provisional_epigenomic_robust_positive	gse322785_epigenomic_robust_positive_contrasts.tsv	concordance=robust_positive_strong; cluster_supported_n_donors=3.0
EU00294	epigenomic_sensitivity	E	EpigenomicCompatibility	cerebellum	human_cerebellum_GSE322785_provisional	GSE322785	astrocyte_bergmann_candidate|Gene Expression|ConstructionBalance|downstream_synaptic_excitability|gene_expression_or_marker	epigenomic_support_for_ConstructionBalance	robust_rank_score	0.9002162217268019	0.9002162217268019	robust-positive broad and cluster-supported granule-candidate contrast supports regulatory compatibility	0.5	0.45010811086340097	strong_support	provisional_epigenomic_robust_positive	gse322785_epigenomic_robust_positive_contrasts.tsv	concordance=robust_positive_strong; cluster_supported_n_donors=3.0
EU00295	epigenomic_sensitivity	E	EpigenomicCompatibility	cerebellum	human_cerebellum_GSE322785_provisional	GSE322785	oligodendrocyte_candidate|Gene Expression|EpigenomicCompatibility|shared_postmitotic_granule_maturation|gene_expression_or_marker	epigenomic_support_for_EpigenomicCompatibility	robust_rank_score	0.8988594127083749	0.8988594127083749	robust-positive broad and cluster-supported granule-candidate contrast supports regulatory compatibility	0.5	0.44942970635418744	strong_support	provisional_epigenomic_robust_positive	gse322785_epigenomic_robust_positive_contrasts.tsv	concordance=robust_positive_strong; cluster_supported_n_donors=3.0
EU00296	epigenomic_sensitivity	E	EpigenomicCompatibility	cerebellum	human_cerebellum_GSE322785_provisional	GSE322785	astrocyte_bergmann_candidate|Peaks|EpigenomicCompatibility|shared_neurogenic_niche_state|gene_body_overlap	epigenomic_support_for_EpigenomicCompatibility	robust_rank_score	0.8985741601542487	0.8985741601542487	robust-positive broad and cluster-supported granule-candidate contrast supports regulatory compatibility	0.5	0.44928708007712437	strong_support	provisional_epigenomic_robust_positive	gse322785_epigenomic_robust_positive_contrasts.tsv	concordance=robust_positive_strong; cluster_supported_n_donors=3.0
EU00297	epigenomic_sensitivity	E	EpigenomicCompatibility	cerebellum	human_cerebellum_GSE322785_provisional	GSE322785	astrocyte_bergmann_candidate|Peaks|NicheSignal|shared_postmitotic_granule_maturation|gene_body_overlap	epigenomic_support_for_NicheSignal	robust_rank_score	0.8985741601542487	0.8985741601542487	robust-positive broad and cluster-supported granule-candidate contrast supports regulatory compatibility	0.5	0.44928708007712437	strong_support	provisional_epigenomic_robust_positive	gse322785_epigenomic_robust_positive_contrasts.tsv	concordance=robust_positive_strong; cluster_supported_n_donors=3.0
EU00298	epigenomic_sensitivity	E	EpigenomicCompatibility	cerebellum	human_cerebellum_GSE322785_provisional	GSE322785	oligodendrocyte_candidate|Gene Expression|EpigenomicCompatibility|dentate_fate_wnt_prox1|gene_expression_or_marker	epigenomic_support_for_EpigenomicCompatibility	robust_rank_score	0.8906385476818731	0.8906385476818731	robust-positive broad and cluster-supported granule-candidate contrast supports regulatory compatibility	0.5	0.44531927384093656	strong_support	provisional_epigenomic_robust_positive	gse322785_epigenomic_robust_positive_contrasts.tsv	concordance=robust_positive_strong; cluster_supported_n_donors=3.0
EU00299	epigenomic_sensitivity	E	EpigenomicCompatibility	cerebellum	human_cerebellum_GSE322785_provisional	GSE322785	oligodendrocyte_candidate|Gene Expression|EpigenomicCompatibility|medial_pallium_dentate_lineage|gene_expression_or_marker	epigenomic_support_for_EpigenomicCompatibility	robust_rank_score	0.8906385476818731	0.8906385476818731	robust-positive broad and cluster-supported granule-candidate contrast supports regulatory compatibility	0.5	0.44531927384093656	strong_support	provisional_epigenomic_robust_positive	gse322785_epigenomic_robust_positive_contrasts.tsv	concordance=robust_positive_strong; cluster_supported_n_donors=3.0
EU00300	epigenomic_sensitivity	E	EpigenomicCompatibility	cerebellum	human_cerebellum_GSE322785_provisional	GSE322785	oligodendrocyte_candidate|Gene Expression|FatePolarity|shared_postmitotic_granule_maturation|gene_expression_or_marker	epigenomic_support_for_FatePolarity	robust_rank_score	0.8906385476818731	0.8906385476818731	robust-positive broad and cluster-supported granule-candidate contrast supports regulatory compatibility	0.5	0.44531927384093656	strong_support	provisional_epigenomic_robust_positive	gse322785_epigenomic_robust_positive_contrasts.tsv	concordance=robust_positive_strong; cluster_supported_n_donors=3.0
EU00301	epigenomic_sensitivity	E	EpigenomicCompatibility	cerebellum	human_cerebellum_GSE322785_provisional	GSE322785	oligodendrocyte_candidate|Gene Expression|EpigenomicCompatibility|Tier 1 core convergent program|gene_expression_or_marker	epigenomic_support_for_EpigenomicCompatibility	robust_rank_score	0.8734704209817835	0.8734704209817835	robust-positive broad and cluster-supported granule-candidate contrast supports regulatory compatibility	0.5	0.43673521049089176	strong_support	provisional_epigenomic_robust_positive	gse322785_epigenomic_robust_positive_contrasts.tsv	concordance=robust_positive_strong; cluster_supported_n_donors=3.0
EU00302	epigenomic_sensitivity	E	EpigenomicCompatibility	cerebellum	human_cerebellum_GSE322785_provisional	GSE322785	astrocyte_bergmann_candidate|Gene Expression|EpigenomicCompatibility|dentate_fate_wnt_prox1|gene_expression_or_marker	epigenomic_support_for_EpigenomicCompatibility	robust_rank_score	0.8459014280807174	0.8459014280807174	robust-positive broad and cluster-supported granule-candidate contrast supports regulatory compatibility	0.5	0.4229507140403587	strong_support	provisional_epigenomic_robust_positive	gse322785_epigenomic_robust_positive_contrasts.tsv	concordance=robust_positive_strong; cluster_supported_n_donors=3.0
EU00303	epigenomic_sensitivity	E	EpigenomicCompatibility	cerebellum	human_cerebellum_GSE322785_provisional	GSE322785	astrocyte_bergmann_candidate|Gene Expression|EpigenomicCompatibility|medial_pallium_dentate_lineage|gene_expression_or_marker	epigenomic_support_for_EpigenomicCompatibility	robust_rank_score	0.8459014280807174	0.8459014280807174	robust-positive broad and cluster-supported granule-candidate contrast supports regulatory compatibility	0.5	0.4229507140403587	strong_support	provisional_epigenomic_robust_positive	gse322785_epigenomic_robust_positive_contrasts.tsv	concordance=robust_positive_strong; cluster_supported_n_donors=3.0
EU00304	epigenomic_sensitivity	E	EpigenomicCompatibility	cerebellum	human_cerebellum_GSE322785_provisional	GSE322785	astrocyte_bergmann_candidate|Gene Expression|FatePolarity|shared_postmitotic_granule_maturation|gene_expression_or_marker	epigenomic_support_for_FatePolarity	robust_rank_score	0.8459014280807174	0.8459014280807174	robust-positive broad and cluster-supported granule-candidate contrast supports regulatory compatibility	0.5	0.4229507140403587	strong_support	provisional_epigenomic_robust_positive	gse322785_epigenomic_robust_positive_contrasts.tsv	concordance=robust_positive_strong; cluster_supported_n_donors=3.0
EU00305	epigenomic_sensitivity	E	EpigenomicCompatibility	cerebellum	human_cerebellum_GSE322785_provisional	GSE322785	oligodendrocyte_candidate|Peaks|EpigenomicCompatibility|shared_neurogenic_niche_state|gene_body_overlap	epigenomic_support_for_EpigenomicCompatibility	robust_rank_score	0.797546619755594	0.797546619755594	robust-positive broad and cluster-supported granule-candidate contrast supports regulatory compatibility	0.5	0.398773309877797	strong_support	provisional_epigenomic_robust_positive	gse322785_epigenomic_robust_positive_contrasts.tsv	concordance=robust_positive_strong; cluster_supported_n_donors=3.0
EU00306	epigenomic_sensitivity	E	EpigenomicCompatibility	cerebellum	human_cerebellum_GSE322785_provisional	GSE322785	oligodendrocyte_candidate|Peaks|NicheSignal|shared_postmitotic_granule_maturation|gene_body_overlap	epigenomic_support_for_NicheSignal	robust_rank_score	0.797546619755594	0.797546619755594	robust-positive broad and cluster-supported granule-candidate contrast supports regulatory compatibility	0.5	0.398773309877797	strong_support	provisional_epigenomic_robust_positive	gse322785_epigenomic_robust_positive_contrasts.tsv	concordance=robust_positive_strong; cluster_supported_n_donors=3.0
EU00307	epigenomic_sensitivity	E	EpigenomicCompatibility	cerebellum	human_cerebellum_GSE322785_provisional	GSE322785	oligodendrocyte_candidate|Gene Expression|EpigenomicCompatibility|Tier 2 high-confidence wiring/synaptic executor|gene_expression_or_marker	epigenomic_support_for_EpigenomicCompatibility	robust_rank_score	0.7834113584992041	0.7834113584992041	robust-positive broad and cluster-supported granule-candidate contrast supports regulatory compatibility	0.5	0.39170567924960203	strong_support	provisional_epigenomic_robust_positive	gse322785_epigenomic_robust_positive_contrasts.tsv	concordance=robust_positive_strong; cluster_supported_n_donors=3.0
EU00308	epigenomic_sensitivity	E	EpigenomicCompatibility	cerebellum	human_cerebellum_GSE322785_provisional	GSE322785	oligodendrocyte_candidate|Gene Expression|ConstructionBalance|downstream_neurite_synapse_construction|gene_expression_or_marker	epigenomic_support_for_ConstructionBalance	robust_rank_score	0.7571391036771873	0.7571391036771873	robust-positive broad and cluster-supported granule-candidate contrast supports regulatory compatibility	0.5	0.37856955183859364	strong_support	provisional_epigenomic_robust_positive	gse322785_epigenomic_robust_positive_contrasts.tsv	concordance=robust_positive_strong; cluster_supported_n_donors=3.0
EU00309	epigenomic_sensitivity	E	EpigenomicCompatibility	cerebellum	human_cerebellum_GSE322785_provisional	GSE322785	oligodendrocyte_candidate|Gene Expression|EpigenomicCompatibility|downstream_neurite_synapse_construction|gene_expression_or_marker	epigenomic_support_for_EpigenomicCompatibility	robust_rank_score	0.7571391036771873	0.7571391036771873	robust-positive broad and cluster-supported granule-candidate contrast supports regulatory compatibility	0.5	0.37856955183859364	strong_support	provisional_epigenomic_robust_positive	gse322785_epigenomic_robust_positive_contrasts.tsv	concordance=robust_positive_strong; cluster_supported_n_donors=3.0
EU00310	epigenomic_sensitivity	E	EpigenomicCompatibility	cerebellum	human_cerebellum_GSE322785_provisional	GSE322785	oligodendrocyte_candidate|Gene Expression|ConstructionBalance|Tier 1 core convergent program|gene_expression_or_marker	epigenomic_support_for_ConstructionBalance	robust_rank_score	0.7257769617688089	0.7257769617688089	robust-positive broad and cluster-supported granule-candidate contrast supports regulatory compatibility	0.5	0.36288848088440445	strong_support	provisional_epigenomic_robust_positive	gse322785_epigenomic_robust_positive_contrasts.tsv	concordance=robust_positive_strong; cluster_supported_n_donors=3.0
EU00311	epigenomic_sensitivity	E	EpigenomicCompatibility	cerebellum	human_cerebellum_GSE322785_provisional	GSE322785	oligodendrocyte_candidate|Gene Expression|ConstructionBalance|downstream_neurite_morphology|gene_expression_or_marker	epigenomic_support_for_ConstructionBalance	robust_rank_score	0.6623442676003105	0.6623442676003105	robust-positive broad and cluster-supported granule-candidate contrast supports regulatory compatibility	0.5	0.33117213380015526	strong_support	provisional_epigenomic_robust_positive	gse322785_epigenomic_robust_positive_contrasts.tsv	concordance=robust_positive_strong; cluster_supported_n_donors=3.0
EU00312	epigenomic_sensitivity	E	EpigenomicCompatibility	cerebellum	human_cerebellum_GSE322785_provisional	GSE322785	oligodendrocyte_candidate|Gene Expression|EpigenomicCompatibility|downstream_neurite_morphology|gene_expression_or_marker	epigenomic_support_for_EpigenomicCompatibility	robust_rank_score	0.6459452404804037	0.6459452404804037	robust-positive broad and cluster-supported granule-candidate contrast supports regulatory compatibility	0.5	0.32297262024020185	strong_support	provisional_epigenomic_robust_positive	gse322785_epigenomic_robust_positive_contrasts.tsv	concordance=robust_positive_strong; cluster_supported_n_donors=3.0
EU00313	epigenomic_sensitivity	E	EpigenomicCompatibility	cerebellum	human_cerebellum_GSE322785_provisional	GSE322785	astrocyte_bergmann_candidate|Gene Expression|EpigenomicCompatibility|downstream_synaptic_excitability|gene_expression_or_marker	epigenomic_support_for_EpigenomicCompatibility	robust_rank_score	0.608507969501251	0.608507969501251	robust-positive broad and cluster-supported granule-candidate contrast supports regulatory compatibility	0.5	0.3042539847506255	strong_support	provisional_epigenomic_robust_positive	gse322785_epigenomic_robust_positive_contrasts.tsv	concordance=robust_positive_strong; cluster_supported_n_donors=3.0
EU00314	epigenomic_sensitivity	E	EpigenomicCompatibility	cerebellum	human_cerebellum_GSE322785_provisional	GSE322785	astrocyte_bergmann_candidate|Gene Expression|EpigenomicCompatibility|shared_postmitotic_granule_maturation|gene_expression_or_marker	epigenomic_support_for_EpigenomicCompatibility	robust_rank_score	0.6023531852590972	0.6023531852590972	robust-positive broad and cluster-supported granule-candidate contrast supports regulatory compatibility	0.5	0.3011765926295486	strong_support	provisional_epigenomic_robust_positive	gse322785_epigenomic_robust_positive_contrasts.tsv	concordance=robust_positive_strong; cluster_supported_n_donors=3.0
EU00315	epigenomic_sensitivity	E	EpigenomicCompatibility	cerebellum	human_cerebellum_GSE322785_provisional	GSE322785	astrocyte_bergmann_candidate|Gene Expression|ConstructionBalance|shared_postmitotic_granule_maturation|gene_expression_or_marker	epigenomic_support_for_ConstructionBalance	robust_rank_score	0.5997774231433043	0.5997774231433043	robust-positive broad and cluster-supported granule-candidate contrast supports regulatory compatibility	0.5	0.29988871157165214	moderate_support	provisional_epigenomic_robust_positive	gse322785_epigenomic_robust_positive_contrasts.tsv	concordance=robust_positive_strong; cluster_supported_n_donors=3.0
EU00316	epigenomic_sensitivity	E	EpigenomicCompatibility	cerebellum	human_cerebellum_GSE322785_provisional	GSE322785	oligodendrocyte_candidate|Gene Expression|EpigenomicCompatibility|Tier 4 screen-specific mechanism support|gene_expression_or_marker	epigenomic_support_for_EpigenomicCompatibility	robust_rank_score	0.5923597331709098	0.5923597331709098	robust-positive broad and cluster-supported granule-candidate contrast supports regulatory compatibility	0.5	0.2961798665854549	moderate_support	provisional_epigenomic_robust_positive	gse322785_epigenomic_robust_positive_contrasts.tsv	concordance=robust_positive_strong; cluster_supported_n_donors=3.0
EU00317	epigenomic_sensitivity	E	EpigenomicCompatibility	cerebellum	human_cerebellum_GSE322785_provisional	GSE322785	astrocyte_bergmann_candidate|Gene Expression|EpigenomicCompatibility|Tier 4 screen-specific mechanism support|gene_expression_or_marker	epigenomic_support_for_EpigenomicCompatibility	robust_rank_score	0.5891336815516107	0.5891336815516107	robust-positive broad and cluster-supported granule-candidate contrast supports regulatory compatibility	0.5	0.29456684077580536	moderate_support	provisional_epigenomic_robust_positive	gse322785_epigenomic_robust_positive_contrasts.tsv	concordance=robust_positive_strong; cluster_supported_n_donors=3.0
EU00318	epigenomic_sensitivity	E	EpigenomicCompatibility	cerebellum	human_cerebellum_GSE322785_provisional	GSE322785	astrocyte_bergmann_candidate|Gene Expression|EpigenomicCompatibility|Tier 2 high-confidence wiring/synaptic executor|gene_expression_or_marker	epigenomic_support_for_EpigenomicCompatibility	robust_rank_score	0.5570504981400005	0.5570504981400005	robust-positive broad and cluster-supported granule-candidate contrast supports regulatory compatibility	0.5	0.27852524907000026	moderate_support	provisional_epigenomic_robust_positive	gse322785_epigenomic_robust_positive_contrasts.tsv	concordance=robust_positive_strong; cluster_supported_n_donors=3.0
EU00319	epigenomic_sensitivity	E	EpigenomicCompatibility	cerebellum	human_cerebellum_GSE322785_provisional	GSE322785	astrocyte_bergmann_candidate|Peaks|EpigenomicCompatibility|Tier 4 screen-specific mechanism support|gene_edge_2kb	epigenomic_support_for_EpigenomicCompatibility	robust_rank_score	0.5521590667689571	0.5521590667689571	robust-positive broad and cluster-supported granule-candidate contrast supports regulatory compatibility	0.5	0.27607953338447855	moderate_support	provisional_epigenomic_robust_positive	gse322785_epigenomic_robust_positive_contrasts.tsv	concordance=robust_positive_strong; cluster_supported_n_donors=3.0
EU00320	epigenomic_sensitivity	E	EpigenomicCompatibility	cerebellum	human_cerebellum_GSE322785_provisional	GSE322785	astrocyte_bergmann_candidate|Gene Expression|ConstructionBalance|downstream_neurite_morphology|gene_expression_or_marker	epigenomic_support_for_ConstructionBalance	robust_rank_score	0.5297497046682694	0.5297497046682694	robust-positive broad and cluster-supported granule-candidate contrast supports regulatory compatibility	0.5	0.2648748523341347	moderate_support	provisional_epigenomic_robust_positive	gse322785_epigenomic_robust_positive_contrasts.tsv	concordance=robust_positive_strong; cluster_supported_n_donors=3.0
EU00321	epigenomic_sensitivity	E	EpigenomicCompatibility	cerebellum	human_cerebellum_GSE322785_provisional	GSE322785	astrocyte_bergmann_candidate|Gene Expression|ConstructionBalance|downstream_neurite_synapse_construction|gene_expression_or_marker	epigenomic_support_for_ConstructionBalance	robust_rank_score	0.5222067421741331	0.5222067421741331	robust-positive broad and cluster-supported granule-candidate contrast supports regulatory compatibility	0.5	0.26110337108706655	moderate_support	provisional_epigenomic_robust_positive	gse322785_epigenomic_robust_positive_contrasts.tsv	concordance=robust_positive_strong; cluster_supported_n_donors=3.0
EU00322	epigenomic_sensitivity	E	EpigenomicCompatibility	cerebellum	human_cerebellum_GSE322785_provisional	GSE322785	astrocyte_bergmann_candidate|Gene Expression|EpigenomicCompatibility|downstream_neurite_synapse_construction|gene_expression_or_marker	epigenomic_support_for_EpigenomicCompatibility	robust_rank_score	0.5222067421741331	0.5222067421741331	robust-positive broad and cluster-supported granule-candidate contrast supports regulatory compatibility	0.5	0.26110337108706655	moderate_support	provisional_epigenomic_robust_positive	gse322785_epigenomic_robust_positive_contrasts.tsv	concordance=robust_positive_strong; cluster_supported_n_donors=3.0
EU00323	epigenomic_sensitivity	E	EpigenomicCompatibility	cerebellum	human_cerebellum_GSE322785_provisional	GSE322785	astrocyte_bergmann_candidate|Peaks|ConstructionBalance|shared_postmitotic_granule_maturation|gene_edge_2kb	epigenomic_support_for_ConstructionBalance	robust_rank_score	0.5035823449350957	0.5035823449350957	robust-positive broad and cluster-supported granule-candidate contrast supports regulatory compatibility	0.5	0.25179117246754784	moderate_support	provisional_epigenomic_robust_positive	gse322785_epigenomic_robust_positive_contrasts.tsv	concordance=robust_positive_strong; cluster_supported_n_donors=3.0
EU00324	epigenomic_sensitivity	E	EpigenomicCompatibility	cerebellum	human_cerebellum_GSE322785_provisional	GSE322785	astrocyte_bergmann_candidate|Peaks|EpigenomicCompatibility|Tier 3 broad both-screen mechanism support|gene_edge_2kb	epigenomic_support_for_EpigenomicCompatibility	robust_rank_score	0.4845207301083227	0.4845207301083227	robust-positive broad and cluster-supported granule-candidate contrast supports regulatory compatibility	0.5	0.24226036505416135	moderate_support	provisional_epigenomic_robust_positive	gse322785_epigenomic_robust_positive_contrasts.tsv	concordance=robust_positive_strong; cluster_supported_n_donors=2.0
EU00325	epigenomic_sensitivity	E	EpigenomicCompatibility	cerebellum	human_cerebellum_GSE322785_provisional	GSE322785	astrocyte_bergmann_candidate|Gene Expression|EpigenomicCompatibility|downstream_neurite_morphology|gene_expression_or_marker	epigenomic_support_for_EpigenomicCompatibility	robust_rank_score	0.4690982945882148	0.4690982945882148	robust-positive broad and cluster-supported granule-candidate contrast supports regulatory compatibility	0.5	0.2345491472941074	moderate_support	provisional_epigenomic_robust_positive	gse322785_epigenomic_robust_positive_contrasts.tsv	concordance=robust_positive_strong; cluster_supported_n_donors=3.0
EU00326	epigenomic_sensitivity	E	EpigenomicCompatibility	cerebellum	human_cerebellum_GSE322785_provisional	GSE322785	oligodendrocyte_candidate|Peaks|EpigenomicCompatibility|Tier 4 screen-specific mechanism support|gene_edge_2kb	epigenomic_support_for_EpigenomicCompatibility	robust_rank_score	0.4340866727243233	0.4340866727243233	robust-positive broad and cluster-supported granule-candidate contrast supports regulatory compatibility	0.5	0.21704333636216164	moderate_support	provisional_epigenomic_robust_positive	gse322785_epigenomic_robust_positive_contrasts.tsv	concordance=robust_positive_strong; cluster_supported_n_donors=3.0
EU00327	epigenomic_sensitivity	E	EpigenomicCompatibility	cerebellum	human_cerebellum_GSE322785_provisional	GSE322785	astrocyte_bergmann_candidate|Peaks|NicheSignal|cerebellar_fate_rhombic_lip_shh|gene_body_overlap	epigenomic_support_for_NicheSignal	robust_rank_score	0.4304972586980848	0.4304972586980848	robust-positive broad and cluster-supported granule-candidate contrast supports regulatory compatibility	0.5	0.2152486293490424	moderate_support	provisional_epigenomic_robust_positive	gse322785_epigenomic_robust_positive_contrasts.tsv	concordance=robust_positive_strong; cluster_supported_n_donors=3.0
EU00328	epigenomic_sensitivity	E	EpigenomicCompatibility	cerebellum	human_cerebellum_GSE322785_provisional	GSE322785	astrocyte_bergmann_candidate|Peaks|NicheSignal|hindbrain_rhombic_lip_pattern|gene_body_overlap	epigenomic_support_for_NicheSignal	robust_rank_score	0.4304972586980848	0.4304972586980848	robust-positive broad and cluster-supported granule-candidate contrast supports regulatory compatibility	0.5	0.2152486293490424	moderate_support	provisional_epigenomic_robust_positive	gse322785_epigenomic_robust_positive_contrasts.tsv	concordance=robust_positive_strong; cluster_supported_n_donors=3.0
EU00329	epigenomic_sensitivity	E	EpigenomicCompatibility	cerebellum	human_cerebellum_GSE322785_provisional	GSE322785	astrocyte_bergmann_candidate|Gene Expression|ConstructionBalance|Tier 3 broad both-screen mechanism support|gene_expression_or_marker	epigenomic_support_for_ConstructionBalance	robust_rank_score	0.4293028466093285	0.4293028466093285	robust-positive broad and cluster-supported granule-candidate contrast supports regulatory compatibility	0.5	0.21465142330466425	moderate_support	provisional_epigenomic_robust_positive	gse322785_epigenomic_robust_positive_contrasts.tsv	concordance=robust_positive_strong; cluster_supported_n_donors=3.0
EU00330	epigenomic_sensitivity	E	EpigenomicCompatibility	cerebellum	human_cerebellum_GSE322785_provisional	GSE322785	astrocyte_bergmann_candidate|Peaks|EpigenomicCompatibility|shared_postmitotic_granule_maturation|gene_edge_2kb	epigenomic_support_for_EpigenomicCompatibility	robust_rank_score	0.4290269090932764	0.4290269090932764	robust-positive broad and cluster-supported granule-candidate contrast supports regulatory compatibility	0.5	0.2145134545466382	moderate_support	provisional_epigenomic_robust_positive	gse322785_epigenomic_robust_positive_contrasts.tsv	concordance=robust_positive_strong; cluster_supported_n_donors=3.0
EU00331	epigenomic_sensitivity	E	EpigenomicCompatibility	cerebellum	human_cerebellum_GSE322785_provisional	GSE322785	astrocyte_bergmann_candidate|Gene Expression|ConstructionBalance|Tier 4 screen-specific mechanism support|gene_expression_or_marker	epigenomic_support_for_ConstructionBalance	robust_rank_score	0.4249091037443261	0.4249091037443261	robust-positive broad and cluster-supported granule-candidate contrast supports regulatory compatibility	0.5	0.21245455187216306	moderate_support	provisional_epigenomic_robust_positive	gse322785_epigenomic_robust_positive_contrasts.tsv	concordance=robust_positive_strong; cluster_supported_n_donors=3.0
EU00332	epigenomic_sensitivity	E	EpigenomicCompatibility	cerebellum	human_cerebellum_GSE322785_provisional	GSE322785	oligodendrocyte_candidate|Peaks|ConstructionBalance|shared_postmitotic_granule_maturation|gene_edge_2kb	epigenomic_support_for_ConstructionBalance	robust_rank_score	0.4131594252968347	0.4131594252968347	robust-positive broad and cluster-supported granule-candidate contrast supports regulatory compatibility	0.5	0.20657971264841735	moderate_support	provisional_epigenomic_robust_positive	gse322785_epigenomic_robust_positive_contrasts.tsv	concordance=robust_positive_strong; cluster_supported_n_donors=3.0
EU00333	epigenomic_sensitivity	E	EpigenomicCompatibility	cerebellum	human_cerebellum_GSE322785_provisional	GSE322785	astrocyte_bergmann_candidate|Peaks|EpigenomicCompatibility|dentate_fate_wnt_prox1|gene_edge_2kb	epigenomic_support_for_EpigenomicCompatibility	robust_rank_score	0.4091814038908938	0.4091814038908938	robust-positive broad and cluster-supported granule-candidate contrast supports regulatory compatibility	0.5	0.2045907019454469	moderate_support	provisional_epigenomic_robust_positive	gse322785_epigenomic_robust_positive_contrasts.tsv	concordance=robust_positive_strong; cluster_supported_n_donors=1.0
EU00334	epigenomic_sensitivity	E	EpigenomicCompatibility	cerebellum	human_cerebellum_GSE322785_provisional	GSE322785	astrocyte_bergmann_candidate|Peaks|EpigenomicCompatibility|medial_pallium_dentate_lineage|gene_edge_2kb	epigenomic_support_for_EpigenomicCompatibility	robust_rank_score	0.4091814038908938	0.4091814038908938	robust-positive broad and cluster-supported granule-candidate contrast supports regulatory compatibility	0.5	0.2045907019454469	moderate_support	provisional_epigenomic_robust_positive	gse322785_epigenomic_robust_positive_contrasts.tsv	concordance=robust_positive_strong; cluster_supported_n_donors=1.0
EU00335	epigenomic_sensitivity	E	EpigenomicCompatibility	cerebellum	human_cerebellum_GSE322785_provisional	GSE322785	astrocyte_bergmann_candidate|Peaks|FatePolarity|shared_postmitotic_granule_maturation|gene_edge_2kb	epigenomic_support_for_FatePolarity	robust_rank_score	0.4091814038908938	0.4091814038908938	robust-positive broad and cluster-supported granule-candidate contrast supports regulatory compatibility	0.5	0.2045907019454469	moderate_support	provisional_epigenomic_robust_positive	gse322785_epigenomic_robust_positive_contrasts.tsv	concordance=robust_positive_strong; cluster_supported_n_donors=1.0
EU00336	epigenomic_sensitivity	E	EpigenomicCompatibility	cerebellum	human_cerebellum_GSE322785_provisional	GSE322785	oligodendrocyte_candidate|Peaks|EpigenomicCompatibility|dentate_fate_wnt_prox1|gene_edge_2kb	epigenomic_support_for_EpigenomicCompatibility	robust_rank_score	0.4091814038908938	0.4091814038908938	robust-positive broad and cluster-supported granule-candidate contrast supports regulatory compatibility	0.5	0.2045907019454469	moderate_support	provisional_epigenomic_robust_positive	gse322785_epigenomic_robust_positive_contrasts.tsv	concordance=robust_positive_strong; cluster_supported_n_donors=1.0
EU00337	epigenomic_sensitivity	E	EpigenomicCompatibility	cerebellum	human_cerebellum_GSE322785_provisional	GSE322785	oligodendrocyte_candidate|Peaks|EpigenomicCompatibility|medial_pallium_dentate_lineage|gene_edge_2kb	epigenomic_support_for_EpigenomicCompatibility	robust_rank_score	0.4091814038908938	0.4091814038908938	robust-positive broad and cluster-supported granule-candidate contrast supports regulatory compatibility	0.5	0.2045907019454469	moderate_support	provisional_epigenomic_robust_positive	gse322785_epigenomic_robust_positive_contrasts.tsv	concordance=robust_positive_strong; cluster_supported_n_donors=1.0
EU00338	epigenomic_sensitivity	E	EpigenomicCompatibility	cerebellum	human_cerebellum_GSE322785_provisional	GSE322785	oligodendrocyte_candidate|Peaks|FatePolarity|shared_postmitotic_granule_maturation|gene_edge_2kb	epigenomic_support_for_FatePolarity	robust_rank_score	0.4091814038908938	0.4091814038908938	robust-positive broad and cluster-supported granule-candidate contrast supports regulatory compatibility	0.5	0.2045907019454469	moderate_support	provisional_epigenomic_robust_positive	gse322785_epigenomic_robust_positive_contrasts.tsv	concordance=robust_positive_strong; cluster_supported_n_donors=1.0
EU00339	epigenomic_sensitivity	E	EpigenomicCompatibility	cerebellum	human_cerebellum_GSE322785_provisional	GSE322785	oligodendrocyte_candidate|Gene Expression|FatePolarity|cerebellar_fate_rhombic_lip_shh|gene_expression_or_marker	epigenomic_support_for_FatePolarity	robust_rank_score	0.4053916743059991	0.4053916743059991	robust-positive broad and cluster-supported granule-candidate contrast supports regulatory compatibility	0.5	0.20269583715299955	moderate_support	provisional_epigenomic_robust_positive	gse322785_epigenomic_robust_positive_contrasts.tsv	concordance=robust_positive_strong; cluster_supported_n_donors=3.0
EU00340	epigenomic_sensitivity	E	EpigenomicCompatibility	cerebellum	human_cerebellum_GSE322785_provisional	GSE322785	astrocyte_bergmann_candidate|Peaks|ConstructionBalance|Tier 3 broad both-screen mechanism support|gene_body_overlap	epigenomic_support_for_ConstructionBalance	robust_rank_score	0.4045506820733405	0.4045506820733405	robust-positive broad and cluster-supported granule-candidate contrast supports regulatory compatibility	0.5	0.20227534103667025	moderate_support	provisional_epigenomic_robust_positive	gse322785_epigenomic_robust_positive_contrasts.tsv	concordance=robust_positive_strong; cluster_supported_n_donors=3.0
EU00341	epigenomic_sensitivity	E	EpigenomicCompatibility	cerebellum	human_cerebellum_GSE322785_provisional	GSE322785	astrocyte_bergmann_candidate|Peaks|EpigenomicCompatibility|dentate_fate_wnt_prox1|proximal_10kb	epigenomic_support_for_EpigenomicCompatibility	robust_rank_score	0.402669123936217	0.402669123936217	robust-positive broad and cluster-supported granule-candidate contrast supports regulatory compatibility	0.5	0.2013345619681085	moderate_support	provisional_epigenomic_robust_positive	gse322785_epigenomic_robust_positive_contrasts.tsv	concordance=robust_positive_strong; cluster_supported_n_donors=3.0
EU00342	epigenomic_sensitivity	E	EpigenomicCompatibility	cerebellum	human_cerebellum_GSE322785_provisional	GSE322785	astrocyte_bergmann_candidate|Peaks|EpigenomicCompatibility|medial_pallium_dentate_lineage|proximal_10kb	epigenomic_support_for_EpigenomicCompatibility	robust_rank_score	0.402669123936217	0.402669123936217	robust-positive broad and cluster-supported granule-candidate contrast supports regulatory compatibility	0.5	0.2013345619681085	moderate_support	provisional_epigenomic_robust_positive	gse322785_epigenomic_robust_positive_contrasts.tsv	concordance=robust_positive_strong; cluster_supported_n_donors=3.0
EU00343	epigenomic_sensitivity	E	EpigenomicCompatibility	cerebellum	human_cerebellum_GSE322785_provisional	GSE322785	astrocyte_bergmann_candidate|Peaks|FatePolarity|shared_postmitotic_granule_maturation|proximal_10kb	epigenomic_support_for_FatePolarity	robust_rank_score	0.402669123936217	0.402669123936217	robust-positive broad and cluster-supported granule-candidate contrast supports regulatory compatibility	0.5	0.2013345619681085	moderate_support	provisional_epigenomic_robust_positive	gse322785_epigenomic_robust_positive_contrasts.tsv	concordance=robust_positive_strong; cluster_supported_n_donors=3.0
EU00344	epigenomic_sensitivity	E	EpigenomicCompatibility	cerebellum	human_cerebellum_GSE322785_provisional	GSE322785	astrocyte_bergmann_candidate|Peaks|FatePolarity|cerebellar_fate_rhombic_lip_shh|gene_body_overlap	epigenomic_support_for_FatePolarity	robust_rank_score	0.3977993157017097	0.3977993157017097	robust-positive broad and cluster-supported granule-candidate contrast supports regulatory compatibility	0.5	0.19889965785085484	moderate_support	provisional_epigenomic_robust_positive	gse322785_epigenomic_robust_positive_contrasts.tsv	concordance=robust_positive_strong; cluster_supported_n_donors=3.0
EU00345	epigenomic_sensitivity	E	EpigenomicCompatibility	cerebellum	human_cerebellum_GSE322785_provisional	GSE322785	astrocyte_bergmann_candidate|Peaks|ConstructionBalance|Tier 5 exploratory non-identical ortholog|gene_body_overlap	epigenomic_support_for_ConstructionBalance	robust_rank_score	0.3749154262802998	0.3749154262802998	robust-positive broad and cluster-supported granule-candidate contrast supports regulatory compatibility	0.5	0.1874577131401499	moderate_support	provisional_epigenomic_robust_positive	gse322785_epigenomic_robust_positive_contrasts.tsv	concordance=robust_positive_strong; cluster_supported_n_donors=3.0
EU00346	epigenomic_sensitivity	E	EpigenomicCompatibility	cerebellum	human_cerebellum_GSE322785_provisional	GSE322785	astrocyte_bergmann_candidate|Peaks|EpigenomicCompatibility|downstream_neurite_morphology|gene_edge_2kb	epigenomic_support_for_EpigenomicCompatibility	robust_rank_score	0.3710282896142027	0.3710282896142027	robust-positive broad and cluster-supported granule-candidate contrast supports regulatory compatibility	0.5	0.18551414480710135	moderate_support	provisional_epigenomic_robust_positive	gse322785_epigenomic_robust_positive_contrasts.tsv	concordance=robust_positive_strong; cluster_supported_n_donors=3.0
EU00347	epigenomic_sensitivity	E	EpigenomicCompatibility	cerebellum	human_cerebellum_GSE322785_provisional	GSE322785	astrocyte_bergmann_candidate|Peaks|ConstructionBalance|downstream_neurite_synapse_construction|gene_edge_2kb	epigenomic_support_for_ConstructionBalance	robust_rank_score	0.3627480218853102	0.3627480218853102	robust-positive broad and cluster-supported granule-candidate contrast supports regulatory compatibility	0.5	0.1813740109426551	moderate_support	provisional_epigenomic_robust_positive	gse322785_epigenomic_robust_positive_contrasts.tsv	concordance=robust_positive_strong; cluster_supported_n_donors=3.0
EU00348	epigenomic_sensitivity	E	EpigenomicCompatibility	cerebellum	human_cerebellum_GSE322785_provisional	GSE322785	astrocyte_bergmann_candidate|Peaks|EpigenomicCompatibility|downstream_neurite_synapse_construction|gene_edge_2kb	epigenomic_support_for_EpigenomicCompatibility	robust_rank_score	0.3627480218853102	0.3627480218853102	robust-positive broad and cluster-supported granule-candidate contrast supports regulatory compatibility	0.5	0.1813740109426551	moderate_support	provisional_epigenomic_robust_positive	gse322785_epigenomic_robust_positive_contrasts.tsv	concordance=robust_positive_strong; cluster_supported_n_donors=3.0
EU00349	epigenomic_sensitivity	E	EpigenomicCompatibility	cerebellum	human_cerebellum_GSE322785_provisional	GSE322785	oligodendrocyte_candidate|Peaks|FatePolarity|cerebellar_fate_rhombic_lip_shh|gene_body_overlap	epigenomic_support_for_FatePolarity	robust_rank_score	0.3618316542554412	0.3618316542554412	robust-positive broad and cluster-supported granule-candidate contrast supports regulatory compatibility	0.5	0.1809158271277206	moderate_support	provisional_epigenomic_robust_positive	gse322785_epigenomic_robust_positive_contrasts.tsv	concordance=robust_positive_strong; cluster_supported_n_donors=3.0
EU00350	epigenomic_sensitivity	E	EpigenomicCompatibility	cerebellum	human_cerebellum_GSE322785_provisional	GSE322785	astrocyte_bergmann_candidate|Peaks|ConstructionBalance|Tier 4 screen-specific mechanism support|gene_edge_2kb	epigenomic_support_for_ConstructionBalance	robust_rank_score	0.3532402361148469	0.3532402361148469	robust-positive broad and cluster-supported granule-candidate contrast supports regulatory compatibility	0.5	0.17662011805742345	moderate_support	provisional_epigenomic_robust_positive	gse322785_epigenomic_robust_positive_contrasts.tsv	concordance=robust_positive_strong; cluster_supported_n_donors=3.0
EU00351	epigenomic_sensitivity	E	EpigenomicCompatibility	cerebellum	human_cerebellum_GSE322785_provisional	GSE322785	astrocyte_bergmann_candidate|Peaks|EpigenomicCompatibility|Tier 3 broad both-screen mechanism support|gene_body_overlap	epigenomic_support_for_EpigenomicCompatibility	robust_rank_score	0.3531805593434114	0.3531805593434114	robust-positive broad and cluster-supported granule-candidate contrast supports regulatory compatibility	0.5	0.1765902796717057	moderate_support	provisional_epigenomic_robust_positive	gse322785_epigenomic_robust_positive_contrasts.tsv	concordance=robust_positive_strong; cluster_supported_n_donors=2.0
EU00352	epigenomic_sensitivity	E	EpigenomicCompatibility	cerebellum	human_cerebellum_GSE322785_provisional	GSE322785	astrocyte_bergmann_candidate|Peaks|EpigenomicCompatibility|downstream_synaptic_excitability|gene_edge_2kb	epigenomic_support_for_EpigenomicCompatibility	robust_rank_score	0.3481890680522442	0.3481890680522442	robust-positive broad and cluster-supported granule-candidate contrast supports regulatory compatibility	0.5	0.1740945340261221	moderate_support	provisional_epigenomic_robust_positive	gse322785_epigenomic_robust_positive_contrasts.tsv	concordance=robust_positive_strong; cluster_supported_n_donors=3.0
EU00353	epigenomic_sensitivity	E	EpigenomicCompatibility	cerebellum	human_cerebellum_GSE322785_provisional	GSE322785	oligodendrocyte_candidate|Peaks|EpigenomicCompatibility|dentate_fate_wnt_prox1|proximal_10kb	epigenomic_support_for_EpigenomicCompatibility	robust_rank_score	0.3479194480802223	0.3479194480802223	robust-positive broad and cluster-supported granule-candidate contrast supports regulatory compatibility	0.5	0.17395972404011115	moderate_support	provisional_epigenomic_robust_positive	gse322785_epigenomic_robust_positive_contrasts.tsv	concordance=robust_positive_strong; cluster_supported_n_donors=3.0
EU00354	epigenomic_sensitivity	E	EpigenomicCompatibility	cerebellum	human_cerebellum_GSE322785_provisional	GSE322785	oligodendrocyte_candidate|Peaks|EpigenomicCompatibility|medial_pallium_dentate_lineage|proximal_10kb	epigenomic_support_for_EpigenomicCompatibility	robust_rank_score	0.3479194480802223	0.3479194480802223	robust-positive broad and cluster-supported granule-candidate contrast supports regulatory compatibility	0.5	0.17395972404011115	moderate_support	provisional_epigenomic_robust_positive	gse322785_epigenomic_robust_positive_contrasts.tsv	concordance=robust_positive_strong; cluster_supported_n_donors=3.0
EU00355	epigenomic_sensitivity	E	EpigenomicCompatibility	cerebellum	human_cerebellum_GSE322785_provisional	GSE322785	oligodendrocyte_candidate|Peaks|FatePolarity|shared_postmitotic_granule_maturation|proximal_10kb	epigenomic_support_for_FatePolarity	robust_rank_score	0.3479194480802223	0.3479194480802223	robust-positive broad and cluster-supported granule-candidate contrast supports regulatory compatibility	0.5	0.17395972404011115	moderate_support	provisional_epigenomic_robust_positive	gse322785_epigenomic_robust_positive_contrasts.tsv	concordance=robust_positive_strong; cluster_supported_n_donors=3.0
EU00356	epigenomic_sensitivity	E	EpigenomicCompatibility	cerebellum	human_cerebellum_GSE322785_provisional	GSE322785	oligodendrocyte_candidate|Peaks|EpigenomicCompatibility|Tier 3 broad both-screen mechanism support|gene_edge_2kb	epigenomic_support_for_EpigenomicCompatibility	robust_rank_score	0.3383706873052696	0.3383706873052696	robust-positive broad and cluster-supported granule-candidate contrast supports regulatory compatibility	0.5	0.1691853436526348	moderate_support	provisional_epigenomic_robust_positive	gse322785_epigenomic_robust_positive_contrasts.tsv	concordance=robust_positive_strong; cluster_supported_n_donors=2.0
EU00357	epigenomic_sensitivity	E	EpigenomicCompatibility	cerebellum	human_cerebellum_GSE322785_provisional	GSE322785	astrocyte_bergmann_candidate|Peaks|FatePolarity|cerebellar_fate_rhombic_lip_shh|gene_edge_2kb	epigenomic_support_for_FatePolarity	robust_rank_score	0.3300045978061971	0.3300045978061971	robust-positive broad and cluster-supported granule-candidate contrast supports regulatory compatibility	0.5	0.16500229890309856	moderate_support	provisional_epigenomic_robust_positive	gse322785_epigenomic_robust_positive_contrasts.tsv	concordance=robust_positive_strong; cluster_supported_n_donors=3.0
EU00358	epigenomic_sensitivity	E	EpigenomicCompatibility	cerebellum	human_cerebellum_GSE322785_provisional	GSE322785	astrocyte_bergmann_candidate|Peaks|ConstructionBalance|downstream_neurite_morphology|gene_edge_2kb	epigenomic_support_for_ConstructionBalance	robust_rank_score	0.3299714132348617	0.3299714132348617	robust-positive broad and cluster-supported granule-candidate contrast supports regulatory compatibility	0.5	0.16498570661743084	moderate_support	provisional_epigenomic_robust_positive	gse322785_epigenomic_robust_positive_contrasts.tsv	concordance=robust_positive_strong; cluster_supported_n_donors=3.0
EU00359	epigenomic_sensitivity	E	EpigenomicCompatibility	cerebellum	human_cerebellum_GSE322785_provisional	GSE322785	oligodendrocyte_candidate|Gene Expression|ConstructionBalance|Tier 3 broad both-screen mechanism support|gene_expression_or_marker	epigenomic_support_for_ConstructionBalance	robust_rank_score	0.3213650785996629	0.3213650785996629	robust-positive broad and cluster-supported granule-candidate contrast supports regulatory compatibility	0.5	0.16068253929983145	moderate_support	provisional_epigenomic_robust_positive	gse322785_epigenomic_robust_positive_contrasts.tsv	concordance=robust_positive_strong; cluster_supported_n_donors=3.0
EU00360	epigenomic_sensitivity	E	EpigenomicCompatibility	cerebellum	human_cerebellum_GSE322785_provisional	GSE322785	oligodendrocyte_candidate|Peaks|EpigenomicCompatibility|Tier 3 broad both-screen mechanism support|gene_body_overlap	epigenomic_support_for_EpigenomicCompatibility	robust_rank_score	0.3112902796360257	0.3112902796360257	robust-positive broad and cluster-supported granule-candidate contrast supports regulatory compatibility	0.5	0.15564513981801284	moderate_support	provisional_epigenomic_robust_positive	gse322785_epigenomic_robust_positive_contrasts.tsv	concordance=robust_positive_strong; cluster_supported_n_donors=2.0
EU00361	epigenomic_sensitivity	E	EpigenomicCompatibility	cerebellum	human_cerebellum_GSE322785_provisional	GSE322785	oligodendrocyte_candidate|Gene Expression|ConstructionBalance|Tier 4 screen-specific mechanism support|gene_expression_or_marker	epigenomic_support_for_ConstructionBalance	robust_rank_score	0.3086974554241761	0.3086974554241761	robust-positive broad and cluster-supported granule-candidate contrast supports regulatory compatibility	0.5	0.15434872771208805	moderate_support	provisional_epigenomic_robust_positive	gse322785_epigenomic_robust_positive_contrasts.tsv	concordance=robust_positive_strong; cluster_supported_n_donors=3.0
EU00362	epigenomic_sensitivity	E	EpigenomicCompatibility	cerebellum	human_cerebellum_GSE322785_provisional	GSE322785	astrocyte_bergmann_candidate|Peaks|EpigenomicCompatibility|shared_neurogenic_niche_state|proximal_10kb	epigenomic_support_for_EpigenomicCompatibility	robust_rank_score	0.3007903658950635	0.3007903658950635	robust-positive broad and cluster-supported granule-candidate contrast supports regulatory compatibility	0.5	0.15039518294753176	moderate_support	provisional_epigenomic_robust_positive	gse322785_epigenomic_robust_positive_contrasts.tsv	concordance=robust_positive_strong; cluster_supported_n_donors=3.0
EU00363	epigenomic_sensitivity	E	EpigenomicCompatibility	cerebellum	human_cerebellum_GSE322785_provisional	GSE322785	astrocyte_bergmann_candidate|Peaks|NicheSignal|shared_postmitotic_granule_maturation|proximal_10kb	epigenomic_support_for_NicheSignal	robust_rank_score	0.3007903658950635	0.3007903658950635	robust-positive broad and cluster-supported granule-candidate contrast supports regulatory compatibility	0.5	0.15039518294753176	moderate_support	provisional_epigenomic_robust_positive	gse322785_epigenomic_robust_positive_contrasts.tsv	concordance=robust_positive_strong; cluster_supported_n_donors=3.0
EU00364	epigenomic_sensitivity	E	EpigenomicCompatibility	cerebellum	human_cerebellum_GSE322785_provisional	GSE322785	astrocyte_bergmann_candidate|Peaks|ConstructionBalance|downstream_synaptic_excitability|gene_edge_2kb	epigenomic_support_for_ConstructionBalance	robust_rank_score	0.2963236447525506	0.2963236447525506	robust-positive broad and cluster-supported granule-candidate contrast supports regulatory compatibility	0.5	0.1481618223762753	weak_or_mixed_support	provisional_epigenomic_robust_positive	gse322785_epigenomic_robust_positive_contrasts.tsv	concordance=robust_positive_strong; cluster_supported_n_donors=3.0
EU00365	epigenomic_sensitivity	E	EpigenomicCompatibility	cerebellum	human_cerebellum_GSE322785_provisional	GSE322785	astrocyte_bergmann_candidate|Peaks|ConstructionBalance|Tier 3 broad both-screen mechanism support|gene_edge_2kb	epigenomic_support_for_ConstructionBalance	robust_rank_score	0.2889870982476359	0.2889870982476359	robust-positive broad and cluster-supported granule-candidate contrast supports regulatory compatibility	0.5	0.14449354912381795	weak_or_mixed_support	provisional_epigenomic_robust_positive	gse322785_epigenomic_robust_positive_contrasts.tsv	concordance=robust_positive_strong; cluster_supported_n_donors=3.0
EU00366	epigenomic_sensitivity	E	EpigenomicCompatibility	cerebellum	human_cerebellum_GSE322785_provisional	GSE322785	oligodendrocyte_candidate|Peaks|EpigenomicCompatibility|shared_postmitotic_granule_maturation|gene_edge_2kb	epigenomic_support_for_EpigenomicCompatibility	robust_rank_score	0.281714533176466	0.281714533176466	robust-positive broad and cluster-supported granule-candidate contrast supports regulatory compatibility	0.5	0.140857266588233	weak_or_mixed_support	provisional_epigenomic_robust_positive	gse322785_epigenomic_robust_positive_contrasts.tsv	concordance=robust_positive_strong; cluster_supported_n_donors=3.0
EU00367	epigenomic_sensitivity	E	EpigenomicCompatibility	cerebellum	human_cerebellum_GSE322785_provisional	GSE322785	oligodendrocyte_candidate|Peaks|EpigenomicCompatibility|downstream_neurite_morphology|gene_edge_2kb	epigenomic_support_for_EpigenomicCompatibility	robust_rank_score	0.2810179620533363	0.2810179620533363	robust-positive broad and cluster-supported granule-candidate contrast supports regulatory compatibility	0.5	0.14050898102666814	weak_or_mixed_support	provisional_epigenomic_robust_positive	gse322785_epigenomic_robust_positive_contrasts.tsv	concordance=robust_positive_strong; cluster_supported_n_donors=3.0
EU00368	epigenomic_sensitivity	E	EpigenomicCompatibility	cerebellum	human_cerebellum_GSE322785_provisional	GSE322785	astrocyte_bergmann_candidate|Peaks|EpigenomicCompatibility|shared_postmitotic_granule_maturation|proximal_10kb	epigenomic_support_for_EpigenomicCompatibility	robust_rank_score	0.2771437967107289	0.2771437967107289	robust-positive broad and cluster-supported granule-candidate contrast supports regulatory compatibility	0.5	0.13857189835536446	weak_or_mixed_support	provisional_epigenomic_robust_positive	gse322785_epigenomic_robust_positive_contrasts.tsv	concordance=robust_positive_strong; cluster_supported_n_donors=3.0
EU00369	epigenomic_sensitivity	E	EpigenomicCompatibility	cerebellum	human_cerebellum_GSE322785_provisional	GSE322785	astrocyte_bergmann_candidate|Peaks|FatePolarity|hindbrain_rhombic_lip_pattern|gene_body_overlap	epigenomic_support_for_FatePolarity	robust_rank_score	0.2638709651979862	0.2638709651979862	robust-positive broad and cluster-supported granule-candidate contrast supports regulatory compatibility	0.5	0.1319354825989931	weak_or_mixed_support	provisional_epigenomic_robust_positive	gse322785_epigenomic_robust_positive_contrasts.tsv	concordance=robust_positive_strong; cluster_supported_n_donors=3.0
EU00370	epigenomic_sensitivity	E	EpigenomicCompatibility	cerebellum	human_cerebellum_GSE322785_provisional	GSE322785	astrocyte_bergmann_candidate|Peaks|EpigenomicCompatibility|downstream_synaptic_excitability|proximal_10kb	epigenomic_support_for_EpigenomicCompatibility	robust_rank_score	0.2583373016993392	0.2583373016993392	robust-positive broad and cluster-supported granule-candidate contrast supports regulatory compatibility	0.5	0.1291686508496696	weak_or_mixed_support	provisional_epigenomic_robust_positive	gse322785_epigenomic_robust_positive_contrasts.tsv	concordance=robust_positive_strong; cluster_supported_n_donors=3.0
EU00371	epigenomic_sensitivity	E	EpigenomicCompatibility	cerebellum	human_cerebellum_GSE322785_provisional	GSE322785	oligodendrocyte_candidate|Peaks|NicheSignal|cerebellar_fate_rhombic_lip_shh|gene_body_overlap	epigenomic_support_for_NicheSignal	robust_rank_score	0.2539241431630298	0.2539241431630298	robust-positive broad and cluster-supported granule-candidate contrast supports regulatory compatibility	0.5	0.1269620715815149	weak_or_mixed_support	provisional_epigenomic_robust_positive	gse322785_epigenomic_robust_positive_contrasts.tsv	concordance=robust_positive_strong; cluster_supported_n_donors=3.0
EU00372	epigenomic_sensitivity	E	EpigenomicCompatibility	cerebellum	human_cerebellum_GSE322785_provisional	GSE322785	oligodendrocyte_candidate|Peaks|NicheSignal|hindbrain_rhombic_lip_pattern|gene_body_overlap	epigenomic_support_for_NicheSignal	robust_rank_score	0.2539241431630298	0.2539241431630298	robust-positive broad and cluster-supported granule-candidate contrast supports regulatory compatibility	0.5	0.1269620715815149	weak_or_mixed_support	provisional_epigenomic_robust_positive	gse322785_epigenomic_robust_positive_contrasts.tsv	concordance=robust_positive_strong; cluster_supported_n_donors=3.0
EU00373	epigenomic_sensitivity	E	EpigenomicCompatibility	cerebellum	human_cerebellum_GSE322785_provisional	GSE322785	astrocyte_bergmann_candidate|Peaks|EpigenomicCompatibility|Tier 1 core convergent program|gene_edge_2kb	epigenomic_support_for_EpigenomicCompatibility	robust_rank_score	0.2531824895199961	0.2531824895199961	robust-positive broad and cluster-supported granule-candidate contrast supports regulatory compatibility	0.5	0.12659124475999806	weak_or_mixed_support	provisional_epigenomic_robust_positive	gse322785_epigenomic_robust_positive_contrasts.tsv	concordance=robust_positive_strong; cluster_supported_n_donors=3.0
EU00374	epigenomic_sensitivity	E	EpigenomicCompatibility	cerebellum	human_cerebellum_GSE322785_provisional	GSE322785	astrocyte_bergmann_candidate|Peaks|FatePolarity|hindbrain_rhombic_lip_pattern|gene_edge_2kb	epigenomic_support_for_FatePolarity	robust_rank_score	0.252099862248737	0.252099862248737	robust-positive broad and cluster-supported granule-candidate contrast supports regulatory compatibility	0.5	0.1260499311243685	weak_or_mixed_support	provisional_epigenomic_robust_positive	gse322785_epigenomic_robust_positive_contrasts.tsv	concordance=robust_positive_strong; cluster_supported_n_donors=3.0
EU00375	epigenomic_sensitivity	E	EpigenomicCompatibility	cerebellum	human_cerebellum_GSE322785_provisional	GSE322785	oligodendrocyte_candidate|Peaks|ConstructionBalance|downstream_neurite_synapse_construction|gene_edge_2kb	epigenomic_support_for_ConstructionBalance	robust_rank_score	0.2507521494974326	0.2507521494974326	robust-positive broad and cluster-supported granule-candidate contrast supports regulatory compatibility	0.5	0.1253760747487163	weak_or_mixed_support	provisional_epigenomic_robust_positive	gse322785_epigenomic_robust_positive_contrasts.tsv	concordance=robust_positive_strong; cluster_supported_n_donors=3.0
EU00376	epigenomic_sensitivity	E	EpigenomicCompatibility	cerebellum	human_cerebellum_GSE322785_provisional	GSE322785	oligodendrocyte_candidate|Peaks|EpigenomicCompatibility|downstream_neurite_synapse_construction|gene_edge_2kb	epigenomic_support_for_EpigenomicCompatibility	robust_rank_score	0.2507521494974326	0.2507521494974326	robust-positive broad and cluster-supported granule-candidate contrast supports regulatory compatibility	0.5	0.1253760747487163	weak_or_mixed_support	provisional_epigenomic_robust_positive	gse322785_epigenomic_robust_positive_contrasts.tsv	concordance=robust_positive_strong; cluster_supported_n_donors=3.0
EU00377	epigenomic_sensitivity	E	EpigenomicCompatibility	cerebellum	human_cerebellum_GSE322785_provisional	GSE322785	oligodendrocyte_candidate|Peaks|ConstructionBalance|downstream_neurite_morphology|gene_edge_2kb	epigenomic_support_for_ConstructionBalance	robust_rank_score	0.2504214301054039	0.2504214301054039	robust-positive broad and cluster-supported granule-candidate contrast supports regulatory compatibility	0.5	0.12521071505270195	weak_or_mixed_support	provisional_epigenomic_robust_positive	gse322785_epigenomic_robust_positive_contrasts.tsv	concordance=robust_positive_strong; cluster_supported_n_donors=3.0
EU00378	epigenomic_sensitivity	E	EpigenomicCompatibility	cerebellum	human_cerebellum_GSE322785_provisional	GSE322785	astrocyte_bergmann_candidate|Peaks|FatePolarity|cerebellar_fate_rhombic_lip_shh|proximal_10kb	epigenomic_support_for_FatePolarity	robust_rank_score	0.2492891052923015	0.2492891052923015	robust-positive broad and cluster-supported granule-candidate contrast supports regulatory compatibility	0.4	0.0997156421169206	weak_or_mixed_support	provisional_epigenomic_robust_positive	gse322785_epigenomic_robust_positive_contrasts.tsv	concordance=robust_positive; cluster_supported_n_donors=3.0
EU00379	epigenomic_sensitivity	E	EpigenomicCompatibility	cerebellum	human_cerebellum_GSE322785_provisional	GSE322785	astrocyte_bergmann_candidate|Peaks|ConstructionBalance|Tier 5 exploratory non-identical ortholog|gene_edge_2kb	epigenomic_support_for_ConstructionBalance	robust_rank_score	0.2448312648667508	0.2448312648667508	robust-positive broad and cluster-supported granule-candidate contrast supports regulatory compatibility	0.4	0.09793250594670033	weak_or_mixed_support	provisional_epigenomic_robust_positive	gse322785_epigenomic_robust_positive_contrasts.tsv	concordance=robust_positive; cluster_supported_n_donors=3.0
EU00380	epigenomic_sensitivity	E	EpigenomicCompatibility	cerebellum	human_cerebellum_GSE322785_provisional	GSE322785	astrocyte_bergmann_candidate|Peaks|ConstructionBalance|hindbrain_rhombic_lip_pattern|distal_100kb	epigenomic_support_for_ConstructionBalance	robust_rank_score	0.2426741942732599	0.2426741942732599	robust-positive broad and cluster-supported granule-candidate contrast supports regulatory compatibility	0.4	0.09706967770930397	weak_or_mixed_support	provisional_epigenomic_robust_positive	gse322785_epigenomic_robust_positive_contrasts.tsv	concordance=robust_positive; cluster_supported_n_donors=3.0
EU00381	epigenomic_sensitivity	E	EpigenomicCompatibility	cerebellum	human_cerebellum_GSE322785_provisional	GSE322785	astrocyte_bergmann_candidate|Peaks|FatePolarity|Tier 4 screen-specific mechanism support|distal_100kb	epigenomic_support_for_FatePolarity	robust_rank_score	0.2426741942732599	0.2426741942732599	robust-positive broad and cluster-supported granule-candidate contrast supports regulatory compatibility	0.4	0.09706967770930397	weak_or_mixed_support	provisional_epigenomic_robust_positive	gse322785_epigenomic_robust_positive_contrasts.tsv	concordance=robust_positive; cluster_supported_n_donors=3.0
EU00382	epigenomic_sensitivity	E	EpigenomicCompatibility	cerebellum	human_cerebellum_GSE322785_provisional	GSE322785	astrocyte_bergmann_candidate|Peaks|FatePolarity|dentate_fate_wnt_prox1|proximal_10kb	epigenomic_support_for_FatePolarity	robust_rank_score	0.2359201122084553	0.2359201122084553	robust-positive broad and cluster-supported granule-candidate contrast supports regulatory compatibility	0.4	0.09436804488338213	weak_or_mixed_support	provisional_epigenomic_robust_positive	gse322785_epigenomic_robust_positive_contrasts.tsv	concordance=robust_positive; cluster_supported_n_donors=3.0
EU00383	epigenomic_sensitivity	E	EpigenomicCompatibility	cerebellum	human_cerebellum_GSE322785_provisional	GSE322785	astrocyte_bergmann_candidate|Peaks|FatePolarity|medial_pallium_dentate_lineage|proximal_10kb	epigenomic_support_for_FatePolarity	robust_rank_score	0.2359201122084553	0.2359201122084553	robust-positive broad and cluster-supported granule-candidate contrast supports regulatory compatibility	0.4	0.09436804488338213	weak_or_mixed_support	provisional_epigenomic_robust_positive	gse322785_epigenomic_robust_positive_contrasts.tsv	concordance=robust_positive; cluster_supported_n_donors=3.0
EU00384	epigenomic_sensitivity	E	EpigenomicCompatibility	cerebellum	human_cerebellum_GSE322785_provisional	GSE322785	astrocyte_bergmann_candidate|Peaks|NicheSignal|cerebellar_fate_rhombic_lip_shh|distal_100kb	epigenomic_support_for_NicheSignal	robust_rank_score	0.2357965714415619	0.2357965714415619	robust-positive broad and cluster-supported granule-candidate contrast supports regulatory compatibility	0.4	0.09431862857662476	weak_or_mixed_support	provisional_epigenomic_robust_positive	gse322785_epigenomic_robust_positive_contrasts.tsv	concordance=robust_positive; cluster_supported_n_donors=3.0
EU00385	epigenomic_sensitivity	E	EpigenomicCompatibility	cerebellum	human_cerebellum_GSE322785_provisional	GSE322785	astrocyte_bergmann_candidate|Peaks|NicheSignal|hindbrain_rhombic_lip_pattern|distal_100kb	epigenomic_support_for_NicheSignal	robust_rank_score	0.2357965714415619	0.2357965714415619	robust-positive broad and cluster-supported granule-candidate contrast supports regulatory compatibility	0.4	0.09431862857662476	weak_or_mixed_support	provisional_epigenomic_robust_positive	gse322785_epigenomic_robust_positive_contrasts.tsv	concordance=robust_positive; cluster_supported_n_donors=3.0
EU00386	epigenomic_sensitivity	E	EpigenomicCompatibility	cerebellum	human_cerebellum_GSE322785_provisional	GSE322785	astrocyte_bergmann_candidate|Peaks|ConstructionBalance|Tier 2 high-confidence wiring/synaptic executor|gene_edge_2kb	epigenomic_support_for_ConstructionBalance	robust_rank_score	0.2357682325579934	0.2357682325579934	robust-positive broad and cluster-supported granule-candidate contrast supports regulatory compatibility	0.4	0.09430729302319736	weak_or_mixed_support	provisional_epigenomic_robust_positive	gse322785_epigenomic_robust_positive_contrasts.tsv	concordance=robust_positive; cluster_supported_n_donors=3.0
EU00387	epigenomic_sensitivity	E	EpigenomicCompatibility	cerebellum	human_cerebellum_GSE322785_provisional	GSE322785	oligodendrocyte_candidate|Peaks|FatePolarity|cerebellar_fate_rhombic_lip_shh|proximal_10kb	epigenomic_support_for_FatePolarity	robust_rank_score	0.2333599337946736	0.2333599337946736	robust-positive broad and cluster-supported granule-candidate contrast supports regulatory compatibility	0.4	0.09334397351786944	weak_or_mixed_support	provisional_epigenomic_robust_positive	gse322785_epigenomic_robust_positive_contrasts.tsv	concordance=robust_positive; cluster_supported_n_donors=3.0
EU00388	epigenomic_sensitivity	E	EpigenomicCompatibility	cerebellum	human_cerebellum_GSE322785_provisional	GSE322785	astrocyte_bergmann_candidate|Peaks|ConstructionBalance|downstream_synaptic_excitability|gene_body_overlap	epigenomic_support_for_ConstructionBalance	robust_rank_score	0.2296886095092409	0.2296886095092409	robust-positive broad and cluster-supported granule-candidate contrast supports regulatory compatibility	0.4	0.09187544380369636	weak_or_mixed_support	provisional_epigenomic_robust_positive	gse322785_epigenomic_robust_positive_contrasts.tsv	concordance=robust_positive; cluster_supported_n_donors=3.0
EU00389	epigenomic_sensitivity	E	EpigenomicCompatibility	cerebellum	human_cerebellum_GSE322785_provisional	GSE322785	oligodendrocyte_candidate|Peaks|ConstructionBalance|Tier 1 core convergent program|proximal_10kb	epigenomic_support_for_ConstructionBalance	robust_rank_score	0.2292432648128704	0.2292432648128704	robust-positive broad and cluster-supported granule-candidate contrast supports regulatory compatibility	0.4	0.09169730592514817	weak_or_mixed_support	provisional_epigenomic_robust_positive	gse322785_epigenomic_robust_positive_contrasts.tsv	concordance=robust_positive; cluster_supported_n_donors=3.0
EU00390	epigenomic_sensitivity	E	EpigenomicCompatibility	cerebellum	human_cerebellum_GSE322785_provisional	GSE322785	astrocyte_bergmann_candidate|Peaks|NicheSignal|cerebellar_fate_rhombic_lip_shh|proximal_10kb	epigenomic_support_for_NicheSignal	robust_rank_score	0.2228526244931845	0.2228526244931845	robust-positive broad and cluster-supported granule-candidate contrast supports regulatory compatibility	0.4	0.0891410497972738	weak_or_mixed_support	provisional_epigenomic_robust_positive	gse322785_epigenomic_robust_positive_contrasts.tsv	concordance=robust_positive; cluster_supported_n_donors=3.0
EU00391	epigenomic_sensitivity	E	EpigenomicCompatibility	cerebellum	human_cerebellum_GSE322785_provisional	GSE322785	astrocyte_bergmann_candidate|Peaks|NicheSignal|hindbrain_rhombic_lip_pattern|proximal_10kb	epigenomic_support_for_NicheSignal	robust_rank_score	0.2228526244931845	0.2228526244931845	robust-positive broad and cluster-supported granule-candidate contrast supports regulatory compatibility	0.4	0.0891410497972738	weak_or_mixed_support	provisional_epigenomic_robust_positive	gse322785_epigenomic_robust_positive_contrasts.tsv	concordance=robust_positive; cluster_supported_n_donors=3.0
EU00392	epigenomic_sensitivity	E	EpigenomicCompatibility	cerebellum	human_cerebellum_GSE322785_provisional	GSE322785	oligodendrocyte_candidate|Peaks|ConstructionBalance|Tier 2 high-confidence wiring/synaptic executor|gene_edge_2kb	epigenomic_support_for_ConstructionBalance	robust_rank_score	0.2201778211115177	0.2201778211115177	robust-positive broad and cluster-supported granule-candidate contrast supports regulatory compatibility	0.4	0.08807112844460709	weak_or_mixed_support	provisional_epigenomic_robust_positive	gse322785_epigenomic_robust_positive_contrasts.tsv	concordance=robust_positive; cluster_supported_n_donors=3.0
EU00393	epigenomic_sensitivity	E	EpigenomicCompatibility	cerebellum	human_cerebellum_GSE322785_provisional	GSE322785	oligodendrocyte_candidate|Peaks|EpigenomicCompatibility|shared_postmitotic_granule_maturation|proximal_10kb	epigenomic_support_for_EpigenomicCompatibility	robust_rank_score	0.2160217956496439	0.2160217956496439	robust-positive broad and cluster-supported granule-candidate contrast supports regulatory compatibility	0.4	0.08640871825985758	weak_or_mixed_support	provisional_epigenomic_robust_positive	gse322785_epigenomic_robust_positive_contrasts.tsv	concordance=robust_positive; cluster_supported_n_donors=3.0
EU00394	epigenomic_sensitivity	E	EpigenomicCompatibility	cerebellum	human_cerebellum_GSE322785_provisional	GSE322785	astrocyte_bergmann_candidate|Peaks|EpigenomicCompatibility|shared_neurogenic_niche_state|distal_100kb	epigenomic_support_for_EpigenomicCompatibility	robust_rank_score	0.2155326170324682	0.2155326170324682	robust-positive broad and cluster-supported granule-candidate contrast supports regulatory compatibility	0.4	0.08621304681298729	weak_or_mixed_support	provisional_epigenomic_robust_positive	gse322785_epigenomic_robust_positive_contrasts.tsv	concordance=robust_positive; cluster_supported_n_donors=3.0
EU00395	epigenomic_sensitivity	E	EpigenomicCompatibility	cerebellum	human_cerebellum_GSE322785_provisional	GSE322785	astrocyte_bergmann_candidate|Peaks|NicheSignal|shared_postmitotic_granule_maturation|distal_100kb	epigenomic_support_for_NicheSignal	robust_rank_score	0.2155326170324682	0.2155326170324682	robust-positive broad and cluster-supported granule-candidate contrast supports regulatory compatibility	0.4	0.08621304681298729	weak_or_mixed_support	provisional_epigenomic_robust_positive	gse322785_epigenomic_robust_positive_contrasts.tsv	concordance=robust_positive; cluster_supported_n_donors=3.0
EU00396	epigenomic_sensitivity	E	EpigenomicCompatibility	cerebellum	human_cerebellum_GSE322785_provisional	GSE322785	astrocyte_bergmann_candidate|Peaks|ConstructionBalance|Tier 1 core convergent program|proximal_10kb	epigenomic_support_for_ConstructionBalance	robust_rank_score	0.2147138063574721	0.2147138063574721	robust-positive broad and cluster-supported granule-candidate contrast supports regulatory compatibility	0.4	0.08588552254298884	weak_or_mixed_support	provisional_epigenomic_robust_positive	gse322785_epigenomic_robust_positive_contrasts.tsv	concordance=robust_positive; cluster_supported_n_donors=3.0
EU00397	epigenomic_sensitivity	E	EpigenomicCompatibility	cerebellum	human_cerebellum_GSE322785_provisional	GSE322785	oligodendrocyte_candidate|Gene Expression|FatePolarity|hindbrain_rhombic_lip_pattern|gene_expression_or_marker	epigenomic_support_for_FatePolarity	robust_rank_score	0.2142612756822385	0.2142612756822385	robust-positive broad and cluster-supported granule-candidate contrast supports regulatory compatibility	0.4	0.0857045102728954	weak_or_mixed_support	provisional_epigenomic_robust_positive	gse322785_epigenomic_robust_positive_contrasts.tsv	concordance=robust_positive; cluster_supported_n_donors=3.0
EU00398	epigenomic_sensitivity	E	EpigenomicCompatibility	cerebellum	human_cerebellum_GSE322785_provisional	GSE322785	astrocyte_bergmann_candidate|Gene Expression|ConstructionBalance|Tier 5 exploratory non-identical ortholog|gene_expression_or_marker	epigenomic_support_for_ConstructionBalance	robust_rank_score	0.2137433559884892	0.2137433559884892	robust-positive broad and cluster-supported granule-candidate contrast supports regulatory compatibility	0.4	0.08549734239539569	weak_or_mixed_support	provisional_epigenomic_robust_positive	gse322785_epigenomic_robust_positive_contrasts.tsv	concordance=robust_positive; cluster_supported_n_donors=3.0
EU00399	epigenomic_sensitivity	E	EpigenomicCompatibility	cerebellum	human_cerebellum_GSE322785_provisional	GSE322785	oligodendrocyte_candidate|Peaks|EpigenomicCompatibility|dentate_fate_wnt_prox1|distal_100kb	epigenomic_support_for_EpigenomicCompatibility	robust_rank_score	0.2131862196001845	0.2131862196001845	robust-positive broad and cluster-supported granule-candidate contrast supports regulatory compatibility	0.4	0.0852744878400738	weak_or_mixed_support	provisional_epigenomic_robust_positive	gse322785_epigenomic_robust_positive_contrasts.tsv	concordance=robust_positive; cluster_supported_n_donors=3.0
EU00400	epigenomic_sensitivity	E	EpigenomicCompatibility	cerebellum	human_cerebellum_GSE322785_provisional	GSE322785	oligodendrocyte_candidate|Peaks|EpigenomicCompatibility|medial_pallium_dentate_lineage|distal_100kb	epigenomic_support_for_EpigenomicCompatibility	robust_rank_score	0.2131862196001845	0.2131862196001845	robust-positive broad and cluster-supported granule-candidate contrast supports regulatory compatibility	0.4	0.0852744878400738	weak_or_mixed_support	provisional_epigenomic_robust_positive	gse322785_epigenomic_robust_positive_contrasts.tsv	concordance=robust_positive; cluster_supported_n_donors=3.0
EU00401	epigenomic_sensitivity	E	EpigenomicCompatibility	cerebellum	human_cerebellum_GSE322785_provisional	GSE322785	oligodendrocyte_candidate|Peaks|FatePolarity|shared_postmitotic_granule_maturation|distal_100kb	epigenomic_support_for_FatePolarity	robust_rank_score	0.2131862196001845	0.2131862196001845	robust-positive broad and cluster-supported granule-candidate contrast supports regulatory compatibility	0.4	0.0852744878400738	weak_or_mixed_support	provisional_epigenomic_robust_positive	gse322785_epigenomic_robust_positive_contrasts.tsv	concordance=robust_positive; cluster_supported_n_donors=3.0
EU00402	epigenomic_sensitivity	E	EpigenomicCompatibility	cerebellum	human_cerebellum_GSE322785_provisional	GSE322785	astrocyte_bergmann_candidate|Peaks|ConstructionBalance|Tier 4 screen-specific mechanism support|gene_body_overlap	epigenomic_support_for_ConstructionBalance	robust_rank_score	0.2129920465177606	0.2129920465177606	robust-positive broad and cluster-supported granule-candidate contrast supports regulatory compatibility	0.4	0.08519681860710425	weak_or_mixed_support	provisional_epigenomic_robust_positive	gse322785_epigenomic_robust_positive_contrasts.tsv	concordance=robust_positive; cluster_supported_n_donors=3.0
EU00403	epigenomic_sensitivity	E	EpigenomicCompatibility	cerebellum	human_cerebellum_GSE322785_provisional	GSE322785	astrocyte_bergmann_candidate|Peaks|EpigenomicCompatibility|dentate_fate_wnt_prox1|distal_100kb	epigenomic_support_for_EpigenomicCompatibility	robust_rank_score	0.2111408003050411	0.2111408003050411	robust-positive broad and cluster-supported granule-candidate contrast supports regulatory compatibility	0.4	0.08445632012201644	weak_or_mixed_support	provisional_epigenomic_robust_positive	gse322785_epigenomic_robust_positive_contrasts.tsv	concordance=robust_positive; cluster_supported_n_donors=3.0
EU00404	epigenomic_sensitivity	E	EpigenomicCompatibility	cerebellum	human_cerebellum_GSE322785_provisional	GSE322785	astrocyte_bergmann_candidate|Peaks|EpigenomicCompatibility|medial_pallium_dentate_lineage|distal_100kb	epigenomic_support_for_EpigenomicCompatibility	robust_rank_score	0.2111408003050411	0.2111408003050411	robust-positive broad and cluster-supported granule-candidate contrast supports regulatory compatibility	0.4	0.08445632012201644	weak_or_mixed_support	provisional_epigenomic_robust_positive	gse322785_epigenomic_robust_positive_contrasts.tsv	concordance=robust_positive; cluster_supported_n_donors=3.0
EU00405	epigenomic_sensitivity	E	EpigenomicCompatibility	cerebellum	human_cerebellum_GSE322785_provisional	GSE322785	astrocyte_bergmann_candidate|Peaks|FatePolarity|shared_postmitotic_granule_maturation|distal_100kb	epigenomic_support_for_FatePolarity	robust_rank_score	0.2111408003050411	0.2111408003050411	robust-positive broad and cluster-supported granule-candidate contrast supports regulatory compatibility	0.4	0.08445632012201644	weak_or_mixed_support	provisional_epigenomic_robust_positive	gse322785_epigenomic_robust_positive_contrasts.tsv	concordance=robust_positive; cluster_supported_n_donors=3.0
EU00406	epigenomic_sensitivity	E	EpigenomicCompatibility	cerebellum	human_cerebellum_GSE322785_provisional	GSE322785	astrocyte_bergmann_candidate|Peaks|FatePolarity|dentate_fate_wnt_prox1|gene_edge_2kb	epigenomic_support_for_FatePolarity	robust_rank_score	0.2108336039119983	0.2108336039119983	robust-positive broad and cluster-supported granule-candidate contrast supports regulatory compatibility	0.4	0.08433344156479933	weak_or_mixed_support	provisional_epigenomic_robust_positive	gse322785_epigenomic_robust_positive_contrasts.tsv	concordance=robust_positive; cluster_supported_n_donors=3.0
EU00407	epigenomic_sensitivity	E	EpigenomicCompatibility	cerebellum	human_cerebellum_GSE322785_provisional	GSE322785	astrocyte_bergmann_candidate|Peaks|FatePolarity|medial_pallium_dentate_lineage|gene_edge_2kb	epigenomic_support_for_FatePolarity	robust_rank_score	0.2108336039119983	0.2108336039119983	robust-positive broad and cluster-supported granule-candidate contrast supports regulatory compatibility	0.4	0.08433344156479933	weak_or_mixed_support	provisional_epigenomic_robust_positive	gse322785_epigenomic_robust_positive_contrasts.tsv	concordance=robust_positive; cluster_supported_n_donors=3.0
EU00408	epigenomic_sensitivity	E	EpigenomicCompatibility	cerebellum	human_cerebellum_GSE322785_provisional	GSE322785	oligodendrocyte_candidate|Peaks|ConstructionBalance|Tier 4 screen-specific mechanism support|gene_edge_2kb	epigenomic_support_for_ConstructionBalance	robust_rank_score	0.2093531039107267	0.2093531039107267	robust-positive broad and cluster-supported granule-candidate contrast supports regulatory compatibility	0.4	0.08374124156429069	weak_or_mixed_support	provisional_epigenomic_robust_positive	gse322785_epigenomic_robust_positive_contrasts.tsv	concordance=robust_positive; cluster_supported_n_donors=3.0
EU00409	epigenomic_sensitivity	E	EpigenomicCompatibility	cerebellum	human_cerebellum_GSE322785_provisional	GSE322785	astrocyte_bergmann_candidate|Peaks|ConstructionBalance|downstream_neurite_synapse_construction|proximal_10kb	epigenomic_support_for_ConstructionBalance	robust_rank_score	0.2062833178213699	0.2062833178213699	robust-positive broad and cluster-supported granule-candidate contrast supports regulatory compatibility	0.4	0.08251332712854798	weak_or_mixed_support	provisional_epigenomic_robust_positive	gse322785_epigenomic_robust_positive_contrasts.tsv	concordance=robust_positive; cluster_supported_n_donors=3.0
EU00410	epigenomic_sensitivity	E	EpigenomicCompatibility	cerebellum	human_cerebellum_GSE322785_provisional	GSE322785	astrocyte_bergmann_candidate|Peaks|EpigenomicCompatibility|downstream_neurite_synapse_construction|proximal_10kb	epigenomic_support_for_EpigenomicCompatibility	robust_rank_score	0.2062833178213699	0.2062833178213699	robust-positive broad and cluster-supported granule-candidate contrast supports regulatory compatibility	0.4	0.08251332712854798	weak_or_mixed_support	provisional_epigenomic_robust_positive	gse322785_epigenomic_robust_positive_contrasts.tsv	concordance=robust_positive; cluster_supported_n_donors=3.0
EU00411	epigenomic_sensitivity	E	EpigenomicCompatibility	cerebellum	human_cerebellum_GSE322785_provisional	GSE322785	oligodendrocyte_candidate|Peaks|EpigenomicCompatibility|downstream_synaptic_excitability|proximal_10kb	epigenomic_support_for_EpigenomicCompatibility	robust_rank_score	0.2050626144897825	0.2050626144897825	robust-positive broad and cluster-supported granule-candidate contrast supports regulatory compatibility	0.4	0.082025045795913	weak_or_mixed_support	provisional_epigenomic_robust_positive	gse322785_epigenomic_robust_positive_contrasts.tsv	concordance=robust_positive; cluster_supported_n_donors=3.0
EU00412	epigenomic_sensitivity	E	EpigenomicCompatibility	cerebellum	human_cerebellum_GSE322785_provisional	GSE322785	astrocyte_bergmann_candidate|Peaks|ConstructionBalance|Tier 1 core convergent program|gene_edge_2kb	epigenomic_support_for_ConstructionBalance	robust_rank_score	0.203099110956228	0.203099110956228	robust-positive broad and cluster-supported granule-candidate contrast supports regulatory compatibility	0.4	0.0812396443824912	weak_or_mixed_support	provisional_epigenomic_robust_positive	gse322785_epigenomic_robust_positive_contrasts.tsv	concordance=robust_positive; cluster_supported_n_donors=3.0
EU00413	epigenomic_sensitivity	E	EpigenomicCompatibility	cerebellum	human_cerebellum_GSE322785_provisional	GSE322785	astrocyte_bergmann_candidate|Peaks|NicheSignal|cerebellar_fate_rhombic_lip_shh|gene_edge_2kb	epigenomic_support_for_NicheSignal	robust_rank_score	0.2026387454375413	0.2026387454375413	robust-positive broad and cluster-supported granule-candidate contrast supports regulatory compatibility	0.4	0.08105549817501652	weak_or_mixed_support	provisional_epigenomic_robust_positive	gse322785_epigenomic_robust_positive_contrasts.tsv	concordance=robust_positive; cluster_supported_n_donors=3.0
EU00414	epigenomic_sensitivity	E	EpigenomicCompatibility	cerebellum	human_cerebellum_GSE322785_provisional	GSE322785	astrocyte_bergmann_candidate|Peaks|NicheSignal|hindbrain_rhombic_lip_pattern|gene_edge_2kb	epigenomic_support_for_NicheSignal	robust_rank_score	0.2026387454375413	0.2026387454375413	robust-positive broad and cluster-supported granule-candidate contrast supports regulatory compatibility	0.4	0.08105549817501652	weak_or_mixed_support	provisional_epigenomic_robust_positive	gse322785_epigenomic_robust_positive_contrasts.tsv	concordance=robust_positive; cluster_supported_n_donors=3.0
EU00415	epigenomic_sensitivity	E	EpigenomicCompatibility	cerebellum	human_cerebellum_GSE322785_provisional	GSE322785	astrocyte_bergmann_candidate|Peaks|ConstructionBalance|downstream_synaptic_excitability|proximal_10kb	epigenomic_support_for_ConstructionBalance	robust_rank_score	0.2011110510729426	0.2011110510729426	robust-positive broad and cluster-supported granule-candidate contrast supports regulatory compatibility	0.4	0.08044442042917704	weak_or_mixed_support	provisional_epigenomic_robust_positive	gse322785_epigenomic_robust_positive_contrasts.tsv	concordance=robust_positive; cluster_supported_n_donors=3.0
EU00416	epigenomic_sensitivity	E	EpigenomicCompatibility	cerebellum	human_cerebellum_GSE322785_provisional	GSE322785	astrocyte_bergmann_candidate|Peaks|EpigenomicCompatibility|shared_postmitotic_granule_maturation|distal_100kb	epigenomic_support_for_EpigenomicCompatibility	robust_rank_score	0.1999015630170756	0.1999015630170756	robust-positive broad and cluster-supported granule-candidate contrast supports regulatory compatibility	0.4	0.07996062520683024	weak_or_mixed_support	provisional_epigenomic_robust_positive	gse322785_epigenomic_robust_positive_contrasts.tsv	concordance=robust_positive; cluster_supported_n_donors=3.0
EU00417	epigenomic_sensitivity	E	EpigenomicCompatibility	cerebellum	human_cerebellum_GSE322785_provisional	GSE322785	astrocyte_bergmann_candidate|Peaks|ConstructionBalance|shared_postmitotic_granule_maturation|proximal_10kb	epigenomic_support_for_ConstructionBalance	robust_rank_score	0.1996601022824368	0.1996601022824368	robust-positive broad and cluster-supported granule-candidate contrast supports regulatory compatibility	0.4	0.07986404091297472	weak_or_mixed_support	provisional_epigenomic_robust_positive	gse322785_epigenomic_robust_positive_contrasts.tsv	concordance=robust_positive; cluster_supported_n_donors=3.0
EU00418	epigenomic_sensitivity	E	EpigenomicCompatibility	cerebellum	human_cerebellum_GSE322785_provisional	GSE322785	oligodendrocyte_candidate|Peaks|EpigenomicCompatibility|downstream_synaptic_excitability|gene_edge_2kb	epigenomic_support_for_EpigenomicCompatibility	robust_rank_score	0.1955117894817225	0.1955117894817225	robust-positive broad and cluster-supported granule-candidate contrast supports regulatory compatibility	0.4	0.078204715792689	weak_or_mixed_support	provisional_epigenomic_robust_positive	gse322785_epigenomic_robust_positive_contrasts.tsv	concordance=robust_positive; cluster_supported_n_donors=3.0
EU00419	epigenomic_sensitivity	E	EpigenomicCompatibility	cerebellum	human_cerebellum_GSE322785_provisional	GSE322785	oligodendrocyte_candidate|Peaks|FatePolarity|cerebellar_fate_rhombic_lip_shh|gene_edge_2kb	epigenomic_support_for_FatePolarity	robust_rank_score	0.1950279720679527	0.1950279720679527	robust-positive broad and cluster-supported granule-candidate contrast supports regulatory compatibility	0.4	0.07801118882718108	weak_or_mixed_support	provisional_epigenomic_robust_positive	gse322785_epigenomic_robust_positive_contrasts.tsv	concordance=robust_positive; cluster_supported_n_donors=3.0
EU00420	epigenomic_sensitivity	E	EpigenomicCompatibility	cerebellum	human_cerebellum_GSE322785_provisional	GSE322785	astrocyte_bergmann_candidate|Peaks|ConstructionBalance|Tier 5 exploratory non-identical ortholog|proximal_10kb	epigenomic_support_for_ConstructionBalance	robust_rank_score	0.193986788570684	0.193986788570684	robust-positive broad and cluster-supported granule-candidate contrast supports regulatory compatibility	0.4	0.0775947154282736	weak_or_mixed_support	provisional_epigenomic_robust_positive	gse322785_epigenomic_robust_positive_contrasts.tsv	concordance=robust_positive; cluster_supported_n_donors=3.0
EU00421	epigenomic_sensitivity	E	EpigenomicCompatibility	cerebellum	human_cerebellum_GSE322785_provisional	GSE322785	oligodendrocyte_candidate|Peaks|ConstructionBalance|downstream_synaptic_excitability|gene_edge_2kb	epigenomic_support_for_ConstructionBalance	robust_rank_score	0.1937412334653188	0.1937412334653188	robust-positive broad and cluster-supported granule-candidate contrast supports regulatory compatibility	0.4	0.07749649338612752	weak_or_mixed_support	provisional_epigenomic_robust_positive	gse322785_epigenomic_robust_positive_contrasts.tsv	concordance=robust_positive; cluster_supported_n_donors=3.0
EU00422	epigenomic_sensitivity	E	EpigenomicCompatibility	cerebellum	human_cerebellum_GSE322785_provisional	GSE322785	astrocyte_bergmann_candidate|Peaks|EpigenomicCompatibility|shared_postmitotic_granule_maturation|gene_body_overlap	epigenomic_support_for_EpigenomicCompatibility	robust_rank_score	0.1921219983547616	0.1921219983547616	robust-positive broad and cluster-supported granule-candidate contrast supports regulatory compatibility	0.4	0.07684879934190464	weak_or_mixed_support	provisional_epigenomic_robust_positive	gse322785_epigenomic_robust_positive_contrasts.tsv	concordance=robust_positive; cluster_supported_n_donors=3.0
EU00423	epigenomic_sensitivity	E	EpigenomicCompatibility	cerebellum	human_cerebellum_GSE322785_provisional	GSE322785	oligodendrocyte_candidate|Peaks|EpigenomicCompatibility|Tier 1 core convergent program|gene_edge_2kb	epigenomic_support_for_EpigenomicCompatibility	robust_rank_score	0.1905774913078548	0.1905774913078548	robust-positive broad and cluster-supported granule-candidate contrast supports regulatory compatibility	0.4	0.07623099652314193	weak_or_mixed_support	provisional_epigenomic_robust_positive	gse322785_epigenomic_robust_positive_contrasts.tsv	concordance=robust_positive; cluster_supported_n_donors=3.0
EU00424	epigenomic_sensitivity	E	EpigenomicCompatibility	cerebellum	human_cerebellum_GSE322785_provisional	GSE322785	astrocyte_bergmann_candidate|Peaks|EpigenomicCompatibility|Tier 1 core convergent program|proximal_10kb	epigenomic_support_for_EpigenomicCompatibility	robust_rank_score	0.1894594564038545	0.1894594564038545	robust-positive broad and cluster-supported granule-candidate contrast supports regulatory compatibility	0.4	0.07578378256154181	weak_or_mixed_support	provisional_epigenomic_robust_positive	gse322785_epigenomic_robust_positive_contrasts.tsv	concordance=robust_positive; cluster_supported_n_donors=3.0
EU00425	epigenomic_sensitivity	E	EpigenomicCompatibility	cerebellum	human_cerebellum_GSE322785_provisional	GSE322785	oligodendrocyte_candidate|Gene Expression|NicheSignal|cerebellar_fate_rhombic_lip_shh|gene_expression_or_marker	epigenomic_support_for_NicheSignal	robust_rank_score	0.1878246323808179	0.1878246323808179	robust-positive broad and cluster-supported granule-candidate contrast supports regulatory compatibility	0.4	0.07512985295232716	weak_or_mixed_support	provisional_epigenomic_robust_positive	gse322785_epigenomic_robust_positive_contrasts.tsv	concordance=robust_positive; cluster_supported_n_donors=3.0
EU00426	epigenomic_sensitivity	E	EpigenomicCompatibility	cerebellum	human_cerebellum_GSE322785_provisional	GSE322785	oligodendrocyte_candidate|Gene Expression|NicheSignal|hindbrain_rhombic_lip_pattern|gene_expression_or_marker	epigenomic_support_for_NicheSignal	robust_rank_score	0.1878246323808179	0.1878246323808179	robust-positive broad and cluster-supported granule-candidate contrast supports regulatory compatibility	0.4	0.07512985295232716	weak_or_mixed_support	provisional_epigenomic_robust_positive	gse322785_epigenomic_robust_positive_contrasts.tsv	concordance=robust_positive; cluster_supported_n_donors=3.0
EU00427	epigenomic_sensitivity	E	EpigenomicCompatibility	cerebellum	human_cerebellum_GSE322785_provisional	GSE322785	oligodendrocyte_candidate|Peaks|FatePolarity|hindbrain_rhombic_lip_pattern|gene_body_overlap	epigenomic_support_for_FatePolarity	robust_rank_score	0.1848783793224067	0.1848783793224067	robust-positive broad and cluster-supported granule-candidate contrast supports regulatory compatibility	0.4	0.07395135172896268	weak_or_mixed_support	provisional_epigenomic_robust_positive	gse322785_epigenomic_robust_positive_contrasts.tsv	concordance=robust_positive; cluster_supported_n_donors=3.0
EU00428	epigenomic_sensitivity	E	EpigenomicCompatibility	cerebellum	human_cerebellum_GSE322785_provisional	GSE322785	astrocyte_bergmann_candidate|Peaks|EpigenomicCompatibility|downstream_synaptic_excitability|distal_100kb	epigenomic_support_for_EpigenomicCompatibility	robust_rank_score	0.184282576974259	0.184282576974259	robust-positive broad and cluster-supported granule-candidate contrast supports regulatory compatibility	0.4	0.0737130307897036	weak_or_mixed_support	provisional_epigenomic_robust_positive	gse322785_epigenomic_robust_positive_contrasts.tsv	concordance=robust_positive; cluster_supported_n_donors=3.0
EU00429	epigenomic_sensitivity	E	EpigenomicCompatibility	cerebellum	human_cerebellum_GSE322785_provisional	GSE322785	astrocyte_bergmann_candidate|Peaks|FatePolarity|hindbrain_rhombic_lip_pattern|proximal_10kb	epigenomic_support_for_FatePolarity	robust_rank_score	0.1830146205481971	0.1830146205481971	robust-positive broad and cluster-supported granule-candidate contrast supports regulatory compatibility	0.4	0.07320584821927884	weak_or_mixed_support	provisional_epigenomic_robust_positive	gse322785_epigenomic_robust_positive_contrasts.tsv	concordance=robust_positive; cluster_supported_n_donors=3.0
EU00430	epigenomic_sensitivity	E	EpigenomicCompatibility	cerebellum	human_cerebellum_GSE322785_provisional	GSE322785	oligodendrocyte_candidate|Peaks|ConstructionBalance|downstream_synaptic_excitability|proximal_10kb	epigenomic_support_for_ConstructionBalance	robust_rank_score	0.1816450893316755	0.1816450893316755	robust-positive broad and cluster-supported granule-candidate contrast supports regulatory compatibility	0.4	0.0726580357326702	weak_or_mixed_support	provisional_epigenomic_robust_positive	gse322785_epigenomic_robust_positive_contrasts.tsv	concordance=robust_positive; cluster_supported_n_donors=3.0
EU00431	epigenomic_sensitivity	E	EpigenomicCompatibility	cerebellum	human_cerebellum_GSE322785_provisional	GSE322785	astrocyte_bergmann_candidate|Peaks|EpigenomicCompatibility|downstream_neurite_morphology|proximal_10kb	epigenomic_support_for_EpigenomicCompatibility	robust_rank_score	0.1799493127910512	0.1799493127910512	robust-positive broad and cluster-supported granule-candidate contrast supports regulatory compatibility	0.4	0.07197972511642048	weak_or_mixed_support	provisional_epigenomic_robust_positive	gse322785_epigenomic_robust_positive_contrasts.tsv	concordance=robust_positive; cluster_supported_n_donors=3.0
EU00432	epigenomic_sensitivity	E	EpigenomicCompatibility	cerebellum	human_cerebellum_GSE322785_provisional	GSE322785	oligodendrocyte_candidate|Peaks|ConstructionBalance|downstream_synaptic_excitability|gene_body_overlap	epigenomic_support_for_ConstructionBalance	robust_rank_score	0.1790390947823524	0.1790390947823524	robust-positive broad and cluster-supported granule-candidate contrast supports regulatory compatibility	0.4	0.07161563791294095	weak_or_mixed_support	provisional_epigenomic_robust_positive	gse322785_epigenomic_robust_positive_contrasts.tsv	concordance=robust_positive; cluster_supported_n_donors=3.0
EU00433	epigenomic_sensitivity	E	EpigenomicCompatibility	cerebellum	human_cerebellum_GSE322785_provisional	GSE322785	oligodendrocyte_candidate|Peaks|EpigenomicCompatibility|shared_neurogenic_niche_state|proximal_10kb	epigenomic_support_for_EpigenomicCompatibility	robust_rank_score	0.1787741044528551	0.1787741044528551	robust-positive broad and cluster-supported granule-candidate contrast supports regulatory compatibility	0.4	0.07150964178114204	weak_or_mixed_support	provisional_epigenomic_robust_positive	gse322785_epigenomic_robust_positive_contrasts.tsv	concordance=robust_positive; cluster_supported_n_donors=3.0
EU00434	epigenomic_sensitivity	E	EpigenomicCompatibility	cerebellum	human_cerebellum_GSE322785_provisional	GSE322785	oligodendrocyte_candidate|Peaks|NicheSignal|shared_postmitotic_granule_maturation|proximal_10kb	epigenomic_support_for_NicheSignal	robust_rank_score	0.1787741044528551	0.1787741044528551	robust-positive broad and cluster-supported granule-candidate contrast supports regulatory compatibility	0.4	0.07150964178114204	weak_or_mixed_support	provisional_epigenomic_robust_positive	gse322785_epigenomic_robust_positive_contrasts.tsv	concordance=robust_positive; cluster_supported_n_donors=3.0
EU00435	epigenomic_sensitivity	E	EpigenomicCompatibility	cerebellum	human_cerebellum_GSE322785_provisional	GSE322785	oligodendrocyte_candidate|Peaks|FatePolarity|dentate_fate_wnt_prox1|gene_edge_2kb	epigenomic_support_for_FatePolarity	robust_rank_score	0.1769837120981646	0.1769837120981646	robust-positive broad and cluster-supported granule-candidate contrast supports regulatory compatibility	0.4	0.07079348483926584	weak_or_mixed_support	provisional_epigenomic_robust_positive	gse322785_epigenomic_robust_positive_contrasts.tsv	concordance=robust_positive; cluster_supported_n_donors=3.0
EU00436	epigenomic_sensitivity	E	EpigenomicCompatibility	cerebellum	human_cerebellum_GSE322785_provisional	GSE322785	oligodendrocyte_candidate|Peaks|FatePolarity|medial_pallium_dentate_lineage|gene_edge_2kb	epigenomic_support_for_FatePolarity	robust_rank_score	0.1769837120981646	0.1769837120981646	robust-positive broad and cluster-supported granule-candidate contrast supports regulatory compatibility	0.4	0.07079348483926584	weak_or_mixed_support	provisional_epigenomic_robust_positive	gse322785_epigenomic_robust_positive_contrasts.tsv	concordance=robust_positive; cluster_supported_n_donors=3.0
EU00437	epigenomic_sensitivity	E	EpigenomicCompatibility	cerebellum	human_cerebellum_GSE322785_provisional	GSE322785	oligodendrocyte_candidate|Peaks|FatePolarity|hindbrain_rhombic_lip_pattern|proximal_10kb	epigenomic_support_for_FatePolarity	robust_rank_score	0.1755292677133445	0.1755292677133445	robust-positive broad and cluster-supported granule-candidate contrast supports regulatory compatibility	0.4	0.0702117070853378	weak_or_mixed_support	provisional_epigenomic_robust_positive	gse322785_epigenomic_robust_positive_contrasts.tsv	concordance=robust_positive; cluster_supported_n_donors=3.0
EU00438	epigenomic_sensitivity	E	EpigenomicCompatibility	cerebellum	human_cerebellum_GSE322785_provisional	GSE322785	astrocyte_bergmann_candidate|Peaks|FatePolarity|hindbrain_rhombic_lip_pattern|distal_100kb	epigenomic_support_for_FatePolarity	robust_rank_score	0.1749043563423379	0.1749043563423379	robust-positive broad and cluster-supported granule-candidate contrast supports regulatory compatibility	0.4	0.06996174253693516	weak_or_mixed_support	provisional_epigenomic_robust_positive	gse322785_epigenomic_robust_positive_contrasts.tsv	concordance=robust_positive; cluster_supported_n_donors=3.0
EU00439	epigenomic_sensitivity	E	EpigenomicCompatibility	cerebellum	human_cerebellum_GSE322785_provisional	GSE322785	astrocyte_bergmann_candidate|Peaks|FatePolarity|cerebellar_fate_rhombic_lip_shh|distal_100kb	epigenomic_support_for_FatePolarity	robust_rank_score	0.1741065115140343	0.1741065115140343	robust-positive broad and cluster-supported granule-candidate contrast supports regulatory compatibility	0.4	0.06964260460561372	weak_or_mixed_support	provisional_epigenomic_robust_positive	gse322785_epigenomic_robust_positive_contrasts.tsv	concordance=robust_positive; cluster_supported_n_donors=3.0
EU00440	epigenomic_sensitivity	E	EpigenomicCompatibility	cerebellum	human_cerebellum_GSE322785_provisional	GSE322785	astrocyte_bergmann_candidate|Peaks|ConstructionBalance|Tier 4 screen-specific mechanism support|proximal_10kb	epigenomic_support_for_ConstructionBalance	robust_rank_score	0.1733249516331382	0.1733249516331382	robust-positive broad and cluster-supported granule-candidate contrast supports regulatory compatibility	0.4	0.06932998065325528	weak_or_mixed_support	provisional_epigenomic_robust_positive	gse322785_epigenomic_robust_positive_contrasts.tsv	concordance=robust_positive; cluster_supported_n_donors=3.0
EU00441	epigenomic_sensitivity	E	EpigenomicCompatibility	cerebellum	human_cerebellum_GSE322785_provisional	GSE322785	astrocyte_bergmann_candidate|Peaks|ConstructionBalance|downstream_synaptic_excitability|distal_100kb	epigenomic_support_for_ConstructionBalance	robust_rank_score	0.1726970016436014	0.1726970016436014	robust-positive broad and cluster-supported granule-candidate contrast supports regulatory compatibility	0.4	0.06907880065744057	weak_or_mixed_support	provisional_epigenomic_robust_positive	gse322785_epigenomic_robust_positive_contrasts.tsv	concordance=robust_positive; cluster_supported_n_donors=3.0
EU00442	epigenomic_sensitivity	E	EpigenomicCompatibility	cerebellum	human_cerebellum_GSE322785_provisional	GSE322785	oligodendrocyte_candidate|Peaks|EpigenomicCompatibility|Tier 1 core convergent program|proximal_10kb	epigenomic_support_for_EpigenomicCompatibility	robust_rank_score	0.1711774024942242	0.1711774024942242	robust-positive broad and cluster-supported granule-candidate contrast supports regulatory compatibility	0.4	0.06847096099768968	weak_or_mixed_support	provisional_epigenomic_robust_positive	gse322785_epigenomic_robust_positive_contrasts.tsv	concordance=robust_positive; cluster_supported_n_donors=3.0
EU00443	epigenomic_sensitivity	E	EpigenomicCompatibility	cerebellum	human_cerebellum_GSE322785_provisional	GSE322785	astrocyte_bergmann_candidate|Peaks|ConstructionBalance|Tier 3 broad both-screen mechanism support|distal_100kb	epigenomic_support_for_ConstructionBalance	robust_rank_score	0.1692014582560579	0.1692014582560579	robust-positive broad and cluster-supported granule-candidate contrast supports regulatory compatibility	0.4	0.06768058330242316	weak_or_mixed_support	provisional_epigenomic_robust_positive	gse322785_epigenomic_robust_positive_contrasts.tsv	concordance=robust_positive; cluster_supported_n_donors=3.0
EU00444	epigenomic_sensitivity	E	EpigenomicCompatibility	cerebellum	human_cerebellum_GSE322785_provisional	GSE322785	astrocyte_bergmann_candidate|Peaks|ConstructionBalance|downstream_neurite_morphology|proximal_10kb	epigenomic_support_for_ConstructionBalance	robust_rank_score	0.1680461930946517	0.1680461930946517	robust-positive broad and cluster-supported granule-candidate contrast supports regulatory compatibility	0.4	0.06721847723786069	weak_or_mixed_support	provisional_epigenomic_robust_positive	gse322785_epigenomic_robust_positive_contrasts.tsv	concordance=robust_positive; cluster_supported_n_donors=3.0
EU00445	epigenomic_sensitivity	E	EpigenomicCompatibility	cerebellum	human_cerebellum_GSE322785_provisional	GSE322785	astrocyte_bergmann_candidate|Peaks|ConstructionBalance|downstream_neurite_morphology|distal_100kb	epigenomic_support_for_ConstructionBalance	robust_rank_score	0.1678228003951855	0.1678228003951855	robust-positive broad and cluster-supported granule-candidate contrast supports regulatory compatibility	0.4	0.0671291201580742	weak_or_mixed_support	provisional_epigenomic_robust_positive	gse322785_epigenomic_robust_positive_contrasts.tsv	concordance=robust_positive; cluster_supported_n_donors=3.0
EU00446	epigenomic_sensitivity	E	EpigenomicCompatibility	cerebellum	human_cerebellum_GSE322785_provisional	GSE322785	astrocyte_bergmann_candidate|Peaks|ConstructionBalance|Tier 4 screen-specific mechanism support|distal_100kb	epigenomic_support_for_ConstructionBalance	robust_rank_score	0.1673855618607717	0.1673855618607717	robust-positive broad and cluster-supported granule-candidate contrast supports regulatory compatibility	0.4	0.06695422474430868	weak_or_mixed_support	provisional_epigenomic_robust_positive	gse322785_epigenomic_robust_positive_contrasts.tsv	concordance=robust_positive; cluster_supported_n_donors=3.0
EU00447	epigenomic_sensitivity	E	EpigenomicCompatibility	cerebellum	human_cerebellum_GSE322785_provisional	GSE322785	astrocyte_bergmann_candidate|Peaks|FatePolarity|shared_neurogenic_niche_state|distal_100kb	epigenomic_support_for_FatePolarity	robust_rank_score	0.1671968364697462	0.1671968364697462	robust-positive broad and cluster-supported granule-candidate contrast supports regulatory compatibility	0.4	0.06687873458789849	weak_or_mixed_support	provisional_epigenomic_robust_positive	gse322785_epigenomic_robust_positive_contrasts.tsv	concordance=robust_positive; cluster_supported_n_donors=3.0
EU00448	epigenomic_sensitivity	E	EpigenomicCompatibility	cerebellum	human_cerebellum_GSE322785_provisional	GSE322785	astrocyte_bergmann_candidate|Peaks|EpigenomicCompatibility|Tier 4 screen-specific mechanism support|gene_body_overlap	epigenomic_support_for_EpigenomicCompatibility	robust_rank_score	0.1663224746957458	0.1663224746957458	robust-positive broad and cluster-supported granule-candidate contrast supports regulatory compatibility	0.4	0.06652898987829832	weak_or_mixed_support	provisional_epigenomic_robust_positive	gse322785_epigenomic_robust_positive_contrasts.tsv	concordance=robust_positive; cluster_supported_n_donors=3.0
EU00449	epigenomic_sensitivity	E	EpigenomicCompatibility	cerebellum	human_cerebellum_GSE322785_provisional	GSE322785	astrocyte_bergmann_candidate|Peaks|ConstructionBalance|downstream_neurite_synapse_construction|distal_100kb	epigenomic_support_for_ConstructionBalance	robust_rank_score	0.1659017057647264	0.1659017057647264	robust-positive broad and cluster-supported granule-candidate contrast supports regulatory compatibility	0.4	0.06636068230589057	weak_or_mixed_support	provisional_epigenomic_robust_positive	gse322785_epigenomic_robust_positive_contrasts.tsv	concordance=robust_positive; cluster_supported_n_donors=3.0
EU00450	epigenomic_sensitivity	E	EpigenomicCompatibility	cerebellum	human_cerebellum_GSE322785_provisional	GSE322785	astrocyte_bergmann_candidate|Peaks|EpigenomicCompatibility|downstream_neurite_synapse_construction|distal_100kb	epigenomic_support_for_EpigenomicCompatibility	robust_rank_score	0.1659017057647264	0.1659017057647264	robust-positive broad and cluster-supported granule-candidate contrast supports regulatory compatibility	0.4	0.06636068230589057	weak_or_mixed_support	provisional_epigenomic_robust_positive	gse322785_epigenomic_robust_positive_contrasts.tsv	concordance=robust_positive; cluster_supported_n_donors=3.0
EU00451	epigenomic_sensitivity	E	EpigenomicCompatibility	cerebellum	human_cerebellum_GSE322785_provisional	GSE322785	oligodendrocyte_candidate|Peaks|ConstructionBalance|downstream_neurite_synapse_construction|proximal_10kb	epigenomic_support_for_ConstructionBalance	robust_rank_score	0.1644476475963145	0.1644476475963145	robust-positive broad and cluster-supported granule-candidate contrast supports regulatory compatibility	0.4	0.06577905903852581	weak_or_mixed_support	provisional_epigenomic_robust_positive	gse322785_epigenomic_robust_positive_contrasts.tsv	concordance=robust_positive; cluster_supported_n_donors=3.0
EU00452	epigenomic_sensitivity	E	EpigenomicCompatibility	cerebellum	human_cerebellum_GSE322785_provisional	GSE322785	oligodendrocyte_candidate|Peaks|EpigenomicCompatibility|downstream_neurite_synapse_construction|proximal_10kb	epigenomic_support_for_EpigenomicCompatibility	robust_rank_score	0.1644476475963145	0.1644476475963145	robust-positive broad and cluster-supported granule-candidate contrast supports regulatory compatibility	0.4	0.06577905903852581	weak_or_mixed_support	provisional_epigenomic_robust_positive	gse322785_epigenomic_robust_positive_contrasts.tsv	concordance=robust_positive; cluster_supported_n_donors=3.0
EU00453	epigenomic_sensitivity	E	EpigenomicCompatibility	cerebellum	human_cerebellum_GSE322785_provisional	GSE322785	astrocyte_bergmann_candidate|Peaks|EpigenomicCompatibility|Tier 4 screen-specific mechanism support|proximal_10kb	epigenomic_support_for_EpigenomicCompatibility	robust_rank_score	0.1633739149755027	0.1633739149755027	robust-positive broad and cluster-supported granule-candidate contrast supports regulatory compatibility	0.4	0.06534956599020107	weak_or_mixed_support	provisional_epigenomic_robust_positive	gse322785_epigenomic_robust_positive_contrasts.tsv	concordance=robust_positive; cluster_supported_n_donors=3.0
EU00454	epigenomic_sensitivity	E	EpigenomicCompatibility	cerebellum	human_cerebellum_GSE322785_provisional	GSE322785	oligodendrocyte_candidate|Peaks|EpigenomicCompatibility|shared_postmitotic_granule_maturation|distal_100kb	epigenomic_support_for_EpigenomicCompatibility	robust_rank_score	0.1624319294091909	0.1624319294091909	robust-positive broad and cluster-supported granule-candidate contrast supports regulatory compatibility	0.4	0.06497277176367637	weak_or_mixed_support	provisional_epigenomic_robust_positive	gse322785_epigenomic_robust_positive_contrasts.tsv	concordance=robust_positive; cluster_supported_n_donors=3.0
EU00455	epigenomic_sensitivity	E	EpigenomicCompatibility	cerebellum	human_cerebellum_GSE322785_provisional	GSE322785	astrocyte_bergmann_candidate|Peaks|NicheSignal|deep_neural_progenitor|distal_100kb	epigenomic_support_for_NicheSignal	robust_rank_score	0.1611981657531626	0.1611981657531626	robust-positive broad and cluster-supported granule-candidate contrast supports regulatory compatibility	0.4	0.06447926630126503	weak_or_mixed_support	provisional_epigenomic_robust_positive	gse322785_epigenomic_robust_positive_contrasts.tsv	concordance=robust_positive; cluster_supported_n_donors=3.0
EU00456	epigenomic_sensitivity	E	EpigenomicCompatibility	cerebellum	human_cerebellum_GSE322785_provisional	GSE322785	astrocyte_bergmann_candidate|Peaks|EpigenomicCompatibility|downstream_synaptic_excitability|gene_body_overlap	epigenomic_support_for_EpigenomicCompatibility	robust_rank_score	0.1603589551945212	0.1603589551945212	robust-positive broad and cluster-supported granule-candidate contrast supports regulatory compatibility	0.4	0.06414358207780849	weak_or_mixed_support	provisional_epigenomic_robust_positive	gse322785_epigenomic_robust_positive_contrasts.tsv	concordance=robust_positive; cluster_supported_n_donors=3.0
EU00457	epigenomic_sensitivity	E	EpigenomicCompatibility	cerebellum	human_cerebellum_GSE322785_provisional	GSE322785	astrocyte_bergmann_candidate|Peaks|ConstructionBalance|Tier 2 high-confidence wiring/synaptic executor|gene_body_overlap	epigenomic_support_for_ConstructionBalance	robust_rank_score	0.1601178810958709	0.1601178810958709	robust-positive broad and cluster-supported granule-candidate contrast supports regulatory compatibility	0.4	0.06404715243834837	weak_or_mixed_support	provisional_epigenomic_robust_positive	gse322785_epigenomic_robust_positive_contrasts.tsv	concordance=robust_positive; cluster_supported_n_donors=3.0
EU00458	epigenomic_sensitivity	E	EpigenomicCompatibility	cerebellum	human_cerebellum_GSE322785_provisional	GSE322785	astrocyte_bergmann_candidate|Peaks|FatePolarity|deep_neural_progenitor|distal_100kb	epigenomic_support_for_FatePolarity	robust_rank_score	0.1593036927609127	0.1593036927609127	robust-positive broad and cluster-supported granule-candidate contrast supports regulatory compatibility	0.4	0.06372147710436508	weak_or_mixed_support	provisional_epigenomic_robust_positive	gse322785_epigenomic_robust_positive_contrasts.tsv	concordance=robust_positive; cluster_supported_n_donors=3.0
EU00459	epigenomic_sensitivity	E	EpigenomicCompatibility	cerebellum	human_cerebellum_GSE322785_provisional	GSE322785	astrocyte_bergmann_candidate|Peaks|ConstructionBalance|Tier 5 exploratory non-identical ortholog|distal_100kb	epigenomic_support_for_ConstructionBalance	robust_rank_score	0.1591582851442455	0.1591582851442455	robust-positive broad and cluster-supported granule-candidate contrast supports regulatory compatibility	0.4	0.06366331405769819	weak_or_mixed_support	provisional_epigenomic_robust_positive	gse322785_epigenomic_robust_positive_contrasts.tsv	concordance=robust_positive; cluster_supported_n_donors=3.0
EU00460	epigenomic_sensitivity	E	EpigenomicCompatibility	cerebellum	human_cerebellum_GSE322785_provisional	GSE322785	astrocyte_bergmann_candidate|Peaks|EpigenomicCompatibility|downstream_neurite_morphology|distal_100kb	epigenomic_support_for_EpigenomicCompatibility	robust_rank_score	0.1579850194188861	0.1579850194188861	robust-positive broad and cluster-supported granule-candidate contrast supports regulatory compatibility	0.4	0.06319400776755445	weak_or_mixed_support	provisional_epigenomic_robust_positive	gse322785_epigenomic_robust_positive_contrasts.tsv	concordance=robust_positive; cluster_supported_n_donors=3.0
EU00461	epigenomic_sensitivity	E	EpigenomicCompatibility	cerebellum	human_cerebellum_GSE322785_provisional	GSE322785	oligodendrocyte_candidate|Peaks|EpigenomicCompatibility|shared_postmitotic_granule_maturation|gene_body_overlap	epigenomic_support_for_EpigenomicCompatibility	robust_rank_score	0.1578706797667337	0.1578706797667337	robust-positive broad and cluster-supported granule-candidate contrast supports regulatory compatibility	0.4	0.06314827190669348	weak_or_mixed_support	provisional_epigenomic_robust_positive	gse322785_epigenomic_robust_positive_contrasts.tsv	concordance=robust_positive; cluster_supported_n_donors=3.0
EU00462	epigenomic_sensitivity	E	EpigenomicCompatibility	cerebellum	human_cerebellum_GSE322785_provisional	GSE322785	oligodendrocyte_candidate|Gene Expression|EpigenomicCompatibility|shared_neurogenic_niche_state|gene_expression_or_marker	epigenomic_support_for_EpigenomicCompatibility	robust_rank_score	0.1573754282538397	0.1573754282538397	robust-positive broad and cluster-supported granule-candidate contrast supports regulatory compatibility	0.4	0.06295017130153589	weak_or_mixed_support	provisional_epigenomic_robust_positive	gse322785_epigenomic_robust_positive_contrasts.tsv	concordance=robust_positive; cluster_supported_n_donors=3.0
EU00463	epigenomic_sensitivity	E	EpigenomicCompatibility	cerebellum	human_cerebellum_GSE322785_provisional	GSE322785	oligodendrocyte_candidate|Gene Expression|NicheSignal|shared_postmitotic_granule_maturation|gene_expression_or_marker	epigenomic_support_for_NicheSignal	robust_rank_score	0.1573754282538397	0.1573754282538397	robust-positive broad and cluster-supported granule-candidate contrast supports regulatory compatibility	0.4	0.06295017130153589	weak_or_mixed_support	provisional_epigenomic_robust_positive	gse322785_epigenomic_robust_positive_contrasts.tsv	concordance=robust_positive; cluster_supported_n_donors=3.0
EU00464	epigenomic_sensitivity	E	EpigenomicCompatibility	cerebellum	human_cerebellum_GSE322785_provisional	GSE322785	astrocyte_bergmann_candidate|Peaks|ConstructionBalance|deep_neural_progenitor|distal_100kb	epigenomic_support_for_ConstructionBalance	robust_rank_score	0.156187961967909	0.156187961967909	robust-positive broad and cluster-supported granule-candidate contrast supports regulatory compatibility	0.4	0.0624751847871636	weak_or_mixed_support	provisional_epigenomic_robust_positive	gse322785_epigenomic_robust_positive_contrasts.tsv	concordance=robust_positive; cluster_supported_n_donors=3.0
EU00465	epigenomic_sensitivity	E	EpigenomicCompatibility	cerebellum	human_cerebellum_GSE322785_provisional	GSE322785	astrocyte_bergmann_candidate|Peaks|FatePolarity|Tier 3 broad both-screen mechanism support|distal_100kb	epigenomic_support_for_FatePolarity	robust_rank_score	0.156187961967909	0.156187961967909	robust-positive broad and cluster-supported granule-candidate contrast supports regulatory compatibility	0.4	0.0624751847871636	weak_or_mixed_support	provisional_epigenomic_robust_positive	gse322785_epigenomic_robust_positive_contrasts.tsv	concordance=robust_positive; cluster_supported_n_donors=3.0
EU00466	epigenomic_sensitivity	E	EpigenomicCompatibility	cerebellum	human_cerebellum_GSE322785_provisional	GSE322785	astrocyte_bergmann_candidate|Peaks|EpigenomicCompatibility|Tier 1 core convergent program|distal_100kb	epigenomic_support_for_EpigenomicCompatibility	robust_rank_score	0.1552715976582585	0.1552715976582585	robust-positive broad and cluster-supported granule-candidate contrast supports regulatory compatibility	0.4	0.0621086390633034	weak_or_mixed_support	provisional_epigenomic_robust_positive	gse322785_epigenomic_robust_positive_contrasts.tsv	concordance=robust_positive; cluster_supported_n_donors=3.0
EU00467	epigenomic_sensitivity	E	EpigenomicCompatibility	cerebellum	human_cerebellum_GSE322785_provisional	GSE322785	astrocyte_bergmann_candidate|Peaks|FatePolarity|dentate_fate_wnt_prox1|distal_100kb	epigenomic_support_for_FatePolarity	robust_rank_score	0.1547266700464699	0.1547266700464699	robust-positive broad and cluster-supported granule-candidate contrast supports regulatory compatibility	0.4	0.06189066801858796	weak_or_mixed_support	provisional_epigenomic_robust_positive	gse322785_epigenomic_robust_positive_contrasts.tsv	concordance=robust_positive; cluster_supported_n_donors=3.0
EU00468	epigenomic_sensitivity	E	EpigenomicCompatibility	cerebellum	human_cerebellum_GSE322785_provisional	GSE322785	astrocyte_bergmann_candidate|Peaks|FatePolarity|medial_pallium_dentate_lineage|distal_100kb	epigenomic_support_for_FatePolarity	robust_rank_score	0.1547266700464699	0.1547266700464699	robust-positive broad and cluster-supported granule-candidate contrast supports regulatory compatibility	0.4	0.06189066801858796	weak_or_mixed_support	provisional_epigenomic_robust_positive	gse322785_epigenomic_robust_positive_contrasts.tsv	concordance=robust_positive; cluster_supported_n_donors=3.0
EU00469	epigenomic_sensitivity	E	EpigenomicCompatibility	cerebellum	human_cerebellum_GSE322785_provisional	GSE322785	astrocyte_bergmann_candidate|Peaks|EpigenomicCompatibility|Tier 4 screen-specific mechanism support|distal_100kb	epigenomic_support_for_EpigenomicCompatibility	robust_rank_score	0.1546087668410496	0.1546087668410496	robust-positive broad and cluster-supported granule-candidate contrast supports regulatory compatibility	0.4	0.06184350673641984	weak_or_mixed_support	provisional_epigenomic_robust_positive	gse322785_epigenomic_robust_positive_contrasts.tsv	concordance=robust_positive; cluster_supported_n_donors=3.0
EU00470	epigenomic_sensitivity	E	EpigenomicCompatibility	cerebellum	human_cerebellum_GSE322785_provisional	GSE322785	astrocyte_bergmann_candidate|Peaks|NicheSignal|shared_neurogenic_niche_state|distal_100kb	epigenomic_support_for_NicheSignal	robust_rank_score	0.1540810893059977	0.1540810893059977	robust-positive broad and cluster-supported granule-candidate contrast supports regulatory compatibility	0.4	0.061632435722399084	weak_or_mixed_support	provisional_epigenomic_robust_positive	gse322785_epigenomic_robust_positive_contrasts.tsv	concordance=robust_positive; cluster_supported_n_donors=3.0
EU00471	epigenomic_sensitivity	E	EpigenomicCompatibility	cerebellum	human_cerebellum_GSE322785_provisional	GSE322785	oligodendrocyte_candidate|Peaks|EpigenomicCompatibility|downstream_synaptic_excitability|distal_100kb	epigenomic_support_for_EpigenomicCompatibility	robust_rank_score	0.1533751128599581	0.1533751128599581	robust-positive broad and cluster-supported granule-candidate contrast supports regulatory compatibility	0.4	0.06135004514398325	weak_or_mixed_support	provisional_epigenomic_robust_positive	gse322785_epigenomic_robust_positive_contrasts.tsv	concordance=robust_positive; cluster_supported_n_donors=3.0
EU00472	epigenomic_sensitivity	E	EpigenomicCompatibility	cerebellum	human_cerebellum_GSE322785_provisional	GSE322785	oligodendrocyte_candidate|Peaks|EpigenomicCompatibility|Tier 3 broad both-screen mechanism support|proximal_10kb	epigenomic_support_for_EpigenomicCompatibility	robust_rank_score	0.152489296907694	0.152489296907694	robust-positive broad and cluster-supported granule-candidate contrast supports regulatory compatibility	0.4	0.060995718763077605	weak_or_mixed_support	provisional_epigenomic_robust_positive	gse322785_epigenomic_robust_positive_contrasts.tsv	concordance=robust_positive; cluster_supported_n_donors=3.0
EU00473	epigenomic_sensitivity	E	EpigenomicCompatibility	cerebellum	human_cerebellum_GSE322785_provisional	GSE322785	astrocyte_bergmann_candidate|Peaks|ConstructionBalance|downstream_neurite_synapse_construction|gene_body_overlap	epigenomic_support_for_ConstructionBalance	robust_rank_score	0.1515930254032169	0.1515930254032169	robust-positive broad and cluster-supported granule-candidate contrast supports regulatory compatibility	0.4	0.06063721016128676	weak_or_mixed_support	provisional_epigenomic_robust_positive	gse322785_epigenomic_robust_positive_contrasts.tsv	concordance=robust_positive; cluster_supported_n_donors=3.0
EU00474	epigenomic_sensitivity	E	EpigenomicCompatibility	cerebellum	human_cerebellum_GSE322785_provisional	GSE322785	astrocyte_bergmann_candidate|Peaks|EpigenomicCompatibility|downstream_neurite_synapse_construction|gene_body_overlap	epigenomic_support_for_EpigenomicCompatibility	robust_rank_score	0.1515930254032169	0.1515930254032169	robust-positive broad and cluster-supported granule-candidate contrast supports regulatory compatibility	0.4	0.06063721016128676	weak_or_mixed_support	provisional_epigenomic_robust_positive	gse322785_epigenomic_robust_positive_contrasts.tsv	concordance=robust_positive; cluster_supported_n_donors=3.0
EU00475	epigenomic_sensitivity	E	EpigenomicCompatibility	cerebellum	human_cerebellum_GSE322785_provisional	GSE322785	astrocyte_bergmann_candidate|Gene Expression|FatePolarity|cerebellar_fate_rhombic_lip_shh|gene_expression_or_marker	epigenomic_support_for_FatePolarity	robust_rank_score	0.1511840248567061	0.1511840248567061	robust-positive broad and cluster-supported granule-candidate contrast supports regulatory compatibility	0.4	0.060473609942682444	weak_or_mixed_support	provisional_epigenomic_robust_positive	gse322785_epigenomic_robust_positive_contrasts.tsv	concordance=robust_positive; cluster_supported_n_donors=3.0
EU00476	epigenomic_sensitivity	E	EpigenomicCompatibility	cerebellum	human_cerebellum_GSE322785_provisional	GSE322785	oligodendrocyte_candidate|Peaks|FatePolarity|dentate_fate_wnt_prox1|proximal_10kb	epigenomic_support_for_FatePolarity	robust_rank_score	0.1505285299170243	0.1505285299170243	robust-positive broad and cluster-supported granule-candidate contrast supports regulatory compatibility	0.4	0.06021141196680973	weak_or_mixed_support	provisional_epigenomic_robust_positive	gse322785_epigenomic_robust_positive_contrasts.tsv	concordance=robust_positive; cluster_supported_n_donors=3.0
EU00477	epigenomic_sensitivity	E	EpigenomicCompatibility	cerebellum	human_cerebellum_GSE322785_provisional	GSE322785	oligodendrocyte_candidate|Peaks|FatePolarity|medial_pallium_dentate_lineage|proximal_10kb	epigenomic_support_for_FatePolarity	robust_rank_score	0.1505285299170243	0.1505285299170243	robust-positive broad and cluster-supported granule-candidate contrast supports regulatory compatibility	0.4	0.06021141196680973	weak_or_mixed_support	provisional_epigenomic_robust_positive	gse322785_epigenomic_robust_positive_contrasts.tsv	concordance=robust_positive; cluster_supported_n_donors=3.0
EU00478	epigenomic_sensitivity	E	EpigenomicCompatibility	cerebellum	human_cerebellum_GSE322785_provisional	GSE322785	oligodendrocyte_candidate|Peaks|NicheSignal|cerebellar_fate_rhombic_lip_shh|proximal_10kb	epigenomic_support_for_NicheSignal	robust_rank_score	0.1488617936372019	0.1488617936372019	robust-positive broad and cluster-supported granule-candidate contrast supports regulatory compatibility	0.4	0.05954471745488076	weak_or_mixed_support	provisional_epigenomic_robust_positive	gse322785_epigenomic_robust_positive_contrasts.tsv	concordance=robust_positive; cluster_supported_n_donors=3.0
EU00479	epigenomic_sensitivity	E	EpigenomicCompatibility	cerebellum	human_cerebellum_GSE322785_provisional	GSE322785	oligodendrocyte_candidate|Peaks|NicheSignal|hindbrain_rhombic_lip_pattern|proximal_10kb	epigenomic_support_for_NicheSignal	robust_rank_score	0.1488617936372019	0.1488617936372019	robust-positive broad and cluster-supported granule-candidate contrast supports regulatory compatibility	0.4	0.05954471745488076	weak_or_mixed_support	provisional_epigenomic_robust_positive	gse322785_epigenomic_robust_positive_contrasts.tsv	concordance=robust_positive; cluster_supported_n_donors=3.0
EU00480	epigenomic_sensitivity	E	EpigenomicCompatibility	cerebellum	human_cerebellum_GSE322785_provisional	GSE322785	astrocyte_bergmann_candidate|Peaks|EpigenomicCompatibility|downstream_neurite_morphology|gene_body_overlap	epigenomic_support_for_EpigenomicCompatibility	robust_rank_score	0.146874835362586	0.146874835362586	robust-positive broad and cluster-supported granule-candidate contrast supports regulatory compatibility	0.4	0.058749934145034405	weak_or_mixed_support	provisional_epigenomic_robust_positive	gse322785_epigenomic_robust_positive_contrasts.tsv	concordance=robust_positive; cluster_supported_n_donors=3.0
EU00481	epigenomic_sensitivity	E	EpigenomicCompatibility	cerebellum	human_cerebellum_GSE322785_provisional	GSE322785	astrocyte_bergmann_candidate|Peaks|ConstructionBalance|shared_postmitotic_granule_maturation|distal_100kb	epigenomic_support_for_ConstructionBalance	robust_rank_score	0.1468609035179503	0.1468609035179503	robust-positive broad and cluster-supported granule-candidate contrast supports regulatory compatibility	0.4	0.058744361407180125	weak_or_mixed_support	provisional_epigenomic_robust_positive	gse322785_epigenomic_robust_positive_contrasts.tsv	concordance=robust_positive; cluster_supported_n_donors=3.0
EU00482	epigenomic_sensitivity	E	EpigenomicCompatibility	cerebellum	human_cerebellum_GSE322785_provisional	GSE322785	oligodendrocyte_candidate|Peaks|EpigenomicCompatibility|Tier 1 core convergent program|distal_100kb	epigenomic_support_for_EpigenomicCompatibility	robust_rank_score	0.1467515749029426	0.1467515749029426	robust-positive broad and cluster-supported granule-candidate contrast supports regulatory compatibility	0.4	0.058700629961177045	weak_or_mixed_support	provisional_epigenomic_robust_positive	gse322785_epigenomic_robust_positive_contrasts.tsv	concordance=robust_positive; cluster_supported_n_donors=3.0
EU00483	epigenomic_sensitivity	E	EpigenomicCompatibility	cerebellum	human_cerebellum_GSE322785_provisional	GSE322785	oligodendrocyte_candidate|Peaks|EpigenomicCompatibility|shared_neurogenic_niche_state|distal_100kb	epigenomic_support_for_EpigenomicCompatibility	robust_rank_score	0.1466900021404492	0.1466900021404492	robust-positive broad and cluster-supported granule-candidate contrast supports regulatory compatibility	0.4	0.05867600085617968	weak_or_mixed_support	provisional_epigenomic_robust_positive	gse322785_epigenomic_robust_positive_contrasts.tsv	concordance=robust_positive; cluster_supported_n_donors=3.0
EU00484	epigenomic_sensitivity	E	EpigenomicCompatibility	cerebellum	human_cerebellum_GSE322785_provisional	GSE322785	oligodendrocyte_candidate|Peaks|NicheSignal|shared_postmitotic_granule_maturation|distal_100kb	epigenomic_support_for_NicheSignal	robust_rank_score	0.1466900021404492	0.1466900021404492	robust-positive broad and cluster-supported granule-candidate contrast supports regulatory compatibility	0.4	0.05867600085617968	weak_or_mixed_support	provisional_epigenomic_robust_positive	gse322785_epigenomic_robust_positive_contrasts.tsv	concordance=robust_positive; cluster_supported_n_donors=3.0
EU00485	epigenomic_sensitivity	E	EpigenomicCompatibility	cerebellum	human_cerebellum_GSE322785_provisional	GSE322785	astrocyte_bergmann_candidate|Peaks|FatePolarity|anterior_telencephalic_pattern|gene_body_overlap	epigenomic_support_for_FatePolarity	robust_rank_score	0.1434872367194304	0.1434872367194304	robust-positive broad and cluster-supported granule-candidate contrast supports regulatory compatibility	0.4	0.05739489468777216	weak_or_mixed_support	provisional_epigenomic_robust_positive	gse322785_epigenomic_robust_positive_contrasts.tsv	concordance=robust_positive; cluster_supported_n_donors=3.0
EU00486	epigenomic_sensitivity	E	EpigenomicCompatibility	cerebellum	human_cerebellum_GSE322785_provisional	GSE322785	oligodendrocyte_candidate|Peaks|EpigenomicCompatibility|downstream_neurite_morphology|proximal_10kb	epigenomic_support_for_EpigenomicCompatibility	robust_rank_score	0.1434350961205475	0.1434350961205475	robust-positive broad and cluster-supported granule-candidate contrast supports regulatory compatibility	0.4	0.057374038448219006	weak_or_mixed_support	provisional_epigenomic_robust_positive	gse322785_epigenomic_robust_positive_contrasts.tsv	concordance=robust_positive; cluster_supported_n_donors=3.0
EU00487	epigenomic_sensitivity	E	EpigenomicCompatibility	cerebellum	human_cerebellum_GSE322785_provisional	GSE322785	oligodendrocyte_candidate|Peaks|ConstructionBalance|downstream_synaptic_excitability|distal_100kb	epigenomic_support_for_ConstructionBalance	robust_rank_score	0.1425649105747063	0.1425649105747063	robust-positive broad and cluster-supported granule-candidate contrast supports regulatory compatibility	0.4	0.05702596422988252	weak_or_mixed_support	provisional_epigenomic_robust_positive	gse322785_epigenomic_robust_positive_contrasts.tsv	concordance=robust_positive; cluster_supported_n_donors=3.0
EU00488	epigenomic_sensitivity	E	EpigenomicCompatibility	cerebellum	human_cerebellum_GSE322785_provisional	GSE322785	astrocyte_bergmann_candidate|Peaks|ConstructionBalance|downstream_neurite_morphology|gene_body_overlap	epigenomic_support_for_ConstructionBalance	robust_rank_score	0.1424733724182675	0.1424733724182675	robust-positive broad and cluster-supported granule-candidate contrast supports regulatory compatibility	0.4	0.056989348967307	weak_or_mixed_support	provisional_epigenomic_robust_positive	gse322785_epigenomic_robust_positive_contrasts.tsv	concordance=robust_positive; cluster_supported_n_donors=3.0
EU00489	epigenomic_sensitivity	E	EpigenomicCompatibility	cerebellum	human_cerebellum_GSE322785_provisional	GSE322785	oligodendrocyte_candidate|Peaks|ConstructionBalance|Tier 5 exploratory non-identical ortholog|gene_body_overlap	epigenomic_support_for_ConstructionBalance	robust_rank_score	0.1424543343007992	0.1424543343007992	robust-positive broad and cluster-supported granule-candidate contrast supports regulatory compatibility	0.4	0.056981733720319686	weak_or_mixed_support	provisional_epigenomic_robust_positive	gse322785_epigenomic_robust_positive_contrasts.tsv	concordance=robust_positive; cluster_supported_n_donors=3.0
EU00490	epigenomic_sensitivity	E	EpigenomicCompatibility	cerebellum	human_cerebellum_GSE322785_provisional	GSE322785	astrocyte_bergmann_candidate|Gene Expression|EpigenomicCompatibility|shared_neurogenic_niche_state|gene_expression_or_marker	epigenomic_support_for_EpigenomicCompatibility	robust_rank_score	0.1417712497302275	0.1417712497302275	robust-positive broad and cluster-supported granule-candidate contrast supports regulatory compatibility	0.4	0.05670849989209101	weak_or_mixed_support	provisional_epigenomic_robust_positive	gse322785_epigenomic_robust_positive_contrasts.tsv	concordance=robust_positive; cluster_supported_n_donors=3.0
EU00491	epigenomic_sensitivity	E	EpigenomicCompatibility	cerebellum	human_cerebellum_GSE322785_provisional	GSE322785	astrocyte_bergmann_candidate|Gene Expression|NicheSignal|shared_postmitotic_granule_maturation|gene_expression_or_marker	epigenomic_support_for_NicheSignal	robust_rank_score	0.1417712497302275	0.1417712497302275	robust-positive broad and cluster-supported granule-candidate contrast supports regulatory compatibility	0.4	0.05670849989209101	weak_or_mixed_support	provisional_epigenomic_robust_positive	gse322785_epigenomic_robust_positive_contrasts.tsv	concordance=robust_positive; cluster_supported_n_donors=3.0
EU00492	epigenomic_sensitivity	E	EpigenomicCompatibility	cerebellum	human_cerebellum_GSE322785_provisional	GSE322785	oligodendrocyte_candidate|Peaks|ConstructionBalance|Tier 2 high-confidence wiring/synaptic executor|gene_body_overlap	epigenomic_support_for_ConstructionBalance	robust_rank_score	0.1413488267984248	0.1413488267984248	robust-positive broad and cluster-supported granule-candidate contrast supports regulatory compatibility	0.4	0.05653953071936993	weak_or_mixed_support	provisional_epigenomic_robust_positive	gse322785_epigenomic_robust_positive_contrasts.tsv	concordance=robust_positive; cluster_supported_n_donors=3.0
EU00493	epigenomic_sensitivity	E	EpigenomicCompatibility	cerebellum	human_cerebellum_GSE322785_provisional	GSE322785	oligodendrocyte_candidate|Peaks|EpigenomicCompatibility|Tier 4 screen-specific mechanism support|proximal_10kb	epigenomic_support_for_EpigenomicCompatibility	robust_rank_score	0.1406143324870888	0.1406143324870888	robust-positive broad and cluster-supported granule-candidate contrast supports regulatory compatibility	0.4	0.05624573299483552	weak_or_mixed_support	provisional_epigenomic_robust_positive	gse322785_epigenomic_robust_positive_contrasts.tsv	concordance=robust_positive; cluster_supported_n_donors=3.0
EU00494	epigenomic_sensitivity	E	EpigenomicCompatibility	cerebellum	human_cerebellum_GSE322785_provisional	GSE322785	oligodendrocyte_candidate|Peaks|FatePolarity|cerebellar_fate_rhombic_lip_shh|distal_100kb	epigenomic_support_for_FatePolarity	robust_rank_score	0.1400536990279001	0.1400536990279001	robust-positive broad and cluster-supported granule-candidate contrast supports regulatory compatibility	0.4	0.056021479611160045	weak_or_mixed_support	provisional_epigenomic_robust_positive	gse322785_epigenomic_robust_positive_contrasts.tsv	concordance=robust_positive; cluster_supported_n_donors=3.0
EU00495	epigenomic_sensitivity	E	EpigenomicCompatibility	cerebellum	human_cerebellum_GSE322785_provisional	GSE322785	astrocyte_bergmann_candidate|Peaks|FatePolarity|anterior_telencephalic_pattern|gene_edge_2kb	epigenomic_support_for_FatePolarity	robust_rank_score	0.1397697913531801	0.1397697913531801	robust-positive broad and cluster-supported granule-candidate contrast supports regulatory compatibility	0.4	0.05590791654127204	weak_or_mixed_support	provisional_epigenomic_robust_positive	gse322785_epigenomic_robust_positive_contrasts.tsv	concordance=robust_positive; cluster_supported_n_donors=3.0
EU00496	epigenomic_sensitivity	E	EpigenomicCompatibility	cerebellum	human_cerebellum_GSE322785_provisional	GSE322785	astrocyte_bergmann_candidate|Peaks|FatePolarity|dentate_fate_wnt_prox1|gene_body_overlap	epigenomic_support_for_FatePolarity	robust_rank_score	0.1395365723082596	0.1395365723082596	robust-positive broad and cluster-supported granule-candidate contrast supports regulatory compatibility	0.4	0.05581462892330385	weak_or_mixed_support	provisional_epigenomic_robust_positive	gse322785_epigenomic_robust_positive_contrasts.tsv	concordance=robust_positive; cluster_supported_n_donors=3.0
EU00497	epigenomic_sensitivity	E	EpigenomicCompatibility	cerebellum	human_cerebellum_GSE322785_provisional	GSE322785	astrocyte_bergmann_candidate|Peaks|FatePolarity|medial_pallium_dentate_lineage|gene_body_overlap	epigenomic_support_for_FatePolarity	robust_rank_score	0.1395365723082596	0.1395365723082596	robust-positive broad and cluster-supported granule-candidate contrast supports regulatory compatibility	0.4	0.05581462892330385	weak_or_mixed_support	provisional_epigenomic_robust_positive	gse322785_epigenomic_robust_positive_contrasts.tsv	concordance=robust_positive; cluster_supported_n_donors=3.0
EU00498	epigenomic_sensitivity	E	EpigenomicCompatibility	cerebellum	human_cerebellum_GSE322785_provisional	GSE322785	oligodendrocyte_candidate|Peaks|EpigenomicCompatibility|downstream_synaptic_excitability|gene_body_overlap	epigenomic_support_for_EpigenomicCompatibility	robust_rank_score	0.1385441954201292	0.1385441954201292	robust-positive broad and cluster-supported granule-candidate contrast supports regulatory compatibility	0.4	0.05541767816805168	weak_or_mixed_support	provisional_epigenomic_robust_positive	gse322785_epigenomic_robust_positive_contrasts.tsv	concordance=robust_positive; cluster_supported_n_donors=3.0
EU00499	epigenomic_sensitivity	E	EpigenomicCompatibility	cerebellum	human_cerebellum_GSE322785_provisional	GSE322785	oligodendrocyte_candidate|Peaks|EpigenomicCompatibility|Tier 4 screen-specific mechanism support|distal_100kb	epigenomic_support_for_EpigenomicCompatibility	robust_rank_score	0.1382182790868058	0.1382182790868058	robust-positive broad and cluster-supported granule-candidate contrast supports regulatory compatibility	0.4	0.05528731163472233	weak_or_mixed_support	provisional_epigenomic_robust_positive	gse322785_epigenomic_robust_positive_contrasts.tsv	concordance=robust_positive; cluster_supported_n_donors=3.0
EU00500	epigenomic_sensitivity	E	EpigenomicCompatibility	cerebellum	human_cerebellum_GSE322785_provisional	GSE322785	oligodendrocyte_candidate|Peaks|ConstructionBalance|downstream_neurite_morphology|proximal_10kb	epigenomic_support_for_ConstructionBalance	robust_rank_score	0.1370842687949206	0.1370842687949206	robust-positive broad and cluster-supported granule-candidate contrast supports regulatory compatibility	0.4	0.05483370751796825	weak_or_mixed_support	provisional_epigenomic_robust_positive	gse322785_epigenomic_robust_positive_contrasts.tsv	concordance=robust_positive; cluster_supported_n_donors=3.0
EU00501	epigenomic_sensitivity	E	EpigenomicCompatibility	cerebellum	human_cerebellum_GSE322785_provisional	GSE322785	astrocyte_bergmann_candidate|Peaks|NicheSignal|shared_neurogenic_niche_state|gene_body_overlap	epigenomic_support_for_NicheSignal	robust_rank_score	0.1364988514132243	0.1364988514132243	robust-positive broad and cluster-supported granule-candidate contrast supports regulatory compatibility	0.4	0.05459954056528972	weak_or_mixed_support	provisional_epigenomic_robust_positive	gse322785_epigenomic_robust_positive_contrasts.tsv	concordance=robust_positive; cluster_supported_n_donors=3.0
EU00502	epigenomic_sensitivity	E	EpigenomicCompatibility	cerebellum	human_cerebellum_GSE322785_provisional	GSE322785	oligodendrocyte_candidate|Peaks|ConstructionBalance|downstream_neurite_synapse_construction|gene_body_overlap	epigenomic_support_for_ConstructionBalance	robust_rank_score	0.1357287043665505	0.1357287043665505	robust-positive broad and cluster-supported granule-candidate contrast supports regulatory compatibility	0.4	0.0542914817466202	weak_or_mixed_support	provisional_epigenomic_robust_positive	gse322785_epigenomic_robust_positive_contrasts.tsv	concordance=robust_positive; cluster_supported_n_donors=3.0
EU00503	epigenomic_sensitivity	E	EpigenomicCompatibility	cerebellum	human_cerebellum_GSE322785_provisional	GSE322785	oligodendrocyte_candidate|Peaks|EpigenomicCompatibility|downstream_neurite_synapse_construction|gene_body_overlap	epigenomic_support_for_EpigenomicCompatibility	robust_rank_score	0.1357287043665505	0.1357287043665505	robust-positive broad and cluster-supported granule-candidate contrast supports regulatory compatibility	0.4	0.0542914817466202	weak_or_mixed_support	provisional_epigenomic_robust_positive	gse322785_epigenomic_robust_positive_contrasts.tsv	concordance=robust_positive; cluster_supported_n_donors=3.0
EU00504	epigenomic_sensitivity	E	EpigenomicCompatibility	cerebellum	human_cerebellum_GSE322785_provisional	GSE322785	astrocyte_bergmann_candidate|Peaks|ConstructionBalance|Tier 1 core convergent program|distal_100kb	epigenomic_support_for_ConstructionBalance	robust_rank_score	0.1345537341816379	0.1345537341816379	robust-positive broad and cluster-supported granule-candidate contrast supports regulatory compatibility	0.4	0.053821493672655166	weak_or_mixed_support	provisional_epigenomic_robust_positive	gse322785_epigenomic_robust_positive_contrasts.tsv	concordance=robust_positive; cluster_supported_n_donors=3.0
EU00505	epigenomic_sensitivity	E	EpigenomicCompatibility	cerebellum	human_cerebellum_GSE322785_provisional	GSE322785	oligodendrocyte_candidate|Peaks|EpigenomicCompatibility|downstream_neurite_morphology|gene_body_overlap	epigenomic_support_for_EpigenomicCompatibility	robust_rank_score	0.1345034932267252	0.1345034932267252	robust-positive broad and cluster-supported granule-candidate contrast supports regulatory compatibility	0.4	0.053801397290690084	weak_or_mixed_support	provisional_epigenomic_robust_positive	gse322785_epigenomic_robust_positive_contrasts.tsv	concordance=robust_positive; cluster_supported_n_donors=3.0
EU00506	epigenomic_sensitivity	E	EpigenomicCompatibility	cerebellum	human_cerebellum_GSE322785_provisional	GSE322785	oligodendrocyte_candidate|Peaks|ConstructionBalance|shared_postmitotic_granule_maturation|proximal_10kb	epigenomic_support_for_ConstructionBalance	robust_rank_score	0.1308936845095734	0.1308936845095734	robust-positive broad and cluster-supported granule-candidate contrast supports regulatory compatibility	0.4	0.05235747380382936	weak_or_mixed_support	provisional_epigenomic_robust_positive	gse322785_epigenomic_robust_positive_contrasts.tsv	concordance=robust_positive; cluster_supported_n_donors=3.0
EU00507	epigenomic_sensitivity	E	EpigenomicCompatibility	cerebellum	human_cerebellum_GSE322785_provisional	GSE322785	astrocyte_bergmann_candidate|Peaks|ConstructionBalance|shared_postmitotic_granule_maturation|gene_body_overlap	epigenomic_support_for_ConstructionBalance	robust_rank_score	0.1290836431196964	0.1290836431196964	robust-positive broad and cluster-supported granule-candidate contrast supports regulatory compatibility	0.4	0.05163345724787856	weak_or_mixed_support	provisional_epigenomic_robust_positive	gse322785_epigenomic_robust_positive_contrasts.tsv	concordance=robust_positive; cluster_supported_n_donors=3.0
EU00508	epigenomic_sensitivity	E	EpigenomicCompatibility	cerebellum	human_cerebellum_GSE322785_provisional	GSE322785	oligodendrocyte_candidate|Peaks|ConstructionBalance|Tier 1 core convergent program|distal_100kb	epigenomic_support_for_ConstructionBalance	robust_rank_score	0.128460573679064	0.128460573679064	robust-positive broad and cluster-supported granule-candidate contrast supports regulatory compatibility	0.4	0.0513842294716256	weak_or_mixed_support	provisional_epigenomic_robust_positive	gse322785_epigenomic_robust_positive_contrasts.tsv	concordance=robust_positive; cluster_supported_n_donors=3.0
EU00509	epigenomic_sensitivity	E	EpigenomicCompatibility	cerebellum	human_cerebellum_GSE322785_provisional	GSE322785	oligodendrocyte_candidate|Peaks|FatePolarity|hindbrain_rhombic_lip_pattern|distal_100kb	epigenomic_support_for_FatePolarity	robust_rank_score	0.1282440866179298	0.1282440866179298	robust-positive broad and cluster-supported granule-candidate contrast supports regulatory compatibility	0.4	0.05129763464717192	weak_or_mixed_support	provisional_epigenomic_robust_positive	gse322785_epigenomic_robust_positive_contrasts.tsv	concordance=robust_positive; cluster_supported_n_donors=3.0
EU00510	epigenomic_sensitivity	E	EpigenomicCompatibility	cerebellum	human_cerebellum_GSE322785_provisional	GSE322785	oligodendrocyte_candidate|Peaks|FatePolarity|dentate_fate_wnt_prox1|distal_100kb	epigenomic_support_for_FatePolarity	robust_rank_score	0.1282426176435383	0.1282426176435383	robust-positive broad and cluster-supported granule-candidate contrast supports regulatory compatibility	0.4	0.05129704705741533	weak_or_mixed_support	provisional_epigenomic_robust_positive	gse322785_epigenomic_robust_positive_contrasts.tsv	concordance=robust_positive; cluster_supported_n_donors=3.0
EU00511	epigenomic_sensitivity	E	EpigenomicCompatibility	cerebellum	human_cerebellum_GSE322785_provisional	GSE322785	oligodendrocyte_candidate|Peaks|FatePolarity|medial_pallium_dentate_lineage|distal_100kb	epigenomic_support_for_FatePolarity	robust_rank_score	0.1282426176435383	0.1282426176435383	robust-positive broad and cluster-supported granule-candidate contrast supports regulatory compatibility	0.4	0.05129704705741533	weak_or_mixed_support	provisional_epigenomic_robust_positive	gse322785_epigenomic_robust_positive_contrasts.tsv	concordance=robust_positive; cluster_supported_n_donors=3.0
EU00512	epigenomic_sensitivity	E	EpigenomicCompatibility	cerebellum	human_cerebellum_GSE322785_provisional	GSE322785	oligodendrocyte_candidate|Peaks|ConstructionBalance|shared_postmitotic_granule_maturation|distal_100kb	epigenomic_support_for_ConstructionBalance	robust_rank_score	0.1270933193149754	0.1270933193149754	robust-positive broad and cluster-supported granule-candidate contrast supports regulatory compatibility	0.4	0.05083732772599016	weak_or_mixed_support	provisional_epigenomic_robust_positive	gse322785_epigenomic_robust_positive_contrasts.tsv	concordance=robust_positive; cluster_supported_n_donors=3.0
EU00513	epigenomic_sensitivity	E	EpigenomicCompatibility	cerebellum	human_cerebellum_GSE322785_provisional	GSE322785	oligodendrocyte_candidate|Peaks|ConstructionBalance|downstream_neurite_synapse_construction|distal_100kb	epigenomic_support_for_ConstructionBalance	robust_rank_score	0.1260871453344604	0.1260871453344604	robust-positive broad and cluster-supported granule-candidate contrast supports regulatory compatibility	0.4	0.050434858133784156	weak_or_mixed_support	provisional_epigenomic_robust_positive	gse322785_epigenomic_robust_positive_contrasts.tsv	concordance=robust_positive; cluster_supported_n_donors=3.0
EU00514	epigenomic_sensitivity	E	EpigenomicCompatibility	cerebellum	human_cerebellum_GSE322785_provisional	GSE322785	oligodendrocyte_candidate|Peaks|EpigenomicCompatibility|downstream_neurite_synapse_construction|distal_100kb	epigenomic_support_for_EpigenomicCompatibility	robust_rank_score	0.1260871453344604	0.1260871453344604	robust-positive broad and cluster-supported granule-candidate contrast supports regulatory compatibility	0.4	0.050434858133784156	weak_or_mixed_support	provisional_epigenomic_robust_positive	gse322785_epigenomic_robust_positive_contrasts.tsv	concordance=robust_positive; cluster_supported_n_donors=3.0
EU00515	epigenomic_sensitivity	E	EpigenomicCompatibility	cerebellum	human_cerebellum_GSE322785_provisional	GSE322785	oligodendrocyte_candidate|Peaks|FatePolarity|hindbrain_rhombic_lip_pattern|gene_edge_2kb	epigenomic_support_for_FatePolarity	robust_rank_score	0.1258761185798659	0.1258761185798659	robust-positive broad and cluster-supported granule-candidate contrast supports regulatory compatibility	0.4	0.05035044743194636	weak_or_mixed_support	provisional_epigenomic_robust_positive	gse322785_epigenomic_robust_positive_contrasts.tsv	concordance=robust_positive; cluster_supported_n_donors=3.0
EU00516	epigenomic_sensitivity	E	EpigenomicCompatibility	cerebellum	human_cerebellum_GSE322785_provisional	GSE322785	astrocyte_bergmann_candidate|Peaks|ConstructionBalance|Tier 2 high-confidence wiring/synaptic executor|distal_100kb	epigenomic_support_for_ConstructionBalance	robust_rank_score	0.125666876744501	0.125666876744501	robust-positive broad and cluster-supported granule-candidate contrast supports regulatory compatibility	0.4	0.0502667506978004	weak_or_mixed_support	provisional_epigenomic_robust_positive	gse322785_epigenomic_robust_positive_contrasts.tsv	concordance=robust_positive; cluster_supported_n_donors=3.0
EU00517	epigenomic_sensitivity	E	EpigenomicCompatibility	cerebellum	human_cerebellum_GSE322785_provisional	GSE322785	oligodendrocyte_candidate|Peaks|EpigenomicCompatibility|Tier 2 high-confidence wiring/synaptic executor|distal_100kb	epigenomic_support_for_EpigenomicCompatibility	robust_rank_score	0.1253166200267771	0.1253166200267771	robust-positive broad and cluster-supported granule-candidate contrast supports regulatory compatibility	0.4	0.050126648010710845	weak_or_mixed_support	provisional_epigenomic_robust_positive	gse322785_epigenomic_robust_positive_contrasts.tsv	concordance=robust_positive; cluster_supported_n_donors=3.0
EU00518	epigenomic_sensitivity	E	EpigenomicCompatibility	cerebellum	human_cerebellum_GSE322785_provisional	GSE322785	oligodendrocyte_candidate|Peaks|ConstructionBalance|Tier 2 high-confidence wiring/synaptic executor|distal_100kb	epigenomic_support_for_ConstructionBalance	robust_rank_score	0.1248084415033304	0.1248084415033304	robust-positive broad and cluster-supported granule-candidate contrast supports regulatory compatibility	0.4	0.04992337660133216	weak_or_mixed_support	provisional_epigenomic_robust_positive	gse322785_epigenomic_robust_positive_contrasts.tsv	concordance=robust_positive; cluster_supported_n_donors=3.0
EU00519	epigenomic_sensitivity	E	EpigenomicCompatibility	cerebellum	human_cerebellum_GSE322785_provisional	GSE322785	oligodendrocyte_candidate|Peaks|NicheSignal|cerebellar_fate_rhombic_lip_shh|distal_100kb	epigenomic_support_for_NicheSignal	robust_rank_score	0.1246157340701805	0.1246157340701805	robust-positive broad and cluster-supported granule-candidate contrast supports regulatory compatibility	0.4	0.049846293628072205	weak_or_mixed_support	provisional_epigenomic_robust_positive	gse322785_epigenomic_robust_positive_contrasts.tsv	concordance=robust_positive; cluster_supported_n_donors=3.0
EU00520	epigenomic_sensitivity	E	EpigenomicCompatibility	cerebellum	human_cerebellum_GSE322785_provisional	GSE322785	oligodendrocyte_candidate|Peaks|NicheSignal|hindbrain_rhombic_lip_pattern|distal_100kb	epigenomic_support_for_NicheSignal	robust_rank_score	0.1246157340701805	0.1246157340701805	robust-positive broad and cluster-supported granule-candidate contrast supports regulatory compatibility	0.4	0.049846293628072205	weak_or_mixed_support	provisional_epigenomic_robust_positive	gse322785_epigenomic_robust_positive_contrasts.tsv	concordance=robust_positive; cluster_supported_n_donors=3.0
EU00521	epigenomic_sensitivity	E	EpigenomicCompatibility	cerebellum	human_cerebellum_GSE322785_provisional	GSE322785	oligodendrocyte_candidate|Peaks|EpigenomicCompatibility|Tier 4 screen-specific mechanism support|gene_body_overlap	epigenomic_support_for_EpigenomicCompatibility	robust_rank_score	0.1236120736384325	0.1236120736384325	robust-positive broad and cluster-supported granule-candidate contrast supports regulatory compatibility	0.4	0.049444829455373006	weak_or_mixed_support	provisional_epigenomic_robust_positive	gse322785_epigenomic_robust_positive_contrasts.tsv	concordance=robust_positive; cluster_supported_n_donors=3.0
EU00522	epigenomic_sensitivity	E	EpigenomicCompatibility	cerebellum	human_cerebellum_GSE322785_provisional	GSE322785	astrocyte_bergmann_candidate|Peaks|FatePolarity|anterior_telencephalic_pattern|distal_100kb	epigenomic_support_for_FatePolarity	robust_rank_score	0.122956832128544	0.122956832128544	robust-positive broad and cluster-supported granule-candidate contrast supports regulatory compatibility	0.4	0.0491827328514176	weak_or_mixed_support	provisional_epigenomic_robust_positive	gse322785_epigenomic_robust_positive_contrasts.tsv	concordance=robust_positive; cluster_supported_n_donors=3.0
EU00523	epigenomic_sensitivity	E	EpigenomicCompatibility	cerebellum	human_cerebellum_GSE322785_provisional	GSE322785	oligodendrocyte_candidate|Peaks|ConstructionBalance|Tier 4 screen-specific mechanism support|proximal_10kb	epigenomic_support_for_ConstructionBalance	robust_rank_score	0.1205710854987661	0.1205710854987661	robust-positive broad and cluster-supported granule-candidate contrast supports regulatory compatibility	0.4	0.04822843419950645	weak_or_mixed_support	provisional_epigenomic_robust_positive	gse322785_epigenomic_robust_positive_contrasts.tsv	concordance=robust_positive; cluster_supported_n_donors=3.0
EU00524	epigenomic_sensitivity	E	EpigenomicCompatibility	cerebellum	human_cerebellum_GSE322785_provisional	GSE322785	oligodendrocyte_candidate|Peaks|EpigenomicCompatibility|Tier 2 high-confidence wiring/synaptic executor|gene_body_overlap	epigenomic_support_for_EpigenomicCompatibility	robust_rank_score	0.1198430530092755	0.1198430530092755	robust-positive broad and cluster-supported granule-candidate contrast supports regulatory compatibility	0.4	0.047937221203710204	weak_or_mixed_support	provisional_epigenomic_robust_positive	gse322785_epigenomic_robust_positive_contrasts.tsv	concordance=robust_positive; cluster_supported_n_donors=3.0
EU00525	epigenomic_sensitivity	E	EpigenomicCompatibility	cerebellum	human_cerebellum_GSE322785_provisional	GSE322785	astrocyte_bergmann_candidate|Peaks|EpigenomicCompatibility|Tier 2 high-confidence wiring/synaptic executor|gene_body_overlap	epigenomic_support_for_EpigenomicCompatibility	robust_rank_score	0.1197807402120789	0.1197807402120789	robust-positive broad and cluster-supported granule-candidate contrast supports regulatory compatibility	0.4	0.047912296084831565	weak_or_mixed_support	provisional_epigenomic_robust_positive	gse322785_epigenomic_robust_positive_contrasts.tsv	concordance=robust_positive; cluster_supported_n_donors=3.0
EU00526	epigenomic_sensitivity	E	EpigenomicCompatibility	cerebellum	human_cerebellum_GSE322785_provisional	GSE322785	oligodendrocyte_candidate|Peaks|ConstructionBalance|downstream_neurite_morphology|gene_body_overlap	epigenomic_support_for_ConstructionBalance	robust_rank_score	0.119631613830547	0.119631613830547	robust-positive broad and cluster-supported granule-candidate contrast supports regulatory compatibility	0.4	0.0478526455322188	weak_or_mixed_support	provisional_epigenomic_robust_positive	gse322785_epigenomic_robust_positive_contrasts.tsv	concordance=robust_positive; cluster_supported_n_donors=3.0
EU00527	epigenomic_sensitivity	E	EpigenomicCompatibility	cerebellum	human_cerebellum_GSE322785_provisional	GSE322785	astrocyte_bergmann_candidate|Peaks|ConstructionBalance|Tier 1 core convergent program|gene_body_overlap	epigenomic_support_for_ConstructionBalance	robust_rank_score	0.1188873799500079	0.1188873799500079	robust-positive broad and cluster-supported granule-candidate contrast supports regulatory compatibility	0.4	0.04755495198000316	weak_or_mixed_support	provisional_epigenomic_robust_positive	gse322785_epigenomic_robust_positive_contrasts.tsv	concordance=robust_positive; cluster_supported_n_donors=3.0
EU00528	epigenomic_sensitivity	E	EpigenomicCompatibility	cerebellum	human_cerebellum_GSE322785_provisional	GSE322785	oligodendrocyte_candidate|Peaks|FatePolarity|anterior_telencephalic_pattern|proximal_10kb	epigenomic_support_for_FatePolarity	robust_rank_score	0.1188646302170286	0.1188646302170286	robust-positive broad and cluster-supported granule-candidate contrast supports regulatory compatibility	0.4	0.047545852086811446	weak_or_mixed_support	provisional_epigenomic_robust_positive	gse322785_epigenomic_robust_positive_contrasts.tsv	concordance=robust_positive; cluster_supported_n_donors=3.0
EU00529	epigenomic_sensitivity	E	EpigenomicCompatibility	cerebellum	human_cerebellum_GSE322785_provisional	GSE322785	oligodendrocyte_candidate|Peaks|ConstructionBalance|downstream_neurite_morphology|distal_100kb	epigenomic_support_for_ConstructionBalance	robust_rank_score	0.1174078934542201	0.1174078934542201	robust-positive broad and cluster-supported granule-candidate contrast supports regulatory compatibility	0.4	0.04696315738168805	weak_or_mixed_support	provisional_epigenomic_robust_positive	gse322785_epigenomic_robust_positive_contrasts.tsv	concordance=robust_positive; cluster_supported_n_donors=3.0
EU00530	epigenomic_sensitivity	E	EpigenomicCompatibility	cerebellum	human_cerebellum_GSE322785_provisional	GSE322785	astrocyte_bergmann_candidate|Peaks|FatePolarity|shared_neurogenic_niche_state|gene_body_overlap	epigenomic_support_for_FatePolarity	robust_rank_score	0.1171581877996376	0.1171581877996376	robust-positive broad and cluster-supported granule-candidate contrast supports regulatory compatibility	0.4	0.046863275119855045	weak_or_mixed_support	provisional_epigenomic_robust_positive	gse322785_epigenomic_robust_positive_contrasts.tsv	concordance=robust_positive; cluster_supported_n_donors=3.0
EU00531	epigenomic_sensitivity	E	EpigenomicCompatibility	cerebellum	human_cerebellum_GSE322785_provisional	GSE322785	astrocyte_bergmann_candidate|Peaks|EpigenomicCompatibility|Tier 1 core convergent program|gene_body_overlap	epigenomic_support_for_EpigenomicCompatibility	robust_rank_score	0.1161007986885136	0.1161007986885136	robust-positive broad and cluster-supported granule-candidate contrast supports regulatory compatibility	0.4	0.046440319475405445	weak_or_mixed_support	provisional_epigenomic_robust_positive	gse322785_epigenomic_robust_positive_contrasts.tsv	concordance=robust_positive; cluster_supported_n_donors=3.0
EU00532	epigenomic_sensitivity	E	EpigenomicCompatibility	cerebellum	human_cerebellum_GSE322785_provisional	GSE322785	astrocyte_bergmann_candidate|Peaks|FatePolarity|anterior_telencephalic_pattern|proximal_10kb	epigenomic_support_for_FatePolarity	robust_rank_score	0.1158632927691414	0.1158632927691414	robust-positive broad and cluster-supported granule-candidate contrast supports regulatory compatibility	0.4	0.04634531710765656	weak_or_mixed_support	provisional_epigenomic_robust_positive	gse322785_epigenomic_robust_positive_contrasts.tsv	concordance=robust_positive; cluster_supported_n_donors=3.0
EU00533	epigenomic_sensitivity	E	EpigenomicCompatibility	cerebellum	human_cerebellum_GSE322785_provisional	GSE322785	astrocyte_bergmann_candidate|Peaks|EpigenomicCompatibility|Tier 3 broad both-screen mechanism support|proximal_10kb	epigenomic_support_for_EpigenomicCompatibility	robust_rank_score	0.1156832518811924	0.1156832518811924	robust-positive broad and cluster-supported granule-candidate contrast supports regulatory compatibility	0.4	0.04627330075247696	weak_or_mixed_support	provisional_epigenomic_robust_positive	gse322785_epigenomic_robust_positive_contrasts.tsv	concordance=robust_positive; cluster_supported_n_donors=3.0
EU00534	epigenomic_sensitivity	E	EpigenomicCompatibility	cerebellum	human_cerebellum_GSE322785_provisional	GSE322785	oligodendrocyte_candidate|Peaks|ConstructionBalance|Tier 3 broad both-screen mechanism support|gene_body_overlap	epigenomic_support_for_ConstructionBalance	robust_rank_score	0.1150040201500034	0.1150040201500034	robust-positive broad and cluster-supported granule-candidate contrast supports regulatory compatibility	0.4	0.046001608060001364	weak_or_mixed_support	provisional_epigenomic_robust_positive	gse322785_epigenomic_robust_positive_contrasts.tsv	concordance=robust_positive; cluster_supported_n_donors=3.0
EU00535	epigenomic_sensitivity	E	EpigenomicCompatibility	cerebellum	human_cerebellum_GSE322785_provisional	GSE322785	oligodendrocyte_candidate|Peaks|ConstructionBalance|Tier 5 exploratory non-identical ortholog|gene_edge_2kb	epigenomic_support_for_ConstructionBalance	robust_rank_score	0.1149452190434475	0.1149452190434475	robust-positive broad and cluster-supported granule-candidate contrast supports regulatory compatibility	0.4	0.045978087617379	weak_or_mixed_support	provisional_epigenomic_robust_positive	gse322785_epigenomic_robust_positive_contrasts.tsv	concordance=robust_positive; cluster_supported_n_donors=3.0
EU00536	epigenomic_sensitivity	E	EpigenomicCompatibility	cerebellum	human_cerebellum_GSE322785_provisional	GSE322785	oligodendrocyte_candidate|Peaks|EpigenomicCompatibility|downstream_neurite_morphology|distal_100kb	epigenomic_support_for_EpigenomicCompatibility	robust_rank_score	0.1141961402406609	0.1141961402406609	robust-positive broad and cluster-supported granule-candidate contrast supports regulatory compatibility	0.4	0.045678456096264364	weak_or_mixed_support	provisional_epigenomic_robust_positive	gse322785_epigenomic_robust_positive_contrasts.tsv	concordance=robust_positive; cluster_supported_n_donors=3.0
EU00537	epigenomic_sensitivity	E	EpigenomicCompatibility	cerebellum	human_cerebellum_GSE322785_provisional	GSE322785	astrocyte_bergmann_candidate|Peaks|EpigenomicCompatibility|Tier 2 high-confidence wiring/synaptic executor|distal_100kb	epigenomic_support_for_EpigenomicCompatibility	robust_rank_score	0.1141505039740271	0.1141505039740271	robust-positive broad and cluster-supported granule-candidate contrast supports regulatory compatibility	0.4	0.045660201589610844	weak_or_mixed_support	provisional_epigenomic_robust_positive	gse322785_epigenomic_robust_positive_contrasts.tsv	concordance=robust_positive; cluster_supported_n_donors=3.0
EU00538	epigenomic_sensitivity	E	EpigenomicCompatibility	cerebellum	human_cerebellum_GSE322785_provisional	GSE322785	astrocyte_bergmann_candidate|Peaks|EpigenomicCompatibility|Tier 3 broad both-screen mechanism support|distal_100kb	epigenomic_support_for_EpigenomicCompatibility	robust_rank_score	0.1136692260172271	0.1136692260172271	robust-positive broad and cluster-supported granule-candidate contrast supports regulatory compatibility	0.4	0.045467690406890846	weak_or_mixed_support	provisional_epigenomic_robust_positive	gse322785_epigenomic_robust_positive_contrasts.tsv	concordance=robust_positive; cluster_supported_n_donors=3.0
EU00539	epigenomic_sensitivity	E	EpigenomicCompatibility	cerebellum	human_cerebellum_GSE322785_provisional	GSE322785	oligodendrocyte_candidate|Peaks|FatePolarity|anterior_telencephalic_pattern|distal_100kb	epigenomic_support_for_FatePolarity	robust_rank_score	0.1099477324216355	0.1099477324216355	robust-positive broad and cluster-supported granule-candidate contrast supports regulatory compatibility	0.4	0.0439790929686542	weak_or_mixed_support	provisional_epigenomic_robust_positive	gse322785_epigenomic_robust_positive_contrasts.tsv	concordance=robust_positive; cluster_supported_n_donors=3.0
EU00540	epigenomic_sensitivity	E	EpigenomicCompatibility	cerebellum	human_cerebellum_GSE322785_provisional	GSE322785	astrocyte_bergmann_candidate|Peaks|NicheSignal|shared_neurogenic_niche_state|proximal_10kb	epigenomic_support_for_NicheSignal	robust_rank_score	0.1089464520989323	0.1089464520989323	robust-positive broad and cluster-supported granule-candidate contrast supports regulatory compatibility	0.4	0.043578580839572924	weak_or_mixed_support	provisional_epigenomic_robust_positive	gse322785_epigenomic_robust_positive_contrasts.tsv	concordance=robust_positive; cluster_supported_n_donors=3.0
EU00541	epigenomic_sensitivity	E	EpigenomicCompatibility	cerebellum	human_cerebellum_GSE322785_provisional	GSE322785	oligodendrocyte_candidate|Gene Expression|FatePolarity|dentate_fate_wnt_prox1|gene_expression_or_marker	epigenomic_support_for_FatePolarity	robust_rank_score	0.107182690210978	0.107182690210978	robust-positive broad and cluster-supported granule-candidate contrast supports regulatory compatibility	0.4	0.0428730760843912	weak_or_mixed_support	provisional_epigenomic_robust_positive	gse322785_epigenomic_robust_positive_contrasts.tsv	concordance=robust_positive; cluster_supported_n_donors=3.0
EU00542	epigenomic_sensitivity	E	EpigenomicCompatibility	cerebellum	human_cerebellum_GSE322785_provisional	GSE322785	oligodendrocyte_candidate|Gene Expression|FatePolarity|medial_pallium_dentate_lineage|gene_expression_or_marker	epigenomic_support_for_FatePolarity	robust_rank_score	0.107182690210978	0.107182690210978	robust-positive broad and cluster-supported granule-candidate contrast supports regulatory compatibility	0.4	0.0428730760843912	weak_or_mixed_support	provisional_epigenomic_robust_positive	gse322785_epigenomic_robust_positive_contrasts.tsv	concordance=robust_positive; cluster_supported_n_donors=3.0
EU00543	epigenomic_sensitivity	E	EpigenomicCompatibility	cerebellum	human_cerebellum_GSE322785_provisional	GSE322785	oligodendrocyte_candidate|Peaks|EpigenomicCompatibility|Tier 3 broad both-screen mechanism support|distal_100kb	epigenomic_support_for_EpigenomicCompatibility	robust_rank_score	0.1028940800956449	0.1028940800956449	robust-positive broad and cluster-supported granule-candidate contrast supports regulatory compatibility	0.4	0.04115763203825796	weak_or_mixed_support	provisional_epigenomic_robust_positive	gse322785_epigenomic_robust_positive_contrasts.tsv	concordance=robust_positive; cluster_supported_n_donors=3.0
EU00544	external_calibration	M	MorphologySparseSampling	cross_branch_or_external	dentate_vs_cerebellar_granule_morphology	NeuroMorpho	n_stems	public_morphology_comparison	dentate_cerebellum_morphometry	0.375	0.7902069603422361	large branch difference supports branch-specific sparse input-sampling geometry	0.6	0.47412417620534164	strong_support	external_morphology_calibration	neuromorpho_granule_morphometry_comparison.tsv	dentate_median=1.5; cerebellum_median=4.0; cliffs_delta=-0.790
EU00545	external_calibration	M	MorphologySparseSampling	cross_branch_or_external	dentate_vs_cerebellar_granule_morphology	NeuroMorpho	n_branch	public_morphology_comparison	dentate_cerebellum_morphometry	1.05	0.9296106721086019	near-equal branch counts support shared nontrivial branching complexity	0.6	0.5577664032651611	strong_support	external_morphology_calibration	neuromorpho_granule_morphometry_comparison.tsv	dentate_median=21.0; cerebellum_median=20.0; cliffs_delta=0.010
EU00546	external_calibration	M	MorphologySparseSampling	cross_branch_or_external	dentate_vs_cerebellar_granule_morphology	NeuroMorpho	compact_branch_index	public_morphology_comparison	dentate_cerebellum_morphometry	0.189831673709237	0.7067291016302463	large compactness difference supports morphology as branch-specific configuration rather than identical geometry	0.6	0.42403746097814776	strong_support	external_morphology_calibration	neuromorpho_granule_morphometry_comparison.tsv	dentate_median=0.0148696883031001; cerebellum_median=0.0783309129217068; cliffs_delta=-0.942
EU00547	external_calibration	M	MorphologySparseSampling	cross_branch_or_external	dentate_vs_cerebellar_granule_morphology	NeuroMorpho	length	public_morphology_comparison	dentate_cerebellum_morphometry	4.924724450721451	0.35267082899757196	field-scale difference supports branch-specific geometry around a shared granule design principle	0.6	0.21160249739854317	moderate_support	external_morphology_calibration	neuromorpho_granule_morphometry_comparison.tsv	dentate_median=1352.94; cerebellum_median=274.72400000000005; cliffs_delta=0.705
EU00548	external_calibration	M	MorphologySparseSampling	cerebellum	cerebellum	NeuroMorpho	input_sampling_stems_cerebellar	aim3_morphology_target	calibration_target_value	4.0	0.8	low primary-stem count is a lower-bound sparse input-sampling proxy	0.6	0.48	strong_support	external_morphology_calibration	aim3_empirical_calibration_targets.tsv	stems are not synaptic input count
EU00549	external_calibration	M	MorphologySparseSampling	dentate	dentate	NeuroMorpho	input_sampling_stems_dentate	aim3_morphology_target	calibration_target_value	1.5	0.9666666666666667	low primary-stem count is a lower-bound sparse input-sampling proxy	0.6	0.58	strong_support	external_morphology_calibration	aim3_empirical_calibration_targets.tsv	dentate branch complexity and dendritic field scale are separate from stem count
EU00550	external_calibration	M	MorphologySparseSampling	cross_branch_or_external	cross_branch_shared	NeuroMorpho	branch_complexity_shared	aim3_morphology_target	calibration_target_value	20.5	0.75	nontrivial shared branch complexity constrains the sparse-expansion model	0.6	0.44999999999999996	strong_support	external_morphology_calibration	aim3_empirical_calibration_targets.tsv	branch count should not be collapsed into one input-degree parameter
EU00551	external_calibration	A	ActivitySparsity	dentate	dentate_granule_activity	DANDI 000003	granule_cell_spatial_information	dentate_activity_sparsity	median_spatial_information_bits_per_spike	0.7800233536711016	0.9750291920888771	higher spatial information supports useful sparse or selective coding	0.55	0.5362660556488824	strong_support	external_activity_calibration	dandi_000003_multisession_spatial_celltype_pooled.tsv	n_units=26
EU00552	external_calibration	A	ActivitySparsity	dentate	dentate_granule_activity	DANDI 000003	granule_cell_active_spatial_bin_fraction	dentate_activity_sparsity	median_active_spatial_bin_fraction	0.5489137678262028	0.9021724643475943	lower active-bin fraction supports restricted spatial occupancy	0.55	0.4961948553911769	strong_support	external_activity_calibration	dandi_000003_multisession_spatial_celltype_pooled.tsv	Spatial-bin occupancy is not identical to instantaneous firing sparsity.
EU00553	external_calibration	A	ActivitySparsity	dentate	dentate_granule_vs_pyramidal_activity	DANDI 000003	granule_minus_pyramidal_spatial_information	dentate_activity_comparator	spatial_information_delta	0.3594644903111198	0.8986612257777995	granule-labeled units exceeding pyramidal spatial information supports cell-type activity distinction	0.55	0.49426367417778977	strong_support	external_activity_calibration	dandi_000003_multisession_spatial_celltype_pooled.tsv	DANDI cell labels and sampling are external to the transcriptomic core.
EU00554	external_calibration	A	ActivitySparsity	dentate	dentate_granule_vs_pyramidal_activity	DANDI 000003	pyramidal_minus_granule_active_bin_fraction	dentate_activity_comparator	active_spatial_bin_fraction_delta	0.20718379314940694	0.6906126438313565	granule-labeled units occupying fewer spatial bins than pyramidal units supports relative sparsity	0.55	0.3798369541072461	strong_support	external_activity_calibration	dandi_000003_multisession_spatial_celltype_pooled.tsv	Relative spatial occupancy is a proxy, not a direct behavior-level pattern separation assay.
EU00555	external_calibration	A	ActivitySparsity	dentate	dentate_granule_population_vector	DANDI 000003	multisession_far_minus_near_population_vector	dentate_population_vector_separation	median_far_minus_near_neural_euclidean	0.12286382132147619	0.4095460710715873	far positions having larger population-vector distance than near positions supports weak pattern-separation calibration	0.55	0.22525033908937303	moderate_support	external_activity_calibration	dandi_000003_multisession_population_vector_separation.tsv	n_granule_labeled_sessions=6
EU00556	simulation_calibration	R	CircuitResourceConstraint	simulation	sparse_expansion_resource_model	Aim3_empirical_calibration	dense_expansion	resource_constraint_rank_agreement	resource_constrained_calibration_rank	3.0	0.6	predicted failure-mode architecture should rank low under resource-constrained calibration	0.6	0.36	strong_support	computational_simulation	aim3_empirical_calibration_architecture_summary.tsv	median_resource_constrained_calibration_score=0.2485240480110308; empirical_rank=1
EU00557	simulation_calibration	R	CircuitResourceConstraint	simulation	sparse_expansion_resource_model	Aim3_empirical_calibration	granule_like_sparse_expansion	resource_constraint_rank_agreement	resource_constrained_calibration_rank	2.0	0.8	preferred architecture should rank high under resource-constrained calibration	0.6	0.48	strong_support	computational_simulation	aim3_empirical_calibration_architecture_summary.tsv	median_resource_constrained_calibration_score=0.456181043300527; empirical_rank=2
EU00558	simulation_calibration	R	CircuitResourceConstraint	simulation	sparse_expansion_resource_model	Aim3_empirical_calibration	intermediate	resource_constraint_rank_agreement	resource_constrained_calibration_rank	1.0	1.0	preferred architecture should rank high under resource-constrained calibration	0.6	0.6	strong_support	computational_simulation	aim3_empirical_calibration_architecture_summary.tsv	median_resource_constrained_calibration_score=0.5682956270296231; empirical_rank=3
EU00559	simulation_calibration	R	CircuitResourceConstraint	simulation	sparse_expansion_resource_model	Aim3_empirical_calibration	integrator_like_low_expansion	resource_constraint_rank_agreement	resource_constrained_calibration_rank	4.0	0.8	predicted failure-mode architecture should rank low under resource-constrained calibration	0.6	0.48	strong_support	computational_simulation	aim3_empirical_calibration_architecture_summary.tsv	median_resource_constrained_calibration_score=-0.0395646718466794; empirical_rank=4
EU00560	simulation_calibration	R	CircuitResourceConstraint	simulation	sparse_expansion_resource_model	Aim3_empirical_calibration	excessively_sparse	resource_constraint_rank_agreement	resource_constrained_calibration_rank	5.0	1.0	predicted failure-mode architecture should rank low under resource-constrained calibration	0.6	0.6	strong_support	computational_simulation	aim3_empirical_calibration_architecture_summary.tsv	median_resource_constrained_calibration_score=-0.5790382612557393; empirical_rank=5
