analysis_class	axon_guidance_synapse_mean	axon_guidance_synapse_median	axon_guidance_synapse_q25	axon_guidance_synapse_q75	background_max_mean	background_max_median	background_max_q25	background_max_q75	broad_class	cerebellar_identity_mean	cerebellar_identity_median	cerebellar_identity_q25	cerebellar_identity_q75	cerebellar_rank_mean	cerebellar_rank_median	cerebellar_rank_q25	cerebellar_rank_q75	dataset	dentate_identity_mean	dentate_identity_median	dentate_identity_q25	dentate_identity_q75	dentate_rank_mean	dentate_rank_median	dentate_rank_q25	dentate_rank_q75	identity_rank_contrast_mean	identity_rank_contrast_median	identity_rank_contrast_q25	identity_rank_contrast_q75	label	morphogenesis_cytoskeleton_mean	morphogenesis_cytoskeleton_median	morphogenesis_cytoskeleton_q25	morphogenesis_cytoskeleton_q75	n_cells_or_spots	platform	region	sample	sample_context	shared_granule_neuronal_mean	shared_granule_neuronal_median	shared_granule_neuronal_q25	shared_granule_neuronal_q75	shared_rank_mean	shared_rank_median	shared_rank_q25	shared_rank_q75	source_layer	species	structural_program_mean_mean	structural_program_mean_median	structural_program_mean_q25	structural_program_mean_q75	structural_rank_mean	structural_rank_median	structural_rank_q25	structural_rank_q75	unit_id
backbone_non_dentate_reference		0							non_dentate_background		0.0630134				0.844676			GSE104323		0				0.144449			-0.700227	-0.700227			Astro-adult		0.149313			1232	10x	dentate_gyrus	10X_all_cells	dentate_gyrus		0.053319				0.131776			backbone_refined	mouse		0.0741846				0.0705396			backbone_refined|GSE104323|10X_all_cells|Astro-adult|backbone_non_dentate_reference
backbone_non_dentate_reference		0.0462098							non_dentate_background		0.0630134				0.844676			GSE104323		0				0.144449			-0.700227	-0.700227			Astro-juv		0.149313			821	10x	dentate_gyrus	10X_all_cells	dentate_gyrus		0.053319				0.131776			backbone_refined	mouse		0.0894576				0.0962373			backbone_refined|GSE104323|10X_all_cells|Astro-juv|backbone_non_dentate_reference
backbone_non_dentate_reference		0.323469							non_dentate_background		0				0.387761			GSE104323		0.0866434				0.376949			-0.010812	-0.010812			CA3-Pyr		0.907034			532	10x	dentate_gyrus	10X_all_cells	dentate_gyrus		0.847612				0.915578			backbone_refined	mouse		0.694126				0.783853			backbone_refined|GSE104323|10X_all_cells|CA3-Pyr|backbone_non_dentate_reference
backbone_non_dentate_reference		0.0924196							non_dentate_background		0.0630134				0.844676			GSE104323		0.173287				0.563386			-0.28129	-0.28129			Cajal-Retzius		1.15771			535	10x	dentate_gyrus	10X_all_cells	dentate_gyrus		0.394151				0.545876			backbone_refined	mouse		0.550316				0.69233			backbone_refined|GSE104323|10X_all_cells|Cajal-Retzius|backbone_non_dentate_reference
backbone_non_dentate_reference		0.0732408							non_dentate_background		0				0.387761			GSE104323		0				0.144449			-0.243312	-0.243312			Endothelial		0.173287			543	10x	dentate_gyrus	10X_all_cells	dentate_gyrus		0				0.0438081			backbone_refined	mouse		0.0885689				0.0951623			backbone_refined|GSE104323|10X_all_cells|Endothelial|backbone_non_dentate_reference
backbone_non_dentate_reference		0.0462098							non_dentate_background		0				0.387761			GSE104323		0.0866434				0.376949			-0.010812	-0.010812			Ependymal		0.264838			182	10x	dentate_gyrus	10X_all_cells	dentate_gyrus		0.0845086				0.185921			backbone_refined	mouse		0.136859				0.185818			backbone_refined|GSE104323|10X_all_cells|Ependymal|backbone_non_dentate_reference
backbone_non_dentate_reference		0.119451							non_dentate_background		0				0.387761			GSE104323		0.0866434				0.376949			-0.010812	-0.010812			GABA		0.783386			209	10x	dentate_gyrus	10X_all_cells	dentate_gyrus		0.512253				0.677445			backbone_refined	mouse		0.46136				0.621997			backbone_refined|GSE104323|10X_all_cells|GABA|backbone_non_dentate_reference
backbone_dentate_candidate		0.0924196							dentate_candidate		0				0.387761			GSE104323		0.25993				0.697209			0.309448	0.309448			GC-adult		0.264838			2613	10x	dentate_gyrus	10X_all_cells	dentate_gyrus		0.28376				0.423982			backbone_refined	mouse		0.217169				0.348894			backbone_refined|GSE104323|10X_all_cells|GC-adult|backbone_dentate_candidate
backbone_dentate_candidate		0.16566							dentate_candidate		0				0.387761			GSE104323		0.397257				0.845421			0.45766	0.45766			GC-juv		0.371173			3420	10x	dentate_gyrus	10X_all_cells	dentate_gyrus		0.413483				0.566508			backbone_refined	mouse		0.306486				0.486355			backbone_refined|GSE104323|10X_all_cells|GC-juv|backbone_dentate_candidate
backbone_non_dentate_reference		0.0732408							non_dentate_background		0				0.387761			GSE104323		0				0.144449			-0.243312	-0.243312			Immature-Astro		0.365169			651	10x	dentate_gyrus	10X_all_cells	dentate_gyrus		0.106638				0.221274			backbone_refined	mouse		0.178625				0.270395			backbone_refined|GSE104323|10X_all_cells|Immature-Astro|backbone_non_dentate_reference
backbone_non_dentate_reference		0.138629							non_dentate_background		0				0.387761			GSE104323		0.0866434				0.376949			-0.010812	-0.010812			Immature-GABA		1.46823			1024	10x	dentate_gyrus	10X_all_cells	dentate_gyrus		0.52162				0.688402			backbone_refined	mouse		0.708471				0.791917			backbone_refined|GSE104323|10X_all_cells|Immature-GABA|backbone_non_dentate_reference
backbone_dentate_candidate		0.272956							dentate_candidate		0				0.387761			GSE104323		0.310613				0.761732			0.373971	0.373971			Immature-GC		0.896563			2419	10x	dentate_gyrus	10X_all_cells	dentate_gyrus		0.500789				0.66504			backbone_refined	mouse		0.556597				0.697333			backbone_refined|GSE104323|10X_all_cells|Immature-GC|backbone_dentate_candidate
backbone_non_dentate_reference		0.346197							non_dentate_background		0				0.387761			GSE104323		0.0866434				0.376949			-0.010812	-0.010812			Immature-Pyr		1.66221			4520	10x	dentate_gyrus	10X_all_cells	dentate_gyrus		0.684174				0.833223			backbone_refined	mouse		0.891676				0.87546			backbone_refined|GSE104323|10X_all_cells|Immature-Pyr|backbone_non_dentate_reference
backbone_non_dentate_reference		0.0462098							non_dentate_background		0.0630134				0.844676			GSE104323		0.0866434				0.376949			-0.467727	-0.467727			MOL		0.441526			704	10x	dentate_gyrus	10X_all_cells	dentate_gyrus		0.053319				0.131776			backbone_refined	mouse		0.185345				0.284887			backbone_refined|GSE104323|10X_all_cells|MOL|backbone_non_dentate_reference
backbone_non_dentate_reference		0							non_dentate_background		0				0.387761			GSE104323		0				0.144449			-0.243312	-0.243312			MiCajal-Retziusoglia		0.183102			428	10x	dentate_gyrus	10X_all_cells	dentate_gyrus		0				0.0438081			backbone_refined	mouse		0.0862024				0.0899008			backbone_refined|GSE104323|10X_all_cells|MiCajal-Retziusoglia|backbone_non_dentate_reference
backbone_non_dentate_reference		0.0462098							non_dentate_background		0				0.387761			GSE104323		0				0.144449			-0.243312	-0.243312			NFOL		0.421876			232	10x	dentate_gyrus	10X_all_cells	dentate_gyrus		0.053319				0.131776			backbone_refined	mouse		0.175795				0.265236			backbone_refined|GSE104323|10X_all_cells|NFOL|backbone_non_dentate_reference
backbone_dentate_candidate		0.138629							dentate_candidate		0				0.387761			GSE104323		0.22397				0.645338			0.257577	0.257577			Neuroblast		0.563464			1381	10x	dentate_gyrus	10X_all_cells	dentate_gyrus		0.435612				0.590076			backbone_refined	mouse		0.385823				0.562001			backbone_refined|GSE104323|10X_all_cells|Neuroblast|backbone_dentate_candidate
backbone_non_dentate_reference		0.0462098							non_dentate_background		0				0.387761			GSE104323		0				0.144449			-0.243312	-0.243312			OPC		0.356389			794	10x	dentate_gyrus	10X_all_cells	dentate_gyrus		0.053319				0.131776			backbone_refined	mouse		0.157153				0.227207			backbone_refined|GSE104323|10X_all_cells|OPC|backbone_non_dentate_reference
backbone_non_dentate_reference		0.0924196							non_dentate_background		0				0.387761			GSE104323		0				0.144449			-0.243312	-0.243312			PVM		0.149313			79	10x	dentate_gyrus	10X_all_cells	dentate_gyrus		0				0.0438081			backbone_refined	mouse		0.080472				0.0798429			backbone_refined|GSE104323|10X_all_cells|PVM|backbone_non_dentate_reference
backbone_non_dentate_reference		0.0462098							non_dentate_background		0				0.387761			GSE104323		0				0.144449			-0.243312	-0.243312			RGL		0.207076			199	10x	dentate_gyrus	10X_all_cells	dentate_gyrus		0.053319				0.131776			backbone_refined	mouse		0.104571				0.12423			backbone_refined|GSE104323|10X_all_cells|RGL|backbone_non_dentate_reference
backbone_non_dentate_reference		0.0924196							non_dentate_background		0				0.387761			GSE104323		0.0866434				0.376949			-0.010812	-0.010812			RGL_young		0.3226			686	10x	dentate_gyrus	10X_all_cells	dentate_gyrus		0.106638				0.221274			backbone_refined	mouse		0.163035				0.24021			backbone_refined|GSE104323|10X_all_cells|RGL_young|backbone_non_dentate_reference
backbone_non_dentate_reference		0.0732408							non_dentate_background		0.126027				0.962125			GSE104323		0				0.144449			-0.817676	-0.817676			VLMC		0.22836			160	10x	dentate_gyrus	10X_all_cells	dentate_gyrus		0.053319				0.131776			backbone_refined	mouse		0.107533				0.129357			backbone_refined|GSE104323|10X_all_cells|VLMC|backbone_non_dentate_reference
backbone_non_dentate_reference		0.119451							non_dentate_background		0				0.387761			GSE104323		0.173287				0.563386			0.175625	0.175625			nIPC		0.51986			353	10x	dentate_gyrus	10X_all_cells	dentate_gyrus		0.297785				0.436944			backbone_refined	mouse		0.322437				0.504321			backbone_refined|GSE104323|10X_all_cells|nIPC|backbone_non_dentate_reference
backbone_non_dentate_reference		0.0924196							non_dentate_background		0				0.387761			GSE104323		0.0866434				0.376949			-0.010812	-0.010812			nIPC-perin		0.424964			468	10x	dentate_gyrus	10X_all_cells	dentate_gyrus		0.137828				0.261216			backbone_refined	mouse		0.225125				0.363696			backbone_refined|GSE104323|10X_all_cells|nIPC-perin|backbone_non_dentate_reference
backbone_cerebellar_candidate		0.0732408							cerebellar_candidate		0.443891				0.773969			GSE122357		0.0866434				0.502009			-0.27196	-0.27196			all		1.26526			2678	single_cell_RNA_seq	cerebellum	GSM3464549_P0	cerebellum		0.821046				0.734668			backbone_refined	mouse		0.725125				0.734132			backbone_refined|GSE122357|GSM3464549_P0|all|backbone_cerebellar_candidate
backbone_cerebellum_warning		0.0732408							broad_neuronal_structural_warning		0.126027				0.134373			GSE122357		0.20118				0.90004			0.765667	0.765667			all		0.873902			353	single_cell_RNA_seq	cerebellum	GSM3464549_P0	cerebellum		0.444673				0.422938			backbone_refined	mouse		0.484627				0.482726			backbone_refined|GSE122357|GSM3464549_P0|all|backbone_cerebellum_warning
backbone_other_or_ambiguous		0.0462098							other_or_ambiguous		0.225901				0.321706			GSE122357		0.0866434				0.502009			0.180303	0.180303			all		0.648602			4437	single_cell_RNA_seq	cerebellum	GSM3464549_P0	cerebellum		0.326807				0.315613			backbone_refined	mouse		0.34069				0.326593			backbone_refined|GSE122357|GSM3464549_P0|all|backbone_other_or_ambiguous
backbone_cerebellar_candidate		0.0462098							cerebellar_candidate		0.477954				0.778006			GSE122357		0.137327				0.680273			-0.097733	-0.097733			all		1.1912			2082	single_cell_RNA_seq	cerebellum	GSM3464550_P8a	cerebellum		0.77408				0.720475			backbone_refined	mouse		0.679104				0.70951			backbone_refined|GSE122357|GSM3464550_P8a|all|backbone_cerebellar_candidate
backbone_cerebellum_warning		0.0924196							broad_neuronal_structural_warning		0.126027				0.120072			GSE122357		0.25993				0.943331			0.823259	0.823259			all		1.04416			319	single_cell_RNA_seq	cerebellum	GSM3464550_P8a	cerebellum		0.537286				0.465999			backbone_refined	mouse		0.566509				0.558804			backbone_refined|GSE122357|GSM3464550_P8a|all|backbone_cerebellum_warning
backbone_other_or_ambiguous		0.0462098							other_or_ambiguous		0.262761				0.350197			GSE122357		0.0866434				0.466163			0.115966	0.115966			all		0.807731			3687	single_cell_RNA_seq	cerebellum	GSM3464550_P8a	cerebellum		0.404423				0.320795			backbone_refined	mouse		0.423007				0.338863			backbone_refined|GSE122357|GSM3464550_P8a|all|backbone_other_or_ambiguous
backbone_cerebellar_candidate		0.0462098							cerebellar_candidate		0.435227				0.770874			GSE122357		0.0866434				0.494491			-0.276383	-0.276383			all		1.03116			2697	single_cell_RNA_seq	cerebellum	GSM3464551_P8b	cerebellum		0.642195				0.702253			backbone_refined	mouse		0.579724				0.700784			backbone_refined|GSE122357|GSM3464551_P8b|all|backbone_cerebellar_candidate
backbone_cerebellum_warning		0.0462098							broad_neuronal_structural_warning		0.126027				0.120593			GSE122357		0.22397				0.923727			0.803134	0.803134			all		0.862348			499	single_cell_RNA_seq	cerebellum	GSM3464551_P8b	cerebellum		0.464635				0.493022			backbone_refined	mouse		0.465847				0.535994			backbone_refined|GSE122357|GSM3464551_P8b|all|backbone_cerebellum_warning
backbone_other_or_ambiguous		0.0462098							other_or_ambiguous		0.252054				0.362635			GSE122357		0.0866434				0.494491			0.131856	0.131856			all		0.712778			4972	single_cell_RNA_seq	cerebellum	GSM3464551_P8b	cerebellum		0.328974				0.319723			backbone_refined	mouse		0.364107				0.352228			backbone_refined|GSE122357|GSM3464551_P8b|all|backbone_other_or_ambiguous
backbone_organoid_granule_like		0.238901							other_or_ambiguous		0.33757				0.818334			GSE150153		0.25993				0.801514			-0.01682	-0.01682			metadata_unmatched		1.78059			402	10x	organoid	NAY6153A1_125	organoid		0.747899				0.803196			backbone_refined	human		0.900707				0.812868			backbone_refined|GSE150153|NAY6153A1_125|metadata_unmatched|backbone_organoid_granule_like
backbone_other_or_ambiguous		0.0732408							other_or_ambiguous		0.126027				0.317914			GSE150153		0.0866434				0.343987			0.026073	0.026073			metadata_unmatched		0.892497			787	10x	organoid	NAY6153A1_125	organoid		0.28376				0.329268			backbone_refined	human		0.439078				0.335576			backbone_refined|GSE150153|NAY6153A1_125|metadata_unmatched|backbone_other_or_ambiguous
backbone_organoid_granule_like		0.138629							other_or_ambiguous		0.209326				0.787226			GSE150153		0.22397				0.814815			0.027589	0.027589			metadata_unmatched		1.1379			490	10x	organoid	NAY6153A2_678	organoid		0.492072				0.755102			backbone_refined	human		0.586491				0.758881			backbone_refined|GSE150153|NAY6153A2_678|metadata_unmatched|backbone_organoid_granule_like
backbone_other_or_ambiguous		0.0462098							other_or_ambiguous		0.0630134				0.369615			GSE150153		0.0866434				0.455782			0.086167	0.086167			metadata_unmatched		0.484759			833	10x	organoid	NAY6153A2_678	organoid		0.137828				0.300076			backbone_refined	human		0.221922				0.322751			backbone_refined|GSE150153|NAY6153A2_678|metadata_unmatched|backbone_other_or_ambiguous
backbone_cerebellar_candidate		0.0462098							cerebellar_candidate		0.225901				0.790462			GSE165657		0.0866434				0.714133			-0.076329	-0.076329			all		0.678989			25064	10x	cerebellum	Cerebellum_aggr	cerebellum		0.452777				0.756954			backbone_refined	human		0.393643				0.752679			backbone_refined|GSE165657|Cerebellum_aggr|all|backbone_cerebellar_candidate
backbone_cerebellum_warning		0.0462098							broad_neuronal_structural_warning		0.0630134				0.32673			GSE165657		0.0866434				0.714133			0.387403	0.387403			all		0.490509			12154	10x	cerebellum	Cerebellum_aggr	cerebellum		0.244466				0.456703			backbone_refined	human		0.263631				0.490041			backbone_refined|GSE165657|Cerebellum_aggr|all|backbone_cerebellum_warning
backbone_other_or_ambiguous		0							other_or_ambiguous		0.0630134				0.32673			GSE165657		0				0.291869			-0.034861	-0.034861			all		0.365169			36332	10x	cerebellum	Cerebellum_aggr	cerebellum		0.159957				0.310068			backbone_refined	human		0.189325				0.312957			backbone_refined|GSE165657|Cerebellum_aggr|all|backbone_other_or_ambiguous
backbone_dentate_candidate		1.11852							dentate_candidate		0.184312				0.690773			GSE214309		1.45464				0.703242			0.012469	0.012469			immature_1hr		1.87212			17	snRNA_seq	dentate_gyrus	snRNA_counts	dentate_gyrus		1.56146				0.625935			backbone_refined	mouse		1.56168				0.593516			backbone_refined|GSE214309|snRNA_counts|immature_1hr|backbone_dentate_candidate
backbone_dentate_low_support		0.861897							dentate_low_support		0.0623264				0.346634			GSE214309		0.794123				0.331671			-0.014963	-0.014963			immature_1hr		1.27839			42	snRNA_seq	dentate_gyrus	snRNA_counts	dentate_gyrus		0.932449				0.269327			backbone_refined	mouse		0.999148				0.256858			backbone_refined|GSE214309|snRNA_counts|immature_1hr|backbone_dentate_low_support
backbone_other_or_ambiguous		0.764961							other_or_ambiguous		0.313142				0.832918			GSE214309		0.147631				0.0386534			-0.794265	-0.794265			immature_1hr		0.682927			4	snRNA_seq	dentate_gyrus	snRNA_counts	dentate_gyrus		0.287967				0.0698255			backbone_refined	mouse		0.663729				0.108479			backbone_refined|GSE214309|snRNA_counts|immature_1hr|backbone_other_or_ambiguous
backbone_dentate_candidate		1.35259							dentate_candidate		0.191298				0.718204			GSE214309		1.70717				0.810474			0.09227	0.09227			immature_4hr		2.20358			29	snRNA_seq	dentate_gyrus	snRNA_counts	dentate_gyrus		1.92205				0.812968			backbone_refined	mouse		1.88318				0.80798			backbone_refined|GSE214309|snRNA_counts|immature_4hr|backbone_dentate_candidate
backbone_dentate_low_support		1.36126							dentate_low_support		0.105009				0.509975			GSE214309		0.937777				0.411471			-0.098504	-0.098504			immature_4hr		1.98744			32	snRNA_seq	dentate_gyrus	snRNA_counts	dentate_gyrus		1.34715				0.496259			backbone_refined	mouse		1.59932				0.627182			backbone_refined|GSE214309|snRNA_counts|immature_4hr|backbone_dentate_low_support
backbone_dentate_candidate		1.35993							dentate_candidate		0.0657005				0.399002			GSE214309		1.48248				0.715711			0.316709	0.316709			immatureactive_1hr		1.24183			13	snRNA_seq	dentate_gyrus	snRNA_counts	dentate_gyrus		1.61585				0.653367			backbone_refined	mouse		1.55331				0.588529			backbone_refined|GSE214309|snRNA_counts|immatureactive_1hr|backbone_dentate_candidate
backbone_dentate_low_support		0.538592							dentate_low_support		0.100463				0.496259			GSE214309		0.82473				0.349127			-0.147132	-0.147132			immatureactive_1hr		1.26639			27	snRNA_seq	dentate_gyrus	snRNA_counts	dentate_gyrus		0.855178				0.234414			backbone_refined	mouse		0.949277				0.23192			backbone_refined|GSE214309|snRNA_counts|immatureactive_1hr|backbone_dentate_low_support
backbone_other_or_ambiguous		0.967228							other_or_ambiguous		0.41356				0.9202			GSE214309		0.116987				0.0473816			-0.872818	-0.872818			immatureactive_1hr		1.04928			2	snRNA_seq	dentate_gyrus	snRNA_counts	dentate_gyrus		1.21115				0.4202			backbone_refined	mouse		1.07589				0.315461			backbone_refined|GSE214309|snRNA_counts|immatureactive_1hr|backbone_other_or_ambiguous
backbone_dentate_candidate		1.88909							dentate_candidate		0.0870425				0.453242			GSE214309		1.72925				0.819202			0.36596	0.36596			immatureactive_4hr		1.8635			18	snRNA_seq	dentate_gyrus	snRNA_counts	dentate_gyrus		1.78687				0.756858			backbone_refined	mouse		1.87348				0.801746			backbone_refined|GSE214309|snRNA_counts|immatureactive_4hr|backbone_dentate_candidate
backbone_dentate_low_support		1.41538							dentate_low_support		0.122788				0.546135			GSE214309		0.821286				0.34414			-0.201995	-0.201995			immatureactive_4hr		1.67889			13	snRNA_seq	dentate_gyrus	snRNA_counts	dentate_gyrus		1.20028				0.401496			backbone_refined	mouse		1.56189				0.59601			backbone_refined|GSE214309|snRNA_counts|immatureactive_4hr|backbone_dentate_low_support
backbone_other_or_ambiguous		0.684334							other_or_ambiguous		0.14429				0.608479			GSE214309		0.0152772				0.00997506			-0.598504	-0.598504			immatureactive_4hr		1.70982			1	snRNA_seq	dentate_gyrus	snRNA_counts	dentate_gyrus		0.990277				0.296758			backbone_refined	mouse		1.12814				0.346633			backbone_refined|GSE214309|snRNA_counts|immatureactive_4hr|backbone_other_or_ambiguous
backbone_dentate_candidate		1.26521							dentate_candidate		0.0847394				0.448878			GSE214309		1.79569				0.834164			0.385286	0.385286			mature_1hr		1.58352			18	snRNA_seq	dentate_gyrus	snRNA_counts	dentate_gyrus		1.77652				0.744389			backbone_refined	mouse		1.58952				0.615961			backbone_refined|GSE214309|snRNA_counts|mature_1hr|backbone_dentate_candidate
backbone_dentate_low_support		0.993323							dentate_low_support		0.133681				0.578553			GSE214309		0.803018				0.342893			-0.23566	-0.23566			mature_1hr		1.40299			24	snRNA_seq	dentate_gyrus	snRNA_counts	dentate_gyrus		0.78822				0.213217			backbone_refined	mouse		0.928487				0.238154			backbone_refined|GSE214309|snRNA_counts|mature_1hr|backbone_dentate_low_support
backbone_other_or_ambiguous		1.01585							other_or_ambiguous		0.150675				0.504988			GSE214309		0.088034				0.0261845			-0.478803	-0.478803			mature_1hr		1.30598			2	snRNA_seq	dentate_gyrus	snRNA_counts	dentate_gyrus		1.408				0.531172			backbone_refined	mouse		1.24328				0.417706			backbone_refined|GSE214309|snRNA_counts|mature_1hr|backbone_other_or_ambiguous
backbone_dentate_candidate		1.34377							dentate_candidate		0.205246				0.738155			GSE214309		1.67145				0.786783			0.048628	0.048628			mature_4hr		2.06532			24	snRNA_seq	dentate_gyrus	snRNA_counts	dentate_gyrus		1.88246				0.794264			backbone_refined	mouse		1.81327				0.76808			backbone_refined|GSE214309|snRNA_counts|mature_4hr|backbone_dentate_candidate
backbone_dentate_low_support		1.49933							dentate_low_support		0.111238				0.523067			GSE214309		0.828557				0.357855			-0.165212	-0.165212			mature_4hr		1.70831			20	snRNA_seq	dentate_gyrus	snRNA_counts	dentate_gyrus		1.587				0.63591			backbone_refined	mouse		1.58763				0.61596			backbone_refined|GSE214309|snRNA_counts|mature_4hr|backbone_dentate_low_support
backbone_dentate_candidate		1.07821							dentate_candidate		0.0992658				0.476309			GSE214309		1.46922				0.708229			0.23192	0.23192			matureactive_1hr		1.60024			9	snRNA_seq	dentate_gyrus	snRNA_counts	dentate_gyrus		1.70918				0.698254			backbone_refined	mouse		1.31297				0.446384			backbone_refined|GSE214309|snRNA_counts|matureactive_1hr|backbone_dentate_candidate
backbone_dentate_low_support		0.697099							dentate_low_support		0.0627855				0.356608			GSE214309		0.669817				0.271821			-0.084787	-0.084787			matureactive_1hr		0.916459			46	snRNA_seq	dentate_gyrus	snRNA_counts	dentate_gyrus		0.875555				0.243142			backbone_refined	mouse		0.884193				0.215711			backbone_refined|GSE214309|snRNA_counts|matureactive_1hr|backbone_dentate_low_support
backbone_other_or_ambiguous		0.574086							other_or_ambiguous		0.21802				0.734414			GSE214309		0.175264				0.0567331			-0.677681	-0.677681			matureactive_1hr		0.767885			6	snRNA_seq	dentate_gyrus	snRNA_counts	dentate_gyrus		0.689097				0.184538			backbone_refined	mouse		0.648493				0.112219			backbone_refined|GSE214309|snRNA_counts|matureactive_1hr|backbone_other_or_ambiguous
backbone_dentate_candidate		1.92626							dentate_candidate		0.0759337				0.432045			GSE214309		1.68663				0.798005			0.36596	0.36596			matureactive_4hr		1.37759			18	snRNA_seq	dentate_gyrus	snRNA_counts	dentate_gyrus		1.75479				0.735661			backbone_refined	mouse		1.68644				0.685785			backbone_refined|GSE214309|snRNA_counts|matureactive_4hr|backbone_dentate_candidate
backbone_dentate_low_support		1.71054							dentate_low_support		0.0489071				0.305486			GSE214309		0.709952				0.291771			-0.013715	-0.013715			matureactive_4hr		1.28221			34	snRNA_seq	dentate_gyrus	snRNA_counts	dentate_gyrus		1.52062				0.594763			backbone_refined	mouse		1.57241				0.604738			backbone_refined|GSE214309|snRNA_counts|matureactive_4hr|backbone_dentate_low_support
backbone_other_or_ambiguous		1.73606							other_or_ambiguous		0.9255				0.988778			GSE214309		0.377883				0.145886			-0.842892	-0.842892			matureactive_4hr		1.28218			2	snRNA_seq	dentate_gyrus	snRNA_counts	dentate_gyrus		1.63119				0.620947			backbone_refined	mouse		1.54981				0.59227			backbone_refined|GSE214309|snRNA_counts|matureactive_4hr|backbone_other_or_ambiguous
backbone_dentate_candidate		3.14311							dentate_candidate		0.144457				0.626316			GSE214905		4.19493				0.78421			0.157894	0.157894			all		4.63348			38	patch_seq	dentate_gyrus	patch_RNA_QC_counts	dentate_gyrus		4.7592				0.742105			backbone_refined	mouse		4.07315				0.726316			backbone_refined|GSE214905|patch_RNA_QC_counts|all|backbone_dentate_candidate
backbone_dentate_low_support		1.77797							dentate_low_support		0				0.268421			GSE214905		2.48533				0.310526			0.042105	0.042105			all		3.168			56	patch_seq	dentate_gyrus	patch_RNA_QC_counts	dentate_gyrus		3.39051				0.310526			backbone_refined	mouse		2.71277				0.321052			backbone_refined|GSE214905|patch_RNA_QC_counts|all|backbone_dentate_low_support
backbone_other_or_ambiguous		1.43004							other_or_ambiguous		0				0.268421			GSE214905		0				0.0105263			-0.257895	-0.257895			all		2.52755			1	patch_seq	dentate_gyrus	patch_RNA_QC_counts	dentate_gyrus		2.46473				0.147368			backbone_refined	mouse		2.14077				0.2			backbone_refined|GSE214905|patch_RNA_QC_counts|all|backbone_other_or_ambiguous
backbone_cerebellar_candidate		0.238901							cerebellar_candidate		0.409074				0.84228			GSE242688		0.274653				0.31544			-0.52684	-0.52684			all		1.62875			249	visium_spatial	cerebellum_spatial	WT_ZT12_rep1	cerebellum_spatial		1.21394				0.586359			backbone_refined	mouse		1.02473				0.562046			backbone_refined|GSE242688|WT_ZT12_rep1|all|backbone_cerebellar_candidate
backbone_cerebellum_warning		0.39671							broad_neuronal_structural_warning		0.335353				0.727187			GSE242688		0.830474				0.849542			0.122355	0.122355			all		1.93791			935	visium_spatial	cerebellum_spatial	WT_ZT12_rep1	cerebellum_spatial		1.58782				0.833912			backbone_refined	mouse		1.30515				0.835491			backbone_refined|GSE242688|WT_ZT12_rep1|all|backbone_cerebellum_warning
backbone_other_or_ambiguous		0.153506							other_or_ambiguous		0.162887				0.323177			GSE242688		0.310613				0.350332			0.027155	0.027155			all		1.35711			1983	visium_spatial	cerebellum_spatial	WT_ZT12_rep1	cerebellum_spatial		0.956089				0.31923			backbone_refined	mouse		0.828893				0.323019			backbone_refined|GSE242688|WT_ZT12_rep1|all|backbone_other_or_ambiguous
backbone_cerebellar_candidate		0.245925							cerebellar_candidate		0.325774				0.886893			GSE242688		0.22397				0.0959337			-0.790959	-0.790959			all		1.77168			54	visium_spatial	cerebellum_spatial	WT_ZT12_rep2	cerebellum_spatial		1.31736				0.539676			backbone_refined	mouse		1.10353				0.475326			backbone_refined|GSE242688|WT_ZT12_rep2|all|backbone_cerebellar_candidate
backbone_cerebellum_warning		0.39671							broad_neuronal_structural_warning		0.225901				0.633044			GSE242688		0.841675				0.848796			0.215752	0.215752			all		2.02568			772	visium_spatial	cerebellum_spatial	WT_ZT12_rep2	cerebellum_spatial		1.53428				0.780695			backbone_refined	mouse		1.32659				0.791749			backbone_refined|GSE242688|WT_ZT12_rep2|all|backbone_cerebellum_warning
backbone_other_or_ambiguous		0.238901							other_or_ambiguous		0.162887				0.405053			GSE242688		0.44794				0.366364			-0.038689	-0.038689			all		1.6574			1707	visium_spatial	cerebellum_spatial	WT_ZT12_rep2	cerebellum_spatial		1.18157				0.361232			backbone_refined	mouse		1.03782				0.363995			backbone_refined|GSE242688|WT_ZT12_rep2|all|backbone_other_or_ambiguous
backbone_dentate_candidate		2.07549							dentate_candidate		0				0.374263			GSE292261		2.65814				0.785855			0.411592	0.411592			DG_P10		3.71994			53	Smart_seq2	dentate_gyrus	SS2_filtered_counts	dentate_gyrus		3.49914				0.695481			backbone_refined	mouse		3.09705				0.699411			backbone_refined|GSE292261|SS2_filtered_counts|DG_P10|backbone_dentate_candidate
backbone_dentate_low_support		1.87071							dentate_low_support		0				0.374263			GSE292261		2.04502				0.44106			0.066797	0.066797			DG_P10		3.3261			38	Smart_seq2	dentate_gyrus	SS2_filtered_counts	dentate_gyrus		3.15035				0.468566			backbone_refined	mouse		2.76839				0.533399			backbone_refined|GSE292261|SS2_filtered_counts|DG_P10|backbone_dentate_low_support
backbone_dentate_candidate		1.7311							dentate_candidate		0				0.374263			GSE292261		2.65321				0.779961			0.405698	0.405698			DG_P15		2.87913			49	Smart_seq2	dentate_gyrus	SS2_filtered_counts	dentate_gyrus		3.31289				0.579568			backbone_refined	mouse		2.67777				0.473477			backbone_refined|GSE292261|SS2_filtered_counts|DG_P15|backbone_dentate_candidate
backbone_dentate_low_support		1.61877							dentate_low_support		0				0.374263			GSE292261		2.08638				0.462672			0.088409	0.088409			DG_P15		2.95441			44	Smart_seq2	dentate_gyrus	SS2_filtered_counts	dentate_gyrus		2.90342				0.35167			backbone_refined	mouse		2.48335				0.400786			backbone_refined|GSE292261|SS2_filtered_counts|DG_P15|backbone_dentate_low_support
backbone_dentate_candidate		0.778118							dentate_candidate		0				0.374263			GSE292261		2.30308				0.585462			0.211199	0.211199			DG_P28		2.09956			7	Smart_seq2	dentate_gyrus	SS2_filtered_counts	dentate_gyrus		3.25821				0.548134			backbone_refined	mouse		2.254				0.324165			backbone_refined|GSE292261|SS2_filtered_counts|DG_P28|backbone_dentate_candidate
backbone_dentate_low_support		0.587509							dentate_low_support		0				0.374263			GSE292261		1.22748				0.169941			-0.204322	-0.204322			DG_P28		1.69388			144	Smart_seq2	dentate_gyrus	SS2_filtered_counts	dentate_gyrus		2.36921				0.158154			backbone_refined	mouse		1.5821				0.150294			backbone_refined|GSE292261|SS2_filtered_counts|DG_P28|backbone_dentate_low_support
backbone_other_or_ambiguous		0.825414							other_or_ambiguous		0				0.374263			GSE292261		0				0.00392927			-0.370334	-0.370334			DG_P28		1.23611			4	Smart_seq2	dentate_gyrus	SS2_filtered_counts	dentate_gyrus		2.23966				0.131631			backbone_refined	mouse		1.41618				0.0952848			backbone_refined|GSE292261|SS2_filtered_counts|DG_P28|backbone_other_or_ambiguous
backbone_dentate_candidate		2.06403							dentate_candidate		0				0.374263			GSE292261		2.79771				0.842829			0.468566	0.468566			DG_P5		5.14747			49	Smart_seq2	dentate_gyrus	SS2_filtered_counts	dentate_gyrus		3.76332				0.836935			backbone_refined	mouse		3.62568				0.895874			backbone_refined|GSE292261|SS2_filtered_counts|DG_P5|backbone_dentate_candidate
backbone_dentate_low_support		1.91269							dentate_low_support		0				0.374263			GSE292261		1.85893				0.367387			-0.006876	-0.006876			DG_P5		5.19817			45	Smart_seq2	dentate_gyrus	SS2_filtered_counts	dentate_gyrus		3.56432				0.734774			backbone_refined	mouse		3.55348				0.882122			backbone_refined|GSE292261|SS2_filtered_counts|DG_P5|backbone_dentate_low_support
backbone_dentate_candidate		1.41392							dentate_candidate		0				0.374263			GSE292261		2.4989				0.692535			0.318272	0.318272			DG_P7		3.99838			38	Smart_seq2	dentate_gyrus	SS2_filtered_counts	dentate_gyrus		3.57742				0.746562			backbone_refined	mouse		3.02033				0.674853			backbone_refined|GSE292261|SS2_filtered_counts|DG_P7|backbone_dentate_candidate
backbone_dentate_low_support		1.48767							dentate_low_support		0				0.374263			GSE292261		1.8875				0.373281			-0.000982	-0.000982			DG_P7		4.17671			38	Smart_seq2	dentate_gyrus	SS2_filtered_counts	dentate_gyrus		3.12411				0.452848			backbone_refined	mouse		2.89736				0.611984			backbone_refined|GSE292261|SS2_filtered_counts|DG_P7|backbone_dentate_low_support
backbone_cerebellar_candidate		0.411586							cerebellar_candidate		0.288914				0.789479			GSE312658		0				0.282067			-0.507412	-0.507412			all		0.621227			1829	10x	cerebellum	Ctrl	cerebellum		0.643924				0.724521			backbone_refined	mouse		0.552249				0.665431			backbone_refined|GSE312658|Ctrl|all|backbone_cerebellar_candidate
backbone_cerebellum_warning		0.640251							broad_neuronal_structural_warning		0.0630134				0.247375			GSE312658		0.22397				0.928145			0.68077	0.68077			all		0.621227			596	10x	cerebellum	Ctrl	cerebellum		0.500789				0.553428			backbone_refined	mouse		0.604924				0.718139			backbone_refined|GSE312658|Ctrl|all|backbone_cerebellum_warning
backbone_other_or_ambiguous		0.184839							other_or_ambiguous		0.0630134				0.247375			GSE312658		0				0.282067			0.034692	0.034692			all		0.264838			2432	10x	cerebellum	Ctrl	cerebellum		0.244466				0.269302			backbone_refined	mouse		0.239201				0.267758			backbone_refined|GSE312658|Ctrl|all|backbone_other_or_ambiguous
backbone_cerebellar_candidate		0.398761							cerebellar_candidate		0.272339				0.816153			GSE312658		0				0.233732			-0.582421	-0.582421			all		0.57631			2329	10x	cerebellum	cKO	cerebellum		0.590605				0.721278			backbone_refined	mouse		0.522573				0.598186			backbone_refined|GSE312658|cKO|all|backbone_cerebellar_candidate
backbone_cerebellum_warning		0.737855							broad_neuronal_structural_warning		0.0630134				0.312122			GSE312658		0.22397				0.875684			0.563562	0.563562			all		0.625725			1494	10x	cerebellum	cKO	cerebellum		0.495088				0.567593			backbone_refined	mouse		0.637468				0.732076			backbone_refined|GSE312658|cKO|all|backbone_cerebellum_warning
backbone_other_or_ambiguous		0.25808							other_or_ambiguous		0.0630134				0.312122			GSE312658		0				0.233732			-0.07839	-0.07839			all		0.3226			3123	10x	cerebellum	cKO	cerebellum		0.266595				0.26994			backbone_refined	mouse		0.288623				0.276274			backbone_refined|GSE312658|cKO|all|backbone_other_or_ambiguous
backbone_dentate_candidate		0.298489							dentate_candidate		0				0.384064			GSE95752		0.539686				0.713851			0.329787	0.329787			DC12		0.622756			15	C1	dentate_gyrus	C1_all_cells	dentate_gyrus		0.649088				0.558836			backbone_refined	mouse		0.494023				0.463743			backbone_refined|GSE95752|C1_all_cells|DC12|backbone_dentate_candidate
backbone_dentate_low_support		0.25808							dentate_low_support		0				0.384064			GSE95752		0.22397				0.414677			0.030613	0.030613			DC12		0.524297			17	C1	dentate_gyrus	C1_all_cells	dentate_gyrus		0.435612				0.354755			backbone_refined	mouse		0.390253				0.344768			backbone_refined|GSE95752|C1_all_cells|DC12|backbone_dentate_low_support
backbone_other_or_ambiguous		0.119451							other_or_ambiguous		0				0.384064			GSE95752		0				0.112896			-0.271168	-0.271168			DC12		0.195089			8	C1	dentate_gyrus	C1_all_cells	dentate_gyrus		0.053319				0.09835			backbone_refined	mouse		0.102711				0.0856491			backbone_refined|GSE95752|C1_all_cells|DC12|backbone_other_or_ambiguous
backbone_dentate_candidate		0.524286							dentate_candidate		0				0.384064			GSE95752		0.518876				0.691055			0.306991	0.306991			DG03		0.786917			20	C1	dentate_gyrus	C1_all_cells	dentate_gyrus		0.920372				0.811767			backbone_refined	mouse		0.773544				0.732522			backbone_refined|GSE95752|C1_all_cells|DG03|backbone_dentate_candidate
backbone_dentate_low_support		0.268357							dentate_low_support		0				0.384064			GSE95752		0.22397				0.414677			0.030613	0.030613			DG03		0.44794			11	C1	dentate_gyrus	C1_all_cells	dentate_gyrus		0.469942				0.380156			backbone_refined	mouse		0.407698				0.364742			backbone_refined|GSE95752|C1_all_cells|DG03|backbone_dentate_low_support
backbone_other_or_ambiguous		0.0924196							other_or_ambiguous		0				0.384064			GSE95752		0				0.112896			-0.271168	-0.271168			DG03		0.219062			8	C1	dentate_gyrus	C1_all_cells	dentate_gyrus		0.148892				0.206687			backbone_refined	mouse		0.157309				0.161529			backbone_refined|GSE95752|C1_all_cells|DG03|backbone_other_or_ambiguous
backbone_dentate_candidate		0.450772							dentate_candidate		0				0.384064			GSE95752		0.676456				0.828485			0.444421	0.444421			DG04		0.782073			39	C1	dentate_gyrus	C1_all_cells	dentate_gyrus		0.811986				0.717325			backbone_refined	mouse		0.691711				0.663048			backbone_refined|GSE95752|C1_all_cells|DG04|backbone_dentate_candidate
backbone_dentate_low_support		0.234975							dentate_low_support		0				0.384064			GSE95752		0.198628				0.391012			0.006948	0.006948			DG04		0.55096			14	C1	dentate_gyrus	C1_all_cells	dentate_gyrus		0.556762				0.457772			backbone_refined	mouse		0.442454				0.399914			backbone_refined|GSE95752|C1_all_cells|DG04|backbone_dentate_low_support
backbone_other_or_ambiguous		0.184839							other_or_ambiguous		0				0.384064			GSE95752		0				0.112896			-0.271168	-0.271168			DG04		0.231049			5	C1	dentate_gyrus	C1_all_cells	dentate_gyrus		0				0.0327833			backbone_refined	mouse		0.130638				0.125923			backbone_refined|GSE95752|C1_all_cells|DG04|backbone_other_or_ambiguous
backbone_dentate_candidate		0.480227							dentate_candidate		0				0.384064			GSE95752		0.678668				0.829787			0.445723	0.445723			DG05		0.891117			81	C1	dentate_gyrus	C1_all_cells	dentate_gyrus		0.875888				0.777247			backbone_refined	mouse		0.777068				0.736431			backbone_refined|GSE95752|C1_all_cells|DG05|backbone_dentate_candidate
backbone_dentate_low_support		0.369678							dentate_low_support		0				0.384064			GSE95752		0.25993				0.450065			0.066001	0.066001			DG05		0.539491			25	C1	dentate_gyrus	C1_all_cells	dentate_gyrus		0.571273				0.474815			backbone_refined	mouse		0.510542				0.483283			backbone_refined|GSE95752|C1_all_cells|DG05|backbone_dentate_low_support
backbone_other_or_ambiguous		0.0828302							other_or_ambiguous		0.0630134				0.834564			GSE95752		0				0.112896			-0.721668	-0.721668			DG05		0.245254			20	C1	dentate_gyrus	C1_all_cells	dentate_gyrus		0.0955733				0.15469			backbone_refined	mouse		0.134403				0.130265			backbone_refined|GSE95752|C1_all_cells|DG05|backbone_other_or_ambiguous
backbone_dentate_candidate		0.463873							dentate_candidate		0				0.384064			GSE95752		0.628201				0.789731			0.405667	0.405667			DG06		0.790651			20	C1	dentate_gyrus	C1_all_cells	dentate_gyrus		0.777461				0.684542			backbone_refined	mouse		0.689787				0.661528			backbone_refined|GSE95752|C1_all_cells|DG06|backbone_dentate_candidate
backbone_dentate_low_support		0.360776							dentate_low_support		0				0.384064			GSE95752		0.310613				0.491967			0.107903	0.107903			DG06		0.613976			15	C1	dentate_gyrus	C1_all_cells	dentate_gyrus		0.57658				0.481112			backbone_refined	mouse		0.503532				0.475033			backbone_refined|GSE95752|C1_all_cells|DG06|backbone_dentate_low_support
backbone_other_or_ambiguous		0.107296							other_or_ambiguous		0.126027				0.952453			GSE95752		0				0.112896			-0.839557	-0.839557			DG06		0.264838			7	C1	dentate_gyrus	C1_all_cells	dentate_gyrus		0.177122				0.227529			backbone_refined	mouse		0.243732				0.231437			backbone_refined|GSE95752|C1_all_cells|DG06|backbone_other_or_ambiguous
backbone_dentate_candidate		0.510148							dentate_candidate		0				0.384064			GSE95752		0.56651				0.736431			0.352367	0.352367			DG07		0.847476			62	C1	dentate_gyrus	C1_all_cells	dentate_gyrus		0.851893				0.757056			backbone_refined	mouse		0.773074				0.732306			backbone_refined|GSE95752|C1_all_cells|DG07|backbone_dentate_candidate
backbone_dentate_low_support		0.3505							dentate_low_support		0				0.384064			GSE95752		0.25993				0.450065			0.066001	0.066001			DG07		0.731373			37	C1	dentate_gyrus	C1_all_cells	dentate_gyrus		0.594358				0.50152			backbone_refined	mouse		0.53091				0.507599			backbone_refined|GSE95752|C1_all_cells|DG07|backbone_dentate_low_support
backbone_other_or_ambiguous		0.0462098							other_or_ambiguous		0.0998738				0.921624			GSE95752		0				0.112896			-0.808728	-0.808728			DG07		0.207076			19	C1	dentate_gyrus	C1_all_cells	dentate_gyrus		0.0845086				0.140686			backbone_refined	mouse		0.106052				0.0887972			backbone_refined|GSE95752|C1_all_cells|DG07|backbone_other_or_ambiguous
backbone_dentate_candidate		0.440243							dentate_candidate		0				0.384064			GSE95752		0.601486				0.764655			0.380591	0.380591			DG08		0.726151			60	C1	dentate_gyrus	C1_all_cells	dentate_gyrus		0.754122				0.661528			backbone_refined	mouse		0.646853				0.6231			backbone_refined|GSE95752|C1_all_cells|DG08|backbone_dentate_candidate
backbone_dentate_low_support		0.277259							dentate_low_support		0				0.384064			GSE95752		0.25993				0.450065			0.066001	0.066001			DG08		0.572244			41	C1	dentate_gyrus	C1_all_cells	dentate_gyrus		0.550355				0.448762			backbone_refined	mouse		0.470568				0.429874			backbone_refined|GSE95752|C1_all_cells|DG08|backbone_dentate_low_support
backbone_other_or_ambiguous		0.0732408							other_or_ambiguous		0.0630134				0.834564			GSE95752		0				0.112896			-0.721668	-0.721668			DG08		0.264838			17	C1	dentate_gyrus	C1_all_cells	dentate_gyrus		0.0845086				0.140686			backbone_refined	mouse		0.128868				0.123317			backbone_refined|GSE95752|C1_all_cells|DG08|backbone_other_or_ambiguous
backbone_dentate_candidate		0.396011							dentate_candidate		0				0.384064			GSE95752		0.575646				0.747069			0.363005	0.363005			DG09		0.673611			37	C1	dentate_gyrus	C1_all_cells	dentate_gyrus		0.73123				0.64112			backbone_refined	mouse		0.568716				0.545376			backbone_refined|GSE95752|C1_all_cells|DG09|backbone_dentate_candidate
backbone_dentate_low_support		0.285111							dentate_low_support		0				0.384064			GSE95752		0.22397				0.414677			0.030613	0.030613			DG09		0.548271			45	C1	dentate_gyrus	C1_all_cells	dentate_gyrus		0.554108				0.455059			backbone_refined	mouse		0.452887				0.409032			backbone_refined|GSE95752|C1_all_cells|DG09|backbone_dentate_low_support
backbone_other_or_ambiguous		0.0828302							other_or_ambiguous		0				0.384064			GSE95752		0				0.112896			-0.271168	-0.271168			DG09		0.264838			28	C1	dentate_gyrus	C1_all_cells	dentate_gyrus		0.137828				0.19822			backbone_refined	mouse		0.147664				0.149479			backbone_refined|GSE95752|C1_all_cells|DG09|backbone_other_or_ambiguous
backbone_dentate_candidate		0.340911							dentate_candidate		0				0.384064			GSE95752		0.550803				0.719714			0.33565	0.33565			DG10		0.673611			18	C1	dentate_gyrus	C1_all_cells	dentate_gyrus		0.66972				0.579788			backbone_refined	mouse		0.575067				0.552323			backbone_refined|GSE95752|C1_all_cells|DG10|backbone_dentate_candidate
backbone_dentate_low_support		0.25808							dentate_low_support		0				0.384064			GSE95752		0.173287				0.367347			-0.016717	-0.016717			DG10		0.490509			27	C1	dentate_gyrus	C1_all_cells	dentate_gyrus		0.399458				0.332175			backbone_refined	mouse		0.40586				0.363873			backbone_refined|GSE95752|C1_all_cells|DG10|backbone_dentate_low_support
backbone_other_or_ambiguous		0.0462098							other_or_ambiguous		0.0315067				0.609314			GSE95752		0				0.112896			-0.496418	-0.496418			DG10		0.115525			30	C1	dentate_gyrus	C1_all_cells	dentate_gyrus		0.053319				0.09835			backbone_refined	mouse		0.0678516				0.0389709			backbone_refined|GSE95752|C1_all_cells|DG10|backbone_other_or_ambiguous
backbone_dentate_candidate		0.315654							dentate_candidate		0				0.384064			GSE95752		0.500398				0.677051			0.292987	0.292987			DG11		0.593861			36	C1	dentate_gyrus	C1_all_cells	dentate_gyrus		0.630661				0.539079			backbone_refined	mouse		0.491066				0.458098			backbone_refined|GSE95752|C1_all_cells|DG11|backbone_dentate_candidate
backbone_dentate_low_support		0.281185							dentate_low_support		0				0.384064			GSE95752		0.22397				0.414677			0.030613	0.030613			DG11		0.493715			52	C1	dentate_gyrus	C1_all_cells	dentate_gyrus		0.423465				0.346287			backbone_refined	mouse		0.405363				0.361702			backbone_refined|GSE95752|C1_all_cells|DG11|backbone_dentate_low_support
backbone_other_or_ambiguous		0.0924196							other_or_ambiguous		0				0.384064			GSE95752		0				0.112896			-0.271168	-0.271168			DG11		0.207076			33	C1	dentate_gyrus	C1_all_cells	dentate_gyrus		0.053319				0.09835			backbone_refined	mouse		0.108842				0.0937907			backbone_refined|GSE95752|C1_all_cells|DG11|backbone_other_or_ambiguous
backbone_dentate_candidate		0.377531							dentate_candidate		0				0.384064			GSE95752		0.570544				0.740122			0.356058	0.356058			DG12		0.723276			35	C1	dentate_gyrus	C1_all_cells	dentate_gyrus		0.750562				0.657186			backbone_refined	mouse		0.616962				0.597047			backbone_refined|GSE95752|C1_all_cells|DG12|backbone_dentate_candidate
backbone_dentate_low_support		0.202281							dentate_low_support		0				0.384064			GSE95752		0.212575				0.402845			0.018781	0.018781			DG12		0.514482			24	C1	dentate_gyrus	C1_all_cells	dentate_gyrus		0.403817				0.334238			backbone_refined	mouse		0.359974				0.317629			backbone_refined|GSE95752|C1_all_cells|DG12|backbone_dentate_low_support
backbone_other_or_ambiguous		0.0597253							other_or_ambiguous		0				0.384064			GSE95752		0				0.112896			-0.271168	-0.271168			DG12		0.178194			26	C1	dentate_gyrus	C1_all_cells	dentate_gyrus		0.0689138				0.119518			backbone_refined	mouse		0.111066				0.0961789			backbone_refined|GSE95752|C1_all_cells|DG12|backbone_other_or_ambiguous
backbone_dentate_candidate		0.384555							dentate_candidate		0				0.384064			GSE95752		0.562476				0.73274			0.348676	0.348676			DG13		0.669174			27	C1	dentate_gyrus	C1_all_cells	dentate_gyrus		0.673385				0.58337			backbone_refined	mouse		0.5588				0.532783			backbone_refined|GSE95752|C1_all_cells|DG13|backbone_dentate_candidate
backbone_dentate_low_support		0.217008							dentate_low_support		0				0.384064			GSE95752		0.22397				0.414677			0.030613	0.030613			DG13		0.438125			34	C1	dentate_gyrus	C1_all_cells	dentate_gyrus		0.497443				0.401324			backbone_refined	mouse		0.385212				0.338037			backbone_refined|GSE95752|C1_all_cells|DG13|backbone_dentate_low_support
backbone_other_or_ambiguous		0.115524							other_or_ambiguous		0.0630134				0.834564			GSE95752		0				0.112896			-0.721668	-0.721668			DG13		0.22836			18	C1	dentate_gyrus	C1_all_cells	dentate_gyrus		0.0689138				0.119518			backbone_refined	mouse		0.148014				0.149153			backbone_refined|GSE95752|C1_all_cells|DG13|backbone_other_or_ambiguous
backbone_dentate_candidate		0.379305							dentate_candidate		0				0.384064			GSE95752		0.653153				0.81003			0.425966	0.425966			DG14		0.72723			30	C1	dentate_gyrus	C1_all_cells	dentate_gyrus		0.740509				0.649696			backbone_refined	mouse		0.604817				0.585541			backbone_refined|GSE95752|C1_all_cells|DG14|backbone_dentate_candidate
backbone_dentate_low_support		0.263219							dentate_low_support		0				0.384064			GSE95752		0.24195				0.432371			0.048307	0.048307			DG14		0.46635			18	C1	dentate_gyrus	C1_all_cells	dentate_gyrus		0.506096				0.407946			backbone_refined	mouse		0.399727				0.356492			backbone_refined|GSE95752|C1_all_cells|DG14|backbone_dentate_low_support
backbone_other_or_ambiguous		0.138629							other_or_ambiguous		0				0.384064			GSE95752		0				0.112896			-0.271168	-0.271168			DG14		0.173287			11	C1	dentate_gyrus	C1_all_cells	dentate_gyrus		0.106638				0.168693			backbone_refined	mouse		0.129274				0.124186			backbone_refined|GSE95752|C1_all_cells|DG14|backbone_other_or_ambiguous
backbone_dentate_candidate		0.442919							dentate_candidate		0				0.384064			GSE95752		0.534583				0.707121			0.323057	0.323057			DG15		0.642853			51	C1	dentate_gyrus	C1_all_cells	dentate_gyrus		0.709101				0.620061			backbone_refined	mouse		0.605013				0.585323			backbone_refined|GSE95752|C1_all_cells|DG15|backbone_dentate_candidate
backbone_dentate_low_support		0.268357							dentate_low_support		0				0.384064			GSE95752		0.22397				0.414677			0.030613	0.030613			DG15		0.422931			55	C1	dentate_gyrus	C1_all_cells	dentate_gyrus		0.466802				0.374512			backbone_refined	mouse		0.368321				0.323925			backbone_refined|GSE95752|C1_all_cells|DG15|backbone_dentate_low_support
backbone_other_or_ambiguous		0.119451							other_or_ambiguous		0				0.384064			GSE95752		0				0.112896			-0.271168	-0.271168			DG15		0.235957			26	C1	dentate_gyrus	C1_all_cells	dentate_gyrus		0.137828				0.19822			backbone_refined	mouse		0.153162				0.156969			backbone_refined|GSE95752|C1_all_cells|DG15|backbone_other_or_ambiguous
backbone_dentate_candidate		0.421589							dentate_candidate		0				0.384064			GSE95752		0.479866				0.654147			0.270083	0.270083			DG16		0.621227			12	C1	dentate_gyrus	C1_all_cells	dentate_gyrus		0.686725				0.597373			backbone_refined	mouse		0.588567				0.564916			backbone_refined|GSE95752|C1_all_cells|DG16|backbone_dentate_candidate
backbone_dentate_low_support		0.238901							dentate_low_support		0				0.384064			GSE95752		0.22397				0.414677			0.030613	0.030613			DG16		0.432746			31	C1	dentate_gyrus	C1_all_cells	dentate_gyrus		0.466802				0.374512			backbone_refined	mouse		0.365128				0.320886			backbone_refined|GSE95752|C1_all_cells|DG16|backbone_dentate_low_support
backbone_other_or_ambiguous		0.0924196							other_or_ambiguous		0				0.384064			GSE95752		0				0.112896			-0.271168	-0.271168			DG16		0.141716			10	C1	dentate_gyrus	C1_all_cells	dentate_gyrus		0.122233				0.17792			backbone_refined	mouse		0.115297				0.103126			backbone_refined|GSE95752|C1_all_cells|DG16|backbone_other_or_ambiguous
backbone_dentate_candidate		0.30429							dentate_candidate		0				0.384064			GSE95752		0.500896				0.675749			0.291685	0.291685			DG17		0.688091			40	C1	dentate_gyrus	C1_all_cells	dentate_gyrus		0.639819				0.547655			backbone_refined	mouse		0.586003				0.562528			backbone_refined|GSE95752|C1_all_cells|DG17|backbone_dentate_candidate
backbone_dentate_low_support		0.170799							dentate_low_support		0				0.384064			GSE95752		0.20118				0.391012			0.006948	0.006948			DG17		0.515578			58	C1	dentate_gyrus	C1_all_cells	dentate_gyrus		0.509762				0.410117			backbone_refined	mouse		0.398453				0.3528			backbone_refined|GSE95752|C1_all_cells|DG17|backbone_dentate_low_support
backbone_other_or_ambiguous		0.0462098							other_or_ambiguous		0				0.384064			GSE95752		0				0.112896			-0.271168	-0.271168			DG17		0.231049			57	C1	dentate_gyrus	C1_all_cells	dentate_gyrus		0.0845086				0.140686			backbone_refined	mouse		0.139513				0.138081			backbone_refined|GSE95752|C1_all_cells|DG17|backbone_other_or_ambiguous
backbone_dentate_low_support		0.0462098							dentate_low_support		0				0.384064			GSE95752		0.137327				0.331741			-0.052323	-0.052323			DG18		0.264838			25	C1	dentate_gyrus	C1_all_cells	dentate_gyrus		0.106638				0.168693			backbone_refined	mouse		0.130802				0.126357			backbone_refined|GSE95752|C1_all_cells|DG18|backbone_dentate_low_support
backbone_other_or_ambiguous		0.0462098							other_or_ambiguous		0				0.384064			GSE95752		0				0.112896			-0.271168	-0.271168			DG18		0.207076			51	C1	dentate_gyrus	C1_all_cells	dentate_gyrus		0.053319				0.09835			backbone_refined	mouse		0.122634				0.111159			backbone_refined|GSE95752|C1_all_cells|DG18|backbone_other_or_ambiguous
backbone_dentate_candidate		0.240113							dentate_candidate		0.0630135				0.668258			GSE95752		0.461886				0.634173			-0.034085	-0.034085			DG19		0.770626			2	C1	dentate_gyrus	C1_all_cells	dentate_gyrus		0.458706				0.370495			backbone_refined	mouse		0.489815				0.463092			backbone_refined|GSE95752|C1_all_cells|DG19|backbone_dentate_candidate
backbone_dentate_low_support		0.146068							dentate_low_support		0				0.384064			GSE95752		0.137327				0.331741			-0.052323	-0.052323			DG19		0.591171			32	C1	dentate_gyrus	C1_all_cells	dentate_gyrus		0.213276				0.247503			backbone_refined	mouse		0.343294				0.305471			backbone_refined|GSE95752|C1_all_cells|DG19|backbone_dentate_low_support
backbone_other_or_ambiguous		0.0924196							other_or_ambiguous		0				0.384064			GSE95752		0				0.112896			-0.271168	-0.271168			DG19		0.335446			53	C1	dentate_gyrus	C1_all_cells	dentate_gyrus		0.0845086				0.140686			backbone_refined	mouse		0.168532				0.177594			backbone_refined|GSE95752|C1_all_cells|DG19|backbone_other_or_ambiguous
backbone_dentate_candidate		0.51616							dentate_candidate		0				0.384064			GSE95752		0.617705				0.780069			0.396005	0.396005			DG20		1.67733			51	C1	dentate_gyrus	C1_all_cells	dentate_gyrus		0.982246				0.853669			backbone_refined	mouse		1.03792				0.899696			backbone_refined|GSE95752|C1_all_cells|DG20|backbone_dentate_candidate
backbone_dentate_low_support		0.450772							dentate_low_support		0				0.384064			GSE95752		0.22397				0.414677			0.030613	0.030613			DG20		1.52035			63	C1	dentate_gyrus	C1_all_cells	dentate_gyrus		0.872198				0.772254			backbone_refined	mouse		0.94432				0.847156			backbone_refined|GSE95752|C1_all_cells|DG20|backbone_dentate_low_support
backbone_other_or_ambiguous		0.438617							other_or_ambiguous		0				0.384064			GSE95752		0				0.112896			-0.271168	-0.271168			DG20		1.09486			15	C1	dentate_gyrus	C1_all_cells	dentate_gyrus		0.702207				0.613765			backbone_refined	mouse		0.780993				0.740339			backbone_refined|GSE95752|C1_all_cells|DG20|backbone_other_or_ambiguous
backbone_dentate_candidate		0.488079							dentate_candidate		0				0.384064			GSE95752		0.657187				0.812419			0.428355	0.428355			DG21		1.35245			67	C1	dentate_gyrus	C1_all_cells	dentate_gyrus		0.932648				0.817412			backbone_refined	mouse		0.914525				0.828919			backbone_refined|GSE95752|C1_all_cells|DG21|backbone_dentate_candidate
backbone_dentate_low_support		0.315654							dentate_low_support		0				0.384064			GSE95752		0.22397				0.414677			0.030613	0.030613			DG21		1.12341			36	C1	dentate_gyrus	C1_all_cells	dentate_gyrus		0.561897				0.463525			backbone_refined	mouse		0.663064				0.636561			backbone_refined|GSE95752|C1_all_cells|DG21|backbone_dentate_low_support
backbone_other_or_ambiguous		0.119451							other_or_ambiguous		0				0.384064			GSE95752		0				0.112896			-0.271168	-0.271168			DG21		0.477508			33	C1	dentate_gyrus	C1_all_cells	dentate_gyrus		0.053319				0.09835			backbone_refined	mouse		0.19816				0.201042			backbone_refined|GSE95752|C1_all_cells|DG21|backbone_other_or_ambiguous
backbone_dentate_candidate		0.540675							dentate_candidate		0				0.384064			GSE95752		0.782925				0.906644			0.52258	0.52258			DG22		1.54452			81	C1	dentate_gyrus	C1_all_cells	dentate_gyrus		0.927684				0.814155			backbone_refined	mouse		1.01172				0.887104			backbone_refined|GSE95752|C1_all_cells|DG22|backbone_dentate_candidate
backbone_dentate_low_support		0.331321							dentate_low_support		0				0.384064			GSE95752		0.25993				0.450065			0.066001	0.066001			DG22		1.26234			29	C1	dentate_gyrus	C1_all_cells	dentate_gyrus		0.698829				0.608554			backbone_refined	mouse		0.822575				0.768129			backbone_refined|GSE95752|C1_all_cells|DG22|backbone_dentate_low_support
backbone_other_or_ambiguous		0.119451							other_or_ambiguous		0.0630134				0.834564			GSE95752		0				0.112896			-0.721668	-0.721668			DG22		0.374984			9	C1	dentate_gyrus	C1_all_cells	dentate_gyrus		0.159957				0.215154			backbone_refined	mouse		0.226085				0.221884			backbone_refined|GSE95752|C1_all_cells|DG22|backbone_other_or_ambiguous
backbone_dentate_candidate		0.526437							dentate_candidate		0				0.384064			GSE95752		0.667192				0.820886			0.436822	0.436822			DG23		1.39844			51	C1	dentate_gyrus	C1_all_cells	dentate_gyrus		0.948259				0.834564			backbone_refined	mouse		0.991241				0.87538			backbone_refined|GSE95752|C1_all_cells|DG23|backbone_dentate_candidate
backbone_dentate_low_support		0.299987							dentate_low_support		0				0.384064			GSE95752		0.25993				0.450065			0.066001	0.066001			DG23		0.990833			31	C1	dentate_gyrus	C1_all_cells	dentate_gyrus		0.590605				0.498697			backbone_refined	mouse		0.634073				0.614416			backbone_refined|GSE95752|C1_all_cells|DG23|backbone_dentate_low_support
backbone_other_or_ambiguous		0.0828302							other_or_ambiguous		0.0630134				0.834564			GSE95752		0				0.112896			-0.721668	-0.721668			DG23		0.377673			38	C1	dentate_gyrus	C1_all_cells	dentate_gyrus		0.0845086				0.140686			backbone_refined	mouse		0.196182				0.198437			backbone_refined|GSE95752|C1_all_cells|DG23|backbone_other_or_ambiguous
backbone_dentate_candidate		0.560218							dentate_candidate		0				0.384064			GSE95752		0.65911				0.813939			0.429875	0.429875			DG24		1.29449			82	C1	dentate_gyrus	C1_all_cells	dentate_gyrus		0.884337				0.787017			backbone_refined	mouse		0.919023				0.831959			backbone_refined|GSE95752|C1_all_cells|DG24|backbone_dentate_candidate
backbone_dentate_low_support		0.353486							dentate_low_support		0				0.384064			GSE95752		0.155307				0.349544			-0.03452	-0.03452			DG24		0.934001			40	C1	dentate_gyrus	C1_all_cells	dentate_gyrus		0.635051				0.543096			backbone_refined	mouse		0.65059				0.627008			backbone_refined|GSE95752|C1_all_cells|DG24|backbone_dentate_low_support
backbone_other_or_ambiguous		0.0462098							other_or_ambiguous		0.0315067				0.609314			GSE95752		0				0.112896			-0.496418	-0.496418			DG24		0.25993			10	C1	dentate_gyrus	C1_all_cells	dentate_gyrus		0.053319				0.09835			backbone_refined	mouse		0.133922				0.130048			backbone_refined|GSE95752|C1_all_cells|DG24|backbone_other_or_ambiguous
backbone_dentate_candidate		0.568869							dentate_candidate		0				0.384064			GSE95752		0.75322				0.887864			0.5038	0.5038			DG25		1.263			70	C1	dentate_gyrus	C1_all_cells	dentate_gyrus		0.994688				0.861051			backbone_refined	mouse		0.941513				0.84455			backbone_refined|GSE95752|C1_all_cells|DG25|backbone_dentate_candidate
backbone_dentate_low_support		0.411251							dentate_low_support		0				0.384064			GSE95752		0.251584				0.442792			0.058728	0.058728			DG25		1.04933			8	C1	dentate_gyrus	C1_all_cells	dentate_gyrus		0.746032				0.655124			backbone_refined	mouse		0.692607				0.655666			backbone_refined|GSE95752|C1_all_cells|DG25|backbone_dentate_low_support
backbone_other_or_ambiguous		0.0924196							other_or_ambiguous		0.0630134				0.834564			GSE95752		0				0.112896			-0.721668	-0.721668			DG25		0.330843			16	C1	dentate_gyrus	C1_all_cells	dentate_gyrus		0.106638				0.168693			backbone_refined	mouse		0.157164				0.163265			backbone_refined|GSE95752|C1_all_cells|DG25|backbone_other_or_ambiguous
human_broad_neuronal_structural_warning	0.45404	0.325642	0.212161	0.646002	1.37172	1.58615	0.699945	1.99052	broad_neuronal_structural_warning	0.0595344	0	0	0.11168	0.503217	0.281664	0.281664	0.734797	GSE268609	0.0307728	0	0	0.0637119	0.386654	0.279835	0.279835	0.576132	-0.116563	-0.00182899	-0.348194	-0.00182899	broad_neuronal_structural_warning	0.642154	0.664833	0.538512	0.756872	653	snRNA_multiome_RNA_selected_bridge	hippocampus_dentate_gyrus	1	AD	0.528952	0.483628	0.39631	0.64473	0.727197	0.762231	0.595793	0.876086	gse268609_hippocampus_rna	human	0.541716	0.48877	0.437748	0.596056	0.755071	0.767718	0.631916	0.869227	gse268609_hippocampus_rna|GSE268609|1|broad_neuronal_structural_warning|human_broad_neuronal_structural_warning
human_other_or_ambiguous	0.178124	0.165265	0.104707	0.24164	1.83174	1.93398	1.60433	2.16108	other_or_ambiguous	0.0549038	0	0	0.11362	0.477114	0.281664	0.281664	0.740969	GSE268609	0.0293057	0	0	0	0.369122	0.279835	0.279835	0.279835	-0.107992	-0.00182899	-0.378601	-0.00182899	hippocampal_neuronal_ambiguous	0.577092	0.58829	0.488328	0.675967	991	snRNA_multiome_RNA_selected_bridge	hippocampus_dentate_gyrus	1	AD	0.345044	0.320383	0.304288	0.365222	0.328682	0.284408	0.143004	0.492684	gse268609_hippocampus_rna	human	0.366753	0.366945	0.329804	0.399274	0.311291	0.292638	0.144719	0.441701	gse268609_hippocampus_rna|GSE268609|1|hippocampal_neuronal_ambiguous|human_other_or_ambiguous
human_projected_dentate_candidate	0.283311	0.219964	0.148636	0.336581	1.68249	1.77919	1.48974	2.08709	dentate_candidate	0.0713109	0	0	0.127778	0.524576	0.281664	0.281664	0.783265	GSE268609	0.220558	0.19831	0.179195	0.223605	0.837045	0.824874	0.788523	0.868541	0.312469	0.478281	0.0418381	0.540466	human_dg_like_candidate	0.581756	0.582718	0.480949	0.674332	319	snRNA_multiome_RNA_selected_bridge	hippocampus_dentate_gyrus	1	AD	0.407281	0.34194	0.308367	0.43129	0.443206	0.41198	0.178555	0.691587	gse268609_hippocampus_rna	human	0.424116	0.396883	0.350312	0.444997	0.450769	0.433013	0.222451	0.658665	gse268609_hippocampus_rna|GSE268609|1|human_dg_like_candidate|human_projected_dentate_candidate
human_projected_dentate_candidate	0.375873	0.352505	0.284239	0.428276	1.75636	1.73973	1.59896	1.98682	dentate_candidate	0.118051	0.112964	0.0829475	0.173046	0.699619	0.737769	0.646319	0.891175	GSE268609	0.39026	0.384354	0.361409	0.414772	0.970844	0.972565	0.96182	0.982053	0.271226	0.232282	0.0802469	0.342135	human_dg_like_high_confidence	0.601076	0.597186	0.540015	0.705589	38	snRNA_multiome_RNA_selected_bridge	hippocampus_dentate_gyrus	1	AD	0.400999	0.37084	0.34912	0.415865	0.557354	0.512117	0.437586	0.653064	gse268609_hippocampus_rna	human	0.459316	0.454646	0.404024	0.492097	0.615623	0.687929	0.467307	0.773548	gse268609_hippocampus_rna|GSE268609|1|human_dg_like_high_confidence|human_projected_dentate_candidate
human_projected_immature_neurogenic_candidate	0.519209	0.342913	0.186708	0.898875	1.25731	1.31438	0.60106	1.85782	dentate_candidate	0.0616807	0.0376581	0	0.10951	0.530398	0.580018	0.281664	0.729424	GSE268609	0.311473	0.292237	0.250743	0.348256	0.923684	0.920439	0.888089	0.955533	0.393286	0.382945	0.218393	0.614198	immature_neurogenic_candidate	0.595146	0.578385	0.514448	0.683166	186	snRNA_multiome_RNA_selected_bridge	hippocampus_dentate_gyrus	1	AD	0.559668	0.460147	0.367743	0.770085	0.703519	0.73594	0.501829	0.936557	gse268609_hippocampus_rna	human	0.558008	0.495942	0.394498	0.731847	0.673444	0.781207	0.421925	0.928784	gse268609_hippocampus_rna|GSE268609|1|immature_neurogenic_candidate|human_projected_immature_neurogenic_candidate
human_broad_neuronal_structural_warning	0.721648	0.737287	0.435992	0.977312	0.892395	0.478233	0.220543	1.57451	broad_neuronal_structural_warning	0.0685583	0.0370715	0	0.125728	0.469516	0.457871	0.220118	0.69889	GSE268609	0.0328624	0	0	0.0757303	0.369053	0.247224	0.247224	0.539517	-0.100463	0.0271065	-0.31646	0.0271065	broad_neuronal_structural_warning	0.547405	0.559885	0.444714	0.6598	1013	snRNA_multiome_RNA_selected_bridge	hippocampus_dentate_gyrus	10	MCI	0.628347	0.633935	0.472058	0.760123	0.698415	0.7113	0.552907	0.860549	gse268609_hippocampus_rna	human	0.632467	0.615509	0.494781	0.75656	0.707963	0.693664	0.564337	0.863815	gse268609_hippocampus_rna|GSE268609|10|broad_neuronal_structural_warning|human_broad_neuronal_structural_warning
human_other_or_ambiguous	0.242423	0.200736	0.129889	0.304593	1.81862	1.96284	1.51686	2.2503	other_or_ambiguous	0.0887722	0.0788047	0	0.154114	0.51429	0.5387	0.220118	0.786169	GSE268609	0.0243351	0	0	0	0.325229	0.247224	0.247224	0.247224	-0.189061	0.0271065	-0.488815	0.0271065	hippocampal_neuronal_ambiguous	0.509081	0.515522	0.412612	0.610164	1106	snRNA_multiome_RNA_selected_bridge	hippocampus_dentate_gyrus	10	MCI	0.373675	0.342485	0.321699	0.390744	0.276368	0.242652	0.12353	0.400147	gse268609_hippocampus_rna	human	0.37506	0.37154	0.328955	0.405178	0.256563	0.239876	0.117489	0.358181	gse268609_hippocampus_rna|GSE268609|10|hippocampal_neuronal_ambiguous|human_other_or_ambiguous
human_projected_dentate_candidate	0.465968	0.331917	0.171905	0.802152	1.55549	1.85624	0.935522	2.17862	dentate_candidate	0.0805432	0.0611113	0	0.138615	0.500804	0.49804	0.220118	0.741346	GSE268609	0.200683	0.183782	0.164029	0.205996	0.786816	0.770738	0.731548	0.817766	0.286011	0.286088	0.0499673	0.531352	human_dg_like_candidate	0.530341	0.52583	0.44446	0.624737	481	snRNA_multiome_RNA_selected_bridge	hippocampus_dentate_gyrus	10	MCI	0.472771	0.391504	0.325781	0.625025	0.428006	0.401045	0.151208	0.701176	gse268609_hippocampus_rna	human	0.489693	0.430778	0.365448	0.637653	0.459393	0.438929	0.218811	0.716199	gse268609_hippocampus_rna|GSE268609|10|human_dg_like_candidate|human_projected_dentate_candidate
human_projected_dentate_candidate	0.524074	0.48935	0.326333	0.724671	1.6937	1.86147	1.48855	2.1067	dentate_candidate	0.132758	0.133127	0.0874178	0.18649	0.669683	0.720526	0.564664	0.866182	GSE268609	0.360452	0.348309	0.323245	0.38183	0.952859	0.952155	0.935173	0.969546	0.283175	0.235385	0.0810745	0.393207	human_dg_like_high_confidence	0.556914	0.55766	0.487773	0.646519	78	snRNA_multiome_RNA_selected_bridge	hippocampus_dentate_gyrus	10	MCI	0.494498	0.459308	0.398255	0.550656	0.541011	0.530699	0.420803	0.633083	gse268609_hippocampus_rna	human	0.525162	0.51743	0.424828	0.622704	0.551353	0.593076	0.42064	0.702074	gse268609_hippocampus_rna|GSE268609|10|human_dg_like_high_confidence|human_projected_dentate_candidate
human_projected_immature_neurogenic_candidate	0.76795	0.874689	0.482519	1.0126	0.987705	0.663702	0.283895	1.73715	dentate_candidate	0.0804166	0.0652903	0	0.132922	0.505088	0.508328	0.220118	0.719913	GSE268609	0.295535	0.274872	0.227561	0.341052	0.898868	0.89631	0.850996	0.946848	0.39378	0.397289	0.19595	0.631532	immature_neurogenic_candidate	0.513136	0.515639	0.411317	0.609333	384	snRNA_multiome_RNA_selected_bridge	hippocampus_dentate_gyrus	10	MCI	0.637798	0.67756	0.478245	0.772777	0.703837	0.755552	0.56099	0.878021	gse268609_hippocampus_rna	human	0.639628	0.685032	0.519471	0.764063	0.694276	0.768289	0.596832	0.873449	gse268609_hippocampus_rna|GSE268609|10|immature_neurogenic_candidate|human_projected_immature_neurogenic_candidate
human_broad_neuronal_structural_warning	0.837863	0.875748	0.730802	0.983186	0.41874	0.26009	0.162926	0.535273	broad_neuronal_structural_warning	0.0504	0.0368	0	0.0849422	0.479996	0.490173	0.223656	0.683637	GSE268609	0.073718	0.0579207	0	0.135487	0.364007	0.381246	0.162207	0.517641	-0.115989	-0.0614492	-0.309022	0.0419133	broad_neuronal_structural_warning	0.568442	0.557474	0.473759	0.64996	2229	snRNA_multiome_RNA_selected_bridge	hippocampus_dentate_gyrus	11	MCI	0.771076	0.786868	0.699415	0.853786	0.578866	0.572816	0.407767	0.750414	gse268609_hippocampus_rna	human	0.725793	0.736265	0.665228	0.794471	0.603047	0.59839	0.404215	0.800852	gse268609_hippocampus_rna|GSE268609|11|broad_neuronal_structural_warning|human_broad_neuronal_structural_warning
human_other_or_ambiguous	0.297627	0.233231	0.118359	0.39636	1.17292	1.28546	0.841232	1.58014	other_or_ambiguous	0.0610076	0	0	0.131008	0.471146	0.223656	0.223656	0.837023	GSE268609	0.0750777	0	0	0.186698	0.339391	0.162207	0.162207	0.61097	-0.131755	-0.0614492	-0.338207	-0.0614492	hippocampal_neuronal_ambiguous	0.536197	0.545265	0.404925	0.674633	790	snRNA_multiome_RNA_selected_bridge	hippocampus_dentate_gyrus	11	MCI	0.457292	0.397713	0.35695	0.487642	0.193421	0.132489	0.0701516	0.226557	gse268609_hippocampus_rna	human	0.430372	0.41123	0.357058	0.461466	0.171697	0.130594	0.0682572	0.196957	gse268609_hippocampus_rna|GSE268609|11|hippocampal_neuronal_ambiguous|human_other_or_ambiguous
human_projected_dentate_candidate	0.559783	0.600263	0.27249	0.820065	0.9217	0.951809	0.32645	1.4647	dentate_candidate	0.0958549	0.0757879	0	0.142683	0.590972	0.656524	0.223656	0.866268	GSE268609	0.326102	0.309201	0.279612	0.35588	0.80045	0.783685	0.749408	0.839214	0.209478	0.132252	-0.0580452	0.525752	human_dg_like_candidate	0.564284	0.566734	0.453482	0.677279	580	snRNA_multiome_RNA_selected_bridge	hippocampus_dentate_gyrus	11	MCI	0.636188	0.641062	0.38436	0.856013	0.427074	0.342766	0.111828	0.75521	gse268609_hippocampus_rna	human	0.586752	0.619864	0.41306	0.752885	0.402762	0.339095	0.133554	0.659484	gse268609_hippocampus_rna|GSE268609|11|human_dg_like_candidate|human_projected_dentate_candidate
human_projected_dentate_candidate	0.519397	0.602499	0.299577	0.72566	1.17581	1.3694	0.853728	1.55158	dentate_candidate	0.103147	0.0937902	0	0.158242	0.623923	0.714895	0.223656	0.90309	GSE268609	0.470939	0.445044	0.420596	0.515372	0.935011	0.926474	0.906642	0.964007	0.311088	0.256453	0.0195951	0.681743	human_dg_like_high_confidence	0.533752	0.536646	0.461589	0.637692	40	snRNA_multiome_RNA_selected_bridge	hippocampus_dentate_gyrus	11	MCI	0.634339	0.557267	0.480891	0.786361	0.407394	0.274331	0.220578	0.571158	gse268609_hippocampus_rna	human	0.562496	0.535009	0.439032	0.689293	0.335555	0.268411	0.172034	0.459685	gse268609_hippocampus_rna|GSE268609|11|human_dg_like_high_confidence|human_projected_dentate_candidate
human_projected_immature_neurogenic_candidate	0.782744	0.780244	0.678645	0.888282	0.499958	0.35824	0.250069	0.679528	dentate_candidate	0.0621337	0.0512906	0	0.105742	0.517403	0.549609	0.223656	0.755861	GSE268609	0.447516	0.427845	0.368677	0.502788	0.908986	0.912621	0.857151	0.958856	0.391583	0.363545	0.159425	0.664871	immature_neurogenic_candidate	0.631521	0.619535	0.52699	0.728943	584	snRNA_multiome_RNA_selected_bridge	hippocampus_dentate_gyrus	11	MCI	0.835651	0.860646	0.758994	0.946915	0.693331	0.767464	0.505506	0.909602	gse268609_hippocampus_rna	human	0.749972	0.760244	0.701381	0.813718	0.659492	0.682572	0.486739	0.854487	gse268609_hippocampus_rna|GSE268609|11|immature_neurogenic_candidate|human_projected_immature_neurogenic_candidate
human_broad_neuronal_structural_warning	0.784764	0.869077	0.501469	1.03772	0.837329	0.490729	0.257753	1.4613	broad_neuronal_structural_warning	0.0600383	0.0322785	0	0.102959	0.454045	0.461317	0.223787	0.636919	GSE268609	0.0553473	0.0426711	0	0.111358	0.359829	0.406006	0.197998	0.501951	-0.0942155	-0.0257889	-0.294537	0.00169664	broad_neuronal_structural_warning	0.55907	0.560541	0.47217	0.6532	940	snRNA_multiome_RNA_selected_bridge	hippocampus_dentate_gyrus	12	MCI	0.670135	0.693122	0.555591	0.783887	0.70154	0.721581	0.567272	0.8613	gse268609_hippocampus_rna	human	0.671323	0.704172	0.545951	0.78166	0.696349	0.703597	0.550814	0.843994	gse268609_hippocampus_rna|GSE268609|12|broad_neuronal_structural_warning|human_broad_neuronal_structural_warning
human_other_or_ambiguous	0.246203	0.197912	0.117752	0.298419	1.66147	1.82805	1.33817	2.0729	other_or_ambiguous	0.0698708	0	0	0.128381	0.467483	0.223787	0.223787	0.720648	GSE268609	0.0416071	0	0	0.109558	0.310513	0.197998	0.197998	0.498219	-0.15697	-0.0257889	-0.461571	-0.0257889	hippocampal_neuronal_ambiguous	0.553625	0.563225	0.464224	0.646722	1028	snRNA_multiome_RNA_selected_bridge	hippocampus_dentate_gyrus	12	MCI	0.402777	0.371434	0.337876	0.425621	0.267676	0.231931	0.112827	0.381829	gse268609_hippocampus_rna	human	0.400868	0.390282	0.34878	0.422483	0.243098	0.213607	0.109518	0.327961	gse268609_hippocampus_rna|GSE268609|12|hippocampal_neuronal_ambiguous|human_other_or_ambiguous
human_projected_dentate_candidate	0.576839	0.467949	0.240589	0.934596	1.31348	1.53209	0.472714	1.92187	dentate_candidate	0.0998773	0.0857567	0	0.16071	0.558349	0.582626	0.223787	0.818629	GSE268609	0.246516	0.219476	0.19395	0.288082	0.781273	0.760774	0.714455	0.84323	0.222924	0.194774	-0.043943	0.491347	human_dg_like_candidate	0.553095	0.558729	0.461469	0.652991	547	snRNA_multiome_RNA_selected_bridge	hippocampus_dentate_gyrus	12	MCI	0.53139	0.464012	0.360624	0.710596	0.470611	0.457754	0.189515	0.745843	gse268609_hippocampus_rna	human	0.553774	0.491365	0.408178	0.722154	0.50587	0.488293	0.282491	0.739057	gse268609_hippocampus_rna|GSE268609|12|human_dg_like_candidate|human_projected_dentate_candidate
human_projected_dentate_candidate	0.529687	0.488103	0.371999	0.684673	1.61257	1.7063	1.48694	1.86957	dentate_candidate	0.187772	0.179127	0.114075	0.268658	0.798595	0.855955	0.671361	0.960214	GSE268609	0.388096	0.375163	0.358181	0.409714	0.944628	0.942314	0.923057	0.966152	0.146033	0.0819477	-0.0139973	0.255769	human_dg_like_high_confidence	0.570466	0.576688	0.521208	0.634098	86	snRNA_multiome_RNA_selected_bridge	hippocampus_dentate_gyrus	12	MCI	0.509524	0.481533	0.438177	0.55297	0.501679	0.491517	0.414404	0.565024	gse268609_hippocampus_rna	human	0.536559	0.531774	0.469313	0.597096	0.506869	0.535969	0.449186	0.599169	gse268609_hippocampus_rna|GSE268609|12|human_dg_like_high_confidence|human_projected_dentate_candidate
human_projected_immature_neurogenic_candidate	0.875087	0.950193	0.695477	1.0938	0.860827	0.534094	0.296261	1.51469	dentate_candidate	0.0940177	0.0848644	0	0.154262	0.556442	0.579403	0.223787	0.801578	GSE268609	0.342009	0.325278	0.280717	0.37956	0.890055	0.884459	0.833135	0.945623	0.333613	0.296912	0.095945	0.605531	immature_neurogenic_candidate	0.549077	0.556764	0.483517	0.634314	346	snRNA_multiome_RNA_selected_bridge	hippocampus_dentate_gyrus	12	MCI	0.664072	0.683047	0.560745	0.774828	0.690211	0.707669	0.575501	0.851374	gse268609_hippocampus_rna	human	0.696079	0.738753	0.60408	0.802261	0.720305	0.761792	0.605361	0.887173	gse268609_hippocampus_rna|GSE268609|12|immature_neurogenic_candidate|human_projected_immature_neurogenic_candidate
human_broad_neuronal_structural_warning	1.04853	1.05473	0.924832	1.1779	0.361118	0.241336	0.157074	0.391267	broad_neuronal_structural_warning	0.075834	0.0650516	0	0.115232	0.559305	0.581857	0.189368	0.787755	GSE268609	0.0718257	0.0704637	0	0.12248	0.346525	0.3548	0.12867	0.495173	-0.21278	-0.197699	-0.459997	-0.00866173	broad_neuronal_structural_warning	0.740131	0.746372	0.654202	0.826494	1000	snRNA_multiome_RNA_selected_bridge	hippocampus_dentate_gyrus	13	YA	0.817778	0.802743	0.753657	0.863845	0.699584	0.713303	0.532068	0.874438	gse268609_hippocampus_rna	human	0.868813	0.859421	0.819912	0.907179	0.704259	0.701402	0.552103	0.850106	gse268609_hippocampus_rna|GSE268609|13|broad_neuronal_structural_warning|human_broad_neuronal_structural_warning
human_other_or_ambiguous	0.882688	0.872753	0.726457	1.04383	0.352269	0.248125	0.16088	0.362369	other_or_ambiguous	0.0629629	0.0419146	0	0.111926	0.486549	0.46456	0.189368	0.773803	GSE268609	0.0672321	0.0576693	0	0.128562	0.327865	0.31936	0.12867	0.508001	-0.158685	-0.0606982	-0.423962	0.0824517	hippocampal_neuronal_ambiguous	0.589485	0.599536	0.495484	0.692323	1534	snRNA_multiome_RNA_selected_bridge	hippocampus_dentate_gyrus	13	YA	0.714458	0.696557	0.655121	0.76491	0.375115	0.307987	0.157234	0.573393	gse268609_hippocampus_rna	human	0.728877	0.733847	0.681207	0.775701	0.293213	0.258001	0.126488	0.395332	gse268609_hippocampus_rna|GSE268609|13|hippocampal_neuronal_ambiguous|human_other_or_ambiguous
human_projected_dentate_candidate	1.03348	1.05625	0.923544	1.17515	0.417086	0.227976	0.151534	0.475687	dentate_candidate	0.0534615	0.0421142	0	0.0888904	0.4668	0.464956	0.189368	0.686723	GSE268609	0.265109	0.24011	0.218227	0.288005	0.790103	0.766993	0.718725	0.849114	0.323303	0.338799	0.0741867	0.563475	human_dg_like_candidate	0.659247	0.662555	0.569126	0.762893	731	snRNA_multiome_RNA_selected_bridge	hippocampus_dentate_gyrus	13	YA	0.724399	0.701627	0.648392	0.790631	0.403527	0.322401	0.139249	0.674028	gse268609_hippocampus_rna	human	0.805709	0.812831	0.735598	0.878646	0.517657	0.525522	0.262893	0.770563	gse268609_hippocampus_rna|GSE268609|13|human_dg_like_candidate|human_projected_dentate_candidate
human_projected_dentate_candidate	1.03352	1.06477	0.917034	1.1441	0.328518	0.222306	0.159592	0.30267	dentate_candidate	0.0383809	0.0273928	0	0.0650172	0.409509	0.406771	0.189368	0.581195	GSE268609	0.374563	0.364364	0.332082	0.402277	0.931168	0.928855	0.899101	0.960196	0.521659	0.524464	0.347924	0.7379	human_dg_like_high_confidence	0.700424	0.703564	0.613334	0.792952	131	snRNA_multiome_RNA_selected_bridge	hippocampus_dentate_gyrus	13	YA	0.774092	0.765463	0.731879	0.799789	0.590245	0.577625	0.44512	0.701402	gse268609_hippocampus_rna	human	0.836011	0.844561	0.790116	0.884277	0.604089	0.646919	0.443137	0.786035	gse268609_hippocampus_rna|GSE268609|13|human_dg_like_high_confidence|human_projected_dentate_candidate
human_projected_immature_neurogenic_candidate	1.10172	1.12098	1.01555	1.21596	0.418985	0.25379	0.171964	0.467382	dentate_candidate	0.0587718	0.0447622	0	0.0961421	0.49468	0.478974	0.189368	0.711716	GSE268609	0.336716	0.321082	0.273887	0.38295	0.888264	0.888389	0.828352	0.947104	0.393584	0.393282	0.169532	0.645332	immature_neurogenic_candidate	0.736162	0.750952	0.64794	0.827128	385	snRNA_multiome_RNA_selected_bridge	hippocampus_dentate_gyrus	13	YA	0.793751	0.785173	0.732018	0.843337	0.632959	0.656969	0.445914	0.831526	gse268609_hippocampus_rna	human	0.87721	0.887068	0.833011	0.928234	0.725737	0.795821	0.601957	0.898175	gse268609_hippocampus_rna|GSE268609|13|immature_neurogenic_candidate|human_projected_immature_neurogenic_candidate
human_broad_neuronal_structural_warning	0.806031	0.8489	0.62761	1.00816	0.841789	0.438698	0.230336	1.41402	broad_neuronal_structural_warning	0.0539738	0.0254751	0	0.0948673	0.4805	0.492383	0.242888	0.696681	GSE268609	0.0726888	0.0680131	0	0.137065	0.342285	0.371133	0.170916	0.476333	-0.138215	-0.0719726	-0.331921	0.0700684	broad_neuronal_structural_warning	0.603398	0.601913	0.496676	0.711919	2254	snRNA_multiome_RNA_selected_bridge	hippocampus_dentate_gyrus	14	YA	0.717263	0.730869	0.625427	0.813012	0.652045	0.649619	0.483794	0.825198	gse268609_hippocampus_rna	human	0.708897	0.724043	0.612943	0.805836	0.661201	0.650163	0.478976	0.849681	gse268609_hippocampus_rna|GSE268609|14|broad_neuronal_structural_warning|human_broad_neuronal_structural_warning
human_other_or_ambiguous	0.265382	0.225192	0.13366	0.339465	1.99684	2.18291	1.66427	2.48734	other_or_ambiguous	0.0618764	0	0	0.129626	0.476548	0.242888	0.242888	0.800715	GSE268609	0.0578506	0	0	0.150962	0.299454	0.170916	0.170916	0.50101	-0.177094	-0.0719726	-0.46448	-0.0719726	hippocampal_neuronal_ambiguous	0.485717	0.492115	0.374094	0.592469	1897	snRNA_multiome_RNA_selected_bridge	hippocampus_dentate_gyrus	14	YA	0.418076	0.392164	0.3494	0.443134	0.218229	0.194932	0.098088	0.297528	gse268609_hippocampus_rna	human	0.389725	0.380957	0.330086	0.427749	0.199553	0.179543	0.0887611	0.27219	gse268609_hippocampus_rna|GSE268609|14|hippocampal_neuronal_ambiguous|human_other_or_ambiguous
human_projected_dentate_candidate	0.600854	0.555255	0.262008	0.931962	1.48448	1.66821	0.482435	2.25293	dentate_candidate	0.0865429	0.0679432	0	0.140602	0.577597	0.609358	0.242888	0.831844	GSE268609	0.273132	0.252657	0.231286	0.291918	0.740277	0.713431	0.679426	0.783499	0.162679	0.117985	-0.0862739	0.437121	human_dg_like_candidate	0.548107	0.551956	0.445659	0.648573	876	snRNA_multiome_RNA_selected_bridge	hippocampus_dentate_gyrus	14	YA	0.567123	0.540036	0.368374	0.755546	0.430322	0.404555	0.139165	0.703249	gse268609_hippocampus_rna	human	0.572028	0.556306	0.405187	0.742503	0.46272	0.430592	0.229209	0.694388	gse268609_hippocampus_rna|GSE268609|14|human_dg_like_candidate|human_projected_dentate_candidate
human_projected_dentate_candidate	0.632073	0.703733	0.340231	0.891091	1.46284	1.74217	0.568098	2.14419	dentate_candidate	0.076618	0.0604575	0	0.137446	0.544871	0.588839	0.242888	0.823877	GSE268609	0.395839	0.376097	0.342681	0.429114	0.900562	0.894295	0.857376	0.940541	0.355691	0.321623	0.0742266	0.631121	human_dg_like_high_confidence	0.54725	0.526841	0.438233	0.6462	123	snRNA_multiome_RNA_selected_bridge	hippocampus_dentate_gyrus	14	YA	0.615417	0.602691	0.496176	0.725284	0.509703	0.459506	0.36134	0.635707	gse268609_hippocampus_rna	human	0.598247	0.60743	0.478204	0.725422	0.496097	0.475517	0.348904	0.653739	gse268609_hippocampus_rna|GSE268609|14|human_dg_like_high_confidence|human_projected_dentate_candidate
human_projected_immature_neurogenic_candidate	0.874238	0.917809	0.781921	1.02704	0.837152	0.461601	0.312594	1.32298	dentate_candidate	0.0591552	0.0452834	0	0.100129	0.512041	0.537696	0.242888	0.712343	GSE268609	0.376285	0.358878	0.305177	0.427897	0.871532	0.875952	0.805301	0.939841	0.359491	0.345717	0.152184	0.594979	immature_neurogenic_candidate	0.564328	0.553848	0.469921	0.648146	1283	snRNA_multiome_RNA_selected_bridge	hippocampus_dentate_gyrus	14	YA	0.743996	0.762492	0.687012	0.827054	0.696536	0.717861	0.567309	0.8552	gse268609_hippocampus_rna	human	0.727521	0.747732	0.688025	0.797598	0.687248	0.707912	0.576636	0.832504	gse268609_hippocampus_rna|GSE268609|14|immature_neurogenic_candidate|human_projected_immature_neurogenic_candidate
human_broad_neuronal_structural_warning	0.862127	0.917843	0.784984	1.02399	0.626101	0.339102	0.263388	0.555785	broad_neuronal_structural_warning	0.0656406	0.0532845	0	0.108473	0.484567	0.483575	0.176812	0.710628	GSE268609	0.114038	0.13294	0.0296691	0.181832	0.344104	0.362319	0.262319	0.46715	-0.140462	-0.0821256	-0.32657	0.0487923	broad_neuronal_structural_warning	0.532125	0.516455	0.440998	0.613875	557	snRNA_multiome_RNA_selected_bridge	hippocampus_dentate_gyrus	15	SA	0.766934	0.800471	0.708954	0.864792	0.618601	0.596135	0.441546	0.791304	gse268609_hippocampus_rna	human	0.720395	0.742642	0.684719	0.786084	0.64912	0.637681	0.46087	0.824638	gse268609_hippocampus_rna|GSE268609|15|broad_neuronal_structural_warning|human_broad_neuronal_structural_warning
human_other_or_ambiguous	0.27359	0.213739	0.137705	0.303792	1.93256	2.20353	1.66835	2.40683	other_or_ambiguous	0.0660972	0	0	0.124796	0.449837	0.176812	0.176812	0.768599	GSE268609	0.0674549	0	0	0.151804	0.257141	0.129469	0.129469	0.39843	-0.192696	-0.047343	-0.525966	-0.047343	hippocampal_neuronal_ambiguous	0.54643	0.553616	0.461219	0.64215	670	snRNA_multiome_RNA_selected_bridge	hippocampus_dentate_gyrus	15	SA	0.416718	0.363015	0.331153	0.428719	0.231659	0.195411	0.096256	0.305797	gse268609_hippocampus_rna	human	0.412246	0.38832	0.347229	0.431178	0.223279	0.186957	0.0943237	0.284903	gse268609_hippocampus_rna|GSE268609|15|hippocampal_neuronal_ambiguous|human_other_or_ambiguous
human_projected_dentate_candidate	0.747383	0.877707	0.441422	0.966695	0.873785	0.363128	0.277805	1.64167	dentate_candidate	0.0899094	0.0761643	0.0301548	0.13408	0.568352	0.569324	0.399879	0.796618	GSE268609	0.278052	0.266446	0.251047	0.287439	0.701026	0.684783	0.63901	0.730556	0.132674	0.110628	-0.0740338	0.288889	human_dg_like_candidate	0.510619	0.502253	0.43957	0.574167	380	snRNA_multiome_RNA_selected_bridge	hippocampus_dentate_gyrus	15	SA	0.707274	0.803159	0.457014	0.864156	0.561152	0.603623	0.338285	0.78901	gse268609_hippocampus_rna	human	0.655092	0.72957	0.479935	0.777664	0.559868	0.590338	0.352657	0.795411	gse268609_hippocampus_rna|GSE268609|15|human_dg_like_candidate|human_projected_dentate_candidate
human_projected_dentate_candidate	0.436238	0.330851	0.215506	0.677282	1.88538	2.16035	1.57644	2.42121	dentate_candidate	0.127681	0.124068	0.0533916	0.181163	0.676268	0.765942	0.483696	0.913527	GSE268609	0.386932	0.375689	0.362372	0.388592	0.906591	0.898309	0.877415	0.914855	0.230323	0.152295	-0.0165459	0.410266	human_dg_like_high_confidence	0.540677	0.569237	0.480714	0.624263	28	snRNA_multiome_RNA_selected_bridge	hippocampus_dentate_gyrus	15	SA	0.534653	0.443878	0.405326	0.652939	0.389148	0.328744	0.276329	0.42814	gse268609_hippocampus_rna	human	0.503856	0.46524	0.402373	0.570837	0.348965	0.335024	0.221256	0.402657	gse268609_hippocampus_rna|GSE268609|15|human_dg_like_high_confidence|human_projected_dentate_candidate
human_projected_immature_neurogenic_candidate	0.910169	0.914885	0.830498	1.00184	0.406516	0.309835	0.257325	0.388494	dentate_candidate	0.0724823	0.0631979	0.0249575	0.109962	0.527118	0.516425	0.375845	0.716425	GSE268609	0.372403	0.360605	0.322881	0.402835	0.873046	0.873913	0.807488	0.939855	0.345928	0.347343	0.125121	0.537681	immature_neurogenic_candidate	0.507819	0.501411	0.446782	0.56381	435	snRNA_multiome_RNA_selected_bridge	hippocampus_dentate_gyrus	15	SA	0.834568	0.845589	0.79843	0.890254	0.716307	0.73285	0.58744	0.860145	gse268609_hippocampus_rna	human	0.750852	0.757182	0.715664	0.794549	0.693845	0.697101	0.539372	0.85	gse268609_hippocampus_rna|GSE268609|15|immature_neurogenic_candidate|human_projected_immature_neurogenic_candidate
human_broad_neuronal_structural_warning	1.04683	1.0417	0.959689	1.1218	0.345503	0.28324	0.215504	0.373017	broad_neuronal_structural_warning	0.0493439	0.0420203	0	0.0802895	0.45798	0.442549	0.167188	0.680103	GSE268609	0.184193	0.198616	0.10801	0.266272	0.301045	0.31293	0.171572	0.432138	-0.156935	-0.127583	-0.383101	0.0836725	broad_neuronal_structural_warning	0.70308	0.689397	0.61256	0.768354	760	snRNA_multiome_RNA_selected_bridge	hippocampus_dentate_gyrus	16	SA	0.903228	0.890459	0.848864	0.944703	0.640424	0.641515	0.479806	0.796885	gse268609_hippocampus_rna	human	0.88438	0.87155	0.839632	0.908215	0.684934	0.674546	0.537884	0.820679	gse268609_hippocampus_rna|GSE268609|16|broad_neuronal_structural_warning|human_broad_neuronal_structural_warning
human_other_or_ambiguous	0.823478	0.909542	0.704062	1.03257	0.538152	0.306262	0.21344	0.586288	other_or_ambiguous	0.0602126	0.0473411	0	0.10205	0.491671	0.483406	0.167188	0.780056	GSE268609	0.164024	0.173452	0.0676736	0.262608	0.274447	0.267689	0.117251	0.423294	-0.217224	-0.141828	-0.484111	0.0428929	hippocampal_neuronal_ambiguous	0.593949	0.587896	0.50361	0.680278	1063	snRNA_multiome_RNA_selected_bridge	hippocampus_dentate_gyrus	16	SA	0.757454	0.761281	0.688408	0.829969	0.281167	0.221979	0.10191	0.41531	gse268609_hippocampus_rna	human	0.72496	0.76056	0.676177	0.803367	0.274606	0.227927	0.100971	0.371008	gse268609_hippocampus_rna|GSE268609|16|hippocampal_neuronal_ambiguous|human_other_or_ambiguous
human_projected_dentate_candidate	0.932513	0.974665	0.864769	1.06153	0.574571	0.341342	0.253803	0.74134	dentate_candidate	0.0662514	0.0569385	0	0.0995482	0.530973	0.547511	0.167188	0.768629	GSE268609	0.387247	0.369012	0.350538	0.404477	0.676796	0.651378	0.611224	0.720883	0.145823	0.123356	-0.100423	0.431825	human_dg_like_candidate	0.661104	0.648202	0.555739	0.756751	514	snRNA_multiome_RNA_selected_bridge	hippocampus_dentate_gyrus	16	SA	0.82777	0.834729	0.739861	0.91154	0.451989	0.431904	0.174937	0.703272	gse268609_hippocampus_rna	human	0.807129	0.814954	0.759085	0.878457	0.462142	0.423763	0.223309	0.706324	gse268609_hippocampus_rna|GSE268609|16|human_dg_like_candidate|human_projected_dentate_candidate
human_projected_dentate_candidate	0.96687	0.992386	0.902391	1.05871	0.590441	0.369937	0.282784	0.791343	dentate_candidate	0.0723795	0.061107	0	0.104228	0.558237	0.568879	0.167188	0.789606	GSE268609	0.499249	0.476681	0.45775	0.533194	0.861297	0.845022	0.813713	0.905761	0.303059	0.316218	0.0325611	0.624609	human_dg_like_high_confidence	0.613388	0.603866	0.507224	0.730466	53	snRNA_multiome_RNA_selected_bridge	hippocampus_dentate_gyrus	16	SA	0.873799	0.864743	0.819154	0.934507	0.562044	0.546337	0.379775	0.768003	gse268609_hippocampus_rna	human	0.818019	0.825133	0.778042	0.847488	0.46113	0.47057	0.278334	0.572949	gse268609_hippocampus_rna|GSE268609|16|human_dg_like_high_confidence|human_projected_dentate_candidate
human_projected_immature_neurogenic_candidate	0.940862	0.955966	0.862745	1.03668	0.517564	0.362495	0.278837	0.568529	dentate_candidate	0.0625831	0.058925	0	0.0968017	0.527714	0.556199	0.167188	0.758375	GSE268609	0.501406	0.486299	0.431946	0.55632	0.850059	0.857076	0.771681	0.930651	0.322345	0.310269	0.0819505	0.573732	immature_neurogenic_candidate	0.749099	0.752434	0.661834	0.836211	804	snRNA_multiome_RNA_selected_bridge	hippocampus_dentate_gyrus	16	SA	0.922082	0.91903	0.857271	0.984211	0.683813	0.726832	0.512523	0.882671	gse268609_hippocampus_rna	human	0.870681	0.87652	0.825437	0.920356	0.650576	0.694584	0.471744	0.856841	gse268609_hippocampus_rna|GSE268609|16|immature_neurogenic_candidate|human_projected_immature_neurogenic_candidate
human_broad_neuronal_structural_warning	0.674594	0.75978	0.288873	0.977944	0.95693	0.401722	0.21266	1.87782	broad_neuronal_structural_warning	0.0686934	0.0410497	0	0.123444	0.507445	0.521608	0.233559	0.744175	GSE268609	0.0509492	0	0	0.104766	0.340197	0.200489	0.200489	0.472285	-0.167247	-0.0561819	-0.407601	-0.0330703	broad_neuronal_structural_warning	0.623864	0.618021	0.518963	0.712663	730	snRNA_multiome_RNA_selected_bridge	hippocampus_dentate_gyrus	17	SA	0.655086	0.686354	0.481911	0.784318	0.684861	0.685269	0.548384	0.846486	gse268609_hippocampus_rna	human	0.651181	0.67919	0.475697	0.79404	0.718353	0.717587	0.543874	0.904735	gse268609_hippocampus_rna|GSE268609|17|broad_neuronal_structural_warning|human_broad_neuronal_structural_warning
human_other_or_ambiguous	0.168759	0.154073	0.0984989	0.216179	2.0744	2.23315	1.85411	2.45094	other_or_ambiguous	0.0573329	0	0	0.119846	0.44291	0.233559	0.233559	0.735344	GSE268609	0.0423444	0	0	0.109917	0.298562	0.200489	0.200489	0.479989	-0.144349	-0.0330703	-0.424089	-0.0330703	hippocampal_neuronal_ambiguous	0.501789	0.507486	0.397605	0.611573	954	snRNA_multiome_RNA_selected_bridge	hippocampus_dentate_gyrus	17	SA	0.374307	0.351375	0.323913	0.406172	0.262659	0.237505	0.117343	0.398628	gse268609_hippocampus_rna	human	0.348285	0.349753	0.302844	0.388814	0.233892	0.225291	0.107948	0.336246	gse268609_hippocampus_rna|GSE268609|17|hippocampal_neuronal_ambiguous|human_other_or_ambiguous
human_projected_dentate_candidate	0.395745	0.308546	0.161886	0.594212	1.68203	1.97717	1.16475	2.32566	dentate_candidate	0.0984265	0.074313	0	0.161798	0.570772	0.609545	0.233559	0.853251	GSE268609	0.26256	0.23849	0.212275	0.293382	0.737182	0.712138	0.672679	0.784667	0.16641	0.148816	-0.0845547	0.434611	human_dg_like_candidate	0.550075	0.556317	0.451424	0.656954	421	snRNA_multiome_RNA_selected_bridge	hippocampus_dentate_gyrus	17	SA	0.481839	0.392091	0.335425	0.623195	0.413854	0.354002	0.172116	0.634348	gse268609_hippocampus_rna	human	0.475886	0.432349	0.358451	0.583128	0.454769	0.472379	0.24953	0.624577	gse268609_hippocampus_rna|GSE268609|17|human_dg_like_candidate|human_projected_dentate_candidate
human_projected_dentate_candidate	0.422755	0.358982	0.271713	0.588996	1.85772	2.03611	1.68095	2.24904	dentate_candidate	0.159263	0.152628	0.0940837	0.237213	0.74317	0.828636	0.657648	0.942879	GSE268609	0.397018	0.386451	0.352591	0.436511	0.901675	0.900413	0.863209	0.938745	0.158505	0.0512965	-0.0296881	0.306652	human_dg_like_high_confidence	0.568084	0.582018	0.497667	0.67912	73	snRNA_multiome_RNA_selected_bridge	hippocampus_dentate_gyrus	17	SA	0.487605	0.435587	0.407515	0.512279	0.504883	0.478016	0.403232	0.569711	gse268609_hippocampus_rna	human	0.492815	0.480707	0.414903	0.549669	0.51506	0.548666	0.42578	0.610673	gse268609_hippocampus_rna|GSE268609|17|human_dg_like_high_confidence|human_projected_dentate_candidate
human_projected_immature_neurogenic_candidate	0.784337	0.833687	0.717701	0.926111	0.679712	0.31382	0.242491	0.87729	dentate_candidate	0.0607658	0.0430485	0	0.0926434	0.504105	0.527245	0.233559	0.653514	GSE268609	0.380943	0.36274	0.308306	0.439277	0.872986	0.876362	0.807027	0.940436	0.368881	0.368283	0.213266	0.560691	immature_neurogenic_candidate	0.533665	0.522675	0.438426	0.606717	483	snRNA_multiome_RNA_selected_bridge	hippocampus_dentate_gyrus	17	SA	0.725785	0.753264	0.684557	0.814493	0.764774	0.793311	0.683578	0.896092	gse268609_hippocampus_rna	human	0.681262	0.70705	0.655308	0.754301	0.733773	0.761368	0.678504	0.849305	gse268609_hippocampus_rna|GSE268609|17|immature_neurogenic_candidate|human_projected_immature_neurogenic_candidate
human_broad_neuronal_structural_warning	0.701482	0.781556	0.371878	0.984441	0.844062	0.356202	0.195068	1.57241	broad_neuronal_structural_warning	0.0386556	0	0	0.0653601	0.467038	0.278568	0.278568	0.663789	GSE268609	0.029486	0	0	0.0638265	0.32999	0.221686	0.221686	0.486541	-0.137048	-0.0568817	-0.219401	-0.0568817	broad_neuronal_structural_warning	0.583512	0.580179	0.481733	0.678291	709	snRNA_multiome_RNA_selected_bridge	hippocampus_dentate_gyrus	18	SA	0.664594	0.685932	0.535946	0.777407	0.649444	0.651092	0.496699	0.807517	gse268609_hippocampus_rna	human	0.649862	0.671402	0.510111	0.775243	0.659469	0.653631	0.490604	0.847638	gse268609_hippocampus_rna|GSE268609|18|broad_neuronal_structural_warning|human_broad_neuronal_structural_warning
human_other_or_ambiguous	0.263747	0.200585	0.117532	0.314274	1.7154	1.90201	1.27742	2.26889	other_or_ambiguous	0.0495257	0	0	0.11282	0.484206	0.278568	0.278568	0.783139	GSE268609	0.0318883	0	0	0	0.309438	0.221686	0.221686	0.221686	-0.174768	-0.0568817	-0.438738	-0.0568817	hippocampal_neuronal_ambiguous	0.508428	0.51596	0.404919	0.623906	554	snRNA_multiome_RNA_selected_bridge	hippocampus_dentate_gyrus	18	SA	0.408442	0.361374	0.324753	0.427388	0.258215	0.204672	0.100686	0.36224	gse268609_hippocampus_rna	human	0.393539	0.371517	0.33028	0.414087	0.243471	0.19934	0.100686	0.315262	gse268609_hippocampus_rna|GSE268609|18|hippocampal_neuronal_ambiguous|human_other_or_ambiguous
human_projected_dentate_candidate	0.479793	0.334417	0.180358	0.854203	1.41521	1.64009	0.399426	2.19202	dentate_candidate	0.0643777	0	0	0.122395	0.534652	0.278568	0.278568	0.810056	GSE268609	0.230396	0.207621	0.185701	0.24086	0.755388	0.739462	0.690706	0.788217	0.220736	0.367953	-0.0253936	0.444134	human_dg_like_candidate	0.554478	0.546038	0.438092	0.659207	385	snRNA_multiome_RNA_selected_bridge	hippocampus_dentate_gyrus	18	SA	0.526885	0.439186	0.348539	0.71386	0.436185	0.38192	0.169121	0.685119	gse268609_hippocampus_rna	human	0.520385	0.462475	0.371467	0.699552	0.447108	0.421534	0.198578	0.69934	gse268609_hippocampus_rna|GSE268609|18|human_dg_like_candidate|human_projected_dentate_candidate
human_projected_dentate_candidate	0.435011	0.349688	0.250346	0.587866	1.72839	1.87828	1.53753	2.19064	dentate_candidate	0.0910274	0.0738619	0	0.164352	0.614763	0.686262	0.278568	0.916455	GSE268609	0.401178	0.386345	0.363657	0.416132	0.93696	0.936262	0.916455	0.956323	0.322197	0.248857	0.0325038	0.64906	human_dg_like_high_confidence	0.566163	0.564461	0.468307	0.70787	32	snRNA_multiome_RNA_selected_bridge	hippocampus_dentate_gyrus	18	SA	0.525102	0.459737	0.408922	0.600607	0.474448	0.415439	0.318563	0.566277	gse268609_hippocampus_rna	human	0.508759	0.492718	0.398903	0.606865	0.442674	0.470289	0.277044	0.584561	gse268609_hippocampus_rna|GSE268609|18|human_dg_like_high_confidence|human_projected_dentate_candidate
human_projected_immature_neurogenic_candidate	0.78398	0.878582	0.542404	1.00991	0.836113	0.395179	0.268295	1.40154	dentate_candidate	0.0623428	0.0385391	0	0.111645	0.554001	0.600813	0.278568	0.780599	GSE268609	0.364933	0.343397	0.285383	0.411588	0.895507	0.894363	0.838497	0.952768	0.341505	0.310818	0.099035	0.604114	immature_neurogenic_candidate	0.539621	0.524845	0.437639	0.612956	289	snRNA_multiome_RNA_selected_bridge	hippocampus_dentate_gyrus	18	SA	0.692016	0.732815	0.590646	0.813922	0.686434	0.721686	0.554088	0.869985	gse268609_hippocampus_rna	human	0.671872	0.710977	0.585487	0.767348	0.679071	0.715084	0.567801	0.833418	gse268609_hippocampus_rna|GSE268609|18|immature_neurogenic_candidate|human_projected_immature_neurogenic_candidate
human_broad_neuronal_structural_warning	0.75049	0.848168	0.407433	1.01002	0.813706	0.351837	0.207128	1.48431	broad_neuronal_structural_warning	0.0741188	0.0537637	0	0.123571	0.510309	0.531478	0.225137	0.722172	GSE268609	0.0432657	0	0	0.0894974	0.326626	0.198905	0.198905	0.465557	-0.183683	-0.0885036	-0.417427	-0.0262318	broad_neuronal_structural_warning	0.54163	0.537409	0.4403	0.633047	691	snRNA_multiome_RNA_selected_bridge	hippocampus_dentate_gyrus	19	SA	0.684439	0.699147	0.576455	0.790161	0.631847	0.622719	0.479471	0.793111	gse268609_hippocampus_rna	human	0.658853	0.684675	0.527338	0.776226	0.660768	0.651916	0.477874	0.841241	gse268609_hippocampus_rna|GSE268609|19|broad_neuronal_structural_warning|human_broad_neuronal_structural_warning
human_other_or_ambiguous	0.249734	0.193852	0.113106	0.293962	1.7617	1.99609	1.26445	2.35414	other_or_ambiguous	0.0832096	0	0	0.151557	0.508081	0.225137	0.225137	0.819799	GSE268609	0.0317241	0	0	0	0.27457	0.198905	0.198905	0.198905	-0.233512	-0.0262318	-0.575046	-0.0262318	hippocampal_neuronal_ambiguous	0.419057	0.416029	0.309141	0.524478	631	snRNA_multiome_RNA_selected_bridge	hippocampus_dentate_gyrus	19	SA	0.414891	0.377739	0.332829	0.438641	0.240891	0.19708	0.09375	0.332573	gse268609_hippocampus_rna	human	0.361227	0.33935	0.292631	0.379961	0.23316	0.198905	0.102418	0.295849	gse268609_hippocampus_rna|GSE268609|19|hippocampal_neuronal_ambiguous|human_other_or_ambiguous
human_projected_dentate_candidate	0.464228	0.314287	0.155998	0.805391	1.43317	1.67197	0.394763	2.26747	dentate_candidate	0.078814	0.0436701	0	0.142195	0.506672	0.491788	0.225137	0.785128	GSE268609	0.218499	0.206761	0.189439	0.219862	0.702724	0.691606	0.647582	0.73563	0.196052	0.225593	-0.11542	0.454151	human_dg_like_candidate	0.472064	0.478487	0.352024	0.573969	387	snRNA_multiome_RNA_selected_bridge	hippocampus_dentate_gyrus	19	SA	0.5414	0.469629	0.365078	0.724876	0.424554	0.375	0.168111	0.669252	gse268609_hippocampus_rna	human	0.492564	0.439351	0.335918	0.670541	0.419295	0.390967	0.189781	0.630018	gse268609_hippocampus_rna|GSE268609|19|human_dg_like_candidate|human_projected_dentate_candidate
human_projected_dentate_candidate	0.65605	0.737825	0.404968	0.89113	0.983739	0.602411	0.288745	1.7415	dentate_candidate	0.0749627	0.0571372	0	0.122108	0.522077	0.537409	0.225137	0.715785	GSE268609	0.377674	0.353328	0.315668	0.419658	0.892351	0.885949	0.84854	0.938869	0.370273	0.338047	0.179745	0.612454	human_dg_like_high_confidence	0.458685	0.445083	0.397855	0.516364	61	snRNA_multiome_RNA_selected_bridge	hippocampus_dentate_gyrus	19	SA	0.672974	0.717413	0.510519	0.786994	0.626585	0.655109	0.421077	0.787409	gse268609_hippocampus_rna	human	0.595903	0.628944	0.459105	0.71121	0.564011	0.56615	0.419708	0.709854	gse268609_hippocampus_rna|GSE268609|19|human_dg_like_high_confidence|human_projected_dentate_candidate
human_projected_immature_neurogenic_candidate	0.804352	0.870833	0.712322	0.982505	0.605313	0.338252	0.269251	0.683484	dentate_candidate	0.055595	0.0435415	0	0.0940623	0.46291	0.491104	0.225137	0.635265	GSE268609	0.368844	0.343708	0.290652	0.42884	0.879527	0.881615	0.817176	0.944685	0.416617	0.418796	0.251369	0.63401	immature_neurogenic_candidate	0.521054	0.51338	0.423684	0.608098	422	snRNA_multiome_RNA_selected_bridge	hippocampus_dentate_gyrus	19	SA	0.752442	0.769953	0.679376	0.861027	0.72362	0.75479	0.592039	0.908075	gse268609_hippocampus_rna	human	0.692616	0.725015	0.647571	0.78503	0.70169	0.738367	0.588276	0.862112	gse268609_hippocampus_rna|GSE268609|19|immature_neurogenic_candidate|human_projected_immature_neurogenic_candidate
human_broad_neuronal_structural_warning	0.843141	0.881303	0.645518	1.05978	0.680568	0.39388	0.229897	1.08722	broad_neuronal_structural_warning	0.0457828	0	0	0.0846617	0.454969	0.260456	0.260456	0.658881	GSE268609	0.0729285	0.0692836	0	0.141281	0.402486	0.432917	0.203694	0.575774	-0.0524835	-0.0567626	-0.176534	0.187941	broad_neuronal_structural_warning	0.50224	0.506607	0.416737	0.599409	1669	snRNA_multiome_RNA_selected_bridge	hippocampus_dentate_gyrus	2	AD	0.692737	0.703981	0.585166	0.798296	0.669132	0.674905	0.508963	0.839218	gse268609_hippocampus_rna	human	0.679373	0.693368	0.578743	0.774452	0.662228	0.657251	0.502173	0.826996	gse268609_hippocampus_rna|GSE268609|2|broad_neuronal_structural_warning|human_broad_neuronal_structural_warning
human_other_or_ambiguous	0.328348	0.27319	0.1655	0.415804	1.54633	1.65895	1.25658	1.97083	other_or_ambiguous	0.070662	0	0	0.133695	0.51787	0.260456	0.260456	0.813145	GSE268609	0.0599394	0	0	0.142581	0.358139	0.203694	0.203694	0.578694	-0.159731	-0.0567626	-0.480378	-0.0567626	hippocampal_neuronal_ambiguous	0.474015	0.483557	0.372293	0.584758	1160	snRNA_multiome_RNA_selected_bridge	hippocampus_dentate_gyrus	2	AD	0.418381	0.389913	0.347971	0.439605	0.237286	0.203829	0.100964	0.320817	gse268609_hippocampus_rna	human	0.406915	0.394324	0.348331	0.438637	0.2187	0.185633	0.0951928	0.285511	gse268609_hippocampus_rna|GSE268609|2|hippocampal_neuronal_ambiguous|human_other_or_ambiguous
human_projected_dentate_candidate	0.668243	0.625289	0.354916	1.01295	1.19099	1.34435	0.473257	1.77665	dentate_candidate	0.0905629	0.077424	0	0.14935	0.589434	0.637425	0.260456	0.856192	GSE268609	0.299272	0.281038	0.255207	0.326073	0.852415	0.838946	0.803775	0.895573	0.262981	0.200435	0.0283813	0.541689	human_dg_like_candidate	0.500024	0.51648	0.411881	0.58325	519	snRNA_multiome_RNA_selected_bridge	hippocampus_dentate_gyrus	2	AD	0.55001	0.489883	0.369794	0.724995	0.439737	0.402227	0.153857	0.713471	gse268609_hippocampus_rna	human	0.572759	0.552031	0.422037	0.742729	0.489486	0.468224	0.249321	0.752444	gse268609_hippocampus_rna|GSE268609|2|human_dg_like_candidate|human_projected_dentate_candidate
human_projected_dentate_candidate	0.613999	0.531395	0.349526	0.944973	1.34059	1.46711	1.00148	1.87694	dentate_candidate	0.124191	0.117156	0	0.181285	0.680214	0.762086	0.260456	0.909832	GSE268609	0.423508	0.403978	0.384893	0.437337	0.964157	0.961706	0.95057	0.978544	0.283942	0.1912	0.0358501	0.680337	human_dg_like_high_confidence	0.5001	0.534204	0.416699	0.577254	41	snRNA_multiome_RNA_selected_bridge	hippocampus_dentate_gyrus	2	AD	0.567475	0.54987	0.444672	0.66543	0.492627	0.471211	0.328083	0.608365	gse268609_hippocampus_rna	human	0.560525	0.528374	0.459171	0.669599	0.473497	0.442423	0.329712	0.620043	gse268609_hippocampus_rna|GSE268609|2|human_dg_like_high_confidence|human_projected_dentate_candidate
human_projected_immature_neurogenic_candidate	0.931964	0.990227	0.824351	1.11969	0.672197	0.43317	0.267142	1.04627	dentate_candidate	0.0587714	0.0364219	0	0.0980929	0.503826	0.535578	0.260456	0.705323	GSE268609	0.376434	0.356346	0.324417	0.41304	0.92961	0.928843	0.893536	0.967409	0.425783	0.398696	0.207224	0.665128	immature_neurogenic_candidate	0.495808	0.507476	0.422147	0.576386	293	snRNA_multiome_RNA_selected_bridge	hippocampus_dentate_gyrus	2	AD	0.705468	0.729003	0.619139	0.805667	0.686163	0.72189	0.548072	0.851439	gse268609_hippocampus_rna	human	0.71108	0.746427	0.653856	0.792545	0.713631	0.760999	0.597501	0.86176	gse268609_hippocampus_rna|GSE268609|2|immature_neurogenic_candidate|human_projected_immature_neurogenic_candidate
human_broad_neuronal_structural_warning	0.719292	0.742364	0.546737	0.910425	0.61534	0.360375	0.225256	0.832267	broad_neuronal_structural_warning	0.0483751	0	0	0.0928497	0.467771	0.278802	0.278802	0.71467	GSE268609	0	0	0	0	0.196237	0.196237	0.196237	0.196237	-0.271534	-0.0825653	-0.518433	-0.0825653	broad_neuronal_structural_warning	0.559858	0.569194	0.430868	0.683743	402	snRNA_multiome_RNA_selected_bridge	hippocampus_dentate_gyrus	20	SA	0.697753	0.701271	0.593957	0.809172	0.465111	0.433948	0.281298	0.625	gse268609_hippocampus_rna	human	0.658968	0.668877	0.544638	0.756185	0.49713	0.461982	0.274194	0.683372	gse268609_hippocampus_rna|GSE268609|20|broad_neuronal_structural_warning|human_broad_neuronal_structural_warning
human_other_or_ambiguous	0.192655	0.171546	0.107188	0.260176	1.67398	1.79766	1.31611	2.12251	other_or_ambiguous	0.0705735	0	0	0.149014	0.522014	0.278802	0.278802	0.862519	GSE268609	0	0	0	0	0.196237	0.196237	0.196237	0.196237	-0.325777	-0.0825653	-0.666283	-0.0825653	hippocampal_neuronal_ambiguous	0.482887	0.468423	0.364043	0.592689	108	snRNA_multiome_RNA_selected_bridge	hippocampus_dentate_gyrus	20	SA	0.350874	0.318064	0.301595	0.380077	0.0867184	0.0645161	0.0328341	0.127496	gse268609_hippocampus_rna	human	0.342139	0.336472	0.30165	0.374003	0.0758662	0.062596	0.031106	0.0985023	gse268609_hippocampus_rna|GSE268609|20|hippocampal_neuronal_ambiguous|human_other_or_ambiguous
human_projected_dentate_candidate	0.782465	0.837101	0.591073	1.00545	0.603919	0.320391	0.195337	0.720936	dentate_candidate	0.0502454	0	0	0.093404	0.480662	0.278802	0.278802	0.715822	GSE268609	0.143018	0.128379	0.101267	0.16522	0.528285	0.508449	0.450461	0.566436	0.0476228	0.151306	-0.206605	0.249232	human_dg_like_candidate	0.550757	0.561936	0.44937	0.655782	303	snRNA_multiome_RNA_selected_bridge	hippocampus_dentate_gyrus	20	SA	0.705659	0.746803	0.610557	0.857732	0.493736	0.513057	0.295315	0.715822	gse268609_hippocampus_rna	human	0.679627	0.726692	0.581216	0.811189	0.554297	0.604455	0.308372	0.812212	gse268609_hippocampus_rna|GSE268609|20|human_dg_like_candidate|human_projected_dentate_candidate
human_projected_dentate_candidate	0.375215	0.328323	0.17141	0.437165	1.53192	1.68186	1.25185	2.02604	dentate_candidate	0.0800324	0.0307661	0	0.139371	0.559702	0.453917	0.278802	0.838902	GSE268609	0.409648	0.390128	0.366368	0.433697	0.864714	0.856759	0.838134	0.890937	0.305012	0.358679	0.0405146	0.567588	human_dg_like_high_confidence	0.58998	0.592981	0.470428	0.666673	28	snRNA_multiome_RNA_selected_bridge	hippocampus_dentate_gyrus	20	SA	0.475843	0.417146	0.381404	0.493212	0.2246	0.160522	0.129224	0.213326	gse268609_hippocampus_rna	human	0.480346	0.455777	0.377433	0.539595	0.22523	0.189708	0.102343	0.264401	gse268609_hippocampus_rna|GSE268609|20|human_dg_like_high_confidence|human_projected_dentate_candidate
human_projected_immature_neurogenic_candidate	0.783831	0.84366	0.692186	0.938626	0.546639	0.356842	0.252009	0.56158	dentate_candidate	0.0635667	0.0439586	0	0.113223	0.533116	0.578341	0.278802	0.764209	GSE268609	0.357936	0.314925	0.228912	0.465279	0.796393	0.796467	0.694316	0.907834	0.263277	0.319508	0.0215054	0.477727	immature_neurogenic_candidate	0.505561	0.50476	0.377468	0.626172	461	snRNA_multiome_RNA_selected_bridge	hippocampus_dentate_gyrus	20	SA	0.823751	0.856027	0.708076	0.966948	0.649173	0.711214	0.447773	0.880952	gse268609_hippocampus_rna	human	0.704381	0.723079	0.635179	0.80374	0.583951	0.593702	0.391705	0.793395	gse268609_hippocampus_rna|GSE268609|20|immature_neurogenic_candidate|human_projected_immature_neurogenic_candidate
human_broad_neuronal_structural_warning	0.539278	0.503418	0.231553	0.832056	1.37818	1.56919	0.45061	2.18694	broad_neuronal_structural_warning	0.0546084	0	0	0.102288	0.487003	0.277565	0.277565	0.70427	GSE268609	0.0440631	0	0	0.0984088	0.303193	0.196941	0.196941	0.438815	-0.18381	-0.0806246	-0.377948	-0.0806246	broad_neuronal_structural_warning	0.580908	0.571992	0.479324	0.68257	439	snRNA_multiome_RNA_selected_bridge	hippocampus_dentate_gyrus	21	MCI	0.654167	0.642545	0.523046	0.756726	0.682146	0.687062	0.533142	0.831421	gse268609_hippocampus_rna	human	0.591451	0.572421	0.472945	0.698889	0.685105	0.678776	0.529955	0.850223	gse268609_hippocampus_rna|GSE268609|21|broad_neuronal_structural_warning|human_broad_neuronal_structural_warning
human_other_or_ambiguous	0.20466	0.168693	0.0954535	0.274883	2.01329	2.19234	1.75899	2.42657	other_or_ambiguous	0.0515151	0	0	0.11035	0.457067	0.277565	0.277565	0.725143	GSE268609	0.0461102	0	0	0.121492	0.297566	0.196941	0.196941	0.471479	-0.159501	-0.0806246	-0.315966	-0.0806246	hippocampal_neuronal_ambiguous	0.498743	0.517657	0.376327	0.621963	502	snRNA_multiome_RNA_selected_bridge	hippocampus_dentate_gyrus	21	MCI	0.438738	0.410163	0.377734	0.467195	0.293438	0.257808	0.135277	0.421128	gse268609_hippocampus_rna	human	0.380714	0.374033	0.326511	0.412058	0.264891	0.230402	0.11058	0.356119	gse268609_hippocampus_rna|GSE268609|21|hippocampal_neuronal_ambiguous|human_other_or_ambiguous
human_projected_dentate_candidate	0.369995	0.292788	0.144866	0.51043	1.70848	1.95546	1.14969	2.30927	dentate_candidate	0.0858329	0.0687687	0	0.14504	0.5666	0.62014	0.277565	0.828235	GSE268609	0.261046	0.236203	0.208252	0.294989	0.741822	0.719567	0.659975	0.813576	0.175222	0.152964	-0.0570427	0.413639	human_dg_like_candidate	0.538125	0.548742	0.430341	0.660565	375	snRNA_multiome_RNA_selected_bridge	hippocampus_dentate_gyrus	21	MCI	0.510158	0.449337	0.382286	0.60065	0.410647	0.371574	0.148821	0.640535	gse268609_hippocampus_rna	human	0.47276	0.443888	0.372456	0.553025	0.456505	0.446781	0.22594	0.659656	gse268609_hippocampus_rna|GSE268609|21|human_dg_like_candidate|human_projected_dentate_candidate
human_projected_dentate_candidate	0.374063	0.331172	0.170378	0.533874	1.64968	1.81793	1.25441	2.11211	dentate_candidate	0.107753	0.123257	0.0322226	0.144222	0.670491	0.76195	0.503426	0.825366	GSE268609	0.387746	0.364489	0.347062	0.404698	0.917012	0.905035	0.887508	0.945507	0.246521	0.179414	0.0745698	0.378983	human_dg_like_high_confidence	0.557026	0.559079	0.47669	0.666608	24	snRNA_multiome_RNA_selected_bridge	hippocampus_dentate_gyrus	21	MCI	0.578771	0.510524	0.458287	0.707372	0.572737	0.506055	0.39675	0.763225	gse268609_hippocampus_rna	human	0.503287	0.475851	0.409943	0.584238	0.528203	0.54079	0.344965	0.693435	gse268609_hippocampus_rna|GSE268609|21|human_dg_like_high_confidence|human_projected_dentate_candidate
human_projected_immature_neurogenic_candidate	0.676714	0.734805	0.475895	0.874791	0.997158	0.598817	0.357936	1.72272	dentate_candidate	0.0539083	0	0	0.0981321	0.494283	0.277565	0.277565	0.694073	GSE268609	0.368457	0.347722	0.298471	0.417197	0.883531	0.888464	0.818993	0.952199	0.389247	0.476418	0.170809	0.621734	immature_neurogenic_candidate	0.508475	0.470875	0.389938	0.603808	229	snRNA_multiome_RNA_selected_bridge	hippocampus_dentate_gyrus	21	MCI	0.70261	0.736685	0.611566	0.810213	0.744514	0.801785	0.650096	0.902486	gse268609_hippocampus_rna	human	0.629266	0.65217	0.562302	0.717766	0.730994	0.781389	0.669216	0.882728	gse268609_hippocampus_rna|GSE268609|21|immature_neurogenic_candidate|human_projected_immature_neurogenic_candidate
human_broad_neuronal_structural_warning	0.622214	0.646107	0.303251	0.893887	1.05776	0.849835	0.341797	1.77108	broad_neuronal_structural_warning	0.0510597	0	0	0.097295	0.444865	0.243716	0.243716	0.65032	GSE268609	0.0559977	0	0	0.121211	0.333383	0.200099	0.200099	0.472523	-0.111482	-0.0436175	-0.256284	-0.0436175	broad_neuronal_structural_warning	0.568357	0.561702	0.471363	0.66885	670	snRNA_multiome_RNA_selected_bridge	hippocampus_dentate_gyrus	22	MCI	0.697193	0.697079	0.583745	0.792177	0.65828	0.64761	0.49618	0.839699	gse268609_hippocampus_rna	human	0.629255	0.626137	0.507285	0.729763	0.65235	0.628142	0.471784	0.840069	gse268609_hippocampus_rna|GSE268609|22|broad_neuronal_structural_warning|human_broad_neuronal_structural_warning
human_other_or_ambiguous	0.226411	0.185522	0.108141	0.286863	1.75662	1.9453	1.3809	2.22712	other_or_ambiguous	0.066036	0	0	0.140133	0.473201	0.243716	0.243716	0.788319	GSE268609	0.0605406	0	0	0.164426	0.325539	0.200099	0.200099	0.538566	-0.147661	-0.0436175	-0.415476	-0.0436175	hippocampal_neuronal_ambiguous	0.507149	0.510623	0.380517	0.639846	666	snRNA_multiome_RNA_selected_bridge	hippocampus_dentate_gyrus	22	MCI	0.442822	0.414375	0.37277	0.469568	0.249465	0.215623	0.110522	0.335264	gse268609_hippocampus_rna	human	0.392127	0.38308	0.331047	0.42835	0.235961	0.201331	0.095244	0.310867	gse268609_hippocampus_rna|GSE268609|22|hippocampal_neuronal_ambiguous|human_other_or_ambiguous
human_projected_dentate_candidate	0.564817	0.58419	0.28136	0.839826	1.20889	1.23301	0.37673	2.01947	dentate_candidate	0.101312	0.0910584	0	0.155287	0.59336	0.632331	0.243716	0.839823	GSE268609	0.311248	0.288852	0.258161	0.344876	0.765824	0.74273	0.700838	0.820601	0.172463	0.125678	-0.0463282	0.443815	human_dg_like_candidate	0.513721	0.501883	0.40704	0.610837	341	snRNA_multiome_RNA_selected_bridge	hippocampus_dentate_gyrus	22	MCI	0.583182	0.571246	0.396751	0.746295	0.473037	0.483982	0.173977	0.738295	gse268609_hippocampus_rna	human	0.553907	0.575202	0.409457	0.6848	0.520195	0.55446	0.260227	0.752095	gse268609_hippocampus_rna|GSE268609|22|human_dg_like_candidate|human_projected_dentate_candidate
human_projected_dentate_candidate	0.531691	0.43304	0.231204	0.800964	1.23713	1.35963	0.407022	1.94938	dentate_candidate	0.12861	0.128993	0.0500681	0.198021	0.689148	0.746673	0.543741	0.912395	GSE268609	0.483355	0.470368	0.433823	0.500467	0.938409	0.94135	0.913135	0.961065	0.249261	0.203549	0.0358551	0.387383	human_dg_like_high_confidence	0.529859	0.512176	0.438293	0.598304	32	snRNA_multiome_RNA_selected_bridge	hippocampus_dentate_gyrus	22	MCI	0.617902	0.593971	0.530509	0.693939	0.547884	0.503204	0.428536	0.639108	gse268609_hippocampus_rna	human	0.559817	0.599787	0.420818	0.663791	0.528401	0.587728	0.289921	0.697758	gse268609_hippocampus_rna|GSE268609|22|human_dg_like_high_confidence|human_projected_dentate_candidate
human_projected_immature_neurogenic_candidate	0.743388	0.802266	0.66349	0.897069	0.68917	0.414666	0.315449	0.842295	dentate_candidate	0.0779303	0.0701045	0	0.121639	0.554376	0.587235	0.243716	0.723632	GSE268609	0.423708	0.404765	0.349639	0.475804	0.886405	0.889478	0.827871	0.944924	0.332029	0.298793	0.153894	0.568137	immature_neurogenic_candidate	0.505513	0.489287	0.420719	0.575517	320	snRNA_multiome_RNA_selected_bridge	hippocampus_dentate_gyrus	22	MCI	0.73003	0.750046	0.670736	0.808992	0.715534	0.745934	0.600049	0.865821	gse268609_hippocampus_rna	human	0.659644	0.682304	0.621122	0.732704	0.707752	0.74002	0.619763	0.848078	gse268609_hippocampus_rna|GSE268609|22|immature_neurogenic_candidate|human_projected_immature_neurogenic_candidate
human_broad_neuronal_structural_warning	0.750694	0.826887	0.57288	0.958897	0.723979	0.392916	0.23958	1.0049	broad_neuronal_structural_warning	0.050218	0	0	0.089105	0.512542	0.279713	0.279713	0.73224	GSE268609	0.0101427	0	0	0	0.29647	0.233948	0.233948	0.233948	-0.216072	-0.045765	-0.452186	-0.045765	broad_neuronal_structural_warning	0.597316	0.599708	0.499385	0.701363	487	snRNA_multiome_RNA_selected_bridge	hippocampus_dentate_gyrus	23	HA	0.728292	0.736607	0.655087	0.795463	0.690894	0.706284	0.543374	0.853142	gse268609_hippocampus_rna	human	0.692101	0.712335	0.607911	0.778895	0.660505	0.663934	0.496926	0.831967	gse268609_hippocampus_rna|GSE268609|23|broad_neuronal_structural_warning|human_broad_neuronal_structural_warning
human_other_or_ambiguous	0.414951	0.230357	0.137318	0.817377	1.41013	1.68993	0.450597	2.13657	other_or_ambiguous	0.0451699	0	0	0.0829095	0.472829	0.279713	0.279713	0.718579	GSE268609	0.0275206	0	0	0.0752603	0.343578	0.233948	0.233948	0.561305	-0.129251	-0.045765	-0.175376	-0.045765	hippocampal_neuronal_ambiguous	0.528507	0.543266	0.42591	0.645778	446	snRNA_multiome_RNA_selected_bridge	hippocampus_dentate_gyrus	23	HA	0.539694	0.478421	0.421988	0.662791	0.362429	0.281079	0.152579	0.561817	gse268609_hippocampus_rna	human	0.494384	0.421674	0.361362	0.677394	0.35449	0.246926	0.115949	0.592896	gse268609_hippocampus_rna|GSE268609|23|hippocampal_neuronal_ambiguous|human_other_or_ambiguous
human_projected_dentate_candidate	0.509175	0.354018	0.189705	0.858347	1.36166	1.56797	0.49955	2.0687	dentate_candidate	0.0647512	0	0	0.117888	0.513824	0.279713	0.279713	0.795765	GSE268609	0.218766	0.194672	0.155357	0.246747	0.78686	0.773907	0.705943	0.855533	0.273036	0.39515	-0.0204918	0.506831	human_dg_like_candidate	0.55218	0.558672	0.440633	0.663541	399	snRNA_multiome_RNA_selected_bridge	hippocampus_dentate_gyrus	23	HA	0.560102	0.508601	0.412729	0.681817	0.393458	0.33265	0.134221	0.596311	gse268609_hippocampus_rna	human	0.540486	0.489466	0.394635	0.696698	0.426271	0.379781	0.192281	0.634563	gse268609_hippocampus_rna|GSE268609|23|human_dg_like_candidate|human_projected_dentate_candidate
human_projected_dentate_candidate	0.504469	0.423449	0.293959	0.658465	1.74954	1.9698	1.28639	2.28747	dentate_candidate	0.119563	0.121306	0	0.177699	0.69004	0.806694	0.279713	0.92401	GSE268609	0.396357	0.393538	0.3659	0.420191	0.956668	0.955601	0.94194	0.970458	0.266628	0.165984	0.00990437	0.660861	human_dg_like_high_confidence	0.536242	0.528365	0.425849	0.625731	16	snRNA_multiome_RNA_selected_bridge	hippocampus_dentate_gyrus	23	HA	0.58293	0.515775	0.505367	0.613892	0.44971	0.343579	0.32599	0.484802	gse268609_hippocampus_rna	human	0.541214	0.523507	0.438019	0.677405	0.425675	0.423839	0.284324	0.594945	gse268609_hippocampus_rna|GSE268609|23|human_dg_like_high_confidence|human_projected_dentate_candidate
human_projected_immature_neurogenic_candidate	0.855627	0.899867	0.758048	1.0145	0.665949	0.382155	0.276653	0.868205	dentate_candidate	0.0413855	0	0	0.0674318	0.482361	0.279713	0.279713	0.683572	GSE268609	0.33108	0.300096	0.26062	0.396862	0.910513	0.901639	0.865779	0.957992	0.428152	0.563866	0.221311	0.625342	immature_neurogenic_candidate	0.541581	0.536387	0.453024	0.624568	116	snRNA_multiome_RNA_selected_bridge	hippocampus_dentate_gyrus	23	HA	0.676616	0.673429	0.584927	0.755989	0.605227	0.582992	0.436305	0.757514	gse268609_hippocampus_rna	human	0.691275	0.708316	0.642134	0.766654	0.653783	0.655055	0.535007	0.804645	gse268609_hippocampus_rna|GSE268609|23|immature_neurogenic_candidate|human_projected_immature_neurogenic_candidate
human_broad_neuronal_structural_warning	0.80662	0.87144	0.60926	1.01433	0.630632	0.35318	0.259983	0.713156	broad_neuronal_structural_warning	0.0423022	0	0	0.0763682	0.480852	0.292223	0.292223	0.717934	GSE268609	0.0655868	0.0649591	0	0.134223	0.262557	0.286709	0.13697	0.374927	-0.218295	-0.155252	-0.384794	0.0165409	broad_neuronal_structural_warning	0.5476	0.542784	0.427996	0.66103	589	snRNA_multiome_RNA_selected_bridge	hippocampus_dentate_gyrus	24	YA	0.725358	0.737846	0.628322	0.822038	0.579838	0.56123	0.374927	0.795125	gse268609_hippocampus_rna	human	0.693193	0.718491	0.597851	0.78359	0.574859	0.565293	0.356355	0.790482	gse268609_hippocampus_rna|GSE268609|24|broad_neuronal_structural_warning|human_broad_neuronal_structural_warning
human_other_or_ambiguous	0.462483	0.375199	0.211145	0.7003	1.23266	1.24641	0.526154	1.86196	other_or_ambiguous	0.0644327	0	0	0.139267	0.52189	0.292223	0.292223	0.865351	GSE268609	0.0726179	0	0	0.181415	0.277203	0.13697	0.13697	0.486941	-0.244686	-0.155252	-0.627104	0.0745792	hippocampal_neuronal_ambiguous	0.464983	0.467336	0.341117	0.588148	333	snRNA_multiome_RNA_selected_bridge	hippocampus_dentate_gyrus	24	YA	0.496068	0.422516	0.365317	0.577669	0.26488	0.159605	0.0847359	0.313407	gse268609_hippocampus_rna	human	0.474512	0.416989	0.353934	0.56813	0.255593	0.145676	0.074289	0.31747	gse268609_hippocampus_rna|GSE268609|24|hippocampal_neuronal_ambiguous|human_other_or_ambiguous
human_projected_dentate_candidate	0.707952	0.799349	0.383719	1.01015	0.933818	0.47004	0.299831	1.73262	dentate_candidate	0.0574219	0	0	0.105228	0.513311	0.292223	0.292223	0.786419	GSE268609	0.264687	0.24299	0.221344	0.28446	0.671806	0.641904	0.588799	0.728091	0.158495	0.268427	-0.0745792	0.358096	human_dg_like_candidate	0.50859	0.517642	0.42072	0.600899	367	snRNA_multiome_RNA_selected_bridge	hippocampus_dentate_gyrus	24	YA	0.621743	0.691062	0.398475	0.782951	0.440403	0.455601	0.133778	0.687464	gse268609_hippocampus_rna	human	0.612762	0.672711	0.451305	0.762229	0.46267	0.456181	0.192687	0.718804	gse268609_hippocampus_rna|GSE268609|24|human_dg_like_candidate|human_projected_dentate_candidate
human_projected_dentate_candidate	0.658812	0.754265	0.331065	0.945157	1.14111	1.14476	0.29083	1.90759	dentate_candidate	0.0596216	0	0	0.132138	0.517776	0.292223	0.292223	0.84794	GSE268609	0.39771	0.377115	0.343712	0.430556	0.897909	0.89379	0.847069	0.946315	0.380134	0.534823	0.0911201	0.607661	human_dg_like_high_confidence	0.475744	0.461617	0.398539	0.548507	51	snRNA_multiome_RNA_selected_bridge	hippocampus_dentate_gyrus	24	YA	0.648701	0.617758	0.506965	0.77965	0.468756	0.356936	0.245792	0.674695	gse268609_hippocampus_rna	human	0.594419	0.627451	0.434782	0.745837	0.416732	0.388276	0.170633	0.65917	gse268609_hippocampus_rna|GSE268609|24|human_dg_like_high_confidence|human_projected_dentate_candidate
human_projected_immature_neurogenic_candidate	0.917189	0.945949	0.823849	1.04689	0.463242	0.337715	0.256092	0.459688	dentate_candidate	0.0404995	0	0	0.0689216	0.496599	0.292223	0.292223	0.69704	GSE268609	0.362195	0.342746	0.297533	0.405835	0.842556	0.845038	0.761753	0.922229	0.345958	0.411782	0.122751	0.553395	immature_neurogenic_candidate	0.519304	0.517435	0.431389	0.59531	383	snRNA_multiome_RNA_selected_bridge	hippocampus_dentate_gyrus	24	YA	0.759598	0.776278	0.70242	0.831878	0.644219	0.663958	0.481428	0.826175	gse268609_hippocampus_rna	human	0.73203	0.744076	0.692249	0.791487	0.645542	0.654092	0.493906	0.815438	gse268609_hippocampus_rna|GSE268609|24|immature_neurogenic_candidate|human_projected_immature_neurogenic_candidate
human_broad_neuronal_structural_warning	0.41099	0.266905	0.167455	0.648053	1.81534	2.16802	0.831356	2.60359	broad_neuronal_structural_warning	0.0691394	0	0	0.136832	0.516226	0.296183	0.296183	0.776336	GSE268609	0	0	0	0	0.304835	0.304835	0.304835	0.304835	-0.211391	0.0086514	-0.471501	0.0086514	broad_neuronal_structural_warning	0.642277	0.642647	0.537671	0.742149	487	snRNA_multiome_RNA_selected_bridge	hippocampus_dentate_gyrus	25	YA	0.545473	0.475353	0.398456	0.668493	0.692606	0.715522	0.535623	0.852163	gse268609_hippocampus_rna	human	0.532913	0.454358	0.40379	0.618572	0.719741	0.718066	0.59542	0.83486	gse268609_hippocampus_rna|GSE268609|25|broad_neuronal_structural_warning|human_broad_neuronal_structural_warning
human_other_or_ambiguous	0.140075	0.125264	0.0764094	0.204238	2.38032	2.47905	2.16106	2.72398	other_or_ambiguous	0.0490935	0	0	0.115491	0.451481	0.296183	0.296183	0.709288	GSE268609	0	0	0	0	0.304835	0.304835	0.304835	0.304835	-0.146647	0.0086514	-0.404453	0.0086514	hippocampal_neuronal_ambiguous	0.466137	0.464672	0.361801	0.568954	710	snRNA_multiome_RNA_selected_bridge	hippocampus_dentate_gyrus	25	YA	0.349135	0.327876	0.305262	0.383218	0.308829	0.269466	0.131425	0.473282	gse268609_hippocampus_rna	human	0.318449	0.320898	0.284734	0.351234	0.276226	0.256997	0.130025	0.393766	gse268609_hippocampus_rna|GSE268609|25|hippocampal_neuronal_ambiguous|human_other_or_ambiguous
human_projected_dentate_candidate	0.436644	0.246652	0.149392	0.792375	1.76501	2.24427	0.480769	2.62714	dentate_candidate	0.0708503	0	0	0.127411	0.529115	0.296183	0.296183	0.74173	GSE268609	0.153996	0.159513	0.110254	0.181887	0.748206	0.735115	0.672392	0.797837	0.219091	0.343257	0.0165394	0.461959	human_dg_like_candidate	0.582897	0.579735	0.464295	0.69927	494	snRNA_multiome_RNA_selected_bridge	hippocampus_dentate_gyrus	25	YA	0.498755	0.398102	0.314285	0.701043	0.528444	0.532824	0.19631	0.865522	gse268609_hippocampus_rna	human	0.506099	0.403748	0.340275	0.722348	0.582255	0.59542	0.340712	0.869975	gse268609_hippocampus_rna|GSE268609|25|human_dg_like_candidate|human_projected_dentate_candidate
human_projected_dentate_candidate	0.282837	0.246287	0.120034	0.381032	2.243	2.34466	2.07816	2.5589	dentate_candidate	0.137628	0.142778	0.0983263	0.196229	0.724427	0.795165	0.664122	0.897201	GSE268609	0.319978	0.298259	0.281332	0.340821	0.960785	0.958906	0.945165	0.97799	0.236357	0.167176	0.064631	0.3007	human_dg_like_high_confidence	0.561472	0.550371	0.455126	0.653031	26	snRNA_multiome_RNA_selected_bridge	hippocampus_dentate_gyrus	25	YA	0.42151	0.372436	0.347948	0.407298	0.500793	0.434606	0.347201	0.564313	gse268609_hippocampus_rna	human	0.42194	0.385355	0.321097	0.497787	0.505461	0.533588	0.256616	0.772519	gse268609_hippocampus_rna|GSE268609|25|human_dg_like_high_confidence|human_projected_dentate_candidate
human_projected_immature_neurogenic_candidate	0.341089	0.184225	0.119863	0.357307	2.00739	2.36171	1.74145	2.64297	dentate_candidate	0.071888	0	0	0.136368	0.527533	0.296183	0.296183	0.774427	GSE268609	0.25728	0.232902	0.204391	0.289495	0.901285	0.901527	0.849237	0.951399	0.373751	0.513995	0.141476	0.613995	immature_neurogenic_candidate	0.562137	0.556154	0.401585	0.699372	248	snRNA_multiome_RNA_selected_bridge	hippocampus_dentate_gyrus	25	YA	0.484158	0.42395	0.374555	0.533564	0.614356	0.622646	0.442875	0.772265	gse268609_hippocampus_rna	human	0.462461	0.398292	0.329706	0.544684	0.546733	0.581934	0.293511	0.805216	gse268609_hippocampus_rna|GSE268609|25|immature_neurogenic_candidate|human_projected_immature_neurogenic_candidate
human_broad_neuronal_structural_warning	0.504999	0.43458	0.257348	0.716024	1.22874	1.36659	0.753023	1.70354	broad_neuronal_structural_warning	0.0756589	0	0	0.148211	0.490228	0.247148	0.247148	0.748099	GSE268609	0	0	0	0	0.289924	0.289924	0.289924	0.289924	-0.200304	0.0427757	-0.458175	0.0427757	broad_neuronal_structural_warning	0.572868	0.570451	0.441294	0.693165	150	snRNA_multiome_RNA_selected_bridge	hippocampus_dentate_gyrus	26	AD	0.649186	0.626314	0.547651	0.72929	0.691483	0.696768	0.5423	0.847909	gse268609_hippocampus_rna	human	0.575684	0.546521	0.475619	0.64749	0.685691	0.695817	0.534696	0.829373	gse268609_hippocampus_rna|GSE268609|26|broad_neuronal_structural_warning|human_broad_neuronal_structural_warning
human_other_or_ambiguous	0.249111	0.235729	0.126959	0.338546	1.5386	1.56186	1.25798	1.88586	other_or_ambiguous	0.0900645	0.0971403	0	0.160947	0.535369	0.571293	0.247148	0.805608	GSE268609	0	0	0	0	0.289924	0.289924	0.289924	0.289924	-0.245445	-0.281369	-0.515684	0.0427757	hippocampal_neuronal_ambiguous	0.468834	0.444991	0.334065	0.618258	154	snRNA_multiome_RNA_selected_bridge	hippocampus_dentate_gyrus	26	AD	0.434328	0.421552	0.389771	0.450672	0.248778	0.226236	0.106939	0.326521	gse268609_hippocampus_rna	human	0.384091	0.381276	0.333027	0.428554	0.278023	0.246198	0.124049	0.370247	gse268609_hippocampus_rna|GSE268609|26|hippocampal_neuronal_ambiguous|human_other_or_ambiguous
human_projected_dentate_candidate	0.49046	0.355514	0.222332	0.716221	1.27419	1.42481	0.911007	1.73633	dentate_candidate	0.075567	0.0492722	0	0.135208	0.483419	0.5	0.247148	0.689639	GSE268609	0.176584	0.162714	0.12528	0.193353	0.742786	0.729087	0.654468	0.803707	0.259367	0.331274	0.0760456	0.499525	human_dg_like_candidate	0.494326	0.50039	0.389439	0.634316	158	snRNA_multiome_RNA_selected_bridge	hippocampus_dentate_gyrus	26	AD	0.567964	0.518864	0.41747	0.697447	0.510673	0.5	0.212452	0.797053	gse268609_hippocampus_rna	human	0.517583	0.478413	0.382156	0.643084	0.532115	0.546578	0.251901	0.82557	gse268609_hippocampus_rna|GSE268609|26|human_dg_like_candidate|human_projected_dentate_candidate
human_projected_dentate_candidate	0.496887	0.464856	0.327086	0.608283	1.40918	1.69612	0.917724	1.99022	dentate_candidate	0.127089	0.155412	0	0.196608	0.625285	0.758555	0.247148	0.898289	GSE268609	0.341503	0.345131	0.315819	0.368983	0.948479	0.948669	0.939639	0.959601	0.323194	0.186312	0.0403992	0.698194	human_dg_like_high_confidence	0.460917	0.504697	0.312142	0.572849	10	snRNA_multiome_RNA_selected_bridge	hippocampus_dentate_gyrus	26	AD	0.591433	0.593936	0.561419	0.62386	0.628897	0.636882	0.572719	0.693441	gse268609_hippocampus_rna	human	0.516413	0.483152	0.45607	0.552838	0.578327	0.562738	0.470532	0.711977	gse268609_hippocampus_rna|GSE268609|26|human_dg_like_high_confidence|human_projected_dentate_candidate
human_projected_immature_neurogenic_candidate	0.392457	0.251169	0.15284	0.511378	1.43649	1.61476	1.08519	1.91118	dentate_candidate	0.0641199	0	0	0.137316	0.460851	0.247148	0.247148	0.70865	GSE268609	0.285068	0.242896	0.215801	0.312914	0.898483	0.890684	0.854087	0.936787	0.437632	0.570342	0.23289	0.63308	immature_neurogenic_candidate	0.502796	0.503843	0.413031	0.6122	54	snRNA_multiome_RNA_selected_bridge	hippocampus_dentate_gyrus	26	AD	0.609692	0.602568	0.489102	0.716834	0.638713	0.64924	0.443441	0.828422	gse268609_hippocampus_rna	human	0.501648	0.474359	0.392931	0.613551	0.518026	0.534221	0.277091	0.796103	gse268609_hippocampus_rna|GSE268609|26|immature_neurogenic_candidate|human_projected_immature_neurogenic_candidate
human_broad_neuronal_structural_warning	0.6578	0.690913	0.35288	0.922904	1.02961	0.754196	0.329781	1.75655	broad_neuronal_structural_warning	0.0519651	0	0	0.105657	0.474693	0.27488	0.27488	0.696294	GSE268609	0.0331304	0	0	0.0736852	0.336722	0.238847	0.238847	0.503603	-0.137971	-0.0360329	-0.341283	-0.0360329	broad_neuronal_structural_warning	0.534429	0.538313	0.42053	0.643547	518	snRNA_multiome_RNA_selected_bridge	hippocampus_dentate_gyrus	27	HA	0.698804	0.69334	0.591636	0.796762	0.677895	0.685312	0.538264	0.819321	gse268609_hippocampus_rna	human	0.630344	0.622848	0.514464	0.740124	0.679867	0.684969	0.536205	0.828929	gse268609_hippocampus_rna|GSE268609|27|broad_neuronal_structural_warning|human_broad_neuronal_structural_warning
human_other_or_ambiguous	0.253356	0.21628	0.117038	0.327441	1.77701	1.92149	1.43029	2.29025	other_or_ambiguous	0.0557334	0	0	0.121475	0.469713	0.27488	0.27488	0.752574	GSE268609	0.0373755	0	0	0.0718215	0.334379	0.238847	0.238847	0.501373	-0.135335	-0.0360329	-0.410089	-0.0360329	hippocampal_neuronal_ambiguous	0.451822	0.455501	0.346205	0.575481	459	snRNA_multiome_RNA_selected_bridge	hippocampus_dentate_gyrus	27	HA	0.463213	0.427134	0.397008	0.492539	0.268329	0.227179	0.116335	0.370281	gse268609_hippocampus_rna	human	0.389464	0.37136	0.33279	0.420265	0.257838	0.223061	0.112903	0.34523	gse268609_hippocampus_rna|GSE268609|27|hippocampal_neuronal_ambiguous|human_other_or_ambiguous
human_projected_dentate_candidate	0.42432	0.348819	0.189919	0.559932	1.56687	1.78191	1.00444	2.14563	dentate_candidate	0.0894176	0.0772181	0	0.150997	0.573095	0.630748	0.27488	0.84523	GSE268609	0.25204	0.214895	0.192046	0.270838	0.789195	0.76733	0.719286	0.841455	0.2161	0.203844	-0.0452986	0.463967	human_dg_like_candidate	0.492491	0.508522	0.37689	0.601352	281	snRNA_multiome_RNA_selected_bridge	hippocampus_dentate_gyrus	27	HA	0.547188	0.465304	0.409172	0.658507	0.404704	0.321894	0.159231	0.636925	gse268609_hippocampus_rna	human	0.488	0.447486	0.363002	0.582431	0.431991	0.409746	0.192176	0.639671	gse268609_hippocampus_rna|GSE268609|27|human_dg_like_candidate|human_projected_dentate_candidate
human_projected_dentate_candidate	0.4131	0.405919	0.19914	0.584085	1.64968	1.90369	1.2935	2.05732	dentate_candidate	0.100697	0.113063	0	0.166878	0.613658	0.726836	0.27488	0.877316	GSE268609	0.403721	0.361254	0.336441	0.433989	0.931686	0.92313	0.902711	0.966541	0.318028	0.247083	0.0202471	0.641386	human_dg_like_high_confidence	0.445009	0.448616	0.309084	0.606436	30	snRNA_multiome_RNA_selected_bridge	hippocampus_dentate_gyrus	27	HA	0.624947	0.599738	0.533184	0.694023	0.57623	0.549417	0.440975	0.687543	gse268609_hippocampus_rna	human	0.494352	0.510971	0.369379	0.571149	0.453397	0.533631	0.216198	0.624056	gse268609_hippocampus_rna|GSE268609|27|human_dg_like_high_confidence|human_projected_dentate_candidate
human_projected_immature_neurogenic_candidate	0.770016	0.82337	0.562706	1.00629	0.828818	0.426632	0.311412	1.33431	dentate_candidate	0.0622219	0.0390041	0	0.0948456	0.521069	0.568291	0.27488	0.667811	GSE268609	0.344439	0.324968	0.274553	0.396789	0.895761	0.891558	0.844887	0.948524	0.374692	0.367193	0.18394	0.598833	immature_neurogenic_candidate	0.528922	0.524103	0.420909	0.650835	169	snRNA_multiome_RNA_selected_bridge	hippocampus_dentate_gyrus	27	HA	0.751458	0.772241	0.61123	0.893588	0.731827	0.790666	0.564859	0.936857	gse268609_hippocampus_rna	human	0.683465	0.722432	0.549984	0.807519	0.73071	0.80302	0.596431	0.92313	gse268609_hippocampus_rna|GSE268609|27|immature_neurogenic_candidate|human_projected_immature_neurogenic_candidate
human_broad_neuronal_structural_warning	0.548316	0.463403	0.298784	0.811813	0.944459	1.01745	0.310236	1.58148	broad_neuronal_structural_warning	0.0445905	0	0	0.0726566	0.434946	0.266504	0.266504	0.669315	GSE268609	0.0347493	0	0	0.0649513	0.310219	0.215159	0.215159	0.456601	-0.124727	-0.0513447	-0.207824	-0.0513447	broad_neuronal_structural_warning	0.562054	0.575808	0.44789	0.645774	112	snRNA_multiome_RNA_selected_bridge	hippocampus_dentate_gyrus	28	AD	0.637954	0.610664	0.510263	0.75867	0.628777	0.617359	0.49022	0.74511	gse268609_hippocampus_rna	human	0.582775	0.550976	0.470417	0.699471	0.621769	0.617359	0.495721	0.742054	gse268609_hippocampus_rna|GSE268609|28|broad_neuronal_structural_warning|human_broad_neuronal_structural_warning
human_other_or_ambiguous	0.307256	0.230915	0.137802	0.410205	1.3303	1.41862	1.10465	1.69264	other_or_ambiguous	0.0646799	0	0	0.132195	0.514012	0.266504	0.266504	0.804401	GSE268609	0.0425739	0	0	0.093629	0.319408	0.215159	0.215159	0.481663	-0.194604	-0.0513447	-0.447433	-0.0513447	hippocampal_neuronal_ambiguous	0.481588	0.497231	0.396523	0.599496	145	snRNA_multiome_RNA_selected_bridge	hippocampus_dentate_gyrus	28	AD	0.428437	0.397414	0.357304	0.450111	0.280078	0.244499	0.132029	0.388753	gse268609_hippocampus_rna	human	0.40576	0.387413	0.351993	0.438926	0.281039	0.232274	0.122249	0.403423	gse268609_hippocampus_rna|GSE268609|28|hippocampal_neuronal_ambiguous|human_other_or_ambiguous
human_projected_dentate_candidate	0.508133	0.391011	0.214534	0.862901	0.981285	1.04259	0.337998	1.58263	dentate_candidate	0.0701546	0.0477434	0	0.126224	0.541794	0.586797	0.266504	0.786064	GSE268609	0.246294	0.233475	0.205116	0.26798	0.73802	0.727384	0.679095	0.775672	0.196226	0.146699	-0.0201711	0.438875	human_dg_like_candidate	0.492624	0.511824	0.402015	0.577672	80	snRNA_multiome_RNA_selected_bridge	hippocampus_dentate_gyrus	28	AD	0.568997	0.472813	0.375665	0.801568	0.482457	0.433985	0.199878	0.783007	gse268609_hippocampus_rna	human	0.523251	0.458604	0.387265	0.720974	0.48371	0.457213	0.232885	0.775672	gse268609_hippocampus_rna|GSE268609|28|human_dg_like_candidate|human_projected_dentate_candidate
human_projected_dentate_candidate	0.229184	0.229184	0.158506	0.299862	1.63168	1.63168	1.61816	1.64521	dentate_candidate	0.172585	0.172585	0.0862927	0.258878	0.630807	0.630807	0.448655	0.812958	GSE268609	0.393294	0.393294	0.38093	0.405658	0.937653	0.937653	0.929707	0.945599	0.306846	0.306846	0.132641	0.481051	human_dg_like_high_confidence	0.433695	0.433695	0.372413	0.494976	2	snRNA_multiome_RNA_selected_bridge	hippocampus_dentate_gyrus	28	AD	0.509699	0.509699	0.490071	0.529327	0.481663	0.481663	0.454768	0.508557	gse268609_hippocampus_rna	human	0.390859	0.390859	0.353415	0.428303	0.268949	0.268949	0.167482	0.370416	gse268609_hippocampus_rna|GSE268609|28|human_dg_like_high_confidence|human_projected_dentate_candidate
human_projected_immature_neurogenic_candidate	0.849831	0.896618	0.776212	1.00331	0.512189	0.338754	0.261767	0.530019	dentate_candidate	0.0545656	0.0449522	0	0.0756343	0.530702	0.579462	0.266504	0.677262	GSE268609	0.374914	0.347389	0.311391	0.412817	0.900349	0.903423	0.851467	0.950489	0.369647	0.303178	0.199267	0.602689	immature_neurogenic_candidate	0.516817	0.515863	0.460889	0.591696	70	snRNA_multiome_RNA_selected_bridge	hippocampus_dentate_gyrus	28	AD	0.7743	0.824555	0.720132	0.860055	0.777227	0.826406	0.723105	0.894254	gse268609_hippocampus_rna	human	0.713649	0.756166	0.67243	0.786978	0.791093	0.856968	0.715159	0.918704	gse268609_hippocampus_rna|GSE268609|28|immature_neurogenic_candidate|human_projected_immature_neurogenic_candidate
human_broad_neuronal_structural_warning	0.785652	0.828156	0.656888	0.95618	0.785818	0.516274	0.354826	0.998619	broad_neuronal_structural_warning	0.0549501	0.0324804	0	0.0939416	0.470941	0.472535	0.228447	0.673881	GSE268609	0.0949179	0.0955886	0	0.169	0.323542	0.332848	0.132048	0.448163	-0.1474	-0.0963987	-0.312386	0.0625682	broad_neuronal_structural_warning	0.595849	0.578356	0.476305	0.696561	1003	snRNA_multiome_RNA_selected_bridge	hippocampus_dentate_gyrus	29	HA	0.805927	0.789841	0.732501	0.859221	0.608721	0.60422	0.412332	0.808476	gse268609_hippocampus_rna	human	0.729143	0.721674	0.662441	0.794752	0.637174	0.641688	0.431975	0.861404	gse268609_hippocampus_rna|GSE268609|29|broad_neuronal_structural_warning|human_broad_neuronal_structural_warning
human_other_or_ambiguous	0.342453	0.230892	0.11533	0.520399	1.55553	1.75033	0.917884	2.17664	other_or_ambiguous	0.067206	0	0	0.13675	0.479063	0.228447	0.228447	0.803929	GSE268609	0.0750125	0	0	0.182972	0.279385	0.132048	0.132048	0.479811	-0.199678	-0.0963987	-0.47108	-0.0963987	hippocampal_neuronal_ambiguous	0.542471	0.541696	0.407395	0.684462	677	snRNA_multiome_RNA_selected_bridge	hippocampus_dentate_gyrus	29	HA	0.645041	0.623681	0.568244	0.696922	0.243155	0.166606	0.0843943	0.318298	gse268609_hippocampus_rna	human	0.509989	0.497559	0.424992	0.56154	0.213523	0.152055	0.073845	0.240451	gse268609_hippocampus_rna|GSE268609|29|hippocampal_neuronal_ambiguous|human_other_or_ambiguous
human_projected_dentate_candidate	0.659779	0.76102	0.381516	0.892373	1.0538	0.697117	0.454682	1.78499	dentate_candidate	0.0783063	0.0680244	0	0.13589	0.543755	0.590033	0.228447	0.801564	GSE268609	0.301941	0.279447	0.262227	0.322303	0.711857	0.683885	0.64769	0.757366	0.168102	0.121135	-0.0715715	0.435431	human_dg_like_candidate	0.530386	0.509959	0.423924	0.613271	399	snRNA_multiome_RNA_selected_bridge	hippocampus_dentate_gyrus	29	HA	0.729451	0.748389	0.611371	0.823576	0.447409	0.46526	0.149509	0.70371	gse268609_hippocampus_rna	human	0.639872	0.66972	0.55772	0.729045	0.45939	0.456893	0.235176	0.667152	gse268609_hippocampus_rna|GSE268609|29|human_dg_like_candidate|human_projected_dentate_candidate
human_projected_dentate_candidate	0.742032	0.78901	0.639731	0.912166	0.829576	0.560342	0.410939	1.10241	dentate_candidate	0.0790961	0.0664632	0	0.139847	0.553994	0.585304	0.228447	0.81175	GSE268609	0.434011	0.412399	0.373376	0.481838	0.889775	0.883594	0.840124	0.944525	0.335781	0.307385	0.0760276	0.628047	human_dg_like_high_confidence	0.498386	0.496167	0.410878	0.590039	107	snRNA_multiome_RNA_selected_bridge	hippocampus_dentate_gyrus	29	HA	0.784834	0.767252	0.731296	0.838515	0.563831	0.524554	0.40833	0.748454	gse268609_hippocampus_rna	human	0.675084	0.683088	0.612316	0.741808	0.520495	0.503456	0.32721	0.721535	gse268609_hippocampus_rna|GSE268609|29|human_dg_like_high_confidence|human_projected_dentate_candidate
human_projected_immature_neurogenic_candidate	0.793377	0.83018	0.708648	0.93066	0.742495	0.53974	0.390939	0.848841	dentate_candidate	0.0715518	0.0602705	0	0.117153	0.536563	0.561659	0.228447	0.744453	GSE268609	0.413655	0.393966	0.33784	0.465316	0.856318	0.861404	0.782466	0.933612	0.319756	0.307748	0.094398	0.564751	immature_neurogenic_candidate	0.540253	0.525831	0.441448	0.626494	563	snRNA_multiome_RNA_selected_bridge	hippocampus_dentate_gyrus	29	HA	0.816123	0.812295	0.741483	0.875506	0.641191	0.672972	0.446162	0.839032	gse268609_hippocampus_rna	human	0.716584	0.722697	0.67478	0.768479	0.62588	0.64387	0.472354	0.803565	gse268609_hippocampus_rna|GSE268609|29|immature_neurogenic_candidate|human_projected_immature_neurogenic_candidate
human_broad_neuronal_structural_warning	0.59214	0.536546	0.262339	0.908439	1.36068	1.49367	0.507099	2.08454	broad_neuronal_structural_warning	0.0634965	0	0	0.11864	0.4555	0.230395	0.230395	0.665684	GSE268609	0.0631716	0	0	0.134978	0.378719	0.224874	0.224874	0.533689	-0.0767804	-0.00552124	-0.279805	0.0189032	broad_neuronal_structural_warning	0.576616	0.583244	0.482783	0.671873	1670	snRNA_multiome_RNA_selected_bridge	hippocampus_dentate_gyrus	3	AD	0.610009	0.597319	0.427466	0.779322	0.703918	0.727213	0.56808	0.860331	gse268609_hippocampus_rna	human	0.592922	0.561186	0.44039	0.731964	0.718634	0.720756	0.5707	0.865712	gse268609_hippocampus_rna|GSE268609|3|broad_neuronal_structural_warning|human_broad_neuronal_structural_warning
human_other_or_ambiguous	0.185084	0.160498	0.103316	0.238676	2.05257	2.18714	1.84104	2.4055	other_or_ambiguous	0.0699731	0	0	0.138541	0.462263	0.230395	0.230395	0.741671	GSE268609	0.0529085	0	0	0.141038	0.343225	0.224874	0.224874	0.543234	-0.119038	-0.00552124	-0.4067	-0.00552124	hippocampal_neuronal_ambiguous	0.499068	0.504712	0.3986	0.603737	2162	snRNA_multiome_RNA_selected_bridge	hippocampus_dentate_gyrus	3	AD	0.352659	0.320689	0.302237	0.369951	0.289085	0.245649	0.119081	0.432809	gse268609_hippocampus_rna	human	0.345604	0.342452	0.301865	0.376696	0.261301	0.240221	0.115899	0.367911	gse268609_hippocampus_rna|GSE268609|3|hippocampal_neuronal_ambiguous|human_other_or_ambiguous
human_projected_dentate_candidate	0.456444	0.355084	0.217676	0.726131	1.58923	1.78712	1.15017	2.11843	dentate_candidate	0.114516	0.108216	0	0.176373	0.607262	0.624088	0.230395	0.848961	GSE268609	0.298401	0.281751	0.251002	0.330693	0.806908	0.78776	0.752573	0.851394	0.199645	0.174715	-0.0185289	0.492233	human_dg_like_candidate	0.529134	0.520438	0.441875	0.621667	753	snRNA_multiome_RNA_selected_bridge	hippocampus_dentate_gyrus	3	AD	0.480698	0.386829	0.315064	0.634303	0.48683	0.472955	0.211492	0.747333	gse268609_hippocampus_rna	human	0.488759	0.433837	0.362671	0.653748	0.536267	0.554557	0.314617	0.774097	gse268609_hippocampus_rna|GSE268609|3|human_dg_like_candidate|human_projected_dentate_candidate
human_projected_dentate_candidate	0.320243	0.304917	0.195969	0.405002	1.78638	1.88302	1.55957	2.07169	dentate_candidate	0.141377	0.140415	0.0700875	0.219476	0.672837	0.748362	0.521991	0.92027	GSE268609	0.409368	0.394745	0.374393	0.431894	0.934515	0.931312	0.908666	0.95845	0.261678	0.188845	0.0280741	0.421673	human_dg_like_high_confidence	0.55332	0.548306	0.445467	0.664574	173	snRNA_multiome_RNA_selected_bridge	hippocampus_dentate_gyrus	3	AD	0.419186	0.383729	0.355247	0.460013	0.500374	0.463972	0.393412	0.622871	gse268609_hippocampus_rna	human	0.430916	0.431044	0.369891	0.483214	0.484415	0.548007	0.341381	0.652817	gse268609_hippocampus_rna|GSE268609|3|human_dg_like_high_confidence|human_projected_dentate_candidate
human_projected_immature_neurogenic_candidate	0.664844	0.778786	0.357664	0.93173	1.20292	1.15506	0.411793	1.85627	dentate_candidate	0.100917	0.0940358	0	0.15399	0.578178	0.576829	0.230395	0.796556	GSE268609	0.387835	0.371842	0.328152	0.430868	0.902929	0.904548	0.848961	0.957515	0.324751	0.316489	0.121655	0.569905	immature_neurogenic_candidate	0.541991	0.534329	0.449385	0.632184	585	snRNA_multiome_RNA_selected_bridge	hippocampus_dentate_gyrus	3	AD	0.635172	0.676544	0.422172	0.809743	0.715055	0.774846	0.558488	0.890511	gse268609_hippocampus_rna	human	0.614002	0.673032	0.46253	0.742895	0.716811	0.787573	0.615759	0.881714	gse268609_hippocampus_rna|GSE268609|3|immature_neurogenic_candidate|human_projected_immature_neurogenic_candidate
human_broad_neuronal_structural_warning	0.381642	0.318374	0.218083	0.475986	1.50078	1.69635	1.15387	1.98784	broad_neuronal_structural_warning	0.0472473	0	0	0.10861	0.462775	0.29934	0.29934	0.725147	GSE268609	0	0	0	0	0.272561	0.272561	0.272561	0.272561	-0.190215	-0.0267792	-0.452586	-0.0267792	broad_neuronal_structural_warning	0.635474	0.653219	0.544716	0.726424	320	snRNA_multiome_RNA_selected_bridge	hippocampus_dentate_gyrus	30	AD	0.552739	0.508344	0.433267	0.638248	0.649115	0.668379	0.514857	0.789985	gse268609_hippocampus_rna	human	0.523285	0.484284	0.447854	0.567358	0.674995	0.669479	0.558877	0.791269	gse268609_hippocampus_rna|GSE268609|30|broad_neuronal_structural_warning|human_broad_neuronal_structural_warning
human_other_or_ambiguous	0.267862	0.193601	0.110547	0.319639	1.5546	1.73003	1.30107	1.98805	other_or_ambiguous	0.0518207	0	0	0.11117	0.482518	0.29934	0.29934	0.734409	GSE268609	0.012585	0	0	0	0.322302	0.272561	0.272561	0.272561	-0.160217	-0.0267792	-0.427366	-0.0267792	hippocampal_neuronal_ambiguous	0.533762	0.548521	0.428542	0.641759	505	snRNA_multiome_RNA_selected_bridge	hippocampus_dentate_gyrus	30	AD	0.432867	0.381007	0.33259	0.452894	0.379731	0.330888	0.150404	0.573001	gse268609_hippocampus_rna	human	0.411497	0.376077	0.335186	0.415921	0.340712	0.275128	0.134263	0.427733	gse268609_hippocampus_rna|GSE268609|30|hippocampal_neuronal_ambiguous|human_other_or_ambiguous
human_projected_dentate_candidate	0.328794	0.257498	0.162919	0.382455	1.57961	1.74415	1.3686	1.97758	dentate_candidate	0.0728514	0	0	0.129551	0.542735	0.29934	0.29934	0.791086	GSE268609	0.204328	0.180321	0.153927	0.20879	0.74198	0.722304	0.66416	0.78164	0.199245	0.321717	-0.0726339	0.431952	human_dg_like_candidate	0.590242	0.598353	0.501265	0.706307	318	snRNA_multiome_RNA_selected_bridge	hippocampus_dentate_gyrus	30	AD	0.459878	0.389288	0.332847	0.518575	0.421366	0.366838	0.152788	0.681218	gse268609_hippocampus_rna	human	0.459638	0.429332	0.372206	0.490364	0.483056	0.490095	0.253485	0.691306	gse268609_hippocampus_rna|GSE268609|30|human_dg_like_candidate|human_projected_dentate_candidate
human_projected_dentate_candidate	0.382437	0.354326	0.238177	0.479688	1.35088	1.36127	0.93465	1.78143	dentate_candidate	0.102842	0.111742	0	0.148557	0.629295	0.737344	0.29934	0.839325	GSE268609	0.375832	0.362962	0.337739	0.410354	0.941742	0.939839	0.920029	0.963316	0.312447	0.209831	0.104916	0.625092	human_dg_like_high_confidence	0.493517	0.499631	0.37749	0.606223	37	snRNA_multiome_RNA_selected_bridge	hippocampus_dentate_gyrus	30	AD	0.47877	0.461883	0.409307	0.516138	0.565069	0.59281	0.439472	0.677183	gse268609_hippocampus_rna	human	0.451575	0.45796	0.388946	0.509564	0.515695	0.595011	0.324285	0.719002	gse268609_hippocampus_rna|GSE268609|30|human_dg_like_high_confidence|human_projected_dentate_candidate
human_projected_immature_neurogenic_candidate	0.545124	0.451665	0.209591	0.893769	1.10364	1.10856	0.347987	1.8158	dentate_candidate	0.0547716	0	0	0.095389	0.515664	0.29934	0.29934	0.689655	GSE268609	0.306277	0.288096	0.225356	0.361427	0.881006	0.874541	0.825018	0.938371	0.365342	0.484226	0.176816	0.563463	immature_neurogenic_candidate	0.54447	0.541066	0.455221	0.626821	183	snRNA_multiome_RNA_selected_bridge	hippocampus_dentate_gyrus	30	AD	0.629946	0.625209	0.430284	0.821603	0.697361	0.787234	0.504035	0.917828	gse268609_hippocampus_rna	human	0.57318	0.559003	0.42129	0.7346	0.662565	0.780631	0.451944	0.906456	gse268609_hippocampus_rna|GSE268609|30|immature_neurogenic_candidate|human_projected_immature_neurogenic_candidate
human_broad_neuronal_structural_warning	0.631087	0.62042	0.315863	0.926309	1.14444	1.01541	0.354263	1.93297	broad_neuronal_structural_warning	0.0625165	0	0	0.122424	0.507316	0.277739	0.277739	0.738284	GSE268609	0.0854277	0.0919421	0	0.16681	0.363906	0.390076	0.181254	0.51275	-0.14341	-0.0964852	-0.357167	0.134045	broad_neuronal_structural_warning	0.618942	0.605535	0.474992	0.735317	487	snRNA_multiome_RNA_selected_bridge	hippocampus_dentate_gyrus	31	HA	0.799675	0.796515	0.706043	0.875416	0.672577	0.691937	0.491041	0.862509	gse268609_hippocampus_rna	human	0.683235	0.679936	0.590803	0.762688	0.661245	0.64714	0.50448	0.826671	gse268609_hippocampus_rna|GSE268609|31|broad_neuronal_structural_warning|human_broad_neuronal_structural_warning
human_other_or_ambiguous	0.297564	0.225405	0.115413	0.359939	1.63062	1.78911	1.24621	2.12948	other_or_ambiguous	0.0682015	0	0	0.141796	0.497928	0.277739	0.277739	0.801085	GSE268609	0.0716554	0	0	0.176519	0.33323	0.181254	0.181254	0.539628	-0.164698	-0.0964852	-0.387147	-0.0964852	hippocampal_neuronal_ambiguous	0.514111	0.509495	0.379613	0.638421	522	snRNA_multiome_RNA_selected_bridge	hippocampus_dentate_gyrus	31	HA	0.624382	0.5959	0.550833	0.674364	0.290462	0.234666	0.116644	0.421606	gse268609_hippocampus_rna	human	0.478686	0.465464	0.410079	0.510864	0.262271	0.217436	0.115265	0.329945	gse268609_hippocampus_rna|GSE268609|31|hippocampal_neuronal_ambiguous|human_other_or_ambiguous
human_projected_dentate_candidate	0.564812	0.48621	0.259217	0.931023	1.3053	1.41518	0.484316	2.02093	dentate_candidate	0.0637127	0	0	0.119949	0.505159	0.277739	0.277739	0.72898	GSE268609	0.308777	0.27627	0.253783	0.340425	0.798107	0.767402	0.731737	0.853722	0.292948	0.423501	0.055479	0.490007	human_dg_like_candidate	0.553702	0.533048	0.424143	0.665102	208	snRNA_multiome_RNA_selected_bridge	hippocampus_dentate_gyrus	31	HA	0.696005	0.677475	0.56124	0.796285	0.442785	0.427636	0.149724	0.690731	gse268609_hippocampus_rna	human	0.60484	0.582438	0.481745	0.731902	0.507704	0.489662	0.255513	0.757753	gse268609_hippocampus_rna|GSE268609|31|human_dg_like_candidate|human_projected_dentate_candidate
human_projected_dentate_candidate	0.576602	0.540055	0.25624	0.877213	1.31149	1.41927	0.500431	2.02222	dentate_candidate	0.062278	0	0	0.12738	0.504461	0.277739	0.277739	0.754652	GSE268609	0.427349	0.401352	0.376206	0.47393	0.927189	0.920055	0.891799	0.96623	0.422728	0.598208	0.188146	0.642316	human_dg_like_high_confidence	0.577729	0.581332	0.52054	0.646511	37	snRNA_multiome_RNA_selected_bridge	hippocampus_dentate_gyrus	31	HA	0.747451	0.73142	0.694703	0.789609	0.572057	0.550655	0.46244	0.678153	gse268609_hippocampus_rna	human	0.633927	0.636124	0.533447	0.753018	0.566264	0.575465	0.374225	0.803584	gse268609_hippocampus_rna|GSE268609|31|human_dg_like_high_confidence|human_projected_dentate_candidate
human_projected_immature_neurogenic_candidate	0.758206	0.849785	0.603569	0.96037	0.846999	0.537502	0.377763	1.2441	dentate_candidate	0.0516945	0	0	0.0865977	0.483659	0.277739	0.277739	0.665748	GSE268609	0.388126	0.367742	0.321956	0.435295	0.885887	0.88215	0.829083	0.945555	0.402227	0.513439	0.204686	0.61337	immature_neurogenic_candidate	0.581139	0.567513	0.465669	0.685706	197	snRNA_multiome_RNA_selected_bridge	hippocampus_dentate_gyrus	31	HA	0.80126	0.801394	0.717241	0.86441	0.678013	0.708477	0.518952	0.844935	gse268609_hippocampus_rna	human	0.713535	0.731207	0.655205	0.786643	0.71327	0.75603	0.611303	0.877326	gse268609_hippocampus_rna|GSE268609|31|immature_neurogenic_candidate|human_projected_immature_neurogenic_candidate
human_broad_neuronal_structural_warning	0.625423	0.627664	0.46988	0.783313	1.15269	1.19577	0.958971	1.37926	broad_neuronal_structural_warning	0.0468879	0	0	0.0998254	0.497876	0.348226	0.348226	0.746386	GSE268609	0	0	0	0	0.206307	0.206307	0.206307	0.206307	-0.291569	-0.141919	-0.540079	-0.141919	broad_neuronal_structural_warning	0.646427	0.639971	0.494312	0.800249	185	snRNA_multiome_RNA_selected_bridge	hippocampus_dentate_gyrus	32	YA	0.953865	0.92891	0.865114	1.00897	0.67618	0.684625	0.512484	0.844941	gse268609_hippocampus_rna	human	0.741905	0.73833	0.668341	0.807029	0.591178	0.593955	0.370565	0.805519	gse268609_hippocampus_rna|GSE268609|32|broad_neuronal_structural_warning|human_broad_neuronal_structural_warning
human_other_or_ambiguous	0.564978	0.528861	0.362555	0.775009	1.11899	1.18809	0.921383	1.3699	other_or_ambiguous	0.0393908	0	0	0.0155283	0.478739	0.348226	0.348226	0.437254	GSE268609	0	0	0	0	0.206307	0.206307	0.206307	0.206307	-0.272431	-0.141919	-0.230946	-0.141919	hippocampal_neuronal_ambiguous	0.528036	0.498234	0.345629	0.694437	128	snRNA_multiome_RNA_selected_bridge	hippocampus_dentate_gyrus	32	YA	0.790196	0.767214	0.733322	0.797423	0.273366	0.220105	0.117937	0.30092	gse268609_hippocampus_rna	human	0.627737	0.592841	0.538757	0.710701	0.317643	0.169514	0.0785151	0.509527	gse268609_hippocampus_rna|GSE268609|32|hippocampal_neuronal_ambiguous|human_other_or_ambiguous
human_projected_dentate_candidate	0.666191	0.68972	0.502992	0.84327	1.0214	1.06436	0.728963	1.35649	dentate_candidate	0.0491745	0	0	0.112096	0.514153	0.348226	0.348226	0.764455	GSE268609	0.21758	0.20689	0.183839	0.22296	0.62535	0.618265	0.51544	0.721583	0.111197	0.188568	-0.182983	0.320302	human_dg_like_candidate	0.593078	0.584345	0.441201	0.753129	314	snRNA_multiome_RNA_selected_bridge	hippocampus_dentate_gyrus	32	YA	0.853287	0.831992	0.753269	0.926741	0.431723	0.408016	0.168528	0.677727	gse268609_hippocampus_rna	human	0.704185	0.707629	0.628055	0.773647	0.49412	0.496058	0.252957	0.722076	gse268609_hippocampus_rna|GSE268609|32|human_dg_like_candidate|human_projected_dentate_candidate
human_projected_dentate_candidate	0.692206	0.657565	0.564359	0.785571	0.969284	0.987079	0.70272	1.27294	dentate_candidate	0.028363	0	0	0	0.449728	0.348226	0.348226	0.348226	GSE268609	0.439908	0.419341	0.390912	0.454329	0.900167	0.896189	0.859396	0.944809	0.450439	0.520368	0.463863	0.592641	human_dg_like_high_confidence	0.55304	0.494066	0.424189	0.647663	37	snRNA_multiome_RNA_selected_bridge	hippocampus_dentate_gyrus	32	YA	0.931379	0.938649	0.876398	0.976994	0.662109	0.703022	0.550591	0.781866	gse268609_hippocampus_rna	human	0.725542	0.707185	0.647843	0.786362	0.534681	0.495401	0.315375	0.759527	gse268609_hippocampus_rna|GSE268609|32|human_dg_like_high_confidence|human_projected_dentate_candidate
human_projected_immature_neurogenic_candidate	0.63553	0.653764	0.483394	0.803459	1.02998	1.16005	0.650943	1.36131	dentate_candidate	0.0438193	0	0	0.0925785	0.510621	0.348226	0.348226	0.743758	GSE268609	0.435832	0.423921	0.360364	0.460439	0.894428	0.900131	0.843627	0.947438	0.383807	0.498029	0.137976	0.571616	immature_neurogenic_candidate	0.648604	0.608358	0.469029	0.815271	97	snRNA_multiome_RNA_selected_bridge	hippocampus_dentate_gyrus	32	YA	0.936214	0.906108	0.835415	1.02014	0.627389	0.632063	0.420499	0.86071	gse268609_hippocampus_rna	human	0.740116	0.739519	0.643968	0.814881	0.577699	0.60184	0.302234	0.827858	gse268609_hippocampus_rna|GSE268609|32|immature_neurogenic_candidate|human_projected_immature_neurogenic_candidate
human_broad_neuronal_structural_warning	0.807657	0.854269	0.644105	1.00186	0.662705	0.479405	0.315622	0.817147	broad_neuronal_structural_warning	0.0491282	0	0	0.0867306	0.501044	0.277459	0.277459	0.715483	GSE268609	0.0569456	0	0	0.113482	0.426685	0.242832	0.242832	0.617556	-0.0743586	-0.0346273	-0.274371	0.00705779	broad_neuronal_structural_warning	0.582582	0.5768	0.478343	0.681318	1333	snRNA_multiome_RNA_selected_bridge	hippocampus_dentate_gyrus	33	MCI	0.756774	0.749601	0.68712	0.81885	0.647267	0.658139	0.474195	0.833701	gse268609_hippocampus_rna	human	0.715671	0.728376	0.637831	0.791692	0.646828	0.657697	0.475959	0.823114	gse268609_hippocampus_rna|GSE268609|33|broad_neuronal_structural_warning|human_broad_neuronal_structural_warning
human_other_or_ambiguous	0.327979	0.231838	0.118001	0.425246	1.46144	1.5814	1.06968	1.93196	other_or_ambiguous	0.0525531	0	0	0.128257	0.475864	0.277459	0.277459	0.820357	GSE268609	0.0616367	0	0	0.164271	0.414674	0.242832	0.242832	0.718791	-0.0611895	-0.0346273	-0.0957764	-0.0346273	hippocampal_neuronal_ambiguous	0.469975	0.471277	0.33488	0.592899	584	snRNA_multiome_RNA_selected_bridge	hippocampus_dentate_gyrus	33	MCI	0.576626	0.546601	0.500285	0.624185	0.24256	0.172695	0.0872298	0.324107	gse268609_hippocampus_rna	human	0.458193	0.437351	0.385086	0.493243	0.210555	0.166079	0.0867887	0.254411	gse268609_hippocampus_rna|GSE268609|33|hippocampal_neuronal_ambiguous|human_other_or_ambiguous
human_projected_dentate_candidate	0.54056	0.444819	0.259388	0.867107	1.28162	1.40642	0.622037	1.92074	dentate_candidate	0.0829147	0.0640866	0	0.142702	0.577568	0.643141	0.277459	0.868549	GSE268609	0.309991	0.286329	0.256034	0.336182	0.904105	0.893692	0.869431	0.932951	0.326536	0.256727	0.0322011	0.619321	human_dg_like_candidate	0.525628	0.520737	0.408871	0.632485	213	snRNA_multiome_RNA_selected_bridge	hippocampus_dentate_gyrus	33	MCI	0.602613	0.569766	0.502761	0.672405	0.301812	0.208646	0.0904279	0.433613	gse268609_hippocampus_rna	human	0.556267	0.530333	0.421392	0.689137	0.37578	0.312307	0.135862	0.57124	gse268609_hippocampus_rna|GSE268609|33|human_dg_like_candidate|human_projected_dentate_candidate
human_projected_dentate_candidate	0.373873	0.25826	0.19393	0.532451	1.48197	1.66883	1.11667	1.80834	dentate_candidate	0.0511631	0	0	0.102032	0.494306	0.277459	0.277459	0.758712	GSE268609	0.438353	0.41908	0.377918	0.446834	0.97156	0.97221	0.959969	0.982576	0.477254	0.678209	0.191663	0.6985	human_dg_like_high_confidence	0.464943	0.42522	0.344755	0.575173	38	snRNA_multiome_RNA_selected_bridge	hippocampus_dentate_gyrus	33	MCI	0.642674	0.619525	0.592161	0.688271	0.373877	0.30966	0.254411	0.478827	gse268609_hippocampus_rna	human	0.49383	0.466653	0.409667	0.56324	0.265723	0.213498	0.115792	0.360278	gse268609_hippocampus_rna|GSE268609|33|human_dg_like_high_confidence|human_projected_dentate_candidate
human_projected_immature_neurogenic_candidate	0.730779	0.81253	0.387726	1.08414	0.91422	0.700384	0.434815	1.39349	dentate_candidate	0.0478082	0	0	0.0882746	0.468674	0.277459	0.277459	0.720115	GSE268609	0.382049	0.355588	0.320927	0.421154	0.945106	0.946184	0.918174	0.973754	0.476432	0.641817	0.1985	0.679312	immature_neurogenic_candidate	0.613361	0.608596	0.497794	0.739658	99	snRNA_multiome_RNA_selected_bridge	hippocampus_dentate_gyrus	33	MCI	0.700836	0.687228	0.614081	0.769457	0.515597	0.474636	0.298191	0.715042	gse268609_hippocampus_rna	human	0.681658	0.704928	0.564971	0.813112	0.592676	0.606087	0.361932	0.869431	gse268609_hippocampus_rna|GSE268609|33|immature_neurogenic_candidate|human_projected_immature_neurogenic_candidate
human_broad_neuronal_structural_warning	0.288445	0.244591	0.179872	0.346667	1.6872	1.792	1.46806	2.01686	broad_neuronal_structural_warning	0.0410975	0	0	0.0875262	0.494746	0.357003	0.357003	0.732248	GSE268609	0.0653834	0	0	0.156295	0.376883	0.232573	0.232573	0.559283	-0.117863	-0.12443	-0.182085	0.130945	broad_neuronal_structural_warning	0.65519	0.668434	0.572637	0.744284	447	snRNA_multiome_RNA_selected_bridge	hippocampus_dentate_gyrus	34	AD	0.472897	0.439278	0.396242	0.517038	0.718114	0.74658	0.581433	0.881433	gse268609_hippocampus_rna	human	0.472177	0.448013	0.417238	0.491368	0.758921	0.762215	0.635505	0.887296	gse268609_hippocampus_rna|GSE268609|34|broad_neuronal_structural_warning|human_broad_neuronal_structural_warning
human_other_or_ambiguous	0.170097	0.166775	0.106221	0.227985	1.74909	1.83907	1.51859	2.05463	other_or_ambiguous	0.037564	0	0	0	0.474087	0.357003	0.357003	0.357003	GSE268609	0.0750575	0	0	0.172661	0.399707	0.232573	0.232573	0.602606	-0.07438	-0.12443	-0.12443	0.190228	hippocampal_neuronal_ambiguous	0.528783	0.542187	0.419339	0.633642	753	snRNA_multiome_RNA_selected_bridge	hippocampus_dentate_gyrus	34	AD	0.360683	0.33375	0.314008	0.390618	0.368615	0.300326	0.148534	0.563518	gse268609_hippocampus_rna	human	0.353188	0.357131	0.314647	0.386314	0.327043	0.303583	0.150489	0.45342	gse268609_hippocampus_rna|GSE268609|34|hippocampal_neuronal_ambiguous|human_other_or_ambiguous
human_projected_dentate_candidate	0.241594	0.214463	0.136669	0.299597	1.64136	1.69956	1.36095	1.97079	dentate_candidate	0.0591315	0	0	0.113645	0.535932	0.357003	0.357003	0.781759	GSE268609	0.329188	0.288965	0.261285	0.37525	0.855969	0.844951	0.813681	0.889902	0.320037	0.44886	0.0778502	0.490554	human_dg_like_candidate	0.58895	0.609523	0.483436	0.690963	193	snRNA_multiome_RNA_selected_bridge	hippocampus_dentate_gyrus	34	AD	0.397279	0.350143	0.317692	0.415619	0.43804	0.402606	0.185668	0.657329	gse268609_hippocampus_rna	human	0.409274	0.401891	0.347168	0.447661	0.519458	0.542671	0.258632	0.761564	gse268609_hippocampus_rna|GSE268609|34|human_dg_like_candidate|human_projected_dentate_candidate
human_projected_dentate_candidate	0.280984	0.279202	0.188356	0.358472	1.62403	1.65602	1.39421	1.89347	dentate_candidate	0.0902543	0.078113	0	0.166788	0.625697	0.723453	0.357003	0.894381	GSE268609	0.527238	0.514726	0.483229	0.559601	0.955049	0.950814	0.936482	0.973127	0.329352	0.240065	0.062215	0.589902	human_dg_like_high_confidence	0.618539	0.627969	0.484464	0.746421	54	snRNA_multiome_RNA_selected_bridge	hippocampus_dentate_gyrus	34	AD	0.388778	0.3769	0.357949	0.405426	0.539088	0.510098	0.439739	0.620521	gse268609_hippocampus_rna	human	0.429434	0.439119	0.38088	0.481818	0.629871	0.730619	0.423127	0.865635	gse268609_hippocampus_rna|GSE268609|34|human_dg_like_high_confidence|human_projected_dentate_candidate
human_projected_immature_neurogenic_candidate	0.256757	0.216421	0.147648	0.332167	1.65094	1.77156	1.40096	1.96319	dentate_candidate	0.077904	0	0	0.137301	0.598164	0.357003	0.357003	0.835831	GSE268609	0.469455	0.457874	0.380441	0.545269	0.929309	0.923127	0.89202	0.96759	0.331145	0.509121	0.0993485	0.54772	immature_neurogenic_candidate	0.558055	0.592459	0.462631	0.694068	88	snRNA_multiome_RNA_selected_bridge	hippocampus_dentate_gyrus	34	AD	0.428415	0.423306	0.359469	0.468616	0.63391	0.69316	0.445114	0.821987	gse268609_hippocampus_rna	human	0.414409	0.405044	0.353355	0.467729	0.548075	0.558632	0.286319	0.824593	gse268609_hippocampus_rna|GSE268609|34|immature_neurogenic_candidate|human_projected_immature_neurogenic_candidate
human_broad_neuronal_structural_warning	0.737674	0.791011	0.532874	0.959275	0.908919	0.593618	0.341469	1.43922	broad_neuronal_structural_warning	0.0431309	0	0	0.0798719	0.48389	0.283889	0.283889	0.730128	GSE268609	0.0950327	0.105112	0	0.176808	0.345236	0.361604	0.158623	0.491483	-0.138655	-0.125266	-0.312633	0.0995387	broad_neuronal_structural_warning	0.571213	0.557823	0.453916	0.672568	486	snRNA_multiome_RNA_selected_bridge	hippocampus_dentate_gyrus	35	YA	0.811024	0.796976	0.734154	0.863163	0.646072	0.655429	0.458126	0.837119	gse268609_hippocampus_rna	human	0.706637	0.707337	0.629784	0.779538	0.623334	0.609652	0.418204	0.836586	gse268609_hippocampus_rna|GSE268609|35|broad_neuronal_structural_warning|human_broad_neuronal_structural_warning
human_other_or_ambiguous	0.391663	0.301904	0.198398	0.52044	1.53124	1.69924	1.07256	2.10403	other_or_ambiguous	0.0482182	0	0	0.0979401	0.481664	0.283889	0.283889	0.778566	GSE268609	0.0726342	0	0	0.170861	0.302189	0.158623	0.158623	0.477644	-0.179475	-0.125266	-0.35912	-0.058907	hippocampal_neuronal_ambiguous	0.489775	0.500243	0.368893	0.601611	429	snRNA_multiome_RNA_selected_bridge	hippocampus_dentate_gyrus	35	YA	0.641155	0.615939	0.571438	0.687945	0.253866	0.188786	0.0936835	0.352023	gse268609_hippocampus_rna	human	0.507531	0.486799	0.427936	0.546199	0.232525	0.168204	0.0844571	0.28247	gse268609_hippocampus_rna|GSE268609|35|hippocampal_neuronal_ambiguous|human_other_or_ambiguous
human_projected_dentate_candidate	0.740964	0.840138	0.522905	0.96405	0.903991	0.483825	0.324562	1.62721	dentate_candidate	0.0626267	0.0361014	0	0.104036	0.560498	0.611781	0.283889	0.797374	GSE268609	0.289011	0.273011	0.25475	0.302046	0.752313	0.734209	0.692158	0.797197	0.191815	0.149397	-0.0386799	0.434528	human_dg_like_candidate	0.533507	0.512503	0.434872	0.611789	238	snRNA_multiome_RNA_selected_bridge	hippocampus_dentate_gyrus	35	YA	0.743086	0.765245	0.64268	0.831518	0.500886	0.543648	0.240951	0.752129	gse268609_hippocampus_rna	human	0.672519	0.702808	0.606157	0.759535	0.564958	0.596167	0.375798	0.781228	gse268609_hippocampus_rna|GSE268609|35|human_dg_like_candidate|human_projected_dentate_candidate
human_projected_dentate_candidate	0.720799	0.825561	0.542514	0.93895	0.921062	0.504242	0.338326	1.60281	dentate_candidate	0.0746716	0.0470554	0	0.123086	0.594564	0.644429	0.283889	0.846345	GSE268609	0.426354	0.40412	0.376365	0.45669	0.93418	0.932576	0.901703	0.973031	0.339616	0.290987	0.11533	0.623492	human_dg_like_high_confidence	0.489973	0.473545	0.413411	0.548093	27	snRNA_multiome_RNA_selected_bridge	hippocampus_dentate_gyrus	35	YA	0.743576	0.733379	0.682385	0.794686	0.49749	0.456352	0.334989	0.645493	gse268609_hippocampus_rna	human	0.651449	0.693005	0.563232	0.733397	0.510685	0.569198	0.307665	0.700142	gse268609_hippocampus_rna|GSE268609|35|human_dg_like_high_confidence|human_projected_dentate_candidate
human_projected_immature_neurogenic_candidate	0.841068	0.867332	0.764934	0.971328	0.560553	0.378664	0.296036	0.573012	dentate_candidate	0.0416329	0	0	0.068867	0.496698	0.283889	0.283889	0.695529	GSE268609	0.379645	0.367429	0.324838	0.418044	0.887786	0.891412	0.830376	0.944642	0.391088	0.491128	0.186657	0.613201	immature_neurogenic_candidate	0.530712	0.515023	0.447799	0.58465	229	snRNA_multiome_RNA_selected_bridge	hippocampus_dentate_gyrus	35	YA	0.806605	0.806362	0.745149	0.862066	0.652654	0.688432	0.48687	0.835344	gse268609_hippocampus_rna	human	0.726128	0.729016	0.676612	0.778173	0.672743	0.683463	0.525905	0.831796	gse268609_hippocampus_rna|GSE268609|35|immature_neurogenic_candidate|human_projected_immature_neurogenic_candidate
human_broad_neuronal_structural_warning	0.90231	0.927421	0.816557	1.02212	0.454546	0.316542	0.24465	0.45459	broad_neuronal_structural_warning	0.0594131	0.0435153	0	0.100875	0.461473	0.450142	0.170132	0.683365	GSE268609	0.0772827	0.091817	0	0.129927	0.235414	0.252599	0.0959357	0.326205	-0.22606	-0.171078	-0.43112	-0.0741966	broad_neuronal_structural_warning	0.497729	0.501075	0.431404	0.566162	548	snRNA_multiome_RNA_selected_bridge	hippocampus_dentate_gyrus	36	HA	0.732411	0.746192	0.668272	0.802286	0.538143	0.501654	0.315572	0.742557	gse268609_hippocampus_rna	human	0.710817	0.721054	0.657651	0.769518	0.565641	0.545841	0.314036	0.79785	gse268609_hippocampus_rna|GSE268609|36|broad_neuronal_structural_warning|human_broad_neuronal_structural_warning
human_other_or_ambiguous	0.448753	0.365609	0.208923	0.624919	1.20924	1.17392	0.583921	1.91715	other_or_ambiguous	0.0720094	0.0530581	0	0.130307	0.488385	0.486767	0.170132	0.791352	GSE268609	0.0538818	0	0	0.142857	0.195956	0.0959357	0.0959357	0.355151	-0.292428	-0.163516	-0.600662	-0.0741966	hippocampal_neuronal_ambiguous	0.446101	0.460099	0.364022	0.537078	379	snRNA_multiome_RNA_selected_bridge	hippocampus_dentate_gyrus	36	HA	0.48504	0.418312	0.362165	0.558519	0.214819	0.127599	0.0597826	0.226134	gse268609_hippocampus_rna	human	0.459965	0.413919	0.35478	0.491644	0.206073	0.121928	0.0612004	0.191163	gse268609_hippocampus_rna|GSE268609|36|hippocampal_neuronal_ambiguous|human_other_or_ambiguous
human_projected_dentate_candidate	0.828759	0.904522	0.77664	0.999955	0.608601	0.328208	0.254888	0.569684	dentate_candidate	0.084078	0.0674604	0	0.137834	0.541286	0.547495	0.170132	0.817698	GSE268609	0.226916	0.216239	0.196963	0.232747	0.586145	0.559783	0.499173	0.620392	0.0448583	0.0198488	-0.192462	0.305647	human_dg_like_candidate	0.479628	0.483828	0.427941	0.545624	514	snRNA_multiome_RNA_selected_bridge	hippocampus_dentate_gyrus	36	HA	0.69452	0.755324	0.641778	0.801855	0.514484	0.54017	0.284735	0.74043	gse268609_hippocampus_rna	human	0.667636	0.718736	0.632798	0.75963	0.516672	0.535681	0.279537	0.746337	gse268609_hippocampus_rna|GSE268609|36|human_dg_like_candidate|human_projected_dentate_candidate
human_projected_dentate_candidate	0.737042	0.883038	0.490703	0.972029	0.754117	0.449675	0.33379	1.13677	dentate_candidate	0.0882045	0.0771983	0	0.134264	0.540277	0.588847	0.170132	0.805057	GSE268609	0.35063	0.339552	0.321081	0.377682	0.904491	0.900756	0.871692	0.944707	0.364214	0.273629	0.107278	0.685728	human_dg_like_high_confidence	0.476438	0.482269	0.389152	0.527992	31	snRNA_multiome_RNA_selected_bridge	hippocampus_dentate_gyrus	36	HA	0.691694	0.729906	0.568652	0.795342	0.492957	0.441871	0.231569	0.715265	gse268609_hippocampus_rna	human	0.635058	0.656084	0.520339	0.765241	0.45954	0.310491	0.205104	0.776701	gse268609_hippocampus_rna|GSE268609|36|human_dg_like_high_confidence|human_projected_dentate_candidate
human_projected_immature_neurogenic_candidate	0.929409	0.93971	0.863328	1.01833	0.369413	0.304231	0.250202	0.382233	dentate_candidate	0.0687742	0.0581774	0	0.11351	0.505505	0.50827	0.170132	0.731215	GSE268609	0.312503	0.29642	0.266362	0.341861	0.816628	0.81569	0.728615	0.905246	0.311123	0.308365	0.101016	0.532372	immature_neurogenic_candidate	0.480867	0.481089	0.432643	0.533421	644	snRNA_multiome_RNA_selected_bridge	hippocampus_dentate_gyrus	36	HA	0.764144	0.778392	0.729847	0.823043	0.62493	0.638469	0.442108	0.826205	gse268609_hippocampus_rna	human	0.724807	0.732876	0.697728	0.769016	0.60654	0.611767	0.428521	0.793478	gse268609_hippocampus_rna|GSE268609|36|immature_neurogenic_candidate|human_projected_immature_neurogenic_candidate
human_broad_neuronal_structural_warning	0.560737	0.509036	0.29945	0.785516	1.25228	1.26408	0.584938	1.85745	broad_neuronal_structural_warning	0.0475406	0	0	0.0961214	0.482786	0.310305	0.310305	0.70458	GSE268609	0.0439679	0	0	0.107146	0.380185	0.259924	0.259924	0.560305	-0.102601	-0.0503817	-0.158779	-0.0503817	broad_neuronal_structural_warning	0.514684	0.513303	0.414105	0.620583	465	snRNA_multiome_RNA_selected_bridge	hippocampus_dentate_gyrus	37	YA	0.64698	0.631783	0.549073	0.724587	0.706614	0.725954	0.560305	0.864885	gse268609_hippocampus_rna	human	0.574134	0.541489	0.484395	0.657961	0.695725	0.700763	0.558015	0.842748	gse268609_hippocampus_rna|GSE268609|37|broad_neuronal_structural_warning|human_broad_neuronal_structural_warning
human_other_or_ambiguous	0.298488	0.240501	0.14568	0.398145	1.58952	1.72274	1.15686	2.07277	other_or_ambiguous	0.0468825	0	0	0.10516	0.479955	0.310305	0.310305	0.739313	GSE268609	0.0465059	0	0	0.122895	0.380841	0.259924	0.259924	0.582824	-0.0991144	-0.0503817	-0.250382	-0.0503817	hippocampal_neuronal_ambiguous	0.452333	0.455595	0.341052	0.572279	531	snRNA_multiome_RNA_selected_bridge	hippocampus_dentate_gyrus	37	YA	0.477059	0.447777	0.410652	0.512915	0.319333	0.268702	0.130534	0.45687	gse268609_hippocampus_rna	human	0.409293	0.402949	0.357659	0.441441	0.292082	0.253435	0.127099	0.396565	gse268609_hippocampus_rna|GSE268609|37|hippocampal_neuronal_ambiguous|human_other_or_ambiguous
human_projected_dentate_candidate	0.498695	0.404767	0.224087	0.738953	1.49749	1.74163	0.937913	2.08365	dentate_candidate	0.0727112	0	0	0.135284	0.561887	0.310305	0.310305	0.830534	GSE268609	0.265054	0.247645	0.216471	0.287828	0.850834	0.84084	0.800954	0.887595	0.288948	0.453244	0.0395992	0.512405	human_dg_like_candidate	0.483263	0.482931	0.381109	0.585866	210	snRNA_multiome_RNA_selected_bridge	hippocampus_dentate_gyrus	37	YA	0.520754	0.479061	0.420026	0.59895	0.417245	0.362595	0.166794	0.660305	gse268609_hippocampus_rna	human	0.500904	0.460843	0.396377	0.599274	0.496212	0.459924	0.227672	0.781298	gse268609_hippocampus_rna|GSE268609|37|human_dg_like_candidate|human_projected_dentate_candidate
human_projected_dentate_candidate	0.483183	0.317675	0.245818	0.692362	1.92314	2.0539	1.85943	2.15215	dentate_candidate	0.165109	0.160206	0.0903588	0.268957	0.766896	0.89542	0.699237	0.980534	GSE268609	0.382695	0.360486	0.343057	0.40442	0.961527	0.958779	0.94542	0.978244	0.194631	0.0977099	-0.00267176	0.253817	human_dg_like_high_confidence	0.460265	0.471153	0.374692	0.570823	15	snRNA_multiome_RNA_selected_bridge	hippocampus_dentate_gyrus	37	YA	0.567714	0.544122	0.503164	0.610551	0.570483	0.545802	0.430534	0.685115	gse268609_hippocampus_rna	human	0.503721	0.468779	0.452085	0.544061	0.528041	0.489313	0.430153	0.693511	gse268609_hippocampus_rna|GSE268609|37|human_dg_like_high_confidence|human_projected_dentate_candidate
human_projected_immature_neurogenic_candidate	0.70613	0.721432	0.39535	1.01823	1.0856	0.848987	0.444612	1.72452	dentate_candidate	0.0597692	0	0	0.101647	0.524144	0.310305	0.310305	0.721374	GSE268609	0.349719	0.336802	0.302504	0.381053	0.936963	0.938931	0.90229	0.969466	0.412818	0.581298	0.210687	0.630916	immature_neurogenic_candidate	0.496864	0.514615	0.38234	0.614455	89	snRNA_multiome_RNA_selected_bridge	hippocampus_dentate_gyrus	37	YA	0.638595	0.638392	0.536218	0.727405	0.687417	0.735115	0.526718	0.870229	gse268609_hippocampus_rna	human	0.613863	0.620167	0.497839	0.732966	0.727721	0.80229	0.599237	0.929008	gse268609_hippocampus_rna|GSE268609|37|immature_neurogenic_candidate|human_projected_immature_neurogenic_candidate
human_broad_neuronal_structural_warning	0.585181	0.528208	0.345794	0.820086	1.25982	1.21986	0.748499	1.78685	broad_neuronal_structural_warning	0.0768197	0.0558575	0	0.132302	0.465599	0.459225	0.224771	0.679409	GSE268609	0.0520606	0	0	0.115669	0.39216	0.246687	0.246687	0.565749	-0.0734388	0.0219164	-0.324669	0.0555556	broad_neuronal_structural_warning	0.522651	0.518244	0.420121	0.620832	633	snRNA_multiome_RNA_selected_bridge	hippocampus_dentate_gyrus	38	YA	0.627314	0.599591	0.517411	0.709323	0.706545	0.721713	0.556575	0.865953	gse268609_hippocampus_rna	human	0.578382	0.543277	0.488151	0.660092	0.712374	0.716106	0.575943	0.852701	gse268609_hippocampus_rna|GSE268609|38|broad_neuronal_structural_warning|human_broad_neuronal_structural_warning
human_other_or_ambiguous	0.299624	0.260777	0.162421	0.402154	1.6868	1.78151	1.30384	2.10669	other_or_ambiguous	0.0963531	0.0961644	0	0.163172	0.515929	0.545872	0.224771	0.77421	GSE268609	0.0473839	0	0	0.121126	0.374579	0.246687	0.246687	0.58104	-0.14135	0.0219164	-0.427115	0.0219164	hippocampal_neuronal_ambiguous	0.454902	0.448543	0.355747	0.55575	865	snRNA_multiome_RNA_selected_bridge	hippocampus_dentate_gyrus	38	YA	0.46043	0.434944	0.403164	0.495612	0.332193	0.286952	0.146789	0.492864	gse268609_hippocampus_rna	human	0.404985	0.398606	0.354826	0.43673	0.30798	0.276249	0.135066	0.413863	gse268609_hippocampus_rna|GSE268609|38|hippocampal_neuronal_ambiguous|human_other_or_ambiguous
human_projected_dentate_candidate	0.473781	0.384778	0.23065	0.671966	1.63033	1.78408	1.23851	2.11033	dentate_candidate	0.10986	0.0981457	0	0.168271	0.53955	0.551733	0.224771	0.785933	GSE268609	0.264973	0.239463	0.21014	0.29916	0.852166	0.837666	0.800841	0.898445	0.312616	0.312181	0.0521152	0.577217	human_dg_like_candidate	0.471432	0.475126	0.373129	0.572365	290	snRNA_multiome_RNA_selected_bridge	hippocampus_dentate_gyrus	38	YA	0.517218	0.447963	0.404344	0.60646	0.427664	0.348624	0.151249	0.72974	gse268609_hippocampus_rna	human	0.487477	0.447647	0.37629	0.58031	0.480688	0.453364	0.202727	0.768986	gse268609_hippocampus_rna|GSE268609|38|human_dg_like_candidate|human_projected_dentate_candidate
human_projected_dentate_candidate	0.565503	0.505096	0.351628	0.782176	1.45387	1.7407	0.715198	1.90874	dentate_candidate	0.127838	0.117347	0.0339643	0.172068	0.608759	0.617227	0.348114	0.793068	GSE268609	0.388597	0.365551	0.343003	0.399064	0.951522	0.95158	0.933996	0.965851	0.342762	0.299185	0.165902	0.59684	human_dg_like_high_confidence	0.428881	0.403019	0.270901	0.568814	35	snRNA_multiome_RNA_selected_bridge	hippocampus_dentate_gyrus	38	YA	0.620808	0.612179	0.508997	0.714136	0.696112	0.738022	0.53211	0.869011	gse268609_hippocampus_rna	human	0.538398	0.52019	0.429632	0.655314	0.615917	0.667176	0.389144	0.847604	gse268609_hippocampus_rna|GSE268609|38|human_dg_like_high_confidence|human_projected_dentate_candidate
human_projected_immature_neurogenic_candidate	0.740915	0.814911	0.40479	1.03051	1.1429	1.08562	0.565273	1.72705	dentate_candidate	0.077011	0	0	0.122011	0.451234	0.224771	0.224771	0.635321	GSE268609	0.353558	0.337479	0.285948	0.405499	0.926765	0.930173	0.883792	0.968909	0.475532	0.631498	0.298802	0.709225	immature_neurogenic_candidate	0.501697	0.484791	0.406632	0.598538	139	snRNA_multiome_RNA_selected_bridge	hippocampus_dentate_gyrus	38	YA	0.631329	0.636629	0.512813	0.715507	0.708802	0.773191	0.542559	0.87054	gse268609_hippocampus_rna	human	0.624647	0.645594	0.489745	0.732684	0.742505	0.83843	0.584098	0.920744	gse268609_hippocampus_rna|GSE268609|38|immature_neurogenic_candidate|human_projected_immature_neurogenic_candidate
human_broad_neuronal_structural_warning	0.413101	0.325274	0.222061	0.516369	1.55822	1.73463	1.01041	2.13937	broad_neuronal_structural_warning	0.0638665	0	0	0.128631	0.489796	0.278523	0.278523	0.742729	GSE268609	0	0	0	0	0.278523	0.278523	0.278523	0.278523	-0.211273	0	-0.464206	0	broad_neuronal_structural_warning	0.517967	0.524869	0.422537	0.611371	297	snRNA_multiome_RNA_selected_bridge	hippocampus_dentate_gyrus	39	MCI	0.526402	0.495419	0.427657	0.59593	0.672748	0.686055	0.53915	0.813572	gse268609_hippocampus_rna	human	0.485824	0.44908	0.400807	0.524281	0.669283	0.677107	0.527964	0.791946	gse268609_hippocampus_rna|GSE268609|39|broad_neuronal_structural_warning|human_broad_neuronal_structural_warning
human_other_or_ambiguous	0.193377	0.180405	0.105937	0.266155	1.78695	1.91022	1.42201	2.19912	other_or_ambiguous	0.0605569	0	0	0.130974	0.480375	0.278523	0.278523	0.750932	GSE268609	0	0	0	0	0.278523	0.278523	0.278523	0.278523	-0.201851	0	-0.472409	0	hippocampal_neuronal_ambiguous	0.434151	0.438445	0.328314	0.536854	449	snRNA_multiome_RNA_selected_bridge	hippocampus_dentate_gyrus	39	MCI	0.372367	0.35639	0.321645	0.401121	0.30474	0.265474	0.133482	0.45041	gse268609_hippocampus_rna	human	0.333298	0.335085	0.299772	0.365171	0.273072	0.249068	0.126025	0.375093	gse268609_hippocampus_rna|GSE268609|39|hippocampal_neuronal_ambiguous|human_other_or_ambiguous
human_projected_dentate_candidate	0.41115	0.292491	0.187039	0.544672	1.50685	1.64255	0.93534	2.1406	dentate_candidate	0.0817307	0.0628683	0	0.138816	0.539961	0.572707	0.278523	0.785981	GSE268609	0.166524	0.156239	0.122669	0.185535	0.706491	0.683818	0.620433	0.768829	0.16653	0.224459	-0.0589113	0.409769	human_dg_like_candidate	0.486787	0.500456	0.393869	0.587873	341	snRNA_multiome_RNA_selected_bridge	hippocampus_dentate_gyrus	39	MCI	0.461244	0.399245	0.332753	0.544447	0.466863	0.442953	0.180462	0.759881	gse268609_hippocampus_rna	human	0.45306	0.410682	0.346577	0.502172	0.531629	0.556301	0.293065	0.773304	gse268609_hippocampus_rna|GSE268609|39|human_dg_like_candidate|human_projected_dentate_candidate
human_projected_dentate_candidate	0.430231	0.39953	0.336146	0.527494	1.69673	1.75998	1.44748	2.10596	dentate_candidate	0.0940875	0.0865881	0	0.195761	0.570523	0.615213	0.278523	0.908277	GSE268609	0.366586	0.354907	0.309517	0.412863	0.948226	0.952274	0.926174	0.978374	0.377703	0.369128	0.082774	0.653617	human_dg_like_high_confidence	0.524738	0.529005	0.444508	0.639004	21	snRNA_multiome_RNA_selected_bridge	hippocampus_dentate_gyrus	39	MCI	0.497864	0.489806	0.413091	0.506798	0.642484	0.679344	0.487696	0.711409	gse268609_hippocampus_rna	human	0.484278	0.479097	0.425111	0.577491	0.64916	0.740492	0.60179	0.823266	gse268609_hippocampus_rna|GSE268609|39|human_dg_like_high_confidence|human_projected_dentate_candidate
human_projected_immature_neurogenic_candidate	0.56444	0.481129	0.189107	0.92696	1.29657	1.31976	0.529179	2.0129	dentate_candidate	0.0641833	0	0	0.116383	0.488131	0.278523	0.278523	0.697241	GSE268609	0.271645	0.237303	0.198387	0.328666	0.868649	0.865772	0.803132	0.93736	0.380518	0.482849	0.163311	0.587248	immature_neurogenic_candidate	0.484156	0.483847	0.404072	0.569782	233	snRNA_multiome_RNA_selected_bridge	hippocampus_dentate_gyrus	39	MCI	0.571344	0.532881	0.416677	0.706243	0.693877	0.750186	0.507084	0.896346	gse268609_hippocampus_rna	human	0.53998	0.512842	0.385901	0.714982	0.66393	0.782252	0.47129	0.918717	gse268609_hippocampus_rna|GSE268609|39|immature_neurogenic_candidate|human_projected_immature_neurogenic_candidate
human_broad_neuronal_structural_warning	0.718981	0.779946	0.430129	0.96523	0.801913	0.431167	0.2275	1.46505	broad_neuronal_structural_warning	0.0499775	0	0	0.0901085	0.47461	0.258369	0.258369	0.676096	GSE268609	0.0553666	0	0	0.114568	0.384053	0.217586	0.217586	0.542433	-0.0905576	-0.0407826	-0.221594	-0.0165017	broad_neuronal_structural_warning	0.568936	0.571556	0.46411	0.679407	778	snRNA_multiome_RNA_selected_bridge	hippocampus_dentate_gyrus	4	AD	0.68071	0.718844	0.53352	0.808839	0.694501	0.709807	0.56306	0.849481	gse268609_hippocampus_rna	human	0.656209	0.670641	0.526635	0.765269	0.70959	0.706506	0.567775	0.863036	gse268609_hippocampus_rna|GSE268609|4|broad_neuronal_structural_warning|human_broad_neuronal_structural_warning
human_other_or_ambiguous	0.208721	0.181803	0.113052	0.264412	1.68727	1.77644	1.47877	2.03597	other_or_ambiguous	0.0577273	0	0	0.117525	0.474276	0.258369	0.258369	0.763437	GSE268609	0.0431235	0	0	0.109581	0.334925	0.217586	0.217586	0.530764	-0.139351	-0.0407826	-0.394389	-0.0407826	hippocampal_neuronal_ambiguous	0.555418	0.563118	0.450577	0.667938	748	snRNA_multiome_RNA_selected_bridge	hippocampus_dentate_gyrus	4	AD	0.384325	0.35831	0.326049	0.410767	0.263025	0.235974	0.114922	0.386256	gse268609_hippocampus_rna	human	0.382822	0.385305	0.339173	0.41487	0.242267	0.224658	0.11728	0.338166	gse268609_hippocampus_rna|GSE268609|4|hippocampal_neuronal_ambiguous|human_other_or_ambiguous
human_projected_dentate_candidate	0.485813	0.390583	0.209807	0.795967	1.26525	1.43255	0.540226	1.8557	dentate_candidate	0.0807982	0.0568751	0	0.143199	0.5563	0.58298	0.258369	0.838991	GSE268609	0.270632	0.243069	0.213184	0.312598	0.821633	0.805516	0.76273	0.87612	0.265333	0.267798	0.0139085	0.515559	human_dg_like_candidate	0.546127	0.549425	0.451996	0.637371	364	snRNA_multiome_RNA_selected_bridge	hippocampus_dentate_gyrus	4	AD	0.516894	0.432416	0.340005	0.717269	0.448021	0.441773	0.173739	0.706624	gse268609_hippocampus_rna	human	0.516278	0.464836	0.391047	0.674035	0.475086	0.471711	0.247289	0.712518	gse268609_hippocampus_rna|GSE268609|4|human_dg_like_candidate|human_projected_dentate_candidate
human_projected_dentate_candidate	0.352241	0.320227	0.249587	0.426634	1.61557	1.65765	1.37979	1.93538	dentate_candidate	0.126842	0.1248	0.0739198	0.163084	0.709437	0.791254	0.627298	0.882249	GSE268609	0.419717	0.419243	0.386457	0.444234	0.957053	0.958982	0.938355	0.972772	0.247616	0.165017	0.0819189	0.328854	human_dg_like_high_confidence	0.548341	0.541471	0.457759	0.643024	44	snRNA_multiome_RNA_selected_bridge	hippocampus_dentate_gyrus	4	AD	0.479669	0.45587	0.396402	0.523372	0.468465	0.478784	0.349953	0.554691	gse268609_hippocampus_rna	human	0.460084	0.448657	0.407971	0.509451	0.41073	0.432343	0.317657	0.551627	gse268609_hippocampus_rna|GSE268609|4|human_dg_like_high_confidence|human_projected_dentate_candidate
human_projected_immature_neurogenic_candidate	0.776772	0.829021	0.701399	0.934626	0.699655	0.41086	0.25774	1.10637	dentate_candidate	0.0700534	0.0543057	0	0.112923	0.552333	0.574257	0.258369	0.746582	GSE268609	0.365324	0.35261	0.300893	0.404509	0.911756	0.91042	0.866101	0.952145	0.359423	0.305988	0.171853	0.61174	immature_neurogenic_candidate	0.537829	0.527853	0.464002	0.621545	187	snRNA_multiome_RNA_selected_bridge	hippocampus_dentate_gyrus	4	AD	0.730102	0.765092	0.633612	0.846311	0.749964	0.783593	0.635785	0.909005	gse268609_hippocampus_rna	human	0.681568	0.71448	0.622932	0.769825	0.731123	0.771806	0.646393	0.873173	gse268609_hippocampus_rna|GSE268609|4|immature_neurogenic_candidate|human_projected_immature_neurogenic_candidate
human_broad_neuronal_structural_warning	0.791884	0.884626	0.587375	1.0446	0.713906	0.331964	0.222977	1.11672	broad_neuronal_structural_warning	0.0646498	0.0509308	0	0.111051	0.510011	0.53729	0.234185	0.710534	GSE268609	0.0413248	0	0	0.0809042	0.360326	0.213146	0.213146	0.508923	-0.149685	-0.0521619	-0.362268	-0.0210389	broad_neuronal_structural_warning	0.729747	0.723444	0.618501	0.830411	1194	snRNA_multiome_RNA_selected_bridge	hippocampus_dentate_gyrus	5	HA	0.733857	0.748727	0.646501	0.827737	0.679077	0.682676	0.539684	0.825522	gse268609_hippocampus_rna	human	0.751829	0.785193	0.646451	0.86585	0.704807	0.723157	0.540627	0.873114	gse268609_hippocampus_rna|GSE268609|5|broad_neuronal_structural_warning|human_broad_neuronal_structural_warning
human_other_or_ambiguous	0.205784	0.1531	0.0948795	0.240478	1.84435	2.0057	1.58211	2.27549	other_or_ambiguous	0.0628528	0	0	0.134084	0.461096	0.234185	0.234185	0.781268	GSE268609	0.0261687	0	0	0	0.284319	0.213146	0.213146	0.213146	-0.176778	-0.0210389	-0.53018	-0.0210389	hippocampal_neuronal_ambiguous	0.552823	0.558279	0.439997	0.670894	1044	snRNA_multiome_RNA_selected_bridge	hippocampus_dentate_gyrus	5	HA	0.412353	0.381942	0.337411	0.433013	0.243042	0.216048	0.108749	0.334881	gse268609_hippocampus_rna	human	0.39032	0.372775	0.326286	0.415289	0.229792	0.20502	0.100914	0.303323	gse268609_hippocampus_rna|GSE268609|5|hippocampal_neuronal_ambiguous|human_other_or_ambiguous
human_projected_dentate_candidate	0.46325	0.31337	0.142412	0.862708	1.43062	1.66101	0.511159	2.10394	dentate_candidate	0.0758247	0.0357064	0	0.139664	0.513327	0.494051	0.234185	0.801582	GSE268609	0.24266	0.212199	0.189988	0.271432	0.760773	0.735781	0.69276	0.813915	0.247445	0.2722	-0.0132763	0.493616	human_dg_like_candidate	0.611323	0.602826	0.489733	0.7303	594	snRNA_multiome_RNA_selected_bridge	hippocampus_dentate_gyrus	5	HA	0.533549	0.4348	0.350117	0.736051	0.404425	0.339379	0.144878	0.661201	gse268609_hippocampus_rna	human	0.53604	0.461749	0.366434	0.7379	0.424363	0.393064	0.190075	0.641541	gse268609_hippocampus_rna|GSE268609|5|human_dg_like_candidate|human_projected_dentate_candidate
human_projected_dentate_candidate	0.438625	0.373035	0.23073	0.562022	1.6067	1.7528	1.37218	2.10648	dentate_candidate	0.101293	0.0947807	0	0.1575	0.610401	0.661056	0.234185	0.857081	GSE268609	0.375926	0.360773	0.336722	0.402553	0.913446	0.911201	0.885084	0.937754	0.303044	0.254208	0.0813987	0.632327	human_dg_like_high_confidence	0.602109	0.58683	0.489081	0.704722	79	snRNA_multiome_RNA_selected_bridge	hippocampus_dentate_gyrus	5	HA	0.560095	0.503987	0.443568	0.633499	0.473919	0.421358	0.354614	0.526843	gse268609_hippocampus_rna	human	0.53361	0.512688	0.434908	0.630164	0.436566	0.451538	0.346198	0.529745	gse268609_hippocampus_rna|GSE268609|5|human_dg_like_high_confidence|human_projected_dentate_candidate
human_projected_immature_neurogenic_candidate	0.750001	0.849086	0.474194	0.973758	0.871666	0.420686	0.297937	1.56925	dentate_candidate	0.0687407	0.0536428	0	0.113234	0.52341	0.54556	0.234185	0.716918	GSE268609	0.355718	0.33419	0.277943	0.418142	0.882955	0.881312	0.820226	0.94704	0.359546	0.337203	0.157429	0.594312	immature_neurogenic_candidate	0.677762	0.648165	0.526902	0.796348	535	snRNA_multiome_RNA_selected_bridge	hippocampus_dentate_gyrus	5	HA	0.761774	0.77766	0.682536	0.861387	0.712671	0.736216	0.577916	0.881167	gse268609_hippocampus_rna	human	0.729846	0.754024	0.66747	0.822569	0.664481	0.667441	0.554411	0.797301	gse268609_hippocampus_rna|GSE268609|5|immature_neurogenic_candidate|human_projected_immature_neurogenic_candidate
human_broad_neuronal_structural_warning	0.902119	0.930422	0.810281	1.03864	0.46767	0.314771	0.231968	0.447396	broad_neuronal_structural_warning	0.0419238	0.0151997	0	0.0688451	0.460258	0.480982	0.239682	0.654438	GSE268609	0.0962169	0.0919633	0	0.162878	0.300308	0.30348	0.104127	0.417319	-0.15995	-0.135554	-0.33666	0.0484219	broad_neuronal_structural_warning	0.637436	0.632116	0.511818	0.740726	1425	snRNA_multiome_RNA_selected_bridge	hippocampus_dentate_gyrus	6	HA	0.831626	0.820088	0.758401	0.890916	0.604015	0.602644	0.40464	0.806043	gse268609_hippocampus_rna	human	0.790394	0.788341	0.720248	0.85514	0.666866	0.698408	0.464527	0.87618	gse268609_hippocampus_rna|GSE268609|6|broad_neuronal_structural_warning|human_broad_neuronal_structural_warning
human_other_or_ambiguous	0.373412	0.266505	0.138312	0.570102	1.42492	1.67733	0.541092	2.14178	other_or_ambiguous	0.0696868	0	0	0.131446	0.517538	0.239682	0.239682	0.854465	GSE268609	0.0857602	0	0	0.192521	0.271394	0.104127	0.104127	0.477037	-0.246144	-0.135554	-0.511229	-0.122066	hippocampal_neuronal_ambiguous	0.554664	0.54887	0.423728	0.681957	728	snRNA_multiome_RNA_selected_bridge	hippocampus_dentate_gyrus	6	HA	0.618972	0.590156	0.51386	0.689882	0.21408	0.133261	0.0676423	0.254788	gse268609_hippocampus_rna	human	0.515683	0.501018	0.422651	0.588735	0.17321	0.123955	0.0594821	0.195643	gse268609_hippocampus_rna|GSE268609|6|hippocampal_neuronal_ambiguous|human_other_or_ambiguous
human_projected_dentate_candidate	0.722368	0.819777	0.505343	0.950917	0.911579	0.480799	0.284277	1.70433	dentate_candidate	0.0714083	0.0619996	0	0.118304	0.560448	0.617885	0.239682	0.816968	GSE268609	0.30504	0.289844	0.268391	0.325258	0.679288	0.654842	0.617953	0.721035	0.118841	0.0602913	-0.131103	0.400863	human_dg_like_candidate	0.554789	0.544414	0.443601	0.651983	548	snRNA_multiome_RNA_selected_bridge	hippocampus_dentate_gyrus	6	HA	0.732422	0.756204	0.60849	0.846736	0.430312	0.397761	0.149987	0.692339	gse268609_hippocampus_rna	human	0.66986	0.701418	0.587826	0.766903	0.421642	0.403291	0.194632	0.626855	gse268609_hippocampus_rna|GSE268609|6|human_dg_like_candidate|human_projected_dentate_candidate
human_projected_dentate_candidate	0.833638	0.874423	0.786664	0.949313	0.540006	0.344109	0.24843	0.605743	dentate_candidate	0.0612435	0.0551308	0	0.103847	0.532849	0.581872	0.239682	0.780685	GSE268609	0.445854	0.425309	0.392872	0.480883	0.883986	0.879957	0.833019	0.937416	0.351137	0.308605	0.101969	0.620583	human_dg_like_high_confidence	0.50219	0.492597	0.4235	0.587306	153	snRNA_multiome_RNA_selected_bridge	hippocampus_dentate_gyrus	6	HA	0.794639	0.78729	0.735511	0.854916	0.52642	0.495279	0.345832	0.716482	gse268609_hippocampus_rna	human	0.710156	0.714551	0.678132	0.75468	0.463576	0.442946	0.338009	0.579444	gse268609_hippocampus_rna|GSE268609|6|human_dg_like_high_confidence|human_projected_dentate_candidate
human_projected_immature_neurogenic_candidate	0.846922	0.868253	0.750265	0.968035	0.481402	0.329277	0.251329	0.474936	dentate_candidate	0.0537815	0.0485468	0	0.0871611	0.507284	0.553412	0.239682	0.734017	GSE268609	0.421186	0.406288	0.350743	0.470195	0.845236	0.849744	0.765039	0.927435	0.337952	0.345023	0.113569	0.585784	immature_neurogenic_candidate	0.554723	0.542023	0.449994	0.640735	853	snRNA_multiome_RNA_selected_bridge	hippocampus_dentate_gyrus	6	HA	0.829923	0.827523	0.761187	0.896613	0.610874	0.626113	0.412463	0.821958	gse268609_hippocampus_rna	human	0.743856	0.746786	0.691303	0.802009	0.557599	0.556245	0.375236	0.739412	gse268609_hippocampus_rna|GSE268609|6|immature_neurogenic_candidate|human_projected_immature_neurogenic_candidate
human_broad_neuronal_structural_warning	0.785884	0.821136	0.625488	0.943936	0.489376	0.254252	0.165933	0.511388	broad_neuronal_structural_warning	0.0774779	0.0689645	0	0.126017	0.467009	0.452084	0.165348	0.668086	GSE268609	0.0986187	0.0941153	0	0.1704	0.418183	0.42227	0.16474	0.594767	-0.0488257	-0.000608458	-0.280955	0.178887	broad_neuronal_structural_warning	0.57078	0.572684	0.49068	0.655105	1525	snRNA_multiome_RNA_selected_bridge	hippocampus_dentate_gyrus	7	HA	0.733539	0.766739	0.647094	0.84889	0.702341	0.72011	0.556434	0.866748	gse268609_hippocampus_rna	human	0.696734	0.722615	0.614573	0.786508	0.694303	0.697597	0.543353	0.850624	gse268609_hippocampus_rna|GSE268609|7|broad_neuronal_structural_warning|human_broad_neuronal_structural_warning
human_other_or_ambiguous	0.26393	0.231974	0.14197	0.330158	1.71615	1.83813	1.2497	2.28023	other_or_ambiguous	0.0973871	0.0973059	0	0.164761	0.510126	0.554609	0.165348	0.813204	GSE268609	0.0837066	0	0	0.170103	0.366061	0.16474	0.16474	0.594159	-0.144064	-0.0401582	-0.483115	-0.000608458	hippocampal_neuronal_ambiguous	0.505813	0.511682	0.412056	0.609652	1081	snRNA_multiome_RNA_selected_bridge	hippocampus_dentate_gyrus	7	HA	0.369948	0.327823	0.301219	0.396035	0.245613	0.213569	0.111044	0.350776	gse268609_hippocampus_rna	human	0.379897	0.367445	0.327564	0.406263	0.218379	0.191664	0.0976574	0.296015	gse268609_hippocampus_rna|GSE268609|7|hippocampal_neuronal_ambiguous|human_other_or_ambiguous
human_projected_dentate_candidate	0.529357	0.409386	0.226104	0.843844	1.38043	1.63029	0.352951	2.15818	dentate_candidate	0.109716	0.101867	0.0356818	0.165022	0.565606	0.57408	0.360207	0.814116	GSE268609	0.370955	0.352729	0.316863	0.402062	0.869298	0.858838	0.825981	0.903864	0.303691	0.281412	0.0769699	0.491938	human_dg_like_candidate	0.598099	0.602519	0.508637	0.687016	433	snRNA_multiome_RNA_selected_bridge	hippocampus_dentate_gyrus	7	HA	0.510129	0.411146	0.304649	0.733313	0.406078	0.378461	0.125342	0.658047	gse268609_hippocampus_rna	human	0.545862	0.47488	0.395648	0.72323	0.474178	0.431092	0.264983	0.700639	gse268609_hippocampus_rna|GSE268609|7|human_dg_like_candidate|human_projected_dentate_candidate
human_projected_dentate_candidate	0.288867	0.285544	0.157473	0.360918	2.0956	2.15127	1.97186	2.30453	dentate_candidate	0.127162	0.131345	0.0542176	0.177175	0.621235	0.688622	0.407667	0.839747	GSE268609	0.487302	0.476769	0.454595	0.50032	0.959869	0.958777	0.944554	0.971631	0.338634	0.265287	0.105339	0.55826	human_dg_like_high_confidence	0.660969	0.665116	0.597891	0.759688	56	snRNA_multiome_RNA_selected_bridge	hippocampus_dentate_gyrus	7	HA	0.421426	0.393806	0.362943	0.452955	0.366321	0.346669	0.291603	0.43383	gse268609_hippocampus_rna	human	0.457087	0.44236	0.402997	0.498189	0.365183	0.373745	0.288485	0.459233	gse268609_hippocampus_rna|GSE268609|7|human_dg_like_high_confidence|human_projected_dentate_candidate
human_projected_immature_neurogenic_candidate	0.709453	0.767776	0.375522	0.948473	1.18949	1.1072	0.267736	2.10017	dentate_candidate	0.0947897	0.0915671	0.026783	0.146218	0.52432	0.533161	0.34104	0.746311	GSE268609	0.462402	0.447527	0.406062	0.501176	0.939585	0.938394	0.90683	0.972163	0.415265	0.403559	0.178734	0.604122	immature_neurogenic_candidate	0.64277	0.66345	0.54353	0.746501	192	snRNA_multiome_RNA_selected_bridge	hippocampus_dentate_gyrus	7	HA	0.632359	0.683176	0.461851	0.777222	0.578523	0.586401	0.442577	0.742546	gse268609_hippocampus_rna	human	0.661528	0.711281	0.519659	0.785143	0.642449	0.670064	0.477715	0.846745	gse268609_hippocampus_rna|GSE268609|7|immature_neurogenic_candidate|human_projected_immature_neurogenic_candidate
human_broad_neuronal_structural_warning	1.02594	1.01725	0.93427	1.10518	0.310929	0.266085	0.195817	0.339857	broad_neuronal_structural_warning	0.0583589	0.0473273	0	0.0922786	0.489954	0.482592	0.174547	0.698483	GSE268609	0.147185	0.164973	0.0908179	0.210234	0.31689	0.323453	0.207422	0.432016	-0.173065	-0.161374	-0.370501	0.0251117	broad_neuronal_structural_warning	0.563513	0.559855	0.499177	0.626236	1264	snRNA_multiome_RNA_selected_bridge	hippocampus_dentate_gyrus	8	HA	0.831192	0.828175	0.776341	0.87795	0.619921	0.623971	0.424782	0.810221	gse268609_hippocampus_rna	human	0.806882	0.79892	0.762329	0.839779	0.693124	0.705481	0.523112	0.864561	gse268609_hippocampus_rna|GSE268609|8|broad_neuronal_structural_warning|human_broad_neuronal_structural_warning
human_other_or_ambiguous	0.630442	0.697038	0.31994	0.890129	0.854716	0.393954	0.224263	1.58668	other_or_ambiguous	0.0534081	0	0	0.103717	0.437541	0.174547	0.174547	0.741473	GSE268609	0.0978047	0.0829974	0	0.193284	0.237463	0.199718	0.0705716	0.390732	-0.200078	-0.103976	-0.436838	-0.00776288	hippocampal_neuronal_ambiguous	0.465974	0.468772	0.378325	0.564369	1113	snRNA_multiome_RNA_selected_bridge	hippocampus_dentate_gyrus	8	HA	0.602075	0.607485	0.434918	0.754943	0.255548	0.168901	0.0872736	0.350741	gse268609_hippocampus_rna	human	0.566164	0.611195	0.411179	0.701346	0.221323	0.16749	0.0797459	0.280875	gse268609_hippocampus_rna|GSE268609|8|hippocampal_neuronal_ambiguous|human_other_or_ambiguous
human_projected_dentate_candidate	0.852026	0.923072	0.804624	1.02897	0.638849	0.298147	0.221098	0.820342	dentate_candidate	0.0775748	0.06342	0	0.120921	0.550634	0.570572	0.174547	0.811809	GSE268609	0.305248	0.291729	0.277501	0.314807	0.666816	0.642908	0.601153	0.698894	0.116182	0.100682	-0.132557	0.402141	human_dg_like_candidate	0.522866	0.529292	0.457125	0.589921	711	snRNA_multiome_RNA_selected_bridge	hippocampus_dentate_gyrus	8	HA	0.739203	0.79447	0.680051	0.856381	0.485487	0.486944	0.21689	0.740884	gse268609_hippocampus_rna	human	0.704699	0.753412	0.675395	0.799446	0.473813	0.473771	0.229593	0.709715	gse268609_hippocampus_rna|GSE268609|8|human_dg_like_candidate|human_projected_dentate_candidate
human_projected_dentate_candidate	0.952602	0.945443	0.878171	1.03195	0.504551	0.308978	0.239085	0.451328	dentate_candidate	0.0839908	0.0754814	0.0443736	0.116046	0.601276	0.6255	0.465655	0.792284	GSE268609	0.417421	0.407653	0.387238	0.444846	0.88865	0.888497	0.851329	0.932957	0.287374	0.238062	0.108916	0.45554	human_dg_like_high_confidence	0.512496	0.514984	0.448006	0.573442	103	snRNA_multiome_RNA_selected_bridge	hippocampus_dentate_gyrus	8	HA	0.806349	0.805384	0.763887	0.85084	0.544847	0.528111	0.382263	0.720889	gse268609_hippocampus_rna	human	0.757149	0.758818	0.723719	0.788708	0.512897	0.50294	0.34686	0.656199	gse268609_hippocampus_rna|GSE268609|8|human_dg_like_high_confidence|human_projected_dentate_candidate
human_projected_immature_neurogenic_candidate	0.946702	0.951226	0.870164	1.03517	0.355714	0.266265	0.205884	0.344885	dentate_candidate	0.0684054	0.0588141	0	0.109979	0.534229	0.547518	0.174547	0.768113	GSE268609	0.399593	0.384071	0.34295	0.434189	0.844829	0.845566	0.765173	0.925723	0.3106	0.287932	0.0779817	0.553399	immature_neurogenic_candidate	0.542586	0.539642	0.472173	0.604111	1060	snRNA_multiome_RNA_selected_bridge	hippocampus_dentate_gyrus	8	HA	0.827744	0.829266	0.777269	0.884172	0.619524	0.629028	0.426664	0.827864	gse268609_hippocampus_rna	human	0.772344	0.773726	0.732051	0.817061	0.579103	0.581863	0.377441	0.786991	gse268609_hippocampus_rna|GSE268609|8|immature_neurogenic_candidate|human_projected_immature_neurogenic_candidate
human_broad_neuronal_structural_warning	0.892522	0.891548	0.782047	1.02332	0.505323	0.327566	0.232109	0.519886	broad_neuronal_structural_warning	0.047824	0.0268544	0	0.0756089	0.446524	0.427511	0.200095	0.637555	GSE268609	0.139464	0.146433	0.0642346	0.215669	0.331427	0.329438	0.225916	0.455622	-0.115096	-0.108497	-0.307012	0.0780164	broad_neuronal_structural_warning	0.630327	0.609873	0.507486	0.71351	962	snRNA_multiome_RNA_selected_bridge	hippocampus_dentate_gyrus	9	MCI	0.814501	0.810382	0.749508	0.870389	0.628384	0.623026	0.456491	0.799195	gse268609_hippocampus_rna	human	0.779116	0.76343	0.709773	0.839348	0.669736	0.675932	0.477258	0.877685	gse268609_hippocampus_rna|GSE268609|9|broad_neuronal_structural_warning|human_broad_neuronal_structural_warning
human_other_or_ambiguous	0.329153	0.264171	0.147371	0.416915	1.6664	1.89932	1.14209	2.31855	other_or_ambiguous	0.0815702	0.047048	0	0.147125	0.526029	0.515161	0.200095	0.855812	GSE268609	0.0914759	0	0	0.185825	0.245024	0.0915982	0.0915982	0.398136	-0.281005	-0.108497	-0.64103	-0.108497	hippocampal_neuronal_ambiguous	0.559578	0.560537	0.442609	0.680098	875	snRNA_multiome_RNA_selected_bridge	hippocampus_dentate_gyrus	9	MCI	0.501533	0.444472	0.389692	0.570963	0.207528	0.161402	0.0813329	0.251263	gse268609_hippocampus_rna	human	0.463421	0.441232	0.377109	0.523357	0.187911	0.156349	0.0762792	0.243683	gse268609_hippocampus_rna|GSE268609|9|hippocampal_neuronal_ambiguous|human_other_or_ambiguous
human_projected_dentate_candidate	0.715093	0.806068	0.531226	0.894398	0.9783	0.518933	0.297438	1.73411	dentate_candidate	0.0724322	0.058637	0	0.117908	0.535624	0.567435	0.200095	0.773926	GSE268609	0.336469	0.323736	0.304886	0.349597	0.673762	0.654927	0.617735	0.704754	0.138138	0.103917	-0.0831491	0.41085	human_dg_like_candidate	0.585304	0.570244	0.486748	0.659691	472	snRNA_multiome_RNA_selected_bridge	hippocampus_dentate_gyrus	9	MCI	0.723749	0.776678	0.584079	0.854598	0.511625	0.526532	0.258923	0.75458	gse268609_hippocampus_rna	human	0.674716	0.720208	0.593484	0.774107	0.501862	0.51674	0.284428	0.715493	gse268609_hippocampus_rna|GSE268609|9|human_dg_like_candidate|human_projected_dentate_candidate
human_projected_dentate_candidate	0.7524	0.804928	0.689822	0.895853	0.894066	0.463989	0.30755	1.5037	dentate_candidate	0.0683802	0.0651134	0	0.103047	0.54204	0.595546	0.200095	0.723508	GSE268609	0.482424	0.456361	0.428648	0.502802	0.890209	0.880764	0.844125	0.931775	0.34817	0.289008	0.146241	0.652874	human_dg_like_high_confidence	0.550989	0.555564	0.460914	0.647861	82	snRNA_multiome_RNA_selected_bridge	hippocampus_dentate_gyrus	9	MCI	0.758232	0.76277	0.707003	0.813315	0.521089	0.48705	0.368841	0.631554	gse268609_hippocampus_rna	human	0.687207	0.702863	0.631387	0.74095	0.480128	0.457359	0.32091	0.593099	gse268609_hippocampus_rna|GSE268609|9|human_dg_like_high_confidence|human_projected_dentate_candidate
human_projected_immature_neurogenic_candidate	0.833817	0.848925	0.761772	0.931674	0.641116	0.383411	0.289792	0.903062	dentate_candidate	0.0620697	0.0514785	0	0.0996133	0.511493	0.536639	0.200095	0.715572	GSE268609	0.453195	0.435409	0.386854	0.500746	0.850656	0.852811	0.772426	0.92988	0.339163	0.32849	0.124605	0.560328	immature_neurogenic_candidate	0.611458	0.59643	0.513683	0.700448	775	snRNA_multiome_RNA_selected_bridge	hippocampus_dentate_gyrus	9	MCI	0.825611	0.826547	0.761052	0.897933	0.662182	0.676248	0.483418	0.85897	gse268609_hippocampus_rna	human	0.756962	0.756925	0.710524	0.807339	0.643281	0.651927	0.480259	0.816014	gse268609_hippocampus_rna|GSE268609|9|immature_neurogenic_candidate|human_projected_immature_neurogenic_candidate
human_non_neuronal_background	0.413381	0.411565	0.318703	0.504535	1.53863	1.53668	1.20448	1.72785	non_dentate_background	0.0221844	0	0	0	0.372468	0.283574	0.283574	0.283574	GSE325391	0.168439	0	0	0.300307	0.361169	0.0617769	0.0617769	0.682851	-0.0112993	-0.221798	-0.221798	0.278616	adult_dg_background_warning	0.39752	0.411143	0.201901	0.515705	61	single_nucleus_selected_bridge	dentate_gyrus	S1R1	SAD	0.625737	0.625443	0.489827	0.773669	0.188934	0.0747934	0.028719	0.214256	gse325391_adult_dg	human	0.478879	0.467656	0.415478	0.576515	0.0966705	0.0559917	0.0332645	0.133264	gse325391_adult_dg|GSE325391|S1R1|adult_dg_background_warning|human_non_neuronal_background
human_dentate_anchor	0.559564	0.560526	0.382514	0.734656	0.426295	0.392055	0.265963	0.60604	dentate_candidate	0.0233675	0	0	0	0.38528	0.283574	0.283574	0.283574	GSE325391	0.206347	0.202632	0	0.323134	0.427897	0.391942	0.0617769	0.735744	0.0426167	0.0155992	-0.221798	0.31374	adult_human_dg_differentiating_anchor	0.460127	0.455819	0.304366	0.609829	1221	single_nucleus_selected_bridge	dentate_gyrus	S1R1	SAD	0.789563	0.802722	0.639638	0.9356	0.38452	0.267562	0.0830579	0.680785	gse325391_adult_dg	human	0.603085	0.603678	0.499152	0.709005	0.248748	0.160124	0.0756198	0.329959	gse325391_adult_dg|GSE325391|S1R1|adult_human_dg_differentiating_anchor|human_dentate_anchor
human_dentate_anchor	0.895477	0.906612	0.807229	0.996132	0.239027	0.229254	0.169641	0.293794	dentate_candidate	0.0416109	0.0247959	0	0.070962	0.541695	0.591012	0.283574	0.775981	GSE325391	0.252696	0.249986	0.171407	0.330981	0.527264	0.541116	0.295764	0.754287	-0.0144311	-0.0316632	-0.227118	0.239437	adult_human_dg_mature_anchor	0.55074	0.552198	0.473704	0.628749	3558	single_nucleus_selected_bridge	dentate_gyrus	S1R1	SAD	0.89554	0.895626	0.827984	0.966492	0.545103	0.546384	0.33125	0.764205	gse325391_adult_dg	human	0.780586	0.78849	0.735278	0.834172	0.593278	0.605269	0.399483	0.800568	gse325391_adult_dg|GSE325391|S1R1|adult_human_dg_mature_anchor|human_dentate_anchor
human_non_neuronal_background	0.301631	0.301631	0.301631	0.301631	1.22816	1.22816	1.22816	1.22816	non_dentate_background	0	0	0	0	0.165904	0.165904	0.165904	0.165904	GSE325391	0.399977	0.399977	0.399977	0.399977	0.886346	0.886346	0.886346	0.886346	0.720442	0.720442	0.720442	0.720442	adult_dg_background_warning	0.759319	0.759319	0.759319	0.759319	1	single_nucleus_selected_bridge	dentate_gyrus	S1R2	SAD	0.915214	0.915214	0.915214	0.915214	0.637681	0.637681	0.637681	0.637681	gse325391_adult_dg	human	0.658722	0.658722	0.658722	0.658722	0.0793288	0.0793288	0.0793288	0.0793288	gse325391_adult_dg|GSE325391|S1R2|adult_dg_background_warning|human_non_neuronal_background
human_dentate_anchor	0.64664	0.65101	0.489977	0.826868	0.391892	0.325586	0.229413	0.516757	dentate_candidate	0.0345222	0	0	0.0761795	0.376701	0.165904	0.165904	0.737605	GSE325391	0.219843	0.197464	0.136498	0.311895	0.382993	0.260107	0.0980168	0.665523	0.00629186	-0.0450038	-0.152555	0.274218	adult_human_dg_differentiating_anchor	0.527708	0.5408	0.368382	0.670411	183	single_nucleus_selected_bridge	dentate_gyrus	S1R2	SAD	0.836637	0.837881	0.728699	0.96124	0.414696	0.303585	0.0625477	0.789474	gse325391_adult_dg	human	0.670328	0.662112	0.576478	0.785336	0.248623	0.0831426	0.0354691	0.43402	gse325391_adult_dg|GSE325391|S1R2|adult_human_dg_differentiating_anchor|human_dentate_anchor
human_dentate_anchor	0.920897	0.923826	0.848358	0.996902	0.276181	0.268597	0.222838	0.310549	dentate_candidate	0.0506041	0.040067	0	0.0790813	0.520761	0.527079	0.165904	0.752479	GSE325391	0.277232	0.270516	0.208105	0.344863	0.5191	0.519451	0.287185	0.759344	-0.00166092	-0.00953471	-0.265065	0.259344	adult_human_dg_mature_anchor	0.602298	0.600754	0.537225	0.66384	1127	single_nucleus_selected_bridge	dentate_gyrus	S1R2	SAD	0.890046	0.888668	0.833199	0.945163	0.514173	0.517162	0.281846	0.74714	gse325391_adult_dg	human	0.804414	0.802985	0.764754	0.842228	0.541635	0.543097	0.316934	0.76926	gse325391_adult_dg|GSE325391|S1R2|adult_human_dg_mature_anchor|human_dentate_anchor
human_non_neuronal_background	0.480189	0.493445	0.267357	0.681269	1.40564	1.35422	1.16623	1.67035	non_dentate_background	0.0466732	0	0	0.0650882	0.421166	0.229531	0.229531	0.6369	GSE325391	0.159074	0.0596641	0	0.287954	0.325717	0.0894394	0.0376075	0.602553	-0.0954493	-0.191923	-0.191923	0.232584	adult_dg_background_warning	0.489227	0.456509	0.34725	0.623173	26	single_nucleus_selected_bridge	dentate_gyrus	S1R3	SAD	0.628182	0.601045	0.454369	0.742792	0.130746	0.0249792	0.00791007	0.0887455	gse325391_adult_dg	human	0.532533	0.525878	0.452175	0.622612	0.0726745	0.0398279	0.0191507	0.078615	gse325391_adult_dg|GSE325391|S1R3|adult_dg_background_warning|human_non_neuronal_background
human_dentate_anchor	0.635972	0.641942	0.446617	0.810652	0.444182	0.394293	0.288685	0.606024	dentate_candidate	0.025537	0	0	0	0.352485	0.229531	0.229531	0.229531	GSE325391	0.230263	0.222063	0	0.351402	0.43905	0.394394	0.0376075	0.774355	0.0865649	0.0582848	-0.191923	0.440189	adult_human_dg_differentiating_anchor	0.510299	0.516687	0.331914	0.6773	595	single_nucleus_selected_bridge	dentate_gyrus	S1R3	SAD	0.860588	0.85496	0.732631	1.00527	0.427787	0.310297	0.0793783	0.812795	gse325391_adult_dg	human	0.668953	0.680853	0.562602	0.780124	0.231733	0.115182	0.0517624	0.310297	gse325391_adult_dg|GSE325391|S1R3|adult_human_dg_differentiating_anchor|human_dentate_anchor
human_dentate_anchor	0.997585	1.00506	0.918523	1.08922	0.276772	0.271317	0.216242	0.328406	dentate_candidate	0.0508768	0.0426937	0	0.0854181	0.530289	0.552456	0.229531	0.765959	GSE325391	0.263145	0.258998	0.182953	0.340174	0.513849	0.519706	0.274563	0.747363	-0.0164401	-0.0197058	-0.259714	0.238204	adult_human_dg_mature_anchor	0.589122	0.590933	0.51007	0.670624	2982	single_nucleus_selected_bridge	dentate_gyrus	S1R3	SAD	0.913461	0.913557	0.850165	0.979935	0.517796	0.519428	0.293228	0.745143	gse325391_adult_dg	human	0.833389	0.839207	0.788021	0.88221	0.557421	0.563836	0.342007	0.779004	gse325391_adult_dg|GSE325391|S1R3|adult_human_dg_mature_anchor|human_dentate_anchor
human_dentate_anchor	0.661454	0.664293	0.484459	0.86048	0.206358	0	0	0.406744	dentate_candidate	0.0355111	0	0	0	0.448095	0.339005	0.339005	0.339005	GSE325391	0.140735	0	0	0.257967	0.422963	0.180955	0.180955	0.668194	-0.0251319	-0.15805	-0.15805	0.280105	adult_human_dg_differentiating_anchor	0.359116	0.366773	0.204162	0.504017	599	single_nucleus_selected_bridge	dentate_gyrus	S1R4	SAD	0.698563	0.716611	0.542062	0.874895	0.384678	0.311518	0.114202	0.633835	gse325391_adult_dg	human	0.573044	0.587881	0.476136	0.68591	0.312121	0.238874	0.107657	0.463024	gse325391_adult_dg|GSE325391|S1R4|adult_human_dg_differentiating_anchor|human_dentate_anchor
human_dentate_anchor	0.901624	0.915706	0.783198	1.03609	0.266105	0.282282	0.212598	0.35522	dentate_candidate	0.0539114	0	0	0.108405	0.534005	0.339005	0.339005	0.776832	GSE325391	0.214657	0.205453	0.0847081	0.325794	0.55021	0.538613	0.365838	0.794503	0.0162045	0.0229058	-0.15805	0.249018	adult_human_dg_mature_anchor	0.476029	0.477792	0.375535	0.586078	929	single_nucleus_selected_bridge	dentate_gyrus	S1R4	SAD	0.846175	0.855032	0.747864	0.944886	0.574895	0.587696	0.370419	0.793194	gse325391_adult_dg	human	0.741276	0.744614	0.674338	0.813707	0.621678	0.644634	0.434555	0.823953	gse325391_adult_dg|GSE325391|S1R4|adult_human_dg_mature_anchor|human_dentate_anchor
human_non_neuronal_background	0.65749	0.65749	0.65749	0.65749	1.21762	1.21762	1.21762	1.21762	non_dentate_background	0	0	0	0	0.322826	0.322826	0.322826	0.322826	GSE325391	0.87024	0.87024	0.87024	0.87024	0.997826	0.997826	0.997826	0.997826	0.675	0.675	0.675	0.675	adult_dg_background_warning	0.382909	0.382909	0.382909	0.382909	1	single_nucleus_selected_bridge	dentate_gyrus	S1R5	SAD	0.650393	0.650393	0.650393	0.650393	0.143478	0.143478	0.143478	0.143478	gse325391_adult_dg	human	0.563597	0.563597	0.563597	0.563597	0.119565	0.119565	0.119565	0.119565	gse325391_adult_dg|GSE325391|S1R5|adult_dg_background_warning|human_non_neuronal_background
human_dentate_anchor	0.613896	0.612837	0.430686	0.802135	0.306436	0.299093	0	0.478614	dentate_candidate	0.0262079	0	0	0	0.407773	0.322826	0.322826	0.322826	GSE325391	0.149493	0.157585	0	0.238363	0.40538	0.421739	0.104348	0.66087	-0.0023935	-0.215217	-0.218478	0.296739	adult_human_dg_differentiating_anchor	0.415585	0.412982	0.222764	0.559983	99	single_nucleus_selected_bridge	dentate_gyrus	S1R5	SAD	0.707839	0.698646	0.514201	0.894447	0.36614	0.197826	0.0576087	0.657609	gse325391_adult_dg	human	0.579107	0.579006	0.466819	0.705871	0.241217	0.126087	0.0576087	0.328261	gse325391_adult_dg|GSE325391|S1R5|adult_human_dg_differentiating_anchor|human_dentate_anchor
human_dentate_anchor	0.932513	0.931616	0.843822	1.02972	0.279773	0.288383	0.215946	0.35542	dentate_candidate	0.0359562	0	0	0.0702005	0.527243	0.322826	0.322826	0.778804	GSE325391	0.20216	0.191988	0.120928	0.291485	0.526027	0.528261	0.295109	0.774457	-0.00121679	0.0228261	-0.218478	0.317391	adult_human_dg_mature_anchor	0.539372	0.540862	0.455478	0.620943	360	single_nucleus_selected_bridge	dentate_gyrus	S1R5	SAD	0.847589	0.843554	0.766924	0.939259	0.539191	0.538043	0.319022	0.763587	gse325391_adult_dg	human	0.773158	0.780131	0.722797	0.83268	0.573611	0.579348	0.369022	0.7875	gse325391_adult_dg|GSE325391|S1R5|adult_human_dg_mature_anchor|human_dentate_anchor
human_non_neuronal_background	0.866719	0.866719	0.866719	0.866719	0.950379	0.950379	0.950379	0.950379	non_dentate_background	0	0	0	0	0.314865	0.314865	0.314865	0.314865	GSE325391	0.515555	0.515555	0.515555	0.515555	0.971908	0.971908	0.971908	0.971908	0.657043	0.657043	0.657043	0.657043	adult_dg_background_warning	0.427872	0.427872	0.427872	0.427872	1	single_nucleus_selected_bridge	dentate_gyrus	S1R5stored	CTRL	0.62309	0.62309	0.62309	0.62309	0.205228	0.205228	0.205228	0.205228	gse325391_adult_dg	human	0.639227	0.639227	0.639227	0.639227	0.379243	0.379243	0.379243	0.379243	gse325391_adult_dg|GSE325391|S1R5stored|adult_dg_background_warning|human_non_neuronal_background
human_dentate_anchor	0.667133	0.6805	0.496157	0.84432	0.22812	0.289082	0	0.417498	dentate_candidate	0.0387841	0	0	0	0.435905	0.314865	0.314865	0.314865	GSE325391	0.117206	0	0	0.230897	0.409805	0.188451	0.188451	0.688646	-0.0260997	-0.126414	-0.126414	0.323547	adult_human_dg_differentiating_anchor	0.324344	0.320923	0.182984	0.452603	911	single_nucleus_selected_bridge	dentate_gyrus	S1R5stored	CTRL	0.648615	0.676038	0.505537	0.792967	0.361318	0.285993	0.102809	0.580375	gse325391_adult_dg	human	0.546697	0.556853	0.449177	0.653118	0.283753	0.212251	0.0938353	0.41748	gse325391_adult_dg|GSE325391|S1R5stored|adult_human_dg_differentiating_anchor|human_dentate_anchor
human_dentate_anchor	0.92116	0.927518	0.813598	1.03861	0.291731	0.303353	0.232546	0.376534	dentate_candidate	0.0630195	0	0	0.119737	0.535782	0.314865	0.314865	0.76668	GSE325391	0.186431	0.171792	0.073668	0.280941	0.549786	0.544674	0.378268	0.782091	0.0140035	-0.00819352	-0.200546	0.256925	adult_human_dg_mature_anchor	0.438366	0.437332	0.342758	0.539247	1651	single_nucleus_selected_bridge	dentate_gyrus	S1R5stored	CTRL	0.792371	0.797558	0.717527	0.876958	0.577004	0.591885	0.370854	0.794577	gse325391_adult_dg	human	0.717299	0.724404	0.661909	0.781241	0.619698	0.641436	0.437183	0.8254	gse325391_adult_dg|GSE325391|S1R5stored|adult_human_dg_mature_anchor|human_dentate_anchor
human_non_neuronal_background	0.245552	0.218788	0.149503	0.305469	1.1246	1.16294	1.01209	1.21312	non_dentate_background	0.0395757	0	0	0	0.440997	0.332318	0.332318	0.332318	GSE325391	0.100238	0	0	0.224632	0.338282	0.134374	0.134374	0.59174	-0.102715	-0.197944	-0.197944	0.259421	adult_dg_background_warning	0.389541	0.428009	0.321047	0.551003	6	single_nucleus_selected_bridge	dentate_gyrus	S1R6	RES	0.481771	0.345482	0.205977	0.712197	0.20873	0.0222687	0.00904073	0.251332	gse325391_adult_dg	human	0.372288	0.37995	0.317416	0.44826	0.0452354	0.0283593	0.0164636	0.0525314	gse325391_adult_dg|GSE325391|S1R6|adult_dg_background_warning|human_non_neuronal_background
human_dentate_anchor	0.581007	0.584997	0.409686	0.764686	0.254293	0.315718	0	0.45697	dentate_candidate	0.0301152	0	0	0	0.428573	0.332318	0.332318	0.332318	GSE325391	0.132952	0	0	0.25209	0.385217	0.134374	0.134374	0.647411	-0.0433559	-0.197944	-0.197944	0.284355	adult_human_dg_differentiating_anchor	0.368038	0.368898	0.209935	0.518025	480	single_nucleus_selected_bridge	dentate_gyrus	S1R6	RES	0.711392	0.734945	0.57617	0.879024	0.323235	0.207842	0.0608108	0.559954	gse325391_adult_dg	human	0.553479	0.560892	0.452388	0.665148	0.206952	0.119338	0.0520556	0.280738	gse325391_adult_dg|GSE325391|S1R6|adult_human_dg_differentiating_anchor|human_dentate_anchor
human_dentate_anchor	0.88033	0.888466	0.779955	0.991993	0.267459	0.282893	0.210245	0.352155	dentate_candidate	0.0449759	0	0	0.090592	0.516412	0.332318	0.332318	0.766654	GSE325391	0.209337	0.195984	0.111985	0.310231	0.52642	0.520746	0.308717	0.766273	0.010008	0.0201751	-0.197944	0.261515	adult_human_dg_mature_anchor	0.512417	0.513444	0.407211	0.619125	2141	single_nucleus_selected_bridge	dentate_gyrus	S1R6	RES	0.87392	0.875716	0.791819	0.961738	0.540679	0.545489	0.320898	0.767796	gse325391_adult_dg	human	0.755556	0.762704	0.694835	0.823839	0.567208	0.575561	0.352113	0.789494	gse325391_adult_dg|GSE325391|S1R6|adult_human_dg_mature_anchor|human_dentate_anchor
human_non_neuronal_background	0.572538	0.634064	0.497721	0.678118	1.41054	1.46042	1.37873	1.46728	non_dentate_background	0.032928	0	0	0.049392	0.31097	0.106329	0.106329	0.413291	GSE325391	0.198561	0	0	0.297841	0.335021	0.0107595	0.0107595	0.497152	0.0240506	-0.0955696	-0.402532	0.390823	adult_dg_background_warning	0.637989	0.676232	0.594964	0.700135	3	single_nucleus_selected_bridge	dentate_gyrus	S2R2	MAD	0.903574	0.936811	0.868232	0.955534	0.585654	0.721519	0.462025	0.777215	gse325391_adult_dg	human	0.7047	0.719252	0.667848	0.748829	0.158228	0.132911	0.093038	0.210759	gse325391_adult_dg|GSE325391|S2R2|adult_dg_background_warning|human_non_neuronal_background
human_dentate_anchor	0.700377	0.70018	0.560548	0.872729	0.386051	0.32174	0.220274	0.425686	dentate_candidate	0.05591	0	0	0.0941542	0.383103	0.106329	0.106329	0.691456	GSE325391	0.274386	0.264625	0.156251	0.366874	0.410055	0.338608	0.100316	0.680063	0.0269515	0.00126582	-0.188608	0.252215	adult_human_dg_differentiating_anchor	0.558492	0.544846	0.450368	0.676018	132	single_nucleus_selected_bridge	dentate_gyrus	S2R2	MAD	0.85695	0.866453	0.772325	0.967225	0.480054	0.426582	0.142405	0.816456	gse325391_adult_dg	human	0.705273	0.708057	0.618972	0.781451	0.252167	0.11962	0.0566456	0.305696	gse325391_adult_dg|GSE325391|S2R2|adult_human_dg_differentiating_anchor|human_dentate_anchor
human_dentate_anchor	0.98275	0.990869	0.907477	1.05795	0.267097	0.261909	0.214731	0.305468	dentate_candidate	0.0713616	0.0628339	0.030659	0.104925	0.525187	0.521519	0.305696	0.756329	GSE325391	0.318919	0.318	0.244815	0.38666	0.519645	0.525316	0.282911	0.756329	-0.0055416	-0.00759494	-0.270886	0.260127	adult_human_dg_mature_anchor	0.621632	0.615153	0.551236	0.689774	655	single_nucleus_selected_bridge	dentate_gyrus	S2R2	MAD	0.878391	0.883096	0.826495	0.941603	0.504391	0.503797	0.277848	0.736076	gse325391_adult_dg	human	0.827591	0.835564	0.789795	0.872547	0.552274	0.555696	0.340506	0.775316	gse325391_adult_dg|GSE325391|S2R2|adult_human_dg_mature_anchor|human_dentate_anchor
human_non_neuronal_background	0.464934	0.398781	0.313829	0.644789	1.54567	1.54877	1.41005	1.68738	non_dentate_background	0.0362419	0	0	0	0.341968	0.185076	0.185076	0.185076	GSE325391	0.205841	0.200514	0	0.351693	0.315594	0.174363	0.0206871	0.588936	-0.0263745	-0.0343554	-0.164389	0.227096	adult_dg_background_warning	0.461696	0.464281	0.31553	0.611334	24	single_nucleus_selected_bridge	dentate_gyrus	S2R3	CTRL	0.790233	0.823377	0.706559	0.921441	0.237471	0.109161	0.0353713	0.371629	gse325391_adult_dg	human	0.572287	0.577328	0.501084	0.681439	0.0815632	0.0491319	0.0256742	0.0990026	gse325391_adult_dg|GSE325391|S2R3|adult_dg_background_warning|human_non_neuronal_background
human_dentate_anchor	0.593046	0.611825	0.419192	0.764819	0.534051	0.48343	0.352747	0.709782	dentate_candidate	0.0404867	0	0	0.0648784	0.373325	0.185076	0.185076	0.621537	GSE325391	0.270766	0.247088	0.156581	0.400995	0.408076	0.301071	0.0958626	0.727743	0.0347512	-0.00960473	-0.164389	0.336904	adult_human_dg_differentiating_anchor	0.552811	0.545069	0.393658	0.718014	427	single_nucleus_selected_bridge	dentate_gyrus	S2R3	CTRL	0.905346	0.913155	0.778654	1.0322	0.422856	0.335427	0.063539	0.767824	gse325391_adult_dg	human	0.683734	0.684086	0.568807	0.788177	0.238238	0.10085	0.0456225	0.285002	gse325391_adult_dg|GSE325391|S2R3|adult_human_dg_differentiating_anchor|human_dentate_anchor
human_dentate_anchor	0.948897	0.953713	0.872685	1.03073	0.323282	0.313457	0.255218	0.37245	dentate_candidate	0.059523	0.0509081	0	0.0942777	0.525879	0.537311	0.185076	0.759605	GSE325391	0.328435	0.329152	0.243969	0.41039	0.519582	0.524381	0.292113	0.752586	-0.00629688	0.00258589	-0.259143	0.25314	adult_human_dg_mature_anchor	0.609594	0.607984	0.525697	0.689461	2256	single_nucleus_selected_bridge	dentate_gyrus	S2R3	CTRL	0.963892	0.961988	0.90105	1.02556	0.517616	0.518101	0.289527	0.749261	gse325391_adult_dg	human	0.840794	0.843162	0.800173	0.886015	0.554218	0.558737	0.339028	0.776228	gse325391_adult_dg|GSE325391|S2R3|adult_human_dg_mature_anchor|human_dentate_anchor
human_non_neuronal_background	0.513926	0.423226	0.326941	0.646918	1.77286	1.79406	1.31866	2.12387	non_dentate_background	0.0266258	0	0	0	0.285705	0.192442	0.192442	0.192442	GSE325391	0.147325	0	0	0.264923	0.281532	0.0389535	0.0389535	0.462791	-0.00417237	-0.153488	-0.153488	0.270349	adult_dg_background_warning	0.38048	0.421486	0.188403	0.504448	17	single_nucleus_selected_bridge	dentate_gyrus	S2R4	MAD	0.828829	0.772931	0.638065	1.00341	0.314159	0.0918605	0.0383721	0.656977	gse325391_adult_dg	human	0.574412	0.545006	0.494547	0.64795	0.096238	0.0517442	0.0331395	0.10407	gse325391_adult_dg|GSE325391|S2R4|adult_dg_background_warning|human_non_neuronal_background
human_dentate_anchor	0.641604	0.637341	0.433259	0.845053	0.466587	0.39101	0.265236	0.605494	dentate_candidate	0.0275332	0	0	0	0.313768	0.192442	0.192442	0.192442	GSE325391	0.235951	0.219212	0	0.354188	0.415927	0.337209	0.0389535	0.731395	0.10216	0.0593023	-0.153488	0.37936	adult_human_dg_differentiating_anchor	0.524601	0.516214	0.352158	0.691657	347	single_nucleus_selected_bridge	dentate_gyrus	S2R4	MAD	0.90068	0.912569	0.736541	1.07961	0.444618	0.364535	0.0709302	0.850291	gse325391_adult_dg	human	0.688962	0.688843	0.567078	0.814493	0.251902	0.130233	0.0622093	0.338081	gse325391_adult_dg|GSE325391|S2R4|adult_human_dg_differentiating_anchor|human_dentate_anchor
human_dentate_anchor	1.03234	1.04201	0.95709	1.12831	0.265382	0.256967	0.202759	0.313743	dentate_candidate	0.0646863	0.0554447	0	0.101366	0.550712	0.568023	0.192442	0.77689	GSE325391	0.285	0.286942	0.204669	0.364745	0.524622	0.534012	0.294913	0.754215	-0.0260903	-0.0281977	-0.265116	0.226453	adult_human_dg_mature_anchor	0.605943	0.611674	0.522686	0.691065	1356	single_nucleus_selected_bridge	dentate_gyrus	S2R4	MAD	0.960589	0.96075	0.890272	1.02934	0.516871	0.517733	0.29811	0.736773	gse325391_adult_dg	human	0.866291	0.873523	0.82093	0.919487	0.568919	0.573547	0.361483	0.783285	gse325391_adult_dg|GSE325391|S2R4|adult_human_dg_mature_anchor|human_dentate_anchor
human_non_neuronal_background	0.500553	0.475152	0.310074	0.625966	1.42371	1.36608	1.1318	1.55201	non_dentate_background	0.0146719	0	0	0	0.334565	0.272889	0.272889	0.272889	GSE325391	0.172496	0.12343	0	0.281942	0.381921	0.227111	0.068371	0.68371	0.0473556	-0.204518	-0.204518	0.2717	adult_dg_background_warning	0.439397	0.398409	0.337405	0.565572	23	single_nucleus_selected_bridge	dentate_gyrus	S2R5	MAD	0.706091	0.673718	0.636407	0.770081	0.185804	0.111772	0.0790725	0.20868	gse325391_adult_dg	human	0.548681	0.529889	0.437023	0.672512	0.166417	0.122473	0.0588585	0.255648	gse325391_adult_dg|GSE325391|S2R5|adult_dg_background_warning|human_non_neuronal_background
human_dentate_anchor	0.485048	0.453063	0.298736	0.638664	0.478379	0.424977	0.289424	0.637472	dentate_candidate	0.0168151	0	0	0	0.36006	0.272889	0.272889	0.272889	GSE325391	0.22028	0.206268	0	0.325588	0.467486	0.45541	0.068371	0.782105	0.107427	0.0725327	-0.204518	0.404578	adult_human_dg_differentiating_anchor	0.522367	0.513501	0.323204	0.728604	266	single_nucleus_selected_bridge	dentate_gyrus	S2R5	MAD	0.850241	0.871138	0.673067	1.00597	0.461257	0.428062	0.110583	0.800535	gse325391_adult_dg	human	0.619219	0.628917	0.488838	0.742108	0.274816	0.209275	0.0906659	0.355232	gse325391_adult_dg|GSE325391|S2R5|adult_human_dg_differentiating_anchor|human_dentate_anchor
human_dentate_anchor	0.950927	0.974566	0.867515	1.07693	0.274459	0.256634	0.200046	0.324393	dentate_candidate	0.0371109	0.027686	0	0.0594625	0.575234	0.62604	0.272889	0.799346	GSE325391	0.236747	0.226539	0.1567	0.303457	0.521494	0.520214	0.296968	0.74346	-0.0537404	-0.0665874	-0.294293	0.181629	adult_human_dg_mature_anchor	0.640888	0.642456	0.566233	0.730364	552	single_nucleus_selected_bridge	dentate_gyrus	S2R5	MAD	0.903935	0.90327	0.830161	0.981266	0.532667	0.528537	0.328775	0.743757	gse325391_adult_dg	human	0.831917	0.841778	0.785207	0.900437	0.623318	0.634364	0.450059	0.818371	gse325391_adult_dg|GSE325391|S2R5|adult_human_dg_mature_anchor|human_dentate_anchor
human_non_neuronal_background	0.402709	0.422594	0.315907	0.518331	1.46068	1.41899	1.2728	1.6424	non_dentate_background	0.0460302	0	0	0	0.411841	0.254286	0.254286	0.254286	GSE325391	0.17627	0	0	0.354718	0.397473	0.102143	0.102143	0.844286	-0.0143681	-0.152143	-0.152143	0.59	adult_dg_background_warning	0.275792	0.296816	0	0.408745	13	single_nucleus_selected_bridge	dentate_gyrus	S2R5stored	SAD	0.498922	0.563307	0.446151	0.657331	0.0820192	0.0628571	0.0285714	0.117143	gse325391_adult_dg	human	0.392475	0.362586	0.283585	0.545182	0.0638187	0.025	0.0117857	0.114286	gse325391_adult_dg|GSE325391|S2R5stored|adult_dg_background_warning|human_non_neuronal_background
human_dentate_anchor	0.612103	0.627022	0.422434	0.808396	0.272989	0.308278	0	0.42798	dentate_candidate	0.0329973	0	0	0	0.384592	0.254286	0.254286	0.254286	GSE325391	0.151547	0.1404	0	0.259668	0.38257	0.299821	0.102143	0.623036	-0.0020218	-0.152143	-0.152143	0.290536	adult_human_dg_differentiating_anchor	0.376933	0.374401	0.205591	0.520894	711	single_nucleus_selected_bridge	dentate_gyrus	S2R5stored	SAD	0.732123	0.738474	0.603438	0.891804	0.33139	0.213571	0.0803571	0.563571	gse325391_adult_dg	human	0.57372	0.5804	0.471424	0.687815	0.241608	0.149643	0.0673214	0.337321	gse325391_adult_dg|GSE325391|S2R5stored|adult_human_dg_differentiating_anchor|human_dentate_anchor
human_dentate_anchor	0.865515	0.865929	0.767976	0.959363	0.253206	0.259072	0.197228	0.313808	dentate_candidate	0.0583742	0.0511397	0	0.0993061	0.540319	0.576964	0.254286	0.768036	GSE325391	0.231386	0.232209	0.148288	0.318753	0.541101	0.549821	0.316696	0.772232	0.000782411	0.00589286	-0.216518	0.24125	adult_human_dg_mature_anchor	0.515793	0.519448	0.433895	0.60357	2076	single_nucleus_selected_bridge	dentate_gyrus	S2R5stored	SAD	0.888113	0.892737	0.809013	0.967408	0.560605	0.566429	0.354196	0.775089	gse325391_adult_dg	human	0.756473	0.761199	0.706118	0.811071	0.591468	0.599464	0.388839	0.802232	gse325391_adult_dg|GSE325391|S2R5stored|adult_human_dg_mature_anchor|human_dentate_anchor
human_non_neuronal_background	0.446684	0.42437	0.269373	0.611061	1.38058	1.28846	1.08663	1.57637	non_dentate_background	0.0263217	0	0	0	0.376167	0.294987	0.294987	0.294987	GSE325391	0.152923	0	0	0.291467	0.369467	0.105604	0.105604	0.66403	-0.00670001	-0.189382	-0.189382	0.347193	adult_dg_background_warning	0.381766	0.397546	0.199335	0.538776	172	single_nucleus_selected_bridge	dentate_gyrus	S2R6	MAD	0.64122	0.649754	0.490208	0.799674	0.23027	0.126954	0.0481796	0.317432	gse325391_adult_dg	human	0.48989	0.483729	0.378507	0.588425	0.157454	0.116565	0.0473694	0.219453	gse325391_adult_dg|GSE325391|S2R6|adult_dg_background_warning|human_non_neuronal_background
human_dentate_anchor	0.513183	0.497393	0.321777	0.688255	0.485078	0.445532	0.324799	0.674803	dentate_candidate	0.0286888	0	0	0	0.393392	0.294987	0.294987	0.294987	GSE325391	0.171272	0.179813	0	0.28573	0.400296	0.369234	0.105604	0.649447	0.00690384	-0.189382	-0.189382	0.30995	adult_human_dg_differentiating_anchor	0.390537	0.387196	0.2038	0.546879	1533	single_nucleus_selected_bridge	dentate_gyrus	S2R6	MAD	0.755526	0.7628	0.602599	0.909	0.368408	0.248761	0.09817	0.608082	gse325391_adult_dg	human	0.553082	0.551851	0.451551	0.661953	0.2358	0.180328	0.0876859	0.311666	gse325391_adult_dg|GSE325391|S2R6|adult_human_dg_differentiating_anchor|human_dentate_anchor
human_dentate_anchor	0.929688	0.939069	0.838349	1.03295	0.278714	0.266052	0.201308	0.337763	dentate_candidate	0.0564525	0.0433771	0	0.0985098	0.55231	0.612848	0.294987	0.784026	GSE325391	0.252644	0.250242	0.157907	0.344121	0.549646	0.544987	0.329966	0.782882	-0.00266342	0.00409836	-0.213305	0.220454	adult_human_dg_mature_anchor	0.501959	0.504441	0.414369	0.590295	3541	single_nucleus_selected_bridge	dentate_gyrus	S2R6	MAD	0.893266	0.898956	0.819975	0.969917	0.570213	0.580442	0.369424	0.778498	gse325391_adult_dg	human	0.774971	0.78189	0.728325	0.830931	0.631159	0.642775	0.455013	0.823294	gse325391_adult_dg|GSE325391|S2R6|adult_human_dg_mature_anchor|human_dentate_anchor
human_non_neuronal_background	0.329648	0.329648	0.329648	0.329648	1.14968	1.14968	1.14968	1.14968	non_dentate_background	0	0	0	0	0.230361	0.230361	0.230361	0.230361	GSE325391	0.151106	0.151106	0.151106	0.151106	0.333333	0.333333	0.333333	0.333333	0.102972	0.102972	0.102972	0.102972	adult_dg_background_warning	0.423324	0.423324	0.423324	0.423324	1	single_nucleus_selected_bridge	dentate_gyrus	S3R2	RES	0.702298	0.702298	0.702298	0.702298	0.101911	0.101911	0.101911	0.101911	gse325391_adult_dg	human	0.48509	0.48509	0.48509	0.48509	0.0254777	0.0254777	0.0254777	0.0254777	gse325391_adult_dg|GSE325391|S3R2|adult_dg_background_warning|human_non_neuronal_background
human_dentate_anchor	0.687296	0.693531	0.54321	0.871516	0.347334	0.351461	0.136855	0.482767	dentate_candidate	0.0276835	0	0	0	0.357993	0.230361	0.230361	0.230361	GSE325391	0.160309	0.142785	0	0.288504	0.400413	0.312102	0.0753715	0.740446	0.0424198	-0.089172	-0.154989	0.3612	adult_human_dg_differentiating_anchor	0.527498	0.542533	0.392031	0.63834	74	single_nucleus_selected_bridge	dentate_gyrus	S3R2	RES	0.78115	0.780665	0.661104	0.910737	0.336489	0.219745	0.0631635	0.632166	gse325391_adult_dg	human	0.665315	0.680266	0.54899	0.779124	0.23673	0.140127	0.0456476	0.328025	gse325391_adult_dg|GSE325391|S3R2|adult_human_dg_differentiating_anchor|human_dentate_anchor
human_dentate_anchor	0.98883	1.00896	0.89864	1.09249	0.295357	0.291207	0.222463	0.369367	dentate_candidate	0.0626878	0.0499449	0	0.101347	0.52848	0.548832	0.230361	0.764862	GSE325391	0.219814	0.207848	0.134128	0.296717	0.520293	0.516985	0.288217	0.754246	-0.00818697	0.00212314	-0.276539	0.243365	adult_human_dg_mature_anchor	0.605835	0.603596	0.531016	0.68869	396	single_nucleus_selected_bridge	dentate_gyrus	S3R2	RES	0.878581	0.882573	0.816389	0.948207	0.532823	0.536093	0.309448	0.769108	gse325391_adult_dg	human	0.824415	0.836772	0.780759	0.879474	0.551658	0.561571	0.332272	0.775478	gse325391_adult_dg|GSE325391|S3R2|adult_human_dg_mature_anchor|human_dentate_anchor
human_non_neuronal_background	0.533369	0.565059	0.362713	0.653451	1.40559	1.21616	1.16552	1.52613	non_dentate_background	0.0435459	0	0	0.0417477	0.423854	0.242992	0.242992	0.422338	GSE325391	0.125125	0	0	0.246819	0.194137	0.0239892	0.0239892	0.274191	-0.229717	-0.219003	-0.398349	0.0311995	adult_dg_background_warning	0.441147	0.348367	0.322163	0.458507	8	single_nucleus_selected_bridge	dentate_gyrus	S3R4	RES	0.697514	0.752601	0.602176	0.835853	0.0465296	0.0292453	0.0126011	0.0631402	gse325391_adult_dg	human	0.557344	0.569903	0.491645	0.622682	0.030593	0.0301887	0.0154313	0.0440027	gse325391_adult_dg|GSE325391|S3R4|adult_dg_background_warning|human_non_neuronal_background
human_dentate_anchor	0.69601	0.737026	0.552733	0.860689	0.392576	0.369818	0.283295	0.488734	dentate_candidate	0.0357664	0	0	0.0681419	0.417638	0.242992	0.242992	0.682749	GSE325391	0.295264	0.299673	0.177951	0.424103	0.43353	0.395957	0.144744	0.714555	0.0158924	-0.0103774	-0.219003	0.311186	adult_human_dg_differentiating_anchor	0.591445	0.603301	0.456851	0.752467	793	single_nucleus_selected_bridge	dentate_gyrus	S3R4	RES	1.03204	1.06883	0.91468	1.17837	0.476648	0.476819	0.129111	0.803504	gse325391_adult_dg	human	0.773165	0.805517	0.68147	0.890731	0.357839	0.269811	0.0725067	0.626146	gse325391_adult_dg|GSE325391|S3R4|adult_human_dg_differentiating_anchor|human_dentate_anchor
human_dentate_anchor	0.900568	0.904168	0.818711	0.987234	0.333183	0.322724	0.257972	0.391293	dentate_candidate	0.0500342	0.042572	0	0.0821835	0.522833	0.544744	0.242992	0.758086	GSE325391	0.348116	0.350168	0.25161	0.444169	0.519133	0.522642	0.284636	0.75876	-0.00370057	-0.00134771	-0.231671	0.246226	adult_human_dg_mature_anchor	0.636213	0.641007	0.539282	0.737434	2909	single_nucleus_selected_bridge	dentate_gyrus	S3R4	RES	1.0719	1.07796	0.997134	1.15336	0.507785	0.506469	0.279515	0.738275	gse325391_adult_dg	human	0.869559	0.874199	0.819013	0.9271	0.540216	0.544474	0.315903	0.769272	gse325391_adult_dg|GSE325391|S3R4|adult_human_dg_mature_anchor|human_dentate_anchor
human_non_neuronal_background	0.451927	0.448003	0.291094	0.521752	1.45224	1.42155	1.12516	1.66319	non_dentate_background	0	0	0	0	0.146714	0.146714	0.146714	0.146714	GSE325391	0.296455	0.255598	0.236713	0.273345	0.483275	0.450117	0.389085	0.51159	0.336561	0.303404	0.242371	0.364877	adult_dg_background_warning	0.610298	0.601299	0.46141	0.729589	6	single_nucleus_selected_bridge	dentate_gyrus	S3R5	RES	0.630808	0.644764	0.528771	0.711732	0.142606	0.0516432	0.0214202	0.0792254	gse325391_adult_dg	human	0.564344	0.570615	0.518985	0.624082	0.0719875	0.0622066	0.0399061	0.0889085	gse325391_adult_dg|GSE325391|S3R5|adult_dg_background_warning|human_non_neuronal_background
human_dentate_anchor	0.605542	0.624653	0.412291	0.803185	0.46898	0.386996	0.290063	0.626645	dentate_candidate	0.0366312	0	0	0.0425205	0.321894	0.146714	0.146714	0.460387	GSE325391	0.274039	0.274208	0.163964	0.389233	0.497124	0.514085	0.164613	0.854167	0.17523	0.193075	-0.127347	0.602406	adult_human_dg_differentiating_anchor	0.488175	0.495092	0.32394	0.665666	130	single_nucleus_selected_bridge	dentate_gyrus	S3R5	RES	0.806613	0.817448	0.669722	0.964048	0.356004	0.191901	0.0507629	0.72858	gse325391_adult_dg	human	0.633443	0.62239	0.53099	0.720909	0.173185	0.0874413	0.0448944	0.147007	gse325391_adult_dg|GSE325391|S3R5|adult_human_dg_differentiating_anchor|human_dentate_anchor
human_dentate_anchor	1.03776	1.04544	0.965105	1.11265	0.255977	0.253846	0.202666	0.304656	dentate_candidate	0.0668837	0.0574565	0.0214135	0.107109	0.535996	0.545188	0.329519	0.764378	GSE325391	0.272505	0.270051	0.203012	0.339165	0.501361	0.500587	0.264965	0.735035	-0.0346359	-0.0357981	-0.259977	0.19865	adult_human_dg_mature_anchor	0.610558	0.604355	0.540169	0.679941	716	single_nucleus_selected_bridge	dentate_gyrus	S3R5	RES	0.913506	0.915986	0.852002	0.969792	0.529838	0.52993	0.306045	0.756455	gse325391_adult_dg	human	0.853941	0.856192	0.81912	0.897704	0.563623	0.566315	0.348298	0.779636	gse325391_adult_dg|GSE325391|S3R5|adult_human_dg_mature_anchor|human_dentate_anchor
human_non_neuronal_background	0.695136	0.695136	0.659944	0.730327	1.277	1.277	1.20408	1.34992	non_dentate_background	0.0557626	0.0557626	0.0278813	0.0836439	0.46946	0.46946	0.29794	0.64098	GSE325391	0.230021	0.230021	0.11501	0.345031	0.448153	0.448153	0.230469	0.665838	-0.0213068	-0.0213068	-0.0674716	0.024858	adult_dg_background_warning	0.62625	0.62625	0.624809	0.62769	2	single_nucleus_selected_bridge	dentate_gyrus	S4R2	CTRL	0.861832	0.861832	0.812628	0.911037	0.640625	0.640625	0.495028	0.786222	gse325391_adult_dg	human	0.727739	0.727739	0.699127	0.756352	0.413352	0.413352	0.297585	0.529119	gse325391_adult_dg|GSE325391|S4R2|adult_dg_background_warning|human_non_neuronal_background
human_dentate_anchor	0.59106	0.561186	0.43008	0.778091	0.476673	0.412384	0.296381	0.588951	dentate_candidate	0.0481326	0	0	0.0871131	0.383135	0.12642	0.12642	0.68892	GSE325391	0.271938	0.249722	0.143065	0.36081	0.37735	0.264205	0.0738636	0.646307	-0.00578512	-0.0298295	-0.232955	0.291903	adult_human_dg_differentiating_anchor	0.585191	0.593153	0.420182	0.727938	55	single_nucleus_selected_bridge	dentate_gyrus	S4R2	CTRL	0.814982	0.815009	0.672285	0.949699	0.513017	0.568182	0.0838068	0.900568	gse325391_adult_dg	human	0.663745	0.661873	0.567469	0.774272	0.314514	0.161932	0.0454545	0.590909	gse325391_adult_dg|GSE325391|S4R2|adult_human_dg_differentiating_anchor|human_dentate_anchor
human_dentate_anchor	0.935648	0.940651	0.865682	1.01841	0.276134	0.263022	0.220648	0.313563	dentate_candidate	0.065026	0.0579168	0.0227623	0.0990971	0.52369	0.519886	0.308239	0.757102	GSE325391	0.332266	0.32932	0.261833	0.40332	0.524913	0.522727	0.299716	0.759943	0.00122304	0.0170455	-0.278409	0.269886	adult_human_dg_mature_anchor	0.536711	0.529039	0.457847	0.595857	295	single_nucleus_selected_bridge	dentate_gyrus	S4R2	CTRL	0.80242	0.799595	0.733452	0.858495	0.498315	0.494318	0.271307	0.725852	gse325391_adult_dg	human	0.75826	0.757096	0.707384	0.814108	0.536864	0.528409	0.308239	0.77983	gse325391_adult_dg|GSE325391|S4R2|adult_human_dg_mature_anchor|human_dentate_anchor
human_non_neuronal_background	0.384829	0.391011	0.197799	0.499191	1.36538	1.32179	1.19162	1.52676	non_dentate_background	0.0290319	0	0	0	0.373762	0.251494	0.251494	0.251494	GSE325391	0.168526	0.23387	0	0.271935	0.329681	0.395431	0.0404218	0.512127	-0.0440815	-0.208436	-0.211072	0.154482	adult_dg_background_warning	0.380014	0.34187	0.18129	0.589418	17	single_nucleus_selected_bridge	dentate_gyrus	S4R4	CTRL	0.750271	0.809397	0.68416	0.862006	0.29939	0.20246	0.0495606	0.343409	gse325391_adult_dg	human	0.505038	0.457549	0.322509	0.657706	0.0943658	0.0207381	0.00492091	0.0885764	gse325391_adult_dg|GSE325391|S4R4|adult_dg_background_warning|human_non_neuronal_background
human_dentate_anchor	0.655287	0.660716	0.445679	0.858432	0.365419	0.346372	0.247202	0.466626	dentate_candidate	0.0260345	0	0	0	0.35921	0.251494	0.251494	0.251494	GSE325391	0.221149	0.215153	0	0.331705	0.409002	0.346749	0.0404218	0.683128	0.0497916	0.0198594	-0.211072	0.339367	adult_human_dg_differentiating_anchor	0.449174	0.431414	0.299397	0.608629	388	single_nucleus_selected_bridge	dentate_gyrus	S4R4	CTRL	0.858899	0.868432	0.707223	1.01602	0.434964	0.365729	0.0616872	0.817663	gse325391_adult_dg	human	0.654454	0.663855	0.536489	0.782563	0.208585	0.0922671	0.0392794	0.283743	gse325391_adult_dg|GSE325391|S4R4|adult_human_dg_differentiating_anchor|human_dentate_anchor
human_dentate_anchor	1.05399	1.05917	0.965567	1.14784	0.26171	0.260172	0.208867	0.317612	dentate_candidate	0.0463298	0.0333217	0	0.0778636	0.523472	0.548155	0.251494	0.764938	GSE325391	0.27485	0.276028	0.184784	0.362525	0.515862	0.522847	0.274077	0.756151	-0.00761056	-0.0139719	-0.215202	0.242179	adult_human_dg_mature_anchor	0.562754	0.564275	0.479678	0.6458	2440	single_nucleus_selected_bridge	dentate_gyrus	S4R4	CTRL	0.915346	0.911482	0.842228	0.986245	0.511944	0.511951	0.280053	0.740158	gse325391_adult_dg	human	0.84403	0.845842	0.793807	0.897883	0.549371	0.553427	0.327153	0.775483	gse325391_adult_dg|GSE325391|S4R4|adult_human_dg_mature_anchor|human_dentate_anchor
human_non_neuronal_background	0.452927	0.452927	0.452927	0.452927	1.80461	1.80461	1.80461	1.80461	non_dentate_background	0	0	0	0	0.306488	0.306488	0.306488	0.306488	GSE325391	0	0	0	0	0.098434	0.098434	0.098434	0.098434	-0.208054	-0.208054	-0.208054	-0.208054	adult_dg_background_warning	0.663591	0.663591	0.663591	0.663591	1	single_nucleus_selected_bridge	dentate_gyrus	S4R5	CTRL	0.593199	0.593199	0.593199	0.593199	0.0715884	0.0715884	0.0715884	0.0715884	gse325391_adult_dg	human	0.569906	0.569906	0.569906	0.569906	0.131991	0.131991	0.131991	0.131991	gse325391_adult_dg|GSE325391|S4R5|adult_dg_background_warning|human_non_neuronal_background
human_dentate_anchor	0.584899	0.540615	0.373023	0.802653	0.32818	0.361981	0.0688924	0.460583	dentate_candidate	0.0166168	0	0	0	0.376208	0.306488	0.306488	0.306488	GSE325391	0.154219	0.145327	0	0.236999	0.399907	0.373602	0.098434	0.63311	0.0236989	-0.0917226	-0.208054	0.296421	adult_human_dg_differentiating_anchor	0.356409	0.351841	0.18604	0.51575	91	single_nucleus_selected_bridge	dentate_gyrus	S4R5	CTRL	0.69633	0.699375	0.52844	0.856625	0.298695	0.14094	0.057047	0.486577	gse325391_adult_dg	human	0.545879	0.541624	0.435009	0.656162	0.162033	0.10962	0.0525727	0.186801	gse325391_adult_dg|GSE325391|S4R5|adult_human_dg_differentiating_anchor|human_dentate_anchor
human_dentate_anchor	1.02387	1.04352	0.945735	1.10708	0.269517	0.263262	0.201363	0.322242	dentate_candidate	0.0357441	0	0	0.0649166	0.533686	0.306488	0.306488	0.781879	GSE325391	0.209489	0.208282	0.124531	0.293994	0.528197	0.532438	0.298658	0.766219	-0.00548886	-0.00894855	-0.208054	0.217002	adult_human_dg_mature_anchor	0.522602	0.53589	0.448254	0.59645	355	single_nucleus_selected_bridge	dentate_gyrus	S4R5	CTRL	0.881134	0.880153	0.810857	0.954654	0.554217	0.55481	0.341163	0.772931	gse325391_adult_dg	human	0.809202	0.815421	0.765037	0.861642	0.589079	0.595078	0.385906	0.795302	gse325391_adult_dg|GSE325391|S4R5|adult_human_dg_mature_anchor|human_dentate_anchor
human_non_neuronal_background	0.34618	0.382728	0.200432	0.42248	1.39258	1.27458	1.11374	1.66255	non_dentate_background	0.044927	0	0	0.0729708	0.462491	0.256208	0.256208	0.70965	GSE325391	0.183593	0	0	0.407076	0.420918	0.0609481	0.0609481	0.9462	-0.0415726	-0.19526	-0.19526	0.538845	adult_dg_background_warning	0.34038	0.332678	0.168323	0.546873	10	single_nucleus_selected_bridge	dentate_gyrus	S5R5	SAD	0.605069	0.633061	0.478714	0.731279	0.187509	0.0741159	0.0267118	0.150489	gse325391_adult_dg	human	0.430543	0.488277	0.34035	0.512546	0.044921	0.0519187	0.015237	0.0654628	gse325391_adult_dg|GSE325391|S5R5|adult_dg_background_warning|human_non_neuronal_background
human_dentate_anchor	0.551824	0.543261	0.329779	0.723348	0.427794	0.398043	0.218083	0.633907	dentate_candidate	0.0230633	0	0	0	0.362978	0.256208	0.256208	0.256208	GSE325391	0.178912	0.188939	0	0.265246	0.435784	0.463506	0.0609481	0.718585	0.0728062	0.105719	-0.19526	0.402935	adult_human_dg_differentiating_anchor	0.422262	0.424972	0.266756	0.55156	185	single_nucleus_selected_bridge	dentate_gyrus	S5R5	SAD	0.710062	0.701254	0.554019	0.860953	0.296606	0.120391	0.048909	0.465764	gse325391_adult_dg	human	0.561383	0.552091	0.460071	0.662563	0.141065	0.0850263	0.0406321	0.146727	gse325391_adult_dg|GSE325391|S5R5|adult_human_dg_differentiating_anchor|human_dentate_anchor
human_dentate_anchor	0.987886	0.988257	0.896537	1.09117	0.308752	0.279991	0.208597	0.376406	dentate_candidate	0.0415221	0.0314068	0	0.0726172	0.523125	0.549661	0.256208	0.763544	GSE325391	0.205768	0.200734	0.126071	0.279117	0.511614	0.508277	0.274078	0.752257	-0.011511	-0.03386	-0.249812	0.255455	adult_human_dg_mature_anchor	0.585633	0.590677	0.504046	0.668611	1134	single_nucleus_selected_bridge	dentate_gyrus	S5R5	SAD	0.872194	0.877342	0.814785	0.939874	0.536378	0.542137	0.316968	0.762039	gse325391_adult_dg	human	0.815238	0.822786	0.77016	0.870144	0.56301	0.56772	0.346313	0.78386	gse325391_adult_dg|GSE325391|S5R5|adult_human_dg_mature_anchor|human_dentate_anchor
human_non_neuronal_background	0.584779	0.549521	0.436985	0.756874	1.36605	1.31162	1.17209	1.56568	non_dentate_background	0.0360595	0	0	0	0.34146	0.238139	0.238139	0.238139	GSE325391	0.0859411	0	0	0.231461	0.192132	0.0612709	0.0612709	0.366212	-0.149329	-0.176868	-0.176868	-0.176868	adult_dg_background_warning	0.495644	0.492443	0.362926	0.599715	41	single_nucleus_selected_bridge	dentate_gyrus	S5R6	RES	0.695324	0.675056	0.580342	0.824969	0.313104	0.146878	0.050885	0.593535	gse325391_adult_dg	human	0.591915	0.611679	0.529153	0.669376	0.215489	0.158677	0.0698132	0.287119	gse325391_adult_dg|GSE325391|S5R6|adult_dg_background_warning|human_non_neuronal_background
human_dentate_anchor	0.627496	0.635924	0.462828	0.794632	0.380469	0.376818	0.261262	0.471983	dentate_candidate	0.0415708	0	0	0	0.391644	0.238139	0.238139	0.238139	GSE325391	0.242166	0.237062	0	0.379745	0.424999	0.380408	0.0612709	0.713618	0.0333559	0.0124754	-0.176868	0.283001	adult_human_dg_differentiating_anchor	0.45887	0.454734	0.310338	0.615977	1813	single_nucleus_selected_bridge	dentate_gyrus	S5R6	RES	0.773353	0.781346	0.643394	0.909452	0.464846	0.437684	0.103491	0.825221	gse325391_adult_dg	human	0.619906	0.62635	0.52302	0.722916	0.301529	0.182645	0.0660029	0.486849	gse325391_adult_dg|GSE325391|S5R6|adult_human_dg_differentiating_anchor|human_dentate_anchor
human_dentate_anchor	0.900959	0.909346	0.81083	1.00124	0.257441	0.258766	0.204168	0.318242	dentate_candidate	0.0699405	0.0633448	0	0.11789	0.532386	0.558598	0.238139	0.761769	GSE325391	0.298405	0.295932	0.197445	0.401305	0.523734	0.537611	0.285306	0.756115	-0.00865198	-0.0139811	-0.244285	0.254502	adult_human_dg_mature_anchor	0.50712	0.506666	0.416491	0.597764	6282	single_nucleus_selected_bridge	dentate_gyrus	S5R6	RES	0.804611	0.800738	0.734889	0.871581	0.511445	0.509771	0.287887	0.73522	gse325391_adult_dg	human	0.737563	0.741921	0.685481	0.793201	0.559216	0.567662	0.344549	0.782295	gse325391_adult_dg|GSE325391|S5R6|adult_human_dg_mature_anchor|human_dentate_anchor
human_non_neuronal_background	0.801848	0.812285	0.647932	0.883976	1.18278	1.19734	1.08663	1.20081	non_dentate_background	0	0	0	0	0.212083	0.212083	0.212083	0.212083	GSE325391	0.0600842	0	0	0	0.182087	0.0519645	0.0519645	0.0519645	-0.0299958	-0.160118	-0.160118	-0.160118	adult_dg_background_warning	0.367843	0.375948	0.200281	0.4652	5	single_nucleus_selected_bridge	dentate_gyrus	S6R5	MAD	0.42478	0.419509	0.36821	0.476506	0.0287283	0.0223912	0.0156316	0.0316857	gse325391_adult_dg	human	0.53149	0.529337	0.477358	0.662428	0.096409	0.0646388	0.0468948	0.163498	gse325391_adult_dg|GSE325391|S6R5|adult_dg_background_warning|human_non_neuronal_background
human_dentate_anchor	0.656634	0.674274	0.499991	0.844943	0.31292	0.319164	0.166527	0.44104	dentate_candidate	0.0343058	0	0	0	0.359341	0.212083	0.212083	0.212083	GSE325391	0.173643	0.170224	0	0.269742	0.371522	0.308619	0.0519645	0.601817	0.012181	-0.00137305	-0.160118	0.314322	adult_human_dg_differentiating_anchor	0.381407	0.387489	0.214517	0.543806	376	single_nucleus_selected_bridge	dentate_gyrus	S6R5	MAD	0.670634	0.679275	0.537019	0.828792	0.305206	0.138995	0.0463667	0.534643	gse325391_adult_dg	human	0.569558	0.578668	0.454484	0.694967	0.175442	0.0916772	0.0408745	0.213667	gse325391_adult_dg|GSE325391|S6R5|adult_human_dg_differentiating_anchor|human_dentate_anchor
human_dentate_anchor	0.991603	0.997223	0.906326	1.08112	0.268833	0.269932	0.211814	0.324471	dentate_candidate	0.0614541	0.0528977	0	0.103477	0.527607	0.544782	0.212083	0.762463	GSE325391	0.246643	0.249275	0.163568	0.323851	0.525376	0.532531	0.286967	0.764998	-0.00223065	0.00401352	-0.269328	0.270384	adult_human_dg_mature_anchor	0.527779	0.528625	0.460132	0.597204	1986	single_nucleus_selected_bridge	dentate_gyrus	S6R5	MAD	0.826274	0.830609	0.764857	0.889528	0.538318	0.54098	0.314005	0.764364	gse325391_adult_dg	human	0.781885	0.785503	0.74212	0.829345	0.562715	0.566751	0.346958	0.785277	gse325391_adult_dg|GSE325391|S6R5|adult_human_dg_mature_anchor|human_dentate_anchor
human_non_neuronal_background	0.54597	0.443818	0.370145	0.710503	1.64091	1.6491	1.50945	1.8057	non_dentate_background	0.0650868	0	0	0.125266	0.399739	0.117192	0.117192	0.799227	GSE325391	0.218013	0.180104	0	0.337051	0.317256	0.149018	0.0208209	0.547145	-0.082483	-0.0963712	-0.517698	0.129982	adult_dg_background_warning	0.607364	0.647822	0.47113	0.760407	26	single_nucleus_selected_bridge	dentate_gyrus	S7R5	RES	0.766377	0.721587	0.650351	0.880369	0.361621	0.113028	0.0481856	0.683819	gse325391_adult_dg	human	0.639904	0.623745	0.539431	0.713717	0.186176	0.0752528	0.0345033	0.172516	gse325391_adult_dg|GSE325391|S7R5|adult_dg_background_warning|human_non_neuronal_background
human_dentate_anchor	0.621258	0.610058	0.430353	0.796916	0.483855	0.426364	0.289051	0.665291	dentate_candidate	0.0487585	0	0	0.100691	0.35535	0.117192	0.117192	0.675937	GSE325391	0.289678	0.282678	0.15401	0.428511	0.445916	0.376264	0.101428	0.806514	0.090566	0.0178465	-0.0963712	0.441255	adult_human_dg_differentiating_anchor	0.557438	0.552519	0.407942	0.720686	236	single_nucleus_selected_bridge	dentate_gyrus	S7R5	RES	0.81343	0.813566	0.710594	0.930712	0.465779	0.416121	0.0942891	0.833135	gse325391_adult_dg	human	0.664042	0.673505	0.568834	0.765264	0.225224	0.114813	0.0462522	0.326145	gse325391_adult_dg|GSE325391|S7R5|adult_human_dg_differentiating_anchor|human_dentate_anchor
human_dentate_anchor	0.976317	0.987698	0.907811	1.05725	0.256152	0.250202	0.198511	0.299787	dentate_candidate	0.0782066	0.0726547	0.0339581	0.116908	0.526247	0.525877	0.309637	0.75461	GSE325391	0.32613	0.325987	0.248273	0.400913	0.512696	0.512195	0.285247	0.745985	-0.0135511	-0.00594884	-0.262046	0.239441	adult_human_dg_mature_anchor	0.595684	0.597685	0.531069	0.668165	1419	single_nucleus_selected_bridge	dentate_gyrus	S7R5	RES	0.838896	0.836413	0.782756	0.896558	0.508579	0.506841	0.279298	0.742118	gse325391_adult_dg	human	0.803632	0.810077	0.76586	0.846829	0.551802	0.558001	0.329268	0.779001	gse325391_adult_dg|GSE325391|S7R5|adult_human_dg_mature_anchor|human_dentate_anchor
human_non_neuronal_background	0.540053	0.555109	0.369424	0.665765	1.51026	1.52118	1.33347	1.63007	non_dentate_background	0.0396856	0	0	0.111456	0.431134	0.210726	0.210726	0.899462	GSE325391	0.150383	0.162826	0	0.219535	0.239885	0.149157	0.0216223	0.293611	-0.191249	-0.189103	-0.239861	0.0423589	adult_dg_background_warning	0.56524	0.566268	0.418766	0.757488	46	single_nucleus_selected_bridge	dentate_gyrus	S8R5	CTRL	0.750156	0.774647	0.572188	0.916864	0.341609	0.196128	0.018385	0.707977	gse325391_adult_dg	human	0.618483	0.622527	0.523616	0.704243	0.143851	0.0735402	0.0245541	0.140789	gse325391_adult_dg|GSE325391|S8R5|adult_dg_background_warning|human_non_neuronal_background
human_dentate_anchor	0.670255	0.671042	0.493605	0.849105	0.45333	0.384685	0.258207	0.603881	dentate_candidate	0.0289981	0	0	0.0283622	0.375076	0.210726	0.210726	0.516003	GSE325391	0.30222	0.298014	0.179113	0.427758	0.510894	0.527975	0.178903	0.849072	0.135817	0.070364	-0.15951	0.53848	adult_human_dg_differentiating_anchor	0.631479	0.635021	0.483041	0.78277	924	single_nucleus_selected_bridge	dentate_gyrus	S8R5	CTRL	0.873925	0.869185	0.753564	1.0022	0.515617	0.531151	0.142866	0.894393	gse325391_adult_dg	human	0.72522	0.727687	0.624238	0.825556	0.311243	0.170902	0.0745175	0.480393	gse325391_adult_dg|GSE325391|S8R5|adult_human_dg_differentiating_anchor|human_dentate_anchor
human_dentate_anchor	1.03315	1.04901	0.959715	1.12762	0.242462	0.236634	0.178599	0.292328	dentate_candidate	0.0439129	0.0336359	0	0.069769	0.538136	0.559492	0.210726	0.759467	GSE325391	0.292578	0.28898	0.215327	0.36611	0.500768	0.501099	0.279868	0.723552	-0.0373672	-0.0415343	-0.296665	0.212192	adult_human_dg_mature_anchor	0.61465	0.610825	0.54177	0.684948	3123	single_nucleus_selected_bridge	dentate_gyrus	S8R5	CTRL	0.862397	0.861738	0.801474	0.920316	0.497873	0.497923	0.276936	0.719155	gse325391_adult_dg	human	0.836734	0.843316	0.797306	0.884144	0.561253	0.569265	0.352187	0.776325	gse325391_adult_dg|GSE325391|S8R5|adult_human_dg_mature_anchor|human_dentate_anchor
human_broad_neuronal_structural_warning	0.413114	0.427925	0.228356	0.576222	0.522878	0.509265	0.392017	0.656103	broad_neuronal_structural_warning	0.195577	0.192335	0.144918	0.243161	0.910488	0.907154	0.872266	0.947772	GSE185277	0.021434	0	0	0	0.374316	0.323364	0.323364	0.323364	-0.536173	-0.573382	-0.618735	-0.527974	broad_neuronal_structural_warning	1.32315	1.3811	1.02651	1.62948	1110	snRNA_seq_selected_bridge	hippocampus_dentate_gyrus	specimen_1	0.1 Yr	1.1213	1.15762	0.945083	1.33785	0.691639	0.761667	0.53222	0.902739	human_core_tuned	human	0.952522	0.997438	0.792561	1.14983	0.707659	0.791989	0.556812	0.916285	human_core_tuned|GSE185277|specimen_1|broad_neuronal_structural_warning|human_broad_neuronal_structural_warning
human_other_or_ambiguous	0.280367	0.202968	0.118821	0.415191	0.599887	0.619896	0.513037	0.75452	other_or_ambiguous	0.0005444	0	0	0	0.411735	0.410536	0.410536	0.410536	GSE185277	0.0100414	0	0	0	0.335688	0.323364	0.323364	0.323364	-0.0760472	-0.0871722	-0.0871722	-0.0871722	hippocampal_neuronal_ambiguous	1.00118	1.00209	0.751801	1.26025	2264	snRNA_seq_selected_bridge	hippocampus_dentate_gyrus	specimen_1	0.1 Yr	0.938375	0.933426	0.794848	1.09619	0.528443	0.519614	0.371703	0.700261	human_core_tuned	human	0.739973	0.739779	0.627012	0.850628	0.487617	0.489667	0.339539	0.63151	human_core_tuned|GSE185277|specimen_1|hippocampal_neuronal_ambiguous|human_other_or_ambiguous
human_dentate_low_support	0.416703	0.391207	0.198326	0.585659	0.559278	0.579614	0.469483	0.668139	dentate_low_support	0.0212946	0	0	0	0.462018	0.410536	0.410536	0.410536	GSE185277	0.410613	0.337982	0.297739	0.513127	0.848864	0.827591	0.779158	0.93727	0.386846	0.406384	0.350436	0.514541	human_dg_like_candidate	1.0115	1.01571	0.737376	1.2797	348	snRNA_seq_selected_bridge	hippocampus_dentate_gyrus	specimen_1	0.1 Yr	0.681368	0.698225	0.630768	0.736865	0.26968	0.276997	0.229672	0.310908	human_core_tuned	human	0.70319	0.707141	0.592341	0.811135	0.443087	0.444616	0.296987	0.580897	human_core_tuned|GSE185277|specimen_1|human_dg_like_candidate|human_dentate_low_support
human_dentate_candidate	0.444242	0.456979	0.262876	0.608919	0.532734	0.518925	0.411162	0.655862	dentate_candidate	0.0289327	0	0	0	0.505017	0.410536	0.410536	0.410536	GSE185277	0.361436	0.316056	0.222038	0.435762	0.813931	0.799222	0.716634	0.917543	0.308914	0.354738	0.261742	0.492504	human_dg_like_high_confidence	1.27005	1.29622	0.981712	1.59101	2886	snRNA_seq_selected_bridge	hippocampus_dentate_gyrus	specimen_1	0.1 Yr	1.13761	1.11986	0.970917	1.28749	0.709908	0.724393	0.558973	0.868819	human_core_tuned	human	0.950633	0.957438	0.799373	1.10952	0.711081	0.75295	0.565248	0.889128	human_core_tuned|GSE185277|specimen_1|human_dg_like_high_confidence|human_dentate_candidate
human_immature_neurogenic_candidate	0.374341	0.37181	0.190664	0.530458	0.547798	0.547331	0.431301	0.683293	dentate_candidate	0	0	0	0	0.410536	0.410536	0.410536	0.410536	GSE185277	0	0	0	0	0.323364	0.323364	0.323364	0.323364	-0.0871722	-0.0871722	-0.0871722	-0.0871722	immature_neurogenic_candidate	1.33596	1.36474	1.07896	1.61762	1456	snRNA_seq_selected_bridge	hippocampus_dentate_gyrus	specimen_1	0.1 Yr	1.18896	1.18559	1.046	1.33498	0.755461	0.787255	0.644858	0.901067	human_core_tuned	human	0.96642	0.969655	0.843182	1.0948	0.734148	0.763884	0.622135	0.878541	human_core_tuned|GSE185277|specimen_1|immature_neurogenic_candidate|human_immature_neurogenic_candidate
human_dentate_low_support	0.426359	0.421263	0.240918	0.597582	0.515133	0.504987	0.399687	0.640913	dentate_low_support	0	0	0	0	0.410536	0.410536	0.410536	0.410536	GSE185277	0	0	0	0	0.323364	0.323364	0.323364	0.323364	-0.0871722	-0.0871722	-0.0871722	-0.0871722	immature_neurogenic_candidate_low_support	1.32182	1.31815	1.13588	1.53165	344	snRNA_seq_selected_bridge	hippocampus_dentate_gyrus	specimen_1	0.1 Yr	0.998636	1.00741	0.854098	1.14604	0.588275	0.6013	0.438021	0.75139	human_core_tuned	human	0.915604	0.911445	0.813011	1.02805	0.688296	0.703239	0.583471	0.820884	human_core_tuned|GSE185277|specimen_1|immature_neurogenic_candidate_low_support|human_dentate_low_support
human_other_or_ambiguous	0.260676	0.199513	0	0.400474	0.58526	0.609859	0.557544	0.730619	other_or_ambiguous	0.0034186	0	0	0	0.417854	0.410536	0.410536	0.410536	GSE185277	0.113235	0	0	0.292178	0.467538	0.323364	0.323364	0.773277	0.049684	-0.0871722	-0.0871722	-0.0871722	low_information_or_low_qc	0.811572	0.801115	0.529271	1.07197	1293	snRNA_seq_selected_bridge	hippocampus_dentate_gyrus	specimen_1	0.1 Yr	0.56989	0.560056	0.456056	0.722025	0.210774	0.183212	0.105884	0.296385	human_core_tuned	human	0.547379	0.541972	0.432406	0.666942	0.275235	0.239648	0.136394	0.392275	human_core_tuned|GSE185277|specimen_1|low_information_or_low_qc|human_other_or_ambiguous
human_non_neuronal_background	0.188864	0.180824	0	0.306512	1.5145	1.37626	0.999813	1.94161	non_dentate_background	0.0427538	0	0	0	0.502961	0.410536	0.410536	0.410536	GSE185277	0.0977658	0	0	0.162427	0.456883	0.323364	0.323364	0.677707	-0.0460781	-0.0871722	-0.0871722	-0.0871722	non_neuronal_background	0.721249	0.709658	0.464454	0.982334	3606	snRNA_seq_selected_bridge	hippocampus_dentate_gyrus	specimen_1	0.1 Yr	0.623288	0.622335	0.438207	0.820728	0.26966	0.22428	0.0932028	0.400738	human_core_tuned	human	0.511134	0.5009	0.363133	0.648445	0.248637	0.198354	0.0865898	0.369336	human_core_tuned|GSE185277|specimen_1|non_neuronal_background|human_non_neuronal_background
human_broad_neuronal_structural_warning	0.643639	0.660447	0.480461	0.812789	0.250066	0.2992	0	0.40116	broad_neuronal_structural_warning	0.188251	0.178853	0.149923	0.223674	0.943861	0.94439	0.921112	0.966429	GSE185277	0.0134059	0	0	0	0.311723	0.287059	0.287059	0.287059	-0.632139	-0.652815	-0.676264	-0.626569	broad_neuronal_structural_warning	0.344828	0.349627	0.194785	0.479178	560	snRNA_seq_selected_bridge	hippocampus_dentate_gyrus	specimen_13	40 Yrs	0.572552	0.592792	0.435904	0.716701	0.559431	0.565807	0.353036	0.763335	human_core_tuned	human	0.52034	0.529928	0.41847	0.624961	0.589799	0.610371	0.383989	0.806458	human_core_tuned|GSE185277|specimen_13|broad_neuronal_structural_warning|human_broad_neuronal_structural_warning
human_other_or_ambiguous	0.55471	0.554177	0.375968	0.733893	0.216127	0	0	0.456666	other_or_ambiguous	9.82372e-05	0	0	0	0.443608	0.443394	0.443394	0.443394	GSE185277	0.00491281	0	0	0	0.294349	0.287059	0.287059	0.287059	-0.149259	-0.156335	-0.156335	-0.156335	hippocampal_neuronal_ambiguous	0.287123	0.247055	0.176736	0.434072	2492	snRNA_seq_selected_bridge	hippocampus_dentate_gyrus	specimen_13	40 Yrs	0.512106	0.519568	0.379849	0.669794	0.488011	0.46805	0.288882	0.688751	human_core_tuned	human	0.451313	0.451902	0.352168	0.550428	0.475787	0.444496	0.28496	0.65767	human_core_tuned|GSE185277|specimen_13|hippocampal_neuronal_ambiguous|human_other_or_ambiguous
human_dentate_low_support	0.554798	0.556574	0.388329	0.722437	0.234695	0	0	0.446718	dentate_low_support	0.0143643	0	0	0	0.48207	0.443394	0.443394	0.443394	GSE185277	0.347529	0.316723	0.264341	0.363739	0.815919	0.808217	0.746693	0.875223	0.333849	0.357255	0.289709	0.423603	human_dg_like_candidate	0.296038	0.255817	0.185026	0.43579	724	snRNA_seq_selected_bridge	hippocampus_dentate_gyrus	specimen_13	40 Yrs	0.324182	0.339826	0.230156	0.40057	0.250253	0.263272	0.183154	0.308578	human_core_tuned	human	0.391672	0.394053	0.302419	0.478424	0.371638	0.346549	0.223139	0.496078	human_core_tuned|GSE185277|specimen_13|human_dg_like_candidate|human_dentate_low_support
human_dentate_candidate	0.683686	0.685806	0.536759	0.831203	0.278671	0.317574	0	0.415805	dentate_candidate	0.017343	0	0	0	0.499173	0.443394	0.443394	0.443394	GSE185277	0.308639	0.266201	0.208511	0.375336	0.769798	0.749385	0.656759	0.89265	0.270625	0.280911	0.181829	0.427196	human_dg_like_high_confidence	0.35753	0.352776	0.216506	0.482301	3598	snRNA_seq_selected_bridge	hippocampus_dentate_gyrus	specimen_13	40 Yrs	0.690015	0.680755	0.577843	0.791064	0.697992	0.706581	0.542847	0.857933	human_core_tuned	human	0.577077	0.574591	0.4962	0.656676	0.682845	0.70586	0.533306	0.856322	human_core_tuned|GSE185277|specimen_13|human_dg_like_high_confidence|human_dentate_candidate
human_immature_neurogenic_candidate	0.610806	0.6076	0.426786	0.783295	0.256584	0.313098	0	0.447352	dentate_candidate	0	0	0	0	0.443394	0.443394	0.443394	0.443394	GSE185277	0	0	0	0	0.287059	0.287059	0.287059	0.287059	-0.156335	-0.156335	-0.156335	-0.156335	immature_neurogenic_candidate	0.360369	0.347966	0.204647	0.496529	1627	snRNA_seq_selected_bridge	hippocampus_dentate_gyrus	specimen_13	40 Yrs	0.63063	0.636502	0.488313	0.771785	0.621557	0.636957	0.429571	0.835376	human_core_tuned	human	0.533935	0.528119	0.434677	0.627537	0.602817	0.606258	0.413034	0.810592	human_core_tuned|GSE185277|specimen_13|immature_neurogenic_candidate|human_immature_neurogenic_candidate
human_dentate_low_support	0.723238	0.730419	0.565186	0.892864	0.247393	0.293372	0	0.405034	dentate_low_support	0	0	0	0	0.443394	0.443394	0.443394	0.443394	GSE185277	0	0	0	0	0.287059	0.287059	0.287059	0.287059	-0.156335	-0.156335	-0.156335	-0.156335	immature_neurogenic_candidate_low_support	0.380362	0.374684	0.233271	0.505339	470	snRNA_seq_selected_bridge	hippocampus_dentate_gyrus	specimen_13	40 Yrs	0.578452	0.615566	0.415206	0.741966	0.569237	0.600916	0.325464	0.797193	human_core_tuned	human	0.560684	0.572636	0.471737	0.671949	0.652613	0.701874	0.482806	0.87712	human_core_tuned|GSE185277|specimen_13|immature_neurogenic_candidate_low_support|human_dentate_low_support
human_other_or_ambiguous	0.367387	0.372461	0.186231	0.549401	0.0583162	0	0	0	other_or_ambiguous	0.00384524	0	0	0	0.452634	0.443394	0.443394	0.443394	GSE185277	0.0788987	0	0	0	0.407883	0.287059	0.287059	0.287059	-0.0447507	-0.156335	-0.156335	-0.156335	low_information_or_low_qc	0.233122	0.235726	0	0.339675	225	snRNA_seq_selected_bridge	hippocampus_dentate_gyrus	specimen_13	40 Yrs	0.0815911	0	0	0.208794	0.0852661	0.0438857	0.0438857	0.130343	human_core_tuned	human	0.227367	0.216598	0.142538	0.306735	0.164143	0.130003	0.061228	0.227442	human_core_tuned|GSE185277|specimen_13|low_information_or_low_qc|human_other_or_ambiguous
human_non_neuronal_background	0.207241	0.18509	0	0.340174	1.22884	1.18505	0.704174	1.63231	non_dentate_background	0.0360524	0	0	0	0.518027	0.443394	0.443394	0.443394	GSE185277	0.10274	0	0	0.278303	0.445717	0.287059	0.287059	0.765286	-0.07231	-0.156335	-0.156335	-0.101244	non_neuronal_background	0.240623	0.237112	0	0.356146	2096	snRNA_seq_selected_bridge	hippocampus_dentate_gyrus	specimen_13	40 Yrs	0.202296	0.212809	0	0.298403	0.179645	0.139501	0.0438857	0.242431	human_core_tuned	human	0.21672	0.198485	0.133502	0.289825	0.157522	0.11228	0.0526416	0.208044	human_core_tuned|GSE185277|specimen_13|non_neuronal_background|human_non_neuronal_background
human_broad_neuronal_structural_warning	0.749621	0.767949	0.612292	0.887342	0.223376	0.208185	0	0.324649	broad_neuronal_structural_warning	0.14959	0.138919	0.10337	0.185145	0.895287	0.89492	0.853835	0.934619	GSE185277	0.0172592	0	0	0	0.437656	0.372937	0.372937	0.372937	-0.457631	-0.506474	-0.553394	-0.450519	broad_neuronal_structural_warning	0.645213	0.684065	0.458648	0.83825	778	snRNA_seq_selected_bridge	hippocampus_dentate_gyrus	specimen_15	50.2 Yrs	0.789909	0.81648	0.693563	0.919434	0.717563	0.757755	0.601665	0.873648	human_core_tuned	human	0.728248	0.757551	0.639366	0.848056	0.749598	0.789556	0.64147	0.905912	human_core_tuned|GSE185277|specimen_15|broad_neuronal_structural_warning|human_broad_neuronal_structural_warning
human_other_or_ambiguous	0.5387	0.518553	0.359043	0.721303	0.18419	0	0	0.433478	other_or_ambiguous	0	0	0	0	0.397197	0.397197	0.397197	0.397197	GSE185277	0.00723809	0	0	0	0.384317	0.372937	0.372937	0.372937	-0.0128801	-0.0242601	-0.0242601	-0.0242601	hippocampal_neuronal_ambiguous	0.33547	0.2973	0.190437	0.493254	1084	snRNA_seq_selected_bridge	hippocampus_dentate_gyrus	specimen_15	50.2 Yrs	0.53979	0.524933	0.404904	0.699025	0.451109	0.441377	0.311113	0.60805	human_core_tuned	human	0.47132	0.471824	0.36549	0.579453	0.452944	0.460159	0.338005	0.574381	human_core_tuned|GSE185277|specimen_15|hippocampal_neuronal_ambiguous|human_other_or_ambiguous
human_dentate_low_support	0.591918	0.592781	0.407515	0.805111	0.2242	0.0304342	0	0.450705	dentate_low_support	0.0312434	0	0	0	0.48548	0.397197	0.397197	0.397197	GSE185277	0.309472	0.300321	0.253773	0.35653	0.920533	0.924516	0.892341	0.96128	0.435053	0.518924	0.466242	0.562198	human_dg_like_candidate	0.363161	0.312113	0.157793	0.562814	72	snRNA_seq_selected_bridge	hippocampus_dentate_gyrus	specimen_15	50.2 Yrs	0.383206	0.385576	0.2991	0.41871	0.287154	0.300477	0.198154	0.322887	human_core_tuned	human	0.446095	0.457181	0.329501	0.535521	0.42234	0.446286	0.290232	0.528351	human_core_tuned|GSE185277|specimen_15|human_dg_like_candidate|human_dentate_low_support
human_dentate_candidate	0.734792	0.758067	0.611013	0.874043	0.235145	0.215801	0	0.346602	dentate_candidate	0.0310737	0	0	0.0652279	0.537823	0.397197	0.397197	0.809619	GSE185277	0.213516	0.195761	0.140663	0.263479	0.854625	0.847467	0.80222	0.899687	0.316801	0.419252	0.0300228	0.487265	human_dg_like_high_confidence	0.642947	0.67458	0.464343	0.844556	1165	snRNA_seq_selected_bridge	hippocampus_dentate_gyrus	specimen_15	50.2 Yrs	0.818333	0.819866	0.715326	0.924476	0.74584	0.761668	0.627063	0.881474	human_core_tuned	human	0.732024	0.755741	0.638112	0.845072	0.755772	0.786995	0.640011	0.902533	human_core_tuned|GSE185277|specimen_15|human_dg_like_high_confidence|human_dentate_candidate
human_immature_neurogenic_candidate	0.653162	0.668637	0.499507	0.825561	0.211087	0.170333	0	0.378244	dentate_candidate	0	0	0	0	0.397197	0.397197	0.397197	0.397197	GSE185277	0	0	0	0	0.372937	0.372937	0.372937	0.372937	-0.0242601	-0.0242601	-0.0242601	-0.0242601	immature_neurogenic_candidate	0.59333	0.603322	0.393587	0.788991	1235	snRNA_seq_selected_bridge	hippocampus_dentate_gyrus	specimen_15	50.2 Yrs	0.756282	0.768049	0.611039	0.907681	0.6773	0.694365	0.520418	0.862194	human_core_tuned	human	0.667592	0.69162	0.548451	0.792342	0.68113	0.704326	0.542046	0.837863	human_core_tuned|GSE185277|specimen_15|immature_neurogenic_candidate|human_immature_neurogenic_candidate
human_dentate_low_support	0.750034	0.749203	0.614479	0.879947	0.208732	0.246073	0	0.334774	dentate_low_support	0	0	0	0	0.397197	0.397197	0.397197	0.397197	GSE185277	0	0	0	0	0.372937	0.372937	0.372937	0.372937	-0.0242601	-0.0242601	-0.0242601	-0.0242601	immature_neurogenic_candidate_low_support	0.542462	0.53199	0.399552	0.693081	199	snRNA_seq_selected_bridge	hippocampus_dentate_gyrus	specimen_15	50.2 Yrs	0.702511	0.702304	0.576618	0.824744	0.624245	0.611981	0.492103	0.768355	human_core_tuned	human	0.665002	0.667385	0.598261	0.739475	0.677609	0.674445	0.593981	0.764585	human_core_tuned|GSE185277|specimen_15|immature_neurogenic_candidate_low_support|human_dentate_low_support
human_other_or_ambiguous	0.288873	0.197682	0.174466	0.396652	0.352267	0.534161	0	0.586619	other_or_ambiguous	0.00381634	0	0	0	0.405634	0.397197	0.397197	0.397197	GSE185277	0.0792501	0	0	0	0.484873	0.372937	0.372937	0.372937	0.0792392	-0.0242601	-0.0242601	-0.0242601	low_information_or_low_qc	0.23404	0.244955	0	0.432691	70	snRNA_seq_selected_bridge	hippocampus_dentate_gyrus	specimen_15	50.2 Yrs	0.105634	0	0	0.218344	0.0604978	0.0242601	0.0242601	0.0925406	human_core_tuned	human	0.209516	0.20766	0.140632	0.275371	0.143234	0.114471	0.0393426	0.212472	human_core_tuned|GSE185277|specimen_15|low_information_or_low_qc|human_other_or_ambiguous
human_non_neuronal_background	0.179842	0.167027	0	0.28338	1.84454	1.91791	1.41197	2.22818	non_dentate_background	0.0287391	0	0	0	0.465118	0.397197	0.397197	0.397197	GSE185277	0.0542656	0	0	0	0.464641	0.372937	0.372937	0.372937	-0.000476797	-0.0242601	-0.0242601	-0.0242601	non_neuronal_background	0.331419	0.283043	0.214706	0.480735	2425	snRNA_seq_selected_bridge	hippocampus_dentate_gyrus	specimen_15	50.2 Yrs	0.335904	0.314279	0.230485	0.456324	0.252672	0.224815	0.115965	0.357854	human_core_tuned	human	0.282388	0.267604	0.190695	0.349584	0.224071	0.20027	0.0977518	0.319294	human_core_tuned|GSE185277|specimen_15|non_neuronal_background|human_non_neuronal_background
human_broad_neuronal_structural_warning	0.739795	0.795637	0.571491	0.939788	0.231503	0.227049	0	0.375968	broad_neuronal_structural_warning	0.164334	0.156898	0.108158	0.207456	0.89715	0.892834	0.853599	0.93596	GSE185277	0.0143435	0	0	0	0.352006	0.312338	0.312338	0.312338	-0.545143	-0.567526	-0.619082	-0.526021	broad_neuronal_structural_warning	0.398472	0.405245	0.244319	0.524205	481	snRNA_seq_selected_bridge	hippocampus_dentate_gyrus	specimen_20	89 Yrs	0.57116	0.608914	0.466775	0.706568	0.652576	0.702821	0.503891	0.839332	human_core_tuned	human	0.569809	0.610927	0.473152	0.693704	0.675767	0.730869	0.538586	0.866569	human_core_tuned|GSE185277|specimen_20|broad_neuronal_structural_warning|human_broad_neuronal_structural_warning
human_other_or_ambiguous	0.577229	0.587904	0.373612	0.786149	0.196854	0	0	0.445976	other_or_ambiguous	0.00025418	0	0	0	0.402872	0.402318	0.402318	0.402318	GSE185277	0.00540543	0	0	0	0.321385	0.312338	0.312338	0.312338	-0.0814876	-0.0899805	-0.0899805	-0.0899805	hippocampal_neuronal_ambiguous	0.259502	0.237112	0.139931	0.401467	1045	snRNA_seq_selected_bridge	hippocampus_dentate_gyrus	specimen_20	89 Yrs	0.470705	0.469071	0.332897	0.578839	0.528323	0.507296	0.371595	0.667315	human_core_tuned	human	0.435812	0.433977	0.331043	0.541343	0.497248	0.493029	0.367542	0.627432	human_core_tuned|GSE185277|specimen_20|hippocampal_neuronal_ambiguous|human_other_or_ambiguous
human_dentate_low_support	0.608093	0.606523	0.388034	0.798831	0.163419	0	0	0.390742	dentate_low_support	0.0187832	0	0	0	0.450706	0.402318	0.402318	0.402318	GSE185277	0.347735	0.32179	0.255944	0.362964	0.861844	0.856031	0.787654	0.906858	0.411138	0.439	0.378283	0.494751	human_dg_like_candidate	0.229744	0.218002	0.118621	0.352082	44	snRNA_seq_selected_bridge	hippocampus_dentate_gyrus	specimen_20	89 Yrs	0.268374	0.264483	0.237496	0.285394	0.297124	0.290208	0.268118	0.322147	human_core_tuned	human	0.368737	0.383849	0.250391	0.449452	0.406757	0.433528	0.248946	0.50989	human_core_tuned|GSE185277|specimen_20|human_dg_like_candidate|human_dentate_low_support
human_dentate_candidate	0.786945	0.819373	0.650406	0.945794	0.240307	0.241946	0	0.365091	dentate_candidate	0.0270224	0	0	0	0.51179	0.402318	0.402318	0.402318	GSE185277	0.24492	0.215589	0.152838	0.298691	0.76948	0.746433	0.686851	0.833293	0.257691	0.309906	0.226654	0.401427	human_dg_like_high_confidence	0.436197	0.429452	0.29106	0.559769	1359	snRNA_seq_selected_bridge	hippocampus_dentate_gyrus	specimen_20	89 Yrs	0.659353	0.644602	0.545014	0.761848	0.74237	0.757296	0.615678	0.896239	human_core_tuned	human	0.627498	0.638324	0.540732	0.721252	0.748837	0.778696	0.626135	0.900697	human_core_tuned|GSE185277|specimen_20|human_dg_like_high_confidence|human_dentate_candidate
human_immature_neurogenic_candidate	0.735758	0.757332	0.580065	0.910443	0.194494	0.188599	0	0.340583	dentate_candidate	0	0	0	0	0.402318	0.402318	0.402318	0.402318	GSE185277	0	0	0	0	0.312338	0.312338	0.312338	0.312338	-0.0899805	-0.0899805	-0.0899805	-0.0899805	immature_neurogenic_candidate	0.392908	0.38499	0.249121	0.516562	1024	snRNA_seq_selected_bridge	hippocampus_dentate_gyrus	specimen_20	89 Yrs	0.604554	0.602803	0.493526	0.706847	0.682817	0.694634	0.540005	0.839656	human_core_tuned	human	0.57774	0.587903	0.488046	0.67647	0.685793	0.693823	0.556339	0.839048	human_core_tuned|GSE185277|specimen_20|immature_neurogenic_candidate|human_immature_neurogenic_candidate
human_dentate_low_support	0.315837	0.186327	0.180387	0.386533	0	0	0	0	dentate_low_support	0	0	0	0	0.402318	0.402318	0.402318	0.402318	GSE185277	0	0	0	0	0.312338	0.312338	0.312338	0.312338	-0.0899805	-0.0899805	-0.0899805	-0.0899805	immature_neurogenic_candidate_low_support	0.2396	0.197809	0.0989045	0.359401	3	snRNA_seq_selected_bridge	hippocampus_dentate_gyrus	specimen_20	89 Yrs	0.24997	0.251741	0.241992	0.258833	0.276102	0.277237	0.26832	0.284452	human_core_tuned	human	0.268469	0.324414	0.233238	0.331672	0.276157	0.356842	0.224303	0.368353	human_core_tuned|GSE185277|specimen_20|immature_neurogenic_candidate_low_support|human_dentate_low_support
human_other_or_ambiguous	0.28891	0.195568	0	0.439422	0.36658	0.528351	0	0.584194	other_or_ambiguous	0.00605277	0	0	0	0.416407	0.402318	0.402318	0.402318	GSE185277	0.0839837	0	0	0	0.440414	0.312338	0.312338	0.312338	0.0240068	-0.0899805	-0.0899805	-0.0899805	low_information_or_low_qc	0.217069	0.233693	0	0.300955	358	snRNA_seq_selected_bridge	hippocampus_dentate_gyrus	specimen_20	89 Yrs	0.118762	0.177881	0	0.221384	0.157766	0.169788	0.0721466	0.23249	human_core_tuned	human	0.208247	0.19509	0.133268	0.281837	0.198475	0.167883	0.0795233	0.297544	human_core_tuned|GSE185277|specimen_20|low_information_or_low_qc|human_other_or_ambiguous
human_non_neuronal_background	0.210041	0.179912	0	0.327502	1.6472	1.54522	1.18649	2.06885	non_dentate_background	0.0486192	0	0	0	0.514758	0.402318	0.402318	0.402318	GSE185277	0.148857	0	0	0.331955	0.548681	0.312338	0.312338	0.869569	0.0339225	-0.0899805	-0.0899805	0.406635	non_neuronal_background	0.300146	0.268128	0.194645	0.451193	1854	snRNA_seq_selected_bridge	hippocampus_dentate_gyrus	specimen_20	89 Yrs	0.193681	0.200475	0	0.305587	0.23735	0.193742	0.0721466	0.342352	human_core_tuned	human	0.234623	0.221164	0.147221	0.305088	0.232001	0.201565	0.101532	0.328794	human_core_tuned|GSE185277|specimen_20|non_neuronal_background|human_non_neuronal_background
human_broad_neuronal_structural_warning	0.694879	0.677366	0.509083	0.873508	0.167956	0	0	0.386215	broad_neuronal_structural_warning	0.216558	0.214006	0.184307	0.247358	0.965663	0.964688	0.949848	0.980828	GSE185277	0.0030519	0	0	0	0.43868	0.433059	0.433059	0.433059	-0.526983	-0.530907	-0.547209	-0.516176	broad_neuronal_structural_warning	0.25686	0.23231	0	0.401471	332	snRNA_seq_selected_bridge	hippocampus_dentate_gyrus	specimen_9	13 Yrs	0.592086	0.615608	0.473254	0.719913	0.544164	0.571274	0.335464	0.751155	human_core_tuned	human	0.514608	0.509902	0.398966	0.623206	0.54981	0.558384	0.303726	0.800585	human_core_tuned|GSE185277|specimen_9|broad_neuronal_structural_warning|human_broad_neuronal_structural_warning
human_other_or_ambiguous	0.675924	0.669496	0.449261	0.870513	0.14689	0	0	0.393319	other_or_ambiguous	8.46518e-05	0	0	0	0.46803	0.467865	0.467865	0.467865	GSE185277	0.00132609	0	0	0	0.434581	0.433059	0.433059	0.433059	-0.0334492	-0.0348065	-0.0348065	-0.0348065	hippocampal_neuronal_ambiguous	0.220694	0.221779	0	0.34229	3191	snRNA_seq_selected_bridge	hippocampus_dentate_gyrus	specimen_9	13 Yrs	0.602485	0.601664	0.483945	0.73294	0.554196	0.55647	0.359438	0.773975	human_core_tuned	human	0.499701	0.498166	0.399789	0.593586	0.525196	0.529318	0.305531	0.747184	human_core_tuned|GSE185277|specimen_9|hippocampal_neuronal_ambiguous|human_other_or_ambiguous
human_dentate_low_support	0.605344	0.6216	0.401778	0.780994	0.233526	0	0	0.536915	dentate_low_support	0.0143748	0	0	0	0.499245	0.467865	0.467865	0.467865	GSE185277	0.358204	0.33661	0.301139	0.364397	0.936603	0.936236	0.90625	0.96541	0.437358	0.465266	0.434142	0.49666	human_dg_like_candidate	0.207543	0.214753	0	0.296258	226	snRNA_seq_selected_bridge	hippocampus_dentate_gyrus	specimen_9	13 Yrs	0.42788	0.43143	0.324069	0.463493	0.288705	0.248881	0.18667	0.313475	human_core_tuned	human	0.413589	0.41123	0.317594	0.486236	0.360636	0.330373	0.15829	0.498953	human_core_tuned|GSE185277|specimen_9|human_dg_like_candidate|human_dentate_low_support
human_dentate_candidate	0.681858	0.677101	0.4564	0.876647	0.18187	0	0	0.444795	dentate_candidate	0.0103271	0	0	0	0.493188	0.467865	0.467865	0.467865	GSE185277	0.329672	0.318607	0.267619	0.354529	0.923601	0.919627	0.888648	0.955084	0.430413	0.449668	0.417172	0.486207	human_dg_like_high_confidence	0.241668	0.226579	0	0.386906	505	snRNA_seq_selected_bridge	hippocampus_dentate_gyrus	specimen_9	13 Yrs	0.678805	0.667852	0.564326	0.757339	0.662232	0.656701	0.512709	0.812536	human_core_tuned	human	0.53411	0.535267	0.432809	0.624263	0.588742	0.615396	0.37305	0.80286	human_core_tuned|GSE185277|specimen_9|human_dg_like_high_confidence|human_dentate_candidate
human_immature_neurogenic_candidate	0.698141	0.700499	0.503986	0.885244	0.167512	0	0	0.400241	dentate_candidate	0	0	0	0	0.467865	0.467865	0.467865	0.467865	GSE185277	0	0	0	0	0.433059	0.433059	0.433059	0.433059	-0.0348065	-0.0348065	-0.0348065	-0.0348065	immature_neurogenic_candidate	0.336066	0.328118	0.19189	0.475704	1349	snRNA_seq_selected_bridge	hippocampus_dentate_gyrus	specimen_9	13 Yrs	0.682843	0.681883	0.537872	0.795019	0.655625	0.681254	0.471476	0.863807	human_core_tuned	human	0.57235	0.575175	0.477849	0.674839	0.655528	0.708117	0.475881	0.876444	human_core_tuned|GSE185277|specimen_9|immature_neurogenic_candidate|human_immature_neurogenic_candidate
human_dentate_low_support	0.674679	0.657394	0.516285	0.847835	0.0784674	0	0	0	dentate_low_support	0	0	0	0	0.467865	0.467865	0.467865	0.467865	GSE185277	0	0	0	0	0.433059	0.433059	0.433059	0.433059	-0.0348065	-0.0348065	-0.0348065	-0.0348065	immature_neurogenic_candidate_low_support	0.361337	0.354584	0.219473	0.490182	96	snRNA_seq_selected_bridge	hippocampus_dentate_gyrus	specimen_9	13 Yrs	0.387301	0.422538	0.307604	0.447609	0.227241	0.236099	0.173094	0.277567	human_core_tuned	human	0.474439	0.485877	0.410352	0.54906	0.482067	0.497328	0.327917	0.648722	human_core_tuned|GSE185277|specimen_9|immature_neurogenic_candidate_low_support|human_dentate_low_support
human_other_or_ambiguous	0.576021	0.588482	0.389795	0.774482	0.0484317	0	0	0	other_or_ambiguous	0.000362828	0	0	0	0.468655	0.467865	0.467865	0.467865	GSE185277	0.0294329	0	0	0	0.473318	0.433059	0.433059	0.433059	0.0046629	-0.0348065	-0.0348065	-0.0348065	low_information_or_low_qc	0.190968	0.226635	0	0.25371	640	snRNA_seq_selected_bridge	hippocampus_dentate_gyrus	specimen_9	13 Yrs	0.249418	0.230277	0.208794	0.313987	0.125908	0.0964399	0.0544302	0.179322	human_core_tuned	human	0.338802	0.337155	0.256924	0.419153	0.237725	0.189053	0.0843443	0.345718	human_core_tuned|GSE185277|specimen_9|low_information_or_low_qc|human_other_or_ambiguous
human_non_neuronal_background	0.460017	0.416599	0.200116	0.657536	0.98542	0.717191	0.568459	1.31398	non_dentate_background	0.0322132	0	0	0	0.530806	0.467865	0.467865	0.467865	GSE185277	0.0871671	0	0	0	0.552694	0.433059	0.433059	0.433059	0.0218881	-0.0348065	-0.0348065	-0.0348065	non_neuronal_background	0.204118	0.218058	0	0.265907	585	snRNA_seq_selected_bridge	hippocampus_dentate_gyrus	specimen_9	13 Yrs	0.311168	0.273391	0.202103	0.46321	0.216906	0.136337	0.0472992	0.312969	human_core_tuned	human	0.325101	0.3251	0.212318	0.440523	0.243616	0.169844	0.0467938	0.390815	human_core_tuned|GSE185277|specimen_9|non_neuronal_background|human_non_neuronal_background
human_broad_neuronal_structural_warning	0.830475	0.977216	0.512926	1.12232	0.333904	0.309787	0.189309	0.444224	broad_neuronal_structural_warning	0.150052	0.135019	0.0673615	0.213684	0.875101	0.864828	0.814253	0.933678	GSE185553	0.0196248	0	0	0	0.271814	0.226207	0.226207	0.226207	-0.603288	-0.611494	-0.684368	-0.573563	broad_neuronal_structural_warning	0.396285	0.397752	0.303424	0.483974	123	snRNA_seq_selected_bridge	hippocampus_dentate_gyrus	specimen_10	14.7 Yrs	0.491991	0.538486	0.401768	0.605943	0.617511	0.663908	0.477471	0.782069	human_core_tuned	human	0.572917	0.632849	0.410221	0.70478	0.650485	0.707126	0.486437	0.823908	human_core_tuned|GSE185553|specimen_10|broad_neuronal_structural_warning|human_broad_neuronal_structural_warning
human_other_or_ambiguous	0.662338	0.684518	0.196245	1.04351	0.436642	0.419595	0.228696	0.623368	other_or_ambiguous	0.00228858	0	0	0	0.395045	0.389655	0.389655	0.389655	GSE185553	0.0139613	0	0	0	0.247612	0.226207	0.226207	0.226207	-0.147433	-0.163448	-0.163448	-0.163448	hippocampal_neuronal_ambiguous	0.316828	0.316463	0.207405	0.463364	213	snRNA_seq_selected_bridge	hippocampus_dentate_gyrus	specimen_10	14.7 Yrs	0.433946	0.452657	0.316638	0.560669	0.538376	0.531494	0.394483	0.702069	human_core_tuned	human	0.471037	0.457781	0.299291	0.643512	0.529367	0.521839	0.36	0.724598	human_core_tuned|GSE185553|specimen_10|hippocampal_neuronal_ambiguous|human_other_or_ambiguous
human_dentate_low_support	1.12298	1.16485	1.03023	1.29809	0.291937	0.288006	0.195377	0.356318	dentate_low_support	0.00963745	0	0	0	0.466569	0.389655	0.389655	0.389655	GSE185553	0.0968221	0.0722073	0.0601192	0.0835703	0.506045	0.47954	0.465517	0.492644	0.039476	0.0834483	0.0664368	0.101609	human_dg_like_candidate	0.416245	0.425597	0.340132	0.504255	111	snRNA_seq_selected_bridge	hippocampus_dentate_gyrus	specimen_10	14.7 Yrs	0.570673	0.599121	0.523694	0.653435	0.724424	0.770575	0.64023	0.86023	human_core_tuned	human	0.703299	0.735372	0.664922	0.786987	0.809605	0.861609	0.76023	0.92092	human_core_tuned|GSE185553|specimen_10|human_dg_like_candidate|human_dentate_low_support
human_dentate_candidate	0.951036	0.954144	0.814506	1.09659	0.342771	0.339083	0.23205	0.422993	dentate_candidate	0.0192633	0	0	0	0.475246	0.389655	0.389655	0.389655	GSE185553	0.283613	0.251854	0.165743	0.37465	0.711875	0.670115	0.577126	0.853218	0.236629	0.231034	0.13408	0.41069	human_dg_like_high_confidence	0.376323	0.360459	0.26602	0.480778	594	snRNA_seq_selected_bridge	hippocampus_dentate_gyrus	specimen_10	14.7 Yrs	0.585537	0.586987	0.498545	0.66757	0.732792	0.747126	0.595977	0.878966	human_core_tuned	human	0.637632	0.63685	0.571127	0.711456	0.71928	0.714253	0.616207	0.831494	human_core_tuned|GSE185553|specimen_10|human_dg_like_high_confidence|human_dentate_candidate
human_immature_neurogenic_candidate	1.07328	1.11024	0.896591	1.2828	0.320946	0.310942	0.219477	0.433272	dentate_candidate	0	0	0	0	0.389655	0.389655	0.389655	0.389655	GSE185553	0	0	0	0	0.226207	0.226207	0.226207	0.226207	-0.163448	-0.163448	-0.163448	-0.163448	immature_neurogenic_candidate	0.474795	0.47938	0.352116	0.563929	100	snRNA_seq_selected_bridge	hippocampus_dentate_gyrus	specimen_10	14.7 Yrs	0.611556	0.596385	0.528087	0.683362	0.752395	0.764828	0.648851	0.903218	human_core_tuned	human	0.719878	0.760321	0.628396	0.817882	0.822846	0.891034	0.699885	0.951149	human_core_tuned|GSE185553|specimen_10|immature_neurogenic_candidate|human_immature_neurogenic_candidate
human_dentate_low_support	1.28116	1.26941	1.18712	1.33508	0.263844	0.285884	0.244581	0.316975	dentate_low_support	0	0	0	0	0.389655	0.389655	0.389655	0.389655	GSE185553	0	0	0	0	0.226207	0.226207	0.226207	0.226207	-0.163448	-0.163448	-0.163448	-0.163448	immature_neurogenic_candidate_low_support	0.453591	0.433607	0.382013	0.488347	25	snRNA_seq_selected_bridge	hippocampus_dentate_gyrus	specimen_10	14.7 Yrs	0.573411	0.579409	0.51432	0.634434	0.722943	0.732414	0.622529	0.833103	human_core_tuned	human	0.769386	0.756706	0.724155	0.79946	0.888625	0.885057	0.846897	0.935172	human_core_tuned|GSE185553|specimen_10|immature_neurogenic_candidate_low_support|human_dentate_low_support
human_other_or_ambiguous	0.231649	0.190613	0	0.331713	0.615564	0.595684	0.517327	0.839358	other_or_ambiguous	0.00864759	0	0	0	0.412519	0.389655	0.389655	0.389655	GSE185553	0.0800155	0	0	0	0.358635	0.226207	0.226207	0.226207	-0.0538845	-0.163448	-0.163448	-0.163448	low_information_or_low_qc	0.241891	0.241839	0	0.32251	161	snRNA_seq_selected_bridge	hippocampus_dentate_gyrus	specimen_10	14.7 Yrs	0.106911	0	0	0.217766	0.172442	0.071954	0.071954	0.28	human_core_tuned	human	0.193484	0.181471	0.0860125	0.26458	0.192981	0.152874	0.0445977	0.298391	human_core_tuned|GSE185553|specimen_10|low_information_or_low_qc|human_other_or_ambiguous
human_non_neuronal_background	0.222964	0.179998	0	0.342132	1.79733	1.75019	1.3956	2.16487	non_dentate_background	0.056651	0	0	0.107407	0.527134	0.389655	0.389655	0.847816	GSE185553	0.176466	0.123002	0	0.34185	0.515076	0.529885	0.226207	0.808851	-0.0120581	-0.163448	-0.163448	0.361034	non_neuronal_background	0.33546	0.308717	0.204101	0.471548	848	snRNA_seq_selected_bridge	hippocampus_dentate_gyrus	specimen_10	14.7 Yrs	0.239137	0.210903	0	0.342349	0.307319	0.262989	0.071954	0.420805	human_core_tuned	human	0.265854	0.253925	0.174945	0.326882	0.286022	0.277011	0.145172	0.404713	human_core_tuned|GSE185553|specimen_10|non_neuronal_background|human_non_neuronal_background
human_broad_neuronal_structural_warning	0.673507	0.694725	0.458137	0.870484	0.383995	0.421003	0.279116	0.546608	broad_neuronal_structural_warning	0.192055	0.192789	0.151677	0.236084	0.922526	0.916351	0.88936	0.95561	GSE185553	0.00760549	0	0	0	0.376347	0.356681	0.356681	0.356681	-0.546179	-0.557216	-0.597479	-0.528775	broad_neuronal_structural_warning	0.293392	0.271208	0.16984	0.432901	247	snRNA_seq_selected_bridge	hippocampus_dentate_gyrus	specimen_11	15.3 Yrs	0.490943	0.514188	0.301573	0.666246	0.615389	0.658041	0.399286	0.846197	human_core_tuned	human	0.485947	0.498361	0.352531	0.608069	0.634518	0.674548	0.439549	0.839728	human_core_tuned|GSE185553|specimen_11|broad_neuronal_structural_warning|human_broad_neuronal_structural_warning
human_other_or_ambiguous	0.671856	0.654763	0.466358	0.865765	0.322307	0.411251	0	0.522166	other_or_ambiguous	0	0	0	0	0.431631	0.431631	0.431631	0.431631	GSE185553	0.00186248	0	0	0	0.35905	0.356681	0.356681	0.356681	-0.0725804	-0.0749498	-0.0749498	-0.0749498	hippocampal_neuronal_ambiguous	0.241684	0.223873	0.1253	0.366263	847	snRNA_seq_selected_bridge	hippocampus_dentate_gyrus	specimen_11	15.3 Yrs	0.516885	0.508074	0.42149	0.62233	0.644235	0.646219	0.507361	0.791769	human_core_tuned	human	0.476808	0.47601	0.373748	0.573897	0.629451	0.635958	0.473344	0.795784	human_core_tuned|GSE185553|specimen_11|hippocampal_neuronal_ambiguous|human_other_or_ambiguous
human_dentate_low_support	0.493576	0.38734	0.361393	0.68822	0.356421	0.479272	0	0.575685	dentate_low_support	0	0	0	0	0.431631	0.431631	0.431631	0.431631	GSE185553	0.365136	0.325474	0.287506	0.378138	0.880202	0.876812	0.830275	0.932356	0.448571	0.445182	0.398645	0.500725	human_dg_like_candidate	0.370737	0.384942	0.189466	0.553989	18	snRNA_seq_selected_bridge	hippocampus_dentate_gyrus	specimen_11	15.3 Yrs	0.24476	0.246034	0.230229	0.256792	0.322595	0.326288	0.304986	0.337609	human_core_tuned	human	0.369691	0.343252	0.285102	0.436337	0.470655	0.423377	0.339393	0.567756	human_core_tuned|GSE185553|specimen_11|human_dg_like_candidate|human_dentate_low_support
human_dentate_candidate	0.706178	0.70914	0.536519	0.869536	0.361998	0.397066	0.226242	0.513454	dentate_candidate	0.0166351	0	0	0	0.4827	0.431631	0.431631	0.431631	GSE185553	0.296297	0.26918	0.219229	0.329016	0.828585	0.809168	0.759034	0.881831	0.345885	0.367611	0.31402	0.440219	human_dg_like_high_confidence	0.286346	0.26285	0.165684	0.417896	616	snRNA_seq_selected_bridge	hippocampus_dentate_gyrus	specimen_11	15.3 Yrs	0.594509	0.579847	0.466362	0.711296	0.729347	0.745371	0.579244	0.890754	human_core_tuned	human	0.529011	0.528982	0.436929	0.617721	0.70169	0.726188	0.56876	0.854896	human_core_tuned|GSE185553|specimen_11|human_dg_like_high_confidence|human_dentate_candidate
human_immature_neurogenic_candidate	0.762616	0.765709	0.578608	0.960297	0.347017	0.383795	0	0.502171	dentate_candidate	0	0	0	0	0.431631	0.431631	0.431631	0.431631	GSE185553	0	0	0	0	0.356681	0.356681	0.356681	0.356681	-0.0749498	-0.0749498	-0.0749498	-0.0749498	immature_neurogenic_candidate	0.341299	0.338835	0.196227	0.474415	751	snRNA_seq_selected_bridge	hippocampus_dentate_gyrus	specimen_11	15.3 Yrs	0.582004	0.578455	0.458551	0.697223	0.713793	0.743475	0.56335	0.878541	human_core_tuned	human	0.561973	0.556049	0.457166	0.665976	0.737865	0.772028	0.599487	0.908097	human_core_tuned|GSE185553|specimen_11|immature_neurogenic_candidate|human_immature_neurogenic_candidate
human_other_or_ambiguous	0.375727	0.340574	0.186135	0.583803	0.38634	0.538319	0	0.588736	other_or_ambiguous	0.00233553	0	0	0	0.435705	0.431631	0.431631	0.431631	GSE185553	0.0634008	0	0	0	0.445561	0.356681	0.356681	0.356681	0.00985613	-0.0749498	-0.0749498	-0.0749498	low_information_or_low_qc	0.197987	0.224836	0	0.275572	527	snRNA_seq_selected_bridge	hippocampus_dentate_gyrus	specimen_11	15.3 Yrs	0.15889	0.200833	0	0.23835	0.236005	0.239349	0.0917912	0.318314	human_core_tuned	human	0.244201	0.229496	0.1458	0.329975	0.287722	0.254294	0.138858	0.40542	human_core_tuned|GSE185553|specimen_11|low_information_or_low_qc|human_other_or_ambiguous
human_non_neuronal_background	0.262378	0.19512	0	0.38891	1.57128	1.46259	1.16673	1.95251	non_dentate_background	0.0480628	0	0	0	0.534639	0.431631	0.431631	0.431631	GSE185553	0.127303	0	0	0.303556	0.552469	0.356681	0.356681	0.850881	0.0178305	-0.0749498	-0.0749498	0.348427	non_neuronal_background	0.2333	0.227243	0	0.394008	1477	snRNA_seq_selected_bridge	hippocampus_dentate_gyrus	specimen_11	15.3 Yrs	0.201586	0.193564	0	0.322205	0.290328	0.228195	0.0917912	0.423489	human_core_tuned	human	0.232421	0.21612	0.124446	0.317829	0.274644	0.231988	0.105956	0.384787	human_core_tuned|GSE185553|specimen_11|non_neuronal_background|human_non_neuronal_background
human_broad_neuronal_structural_warning	0.313682	0.17813	0	0.466763	0.815568	0.74979	0.532109	1.17086	broad_neuronal_structural_warning	0.233958	0.244634	0.202088	0.269408	0.929053	0.943138	0.899673	0.970378	GSE185553	0.0076321	0	0	0	0.350245	0.329562	0.329562	0.329562	-0.578809	-0.61164	-0.639625	-0.563337	broad_neuronal_structural_warning	0.31701	0.297331	0.223296	0.470714	160	snRNA_seq_selected_bridge	hippocampus_dentate_gyrus	specimen_12	18.5 Yrs	0.312104	0.304084	0.221844	0.390084	0.564193	0.579935	0.309021	0.830381	human_core_tuned	human	0.314265	0.266395	0.178769	0.375001	0.532619	0.540935	0.235859	0.825841	human_core_tuned|GSE185553|specimen_12|broad_neuronal_structural_warning|human_broad_neuronal_structural_warning
human_other_or_ambiguous	0.187199	0.148857	0	0.236994	0.916312	0.974187	0.600256	1.24415	other_or_ambiguous	0.00261571	0	0	0	0.413055	0.407264	0.407264	0.407264	GSE185553	0.02244	0	0	0	0.362649	0.329562	0.329562	0.329562	-0.0504064	-0.0777017	-0.0777017	-0.0777017	hippocampal_neuronal_ambiguous	0.297148	0.265168	0.215472	0.459704	544	snRNA_seq_selected_bridge	hippocampus_dentate_gyrus	specimen_12	18.5 Yrs	0.336661	0.320925	0.289235	0.368375	0.633397	0.656371	0.521509	0.808834	human_core_tuned	human	0.273669	0.262517	0.195296	0.334582	0.515488	0.523668	0.287213	0.746725	human_core_tuned|GSE185553|specimen_12|hippocampal_neuronal_ambiguous|human_other_or_ambiguous
human_dentate_low_support	0.484762	0.485239	0.282735	0.66074	0.753328	0.92633	0.490067	1.02403	dentate_low_support	0.0672642	0	0	0.156658	0.584363	0.407264	0.407264	0.858887	GSE185553	0.316827	0.291355	0.213901	0.367151	0.803494	0.769798	0.699687	0.896695	0.219131	0.281929	0.0572343	0.385271	human_dg_like_candidate	0.427291	0.344511	0.258563	0.645706	8	snRNA_seq_selected_bridge	hippocampus_dentate_gyrus	specimen_12	18.5 Yrs	0.206118	0.204784	0.194638	0.221485	0.282004	0.270914	0.252158	0.309207	human_core_tuned	human	0.372724	0.33966	0.287911	0.389747	0.732807	0.753498	0.617074	0.841173	human_core_tuned|GSE185553|specimen_12|human_dg_like_candidate|human_dentate_low_support
human_dentate_candidate	0.573986	0.687653	0.159718	0.933569	0.655183	0.558261	0.37025	0.933475	dentate_candidate	0.0200252	0	0	0	0.494034	0.407264	0.407264	0.407264	GSE185553	0.274118	0.296383	0.184454	0.351777	0.789311	0.781408	0.687109	0.875037	0.295277	0.334698	0.260345	0.452181	human_dg_like_high_confidence	0.349796	0.328064	0.242726	0.459075	292	snRNA_seq_selected_bridge	hippocampus_dentate_gyrus	specimen_12	18.5 Yrs	0.482598	0.498267	0.327956	0.588843	0.814952	0.894463	0.686104	0.95393	human_core_tuned	human	0.468793	0.509003	0.27664	0.63086	0.766349	0.921405	0.57852	0.963233	human_core_tuned|GSE185553|specimen_12|human_dg_like_high_confidence|human_dentate_candidate
human_immature_neurogenic_candidate	0.626198	0.669635	0.256394	0.965231	0.474693	0.37759	0.13699	0.694092	dentate_candidate	0	0	0	0	0.407264	0.407264	0.407264	0.407264	GSE185553	0	0	0	0	0.329562	0.329562	0.329562	0.329562	-0.0777017	-0.0777017	-0.0777017	-0.0777017	immature_neurogenic_candidate	0.417071	0.429508	0.303784	0.534029	77	snRNA_seq_selected_bridge	hippocampus_dentate_gyrus	specimen_12	18.5 Yrs	0.469354	0.466577	0.365077	0.560908	0.81072	0.873772	0.802173	0.938672	human_core_tuned	human	0.504208	0.53154	0.339115	0.630689	0.842561	0.926169	0.756177	0.963382	human_core_tuned|GSE185553|specimen_12|immature_neurogenic_candidate|human_immature_neurogenic_candidate
human_other_or_ambiguous	0.120986	0	0	0.195821	0.881084	0.833592	0.605882	1.21176	other_or_ambiguous	0.00416893	0	0	0	0.417158	0.407264	0.407264	0.407264	GSE185553	0.0872011	0	0	0	0.453078	0.329562	0.329562	0.329562	0.0359202	-0.0777017	-0.0777017	-0.0777017	low_information_or_low_qc	0.22493	0.234919	0	0.37061	510	snRNA_seq_selected_bridge	hippocampus_dentate_gyrus	specimen_12	18.5 Yrs	0.11015	0	0	0.226963	0.211831	0.0902054	0.0902054	0.330604	human_core_tuned	human	0.152022	0.15062	0.067021	0.236759	0.251099	0.155106	0.050387	0.418056	human_core_tuned|GSE185553|specimen_12|low_information_or_low_qc|human_other_or_ambiguous
human_non_neuronal_background	0.144579	0.136985	0	0.228712	1.90143	1.88625	1.56789	2.15655	non_dentate_background	0.0462413	0	0	0	0.516746	0.407264	0.407264	0.407264	GSE185553	0.132433	0	0	0.298018	0.5279	0.329562	0.329562	0.784534	0.011154	-0.0777017	-0.0777017	0.312965	non_neuronal_background	0.396742	0.41308	0.248869	0.530987	1768	snRNA_seq_selected_bridge	hippocampus_dentate_gyrus	specimen_12	18.5 Yrs	0.250618	0.2772	0.168167	0.329929	0.471991	0.470527	0.230947	0.695854	human_core_tuned	human	0.263979	0.259097	0.197993	0.323226	0.504401	0.510717	0.297038	0.718666	human_core_tuned|GSE185553|specimen_12|non_neuronal_background|human_non_neuronal_background
human_broad_neuronal_structural_warning	0.871475	1.00199	0.550127	1.21156	0.35551	0.294283	0.196853	0.472108	broad_neuronal_structural_warning	0.14241	0.124792	0.0785556	0.205499	0.895881	0.890179	0.852588	0.942237	GSE185553	0.0164517	0	0	0	0.367355	0.311125	0.311125	0.311125	-0.528526	-0.563977	-0.620314	-0.517013	broad_neuronal_structural_warning	0.424594	0.444738	0.321457	0.527541	174	snRNA_seq_selected_bridge	hippocampus_dentate_gyrus	specimen_14	50 Yrs	0.484286	0.538104	0.384551	0.608886	0.65317	0.732885	0.542176	0.850041	human_core_tuned	human	0.593452	0.646552	0.464312	0.75476	0.715621	0.771597	0.620925	0.909026	human_core_tuned|GSE185553|specimen_14|broad_neuronal_structural_warning|human_broad_neuronal_structural_warning
human_other_or_ambiguous	0.492836	0.432069	0.191906	0.761929	0.445298	0.506595	0	0.636736	other_or_ambiguous	0.00209458	0	0	0	0.411378	0.40546	0.40546	0.40546	GSE185553	0.0171516	0	0	0	0.338823	0.311125	0.311125	0.311125	-0.0725555	-0.0943358	-0.0943358	-0.0943358	hippocampal_neuronal_ambiguous	0.255228	0.247908	0	0.396503	264	snRNA_seq_selected_bridge	hippocampus_dentate_gyrus	specimen_14	50 Yrs	0.385347	0.359704	0.268257	0.514755	0.518312	0.523635	0.327526	0.696414	human_core_tuned	human	0.377804	0.357884	0.242761	0.504581	0.479305	0.518134	0.304707	0.652506	human_core_tuned|GSE185553|specimen_14|hippocampal_neuronal_ambiguous|human_other_or_ambiguous
human_dentate_low_support	0.400562	0.336639	0.156623	0.56673	0.481853	0.469868	0.391532	0.705933	dentate_low_support	0.0117996	0	0	0	0.43679	0.40546	0.40546	0.40546	GSE185553	0.285219	0.293668	0.231631	0.350814	0.84762	0.852893	0.787694	0.916463	0.41083	0.447433	0.365526	0.511002	human_dg_like_candidate	0.297104	0.259484	0.238784	0.359802	17	snRNA_seq_selected_bridge	hippocampus_dentate_gyrus	specimen_14	50 Yrs	0.231772	0.230277	0.204387	0.267483	0.262033	0.266504	0.205379	0.326813	human_core_tuned	human	0.309813	0.253714	0.210255	0.424573	0.399084	0.329258	0.227384	0.588427	human_core_tuned|GSE185553|specimen_14|human_dg_like_candidate|human_dentate_low_support
human_dentate_candidate	0.976097	1.01208	0.823551	1.17005	0.321462	0.297679	0.217117	0.392055	dentate_candidate	0.0169397	0	0	0	0.49819	0.40546	0.40546	0.40546	GSE185553	0.198831	0.162751	0.101579	0.27422	0.763223	0.737164	0.680522	0.829666	0.265033	0.302363	0.229014	0.384678	human_dg_like_high_confidence	0.397773	0.408323	0.295071	0.500677	513	snRNA_seq_selected_bridge	hippocampus_dentate_gyrus	specimen_14	50 Yrs	0.572432	0.575144	0.502771	0.638311	0.778788	0.797066	0.674002	0.896496	human_core_tuned	human	0.648767	0.670331	0.569875	0.745151	0.783341	0.798289	0.702526	0.895273	human_core_tuned|GSE185553|specimen_14|human_dg_like_high_confidence|human_dentate_candidate
human_immature_neurogenic_candidate	1.01281	1.07312	0.856335	1.23757	0.320159	0.290418	0.20687	0.41589	dentate_candidate	0	0	0	0	0.40546	0.40546	0.40546	0.40546	GSE185553	0	0	0	0	0.311125	0.311125	0.311125	0.311125	-0.0943358	-0.0943358	-0.0943358	-0.0943358	immature_neurogenic_candidate	0.439842	0.455518	0.359887	0.538105	200	snRNA_seq_selected_bridge	hippocampus_dentate_gyrus	specimen_14	50 Yrs	0.558955	0.56132	0.490241	0.624665	0.753535	0.77119	0.653932	0.874593	human_core_tuned	human	0.670535	0.703782	0.589533	0.777895	0.809291	0.84128	0.717604	0.930929	human_core_tuned|GSE185553|specimen_14|immature_neurogenic_candidate|human_immature_neurogenic_candidate
human_dentate_low_support	0.181884	0.181884	0.181884	0.181884	0.545651	0.545651	0.545651	0.545651	dentate_low_support	0	0	0	0	0.40546	0.40546	0.40546	0.40546	GSE185553	0	0	0	0	0.311125	0.311125	0.311125	0.311125	-0.0943358	-0.0943358	-0.0943358	-0.0943358	immature_neurogenic_candidate_low_support	0.509704	0.509704	0.509704	0.509704	1	snRNA_seq_selected_bridge	hippocampus_dentate_gyrus	specimen_14	50 Yrs	0.26063	0.26063	0.26063	0.26063	0.316626	0.316626	0.316626	0.316626	human_core_tuned	human	0.317406	0.317406	0.317406	0.317406	0.456398	0.456398	0.456398	0.456398	human_core_tuned|GSE185553|specimen_14|immature_neurogenic_candidate_low_support|human_dentate_low_support
human_other_or_ambiguous	0.204136	0.165034	0	0.370611	0.587396	0.593047	0.473247	0.741644	other_or_ambiguous	0.00589777	0	0	0	0.419968	0.40546	0.40546	0.40546	GSE185553	0.0439623	0	0	0	0.382947	0.311125	0.311125	0.311125	-0.0370205	-0.0943358	-0.0943358	-0.0943358	low_information_or_low_qc	0.217032	0.23931	0	0.292319	188	snRNA_seq_selected_bridge	hippocampus_dentate_gyrus	specimen_14	50 Yrs	0.108938	0	0	0.222305	0.152543	0.0599022	0.0599022	0.240678	human_core_tuned	human	0.176702	0.16701	0.08084	0.258235	0.203059	0.145884	0.042227	0.340566	human_core_tuned|GSE185553|specimen_14|low_information_or_low_qc|human_other_or_ambiguous
human_non_neuronal_background	0.201003	0.172518	0	0.313019	1.78811	1.77164	1.39564	2.12063	non_dentate_background	0.0359729	0	0	0	0.491854	0.40546	0.40546	0.40546	GSE185553	0.10135	0	0	0.252178	0.48647	0.311125	0.311125	0.807661	-0.00538421	-0.0943358	-0.0943358	-0.0407498	non_neuronal_background	0.334452	0.294676	0.214566	0.474878	1097	snRNA_seq_selected_bridge	hippocampus_dentate_gyrus	specimen_14	50 Yrs	0.270192	0.276369	0.183002	0.338645	0.358559	0.349226	0.172168	0.494703	human_core_tuned	human	0.268549	0.253323	0.181528	0.333308	0.334838	0.328036	0.173187	0.477588	human_core_tuned|GSE185553|specimen_14|non_neuronal_background|human_non_neuronal_background
human_broad_neuronal_structural_warning	0.865501	0.928824	0.690533	1.10014	0.282621	0.274582	0	0.408779	broad_neuronal_structural_warning	0.176736	0.166169	0.123785	0.220629	0.852372	0.84301	0.794557	0.907882	GSE185553	0.019898	0	0	0	0.371885	0.324509	0.324509	0.324509	-0.480487	-0.495419	-0.56218	-0.443873	broad_neuronal_structural_warning	0.513063	0.532855	0.338656	0.679584	958	snRNA_seq_selected_bridge	hippocampus_dentate_gyrus	specimen_16	59 Yrs	0.574456	0.600044	0.465382	0.711898	0.679269	0.722606	0.538489	0.872963	human_core_tuned	human	0.651007	0.696402	0.547461	0.796499	0.71885	0.784176	0.605027	0.902647	human_core_tuned|GSE185553|specimen_16|broad_neuronal_structural_warning|human_broad_neuronal_structural_warning
human_other_or_ambiguous	0.753593	0.766985	0.566712	0.950096	0.298429	0.359188	0	0.480125	other_or_ambiguous	0.000357652	0	0	0	0.370148	0.369304	0.369304	0.369304	GSE185553	0.00331823	0	0	0	0.329923	0.324509	0.324509	0.324509	-0.0402249	-0.0447948	-0.0447948	-0.0447948	hippocampal_neuronal_ambiguous	0.329419	0.316548	0.182925	0.471544	1329	snRNA_seq_selected_bridge	hippocampus_dentate_gyrus	specimen_16	59 Yrs	0.544694	0.537372	0.446622	0.650507	0.64544	0.639024	0.511362	0.795003	human_core_tuned	human	0.542568	0.541205	0.430674	0.646953	0.602659	0.598215	0.477454	0.722903	human_core_tuned|GSE185553|specimen_16|hippocampal_neuronal_ambiguous|human_other_or_ambiguous
human_dentate_low_support	0.881673	0.882643	0.740767	1.04636	0.245417	0.310871	0	0.400353	dentate_low_support	0.068465	0	0	0.162568	0.525467	0.369304	0.369304	0.839024	GSE185553	0.30764	0.262512	0.219503	0.341192	0.829661	0.794438	0.751547	0.892475	0.304194	0.384355	0.0647977	0.467296	human_dg_like_candidate	0.469236	0.456804	0.224409	0.631372	28	snRNA_seq_selected_bridge	hippocampus_dentate_gyrus	specimen_16	59 Yrs	0.293742	0.245721	0.230571	0.265366	0.366391	0.321327	0.300342	0.344021	human_core_tuned	human	0.548217	0.52161	0.428947	0.681433	0.611658	0.5768	0.475565	0.766419	human_core_tuned|GSE185553|specimen_16|human_dg_like_candidate|human_dentate_low_support
human_dentate_candidate	0.882441	0.916021	0.711623	1.08807	0.301055	0.306047	0.16587	0.424912	dentate_candidate	0.0298662	0	0	0	0.47194	0.369304	0.369304	0.369304	GSE185553	0.26138	0.229004	0.169834	0.313435	0.787173	0.761333	0.70464	0.856276	0.315233	0.3605	0.283165	0.447591	human_dg_like_high_confidence	0.459697	0.456174	0.276152	0.620102	1449	snRNA_seq_selected_bridge	hippocampus_dentate_gyrus	specimen_16	59 Yrs	0.617869	0.619216	0.501508	0.714499	0.728698	0.750744	0.590244	0.876383	human_core_tuned	human	0.653336	0.66768	0.538708	0.773081	0.725534	0.750744	0.595241	0.877454	human_core_tuned|GSE185553|specimen_16|human_dg_like_high_confidence|human_dentate_candidate
human_immature_neurogenic_candidate	0.898028	0.925338	0.730549	1.06314	0.266001	0.278053	0	0.393265	dentate_candidate	0	0	0	0	0.369304	0.369304	0.369304	0.369304	GSE185553	0	0	0	0	0.324509	0.324509	0.324509	0.324509	-0.0447948	-0.0447948	-0.0447948	-0.0447948	immature_neurogenic_candidate	0.551118	0.540583	0.38602	0.70361	818	snRNA_seq_selected_bridge	hippocampus_dentate_gyrus	specimen_16	59 Yrs	0.632713	0.620398	0.529524	0.729842	0.742017	0.753004	0.62912	0.88959	human_core_tuned	human	0.693953	0.703691	0.596414	0.796377	0.771286	0.793813	0.659369	0.902558	human_core_tuned|GSE185553|specimen_16|immature_neurogenic_candidate|human_immature_neurogenic_candidate
human_dentate_low_support	0.969839	1.02725	0.89313	1.11485	0.274976	0.232934	0.208742	0.399895	dentate_low_support	0	0	0	0	0.369304	0.369304	0.369304	0.369304	GSE185553	0	0	0	0	0.324509	0.324509	0.324509	0.324509	-0.0447948	-0.0447948	-0.0447948	-0.0447948	immature_neurogenic_candidate_low_support	0.477989	0.51082	0.291608	0.63309	20	snRNA_seq_selected_bridge	hippocampus_dentate_gyrus	specimen_16	59 Yrs	0.6092	0.635329	0.534763	0.701582	0.735669	0.774896	0.635723	0.862255	human_core_tuned	human	0.685676	0.702832	0.598829	0.796134	0.765413	0.792504	0.661838	0.902171	human_core_tuned|GSE185553|specimen_16|immature_neurogenic_candidate_low_support|human_dentate_low_support
human_other_or_ambiguous	0.421682	0.375968	0.182241	0.61456	0.389606	0.513286	0	0.585695	other_or_ambiguous	0.00672498	0	0	0	0.385056	0.369304	0.369304	0.369304	GSE185553	0.0652165	0	0	0	0.427092	0.324509	0.324509	0.324509	0.0420359	-0.0447948	-0.0447948	-0.0447948	low_information_or_low_qc	0.247841	0.236353	0	0.390844	965	snRNA_seq_selected_bridge	hippocampus_dentate_gyrus	specimen_16	59 Yrs	0.201594	0.213892	0	0.277033	0.26374	0.263355	0.0775729	0.356157	human_core_tuned	human	0.290372	0.273787	0.185234	0.38253	0.302821	0.290303	0.163831	0.422606	human_core_tuned|GSE185553|specimen_16|low_information_or_low_qc|human_other_or_ambiguous
human_non_neuronal_background	0.282598	0.223662	0.150022	0.401417	1.6518	1.58899	1.21779	2.03015	non_dentate_background	0.0747398	0	0	0.178054	0.533788	0.369304	0.369304	0.855458	GSE185553	0.139116	0	0	0.310719	0.549802	0.324509	0.324509	0.852171	0.0160142	-0.0447948	-0.0447948	0.34826	non_neuronal_background	0.25967	0.235893	0	0.398404	2838	snRNA_seq_selected_bridge	hippocampus_dentate_gyrus	specimen_16	59 Yrs	0.199008	0.195982	0	0.295753	0.265023	0.22207	0.0775729	0.375892	human_core_tuned	human	0.247092	0.223311	0.14355	0.32673	0.248957	0.219691	0.103778	0.35702	human_core_tuned|GSE185553|specimen_16|non_neuronal_background|human_non_neuronal_background
human_broad_neuronal_structural_warning	0.882934	1.0618	0.530604	1.23115	0.419376	0.293901	0.192174	0.584468	broad_neuronal_structural_warning	0.150988	0.137798	0.0869947	0.206752	0.902321	0.894744	0.859001	0.95046	GSE185553	0.0211634	0	0	0	0.404527	0.322339	0.322339	0.322339	-0.497794	-0.548883	-0.614455	-0.492576	broad_neuronal_structural_warning	0.449548	0.463955	0.318411	0.580426	320	snRNA_seq_selected_bridge	hippocampus_dentate_gyrus	specimen_17	60 Yrs	0.46961	0.523316	0.344757	0.600498	0.690172	0.786728	0.588502	0.895204	human_core_tuned	human	0.600697	0.686624	0.376402	0.790918	0.742803	0.852562	0.618331	0.941524	human_core_tuned|GSE185553|specimen_17|broad_neuronal_structural_warning|human_broad_neuronal_structural_warning
human_other_or_ambiguous	0.395652	0.210892	0	0.686817	0.708851	0.681737	0.426437	1.07254	other_or_ambiguous	0.00225399	0	0	0	0.409772	0.404468	0.404468	0.404468	GSE185553	0.0201682	0	0	0	0.353955	0.322339	0.322339	0.322339	-0.0558166	-0.0821288	-0.0821288	-0.0821288	hippocampal_neuronal_ambiguous	0.278468	0.262315	0.148229	0.4402	318	snRNA_seq_selected_bridge	hippocampus_dentate_gyrus	specimen_17	60 Yrs	0.357509	0.336182	0.243106	0.484613	0.543832	0.57661	0.316393	0.731932	human_core_tuned	human	0.343876	0.310978	0.21379	0.475934	0.476177	0.496715	0.262615	0.701905	human_core_tuned|GSE185553|specimen_17|hippocampal_neuronal_ambiguous|human_other_or_ambiguous
human_dentate_low_support	0.46815	0.307068	0.169366	0.597586	0.515773	0.541988	0.181215	0.873674	dentate_low_support	0.0329326	0	0	0	0.510381	0.404468	0.404468	0.404468	GSE185553	0.259955	0.268392	0.230149	0.317157	0.830092	0.834823	0.799014	0.882293	0.319711	0.41774	0.343233	0.477825	human_dg_like_candidate	0.32438	0.387621	0.185801	0.426058	24	snRNA_seq_selected_bridge	hippocampus_dentate_gyrus	specimen_17	60 Yrs	0.262632	0.245497	0.221099	0.250136	0.339789	0.319842	0.261005	0.328384	human_core_tuned	human	0.35172	0.29979	0.223419	0.422487	0.488677	0.473719	0.285283	0.659264	human_core_tuned|GSE185553|specimen_17|human_dg_like_candidate|human_dentate_low_support
human_dentate_candidate	0.959296	1.00736	0.845014	1.15967	0.339265	0.275156	0.190364	0.390674	dentate_candidate	0.0187929	0	0	0	0.514488	0.404468	0.404468	0.404468	GSE185553	0.186479	0.157257	0.097221	0.252328	0.767481	0.744021	0.696978	0.817608	0.252993	0.309593	0.240473	0.384494	human_dg_like_high_confidence	0.427295	0.432249	0.322455	0.529865	601	snRNA_seq_selected_bridge	hippocampus_dentate_gyrus	specimen_17	60 Yrs	0.537633	0.544361	0.467743	0.611155	0.798298	0.81866	0.710381	0.910381	human_core_tuned	human	0.641408	0.664826	0.577478	0.744314	0.806344	0.831537	0.761367	0.906965	human_core_tuned|GSE185553|specimen_17|human_dg_like_high_confidence|human_dentate_candidate
human_immature_neurogenic_candidate	0.922201	0.995608	0.724009	1.17081	0.327144	0.283035	0.192792	0.431944	dentate_candidate	0	0	0	0	0.404468	0.404468	0.404468	0.404468	GSE185553	0	0	0	0	0.322339	0.322339	0.322339	0.322339	-0.0821288	-0.0821288	-0.0821288	-0.0821288	immature_neurogenic_candidate	0.431416	0.429307	0.3123	0.551291	273	snRNA_seq_selected_bridge	hippocampus_dentate_gyrus	specimen_17	60 Yrs	0.531696	0.548386	0.44224	0.614881	0.788148	0.823653	0.680946	0.913272	human_core_tuned	human	0.628437	0.659273	0.510823	0.739967	0.802999	0.824442	0.722208	0.903811	human_core_tuned|GSE185553|specimen_17|immature_neurogenic_candidate|human_immature_neurogenic_candidate
human_dentate_low_support	0.548239	0.548239	0.489725	0.606754	0.566148	0.566148	0.483694	0.648603	dentate_low_support	0	0	0	0	0.404468	0.404468	0.404468	0.404468	GSE185553	0	0	0	0	0.322339	0.322339	0.322339	0.322339	-0.0821288	-0.0821288	-0.0821288	-0.0821288	immature_neurogenic_candidate_low_support	0.38404	0.38404	0.32058	0.4475	2	snRNA_seq_selected_bridge	hippocampus_dentate_gyrus	specimen_17	60 Yrs	0.25329	0.25329	0.253036	0.253545	0.333509	0.333509	0.332589	0.334428	human_core_tuned	human	0.39519	0.39519	0.354617	0.435764	0.602365	0.602365	0.552037	0.652694	human_core_tuned|GSE185553|specimen_17|immature_neurogenic_candidate_low_support|human_dentate_low_support
human_other_or_ambiguous	0.158896	0.156309	0	0.214752	0.809913	0.735066	0.58021	1.1409	other_or_ambiguous	0.00247579	0	0	0	0.410436	0.404468	0.404468	0.404468	GSE185553	0.0525294	0	0	0	0.409842	0.322339	0.322339	0.322339	-0.000593674	-0.0821288	-0.0821288	-0.0821288	low_information_or_low_qc	0.237168	0.239734	0	0.364939	560	snRNA_seq_selected_bridge	hippocampus_dentate_gyrus	specimen_17	60 Yrs	0.137196	0.185165	0	0.236352	0.208832	0.195992	0.0659658	0.307359	human_core_tuned	human	0.177753	0.175636	0.0841894	0.251989	0.22815	0.177267	0.0598555	0.354402	human_core_tuned|GSE185553|specimen_17|low_information_or_low_qc|human_other_or_ambiguous
human_non_neuronal_background	0.19108	0.165869	0	0.292821	1.9259	1.93411	1.6038	2.21261	non_dentate_background	0.0298025	0	0	0	0.481207	0.404468	0.404468	0.404468	GSE185553	0.107776	0	0	0.255034	0.504781	0.322339	0.322339	0.820434	0.0235733	-0.0821288	-0.0821288	0.0324573	non_neuronal_background	0.365223	0.370407	0.22147	0.509288	1707	snRNA_seq_selected_bridge	hippocampus_dentate_gyrus	specimen_17	60 Yrs	0.267392	0.278788	0.195524	0.331868	0.403337	0.407096	0.208541	0.565703	human_core_tuned	human	0.274565	0.265598	0.19806	0.340518	0.392121	0.394218	0.227727	0.557819	human_core_tuned|GSE185553|specimen_17|non_neuronal_background|human_non_neuronal_background
human_broad_neuronal_structural_warning	0.666575	0.723877	0.177218	1.12994	0.580541	0.465564	0.246137	0.892991	broad_neuronal_structural_warning	0.179886	0.18513	0.113608	0.241714	0.907531	0.908835	0.857814	0.959519	GSE185553	0.0189365	0	0	0	0.39241	0.325188	0.325188	0.325188	-0.51512	-0.568878	-0.628961	-0.50047	broad_neuronal_structural_warning	0.400069	0.426674	0.252223	0.55492	284	snRNA_seq_selected_bridge	hippocampus_dentate_gyrus	specimen_18	86 Yrs	0.40167	0.41023	0.232389	0.572071	0.633172	0.734962	0.321026	0.910177	human_core_tuned	human	0.489438	0.508336	0.24308	0.737778	0.658314	0.814581	0.367884	0.941595	human_core_tuned|GSE185553|specimen_18|broad_neuronal_structural_warning|human_broad_neuronal_structural_warning
human_other_or_ambiguous	0.237439	0.182691	0	0.339134	0.842485	0.828371	0.573083	1.1889	other_or_ambiguous	0.00036889	0	0	0	0.404707	0.403598	0.403598	0.403598	GSE185553	0.0165769	0	0	0	0.350627	0.325188	0.325188	0.325188	-0.0540802	-0.0784103	-0.0784103	-0.0784103	hippocampal_neuronal_ambiguous	0.289547	0.261124	0.195707	0.44294	437	snRNA_seq_selected_bridge	hippocampus_dentate_gyrus	specimen_18	86 Yrs	0.340099	0.326119	0.279612	0.423755	0.578917	0.611574	0.451933	0.746509	human_core_tuned	human	0.289029	0.271123	0.195618	0.351458	0.45801	0.456901	0.243287	0.660043	human_core_tuned|GSE185553|specimen_18|hippocampal_neuronal_ambiguous|human_other_or_ambiguous
human_dentate_low_support	0.691617	0.548326	0.448489	1.01833	0.550891	0.661408	0.23083	0.85731	dentate_low_support	0.0521058	0	0	0.111675	0.559189	0.403598	0.403598	0.857814	GSE185553	0.259065	0.267619	0.203811	0.299502	0.796611	0.792025	0.743018	0.833781	0.237422	0.38131	-0.0804243	0.421187	human_dg_like_candidate	0.342185	0.31242	0.252286	0.490111	19	snRNA_seq_selected_bridge	hippocampus_dentate_gyrus	specimen_18	86 Yrs	0.274008	0.223424	0.21092	0.24326	0.379586	0.290279	0.25678	0.343918	human_core_tuned	human	0.435936	0.352459	0.313608	0.53133	0.681822	0.66246	0.572368	0.824248	human_core_tuned|GSE185553|specimen_18|human_dg_like_candidate|human_dentate_low_support
human_dentate_candidate	0.873271	0.96762	0.725916	1.14799	0.426945	0.338792	0.21009	0.553798	dentate_candidate	0.0222276	0	0	0.0339682	0.527133	0.403598	0.403598	0.812164	GSE185553	0.210146	0.179662	0.0996693	0.310829	0.769245	0.726504	0.689782	0.850564	0.242112	0.29565	0.0242347	0.388124	human_dg_like_high_confidence	0.407629	0.427982	0.311308	0.504381	448	snRNA_seq_selected_bridge	hippocampus_dentate_gyrus	specimen_18	86 Yrs	0.520078	0.534875	0.44253	0.612422	0.82753	0.871643	0.762151	0.940991	human_core_tuned	human	0.600326	0.640026	0.531211	0.730819	0.818597	0.879162	0.822905	0.937231	human_core_tuned|GSE185553|specimen_18|human_dg_like_high_confidence|human_dentate_candidate
human_immature_neurogenic_candidate	0.852509	0.924371	0.631972	1.14417	0.342198	0.286142	0.183152	0.435565	dentate_candidate	0	0	0	0	0.403598	0.403598	0.403598	0.403598	GSE185553	0	0	0	0	0.325188	0.325188	0.325188	0.325188	-0.0784103	-0.0784103	-0.0784103	-0.0784103	immature_neurogenic_candidate	0.43992	0.443408	0.326609	0.543246	179	snRNA_seq_selected_bridge	hippocampus_dentate_gyrus	specimen_18	86 Yrs	0.523124	0.533291	0.44722	0.608688	0.830229	0.870032	0.766649	0.938238	human_core_tuned	human	0.605185	0.660556	0.482826	0.722587	0.840127	0.887755	0.804578	0.931525	human_core_tuned|GSE185553|specimen_18|immature_neurogenic_candidate|human_immature_neurogenic_candidate
human_dentate_low_support	0.358918	0.397277	0.303001	0.453193	0.954368	0.988099	0.930845	1.01162	dentate_low_support	0	0	0	0	0.403598	0.403598	0.403598	0.403598	GSE185553	0	0	0	0	0.325188	0.325188	0.325188	0.325188	-0.0784103	-0.0784103	-0.0784103	-0.0784103	immature_neurogenic_candidate_low_support	0.432224	0.469811	0.395253	0.506782	4	snRNA_seq_selected_bridge	hippocampus_dentate_gyrus	specimen_18	86 Yrs	0.223501	0.227397	0.214659	0.236238	0.295012	0.303102	0.266515	0.331599	human_core_tuned	human	0.338214	0.370681	0.307084	0.401812	0.596872	0.691998	0.544844	0.744025	human_core_tuned|GSE185553|specimen_18|immature_neurogenic_candidate_low_support|human_dentate_low_support
human_other_or_ambiguous	0.127755	0	0	0.198916	0.874777	0.806681	0.592524	1.21102	other_or_ambiguous	0.00579516	0	0	0	0.417616	0.403598	0.403598	0.403598	GSE185553	0.090347	0	0	0	0.461982	0.325188	0.325188	0.325188	0.044366	-0.0784103	-0.0784103	-0.0784103	low_information_or_low_qc	0.24105	0.24103	0	0.437684	493	snRNA_seq_selected_bridge	hippocampus_dentate_gyrus	specimen_18	86 Yrs	0.121881	0.164485	0	0.229246	0.199571	0.184479	0.0708915	0.307197	human_core_tuned	human	0.163562	0.165438	0.0719142	0.246436	0.23266	0.171053	0.0496778	0.378357	human_core_tuned|GSE185553|specimen_18|low_information_or_low_qc|human_other_or_ambiguous
human_non_neuronal_background	0.169385	0.154878	0	0.260842	1.90821	1.93077	1.59994	2.15556	non_dentate_background	0.0334873	0	0	0	0.484613	0.403598	0.403598	0.403598	GSE185553	0.114662	0	0	0.274586	0.511187	0.325188	0.325188	0.800181	0.0265735	-0.0784103	-0.0784103	0.337675	non_neuronal_background	0.390578	0.403062	0.235913	0.530021	1860	snRNA_seq_selected_bridge	hippocampus_dentate_gyrus	specimen_18	86 Yrs	0.259259	0.27581	0.192883	0.328712	0.432025	0.435419	0.224255	0.618656	human_core_tuned	human	0.273074	0.269744	0.204037	0.340357	0.445285	0.452739	0.261077	0.637554	human_core_tuned|GSE185553|specimen_18|non_neuronal_background|human_non_neuronal_background
human_broad_neuronal_structural_warning	0.705331	0.768051	0.293963	1.05698	0.437187	0.351757	0.195002	0.637219	broad_neuronal_structural_warning	0.163913	0.156321	0.098589	0.231373	0.867513	0.854187	0.80624	0.934647	GSE185553	0.0222248	0	0	0	0.385516	0.322332	0.322332	0.322332	-0.481997	-0.50197	-0.598358	-0.457307	broad_neuronal_structural_warning	0.426158	0.437296	0.296019	0.558538	187	snRNA_seq_selected_bridge	hippocampus_dentate_gyrus	specimen_19	88 Yrs	0.492531	0.533803	0.329902	0.656157	0.691183	0.789819	0.539737	0.895567	human_core_tuned	human	0.54134	0.603613	0.330209	0.729602	0.721375	0.851232	0.556979	0.943021	human_core_tuned|GSE185553|specimen_19|broad_neuronal_structural_warning|human_broad_neuronal_structural_warning
human_other_or_ambiguous	0.366805	0.272049	0	0.595247	0.541759	0.551635	0.193582	0.811706	other_or_ambiguous	0.0021791	0	0	0	0.389642	0.384565	0.384565	0.384565	GSE185553	0.0194567	0	0	0	0.350822	0.322332	0.322332	0.322332	-0.0388207	-0.0622332	-0.0622332	-0.0622332	hippocampal_neuronal_ambiguous	0.290194	0.2506	0.0656815	0.464027	323	snRNA_seq_selected_bridge	hippocampus_dentate_gyrus	specimen_19	88 Yrs	0.382468	0.3538	0.27697	0.502552	0.561853	0.600328	0.377422	0.750164	human_core_tuned	human	0.346489	0.320688	0.224256	0.462364	0.508615	0.535961	0.263711	0.749261	human_core_tuned|GSE185553|specimen_19|hippocampal_neuronal_ambiguous|human_other_or_ambiguous
human_dentate_low_support	0.249491	0.170687	0.14251	0.446407	0.622158	0.717027	0.454554	0.918508	dentate_low_support	0	0	0	0	0.384565	0.384565	0.384565	0.384565	GSE185553	0.301331	0.29437	0.273502	0.326655	0.809622	0.801314	0.773686	0.8422	0.425057	0.416749	0.389122	0.457635	human_dg_like_candidate	0.265857	0.227177	0.176897	0.259913	10	snRNA_seq_selected_bridge	hippocampus_dentate_gyrus	specimen_19	88 Yrs	0.23895	0.240963	0.217482	0.258334	0.299622	0.302956	0.261987	0.332594	human_core_tuned	human	0.251432	0.235526	0.208707	0.31645	0.358325	0.295402	0.233415	0.525041	human_core_tuned|GSE185553|specimen_19|human_dg_like_candidate|human_dentate_low_support
human_dentate_candidate	0.82189	0.81703	0.666477	0.988659	0.335042	0.310886	0.228717	0.438939	dentate_candidate	0.0275993	0	0	0.0401033	0.501755	0.384565	0.384565	0.77381	GSE185553	0.265016	0.241341	0.142695	0.360676	0.781915	0.73908	0.686535	0.883415	0.280161	0.315764	0.137028	0.456732	human_dg_like_high_confidence	0.394465	0.398279	0.297509	0.496217	408	snRNA_seq_selected_bridge	hippocampus_dentate_gyrus	specimen_19	88 Yrs	0.614664	0.624175	0.521228	0.705373	0.842436	0.8711	0.773645	0.937685	human_core_tuned	human	0.61034	0.615963	0.531597	0.699237	0.845141	0.859934	0.79844	0.922906	human_core_tuned|GSE185553|specimen_19|human_dg_like_high_confidence|human_dentate_candidate
human_immature_neurogenic_candidate	0.785417	0.825122	0.581967	1.00705	0.313779	0.285876	0.155991	0.450109	dentate_candidate	0	0	0	0	0.384565	0.384565	0.384565	0.384565	GSE185553	0	0	0	0	0.322332	0.322332	0.322332	0.322332	-0.0622332	-0.0622332	-0.0622332	-0.0622332	immature_neurogenic_candidate	0.430079	0.430822	0.2932	0.589129	176	snRNA_seq_selected_bridge	hippocampus_dentate_gyrus	specimen_19	88 Yrs	0.578684	0.574265	0.484896	0.681869	0.799113	0.829885	0.729475	0.917652	human_core_tuned	human	0.59806	0.615897	0.492009	0.72473	0.823048	0.860427	0.770608	0.941133	human_core_tuned|GSE185553|specimen_19|immature_neurogenic_candidate|human_immature_neurogenic_candidate
human_dentate_low_support	0.123326	0.123326	0.0616628	0.184988	0.894971	0.894971	0.817462	0.97248	dentate_low_support	0	0	0	0	0.384565	0.384565	0.384565	0.384565	GSE185553	0	0	0	0	0.322332	0.322332	0.322332	0.322332	-0.0622332	-0.0622332	-0.0622332	-0.0622332	immature_neurogenic_candidate_low_support	0.729061	0.729061	0.682693	0.775429	2	snRNA_seq_selected_bridge	hippocampus_dentate_gyrus	specimen_19	88 Yrs	0.22086	0.22086	0.205089	0.236631	0.269458	0.269458	0.245074	0.293842	human_core_tuned	human	0.357749	0.357749	0.35759	0.357908	0.620854	0.620854	0.620279	0.621429	human_core_tuned|GSE185553|specimen_19|immature_neurogenic_candidate_low_support|human_dentate_low_support
human_other_or_ambiguous	0.124927	0	0	0.194676	0.667731	0.665422	0.544121	0.849606	other_or_ambiguous	0.00577448	0	0	0	0.398848	0.384565	0.384565	0.384565	GSE185553	0.070825	0	0	0	0.429341	0.322332	0.322332	0.322332	0.0304929	-0.0622332	-0.0622332	-0.0622332	low_information_or_low_qc	0.182364	0.19346	0	0.273527	295	snRNA_seq_selected_bridge	hippocampus_dentate_gyrus	specimen_19	88 Yrs	0.0730136	0	0	0.187609	0.138088	0.0729064	0.0729064	0.217898	human_core_tuned	human	0.126768	0.107889	0.0237443	0.2044	0.155534	0.0834154	0.0229064	0.225452	human_core_tuned|GSE185553|specimen_19|low_information_or_low_qc|human_other_or_ambiguous
human_non_neuronal_background	0.16947	0.156367	0	0.248886	1.80697	1.81346	1.43978	2.11129	non_dentate_background	0.0530997	0	0	0	0.511099	0.384565	0.384565	0.384565	GSE185553	0.120734	0	0	0.284057	0.502704	0.322332	0.322332	0.78633	-0.00839506	-0.0622332	-0.0622332	0.0522989	non_neuronal_background	0.394962	0.412365	0.241097	0.522751	1644	snRNA_seq_selected_bridge	hippocampus_dentate_gyrus	specimen_19	88 Yrs	0.276959	0.289648	0.196528	0.34603	0.41584	0.416092	0.230131	0.582348	human_core_tuned	human	0.280464	0.275585	0.214628	0.340315	0.415717	0.414122	0.242611	0.584236	human_core_tuned|GSE185553|specimen_19|non_neuronal_background|human_non_neuronal_background
human_broad_neuronal_structural_warning	0.801344	0.854116	0.547947	1.09989	0.28955	0.259305	0.131383	0.41111	broad_neuronal_structural_warning	0.167621	0.163039	0.123401	0.205743	0.90284	0.902681	0.858863	0.943148	GSE185553	0.0145574	0	0	0	0.379483	0.334409	0.334409	0.334409	-0.523357	-0.55139	-0.596946	-0.507324	broad_neuronal_structural_warning	0.405614	0.432735	0.281831	0.553715	156	snRNA_seq_selected_bridge	hippocampus_dentate_gyrus	specimen_2	0.6 Yrs	0.497933	0.529756	0.392271	0.607437	0.6623	0.724677	0.535874	0.833168	human_core_tuned	human	0.568297	0.58095	0.421878	0.742801	0.720048	0.77284	0.586395	0.93179	human_core_tuned|GSE185553|specimen_2|broad_neuronal_structural_warning|human_broad_neuronal_structural_warning
human_other_or_ambiguous	0.545486	0.532021	0.242017	0.789749	0.354866	0.357688	0	0.566643	other_or_ambiguous	0	0	0	0	0.407646	0.407646	0.407646	0.407646	GSE185553	0.014644	0	0	0	0.35802	0.334409	0.334409	0.334409	-0.0496269	-0.0732373	-0.0732373	-0.0732373	hippocampal_neuronal_ambiguous	0.270866	0.250753	0.173227	0.395842	302	snRNA_seq_selected_bridge	hippocampus_dentate_gyrus	specimen_2	0.6 Yrs	0.420448	0.429281	0.29552	0.54342	0.556535	0.576713	0.391882	0.742552	human_core_tuned	human	0.412267	0.411535	0.291401	0.529452	0.542889	0.571748	0.393496	0.707423	human_core_tuned|GSE185553|specimen_2|hippocampal_neuronal_ambiguous|human_other_or_ambiguous
human_dentate_low_support	0.754294	0.80714	0.608488	1.05829	0.444526	0.40618	0.199003	0.713315	dentate_low_support	0.0203706	0	0	0	0.469107	0.407646	0.407646	0.407646	GSE185553	0.283579	0.284571	0.200354	0.315972	0.827334	0.836519	0.756703	0.860166	0.358227	0.400943	0.345209	0.45252	human_dg_like_candidate	0.326441	0.33535	0.252265	0.415834	16	snRNA_seq_selected_bridge	hippocampus_dentate_gyrus	specimen_2	0.6 Yrs	0.222795	0.225882	0.210775	0.245991	0.257774	0.265144	0.224243	0.301763	human_core_tuned	human	0.43451	0.423058	0.351188	0.542612	0.584595	0.588381	0.491187	0.724181	human_core_tuned|GSE185553|specimen_2|human_dg_like_candidate|human_dentate_low_support
human_dentate_candidate	0.830573	0.841487	0.651555	1.03789	0.306991	0.306387	0.165579	0.414252	dentate_candidate	0.0243632	0	0	0	0.50469	0.407646	0.407646	0.407646	GSE185553	0.243466	0.221251	0.148272	0.304741	0.79536	0.776564	0.72145	0.847567	0.29067	0.344588	0.272592	0.418073	human_dg_like_high_confidence	0.343007	0.347479	0.212901	0.46669	349	snRNA_seq_selected_bridge	hippocampus_dentate_gyrus	specimen_2	0.6 Yrs	0.575148	0.560657	0.475464	0.649054	0.761193	0.770606	0.644489	0.886792	human_core_tuned	human	0.582909	0.584412	0.495904	0.679168	0.760538	0.777061	0.671797	0.877855	human_core_tuned|GSE185553|specimen_2|human_dg_like_high_confidence|human_dentate_candidate
human_immature_neurogenic_candidate	0.800905	0.783621	0.609081	1.04792	0.267786	0.277884	0	0.387518	dentate_candidate	0	0	0	0	0.407646	0.407646	0.407646	0.407646	GSE185553	0	0	0	0	0.334409	0.334409	0.334409	0.334409	-0.0732373	-0.0732373	-0.0732373	-0.0732373	immature_neurogenic_candidate	0.375334	0.397191	0.220965	0.511996	238	snRNA_seq_selected_bridge	hippocampus_dentate_gyrus	specimen_2	0.6 Yrs	0.580725	0.581924	0.476734	0.669053	0.764061	0.801639	0.648213	0.898833	human_core_tuned	human	0.585654	0.595279	0.490381	0.693768	0.759394	0.792453	0.66435	0.891261	human_core_tuned|GSE185553|specimen_2|immature_neurogenic_candidate|human_immature_neurogenic_candidate
human_dentate_low_support	0.103014	0.103014	0.051507	0.154521	0.759586	0.759586	0.651029	0.868144	dentate_low_support	0	0	0	0	0.407646	0.407646	0.407646	0.407646	GSE185553	0	0	0	0	0.334409	0.334409	0.334409	0.334409	-0.0732373	-0.0732373	-0.0732373	-0.0732373	immature_neurogenic_candidate_low_support	0.214755	0.214755	0.209117	0.220392	2	snRNA_seq_selected_bridge	hippocampus_dentate_gyrus	specimen_2	0.6 Yrs	0.248545	0.248545	0.243135	0.253955	0.307845	0.307845	0.300397	0.315293	human_core_tuned	human	0.188771	0.188771	0.175285	0.202257	0.19712	0.19712	0.171053	0.223188	human_core_tuned|GSE185553|specimen_2|immature_neurogenic_candidate_low_support|human_dentate_low_support
human_other_or_ambiguous	0.182182	0.179354	0	0.315556	0.599147	0.597821	0.523574	0.727712	other_or_ambiguous	0.00866505	0	0	0	0.427872	0.407646	0.407646	0.407646	GSE185553	0.0764121	0	0	0	0.447445	0.334409	0.334409	0.334409	0.0195736	-0.0732373	-0.0732373	-0.0732373	low_information_or_low_qc	0.233908	0.239045	0	0.307537	165	snRNA_seq_selected_bridge	hippocampus_dentate_gyrus	specimen_2	0.6 Yrs	0.11285	0	0	0.224117	0.164693	0.0695134	0.0695134	0.259682	human_core_tuned	human	0.176313	0.171733	0.120549	0.241751	0.201484	0.166832	0.0858987	0.30288	human_core_tuned|GSE185553|specimen_2|low_information_or_low_qc|human_other_or_ambiguous
human_non_neuronal_background	0.196248	0.174524	0	0.314657	1.74923	1.7305	1.33559	2.10998	non_dentate_background	0.0373644	0	0	0	0.498055	0.407646	0.407646	0.407646	GSE185553	0.109221	0	0	0.271979	0.502893	0.334409	0.334409	0.823858	0.00483827	-0.0732373	-0.0732373	-0.0336395	non_neuronal_background	0.307261	0.282812	0.193391	0.457651	786	snRNA_seq_selected_bridge	hippocampus_dentate_gyrus	specimen_2	0.6 Yrs	0.242218	0.254746	0.154185	0.327487	0.326578	0.316038	0.152557	0.455685	human_core_tuned	human	0.248575	0.238129	0.165055	0.321025	0.30797	0.296177	0.148461	0.437314	human_core_tuned|GSE185553|specimen_2|non_neuronal_background|human_non_neuronal_background
human_broad_neuronal_structural_warning	0.729156	0.767427	0.53068	1.03163	0.273383	0.308293	0	0.425736	broad_neuronal_structural_warning	0.1742	0.165674	0.137993	0.211148	0.894761	0.888029	0.853624	0.931596	GSE185553	0.0103997	0	0	0	0.346435	0.32329	0.32329	0.32329	-0.548326	-0.556189	-0.600774	-0.524634	broad_neuronal_structural_warning	0.416485	0.393397	0.224814	0.537853	90	snRNA_seq_selected_bridge	hippocampus_dentate_gyrus	specimen_21	90 Yrs	0.540833	0.590947	0.461297	0.66714	0.664712	0.740635	0.569015	0.834283	human_core_tuned	human	0.562158	0.570099	0.413345	0.732777	0.705157	0.77158	0.524023	0.94544	human_core_tuned|GSE185553|specimen_21|broad_neuronal_structural_warning|human_broad_neuronal_structural_warning
human_other_or_ambiguous	0.608676	0.606202	0.40326	0.810439	0.222603	0	0	0.451361	other_or_ambiguous	0	0	0	0	0.413274	0.413274	0.413274	0.413274	GSE185553	0	0	0	0	0.32329	0.32329	0.32329	0.32329	-0.0899837	-0.0899837	-0.0899837	-0.0899837	hippocampal_neuronal_ambiguous	0.266525	0.235546	0.168509	0.406761	230	snRNA_seq_selected_bridge	hippocampus_dentate_gyrus	specimen_21	90 Yrs	0.488378	0.478733	0.377917	0.600508	0.598437	0.596091	0.469259	0.756311	human_core_tuned	human	0.454526	0.459983	0.358363	0.549359	0.586057	0.601384	0.444422	0.746132	human_core_tuned|GSE185553|specimen_21|hippocampal_neuronal_ambiguous|human_other_or_ambiguous
human_dentate_low_support	0.581484	0.579746	0.36097	0.795438	0.288549	0.359272	0	0.511675	dentate_low_support	0.0404991	0	0	0	0.515147	0.413274	0.413274	0.413274	GSE185553	0.403462	0.35965	0.298901	0.509631	0.881976	0.885179	0.80741	0.97557	0.36683	0.422231	0.311889	0.479235	human_dg_like_candidate	0.208216	0.209781	0.076519	0.266696	15	snRNA_seq_selected_bridge	hippocampus_dentate_gyrus	specimen_21	90 Yrs	0.239578	0.25007	0.213134	0.266134	0.282763	0.296417	0.243893	0.32044	human_core_tuned	human	0.343093	0.334647	0.256061	0.427112	0.420575	0.414495	0.278094	0.54886	human_core_tuned|GSE185553|specimen_21|human_dg_like_candidate|human_dentate_low_support
human_dentate_candidate	0.709989	0.710264	0.549088	0.899345	0.252567	0.297439	0	0.412444	dentate_candidate	0.0185667	0	0	0	0.464661	0.413274	0.413274	0.413274	GSE185553	0.280769	0.248233	0.204567	0.309996	0.774971	0.75285	0.696254	0.821661	0.31031	0.32614	0.265065	0.39943	human_dg_like_high_confidence	0.347956	0.330978	0.198573	0.4725	213	snRNA_seq_selected_bridge	hippocampus_dentate_gyrus	specimen_21	90 Yrs	0.621733	0.61676	0.50161	0.719766	0.74996	0.773616	0.62215	0.889251	human_core_tuned	human	0.559892	0.563242	0.464338	0.653467	0.733991	0.763844	0.609935	0.881922	human_core_tuned|GSE185553|specimen_21|human_dg_like_high_confidence|human_dentate_candidate
human_immature_neurogenic_candidate	0.680701	0.694365	0.51583	0.834075	0.215514	0.218503	0	0.381628	dentate_candidate	0	0	0	0	0.413274	0.413274	0.413274	0.413274	GSE185553	0	0	0	0	0.32329	0.32329	0.32329	0.32329	-0.0899837	-0.0899837	-0.0899837	-0.0899837	immature_neurogenic_candidate	0.354485	0.352725	0.201279	0.457338	169	snRNA_seq_selected_bridge	hippocampus_dentate_gyrus	specimen_21	90 Yrs	0.587081	0.5904	0.473456	0.709333	0.712247	0.738599	0.584691	0.884365	human_core_tuned	human	0.540756	0.531391	0.443013	0.637005	0.701424	0.721498	0.565961	0.859935	human_core_tuned|GSE185553|specimen_21|immature_neurogenic_candidate|human_immature_neurogenic_candidate
human_dentate_low_support	0.398787	0.398787	0.398787	0.398787	0.59818	0.59818	0.59818	0.59818	dentate_low_support	0	0	0	0	0.413274	0.413274	0.413274	0.413274	GSE185553	0	0	0	0	0.32329	0.32329	0.32329	0.32329	-0.0899837	-0.0899837	-0.0899837	-0.0899837	immature_neurogenic_candidate_low_support	0.249242	0.249242	0.249242	0.249242	1	snRNA_seq_selected_bridge	hippocampus_dentate_gyrus	specimen_21	90 Yrs	0.230069	0.230069	0.230069	0.230069	0.278502	0.278502	0.278502	0.278502	human_core_tuned	human	0.292699	0.292699	0.292699	0.292699	0.332248	0.332248	0.332248	0.332248	human_core_tuned|GSE185553|specimen_21|immature_neurogenic_candidate_low_support|human_dentate_low_support
human_other_or_ambiguous	0.231604	0.189391	0	0.379009	0.41468	0.546075	0	0.602371	other_or_ambiguous	0.00813394	0	0	0	0.433256	0.413274	0.413274	0.413274	GSE185553	0.111254	0	0	0.346563	0.483909	0.32329	0.32329	0.86309	0.050653	-0.0899837	-0.0899837	-0.0628054	low_information_or_low_qc	0.14725	0	0	0.250334	52	snRNA_seq_selected_bridge	hippocampus_dentate_gyrus	specimen_21	90 Yrs	0.0365342	0	0	0	0.103796	0.0753257	0.0753257	0.0753257	human_core_tuned	human	0.138463	0.134422	0.0800434	0.162729	0.123277	0.0905945	0.042956	0.136401	human_core_tuned|GSE185553|specimen_21|low_information_or_low_qc|human_other_or_ambiguous
human_non_neuronal_background	0.206387	0.182528	0	0.335314	1.76654	1.70229	1.26247	2.19582	non_dentate_background	0.0486238	0	0	0	0.522779	0.413274	0.413274	0.413274	GSE185553	0.152993	0	0	0.338214	0.547037	0.32329	0.32329	0.850774	0.0242584	-0.0899837	-0.0899837	0.354235	non_neuronal_background	0.339405	0.307142	0.213455	0.492814	458	snRNA_seq_selected_bridge	hippocampus_dentate_gyrus	specimen_21	90 Yrs	0.209419	0.218056	0	0.313368	0.277308	0.254479	0.0753257	0.399634	human_core_tuned	human	0.251737	0.242878	0.160568	0.323656	0.280154	0.257736	0.132533	0.393933	human_core_tuned|GSE185553|specimen_21|non_neuronal_background|human_non_neuronal_background
human_broad_neuronal_structural_warning	0.697008	0.744868	0.484392	0.949403	0.27198	0.277191	0	0.456874	broad_neuronal_structural_warning	0.187855	0.185763	0.137592	0.242658	0.908873	0.906438	0.861602	0.956226	GSE185553	0.0153037	0	0	0	0.356785	0.322603	0.322603	0.322603	-0.552089	-0.572869	-0.628758	-0.52706	broad_neuronal_structural_warning	0.340535	0.316875	0.200645	0.476098	208	snRNA_seq_selected_bridge	hippocampus_dentate_gyrus	specimen_22	92 Yrs	0.489021	0.522042	0.391185	0.629262	0.639671	0.701627	0.487443	0.845684	human_core_tuned	human	0.508855	0.522041	0.413513	0.640094	0.674012	0.737531	0.550937	0.884418	human_core_tuned|GSE185553|specimen_22|broad_neuronal_structural_warning|human_broad_neuronal_structural_warning
human_other_or_ambiguous	0.561686	0.568412	0.373232	0.753795	0.238599	0	0	0.495394	other_or_ambiguous	0	0	0	0	0.409445	0.409445	0.409445	0.409445	GSE185553	0.00705782	0	0	0	0.333893	0.322603	0.322603	0.322603	-0.0755518	-0.0868412	-0.0868412	-0.0868412	hippocampal_neuronal_ambiguous	0.207843	0.209738	0	0.29086	453	snRNA_seq_selected_bridge	hippocampus_dentate_gyrus	specimen_22	92 Yrs	0.461482	0.479409	0.331689	0.557486	0.600622	0.626459	0.430492	0.757694	human_core_tuned	human	0.410337	0.41311	0.321903	0.492462	0.542435	0.550053	0.397241	0.694729	human_core_tuned|GSE185553|specimen_22|hippocampal_neuronal_ambiguous|human_other_or_ambiguous
human_dentate_low_support	0.518989	0.464086	0.284442	0.680591	0.196142	0	0	0.532732	dentate_low_support	0	0	0	0	0.409445	0.409445	0.409445	0.409445	GSE185553	0.328523	0.291063	0.242031	0.341475	0.820949	0.800141	0.749248	0.864388	0.411504	0.390697	0.339804	0.454943	human_dg_like_candidate	0.259722	0.234457	0.196564	0.30216	14	snRNA_seq_selected_bridge	hippocampus_dentate_gyrus	specimen_22	92 Yrs	0.240803	0.246834	0.233531	0.257378	0.302567	0.317474	0.300318	0.329501	human_core_tuned	human	0.339838	0.308004	0.286792	0.405705	0.422419	0.374956	0.333923	0.541387	human_core_tuned|GSE185553|specimen_22|human_dg_like_candidate|human_dentate_low_support
human_dentate_candidate	0.759449	0.769932	0.561694	0.954937	0.289187	0.313038	0	0.43529	dentate_candidate	0.022003	0	0	0	0.490825	0.409445	0.409445	0.409445	GSE185553	0.296701	0.262414	0.184813	0.345205	0.793449	0.767598	0.700743	0.868412	0.302624	0.338698	0.25734	0.438981	human_dg_like_high_confidence	0.336673	0.326676	0.202681	0.473696	545	snRNA_seq_selected_bridge	hippocampus_dentate_gyrus	specimen_22	92 Yrs	0.562703	0.54218	0.445465	0.65939	0.724133	0.73647	0.562787	0.881854	human_core_tuned	human	0.552942	0.556179	0.452408	0.648017	0.741586	0.7867	0.620092	0.892466	human_core_tuned|GSE185553|specimen_22|human_dg_like_high_confidence|human_dentate_candidate
human_immature_neurogenic_candidate	0.714982	0.723979	0.492163	0.909552	0.275647	0.278859	0	0.433786	dentate_candidate	0	0	0	0	0.409445	0.409445	0.409445	0.409445	GSE185553	0	0	0	0	0.322603	0.322603	0.322603	0.322603	-0.0868412	-0.0868412	-0.0868412	-0.0868412	immature_neurogenic_candidate	0.342599	0.339577	0.20887	0.481257	349	snRNA_seq_selected_bridge	hippocampus_dentate_gyrus	specimen_22	92 Yrs	0.567936	0.562755	0.462569	0.66155	0.72715	0.764415	0.596038	0.88433	human_core_tuned	human	0.541839	0.54216	0.440829	0.65183	0.725772	0.766891	0.597807	0.894942	human_core_tuned|GSE185553|specimen_22|immature_neurogenic_candidate|human_immature_neurogenic_candidate
human_dentate_low_support	0.432897	0.432897	0.432897	0.432897	0.432897	0.432897	0.432897	0.432897	dentate_low_support	0	0	0	0	0.409445	0.409445	0.409445	0.409445	GSE185553	0	0	0	0	0.322603	0.322603	0.322603	0.322603	-0.0868412	-0.0868412	-0.0868412	-0.0868412	immature_neurogenic_candidate_low_support	0.360747	0.360747	0.360747	0.360747	1	snRNA_seq_selected_bridge	hippocampus_dentate_gyrus	specimen_22	92 Yrs	0.244882	0.244882	0.244882	0.244882	0.315529	0.315529	0.315529	0.315529	human_core_tuned	human	0.346175	0.346175	0.346175	0.346175	0.439335	0.439335	0.439335	0.439335	human_core_tuned|GSE185553|specimen_22|immature_neurogenic_candidate_low_support|human_dentate_low_support
human_other_or_ambiguous	0.382189	0.371696	0.182556	0.59345	0.332788	0.508904	0	0.578716	other_or_ambiguous	0.00394145	0	0	0	0.418245	0.409445	0.409445	0.409445	GSE185553	0.0516795	0	0	0	0.400031	0.322603	0.322603	0.322603	-0.0182139	-0.0868412	-0.0868412	-0.0868412	low_information_or_low_qc	0.211049	0.228931	0	0.292826	375	snRNA_seq_selected_bridge	hippocampus_dentate_gyrus	specimen_22	92 Yrs	0.179499	0.210175	0	0.26384	0.251634	0.240538	0.083127	0.338168	human_core_tuned	human	0.257579	0.250472	0.159799	0.351232	0.29946	0.271312	0.121153	0.452246	human_core_tuned|GSE185553|specimen_22|low_information_or_low_qc|human_other_or_ambiguous
human_non_neuronal_background	0.235228	0.190407	0	0.36693	1.65187	1.57733	1.17955	2.10473	non_dentate_background	0.0516358	0	0	0	0.528455	0.409445	0.409445	0.409445	GSE185553	0.145882	0	0	0.325844	0.546133	0.322603	0.322603	0.84427	0.0176788	-0.0868412	-0.0868412	0.340069	non_neuronal_background	0.30707	0.27674	0.194997	0.461418	882	snRNA_seq_selected_bridge	hippocampus_dentate_gyrus	specimen_22	92 Yrs	0.211081	0.209527	0	0.32074	0.296514	0.239653	0.083127	0.419084	human_core_tuned	human	0.251126	0.235484	0.158339	0.32759	0.285684	0.248497	0.117439	0.408472	human_core_tuned|GSE185553|specimen_22|non_neuronal_background|human_non_neuronal_background
human_broad_neuronal_structural_warning	0.650162	0.690959	0.195189	0.999881	0.485138	0.393548	0.187085	0.767286	broad_neuronal_structural_warning	0.175125	0.17354	0.105713	0.239739	0.887186	0.881978	0.828352	0.945714	GSE185553	0.0164867	0	0	0	0.367783	0.323736	0.323736	0.323736	-0.519402	-0.544176	-0.618571	-0.490549	broad_neuronal_structural_warning	0.414354	0.406358	0.284091	0.525153	128	snRNA_seq_selected_bridge	hippocampus_dentate_gyrus	specimen_3	1.2 Yrs	0.446828	0.485996	0.289292	0.603967	0.636856	0.726154	0.428901	0.849451	human_core_tuned	human	0.503781	0.555812	0.308014	0.689776	0.687105	0.803297	0.51044	0.91044	human_core_tuned|GSE185553|specimen_3|broad_neuronal_structural_warning|human_broad_neuronal_structural_warning
human_other_or_ambiguous	0.322683	0.198562	0	0.487478	0.69553	0.65999	0.436767	1.05592	other_or_ambiguous	0.00258918	0	0	0	0.400937	0.394945	0.394945	0.394945	GSE185553	0.0176846	0	0	0	0.35179	0.323736	0.323736	0.323736	-0.0491469	-0.0712088	-0.0712088	-0.0712088	hippocampal_neuronal_ambiguous	0.276544	0.265076	0.172978	0.411007	262	snRNA_seq_selected_bridge	hippocampus_dentate_gyrus	specimen_3	1.2 Yrs	0.35687	0.330134	0.264775	0.466361	0.527889	0.548791	0.357473	0.704505	human_core_tuned	human	0.318699	0.299698	0.206657	0.397447	0.479046	0.492967	0.255385	0.691758	human_core_tuned|GSE185553|specimen_3|hippocampal_neuronal_ambiguous|human_other_or_ambiguous
human_dentate_low_support	0.42913	0.418955	0.230953	0.594958	0.744102	0.731232	0.540613	0.88474	dentate_low_support	0.0590545	0	0	0.134774	0.569211	0.394945	0.394945	0.850769	GSE185553	0.316579	0.292708	0.283996	0.332326	0.828651	0.798462	0.788022	0.852527	0.259441	0.372527	0.0949451	0.402527	human_dg_like_candidate	0.245502	0.25152	0.184638	0.311374	11	snRNA_seq_selected_bridge	hippocampus_dentate_gyrus	specimen_3	1.2 Yrs	0.230486	0.237341	0.228808	0.252526	0.295764	0.31033	0.291319	0.33033	human_core_tuned	human	0.301706	0.300882	0.189269	0.370559	0.46014	0.495824	0.221099	0.654945	human_core_tuned|GSE185553|specimen_3|human_dg_like_candidate|human_dentate_low_support
human_dentate_candidate	0.79081	0.837663	0.639583	1.01132	0.361213	0.298343	0.201181	0.435186	dentate_candidate	0.0279367	0	0	0.0075489	0.505418	0.394945	0.394945	0.493791	GSE185553	0.250989	0.227368	0.144278	0.344154	0.782094	0.746593	0.693956	0.869341	0.276676	0.313626	0.23489	0.438242	human_dg_like_high_confidence	0.413886	0.407138	0.323207	0.513694	376	snRNA_seq_selected_bridge	hippocampus_dentate_gyrus	specimen_3	1.2 Yrs	0.601604	0.617412	0.514396	0.694209	0.826987	0.861758	0.756813	0.931978	human_core_tuned	human	0.6021	0.626318	0.526275	0.70547	0.81915	0.860659	0.782308	0.921868	human_core_tuned|GSE185553|specimen_3|human_dg_like_high_confidence|human_dentate_candidate
human_immature_neurogenic_candidate	0.815301	0.841068	0.606666	1.07307	0.316701	0.267435	0.167689	0.390195	dentate_candidate	0	0	0	0	0.394945	0.394945	0.394945	0.394945	GSE185553	0	0	0	0	0.323736	0.323736	0.323736	0.323736	-0.0712088	-0.0712088	-0.0712088	-0.0712088	immature_neurogenic_candidate	0.404255	0.411914	0.265841	0.516261	138	snRNA_seq_selected_bridge	hippocampus_dentate_gyrus	specimen_3	1.2 Yrs	0.59059	0.606181	0.510527	0.686858	0.819315	0.852527	0.751758	0.925055	human_core_tuned	human	0.603382	0.615261	0.480189	0.740465	0.824217	0.850989	0.750879	0.946264	human_core_tuned|GSE185553|specimen_3|immature_neurogenic_candidate|human_immature_neurogenic_candidate
human_dentate_low_support	0.151922	0.146712	0.0839227	0.214711	0.767553	0.75437	0.65821	0.863714	dentate_low_support	0	0	0	0	0.394945	0.394945	0.394945	0.394945	GSE185553	0	0	0	0	0.323736	0.323736	0.323736	0.323736	-0.0712088	-0.0712088	-0.0712088	-0.0712088	immature_neurogenic_candidate_low_support	0.245401	0.266975	0.19414	0.318235	4	snRNA_seq_selected_bridge	hippocampus_dentate_gyrus	specimen_3	1.2 Yrs	0.234032	0.23637	0.228451	0.241951	0.3	0.30967	0.292747	0.316923	human_core_tuned	human	0.210452	0.215128	0.180062	0.245518	0.296923	0.271209	0.218901	0.349231	human_core_tuned|GSE185553|specimen_3|immature_neurogenic_candidate_low_support|human_dentate_low_support
human_other_or_ambiguous	0.129985	0.067742	0	0.193178	0.718664	0.673412	0.553094	0.953516	other_or_ambiguous	0.00470773	0	0	0	0.405695	0.394945	0.394945	0.394945	GSE185553	0.0675133	0	0	0	0.424156	0.323736	0.323736	0.323736	0.0184607	-0.0712088	-0.0712088	-0.0712088	low_information_or_low_qc	0.187159	0.20222	0	0.295627	254	snRNA_seq_selected_bridge	hippocampus_dentate_gyrus	specimen_3	1.2 Yrs	0.0796516	0	0	0.197946	0.144496	0.070989	0.070989	0.225934	human_core_tuned	human	0.132265	0.113989	0.0531909	0.202181	0.171635	0.0971429	0.033956	0.248022	human_core_tuned|GSE185553|specimen_3|low_information_or_low_qc|human_other_or_ambiguous
human_non_neuronal_background	0.172614	0.16237	0	0.257302	1.85813	1.86953	1.50941	2.14435	non_dentate_background	0.0503732	0	0	0	0.511767	0.394945	0.394945	0.394945	GSE185553	0.108889	0	0	0.278596	0.491712	0.323736	0.323736	0.783516	-0.0200556	-0.0712088	-0.0712088	-0.0354945	non_neuronal_background	0.369378	0.373784	0.236101	0.505864	1102	snRNA_seq_selected_bridge	hippocampus_dentate_gyrus	specimen_3	1.2 Yrs	0.273003	0.282573	0.198169	0.342745	0.411078	0.412088	0.226154	0.576154	human_core_tuned	human	0.271665	0.268475	0.201024	0.332972	0.411029	0.411209	0.246264	0.577473	human_core_tuned|GSE185553|specimen_3|non_neuronal_background|human_non_neuronal_background
human_broad_neuronal_structural_warning	0.894769	0.956056	0.754806	1.11362	0.27918	0.268995	0	0.400435	broad_neuronal_structural_warning	0.179367	0.166544	0.126218	0.22666	0.843997	0.833297	0.782351	0.90921	GSE185553	0.0213215	0	0	0	0.373125	0.319788	0.319788	0.319788	-0.470871	-0.490812	-0.56317	-0.431853	broad_neuronal_structural_warning	0.548738	0.54644	0.370336	0.721674	1142	snRNA_seq_selected_bridge	hippocampus_dentate_gyrus	specimen_39	0.2 Yrs	0.583319	0.60451	0.471496	0.72195	0.699161	0.746746	0.567354	0.884845	human_core_tuned	human	0.675609	0.720269	0.589188	0.815873	0.718613	0.777182	0.609713	0.900323	human_core_tuned|GSE185553|specimen_39|broad_neuronal_structural_warning|human_broad_neuronal_structural_warning
human_other_or_ambiguous	0.801931	0.832938	0.609332	1.00843	0.255309	0.288439	0	0.436905	other_or_ambiguous	0	0	0	0	0.35851	0.35851	0.35851	0.35851	GSE185553	0.0045695	0	0	0	0.326835	0.319788	0.319788	0.319788	-0.0316748	-0.0387224	-0.0387224	-0.0387224	hippocampal_neuronal_ambiguous	0.428037	0.41671	0.246995	0.57425	1263	snRNA_seq_selected_bridge	hippocampus_dentate_gyrus	specimen_39	0.2 Yrs	0.52543	0.516806	0.434287	0.624777	0.634661	0.629622	0.511103	0.775596	human_core_tuned	human	0.585133	0.593066	0.481822	0.695137	0.621871	0.613979	0.505688	0.744257	human_core_tuned|GSE185553|specimen_39|hippocampal_neuronal_ambiguous|human_other_or_ambiguous
human_dentate_low_support	0.818436	0.896362	0.560745	1.0488	0.333658	0.348844	0.112279	0.497704	dentate_low_support	0.0312441	0	0	0	0.445406	0.35851	0.35851	0.35851	GSE185553	0.30569	0.274653	0.217567	0.354442	0.825316	0.801849	0.749262	0.900104	0.37991	0.424469	0.358127	0.505852	human_dg_like_candidate	0.416005	0.410112	0.25029	0.539866	39	snRNA_seq_selected_bridge	hippocampus_dentate_gyrus	specimen_39	0.2 Yrs	0.270936	0.255848	0.241405	0.26448	0.34469	0.328703	0.312186	0.339587	human_core_tuned	human	0.501792	0.514152	0.384882	0.582915	0.529095	0.533909	0.421352	0.602221	human_core_tuned|GSE185553|specimen_39|human_dg_like_candidate|human_dentate_low_support
human_dentate_candidate	0.949119	0.972163	0.810253	1.11727	0.280882	0.282869	0.147368	0.389818	dentate_candidate	0.0322654	0	0	0.0588296	0.471431	0.35851	0.35851	0.72145	GSE185553	0.269971	0.232486	0.16429	0.332879	0.78892	0.759243	0.699792	0.873933	0.31749	0.364745	0.163968	0.47774	human_dg_like_high_confidence	0.507689	0.481025	0.328907	0.674476	1627	snRNA_seq_selected_bridge	hippocampus_dentate_gyrus	specimen_39	0.2 Yrs	0.604097	0.599583	0.48886	0.704503	0.723558	0.739554	0.589559	0.867917	human_core_tuned	human	0.686968	0.695007	0.585823	0.79079	0.731229	0.743929	0.605994	0.871472	human_core_tuned|GSE185553|specimen_39|human_dg_like_high_confidence|human_dentate_candidate
human_immature_neurogenic_candidate	0.893495	0.924165	0.752992	1.08161	0.260525	0.278222	0	0.385742	dentate_candidate	0	0	0	0	0.35851	0.35851	0.35851	0.35851	GSE185553	0	0	0	0	0.319788	0.319788	0.319788	0.319788	-0.0387224	-0.0387224	-0.0387224	-0.0387224	immature_neurogenic_candidate	0.613823	0.604107	0.439639	0.771596	834	snRNA_seq_selected_bridge	hippocampus_dentate_gyrus	specimen_39	0.2 Yrs	0.639393	0.636174	0.528184	0.747505	0.762768	0.79091	0.646959	0.904862	human_core_tuned	human	0.71557	0.723513	0.630728	0.811432	0.765496	0.78205	0.65828	0.894471	human_core_tuned|GSE185553|specimen_39|immature_neurogenic_candidate|human_immature_neurogenic_candidate
human_dentate_low_support	1.09509	1.14962	0.926504	1.28464	0.287976	0.321696	0.26207	0.388382	dentate_low_support	0	0	0	0	0.35851	0.35851	0.35851	0.35851	GSE185553	0	0	0	0	0.319788	0.319788	0.319788	0.319788	-0.0387224	-0.0387224	-0.0387224	-0.0387224	immature_neurogenic_candidate_low_support	0.571097	0.558186	0.495567	0.633277	11	snRNA_seq_selected_bridge	hippocampus_dentate_gyrus	specimen_39	0.2 Yrs	0.554661	0.57366	0.49863	0.632316	0.683548	0.705316	0.603861	0.785441	human_core_tuned	human	0.740284	0.74891	0.683453	0.825862	0.801436	0.81842	0.727849	0.909538	human_core_tuned|GSE185553|specimen_39|immature_neurogenic_candidate_low_support|human_dentate_low_support
human_other_or_ambiguous	0.362688	0.29911	0.167408	0.52509	0.472613	0.549162	0	0.647577	other_or_ambiguous	0.00422787	0	0	0	0.368527	0.35851	0.35851	0.35851	GSE185553	0.0606649	0	0	0	0.41498	0.319788	0.319788	0.319788	0.0464523	-0.0387224	-0.0387224	-0.0387224	low_information_or_low_qc	0.261843	0.242383	0	0.400563	1119	snRNA_seq_selected_bridge	hippocampus_dentate_gyrus	specimen_39	0.2 Yrs	0.181609	0.210902	0	0.260103	0.244268	0.249453	0.0759681	0.334199	human_core_tuned	human	0.268713	0.247805	0.159654	0.364084	0.271953	0.256016	0.127981	0.400295	human_core_tuned|GSE185553|specimen_39|low_information_or_low_qc|human_other_or_ambiguous
human_non_neuronal_background	0.269299	0.201587	0.112249	0.384042	1.71476	1.64485	1.29112	2.0911	non_dentate_background	0.0815718	0	0	0.193615	0.532715	0.35851	0.35851	0.862557	GSE185553	0.136703	0	0	0.307275	0.54144	0.319788	0.319788	0.842102	0.00872486	-0.0387224	-0.0539269	0.353096	non_neuronal_background	0.293125	0.252921	0.178856	0.443378	3107	snRNA_seq_selected_bridge	hippocampus_dentate_gyrus	specimen_39	0.2 Yrs	0.210889	0.204244	0	0.32282	0.278019	0.236819	0.0759681	0.399776	human_core_tuned	human	0.257771	0.235112	0.153444	0.332719	0.258617	0.237257	0.117179	0.367316	human_core_tuned|GSE185553|specimen_39|non_neuronal_background|human_non_neuronal_background
human_broad_neuronal_structural_warning	0.763786	0.87836	0.518696	1.04789	0.361896	0.302213	0.161124	0.514399	broad_neuronal_structural_warning	0.162577	0.162022	0.0907589	0.232909	0.841589	0.823048	0.771411	0.919395	GSE185553	0.0132773	0	0	0	0.381758	0.323992	0.323992	0.323992	-0.459831	-0.473237	-0.592254	-0.426637	broad_neuronal_structural_warning	0.398138	0.432517	0.260688	0.546507	149	snRNA_seq_selected_bridge	hippocampus_dentate_gyrus	specimen_4	2.1 Yrs	0.486817	0.539176	0.348866	0.661685	0.694276	0.782116	0.584383	0.90995	human_core_tuned	human	0.54958	0.61144	0.361359	0.735339	0.722913	0.820529	0.61398	0.93073	human_core_tuned|GSE185553|specimen_4|broad_neuronal_structural_warning|human_broad_neuronal_structural_warning
human_other_or_ambiguous	0.451694	0.397005	0.178761	0.684552	0.436796	0.494843	0	0.608526	other_or_ambiguous	0.00112121	0	0	0	0.364426	0.361776	0.361776	0.361776	GSE185553	0.00408611	0	0	0	0.330928	0.323992	0.323992	0.323992	-0.0334974	-0.0377834	-0.0377834	-0.0377834	hippocampal_neuronal_ambiguous	0.285634	0.252581	0.185026	0.413774	214	snRNA_seq_selected_bridge	hippocampus_dentate_gyrus	specimen_4	2.1 Yrs	0.390341	0.358685	0.271963	0.510188	0.581311	0.597292	0.423174	0.752834	human_core_tuned	human	0.37589	0.35027	0.25366	0.497615	0.55207	0.591625	0.375472	0.747481	human_core_tuned|GSE185553|specimen_4|hippocampal_neuronal_ambiguous|human_other_or_ambiguous
human_dentate_low_support	0.401497	0.37621	0.169154	0.542227	0.445392	0.534992	0.340491	0.592758	dentate_low_support	0.0329886	0	0	0	0.447051	0.361776	0.361776	0.361776	GSE185553	0.343825	0.327244	0.287847	0.368022	0.861723	0.865397	0.807305	0.91302	0.414673	0.485516	0.407588	0.551244	human_dg_like_candidate	0.339354	0.36439	0.216742	0.459598	18	snRNA_seq_selected_bridge	hippocampus_dentate_gyrus	specimen_4	2.1 Yrs	0.195807	0.196202	0.171672	0.222737	0.273195	0.266373	0.23284	0.316751	human_core_tuned	human	0.31222	0.28616	0.261756	0.352164	0.476106	0.451196	0.389326	0.594616	human_core_tuned|GSE185553|specimen_4|human_dg_like_candidate|human_dentate_low_support
human_dentate_candidate	0.896435	0.954908	0.777983	1.06822	0.284408	0.254119	0.144979	0.380561	dentate_candidate	0.0289145	0	0	0.0513795	0.497147	0.361776	0.361776	0.735674	GSE185553	0.197357	0.189261	0.120034	0.259319	0.746075	0.725126	0.689389	0.776606	0.248928	0.332494	-0.0267632	0.391058	human_dg_like_high_confidence	0.411024	0.425872	0.319452	0.530387	180	snRNA_seq_selected_bridge	hippocampus_dentate_gyrus	specimen_4	2.1 Yrs	0.57142	0.594788	0.490086	0.660091	0.800967	0.835957	0.734572	0.907273	human_core_tuned	human	0.626293	0.674759	0.53746	0.734684	0.829118	0.870277	0.774874	0.928684	human_core_tuned|GSE185553|specimen_4|human_dg_like_high_confidence|human_dentate_candidate
human_immature_neurogenic_candidate	0.731467	0.81041	0.466485	0.994203	0.313163	0.290028	0	0.493704	dentate_candidate	0	0	0	0	0.361776	0.361776	0.361776	0.361776	GSE185553	0	0	0	0	0.323992	0.323992	0.323992	0.323992	-0.0377834	-0.0377834	-0.0377834	-0.0377834	immature_neurogenic_candidate	0.384797	0.393317	0.238915	0.498375	145	snRNA_seq_selected_bridge	hippocampus_dentate_gyrus	specimen_4	2.1 Yrs	0.550094	0.569722	0.434038	0.668068	0.766243	0.816751	0.65806	0.916877	human_core_tuned	human	0.555452	0.587346	0.415833	0.694016	0.762877	0.800378	0.68073	0.891688	human_core_tuned|GSE185553|specimen_4|immature_neurogenic_candidate|human_immature_neurogenic_candidate
human_dentate_low_support	0.451374	0.418053	0.252364	0.617063	0.512885	0.528367	0.381596	0.659656	dentate_low_support	0	0	0	0	0.361776	0.361776	0.361776	0.361776	GSE185553	0	0	0	0	0.323992	0.323992	0.323992	0.323992	-0.0377834	-0.0377834	-0.0377834	-0.0377834	immature_neurogenic_candidate_low_support	0.420954	0.411704	0.242345	0.590312	4	snRNA_seq_selected_bridge	hippocampus_dentate_gyrus	specimen_4	2.1 Yrs	0.199671	0.205802	0.184042	0.221432	0.277629	0.28432	0.247875	0.314074	human_core_tuned	human	0.357333	0.341099	0.337395	0.361037	0.595324	0.575409	0.566436	0.604298	human_core_tuned|GSE185553|specimen_4|immature_neurogenic_candidate_low_support|human_dentate_low_support
human_other_or_ambiguous	0.177556	0.156338	0	0.3009	0.569376	0.606257	0.492836	0.730253	other_or_ambiguous	0.00447653	0	0	0	0.372925	0.361776	0.361776	0.361776	GSE185553	0.0501101	0	0	0	0.398336	0.323992	0.323992	0.323992	0.025411	-0.0377834	-0.0377834	-0.0377834	low_information_or_low_qc	0.179448	0.214147	0	0.312028	95	snRNA_seq_selected_bridge	hippocampus_dentate_gyrus	specimen_4	2.1 Yrs	0.061205	0	0	0.169314	0.151117	0.0900504	0.0900504	0.230479	human_core_tuned	human	0.139403	0.124929	0.0560737	0.212368	0.181367	0.106423	0.0264484	0.271725	human_core_tuned|GSE185553|specimen_4|low_information_or_low_qc|human_other_or_ambiguous
human_non_neuronal_background	0.186083	0.163426	0	0.304424	1.80018	1.81549	1.40565	2.13333	non_dentate_background	0.0662916	0	0	0.162284	0.516284	0.361776	0.361776	0.824307	GSE185553	0.14467	0	0	0.315159	0.550291	0.323992	0.323992	0.8517	0.0340075	-0.0377834	-0.0377834	0.379408	non_neuronal_background	0.327727	0.298546	0.207548	0.471591	783	snRNA_seq_selected_bridge	hippocampus_dentate_gyrus	specimen_4	2.1 Yrs	0.230262	0.235079	0.0961172	0.323321	0.371633	0.365239	0.180416	0.538413	human_core_tuned	human	0.248024	0.242694	0.171168	0.3192	0.35837	0.348237	0.181045	0.523929	human_core_tuned|GSE185553|specimen_4|non_neuronal_background|human_non_neuronal_background
human_broad_neuronal_structural_warning	0.572877	0.439246	0.198091	1.04485	0.326682	0.314785	0.0908188	0.589761	broad_neuronal_structural_warning	0.197416	0.231912	0.0748785	0.270124	0.938165	0.96519	0.881329	0.982595	GSE185553	0.011662	0	0	0	0.37443	0.321203	0.321203	0.321203	-0.563734	-0.625	-0.661392	-0.545886	broad_neuronal_structural_warning	0.3199	0.296562	0.247614	0.475597	25	snRNA_seq_selected_bridge	hippocampus_dentate_gyrus	specimen_40	16 Yrs	0.441571	0.504085	0.244599	0.593964	0.68693	0.810127	0.420886	0.89557	human_core_tuned	human	0.444783	0.298255	0.234406	0.698378	0.644747	0.55538	0.401899	0.946203	human_core_tuned|GSE185553|specimen_40|broad_neuronal_structural_warning|human_broad_neuronal_structural_warning
human_other_or_ambiguous	0.338857	0.215042	0.152998	0.508648	0.395988	0.514795	0	0.602817	other_or_ambiguous	0	0	0	0	0.428006	0.428006	0.428006	0.428006	GSE185553	0.00285637	0	0	0	0.325422	0.321203	0.321203	0.321203	-0.102584	-0.106804	-0.106804	-0.106804	hippocampal_neuronal_ambiguous	0.244081	0.241839	0.12239	0.333523	114	snRNA_seq_selected_bridge	hippocampus_dentate_gyrus	specimen_40	16 Yrs	0.356697	0.324544	0.265865	0.49226	0.605645	0.628956	0.465981	0.790348	human_core_tuned	human	0.313212	0.289076	0.199207	0.390661	0.533554	0.532437	0.306566	0.748022	human_core_tuned|GSE185553|specimen_40|hippocampal_neuronal_ambiguous|human_other_or_ambiguous
human_dentate_low_support	0.177888	0.095775	0	0.228162	0.677955	0.659598	0.566405	0.746528	dentate_low_support	0	0	0	0	0.428006	0.428006	0.428006	0.428006	GSE185553	0.326571	0.334703	0.323459	0.348087	0.81461	0.818829	0.801424	0.845728	0.386603	0.390823	0.373418	0.417722	human_dg_like_candidate	0.372449	0.384553	0.225671	0.534805	6	snRNA_seq_selected_bridge	hippocampus_dentate_gyrus	specimen_40	16 Yrs	0.200967	0.205971	0.199052	0.214207	0.307094	0.308544	0.298655	0.330301	human_core_tuned	human	0.250434	0.281378	0.174699	0.32064	0.440928	0.52057	0.251978	0.614715	human_core_tuned|GSE185553|specimen_40|human_dg_like_candidate|human_dentate_low_support
human_dentate_candidate	0.751549	0.860567	0.444732	1.06388	0.35696	0.290981	0.19873	0.493558	dentate_candidate	0.0266525	0	0	0.0472733	0.562159	0.428006	0.428006	0.861155	GSE185553	0.242128	0.222252	0.114526	0.357119	0.759878	0.710443	0.675237	0.859968	0.197719	0.266614	-0.162184	0.412975	human_dg_like_high_confidence	0.349707	0.375166	0.237084	0.440825	72	snRNA_seq_selected_bridge	hippocampus_dentate_gyrus	specimen_40	16 Yrs	0.540776	0.562756	0.437084	0.655782	0.816664	0.873418	0.738133	0.946598	human_core_tuned	human	0.547344	0.575091	0.407731	0.695925	0.802501	0.883703	0.770965	0.945411	human_core_tuned|GSE185553|specimen_40|human_dg_like_high_confidence|human_dentate_candidate
human_immature_neurogenic_candidate	0.755627	0.791598	0.468947	1.07031	0.237379	0.186676	0	0.401649	dentate_candidate	0	0	0	0	0.428006	0.428006	0.428006	0.428006	GSE185553	0	0	0	0	0.321203	0.321203	0.321203	0.321203	-0.106804	-0.106804	-0.106804	-0.106804	immature_neurogenic_candidate	0.358869	0.344605	0.236971	0.482776	35	snRNA_seq_selected_bridge	hippocampus_dentate_gyrus	specimen_40	16 Yrs	0.541919	0.590571	0.481042	0.636146	0.816297	0.892405	0.773734	0.931171	human_core_tuned	human	0.552139	0.558587	0.399412	0.692873	0.823327	0.878165	0.759494	0.942247	human_core_tuned|GSE185553|specimen_40|immature_neurogenic_candidate|human_immature_neurogenic_candidate
human_dentate_low_support	0.341736	0.264134	0	0.605869	0.606534	0.569669	0.535267	0.640936	dentate_low_support	0	0	0	0	0.428006	0.428006	0.428006	0.428006	GSE185553	0	0	0	0	0.321203	0.321203	0.321203	0.321203	-0.106804	-0.106804	-0.106804	-0.106804	immature_neurogenic_candidate_low_support	0.281791	0.357583	0.247625	0.391749	4	snRNA_seq_selected_bridge	hippocampus_dentate_gyrus	specimen_40	16 Yrs	0.182835	0.183922	0.171365	0.195392	0.273339	0.268987	0.251978	0.290348	human_core_tuned	human	0.268788	0.268829	0.16813	0.369486	0.469937	0.485759	0.252769	0.702927	human_core_tuned|GSE185553|specimen_40|immature_neurogenic_candidate_low_support|human_dentate_low_support
human_other_or_ambiguous	0.129803	0	0	0.198473	0.539472	0.599084	0.502651	0.696012	other_or_ambiguous	0	0	0	0	0.428006	0.428006	0.428006	0.428006	GSE185553	0.0410678	0	0	0	0.373621	0.321203	0.321203	0.321203	-0.0543852	-0.106804	-0.106804	-0.106804	low_information_or_low_qc	0.136372	0	0	0.247147	70	snRNA_seq_selected_bridge	hippocampus_dentate_gyrus	specimen_40	16 Yrs	0.0549289	0	0	0.127591	0.163811	0.102848	0.102848	0.213212	human_core_tuned	human	0.107034	0.0786533	0	0.182682	0.170626	0.0917722	0.0261076	0.261472	human_core_tuned|GSE185553|specimen_40|low_information_or_low_qc|human_other_or_ambiguous
human_non_neuronal_background	0.17659	0.167642	0	0.274933	1.80825	1.75222	1.29042	2.21446	non_dentate_background	0.0309701	0	0	0	0.505088	0.428006	0.428006	0.428006	GSE185553	0.165477	0	0	0.340282	0.561313	0.321203	0.321203	0.833465	0.0562252	-0.106804	-0.106804	0.368275	non_neuronal_background	0.360383	0.337408	0.220577	0.50805	306	snRNA_seq_selected_bridge	hippocampus_dentate_gyrus	specimen_40	16 Yrs	0.230425	0.24523	0.13074	0.315481	0.419968	0.423259	0.220332	0.609968	human_core_tuned	human	0.255799	0.255466	0.173362	0.327732	0.446047	0.459652	0.245649	0.638845	human_core_tuned|GSE185553|specimen_40|non_neuronal_background|human_non_neuronal_background
human_broad_neuronal_structural_warning	0.388534	0.337836	0.180999	0.568263	0.264138	0.270282	0	0.524756	broad_neuronal_structural_warning	0.222714	0.238418	0.218156	0.246817	0.936311	0.935484	0.919355	0.951613	GSE185553	0	0	0	0	0.407258	0.407258	0.407258	0.407258	-0.529053	-0.528226	-0.544355	-0.512097	broad_neuronal_structural_warning	0.208564	0.204202	0	0.231245	13	snRNA_seq_selected_bridge	hippocampus_dentate_gyrus	specimen_41	95 Yrs	0.30898	0.304068	0.213457	0.487193	0.579818	0.663978	0.365591	0.830645	human_core_tuned	human	0.302026	0.295305	0.250024	0.350082	0.616315	0.680108	0.52957	0.768817	human_core_tuned|GSE185553|specimen_41|broad_neuronal_structural_warning|human_broad_neuronal_structural_warning
human_other_or_ambiguous	0.368243	0.291333	0.188861	0.520183	0.192386	0	0	0.508698	other_or_ambiguous	0	0	0	0	0.443548	0.443548	0.443548	0.443548	GSE185553	0	0	0	0	0.407258	0.407258	0.407258	0.407258	-0.0362903	-0.0362903	-0.0362903	-0.0362903	hippocampal_neuronal_ambiguous	0.185618	0.219045	0	0.253591	104	snRNA_seq_selected_bridge	hippocampus_dentate_gyrus	specimen_41	95 Yrs	0.370215	0.307623	0.232565	0.488788	0.654893	0.676075	0.477823	0.835349	human_core_tuned	human	0.308026	0.269863	0.197105	0.391759	0.594086	0.591398	0.383737	0.811828	human_core_tuned|GSE185553|specimen_41|hippocampal_neuronal_ambiguous|human_other_or_ambiguous
human_dentate_candidate	0.371164	0.395948	0.100362	0.533489	0.246603	0	0	0.603282	dentate_candidate	0	0	0	0	0.443548	0.443548	0.443548	0.443548	GSE185553	0.342832	0.371201	0.331008	0.374887	0.910924	0.938172	0.880376	0.948253	0.467375	0.494624	0.436828	0.504704	human_dg_like_high_confidence	0.237611	0.250906	0.0957765	0.283202	11	snRNA_seq_selected_bridge	hippocampus_dentate_gyrus	specimen_41	95 Yrs	0.46479	0.517069	0.281815	0.610016	0.767473	0.870968	0.614247	0.931452	human_core_tuned	human	0.357855	0.307722	0.22834	0.478267	0.668377	0.696237	0.469086	0.91129	human_core_tuned|GSE185553|specimen_41|human_dg_like_high_confidence|human_dentate_candidate
human_immature_neurogenic_candidate	0.528917	0.566358	0.24917	0.748739	0.0549964	0	0	0	dentate_candidate	0	0	0	0	0.443548	0.443548	0.443548	0.443548	GSE185553	0	0	0	0	0.407258	0.407258	0.407258	0.407258	-0.0362903	-0.0362903	-0.0362903	-0.0362903	immature_neurogenic_candidate	0.220299	0.2186	0	0.424741	30	snRNA_seq_selected_bridge	hippocampus_dentate_gyrus	specimen_41	95 Yrs	0.456897	0.450583	0.270307	0.629544	0.745251	0.801075	0.571909	0.948253	human_core_tuned	human	0.402037	0.397449	0.277768	0.460006	0.738262	0.823925	0.626344	0.907258	human_core_tuned|GSE185553|specimen_41|immature_neurogenic_candidate|human_immature_neurogenic_candidate
human_other_or_ambiguous	0.154459	0.0848895	0	0.21491	0.375815	0.521371	0	0.558991	other_or_ambiguous	0.0222278	0	0	0	0.491935	0.443548	0.443548	0.443548	GSE185553	0.123912	0	0	0.313027	0.563038	0.407258	0.407258	0.859543	0.0711022	-0.0362903	-0.0362903	-0.00638441	low_information_or_low_qc	0.176214	0.204986	0	0.25119	20	snRNA_seq_selected_bridge	hippocampus_dentate_gyrus	specimen_41	95 Yrs	0	0	0	0	0.123656	0.123656	0.123656	0.123656	human_core_tuned	human	0.110225	0.0864496	0.0424447	0.166791	0.20625	0.137097	0.0453629	0.320565	human_core_tuned|GSE185553|specimen_41|low_information_or_low_qc|human_other_or_ambiguous
human_non_neuronal_background	0.202395	0.190201	0	0.307343	1.30174	1.21928	0.849084	1.59808	non_dentate_background	0.0366872	0	0	0	0.516365	0.443548	0.443548	0.443548	GSE185553	0.0974704	0	0	0.261644	0.543052	0.407258	0.407258	0.827285	0.0266877	-0.0362903	-0.0362903	-0.0362903	non_neuronal_background	0.250472	0.237431	0	0.427458	194	snRNA_seq_selected_bridge	hippocampus_dentate_gyrus	specimen_41	95 Yrs	0.19111	0.20995	0	0.279165	0.3999	0.353495	0.123656	0.603831	human_core_tuned	human	0.214659	0.209904	0.119501	0.28136	0.428237	0.407258	0.18078	0.639113	human_core_tuned|GSE185553|specimen_41|non_neuronal_background|human_non_neuronal_background
human_broad_neuronal_structural_warning	0.742341	0.891495	0.428158	1.01114	0.386884	0.268281	0.138512	0.582376	broad_neuronal_structural_warning	0.150504	0.139904	0.0809385	0.215333	0.86997	0.85365	0.814635	0.929839	GSE185553	0.0141763	0	0	0	0.341524	0.300067	0.300067	0.300067	-0.528445	-0.535164	-0.624414	-0.5	broad_neuronal_structural_warning	0.386217	0.420513	0.267375	0.511988	96	snRNA_seq_selected_bridge	hippocampus_dentate_gyrus	specimen_42	4 Yrs	0.456635	0.531131	0.284596	0.611873	0.647536	0.748493	0.434863	0.855827	human_core_tuned	human	0.528398	0.637431	0.34352	0.69214	0.688672	0.815472	0.544374	0.87207	human_core_tuned|GSE185553|specimen_42|broad_neuronal_structural_warning|human_broad_neuronal_structural_warning
human_other_or_ambiguous	0.36541	0.245306	0	0.61286	0.577195	0.604346	0	0.884339	other_or_ambiguous	0.00374214	0	0	0	0.393133	0.384126	0.384126	0.384126	GSE185553	0.0281263	0	0	0	0.346842	0.300067	0.300067	0.300067	-0.0462913	-0.0840589	-0.0840589	-0.0840589	hippocampal_neuronal_ambiguous	0.259231	0.244672	0	0.420546	124	snRNA_seq_selected_bridge	hippocampus_dentate_gyrus	specimen_42	4 Yrs	0.34675	0.331375	0.243135	0.460091	0.51422	0.536839	0.351976	0.662592	human_core_tuned	human	0.323797	0.290778	0.197898	0.439346	0.45016	0.438379	0.229739	0.6857	human_core_tuned|GSE185553|specimen_42|hippocampal_neuronal_ambiguous|human_other_or_ambiguous
human_dentate_low_support	0.239342	0.239342	0.119671	0.359013	0.683308	0.683308	0.559827	0.80679	dentate_low_support	0	0	0	0	0.384126	0.384126	0.384126	0.384126	GSE185553	0.281713	0.281713	0.277215	0.286212	0.792867	0.792867	0.785918	0.799816	0.408741	0.408741	0.401792	0.41569	human_dg_like_candidate	0.123697	0.123697	0.0618485	0.185546	2	snRNA_seq_selected_bridge	hippocampus_dentate_gyrus	specimen_42	4 Yrs	0.222521	0.222521	0.219599	0.225442	0.31497	0.31497	0.307518	0.322421	human_core_tuned	human	0.195186	0.195186	0.176886	0.213487	0.217013	0.217013	0.177495	0.25653	human_core_tuned|GSE185553|specimen_42|human_dg_like_candidate|human_dentate_low_support
human_dentate_candidate	0.93911	1.00509	0.832287	1.11755	0.266875	0.225776	0.161697	0.341066	dentate_candidate	0.0209333	0	0	0.0398649	0.506875	0.384126	0.384126	0.775285	GSE185553	0.174099	0.139947	0.098765	0.22771	0.703449	0.67783	0.640656	0.734427	0.196573	0.270261	-0.083724	0.335566	human_dg_like_high_confidence	0.431894	0.447871	0.336935	0.533001	219	snRNA_seq_selected_bridge	hippocampus_dentate_gyrus	specimen_42	4 Yrs	0.589704	0.606209	0.513196	0.673536	0.81327	0.849297	0.72438	0.923309	human_core_tuned	human	0.65357	0.690708	0.592461	0.746959	0.832937	0.87006	0.782317	0.935365	human_core_tuned|GSE185553|specimen_42|human_dg_like_high_confidence|human_dentate_candidate
human_immature_neurogenic_candidate	0.871778	0.922192	0.702286	1.08878	0.316688	0.289334	0.181671	0.387588	dentate_candidate	0	0	0	0	0.384126	0.384126	0.384126	0.384126	GSE185553	0	0	0	0	0.300067	0.300067	0.300067	0.300067	-0.0840589	-0.0840589	-0.0840589	-0.0840589	immature_neurogenic_candidate	0.414857	0.432942	0.295125	0.526853	138	snRNA_seq_selected_bridge	hippocampus_dentate_gyrus	specimen_42	4 Yrs	0.572843	0.589387	0.493959	0.659573	0.79334	0.824514	0.702947	0.909411	human_core_tuned	human	0.619826	0.643131	0.527961	0.722358	0.805809	0.821165	0.744977	0.910415	human_core_tuned|GSE185553|specimen_42|immature_neurogenic_candidate|human_immature_neurogenic_candidate
human_dentate_low_support	0.295749	0.295749	0.295749	0.295749	0.571064	0.571064	0.571064	0.571064	dentate_low_support	0	0	0	0	0.384126	0.384126	0.384126	0.384126	GSE185553	0	0	0	0	0.300067	0.300067	0.300067	0.300067	-0.0840589	-0.0840589	-0.0840589	-0.0840589	immature_neurogenic_candidate_low_support	0.554529	0.554529	0.554529	0.554529	1	snRNA_seq_selected_bridge	hippocampus_dentate_gyrus	specimen_42	4 Yrs	0.21964	0.21964	0.21964	0.21964	0.310114	0.310114	0.310114	0.310114	human_core_tuned	human	0.356639	0.356639	0.356639	0.356639	0.573342	0.573342	0.573342	0.573342	human_core_tuned|GSE185553|specimen_42|immature_neurogenic_candidate_low_support|human_dentate_low_support
human_other_or_ambiguous	0.163222	0.156452	0	0.297552	0.661633	0.635625	0.558405	0.801798	other_or_ambiguous	0.0014881	0	0	0	0.387683	0.384126	0.384126	0.384126	GSE185553	0.0933117	0	0	0	0.441248	0.300067	0.300067	0.300067	0.0535644	-0.0840589	-0.0840589	-0.0840589	low_information_or_low_qc	0.161926	0	0	0.261983	159	snRNA_seq_selected_bridge	hippocampus_dentate_gyrus	specimen_42	4 Yrs	0.0731134	0	0	0.187828	0.163033	0.0884126	0.0884126	0.264903	human_core_tuned	human	0.132754	0.118117	0	0.195498	0.165582	0.0964501	0.0174146	0.22639	human_core_tuned|GSE185553|specimen_42|low_information_or_low_qc|human_other_or_ambiguous
human_non_neuronal_background	0.197848	0.171095	0	0.3034	1.90137	1.88293	1.50871	2.26354	non_dentate_background	0.0533331	0	0	0	0.51449	0.384126	0.384126	0.384126	GSE185553	0.143068	0	0	0.311257	0.535407	0.300067	0.300067	0.833054	0.0209168	-0.0840589	-0.0840589	0.324347	non_neuronal_background	0.383439	0.391255	0.23732	0.513611	754	snRNA_seq_selected_bridge	hippocampus_dentate_gyrus	specimen_42	4 Yrs	0.265967	0.274929	0.149259	0.361168	0.406663	0.407234	0.211822	0.569156	human_core_tuned	human	0.282418	0.276577	0.203648	0.352445	0.403339	0.40422	0.239283	0.565137	human_core_tuned|GSE185553|specimen_42|non_neuronal_background|human_non_neuronal_background
human_broad_neuronal_structural_warning	0.757256	0.925789	0.279202	1.14727	0.427603	0.378271	0.203582	0.56108	broad_neuronal_structural_warning	0.153144	0.140336	0.0740954	0.226646	0.86855	0.855507	0.805286	0.936123	GSE185553	0.0138715	0	0	0	0.285662	0.246256	0.246256	0.246256	-0.582888	-0.594714	-0.681278	-0.535683	broad_neuronal_structural_warning	0.394627	0.401467	0.274573	0.492528	157	snRNA_seq_selected_bridge	hippocampus_dentate_gyrus	specimen_5	3.2 Yrs	0.451197	0.526042	0.276369	0.594923	0.587249	0.662115	0.354626	0.789868	human_core_tuned	human	0.53436	0.617122	0.301436	0.719373	0.617827	0.703965	0.381938	0.84185	human_core_tuned|GSE185553|specimen_5|broad_neuronal_structural_warning|human_broad_neuronal_structural_warning
human_other_or_ambiguous	0.553359	0.416975	0.174505	0.963859	0.481396	0.480199	0.247139	0.718249	other_or_ambiguous	0	0	0	0	0.379295	0.379295	0.379295	0.379295	GSE185553	0.020483	0	0	0	0.278723	0.246256	0.246256	0.246256	-0.100572	-0.13304	-0.13304	-0.13304	hippocampal_neuronal_ambiguous	0.326017	0.33478	0.211082	0.466874	218	snRNA_seq_selected_bridge	hippocampus_dentate_gyrus	specimen_5	3.2 Yrs	0.393793	0.418212	0.246335	0.519403	0.499816	0.513436	0.314923	0.648678	human_core_tuned	human	0.42439	0.374925	0.264246	0.617228	0.495197	0.479956	0.315749	0.704075	human_core_tuned|GSE185553|specimen_5|hippocampal_neuronal_ambiguous|human_other_or_ambiguous
human_dentate_low_support	0.912633	1.09802	0.657424	1.18455	0.455318	0.383205	0.261953	0.627279	dentate_low_support	0.026385	0	0	0.0326701	0.508392	0.379295	0.379295	0.761894	GSE185553	0.159368	0.0509989	0.0469031	0.26111	0.609134	0.499119	0.495705	0.704295	0.100742	0.11696	-0.109802	0.289317	human_dg_like_candidate	0.439338	0.441134	0.347476	0.570472	30	snRNA_seq_selected_bridge	hippocampus_dentate_gyrus	specimen_5	3.2 Yrs	0.434522	0.524704	0.230261	0.614758	0.567584	0.661233	0.296751	0.823458	human_core_tuned	human	0.595497	0.691731	0.372095	0.780785	0.698047	0.809471	0.475991	0.912996	human_core_tuned|GSE185553|specimen_5|human_dg_like_candidate|human_dentate_low_support
human_dentate_candidate	0.968362	0.966951	0.81853	1.14658	0.339219	0.326197	0.223902	0.43175	dentate_candidate	0.018695	0	0	0	0.474434	0.379295	0.379295	0.379295	GSE185553	0.256562	0.22644	0.127391	0.354218	0.707604	0.661233	0.574119	0.843227	0.233171	0.228855	0.142952	0.399449	human_dg_like_high_confidence	0.387767	0.386655	0.287313	0.489	614	snRNA_seq_selected_bridge	hippocampus_dentate_gyrus	specimen_5	3.2 Yrs	0.586615	0.582372	0.501378	0.664125	0.750987	0.767181	0.623568	0.889207	human_core_tuned	human	0.647581	0.64762	0.565118	0.734977	0.749888	0.746916	0.647247	0.864978	human_core_tuned|GSE185553|specimen_5|human_dg_like_high_confidence|human_dentate_candidate
human_immature_neurogenic_candidate	1.04948	1.0854	0.917751	1.2357	0.280723	0.287645	0.192149	0.356168	dentate_candidate	0	0	0	0	0.379295	0.379295	0.379295	0.379295	GSE185553	0	0	0	0	0.246256	0.246256	0.246256	0.246256	-0.13304	-0.13304	-0.13304	-0.13304	immature_neurogenic_candidate	0.449275	0.451782	0.347488	0.543567	132	snRNA_seq_selected_bridge	hippocampus_dentate_gyrus	specimen_5	3.2 Yrs	0.604065	0.589881	0.536204	0.659903	0.773159	0.777753	0.682269	0.885242	human_core_tuned	human	0.70094	0.723348	0.628169	0.784725	0.813793	0.847137	0.71707	0.919383	human_core_tuned|GSE185553|specimen_5|immature_neurogenic_candidate|human_immature_neurogenic_candidate
human_dentate_low_support	1.28294	1.29859	1.20688	1.38306	0.287397	0.29795	0.239846	0.351943	dentate_low_support	0	0	0	0	0.379295	0.379295	0.379295	0.379295	GSE185553	0	0	0	0	0.246256	0.246256	0.246256	0.246256	-0.13304	-0.13304	-0.13304	-0.13304	immature_neurogenic_candidate_low_support	0.454833	0.459498	0.401863	0.500144	15	snRNA_seq_selected_bridge	hippocampus_dentate_gyrus	specimen_5	3.2 Yrs	0.599938	0.603721	0.545767	0.675824	0.782452	0.806608	0.698238	0.899119	human_core_tuned	human	0.779236	0.767543	0.753391	0.811853	0.904846	0.899559	0.886784	0.946916	human_core_tuned|GSE185553|specimen_5|immature_neurogenic_candidate_low_support|human_dentate_low_support
human_other_or_ambiguous	0.184648	0.175284	0	0.262941	0.668349	0.670452	0.537811	0.854847	other_or_ambiguous	0.0105107	0	0	0	0.404685	0.379295	0.379295	0.379295	GSE185553	0.0861478	0	0	0	0.384634	0.246256	0.246256	0.246256	-0.0200507	-0.13304	-0.13304	-0.13304	low_information_or_low_qc	0.241568	0.242863	0	0.417195	198	snRNA_seq_selected_bridge	hippocampus_dentate_gyrus	specimen_5	3.2 Yrs	0.11678	0.150401	0	0.217535	0.177804	0.163436	0.0711454	0.267731	human_core_tuned	human	0.180999	0.167121	0.0819709	0.245879	0.189021	0.136344	0.0446035	0.285793	human_core_tuned|GSE185553|specimen_5|low_information_or_low_qc|human_other_or_ambiguous
human_non_neuronal_background	0.221843	0.173282	0	0.341485	1.87276	1.84481	1.46825	2.19258	non_dentate_background	0.0593147	0	0	0.128316	0.523194	0.379295	0.379295	0.852203	GSE185553	0.162794	0	0	0.328102	0.513012	0.246256	0.246256	0.798128	-0.0101813	-0.13304	-0.13304	0.340749	non_neuronal_background	0.360792	0.346326	0.213362	0.500988	906	snRNA_seq_selected_bridge	hippocampus_dentate_gyrus	specimen_5	3.2 Yrs	0.261977	0.249889	0.143183	0.353472	0.339084	0.317841	0.156498	0.456718	human_core_tuned	human	0.281538	0.258865	0.184963	0.353477	0.320923	0.30815	0.166189	0.45011	human_core_tuned|GSE185553|specimen_5|non_neuronal_background|human_non_neuronal_background
human_broad_neuronal_structural_warning	0.754577	0.793364	0.529265	1.00953	0.246588	0.239132	0	0.423459	broad_neuronal_structural_warning	0.187006	0.182174	0.129742	0.2356	0.90636	0.899963	0.865435	0.948115	GSE185553	0.0177091	0	0	0	0.383541	0.333707	0.333707	0.333707	-0.52282	-0.553005	-0.60377	-0.513998	broad_neuronal_structural_warning	0.357346	0.355284	0.20827	0.515451	179	snRNA_seq_selected_bridge	hippocampus_dentate_gyrus	specimen_6	4 Yrs	0.504746	0.534876	0.407523	0.628431	0.657928	0.717805	0.495521	0.846398	human_core_tuned	human	0.538889	0.552015	0.394583	0.703797	0.709124	0.796566	0.533221	0.940649	human_core_tuned|GSE185553|specimen_6|broad_neuronal_structural_warning|human_broad_neuronal_structural_warning
human_other_or_ambiguous	0.612804	0.60439	0.413138	0.796368	0.21579	0	0	0.464636	other_or_ambiguous	0.000435199	0	0	0	0.418135	0.417133	0.417133	0.417133	GSE185553	0.00673938	0	0	0	0.342048	0.333707	0.333707	0.333707	-0.0760872	-0.0834267	-0.0834267	-0.0834267	hippocampal_neuronal_ambiguous	0.23234	0.218945	0	0.371516	517	snRNA_seq_selected_bridge	hippocampus_dentate_gyrus	specimen_6	4 Yrs	0.477316	0.486756	0.374627	0.570265	0.619657	0.637365	0.463233	0.76969	human_core_tuned	human	0.44082	0.437633	0.335152	0.53953	0.59482	0.601717	0.432624	0.776036	human_core_tuned|GSE185553|specimen_6|hippocampal_neuronal_ambiguous|human_other_or_ambiguous
human_dentate_low_support	0.620282	0.626204	0.37759	0.876352	0.184812	0	0	0.372073	dentate_low_support	0.0295487	0	0	0	0.490675	0.417133	0.417133	0.417133	GSE185553	0.347481	0.325481	0.271705	0.356255	0.83914	0.840985	0.775476	0.880739	0.348465	0.423852	0.319709	0.463606	human_dg_like_candidate	0.180452	0.16826	0	0.315485	27	snRNA_seq_selected_bridge	hippocampus_dentate_gyrus	specimen_6	4 Yrs	0.257689	0.25326	0.228102	0.264993	0.327575	0.324748	0.290873	0.340426	human_core_tuned	human	0.352807	0.345776	0.248241	0.443659	0.457122	0.449048	0.282941	0.613662	human_core_tuned|GSE185553|specimen_6|human_dg_like_candidate|human_dentate_low_support
human_dentate_candidate	0.707085	0.705936	0.530234	0.902079	0.257173	0.282095	0	0.406049	dentate_candidate	0.0235831	0	0	0	0.492556	0.417133	0.417133	0.417133	GSE185553	0.316826	0.28357	0.207762	0.367641	0.811594	0.786301	0.723964	0.894923	0.319038	0.344718	0.276596	0.45642	human_dg_like_high_confidence	0.300866	0.285523	0.177129	0.418314	463	snRNA_seq_selected_bridge	hippocampus_dentate_gyrus	specimen_6	4 Yrs	0.563573	0.554384	0.450535	0.659792	0.723191	0.746174	0.566816	0.881299	human_core_tuned	human	0.523841	0.514307	0.430786	0.621241	0.712165	0.727884	0.591825	0.87402	human_core_tuned|GSE185553|specimen_6|human_dg_like_high_confidence|human_dentate_candidate
human_immature_neurogenic_candidate	0.667149	0.664743	0.469768	0.870531	0.236989	0.241528	0	0.420975	dentate_candidate	0	0	0	0	0.417133	0.417133	0.417133	0.417133	GSE185553	0	0	0	0	0.333707	0.333707	0.333707	0.333707	-0.0834267	-0.0834267	-0.0834267	-0.0834267	immature_neurogenic_candidate	0.310286	0.311633	0.175761	0.44972	349	snRNA_seq_selected_bridge	hippocampus_dentate_gyrus	specimen_6	4 Yrs	0.55212	0.539736	0.456593	0.652348	0.71518	0.729003	0.579321	0.872714	human_core_tuned	human	0.509852	0.519297	0.401899	0.611946	0.695148	0.738708	0.542367	0.863755	human_core_tuned|GSE185553|specimen_6|immature_neurogenic_candidate|human_immature_neurogenic_candidate
human_dentate_low_support	0.35386	0.35386	0.35386	0.35386	0.662255	0.662255	0.662255	0.662255	dentate_low_support	0	0	0	0	0.417133	0.417133	0.417133	0.417133	GSE185553	0	0	0	0	0.333707	0.333707	0.333707	0.333707	-0.0834267	-0.0834267	-0.0834267	-0.0834267	immature_neurogenic_candidate_low_support	0.221162	0.221162	0.221162	0.221162	1	snRNA_seq_selected_bridge	hippocampus_dentate_gyrus	specimen_6	4 Yrs	0.254714	0.254714	0.254714	0.254714	0.327361	0.327361	0.327361	0.327361	human_core_tuned	human	0.276579	0.276579	0.276579	0.276579	0.329974	0.329974	0.329974	0.329974	human_core_tuned|GSE185553|specimen_6|immature_neurogenic_candidate_low_support|human_dentate_low_support
human_other_or_ambiguous	0.355608	0.332963	0.176604	0.566777	0.308168	0.472727	0	0.574101	other_or_ambiguous	0.00522913	0	0	0	0.428485	0.417133	0.417133	0.417133	GSE185553	0.0422892	0	0	0	0.393473	0.333707	0.333707	0.333707	-0.0350119	-0.0834267	-0.0834267	-0.0834267	low_information_or_low_qc	0.220014	0.231363	0	0.310433	288	snRNA_seq_selected_bridge	hippocampus_dentate_gyrus	specimen_6	4 Yrs	0.155189	0.20368	0	0.231676	0.224164	0.232083	0.0847331	0.298759	human_core_tuned	human	0.243604	0.232698	0.147126	0.329052	0.29134	0.256812	0.128499	0.422359	human_core_tuned|GSE185553|specimen_6|low_information_or_low_qc|human_other_or_ambiguous
human_non_neuronal_background	0.23038	0.18858	0	0.359507	1.54113	1.45876	1.12306	1.93402	non_dentate_background	0.0507631	0	0	0	0.52735	0.417133	0.417133	0.417133	GSE185553	0.145461	0	0	0.326939	0.544988	0.333707	0.333707	0.844065	0.0176388	-0.0834267	-0.0834267	0.345838	non_neuronal_background	0.278158	0.248349	0.190488	0.419296	855	snRNA_seq_selected_bridge	hippocampus_dentate_gyrus	specimen_6	4 Yrs	0.200409	0.19871	0	0.312029	0.285031	0.222098	0.0847331	0.410228	human_core_tuned	human	0.236316	0.214855	0.137342	0.308574	0.276757	0.22807	0.109183	0.388018	human_core_tuned|GSE185553|specimen_6|non_neuronal_background|human_non_neuronal_background
human_broad_neuronal_structural_warning	0.831935	0.85082	0.639663	1.02619	0.212773	0.222261	0	0.369008	broad_neuronal_structural_warning	0.187116	0.181532	0.146809	0.222074	0.900088	0.897712	0.858204	0.941162	GSE185553	0.0139612	0	0	0	0.421559	0.383092	0.383092	0.383092	-0.478529	-0.503727	-0.551548	-0.460323	broad_neuronal_structural_warning	0.55841	0.542936	0.35654	0.742614	2376	snRNA_seq_selected_bridge	hippocampus_dentate_gyrus	specimen_7	4.3 Yrs	0.652738	0.664949	0.522246	0.784841	0.646085	0.684614	0.464206	0.855363	human_core_tuned	human	0.681028	0.6887	0.556659	0.813498	0.675147	0.722767	0.493798	0.895471	human_core_tuned|GSE185553|specimen_7|broad_neuronal_structural_warning|human_broad_neuronal_structural_warning
human_other_or_ambiguous	0.758049	0.759495	0.578502	0.945734	0.196894	0	0	0.401798	other_or_ambiguous	0.000207835	0	0	0	0.404897	0.404331	0.404331	0.404331	GSE185553	0.00545696	0	0	0	0.391856	0.383092	0.383092	0.383092	-0.0130416	-0.0212394	-0.0212394	-0.0212394	hippocampal_neuronal_ambiguous	0.431513	0.42079	0.239894	0.592766	5220	snRNA_seq_selected_bridge	hippocampus_dentate_gyrus	specimen_7	4.3 Yrs	0.629419	0.634192	0.516272	0.734525	0.616867	0.629925	0.457404	0.792935	human_core_tuned	human	0.606327	0.609821	0.511116	0.703699	0.577798	0.588502	0.413518	0.749322	human_core_tuned|GSE185553|specimen_7|hippocampal_neuronal_ambiguous|human_other_or_ambiguous
human_dentate_low_support	0.810321	0.818843	0.626784	1.01528	0.250436	0.28403	0	0.407376	dentate_low_support	0.0259677	0	0	0	0.474731	0.404331	0.404331	0.404331	GSE185553	0.262764	0.250705	0.214542	0.281837	0.874327	0.869723	0.834411	0.901022	0.399596	0.451814	0.411368	0.489289	human_dg_like_candidate	0.457143	0.441735	0.27083	0.607377	221	snRNA_seq_selected_bridge	hippocampus_dentate_gyrus	specimen_7	4.3 Yrs	0.405504	0.407396	0.375081	0.431106	0.30088	0.288492	0.253779	0.326749	human_core_tuned	human	0.557656	0.561094	0.460487	0.653472	0.500919	0.502137	0.332013	0.663322	human_core_tuned|GSE185553|specimen_7|human_dg_like_candidate|human_dentate_low_support
human_dentate_candidate	0.825866	0.838364	0.637317	1.02061	0.211068	0.21713	0	0.374494	dentate_candidate	0.0237849	0	0	0	0.48406	0.404331	0.404331	0.404331	GSE185553	0.261254	0.240963	0.188126	0.302968	0.869695	0.860432	0.813888	0.918821	0.385635	0.441155	0.385242	0.504482	human_dg_like_high_confidence	0.540393	0.530957	0.346301	0.722969	2752	snRNA_seq_selected_bridge	hippocampus_dentate_gyrus	specimen_7	4.3 Yrs	0.70926	0.697246	0.602458	0.802694	0.718803	0.738481	0.573915	0.873254	human_core_tuned	human	0.691839	0.701204	0.578678	0.805646	0.695311	0.745075	0.531898	0.888434	human_core_tuned|GSE185553|specimen_7|human_dg_like_high_confidence|human_dentate_candidate
human_immature_neurogenic_candidate	0.806837	0.814652	0.637073	0.984367	0.222108	0.256815	0	0.383547	dentate_candidate	0	0	0	0	0.404331	0.404331	0.404331	0.404331	GSE185553	0	0	0	0	0.383092	0.383092	0.383092	0.383092	-0.0212394	-0.0212394	-0.0212394	-0.0212394	immature_neurogenic_candidate	0.620599	0.612548	0.444086	0.78449	1424	snRNA_seq_selected_bridge	hippocampus_dentate_gyrus	specimen_7	4.3 Yrs	0.723831	0.71394	0.604474	0.829686	0.730151	0.764359	0.577706	0.899419	human_core_tuned	human	0.717089	0.723903	0.618584	0.820088	0.736496	0.781794	0.603826	0.901999	human_core_tuned|GSE185553|specimen_7|immature_neurogenic_candidate|human_immature_neurogenic_candidate
human_dentate_low_support	0.763343	0.766633	0.636408	0.892769	0.169147	0	0	0.346757	dentate_low_support	0	0	0	0	0.404331	0.404331	0.404331	0.404331	GSE185553	0	0	0	0	0.383092	0.383092	0.383092	0.383092	-0.0212394	-0.0212394	-0.0212394	-0.0212394	immature_neurogenic_candidate_low_support	0.628801	0.596772	0.448345	0.785323	26	snRNA_seq_selected_bridge	hippocampus_dentate_gyrus	specimen_7	4.3 Yrs	0.423086	0.418648	0.40617	0.439284	0.321234	0.305574	0.287325	0.338541	human_core_tuned	human	0.605077	0.594661	0.511838	0.684663	0.575074	0.560747	0.414769	0.716147	human_core_tuned|GSE185553|specimen_7|immature_neurogenic_candidate_low_support|human_dentate_low_support
human_other_or_ambiguous	0.633627	0.618659	0.423897	0.824765	0.120607	0	0	0	other_or_ambiguous	0.00147384	0	0	0	0.407964	0.404331	0.404331	0.404331	GSE185553	0.0412613	0	0	0	0.450902	0.383092	0.383092	0.383092	0.0429373	-0.0212394	-0.0212394	-0.0212394	low_information_or_low_qc	0.329171	0.278748	0.196065	0.472386	4061	snRNA_seq_selected_bridge	hippocampus_dentate_gyrus	specimen_7	4.3 Yrs	0.359789	0.388666	0.229794	0.470287	0.286609	0.26733	0.150057	0.389685	human_core_tuned	human	0.440862	0.438702	0.347507	0.534175	0.334611	0.30048	0.18795	0.451892	human_core_tuned|GSE185553|specimen_7|low_information_or_low_qc|human_other_or_ambiguous
human_non_neuronal_background	0.321149	0.234602	0.156523	0.466968	1.41235	1.37054	0.729524	1.94027	non_dentate_background	0.0613994	0	0	0	0.534854	0.404331	0.404331	0.404331	GSE185553	0.0751712	0	0	0	0.506494	0.383092	0.383092	0.383092	-0.0283601	-0.0212394	-0.0212394	-0.0212394	non_neuronal_background	0.292132	0.247735	0.179667	0.44501	3106	snRNA_seq_selected_bridge	hippocampus_dentate_gyrus	specimen_7	4.3 Yrs	0.232012	0.216649	0	0.353098	0.187286	0.131984	0.0333055	0.240579	human_core_tuned	human	0.281764	0.247645	0.159655	0.367219	0.1695	0.10208	0.0463554	0.209163	human_core_tuned|GSE185553|specimen_7|non_neuronal_background|human_non_neuronal_background
human_broad_neuronal_structural_warning	0.820633	0.904076	0.642938	1.08617	0.306717	0.263104	0.131924	0.478604	broad_neuronal_structural_warning	0.148408	0.130175	0.090084	0.205924	0.834527	0.808489	0.775362	0.894065	GSE185553	0.0256038	0	0	0.0409793	0.4152	0.319186	0.319186	0.640787	-0.419327	-0.464458	-0.555901	-0.235852	broad_neuronal_structural_warning	0.440408	0.454402	0.329145	0.561087	100	snRNA_seq_selected_bridge	hippocampus_dentate_gyrus	specimen_8	6.7 Yrs	0.514746	0.584069	0.427364	0.64308	0.724462	0.821601	0.640787	0.884058	human_core_tuned	human	0.591929	0.660501	0.486067	0.734453	0.766097	0.845066	0.730159	0.916667	human_core_tuned|GSE185553|specimen_8|broad_neuronal_structural_warning|human_broad_neuronal_structural_warning
human_other_or_ambiguous	0.498942	0.476986	0.22735	0.743233	0.340681	0.394806	0	0.564851	other_or_ambiguous	0	0	0	0	0.366805	0.366805	0.366805	0.366805	GSE185553	0.00517242	0	0	0	0.327957	0.319186	0.319186	0.319186	-0.0388472	-0.047619	-0.047619	-0.047619	hippocampal_neuronal_ambiguous	0.276602	0.249843	0.166496	0.416173	183	snRNA_seq_selected_bridge	hippocampus_dentate_gyrus	specimen_8	6.7 Yrs	0.381296	0.394969	0.235234	0.50865	0.555512	0.604555	0.350242	0.750863	human_core_tuned	human	0.385613	0.354466	0.27428	0.511489	0.542513	0.565217	0.379227	0.750863	human_core_tuned|GSE185553|specimen_8|hippocampal_neuronal_ambiguous|human_other_or_ambiguous
human_dentate_low_support	0.29646	0.199513	0	0.513284	0.518433	0.536279	0.419214	0.689097	dentate_low_support	0.0130646	0	0	0	0.401104	0.366805	0.366805	0.366805	GSE185553	0.325621	0.309996	0.262008	0.354295	0.849022	0.847481	0.784334	0.902346	0.447918	0.480676	0.407177	0.535542	human_dg_like_candidate	0.195271	0.206664	0	0.311729	15	snRNA_seq_selected_bridge	hippocampus_dentate_gyrus	specimen_8	6.7 Yrs	0.197303	0.202748	0.18571	0.216535	0.269657	0.271222	0.240856	0.300035	human_core_tuned	human	0.229678	0.245071	0.141117	0.309223	0.308995	0.306418	0.122153	0.470669	human_core_tuned|GSE185553|specimen_8|human_dg_like_candidate|human_dentate_low_support
human_dentate_candidate	0.907716	0.984808	0.781859	1.10383	0.303833	0.26203	0.166314	0.404313	dentate_candidate	0.0263955	0	0	0.037298	0.491443	0.366805	0.366805	0.741546	GSE185553	0.204241	0.172395	0.114031	0.280564	0.753922	0.721187	0.685818	0.807626	0.262479	0.324362	-0.00448585	0.405797	human_dg_like_high_confidence	0.422193	0.438709	0.291021	0.555878	188	snRNA_seq_selected_bridge	hippocampus_dentate_gyrus	specimen_8	6.7 Yrs	0.59931	0.62306	0.507175	0.693561	0.820362	0.859903	0.75	0.930124	human_core_tuned	human	0.643073	0.694944	0.576087	0.753072	0.824556	0.874051	0.785714	0.941856	human_core_tuned|GSE185553|specimen_8|human_dg_like_high_confidence|human_dentate_candidate
human_immature_neurogenic_candidate	0.745403	0.79749	0.537967	1.01791	0.29696	0.28673	0.0311825	0.441887	dentate_candidate	0	0	0	0	0.366805	0.366805	0.366805	0.366805	GSE185553	0	0	0	0	0.319186	0.319186	0.319186	0.319186	-0.047619	-0.047619	-0.047619	-0.047619	immature_neurogenic_candidate	0.396264	0.43205	0.245517	0.532339	130	snRNA_seq_selected_bridge	hippocampus_dentate_gyrus	specimen_8	6.7 Yrs	0.560778	0.547668	0.448888	0.686073	0.77137	0.793306	0.67098	0.924086	human_core_tuned	human	0.567482	0.603934	0.430187	0.709889	0.757164	0.803658	0.682885	0.890614	human_core_tuned|GSE185553|specimen_8|immature_neurogenic_candidate|human_immature_neurogenic_candidate
human_dentate_low_support	0.39531	0.17944	0	0.718822	0.586123	0.522868	0.462573	0.868535	dentate_low_support	0	0	0	0	0.366805	0.366805	0.366805	0.366805	GSE185553	0	0	0	0	0.319186	0.319186	0.319186	0.319186	-0.047619	-0.047619	-0.047619	-0.047619	immature_neurogenic_candidate_low_support	0.239492	0.224299	0.180945	0.301836	5	snRNA_seq_selected_bridge	hippocampus_dentate_gyrus	specimen_8	6.7 Yrs	0.193671	0.201103	0.186659	0.206522	0.256315	0.267081	0.244306	0.277433	human_core_tuned	human	0.276158	0.230494	0.203595	0.40906	0.378468	0.271222	0.21187	0.648723	human_core_tuned|GSE185553|specimen_8|immature_neurogenic_candidate_low_support|human_dentate_low_support
human_other_or_ambiguous	0.198187	0.166275	0	0.354024	0.571658	0.590105	0.484188	0.728073	other_or_ambiguous	0.00250353	0	0	0	0.372342	0.366805	0.366805	0.366805	GSE185553	0.0642358	0	0	0	0.421395	0.319186	0.319186	0.319186	0.0490531	-0.047619	-0.047619	-0.047619	low_information_or_low_qc	0.168661	0.21097	0	0.259823	109	snRNA_seq_selected_bridge	hippocampus_dentate_gyrus	specimen_8	6.7 Yrs	0.0521418	0	0	0.146219	0.135408	0.0862664	0.0862664	0.195307	human_core_tuned	human	0.139663	0.12777	0.0530457	0.213796	0.168177	0.0993789	0.0303658	0.238095	human_core_tuned|GSE185553|specimen_8|low_information_or_low_qc|human_other_or_ambiguous
human_non_neuronal_background	0.187667	0.156795	0	0.293773	1.76531	1.80041	1.35614	2.13774	non_dentate_background	0.0701093	0	0	0.169206	0.536732	0.366805	0.366805	0.848516	GSE185553	0.131642	0	0	0.294529	0.528469	0.319186	0.319186	0.831263	-0.00826334	-0.047619	-0.047619	0.101794	non_neuronal_background	0.382172	0.39606	0.230109	0.529668	719	snRNA_seq_selected_bridge	hippocampus_dentate_gyrus	specimen_8	6.7 Yrs	0.245871	0.261307	0.147233	0.336392	0.384288	0.388544	0.197378	0.539337	human_core_tuned	human	0.271903	0.270438	0.195012	0.344588	0.37664	0.365769	0.202553	0.546929	human_core_tuned|GSE185553|specimen_8|non_neuronal_background|human_non_neuronal_background
human_dentate_anchor	0.869517	0.878553	0.76042	0.986706	0.372803	0.352555	0.277046	0.444197	dentate_candidate	0.03882	0	0	0.0753903	0.500052	0.300847	0.300847	0.750026	GSE186538	0.241775	0.236612	0.149912	0.340873	0.500052	0.500052	0.250065	0.750026	1.1882e-17	-0.00386706	-0.236988	0.274117	curated_human_dg_gc_anchor	0.496535	0.503773	0.403684	0.595862	9568	snRNA_seq_selected_bridge	hippocampus_dentate_gyrus	HSB179	48Y	0.797607	0.802901	0.731145	0.869313	0.500052	0.500052	0.250078	0.750026	human_core_tuned	human	0.72122	0.730109	0.663274	0.787779	0.500052	0.500052	0.250078	0.750026	human_core_tuned|GSE186538|HSB179|curated_human_dg_gc_anchor|human_dentate_anchor
human_dentate_anchor	0.934779	0.93992	0.850002	1.0252	0.352502	0.341086	0.272505	0.415902	dentate_candidate	0.049103	0.0341426	0	0.084874	0.500068	0.500068	0.238795	0.75	GSE186538	0.257863	0.256096	0.169205	0.342635	0.500068	0.500068	0.250102	0.750034	1.26224e-17	-0.0055343	-0.243099	0.284487	curated_human_dg_gc_anchor	0.57125	0.568346	0.48604	0.656097	7318	snRNA_seq_selected_bridge	hippocampus_dentate_gyrus	HSB181	44Y	0.903053	0.90373	0.834195	0.97201	0.500068	0.500068	0.250102	0.750034	human_core_tuned	human	0.803027	0.80418	0.752332	0.855387	0.500068	0.500068	0.250102	0.750034	human_core_tuned|GSE186538|HSB181|curated_human_dg_gc_anchor|human_dentate_anchor
human_dentate_anchor	0.933152	0.938399	0.835858	1.0343	0.305641	0.29855	0.228814	0.369065	dentate_candidate	0.0689933	0.065267	0	0.111715	0.500134	0.500134	0.180204	0.750067	GSE186538	0.287985	0.284327	0.191862	0.380362	0.500134	0.500134	0.250202	0.750034	1.0511e-17	0.00215169	-0.28399	0.303423	curated_human_dg_gc_anchor	0.619064	0.616823	0.517913	0.714196	3718	snRNA_seq_selected_bridge	hippocampus_dentate_gyrus	HSB231	79Y	0.88288	0.882972	0.817091	0.949362	0.500134	0.500134	0.250202	0.750067	human_core_tuned	human	0.811699	0.813886	0.762324	0.864235	0.500134	0.500134	0.250202	0.750067	human_core_tuned|GSE186538|HSB231|curated_human_dg_gc_anchor|human_dentate_anchor
human_dentate_anchor	0.828742	0.828521	0.728344	0.934687	0.353576	0.340573	0.267466	0.425339	dentate_candidate	0.0384145	0	0	0.0706571	0.500121	0.291898	0.291898	0.75006	GSE186538	0.417135	0.418608	0.293536	0.537687	0.500121	0.500121	0.250181	0.75006	-1.15989e-17	-0.000241838	-0.237062	0.279927	curated_human_dg_gc_anchor	0.728059	0.73949	0.616475	0.848237	4135	snRNA_seq_selected_bridge	hippocampus_dentate_gyrus	HSB237	51Y	0.902167	0.907001	0.832218	0.976975	0.500121	0.500121	0.250181	0.75006	human_core_tuned	human	0.819656	0.824455	0.762314	0.88095	0.500121	0.500121	0.250181	0.75006	human_core_tuned|GSE186538|HSB237|curated_human_dg_gc_anchor|human_dentate_anchor
human_dentate_anchor	0.830229	0.834237	0.721559	0.945818	0.527721	0.492456	0.353266	0.675975	dentate_candidate	0.030513	0	0	0.0372098	0.500209	0.368719	0.368719	0.750105	GSE186538	0.227051	0.213621	0.124372	0.342649	0.500209	0.500209	0.250262	0.750105	0	-0.00439698	-0.26026	0.288003	curated_human_dg_gc_anchor	0.489323	0.486564	0.384958	0.595408	2388	snRNA_seq_selected_bridge	hippocampus_dentate_gyrus	HSB282	48Y	0.859943	0.864866	0.762247	0.96131	0.500209	0.500209	0.250314	0.750105	human_core_tuned	human	0.726498	0.730523	0.661428	0.796644	0.500209	0.500209	0.250314	0.750105	human_core_tuned|GSE186538|HSB282|curated_human_dg_gc_anchor|human_dentate_anchor
human_dentate_anchor	0.888303	0.891731	0.79371	0.985146	0.31028	0.296857	0.224501	0.379143	dentate_candidate	0.0597188	0.0543429	0	0.102008	0.500103	0.500103	0.22196	0.750051	GSE186538	0.279216	0.276297	0.176836	0.376751	0.500103	0.500103	0.250154	0.750051	-1.82116e-18	0.000615132	-0.246873	0.283678	curated_human_dg_gc_anchor	0.521905	0.519211	0.421671	0.620334	4877	snRNA_seq_selected_bridge	hippocampus_dentate_gyrus	HSB628	50Y	0.872813	0.87435	0.794878	0.949332	0.500103	0.500103	0.250154	0.750154	human_core_tuned	human	0.761007	0.762506	0.705691	0.818251	0.500103	0.500103	0.250154	0.750051	human_core_tuned|GSE186538|HSB628|curated_human_dg_gc_anchor|human_dentate_anchor
