analysis_region	sampling_group	neuron_id	neuron_name	archive	species	strain	brain_region	cell_type	age_classification	age_scale	min_age	max_age	gender	experiment_condition	protocol	domain	attributes	physical_integrity	reconstruction_software	slicing_thickness	reference_pmid	reference_doi	measurements_url
dentate_gyrus	DG_mouse_sample	102085	01042017e6-000	Nandi	mouse	h-GFAP-Cre;Frs2(fl/fl);Frs3-/-	hippocampus;dentate gyrus;granule layer;outer	principal cell;granule;mature	young adult	Day	21.0	25.0	Male/Female	Frs2, 3-double mutant	in vitro	Dendrites, Soma, No Axon	Diameter, 3D, Angles	Dendrites Complete	Neurolucida	300	29155277	10.1016/j.neuroscience.2017.11.017	http://neuromorpho.org/api/morphometry/id/102085
dentate_gyrus	DG_mouse_sample	102086	01052017e1-DGC-000	Nandi	mouse	h-GFAP-Cre;Frs2(fl/fl);Frs3-/-	hippocampus;dentate gyrus;granule layer;outer	principal cell;granule;mature	young adult	Day	21.0	25.0	Male/Female	Frs2, 3-double mutant	in vitro	Dendrites, Soma, No Axon	Diameter, 3D, Angles	Dendrites Complete	Neurolucida	300	29155277	10.1016/j.neuroscience.2017.11.017	http://neuromorpho.org/api/morphometry/id/102086
dentate_gyrus	DG_mouse_sample	102087	01052017e4-DGC-000	Nandi	mouse	h-GFAP-Cre;Frs2(fl/fl);Frs3-/-	hippocampus;dentate gyrus;granule layer;outer	principal cell;granule;mature	young adult	Day	21.0	25.0	Male/Female	Frs2, 3-double mutant	in vitro	Dendrites, Soma, No Axon	Diameter, 3D, Angles	Dendrites Complete	Neurolucida	300	29155277	10.1016/j.neuroscience.2017.11.017	http://neuromorpho.org/api/morphometry/id/102087
dentate_gyrus	DG_mouse_sample	102088	052417dgc2-1KS	Nandi	mouse	h-GFAP-Cre;Frs2(fl/fl);Frs3-/-	hippocampus;dentate gyrus;granule layer;outer	principal cell;granule;mature	young adult	Day	21.0	25.0	Male/Female	Frs2, 3-double mutant	in vitro	Dendrites, Soma, No Axon	No Diameter, 3D, Angles	Dendrites Complete	Neurolucida	300	29155277	10.1016/j.neuroscience.2017.11.017	http://neuromorpho.org/api/morphometry/id/102088
dentate_gyrus	DG_mouse_sample	102089	052417dgc4-1KS	Nandi	mouse	h-GFAP-Cre;Frs2(fl/fl);Frs3-/-	hippocampus;dentate gyrus;granule layer;outer	principal cell;granule;mature	young adult	Day	21.0	25.0	Male/Female	Frs2, 3-double mutant	in vitro	Dendrites, Soma, No Axon	No Diameter, 3D, Angles	Dendrites Complete	Neurolucida	300	29155277	10.1016/j.neuroscience.2017.11.017	http://neuromorpho.org/api/morphometry/id/102089
dentate_gyrus	DG_mouse_sample	102090	052617_DGC2	Nandi	mouse	h-GFAP-Cre;Frs2(fl/fl);Frs3-/-	hippocampus;dentate gyrus;granule layer;outer	principal cell;granule;mature	young adult	Day	21.0	25.0	Male/Female	Frs2, 3-double mutant	in vitro	Dendrites, Soma, No Axon	Diameter, 3D, Angles	Dendrites Complete	Neurolucida	300	29155277	10.1016/j.neuroscience.2017.11.017	http://neuromorpho.org/api/morphometry/id/102090
dentate_gyrus	DG_mouse_sample	102091	052617_DGC4	Nandi	mouse	h-GFAP-Cre;Frs2(fl/fl);Frs3-/-	hippocampus;dentate gyrus;granule layer;outer	principal cell;granule;mature	young adult	Day	21.0	25.0	Male/Female	Frs2, 3-double mutant	in vitro	Dendrites, Soma, No Axon	No Diameter, 3D, Angles	Dendrites Complete	Neurolucida	300	29155277	10.1016/j.neuroscience.2017.11.017	http://neuromorpho.org/api/morphometry/id/102091
dentate_gyrus	DG_mouse_sample	102092	052617DGC6	Nandi	mouse	h-GFAP-Cre;Frs2(fl/fl);Frs3-/-	hippocampus;dentate gyrus;granule layer;outer	principal cell;granule;mature	young adult	Day	21.0	25.0	Male/Female	Frs2, 3-double mutant	in vitro	Dendrites, Soma, No Axon	No Diameter, 3D, Angles	Dendrites Complete	Neurolucida	300	29155277	10.1016/j.neuroscience.2017.11.017	http://neuromorpho.org/api/morphometry/id/102092
dentate_gyrus	DG_mouse_sample	102093	06152016e2-000	Nandi	mouse	h-GFAP-Cre;Frs2(fl/fl);Frs3-/-	hippocampus;dentate gyrus;granule layer;outer	principal cell;granule;mature	young adult	Day	21.0	25.0	Male/Female	Frs2, 3-double mutant	in vitro	Dendrites, Soma, No Axon	Diameter, 3D, Angles	Dendrites Complete	Neurolucida	300	29155277	10.1016/j.neuroscience.2017.11.017	http://neuromorpho.org/api/morphometry/id/102093
dentate_gyrus	DG_mouse_sample	102094	06152016e3-000	Nandi	mouse	h-GFAP-Cre;Frs2(fl/fl);Frs3-/-	hippocampus;dentate gyrus;granule layer;outer	principal cell;granule;mature	young adult	Day	21.0	25.0	Male/Female	Frs2, 3-double mutant	in vitro	Dendrites, Soma, No Axon	Diameter, 3D, Angles	Dendrites Complete	Neurolucida	300	29155277	10.1016/j.neuroscience.2017.11.017	http://neuromorpho.org/api/morphometry/id/102094
dentate_gyrus	DG_mouse_sample	102095	052417dgc1-1KS	Nandi	mouse	Multiple	hippocampus;dentate gyrus;granule layer;outer	principal cell;granule;mature	young adult	Day	21.0	25.0	Male/Female	Control	in vitro	Dendrites, Soma, No Axon	Diameter, 3D, Angles	Dendrites Complete	Neurolucida	300	29155277	10.1016/j.neuroscience.2017.11.017	http://neuromorpho.org/api/morphometry/id/102095
dentate_gyrus	DG_mouse_sample	102096	052417dgc3-1KS	Nandi	mouse	Multiple	hippocampus;dentate gyrus;granule layer;outer	principal cell;granule;mature	young adult	Day	21.0	25.0	Male/Female	Control	in vitro	Dendrites, Soma, No Axon	Diameter, 3D, Angles	Dendrites Complete	Neurolucida	300	29155277	10.1016/j.neuroscience.2017.11.017	http://neuromorpho.org/api/morphometry/id/102096
dentate_gyrus	DG_mouse_sample	102097	052617_DGC1	Nandi	mouse	Multiple	hippocampus;dentate gyrus;granule layer;outer	principal cell;granule;mature	young adult	Day	21.0	25.0	Male/Female	Control	in vitro	Dendrites, Soma, No Axon	No Diameter, 3D, Angles	Dendrites Complete	Neurolucida	300	29155277	10.1016/j.neuroscience.2017.11.017	http://neuromorpho.org/api/morphometry/id/102097
dentate_gyrus	DG_mouse_sample	102098	052617_DGC3	Nandi	mouse	Multiple	hippocampus;dentate gyrus;granule layer;outer	principal cell;granule;mature	young adult	Day	21.0	25.0	Male/Female	Control	in vitro	Dendrites, Soma, No Axon	Diameter, 3D, Angles	Dendrites Complete	Neurolucida	300	29155277	10.1016/j.neuroscience.2017.11.017	http://neuromorpho.org/api/morphometry/id/102098
dentate_gyrus	DG_mouse_sample	102099	06152016e1-apical-000	Nandi	mouse	Multiple	hippocampus;dentate gyrus;granule layer;outer	principal cell;granule;mature	young adult	Day	21.0	25.0	Male/Female	Control	in vitro	Dendrites, Soma, No Axon	No Diameter, 3D, Angles	Dendrites Complete	Neurolucida	300	29155277	10.1016/j.neuroscience.2017.11.017	http://neuromorpho.org/api/morphometry/id/102099
dentate_gyrus	DG_mouse_sample	102100	06152016e4-000	Nandi	mouse	Multiple	hippocampus;dentate gyrus;granule layer;outer	principal cell;granule;mature	young adult	Day	21.0	25.0	Male/Female	Control	in vitro	Dendrites, Soma, No Axon	No Diameter, 3D, Angles	Dendrites Complete	Neurolucida	300	29155277	10.1016/j.neuroscience.2017.11.017	http://neuromorpho.org/api/morphometry/id/102100
dentate_gyrus	DG_mouse_sample	102161	ICR1-3-1_1	Oguro-Ando	mouse	ICR	hippocampus;dentate gyrus;granule layer	principal cell;granule	adult	Month	3.8	3.8	Male	Control	in vitro	Dendrites, Soma, No Axon	Diameter, 3D, Angles	Dendrites Complete	Neurolucida	150	29306053	S0306-4522(17)30940-5.doi	http://neuromorpho.org/api/morphometry/id/102161
dentate_gyrus	DG_mouse_sample	102162	ICR1-3-1_2	Oguro-Ando	mouse	ICR	hippocampus;dentate gyrus;granule layer	principal cell;granule	adult	Month	3.8	3.8	Male	Control	in vitro	Dendrites, Soma, No Axon	Diameter, 3D, Angles	Dendrites Complete	Neurolucida	150	29306053	S0306-4522(17)30940-5.doi	http://neuromorpho.org/api/morphometry/id/102162
dentate_gyrus	DG_mouse_sample	102163	ICR1-3-1_3	Oguro-Ando	mouse	ICR	hippocampus;dentate gyrus;granule layer	principal cell;granule	adult	Month	3.8	3.8	Male	Control	in vitro	Dendrites, Soma, No Axon	Diameter, 3D, Angles	Dendrites Complete	Neurolucida	150	29306053	S0306-4522(17)30940-5.doi	http://neuromorpho.org/api/morphometry/id/102163
dentate_gyrus	DG_mouse_sample	102164	ICR1-3-2_1	Oguro-Ando	mouse	ICR	hippocampus;dentate gyrus;granule layer	principal cell;granule	adult	Month	3.8	3.8	Male	Control	in vitro	Dendrites, Soma, No Axon	Diameter, 3D, Angles	Dendrites Complete	Neurolucida	150	29306053	S0306-4522(17)30940-5.doi	http://neuromorpho.org/api/morphometry/id/102164
dentate_gyrus	DG_mouse_sample	103663	2417-3-20x-ApoE-WT-Sham-P12	Tensaouti	mouse	C57BL/6J	hippocampus;dentate gyrus	principal cell;granule;adult-born	young adult	Month	2.5	2.5	Male/Female	Control	in vitro	Dendrites, Soma, No Axon	No Diameter, 3D, Angles	Dendrites Moderate	Neurolucida	50	30079373	10.1523/ENEURO.0155-18.2018	http://neuromorpho.org/api/morphometry/id/103663
dentate_gyrus	DG_mouse_sample	103664	2416-3-20x-ApoE-WT-Sham-P27	Tensaouti	mouse	C57BL/6J	hippocampus;dentate gyrus	principal cell;granule;adult-born	young adult	Month	2.5	2.5	Male/Female	Control	in vitro	Dendrites, Soma, No Axon	No Diameter, 3D, Angles	Dendrites Moderate	Neurolucida	50	30079373	10.1523/ENEURO.0155-18.2018	http://neuromorpho.org/api/morphometry/id/103664
dentate_gyrus	DG_mouse_sample	103665	2416-3-20x-ApoE-WT-Sham-P18	Tensaouti	mouse	C57BL/6J	hippocampus;dentate gyrus	principal cell;granule;adult-born	young adult	Month	2.5	2.5	Male/Female	Control	in vitro	Dendrites, Soma, No Axon	No Diameter, 3D, Angles	Dendrites Moderate	Neurolucida	50	30079373	10.1523/ENEURO.0155-18.2018	http://neuromorpho.org/api/morphometry/id/103665
dentate_gyrus	DG_mouse_sample	103666	2452-1-WT-20x-apo-sham-P2	Tensaouti	mouse	C57BL/6J	hippocampus;dentate gyrus	principal cell;granule;adult-born	young adult	Month	2.5	2.5	Male/Female	Control	in vitro	Dendrites, Soma, No Axon	No Diameter, 3D, Angles	Dendrites Moderate	Neurolucida	50	30079373	10.1523/ENEURO.0155-18.2018	http://neuromorpho.org/api/morphometry/id/103666
dentate_gyrus	DG_mouse_sample	103667	2417-3-20x-ApoE-WT-Sham-P1	Tensaouti	mouse	C57BL/6J	hippocampus;dentate gyrus	principal cell;granule;adult-born	young adult	Month	2.5	2.5	Male/Female	Control	in vitro	Dendrites, Soma, No Axon	No Diameter, 3D, Angles	Dendrites Moderate	Neurolucida	50	30079373	10.1523/ENEURO.0155-18.2018	http://neuromorpho.org/api/morphometry/id/103667
dentate_gyrus	DG_mouse_sample	103668	2416-3-20x-ApoE-WT-Sham-P11	Tensaouti	mouse	C57BL/6J	hippocampus;dentate gyrus	principal cell;granule;adult-born	young adult	Month	2.5	2.5	Male/Female	Control	in vitro	Dendrites, Soma, No Axon	No Diameter, 3D, Angles	Dendrites Moderate	Neurolucida	50	30079373	10.1523/ENEURO.0155-18.2018	http://neuromorpho.org/api/morphometry/id/103668
dentate_gyrus	DG_mouse_sample	103669	2452-1-WT-20x-apo-sham-P10	Tensaouti	mouse	C57BL/6J	hippocampus;dentate gyrus	principal cell;granule;adult-born	young adult	Month	2.5	2.5	Male/Female	Control	in vitro	Dendrites, Soma, No Axon	No Diameter, 3D, Angles	Dendrites Moderate	Neurolucida	50	30079373	10.1523/ENEURO.0155-18.2018	http://neuromorpho.org/api/morphometry/id/103669
dentate_gyrus	DG_mouse_sample	103670	2417-3-20x-ApoE-WT-Sham-P24	Tensaouti	mouse	C57BL/6J	hippocampus;dentate gyrus	principal cell;granule;adult-born	young adult	Month	2.5	2.5	Male/Female	Control	in vitro	Dendrites, Soma, No Axon	No Diameter, 3D, Angles	Dendrites Moderate	Neurolucida	50	30079373	10.1523/ENEURO.0155-18.2018	http://neuromorpho.org/api/morphometry/id/103670
dentate_gyrus	DG_mouse_sample	103671	2416-3-20x-ApoE-WT-Sham-P3	Tensaouti	mouse	C57BL/6J	hippocampus;dentate gyrus	principal cell;granule;adult-born	young adult	Month	2.5	2.5	Male/Female	Control	in vitro	Dendrites, Soma, No Axon	No Diameter, 3D, Angles	Dendrites Moderate	Neurolucida	50	30079373	10.1523/ENEURO.0155-18.2018	http://neuromorpho.org/api/morphometry/id/103671
dentate_gyrus	DG_mouse_sample	103672	2417-3-20x-ApoE-WT-Sham-P25	Tensaouti	mouse	C57BL/6J	hippocampus;dentate gyrus	principal cell;granule;adult-born	young adult	Month	2.5	2.5	Male/Female	Control	in vitro	Dendrites, Soma, No Axon	No Diameter, 3D, Angles	Dendrites Moderate	Neurolucida	50	30079373	10.1523/ENEURO.0155-18.2018	http://neuromorpho.org/api/morphometry/id/103672
dentate_gyrus	DG_mouse_sample	103673	2452-1-WT-20x-apo-sham-P11	Tensaouti	mouse	C57BL/6J	hippocampus;dentate gyrus	principal cell;granule;adult-born	young adult	Month	2.5	2.5	Male/Female	Control	in vitro	Dendrites, Soma, No Axon	No Diameter, 3D, Angles	Dendrites Moderate	Neurolucida	50	30079373	10.1523/ENEURO.0155-18.2018	http://neuromorpho.org/api/morphometry/id/103673
dentate_gyrus	DG_mouse_sample	103674	2416-3-20x-ApoE-WT-Sham-P10	Tensaouti	mouse	C57BL/6J	hippocampus;dentate gyrus	principal cell;granule;adult-born	young adult	Month	2.5	2.5	Male/Female	Control	in vitro	Dendrites, Soma, No Axon	No Diameter, 3D, Angles	Dendrites Moderate	Neurolucida	50	30079373	10.1523/ENEURO.0155-18.2018	http://neuromorpho.org/api/morphometry/id/103674
dentate_gyrus	DG_mouse_sample	103675	2417-3-20x-ApoE-WT-Sham-P9	Tensaouti	mouse	C57BL/6J	hippocampus;dentate gyrus	principal cell;granule;adult-born	young adult	Month	2.5	2.5	Male/Female	Control	in vitro	Dendrites, Soma, No Axon	No Diameter, 3D, Angles	Dendrites Moderate	Neurolucida	50	30079373	10.1523/ENEURO.0155-18.2018	http://neuromorpho.org/api/morphometry/id/103675
dentate_gyrus	DG_mouse_sample	103676	2417-3-20x-ApoE-WT-Sham-P13	Tensaouti	mouse	C57BL/6J	hippocampus;dentate gyrus	principal cell;granule;adult-born	young adult	Month	2.5	2.5	Male/Female	Control	in vitro	Dendrites, Soma, No Axon	No Diameter, 3D, Angles	Dendrites Moderate	Neurolucida	50	30079373	10.1523/ENEURO.0155-18.2018	http://neuromorpho.org/api/morphometry/id/103676
dentate_gyrus	DG_mouse_sample	103677	2452-1-WT-20x-apo-sham-P3	Tensaouti	mouse	C57BL/6J	hippocampus;dentate gyrus	principal cell;granule;adult-born	young adult	Month	2.5	2.5	Male/Female	Control	in vitro	Dendrites, Soma, No Axon	No Diameter, 3D, Angles	Dendrites Moderate	Neurolucida	50	30079373	10.1523/ENEURO.0155-18.2018	http://neuromorpho.org/api/morphometry/id/103677
dentate_gyrus	DG_mouse_sample	103678	2449-1-WT-20x-apo-sham-P3	Tensaouti	mouse	C57BL/6J	hippocampus;dentate gyrus	principal cell;granule;adult-born	young adult	Month	2.5	2.5	Male/Female	Control	in vitro	Dendrites, Soma, No Axon	No Diameter, 3D, Angles	Dendrites Moderate	Neurolucida	50	30079373	10.1523/ENEURO.0155-18.2018	http://neuromorpho.org/api/morphometry/id/103678
dentate_gyrus	DG_mouse_sample	103679	2417-3-20x-ApoE-WT-Sham-P18	Tensaouti	mouse	C57BL/6J	hippocampus;dentate gyrus	principal cell;granule;adult-born	young adult	Month	2.5	2.5	Male/Female	Control	in vitro	Dendrites, Soma, No Axon	No Diameter, 3D, Angles	Dendrites Moderate	Neurolucida	50	30079373	10.1523/ENEURO.0155-18.2018	http://neuromorpho.org/api/morphometry/id/103679
dentate_gyrus	DG_mouse_sample	103680	2417-3-20x-ApoE-WT-Sham-P2	Tensaouti	mouse	C57BL/6J	hippocampus;dentate gyrus	principal cell;granule;adult-born	young adult	Month	2.5	2.5	Male/Female	Control	in vitro	Dendrites, Soma, No Axon	No Diameter, 3D, Angles	Dendrites Moderate	Neurolucida	50	30079373	10.1523/ENEURO.0155-18.2018	http://neuromorpho.org/api/morphometry/id/103680
dentate_gyrus	DG_mouse_sample	103681	2417-3-20x-ApoE-WT-Sham-P27	Tensaouti	mouse	C57BL/6J	hippocampus;dentate gyrus	principal cell;granule;adult-born	young adult	Month	2.5	2.5	Male/Female	Control	in vitro	Dendrites, Soma, No Axon	No Diameter, 3D, Angles	Dendrites Moderate	Neurolucida	50	30079373	10.1523/ENEURO.0155-18.2018	http://neuromorpho.org/api/morphometry/id/103681
dentate_gyrus	DG_mouse_sample	103682	2416-3-20x-ApoE-WT-Sham-P1	Tensaouti	mouse	C57BL/6J	hippocampus;dentate gyrus	principal cell;granule;adult-born	young adult	Month	2.5	2.5	Male/Female	Control	in vitro	Dendrites, Soma, No Axon	No Diameter, 3D, Angles	Dendrites Moderate	Neurolucida	50	30079373	10.1523/ENEURO.0155-18.2018	http://neuromorpho.org/api/morphometry/id/103682
dentate_gyrus	DG_mouse_sample	103683	2452-1-WT-20x-apo-sham-P8	Tensaouti	mouse	C57BL/6J	hippocampus;dentate gyrus	principal cell;granule;adult-born	young adult	Month	2.5	2.5	Male/Female	Control	in vitro	Dendrites, Soma, No Axon	No Diameter, 3D, Angles	Dendrites Moderate	Neurolucida	50	30079373	10.1523/ENEURO.0155-18.2018	http://neuromorpho.org/api/morphometry/id/103683
dentate_gyrus	DG_mouse_sample	103684	2416-3-20x-ApoE-WT-Sham-P12	Tensaouti	mouse	C57BL/6J	hippocampus;dentate gyrus	principal cell;granule;adult-born	young adult	Month	2.5	2.5	Male/Female	Control	in vitro	Dendrites, Soma, No Axon	No Diameter, 3D, Angles	Dendrites Moderate	Neurolucida	50	30079373	10.1523/ENEURO.0155-18.2018	http://neuromorpho.org/api/morphometry/id/103684
dentate_gyrus	DG_mouse_sample	103685	2452-1-WT-20x-apo-sham-P13	Tensaouti	mouse	C57BL/6J	hippocampus;dentate gyrus	principal cell;granule;adult-born	young adult	Month	2.5	2.5	Male/Female	Control	in vitro	Dendrites, Soma, No Axon	No Diameter, 3D, Angles	Dendrites Moderate	Neurolucida	50	30079373	10.1523/ENEURO.0155-18.2018	http://neuromorpho.org/api/morphometry/id/103685
dentate_gyrus	DG_mouse_sample	103686	2449-4-WT-20x-apo-sham-P4	Tensaouti	mouse	C57BL/6J	hippocampus;dentate gyrus	principal cell;granule;adult-born	young adult	Month	2.5	2.5	Male/Female	Control	in vitro	Dendrites, Soma, No Axon	No Diameter, 3D, Angles	Dendrites Moderate	Neurolucida	50	30079373	10.1523/ENEURO.0155-18.2018	http://neuromorpho.org/api/morphometry/id/103686
dentate_gyrus	DG_mouse_sample	103687	2417-3-20x-ApoE-WT-Sham-P11	Tensaouti	mouse	C57BL/6J	hippocampus;dentate gyrus	principal cell;granule;adult-born	young adult	Month	2.5	2.5	Male/Female	Control	in vitro	Dendrites, Soma, No Axon	No Diameter, 3D, Angles	Dendrites Moderate	Neurolucida	50	30079373	10.1523/ENEURO.0155-18.2018	http://neuromorpho.org/api/morphometry/id/103687
dentate_gyrus	DG_mouse_sample	103688	2449-1-WT-20x-apo-sham-P1	Tensaouti	mouse	C57BL/6J	hippocampus;dentate gyrus	principal cell;granule;adult-born	young adult	Month	2.5	2.5	Male/Female	Control	in vitro	Dendrites, Soma, No Axon	No Diameter, 3D, Angles	Dendrites Moderate	Neurolucida	50	30079373	10.1523/ENEURO.0155-18.2018	http://neuromorpho.org/api/morphometry/id/103688
dentate_gyrus	DG_mouse_sample	103689	2416-3-20x-ApoE-WT-Sham-P8	Tensaouti	mouse	C57BL/6J	hippocampus;dentate gyrus	principal cell;granule;adult-born	young adult	Month	2.5	2.5	Male/Female	Control	in vitro	Dendrites, Soma, No Axon	No Diameter, 3D, Angles	Dendrites Moderate	Neurolucida	50	30079373	10.1523/ENEURO.0155-18.2018	http://neuromorpho.org/api/morphometry/id/103689
dentate_gyrus	DG_mouse_sample	103690	2452-1-WT-20x-apo-sham-P1	Tensaouti	mouse	C57BL/6J	hippocampus;dentate gyrus	principal cell;granule;adult-born	young adult	Month	2.5	2.5	Male/Female	Control	in vitro	Dendrites, Soma, No Axon	Diameter, 3D, Angles	Dendrites Moderate	Neurolucida	50	30079373	10.1523/ENEURO.0155-18.2018	http://neuromorpho.org/api/morphometry/id/103690
dentate_gyrus	DG_mouse_sample	103691	2417-3-20x-ApoE-WT-Sham-P10	Tensaouti	mouse	C57BL/6J	hippocampus;dentate gyrus	principal cell;granule;adult-born	young adult	Month	2.5	2.5	Male/Female	Control	in vitro	Dendrites, Soma, No Axon	No Diameter, 3D, Angles	Dendrites Moderate	Neurolucida	50	30079373	10.1523/ENEURO.0155-18.2018	http://neuromorpho.org/api/morphometry/id/103691
dentate_gyrus	DG_mouse_sample	103692	2449-4-WT-20x-apo-sham-P5	Tensaouti	mouse	C57BL/6J	hippocampus;dentate gyrus	principal cell;granule;adult-born	young adult	Month	2.5	2.5	Male/Female	Control	in vitro	Dendrites, Soma, No Axon	No Diameter, 3D, Angles	Dendrites Moderate	Neurolucida	50	30079373	10.1523/ENEURO.0155-18.2018	http://neuromorpho.org/api/morphometry/id/103692
dentate_gyrus	DG_mouse_sample	144971	wt_-41_Neuron2_30_Dendrite-1st-to-3rd-order	Middei_Minichiello	mouse	TrkbGad1-WT	hippocampus;dentate gyrus	principal cell;granule;mature	adult	Month	2.0	2.0	Male	Control	in vitro	Dendrites, No Soma, No Axon	No Diameter, 3D, Angles	Dendrites Incomplete	Neurolucida	100	32361506	10.1016/j.isci.2020.101078	http://neuromorpho.org/api/morphometry/id/144971
dentate_gyrus	DG_mouse_sample	144973	wt_-41_Neuron1_34_Dendrite-4th-order	Middei_Minichiello	mouse	TrkbGad1-WT	hippocampus;dentate gyrus	principal cell;granule;mature	adult	Month	2.0	2.0	Male	Control	in vitro	Dendrites, No Soma, No Axon	No Diameter, 3D, Angles	Dendrites Incomplete	Neurolucida	100	32361506	10.1016/j.isci.2020.101078	http://neuromorpho.org/api/morphometry/id/144973
dentate_gyrus	DG_mouse_sample	144975	ko_-10_Neuron2_80sxB_Dendrite-1st-to-4th-order	Middei_Minichiello	mouse	TrkbGad1-KO	hippocampus;dentate gyrus	principal cell;granule;mature	adult	Month	2.0	2.0	Male	TrKB Knockout	in vitro	Dendrites, No Soma, No Axon	No Diameter, 3D, Angles	Dendrites Incomplete	Neurolucida	100	32361506	10.1016/j.isci.2020.101078	http://neuromorpho.org/api/morphometry/id/144975
dentate_gyrus	DG_mouse_sample	144976	ko_-27_Neuron1_94_Dendrite-2nd-to-3rd-order	Middei_Minichiello	mouse	TrkbGad1-KO	hippocampus;dentate gyrus	principal cell;granule;mature	adult	Month	2.0	2.0	Male	TrKB Knockout	in vitro	Dendrites, No Soma, No Axon	No Diameter, 3D, Angles	Dendrites Incomplete	Neurolucida	100	32361506	10.1016/j.isci.2020.101078	http://neuromorpho.org/api/morphometry/id/144976
dentate_gyrus	DG_mouse_sample	144977	wt_-23_Neuron2_06_sx_Dendrite-1st-to-3rd-order	Middei_Minichiello	mouse	TrkbGad1-WT	hippocampus;dentate gyrus	principal cell;granule;mature	adult	Month	2.0	2.0	Male	Control	in vitro	Dendrites, No Soma, No Axon	No Diameter, 3D, Angles	Dendrites Incomplete	Neurolucida	100	32361506	10.1016/j.isci.2020.101078	http://neuromorpho.org/api/morphometry/id/144977
dentate_gyrus	DG_mouse_sample	144978	ko_-40_Neuron2_54_Dendrite-2nd-to-3rd-order	Middei_Minichiello	mouse	TrkbGad1-KO	hippocampus;dentate gyrus	principal cell;granule;mature	adult	Month	2.0	2.0	Male	TrKB Knockout	in vitro	Dendrites, No Soma, No Axon	No Diameter, 3D, Angles	Dendrites Incomplete	Neurolucida	100	32361506	10.1016/j.isci.2020.101078	http://neuromorpho.org/api/morphometry/id/144978
dentate_gyrus	DG_mouse_sample	144979	ko_-28_Neuron1_34_Dendrite-1st-to-4th-order	Middei_Minichiello	mouse	TrkbGad1-KO	hippocampus;dentate gyrus	principal cell;granule;mature	adult	Month	2.0	2.0	Male	TrKB Knockout	in vitro	Dendrites, No Soma, No Axon	No Diameter, 3D, Angles	Dendrites Incomplete	Neurolucida	100	32361506	10.1016/j.isci.2020.101078	http://neuromorpho.org/api/morphometry/id/144979
dentate_gyrus	DG_mouse_sample	144980	wt_-24_Neuron1_22_Dendrite-1st-to-3rd-order	Middei_Minichiello	mouse	TrkbGad1-WT	hippocampus;dentate gyrus	principal cell;granule;mature	adult	Month	2.0	2.0	Male	Control	in vitro	Dendrites, No Soma, No Axon	No Diameter, 3D, Angles	Dendrites Incomplete	Neurolucida	100	32361506	10.1016/j.isci.2020.101078	http://neuromorpho.org/api/morphometry/id/144980
dentate_gyrus	DG_mouse_sample	144981	ko_-10_Neuron2_70_Dendrite-2nd-to-3rd	Middei_Minichiello	mouse	TrkbGad1-KO	hippocampus;dentate gyrus	principal cell;granule;mature	adult	Month	2.0	2.0	Male	TrKB Knockout	in vitro	Dendrites, No Soma, No Axon	No Diameter, 3D, Angles	Dendrites Incomplete	Neurolucida	100	32361506	10.1016/j.isci.2020.101078	http://neuromorpho.org/api/morphometry/id/144981
dentate_gyrus	DG_mouse_sample	144983	ko_-27_Neuron3_16b_Dendrite-1st-to-2nd-order	Middei_Minichiello	mouse	TrkbGad1-KO	hippocampus;dentate gyrus	principal cell;granule;mature	adult	Month	2.0	2.0	Male	TrKB Knockout	in vitro	Dendrites, No Soma, No Axon	No Diameter, 3D, Angles	Dendrites Incomplete	Neurolucida	100	32361506	10.1016/j.isci.2020.101078	http://neuromorpho.org/api/morphometry/id/144983
dentate_gyrus	DG_mouse_sample	144985	ko_-40_Neuron2_06b_Dendrite-2nd-order	Middei_Minichiello	mouse	TrkbGad1-KO	hippocampus;dentate gyrus	principal cell;granule;mature	adult	Month	2.0	2.0	Male	TrKB Knockout	in vitro	Dendrites, No Soma, No Axon	No Diameter, 3D, Angles	Dendrites Incomplete	Neurolucida	100	32361506	10.1016/j.isci.2020.101078	http://neuromorpho.org/api/morphometry/id/144985
dentate_gyrus	DG_mouse_sample	144987	ko_-40_Neuron2_06b_Dendrite-4th-order	Middei_Minichiello	mouse	TrkbGad1-KO	hippocampus;dentate gyrus	principal cell;granule;mature	adult	Month	2.0	2.0	Male	TrKB Knockout	in vitro	Dendrites, No Soma, No Axon	No Diameter, 3D, Angles	Dendrites Incomplete	Neurolucida	100	32361506	10.1016/j.isci.2020.101078	http://neuromorpho.org/api/morphometry/id/144987
dentate_gyrus	DG_mouse_sample	144988	wt_-23_Neuron2_18_Dendrite-1st-to-3rd-order	Middei_Minichiello	mouse	TrkbGad1-WT	hippocampus;dentate gyrus	principal cell;granule;mature	adult	Month	2.0	2.0	Male	Control	in vitro	Dendrites, No Soma, No Axon	No Diameter, 3D, Angles	Dendrites Incomplete	Neurolucida	100	32361506	10.1016/j.isci.2020.101078	http://neuromorpho.org/api/morphometry/id/144988
dentate_gyrus	DG_mouse_sample	144989	wt_-25_Neuron2_92_Dendrite-1st-to-2nd-order	Middei_Minichiello	mouse	TrkbGad1-WT	hippocampus;dentate gyrus	principal cell;granule;mature	adult	Month	2.0	2.0	Male	Control	in vitro	Dendrites, No Soma, No Axon	No Diameter, 3D, Angles	Dendrites Incomplete	Neurolucida	100	32361506	10.1016/j.isci.2020.101078	http://neuromorpho.org/api/morphometry/id/144989
dentate_gyrus	DG_mouse_sample	144990	ko_-28_Neuron2_46b_Dendrite-4th-order	Middei_Minichiello	mouse	TrkbGad1-KO	hippocampus;dentate gyrus	principal cell;granule;mature	adult	Month	2.0	2.0	Male	TrKB Knockout	in vitro	Dendrites, No Soma, No Axon	No Diameter, 3D, Angles	Dendrites Incomplete	Neurolucida	100	32361506	10.1016/j.isci.2020.101078	http://neuromorpho.org/api/morphometry/id/144990
dentate_gyrus	DG_mouse_sample	144991	ko_-28_Neuron2_46_Dendrite-4th-order	Middei_Minichiello	mouse	TrkbGad1-KO	hippocampus;dentate gyrus	principal cell;granule;mature	adult	Month	2.0	2.0	Male	TrKB Knockout	in vitro	Dendrites, No Soma, No Axon	No Diameter, 3D, Angles	Dendrites Incomplete	Neurolucida	100	32361506	10.1016/j.isci.2020.101078	http://neuromorpho.org/api/morphometry/id/144991
dentate_gyrus	DG_mouse_sample	144996	ko_-40_Neuron2_06c_Dendrite-2nd-to-3rd-order	Middei_Minichiello	mouse	TrkbGad1-KO	hippocampus;dentate gyrus	principal cell;granule;mature	adult	Month	2.0	2.0	Male	TrKB Knockout	in vitro	Dendrites, No Soma, No Axon	No Diameter, 3D, Angles	Dendrites Incomplete	Neurolucida	100	32361506	10.1016/j.isci.2020.101078	http://neuromorpho.org/api/morphometry/id/144996
dentate_gyrus	DG_mouse_sample	144997	wt_Neuron1_82_Dendrite-1st-to-3rd-order	Middei_Minichiello	mouse	TrkbGad1-WT	hippocampus;dentate gyrus	principal cell;granule;mature	adult	Month	2.0	2.0	Male	Control	in vitro	Dendrites, No Soma, No Axon	No Diameter, 3D, Angles	Dendrites Incomplete	Neurolucida	100	32361506	10.1016/j.isci.2020.101078	http://neuromorpho.org/api/morphometry/id/144997
dentate_gyrus	DG_mouse_sample	144999	wt_-23_Neuron2_46_Dendrite-1st-to-3rd-order	Middei_Minichiello	mouse	TrkbGad1-WT	hippocampus;dentate gyrus	principal cell;granule;mature	adult	Month	2.0	2.0	Male	Control	in vitro	Dendrites, No Soma, No Axon	No Diameter, 3D, Angles	Dendrites Incomplete	Neurolucida	100	32361506	10.1016/j.isci.2020.101078	http://neuromorpho.org/api/morphometry/id/144999
dentate_gyrus	DG_mouse_sample	145000	ko_-27_Neuron1_46_Dendrite-1st-to-2nd-order	Middei_Minichiello	mouse	TrkbGad1-KO	hippocampus;dentate gyrus	principal cell;granule;mature	adult	Month	2.0	2.0	Male	TrKB Knockout	in vitro	Dendrites, No Soma, No Axon	No Diameter, 3D, Angles	Dendrites Incomplete	Neurolucida	100	32361506	10.1016/j.isci.2020.101078	http://neuromorpho.org/api/morphometry/id/145000
dentate_gyrus	DG_mouse_sample	145002	wt_Neuron2_70b_Dendrite-1st-to-2nd-order	Middei_Minichiello	mouse	TrkbGad1-WT	hippocampus;dentate gyrus	principal cell;granule;mature	adult	Month	2.0	2.0	Male	Control	in vitro	Dendrites, No Soma, No Axon	No Diameter, 3D, Angles	Dendrites Incomplete	Neurolucida	100	32361506	10.1016/j.isci.2020.101078	http://neuromorpho.org/api/morphometry/id/145002
dentate_gyrus	DG_mouse_sample	145003	wt_-23_Neuron2_54_dendrite-2nd-to-3rd-order	Middei_Minichiello	mouse	TrkbGad1-WT	hippocampus;dentate gyrus	principal cell;granule;mature	adult	Month	2.0	2.0	Male	Control	in vitro	Dendrites, No Soma, No Axon	No Diameter, 3D, Angles	Dendrites Incomplete	Neurolucida	100	32361506	10.1016/j.isci.2020.101078	http://neuromorpho.org/api/morphometry/id/145003
dentate_gyrus	DG_mouse_sample	145004	wt_-25_Neuron2_80_Dendrite-2nd-to-3rd-order	Middei_Minichiello	mouse	TrkbGad1-WT	hippocampus;dentate gyrus	principal cell;granule;mature	adult	Month	2.0	2.0	Male	Control	in vitro	Dendrites, No Soma, No Axon	No Diameter, 3D, Angles	Dendrites Incomplete	Neurolucida	100	32361506	10.1016/j.isci.2020.101078	http://neuromorpho.org/api/morphometry/id/145004
dentate_gyrus	DG_mouse_sample	145005	wt_-25_Neuron2_18_Dendrite-1st-to-2nd-order	Middei_Minichiello	mouse	TrkbGad1-WT	hippocampus;dentate gyrus	principal cell;granule;mature	adult	Month	2.0	2.0	Male	Control	in vitro	Dendrites, No Soma, No Axon	No Diameter, 3D, Angles	Dendrites Incomplete	Neurolucida	100	32361506	10.1016/j.isci.2020.101078	http://neuromorpho.org/api/morphometry/id/145005
dentate_gyrus	DG_mouse_sample	145008	ko_-28_Neuron1_46_Dendrite-2nd-to-4th-order	Middei_Minichiello	mouse	TrkbGad1-KO	hippocampus;dentate gyrus	principal cell;granule;mature	adult	Month	2.0	2.0	Male	TrKB Knockout	in vitro	Dendrites, No Soma, No Axon	No Diameter, 3D, Angles	Dendrites Incomplete	Neurolucida	100	32361506	10.1016/j.isci.2020.101078	http://neuromorpho.org/api/morphometry/id/145008
dentate_gyrus	DG_mouse_sample	145009	ko_-28_Neuron2_80_Dendrite-1st-to-3rd-order	Middei_Minichiello	mouse	TrkbGad1-KO	hippocampus;dentate gyrus	principal cell;granule;mature	adult	Month	2.0	2.0	Male	TrKB Knockout	in vitro	Dendrites, No Soma, No Axon	No Diameter, 3D, Angles	Dendrites Incomplete	Neurolucida	100	32361506	10.1016/j.isci.2020.101078	http://neuromorpho.org/api/morphometry/id/145009
dentate_gyrus	DG_mouse_sample	145010	ko_-28_Neuron1_94_Dendrite-1st-to-4th	Middei_Minichiello	mouse	TrkbGad1-KO	hippocampus;dentate gyrus	principal cell;granule;mature	adult	Month	2.0	2.0	Male	TrKB Knockout	in vitro	Dendrites, No Soma, No Axon	No Diameter, 3D, Angles	Dendrites Incomplete	Neurolucida	100	32361506	10.1016/j.isci.2020.101078	http://neuromorpho.org/api/morphometry/id/145010
dentate_gyrus	DG_mouse_sample	145011	ko_-28_Neuron2_92_Dendrite-1st-to-2nd-order	Middei_Minichiello	mouse	TrkbGad1-KO	hippocampus;dentate gyrus	principal cell;granule;mature	adult	Month	2.0	2.0	Male	TrKB Knockout	in vitro	Dendrites, No Soma, No Axon	No Diameter, 3D, Angles	Dendrites Incomplete	Neurolucida	100	32361506	10.1016/j.isci.2020.101078	http://neuromorpho.org/api/morphometry/id/145011
dentate_gyrus	DG_mouse_sample	145012	ko_-40_Neuron2_06_Dendrite-1st-to-3rd-order	Middei_Minichiello	mouse	TrkbGad1-KO	hippocampus;dentate gyrus	principal cell;granule;mature	adult	Month	2.0	2.0	Male	TrKB Knockout	in vitro	Dendrites, No Soma, No Axon	No Diameter, 3D, Angles	Dendrites Incomplete	Neurolucida	100	32361506	10.1016/j.isci.2020.101078	http://neuromorpho.org/api/morphometry/id/145012
dentate_gyrus	DG_mouse_sample	145014	wt_-41_Neuron2_06_Dendrite-1st-to-4th-order	Middei_Minichiello	mouse	TrkbGad1-WT	hippocampus;dentate gyrus	principal cell;granule;mature	adult	Month	2.0	2.0	Male	Control	in vitro	Dendrites, No Soma, No Axon	No Diameter, 3D, Angles	Dendrites Incomplete	Neurolucida	100	32361506	10.1016/j.isci.2020.101078	http://neuromorpho.org/api/morphometry/id/145014
dentate_gyrus	DG_mouse_sample	145015	wt_-23_Neuron2_70_sx_Dendrite-1st-to-2nd-order	Middei_Minichiello	mouse	TrkbGad1-WT	hippocampus;dentate gyrus	principal cell;granule;mature	adult	Month	2.0	2.0	Male	Control	in vitro	Dendrites, No Soma, No Axon	No Diameter, 3D, Angles	Dendrites Incomplete	Neurolucida	100	32361506	10.1016/j.isci.2020.101078	http://neuromorpho.org/api/morphometry/id/145015
dentate_gyrus	DG_mouse_sample	145016	wt_-41_Neuron1_70_dendrite-1st-to-4th-order	Middei_Minichiello	mouse	TrkbGad1-WT	hippocampus;dentate gyrus	principal cell;granule;mature	adult	Month	2.0	2.0	Male	Control	in vitro	Dendrites, No Soma, No Axon	No Diameter, 3D, Angles	Dendrites Incomplete	Neurolucida	100	32361506	10.1016/j.isci.2020.101078	http://neuromorpho.org/api/morphometry/id/145016
dentate_gyrus	DG_mouse_sample	145021	ko_-40_Neuron1_94_Dendrite-4th-ordrer	Middei_Minichiello	mouse	TrkbGad1-KO	hippocampus;dentate gyrus	principal cell;granule;mature	adult	Month	2.0	2.0	Male	TrKB Knockout	in vitro	Dendrites, No Soma, No Axon	No Diameter, 3D, Angles	Dendrites Incomplete	Neurolucida	100	32361506	10.1016/j.isci.2020.101078	http://neuromorpho.org/api/morphometry/id/145021
dentate_gyrus	DG_mouse_sample	145022	wt_-25_Neuron2_92b_Dendrite-1st-to-4th-order	Middei_Minichiello	mouse	TrkbGad1-WT	hippocampus;dentate gyrus	principal cell;granule;mature	adult	Month	2.0	2.0	Male	Control	in vitro	Dendrites, No Soma, No Axon	No Diameter, 3D, Angles	Dendrites Incomplete	Neurolucida	100	32361506	10.1016/j.isci.2020.101078	http://neuromorpho.org/api/morphometry/id/145022
dentate_gyrus	DG_mouse_sample	145023	wt_-25_Neuron2_70_Dendrite-1st-to-3rd-order	Middei_Minichiello	mouse	TrkbGad1-WT	hippocampus;dentate gyrus	principal cell;granule;mature	adult	Month	2.0	2.0	Male	Control	in vitro	Dendrites, No Soma, No Axon	No Diameter, 3D, Angles	Dendrites Incomplete	Neurolucida	100	32361506	10.1016/j.isci.2020.101078	http://neuromorpho.org/api/morphometry/id/145023
dentate_gyrus	DG_mouse_sample	145880	Dentate-Gyrus-4	Chen_D	mouse	Shank3 -/-: CAMKII alpha-Cre	hippocampus;dentate gyrus	principal cell;granule;Calcium/calmodulin-dependent protein kinase II (CaMKII)-positive	adult	Month	2.0	2.0	Male	Shank3 knockout	in vivo	Dendrites, No Soma, No Axon	No Diameter, 3D, Angles	Dendrites Moderate	Imaris	200	32581718	10.3389/fncel.2020.00145	http://neuromorpho.org/api/morphometry/id/145880
dentate_gyrus	DG_mouse_sample	145894	Dentate-Gyrus-5	Chen_D	mouse	Shank3 +/+: CAMKII alpha-Cre	hippocampus;dentate gyrus	principal cell;granule;Calcium/calmodulin-dependent protein kinase II (CaMKII)-positive	adult	Month	2.0	2.0	Male	Control	in vivo	Dendrites, No Soma, No Axon	No Diameter, 3D, Angles	Dendrites Moderate	Imaris	200	32581718	10.3389/fncel.2020.00145	http://neuromorpho.org/api/morphometry/id/145894
dentate_gyrus	DG_mouse_sample	145895	Dentate-Gyrus-2-b	Chen_D	mouse	Shank3 +/+: CAMKII alpha-Cre	hippocampus;dentate gyrus	principal cell;granule;Calcium/calmodulin-dependent protein kinase II (CaMKII)-positive	adult	Month	2.0	2.0	Male	Control	in vivo	Dendrites, No Soma, No Axon	Diameter, 3D, Angles	Dendrites Moderate	Imaris	200	32581718	10.3389/fncel.2020.00145	http://neuromorpho.org/api/morphometry/id/145895
dentate_gyrus	DG_mouse_sample	145905	Dentate-Gyrus-3	Chen_D	mouse	Shank3 -/-: CAMKII alpha-Cre	hippocampus;dentate gyrus	principal cell;granule;Calcium/calmodulin-dependent protein kinase II (CaMKII)-positive	adult	Month	2.0	2.0	Male	Shank3 knockout	in vivo	Dendrites, No Soma, No Axon	No Diameter, 3D, Angles	Dendrites Moderate	Imaris	200	32581718	10.3389/fncel.2020.00145	http://neuromorpho.org/api/morphometry/id/145905
dentate_gyrus	DG_mouse_sample	145908	Dentate-Gyrus-1-a	Chen_D	mouse	Shank3 -/-: CAMKII alpha-Cre	hippocampus;dentate gyrus	principal cell;granule;Calcium/calmodulin-dependent protein kinase II (CaMKII)-positive	adult	Month	2.0	2.0	Male	Shank3 knockout	in vivo	Dendrites, No Soma, No Axon	No Diameter, 3D, Angles	Dendrites Moderate	Imaris	200	32581718	10.3389/fncel.2020.00145	http://neuromorpho.org/api/morphometry/id/145908
dentate_gyrus	DG_mouse_sample	145913	Dentate-Gyrus-2-a	Chen_D	mouse	Shank3 +/+: CAMKII alpha-Cre	hippocampus;dentate gyrus	principal cell;granule;Calcium/calmodulin-dependent protein kinase II (CaMKII)-positive	adult	Month	2.0	2.0	Male	Control	in vivo	Dendrites, No Soma, No Axon	No Diameter, 3D, Angles	Dendrites Moderate	Imaris	200	32581718	10.3389/fncel.2020.00145	http://neuromorpho.org/api/morphometry/id/145913
dentate_gyrus	DG_mouse_sample	148667	4--ELS-TEE-No-47-Ventral-5	Wang_XD	mouse	C57BL/6N	hippocampus;dentate gyrus;ventral;granule layer	principal cell;granule;glutamatergic	adult	Day	95.0	95.0	Male	early-life stressed (ES) + tactile experience enrichment (TEE)	in vitro	Dendrites, Soma, No Axon	Diameter, 3D, Angles	Dendrites Complete	NeuronStudio	120	33247136	10.1038/s41467-020-19874-8	http://neuromorpho.org/api/morphometry/id/148667
dentate_gyrus	DG_mouse_sample	148668	4--TEE-vDG	Wang_XD	mouse	C57BL/6N	hippocampus;dentate gyrus;ventral;granule layer	principal cell;granule;glutamatergic;Doublecortin (DCX)-containing;adult-born	adult	Month	4.0	2.0	Male	tactile experience enrichment (TEE)	in vivo	Dendrites, Soma, No Axon	Diameter, 3D, Angles	Dendrites Complete	NeuronStudio	120	33247136	10.1038/s41467-020-19874-8	http://neuromorpho.org/api/morphometry/id/148668
dentate_gyrus	DG_mouse_sample	148669	1--CTL-No-19-Dorsal-6	Wang_XD	mouse	C57BL/6N	hippocampus;dentate gyrus;dorsal;granule layer	principal cell;granule;glutamatergic	adult	Day	95.0	95.0	Male	Control	in vitro	Dendrites, Soma, No Axon	Diameter, 3D, Angles	Dendrites Complete	NeuronStudio	120	33247136	10.1038/s41467-020-19874-8	http://neuromorpho.org/api/morphometry/id/148669
dentate_gyrus	DG_mouse_sample	148670	3--vDG-CTL5-V6	Wang_XD	mouse	C57BL/6N	hippocampus;dentate gyrus;ventral;granule layer	principal cell;granule;glutamatergic	adult	Month	2.0	2.0	Male	Control	in vitro	Dendrites, Soma, No Axon	Diameter, 3D, Angles	Dendrites Complete	NeuronStudio	120	33247136	10.1038/s41467-020-19874-8	http://neuromorpho.org/api/morphometry/id/148670
dentate_gyrus	DG_mouse_sample	148671	3--ELS-No-38-Ventral-3	Wang_XD	mouse	C57BL/6N	hippocampus;dentate gyrus;ventral;granule layer	principal cell;granule;glutamatergic	adult	Day	95.0	95.0	Male	early-life stressed (ES)	in vitro	Dendrites, Soma, No Axon	Diameter, 3D, Angles	Dendrites Complete	NeuronStudio	120	33247136	10.1038/s41467-020-19874-8	http://neuromorpho.org/api/morphometry/id/148671
dentate_gyrus	DG_mouse_sample	148672	1--CTL-dDG	Wang_XD	mouse	C57BL/6N	hippocampus;dentate gyrus;dorsal;granule layer	principal cell;granule;glutamatergic;Doublecortin (DCX)-containing;adult-born	adult	Month	4.0	2.0	Male	Control	in vivo	Dendrites, Soma, No Axon	Diameter, 3D, Angles	Dendrites Complete	NeuronStudio	120	33247136	10.1038/s41467-020-19874-8	http://neuromorpho.org/api/morphometry/id/148672
dentate_gyrus	DG_mouse_sample	148673	2--TEE-dDG	Wang_XD	mouse	C57BL/6N	hippocampus;dentate gyrus;dorsal;granule layer	principal cell;granule;glutamatergic;Doublecortin (DCX)-containing;adult-born	adult	Month	4.0	2.0	Male	tactile experience enrichment (TEE)	in vivo	Dendrites, Soma, No Axon	Diameter, 3D, Angles	Dendrites Complete	NeuronStudio	120	33247136	10.1038/s41467-020-19874-8	http://neuromorpho.org/api/morphometry/id/148673
dentate_gyrus	DG_mouse_sample	148674	1--CTL-No-19-Ventral-4	Wang_XD	mouse	C57BL/6N	hippocampus;dentate gyrus;ventral;granule layer	principal cell;granule;glutamatergic	adult	Day	95.0	95.0	Male	Control	in vitro	Dendrites, Soma, No Axon	Diameter, 3D, Angles	Dendrites Complete	NeuronStudio	120	33247136	10.1038/s41467-020-19874-8	http://neuromorpho.org/api/morphometry/id/148674
dentate_gyrus	DG_mouse_sample	148675	3--ELS-No-40-Dorsal-2	Wang_XD	mouse	C57BL/6N	hippocampus;dentate gyrus;dorsal;granule layer	principal cell;granule;glutamatergic	adult	Day	95.0	95.0	Male	early-life stressed (ES)	in vitro	Dendrites, Soma, No Axon	Diameter, 3D, Angles	Dendrites Complete	NeuronStudio	120	33247136	10.1038/s41467-020-19874-8	http://neuromorpho.org/api/morphometry/id/148675
dentate_gyrus	DG_mouse_sample	195685	PDE1c_vGluT2-ctrl_GC08	Anstoetz	mouse	PDE1c-Cre:ChR2-eYFP-flox:vGluT2-flox	hippocampus;dentate gyrus;granule layer	principal cell;granule	young adult	Day	21.0	31.0	Male/Female	Control	in vitro	Dendrites, Soma, No Axon	No Diameter, 3D, Angles	Dendrites Moderate	Neurolucida	350	35584670	10.1016/j.celrep.2022.110822	http://neuromorpho.org/api/morphometry/id/195685
dentate_gyrus	DG_mouse_sample	195686	PDE1c_vGluT2-ctrl_GC13	Anstoetz	mouse	PDE1c-Cre:ChR2-eYFP-flox:vGluT2-flox	hippocampus;dentate gyrus;granule layer	principal cell;granule	young adult	Day	21.0	31.0	Male/Female	Control	in vitro	Dendrites, Soma, No Axon	No Diameter, 3D, Angles	Dendrites Moderate	Neurolucida	350	35584670	10.1016/j.celrep.2022.110822	http://neuromorpho.org/api/morphometry/id/195686
dentate_gyrus	DG_mouse_sample	195687	p73_vGluT2-ctrl_GC06	Anstoetz	mouse	deltaNp73-Cre:ChR2-eYFP-flox:vGluT2-flox	hippocampus;dentate gyrus;granule layer	principal cell;granule	young adult	Day	21.0	31.0	Male/Female	Control	in vitro	Dendrites, Soma, No Axon	No Diameter, 3D, Angles	Dendrites Moderate	Neurolucida	350	35584670	10.1016/j.celrep.2022.110822	http://neuromorpho.org/api/morphometry/id/195687
dentate_gyrus	DG_mouse_sample	195688	p73_vGluT2-ctrl_GC08	Anstoetz	mouse	deltaNp73-Cre:ChR2-eYFP-flox:vGluT2-flox	hippocampus;dentate gyrus;granule layer	principal cell;granule	young adult	Day	21.0	31.0	Male/Female	Control	in vitro	Dendrites, Soma, No Axon	No Diameter, 3D, Angles	Dendrites Moderate	Neurolucida	350	35584670	10.1016/j.celrep.2022.110822	http://neuromorpho.org/api/morphometry/id/195688
dentate_gyrus	DG_mouse_sample	195689	PDE1c_vGluT2-ctrl_GC01	Anstoetz	mouse	PDE1c-Cre:ChR2-eYFP-flox:vGluT2-flox	hippocampus;dentate gyrus;granule layer	principal cell;granule	young adult	Day	21.0	31.0	Male/Female	Control	in vitro	Dendrites, Soma, No Axon	No Diameter, 3D, Angles	Dendrites Moderate	Neurolucida	350	35584670	10.1016/j.celrep.2022.110822	http://neuromorpho.org/api/morphometry/id/195689
dentate_gyrus	DG_mouse_sample	195690	PDE1c_vGluT2-KO_GC04	Anstoetz	mouse	PDE1c-Cre:ChR2-eYFP-flox:vGluT2-flox	hippocampus;dentate gyrus;granule layer	principal cell;granule	young adult	Day	21.0	31.0	Male/Female	PDE1c knockout	in vitro	Dendrites, Soma, No Axon	No Diameter, 3D, Angles	Dendrites Moderate	Neurolucida	350	35584670	10.1016/j.celrep.2022.110822	http://neuromorpho.org/api/morphometry/id/195690
dentate_gyrus	DG_mouse_sample	195696	PDE1c_vGluT2-KO_GC09	Anstoetz	mouse	PDE1c-Cre:ChR2-eYFP-flox:vGluT2-flox	hippocampus;dentate gyrus;granule layer	principal cell;granule	young adult	Day	21.0	31.0	Male/Female	PDE1c knockout	in vitro	Dendrites, Soma, No Axon	No Diameter, 3D, Angles	Dendrites Moderate	Neurolucida	350	35584670	10.1016/j.celrep.2022.110822	http://neuromorpho.org/api/morphometry/id/195696
dentate_gyrus	DG_mouse_sample	195702	PDE1c_vGluT2-ctrl_GC15	Anstoetz	mouse	PDE1c-Cre:ChR2-eYFP-flox:vGluT2-flox	hippocampus;dentate gyrus;granule layer	principal cell;granule	young adult	Day	21.0	31.0	Male/Female	Control	in vitro	Dendrites, Soma, No Axon	No Diameter, 3D, Angles	Dendrites Moderate	Neurolucida	350	35584670	10.1016/j.celrep.2022.110822	http://neuromorpho.org/api/morphometry/id/195702
dentate_gyrus	DG_mouse_sample	195705	PDE1c_vGluT2-KO_GC06	Anstoetz	mouse	PDE1c-Cre:ChR2-eYFP-flox:vGluT2-flox	hippocampus;dentate gyrus;granule layer	principal cell;granule	young adult	Day	21.0	31.0	Male/Female	PDE1c knockout	in vitro	Dendrites, Soma, No Axon	No Diameter, 3D, Angles	Dendrites Moderate	Neurolucida	350	35584670	10.1016/j.celrep.2022.110822	http://neuromorpho.org/api/morphometry/id/195705
dentate_gyrus	DG_mouse_sample	195716	p73_vGluT2-ctrl_GC20	Anstoetz	mouse	deltaNp73-Cre:ChR2-eYFP-flox:vGluT2-flox	hippocampus;dentate gyrus;granule layer	principal cell;granule	young adult	Day	21.0	31.0	Male/Female	Control	in vitro	Dendrites, Soma, No Axon	No Diameter, 3D, Angles	Dendrites Moderate	Neurolucida	350	35584670	10.1016/j.celrep.2022.110822	http://neuromorpho.org/api/morphometry/id/195716
dentate_gyrus	DG_mouse_sample	195719	p73_vGluT2-KO_GC08	Anstoetz	mouse	deltaNp73-Cre:ChR2-eYFP-flox:vGluT2-flox	hippocampus;dentate gyrus;granule layer	principal cell;granule	young adult	Day	21.0	31.0	Male/Female	delta-Np73 knockout	in vitro	Dendrites, Soma, No Axon	No Diameter, 3D, Angles	Dendrites Moderate	Neurolucida	350	35584670	10.1016/j.celrep.2022.110822	http://neuromorpho.org/api/morphometry/id/195719
dentate_gyrus	DG_mouse_sample	195720	PDE1c_vGluT2-ctrl_GC05	Anstoetz	mouse	PDE1c-Cre:ChR2-eYFP-flox:vGluT2-flox	hippocampus;dentate gyrus;granule layer	principal cell;granule	young adult	Day	21.0	31.0	Male/Female	Control	in vitro	Dendrites, Soma, No Axon	No Diameter, 3D, Angles	Dendrites Moderate	Neurolucida	350	35584670	10.1016/j.celrep.2022.110822	http://neuromorpho.org/api/morphometry/id/195720
dentate_gyrus	DG_mouse_sample	195722	p73_vGluT2-ctrl_GC01	Anstoetz	mouse	deltaNp73-Cre:ChR2-eYFP-flox:vGluT2-flox	hippocampus;dentate gyrus;granule layer	principal cell;granule	young adult	Day	21.0	31.0	Male/Female	Control	in vitro	Dendrites, Soma, No Axon	No Diameter, 3D, Angles	Dendrites Moderate	Neurolucida	350	35584670	10.1016/j.celrep.2022.110822	http://neuromorpho.org/api/morphometry/id/195722
dentate_gyrus	DG_mouse_sample	195724	p73_vGluT2-ctrl_GC03	Anstoetz	mouse	deltaNp73-Cre:ChR2-eYFP-flox:vGluT2-flox	hippocampus;dentate gyrus;granule layer	principal cell;granule	young adult	Day	21.0	31.0	Male/Female	Control	in vitro	Dendrites, Soma, No Axon	No Diameter, 3D, Angles	Dendrites Moderate	Neurolucida	350	35584670	10.1016/j.celrep.2022.110822	http://neuromorpho.org/api/morphometry/id/195724
dentate_gyrus	DG_mouse_sample	195726	p73_vGluT2-ctrl_GC07	Anstoetz	mouse	deltaNp73-Cre:ChR2-eYFP-flox:vGluT2-flox	hippocampus;dentate gyrus;granule layer	principal cell;granule	young adult	Day	21.0	31.0	Male/Female	Control	in vitro	Dendrites, Soma, No Axon	No Diameter, 3D, Angles	Dendrites Moderate	Neurolucida	350	35584670	10.1016/j.celrep.2022.110822	http://neuromorpho.org/api/morphometry/id/195726
dentate_gyrus	DG_mouse_sample	195727	PDE1c_vGluT2-ctrl_GC19	Anstoetz	mouse	PDE1c-Cre:ChR2-eYFP-flox:vGluT2-flox	hippocampus;dentate gyrus;granule layer	principal cell;granule	young adult	Day	21.0	31.0	Male/Female	Control	in vitro	Dendrites, Soma, No Axon	No Diameter, 3D, Angles	Dendrites Moderate	Neurolucida	350	35584670	10.1016/j.celrep.2022.110822	http://neuromorpho.org/api/morphometry/id/195727
dentate_gyrus	DG_mouse_sample	195729	PDE1c_vGluT2-KO_GC03	Anstoetz	mouse	PDE1c-Cre:ChR2-eYFP-flox:vGluT2-flox	hippocampus;dentate gyrus;granule layer	principal cell;granule	young adult	Day	21.0	31.0	Male/Female	PDE1c knockout	in vitro	Dendrites, Soma, No Axon	No Diameter, 3D, Angles	Dendrites Moderate	Neurolucida	350	35584670	10.1016/j.celrep.2022.110822	http://neuromorpho.org/api/morphometry/id/195729
dentate_gyrus	DG_mouse_sample	195730	p73_vGluT2-ctrl_GC18	Anstoetz	mouse	deltaNp73-Cre:ChR2-eYFP-flox:vGluT2-flox	hippocampus;dentate gyrus;granule layer	principal cell;granule	young adult	Day	21.0	31.0	Male/Female	Control	in vitro	Dendrites, Soma, No Axon	No Diameter, 3D, Angles	Dendrites Moderate	Neurolucida	350	35584670	10.1016/j.celrep.2022.110822	http://neuromorpho.org/api/morphometry/id/195730
dentate_gyrus	DG_mouse_sample	195737	PDE1c_vGluT2-ctrl_GC22	Anstoetz	mouse	PDE1c-Cre:ChR2-eYFP-flox:vGluT2-flox	hippocampus;dentate gyrus;granule layer	principal cell;granule	young adult	Day	21.0	31.0	Male/Female	Control	in vitro	Dendrites, Soma, No Axon	No Diameter, 3D, Angles	Dendrites Moderate	Neurolucida	350	35584670	10.1016/j.celrep.2022.110822	http://neuromorpho.org/api/morphometry/id/195737
dentate_gyrus	DG_mouse_sample	195746	p73_vGluT2-KO_GC10	Anstoetz	mouse	deltaNp73-Cre:ChR2-eYFP-flox:vGluT2-flox	hippocampus;dentate gyrus;granule layer	principal cell;granule	young adult	Day	21.0	31.0	Male/Female	delta-Np73 knockout	in vitro	Dendrites, Soma, No Axon	No Diameter, 3D, Angles	Dendrites Moderate	Neurolucida	350	35584670	10.1016/j.celrep.2022.110822	http://neuromorpho.org/api/morphometry/id/195746
dentate_gyrus	DG_mouse_sample	195749	p73_vGluT2-ctrl_GC12	Anstoetz	mouse	deltaNp73-Cre:ChR2-eYFP-flox:vGluT2-flox	hippocampus;dentate gyrus;granule layer	principal cell;granule	young adult	Day	21.0	31.0	Male/Female	Control	in vitro	Dendrites, Soma, No Axon	No Diameter, 3D, Angles	Dendrites Moderate	Neurolucida	350	35584670	10.1016/j.celrep.2022.110822	http://neuromorpho.org/api/morphometry/id/195749
dentate_gyrus	DG_mouse_sample	195752	PDE1c_vGluT2-KO_GC01	Anstoetz	mouse	PDE1c-Cre:ChR2-eYFP-flox:vGluT2-flox	hippocampus;dentate gyrus;granule layer	principal cell;granule	young adult	Day	21.0	31.0	Male/Female	PDE1c knockout	in vitro	Dendrites, Soma, No Axon	No Diameter, 3D, Angles	Dendrites Moderate	Neurolucida	350	35584670	10.1016/j.celrep.2022.110822	http://neuromorpho.org/api/morphometry/id/195752
dentate_gyrus	DG_mouse_sample	195757	p73_vGluT2-KO_GC09	Anstoetz	mouse	deltaNp73-Cre:ChR2-eYFP-flox:vGluT2-flox	hippocampus;dentate gyrus;granule layer	principal cell;granule	young adult	Day	21.0	31.0	Male/Female	delta-Np73 knockout	in vitro	Dendrites, Soma, No Axon	No Diameter, 3D, Angles	Dendrites Moderate	Neurolucida	350	35584670	10.1016/j.celrep.2022.110822	http://neuromorpho.org/api/morphometry/id/195757
dentate_gyrus	DG_mouse_sample	195761	PDE1c_vGluT2-ctrl_GC21	Anstoetz	mouse	PDE1c-Cre:ChR2-eYFP-flox:vGluT2-flox	hippocampus;dentate gyrus;granule layer	principal cell;granule	young adult	Day	21.0	31.0	Male/Female	Control	in vitro	Dendrites, Soma, No Axon	No Diameter, 3D, Angles	Dendrites Moderate	Neurolucida	350	35584670	10.1016/j.celrep.2022.110822	http://neuromorpho.org/api/morphometry/id/195761
dentate_gyrus	DG_mouse_sample	195762	PDE1c_vGluT2-ctrl_GC04	Anstoetz	mouse	PDE1c-Cre:ChR2-eYFP-flox:vGluT2-flox	hippocampus;dentate gyrus;granule layer	principal cell;granule	young adult	Day	21.0	31.0	Male/Female	Control	in vitro	Dendrites, Soma, No Axon	No Diameter, 3D, Angles	Dendrites Moderate	Neurolucida	350	35584670	10.1016/j.celrep.2022.110822	http://neuromorpho.org/api/morphometry/id/195762
dentate_gyrus	DG_mouse_sample	195769	PDE1c_vGluT2-ctrl_GC17	Anstoetz	mouse	PDE1c-Cre:ChR2-eYFP-flox:vGluT2-flox	hippocampus;dentate gyrus;granule layer	principal cell;granule	young adult	Day	21.0	31.0	Male/Female	Control	in vitro	Dendrites, Soma, No Axon	No Diameter, 3D, Angles	Dendrites Moderate	Neurolucida	350	35584670	10.1016/j.celrep.2022.110822	http://neuromorpho.org/api/morphometry/id/195769
dentate_gyrus	DG_mouse_sample	195771	p73_vGluT2-ctrl_GC13	Anstoetz	mouse	deltaNp73-Cre:ChR2-eYFP-flox:vGluT2-flox	hippocampus;dentate gyrus;granule layer	principal cell;granule	young adult	Day	21.0	31.0	Male/Female	Control	in vitro	Dendrites, Soma, No Axon	No Diameter, 3D, Angles	Dendrites Moderate	Neurolucida	350	35584670	10.1016/j.celrep.2022.110822	http://neuromorpho.org/api/morphometry/id/195771
dentate_gyrus	DG_mouse_sample	195774	p73_vGluT2-ctrl_GC17	Anstoetz	mouse	deltaNp73-Cre:ChR2-eYFP-flox:vGluT2-flox	hippocampus;dentate gyrus;granule layer	principal cell;granule	young adult	Day	21.0	31.0	Male/Female	Control	in vitro	Dendrites, Soma, No Axon	No Diameter, 3D, Angles	Dendrites Moderate	Neurolucida	350	35584670	10.1016/j.celrep.2022.110822	http://neuromorpho.org/api/morphometry/id/195774
dentate_gyrus	DG_mouse_sample	195775	PDE1c_vGluT2-ctrl_GC16	Anstoetz	mouse	PDE1c-Cre:ChR2-eYFP-flox:vGluT2-flox	hippocampus;dentate gyrus;granule layer	principal cell;granule	young adult	Day	21.0	31.0	Male/Female	Control	in vitro	Dendrites, Soma, No Axon	No Diameter, 3D, Angles	Dendrites Moderate	Neurolucida	350	35584670	10.1016/j.celrep.2022.110822	http://neuromorpho.org/api/morphometry/id/195775
dentate_gyrus	DG_mouse_sample	195779	p73_vGluT2-KO_GC02	Anstoetz	mouse	deltaNp73-Cre:ChR2-eYFP-flox:vGluT2-flox	hippocampus;dentate gyrus;granule layer	principal cell;granule	young adult	Day	21.0	31.0	Male/Female	delta-Np73 knockout	in vitro	Dendrites, Soma, No Axon	No Diameter, 3D, Angles	Dendrites Moderate	Neurolucida	350	35584670	10.1016/j.celrep.2022.110822	http://neuromorpho.org/api/morphometry/id/195779
dentate_gyrus	DG_mouse_sample	195784	PDE1c_vGluT2-KO_GC14	Anstoetz	mouse	PDE1c-Cre:ChR2-eYFP-flox:vGluT2-flox	hippocampus;dentate gyrus;granule layer	principal cell;granule	young adult	Day	21.0	31.0	Male/Female	PDE1c knockout	in vitro	Dendrites, Soma, No Axon	No Diameter, 3D, Angles	Dendrites Moderate	Neurolucida	350	35584670	10.1016/j.celrep.2022.110822	http://neuromorpho.org/api/morphometry/id/195784
dentate_gyrus	DG_mouse_sample	195788	PDE1c_vGluT2-KO_GC07	Anstoetz	mouse	PDE1c-Cre:ChR2-eYFP-flox:vGluT2-flox	hippocampus;dentate gyrus;granule layer	principal cell;granule	young adult	Day	21.0	31.0	Male/Female	PDE1c knockout	in vitro	Dendrites, Soma, No Axon	No Diameter, 3D, Angles	Dendrites Moderate	Neurolucida	350	35584670	10.1016/j.celrep.2022.110822	http://neuromorpho.org/api/morphometry/id/195788
dentate_gyrus	DG_mouse_sample	195789	PDE1c_vGluT2-ctrl_GC11	Anstoetz	mouse	PDE1c-Cre:ChR2-eYFP-flox:vGluT2-flox	hippocampus;dentate gyrus;granule layer	principal cell;granule	young adult	Day	21.0	31.0	Male/Female	Control	in vitro	Dendrites, Soma, No Axon	No Diameter, 3D, Angles	Dendrites Moderate	Neurolucida	350	35584670	10.1016/j.celrep.2022.110822	http://neuromorpho.org/api/morphometry/id/195789
dentate_gyrus	DG_mouse_sample	195793	p73_vGluT2-KO_GC04	Anstoetz	mouse	deltaNp73-Cre:ChR2-eYFP-flox:vGluT2-flox	hippocampus;dentate gyrus;granule layer	principal cell;granule	young adult	Day	21.0	31.0	Male/Female	delta-Np73 knockout	in vitro	Dendrites, Soma, No Axon	No Diameter, 3D, Angles	Dendrites Moderate	Neurolucida	350	35584670	10.1016/j.celrep.2022.110822	http://neuromorpho.org/api/morphometry/id/195793
dentate_gyrus	DG_mouse_sample	195797	p73_vGluT2-KO_GC16	Anstoetz	mouse	deltaNp73-Cre:ChR2-eYFP-flox:vGluT2-flox	hippocampus;dentate gyrus;granule layer	principal cell;granule	young adult	Day	21.0	31.0	Male/Female	delta-Np73 knockout	in vitro	Dendrites, Soma, No Axon	No Diameter, 3D, Angles	Dendrites Moderate	Neurolucida	350	35584670	10.1016/j.celrep.2022.110822	http://neuromorpho.org/api/morphometry/id/195797
dentate_gyrus	DG_mouse_sample	195798	PDE1c_vGluT2-ctrl_GC14	Anstoetz	mouse	PDE1c-Cre:ChR2-eYFP-flox:vGluT2-flox	hippocampus;dentate gyrus;granule layer	principal cell;granule	young adult	Day	21.0	31.0	Male/Female	Control	in vitro	Dendrites, Soma, No Axon	No Diameter, 3D, Angles	Dendrites Moderate	Neurolucida	350	35584670	10.1016/j.celrep.2022.110822	http://neuromorpho.org/api/morphometry/id/195798
dentate_gyrus	DG_mouse_sample	195800	PDE1c_vGluT2-KO_GC16	Anstoetz	mouse	PDE1c-Cre:ChR2-eYFP-flox:vGluT2-flox	hippocampus;dentate gyrus;granule layer	principal cell;granule	young adult	Day	21.0	31.0	Male/Female	PDE1c knockout	in vitro	Dendrites, Soma, No Axon	No Diameter, 3D, Angles	Dendrites Moderate	Neurolucida	350	35584670	10.1016/j.celrep.2022.110822	http://neuromorpho.org/api/morphometry/id/195800
dentate_gyrus	DG_mouse_sample	195802	p73_vGluT2-ctrl_GC02	Anstoetz	mouse	deltaNp73-Cre:ChR2-eYFP-flox:vGluT2-flox	hippocampus;dentate gyrus;granule layer	principal cell;granule	young adult	Day	21.0	31.0	Male/Female	Control	in vitro	Dendrites, Soma, No Axon	No Diameter, 3D, Angles	Dendrites Moderate	Neurolucida	350	35584670	10.1016/j.celrep.2022.110822	http://neuromorpho.org/api/morphometry/id/195802
dentate_gyrus	DG_mouse_sample	195806	PDE1c_vGluT2-ctrl_GC06	Anstoetz	mouse	PDE1c-Cre:ChR2-eYFP-flox:vGluT2-flox	hippocampus;dentate gyrus;granule layer	principal cell;granule	young adult	Day	21.0	31.0	Male/Female	Control	in vitro	Dendrites, Soma, No Axon	No Diameter, 3D, Angles	Dendrites Moderate	Neurolucida	350	35584670	10.1016/j.celrep.2022.110822	http://neuromorpho.org/api/morphometry/id/195806
dentate_gyrus	DG_mouse_sample	195809	p73_vGluT2-KO_GC05	Anstoetz	mouse	deltaNp73-Cre:ChR2-eYFP-flox:vGluT2-flox	hippocampus;dentate gyrus;granule layer	principal cell;granule	young adult	Day	21.0	31.0	Male/Female	delta-Np73 knockout	in vitro	Dendrites, Soma, No Axon	No Diameter, 3D, Angles	Dendrites Moderate	Neurolucida	350	35584670	10.1016/j.celrep.2022.110822	http://neuromorpho.org/api/morphometry/id/195809
dentate_gyrus	DG_mouse_sample	195810	PDE1c_vGluT2-KO_GC02	Anstoetz	mouse	PDE1c-Cre:ChR2-eYFP-flox:vGluT2-flox	hippocampus;dentate gyrus;granule layer	principal cell;granule	young adult	Day	21.0	31.0	Male/Female	PDE1c knockout	in vitro	Dendrites, Soma, No Axon	No Diameter, 3D, Angles	Dendrites Moderate	Neurolucida	350	35584670	10.1016/j.celrep.2022.110822	http://neuromorpho.org/api/morphometry/id/195810
dentate_gyrus	DG_mouse_sample	195811	PDE1c_vGluT2-KO_GC08	Anstoetz	mouse	PDE1c-Cre:ChR2-eYFP-flox:vGluT2-flox	hippocampus;dentate gyrus;granule layer	principal cell;granule	young adult	Day	21.0	31.0	Male/Female	PDE1c knockout	in vitro	Dendrites, Soma, No Axon	No Diameter, 3D, Angles	Dendrites Moderate	Neurolucida	350	35584670	10.1016/j.celrep.2022.110822	http://neuromorpho.org/api/morphometry/id/195811
dentate_gyrus	DG_mouse_sample	195823	p73_vGluT2-KO_GC07	Anstoetz	mouse	deltaNp73-Cre:ChR2-eYFP-flox:vGluT2-flox	hippocampus;dentate gyrus;granule layer	principal cell;granule	young adult	Day	21.0	31.0	Male/Female	delta-Np73 knockout	in vitro	Dendrites, Soma, No Axon	No Diameter, 3D, Angles	Dendrites Moderate	Neurolucida	350	35584670	10.1016/j.celrep.2022.110822	http://neuromorpho.org/api/morphometry/id/195823
dentate_gyrus	DG_mouse_sample	195827	p73_vGluT2-KO_GC11	Anstoetz	mouse	deltaNp73-Cre:ChR2-eYFP-flox:vGluT2-flox	hippocampus;dentate gyrus;granule layer	principal cell;granule	young adult	Day	21.0	31.0	Male/Female	delta-Np73 knockout	in vitro	Dendrites, Soma, No Axon	No Diameter, 3D, Angles	Dendrites Moderate	Neurolucida	350	35584670	10.1016/j.celrep.2022.110822	http://neuromorpho.org/api/morphometry/id/195827
dentate_gyrus	DG_mouse_sample	195829	p73_vGluT2-ctrl_GC19	Anstoetz	mouse	deltaNp73-Cre:ChR2-eYFP-flox:vGluT2-flox	hippocampus;dentate gyrus;granule layer	principal cell;granule	young adult	Day	21.0	31.0	Male/Female	Control	in vitro	Dendrites, Soma, No Axon	No Diameter, 3D, Angles	Dendrites Moderate	Neurolucida	350	35584670	10.1016/j.celrep.2022.110822	http://neuromorpho.org/api/morphometry/id/195829
dentate_gyrus	DG_mouse_sample	195830	p73_vGluT2-KO_GC03	Anstoetz	mouse	deltaNp73-Cre:ChR2-eYFP-flox:vGluT2-flox	hippocampus;dentate gyrus;granule layer	principal cell;granule	young adult	Day	21.0	31.0	Male/Female	delta-Np73 knockout	in vitro	Dendrites, Soma, No Axon	No Diameter, 3D, Angles	Dendrites Moderate	Neurolucida	350	35584670	10.1016/j.celrep.2022.110822	http://neuromorpho.org/api/morphometry/id/195830
dentate_gyrus	DG_mouse_sample	195835	p73_vGluT2-ctrl_GC15	Anstoetz	mouse	deltaNp73-Cre:ChR2-eYFP-flox:vGluT2-flox	hippocampus;dentate gyrus;granule layer	principal cell;granule	young adult	Day	21.0	31.0	Male/Female	Control	in vitro	Dendrites, Soma, No Axon	No Diameter, 3D, Angles	Dendrites Moderate	Neurolucida	350	35584670	10.1016/j.celrep.2022.110822	http://neuromorpho.org/api/morphometry/id/195835
dentate_gyrus	DG_mouse_sample	195837	PDE1c_vGluT2-ctrl_GC20	Anstoetz	mouse	PDE1c-Cre:ChR2-eYFP-flox:vGluT2-flox	hippocampus;dentate gyrus;granule layer	principal cell;granule	young adult	Day	21.0	31.0	Male/Female	Control	in vitro	Dendrites, Soma, No Axon	No Diameter, 3D, Angles	Dendrites Moderate	Neurolucida	350	35584670	10.1016/j.celrep.2022.110822	http://neuromorpho.org/api/morphometry/id/195837
dentate_gyrus	DG_mouse_sample	195844	PDE1c_vGluT2-ctrl_GC02	Anstoetz	mouse	PDE1c-Cre:ChR2-eYFP-flox:vGluT2-flox	hippocampus;dentate gyrus;granule layer	principal cell;granule	young adult	Day	21.0	31.0	Male/Female	Control	in vitro	Dendrites, Soma, No Axon	No Diameter, 3D, Angles	Dendrites Moderate	Neurolucida	350	35584670	10.1016/j.celrep.2022.110822	http://neuromorpho.org/api/morphometry/id/195844
dentate_gyrus	DG_mouse_sample	195845	PDE1c_vGluT2-KO_GC15	Anstoetz	mouse	PDE1c-Cre:ChR2-eYFP-flox:vGluT2-flox	hippocampus;dentate gyrus;granule layer	principal cell;granule	young adult	Day	21.0	31.0	Male/Female	PDE1c knockout	in vitro	Dendrites, Soma, No Axon	No Diameter, 3D, Angles	Dendrites Moderate	Neurolucida	350	35584670	10.1016/j.celrep.2022.110822	http://neuromorpho.org/api/morphometry/id/195845
dentate_gyrus	DG_mouse_sample	52413	TG4063-Neuron-Q-60dpi	Gage	mouse	C57BL/6J	hippocampus;dentate gyrus;granule layer	principal cell;granule;newborn	adult	Day	102.0	109.0	Female	Environmental enrichment	in vivo	Dendrites, Soma, No Axon	No Diameter, 3D, Angles	Dendrites Complete	Neurolucida	Not reported	27135217	10.1038/nn.4301	http://neuromorpho.org/api/morphometry/id/52413
dentate_gyrus	DG_mouse_sample	52414	TG4050-Neuron-A-27dpi	Gage	mouse	C57BL/6J	hippocampus;dentate gyrus;granule layer	principal cell;granule;newborn	adult	Day	69.0	76.0	Female	CELSR3 shRNAi	in vivo	Dendrites, Soma, No Axon	No Diameter, 3D, Angles	Dendrites Complete	Neurolucida	Not reported	27135217	10.1038/nn.4301	http://neuromorpho.org/api/morphometry/id/52414
dentate_gyrus	DG_mouse_sample	52415	TG4033-Neuron-R-37dpi	Gage	mouse	C57BL/6J	hippocampus;dentate gyrus;granule layer	principal cell;granule;newborn	adult	Day	79.0	86.0	Female	CELSR3 shRNAi	in vivo	Dendrites, Soma, No Axon	No Diameter, 3D, Angles	Dendrites Complete	Neurolucida	Not reported	27135217	10.1038/nn.4301	http://neuromorpho.org/api/morphometry/id/52415
dentate_gyrus	DG_mouse_sample	52416	TG4034-Neuron-C-37dpi	Gage	mouse	C57BL/6J	hippocampus;dentate gyrus;granule layer	principal cell;granule;newborn	adult	Day	79.0	86.0	Female	CELSR3 shRNAi	in vivo	Dendrites, Soma, No Axon	No Diameter, 3D, Angles	Dendrites Complete	Neurolucida	Not reported	27135217	10.1038/nn.4301	http://neuromorpho.org/api/morphometry/id/52416
dentate_gyrus	DG_mouse_sample	52417	TG4049-Neuron-B-37dpi	Gage	mouse	C57BL/6J	hippocampus;dentate gyrus;granule layer	principal cell;granule;newborn	adult	Day	79.0	86.0	Female	CELSR3 shRNAi	in vivo	Dendrites, Soma, No Axon	No Diameter, 3D, Angles	Dendrites Complete	Neurolucida	Not reported	27135217	10.1038/nn.4301	http://neuromorpho.org/api/morphometry/id/52417
dentate_gyrus	DG_mouse_sample	52418	TG4049-Neuron-C-37dpi	Gage	mouse	C57BL/6J	hippocampus;dentate gyrus;granule layer	principal cell;granule;newborn	adult	Day	79.0	86.0	Female	CELSR3 shRNAi	in vivo	Dendrites, Soma, No Axon	No Diameter, 3D, Angles	Dendrites Complete	Neurolucida	Not reported	27135217	10.1038/nn.4301	http://neuromorpho.org/api/morphometry/id/52418
dentate_gyrus	DG_mouse_sample	52419	TG4050-Neuron-C-37dpi	Gage	mouse	C57BL/6J	hippocampus;dentate gyrus;granule layer	principal cell;granule;newborn	adult	Day	79.0	86.0	Female	CELSR3 shRNAi	in vivo	Dendrites, Soma, No Axon	No Diameter, 3D, Angles	Dendrites Complete	Neurolucida	Not reported	27135217	10.1038/nn.4301	http://neuromorpho.org/api/morphometry/id/52419
dentate_gyrus	DG_mouse_sample	52420	TG4050-Neuron-E-37dpi	Gage	mouse	C57BL/6J	hippocampus;dentate gyrus;granule layer	principal cell;granule;newborn	adult	Day	79.0	86.0	Female	CELSR3 shRNAi	in vivo	Dendrites, Soma, No Axon	No Diameter, 3D, Angles	Dendrites Complete	Neurolucida	Not reported	27135217	10.1038/nn.4301	http://neuromorpho.org/api/morphometry/id/52420
dentate_gyrus	DG_mouse_sample	52421	TG4050-Neuron-F-37dpi	Gage	mouse	C57BL/6J	hippocampus;dentate gyrus;granule layer	principal cell;granule;newborn	adult	Day	79.0	86.0	Female	CELSR3 shRNAi	in vivo	Dendrites, Soma, No Axon	No Diameter, 3D, Angles	Dendrites Complete	Neurolucida	Not reported	27135217	10.1038/nn.4301	http://neuromorpho.org/api/morphometry/id/52421
dentate_gyrus	DG_mouse_sample	52422	TG4033-Neuron-AA-43dpi	Gage	mouse	C57BL/6J	hippocampus;dentate gyrus;granule layer	principal cell;granule;newborn	adult	Day	85.0	92.0	Female	CELSR3 shRNAi	in vivo	Dendrites, Soma, No Axon	No Diameter, 3D, Angles	Dendrites Complete	Neurolucida	Not reported	27135217	10.1038/nn.4301	http://neuromorpho.org/api/morphometry/id/52422
dentate_gyrus	DG_mouse_sample	52423	TG4033-Neuron-H-43dpi	Gage	mouse	C57BL/6J	hippocampus;dentate gyrus;granule layer	principal cell;granule;newborn	adult	Day	85.0	92.0	Female	CELSR3 shRNAi	in vivo	Dendrites, Soma, No Axon	No Diameter, 3D, Angles	Dendrites Complete	Neurolucida	Not reported	27135217	10.1038/nn.4301	http://neuromorpho.org/api/morphometry/id/52423
dentate_gyrus	DG_mouse_sample	52424	TG4033-Neuron-I-43dpi	Gage	mouse	C57BL/6J	hippocampus;dentate gyrus;granule layer	principal cell;granule;newborn	adult	Day	85.0	92.0	Female	CELSR3 shRNAi	in vivo	Dendrites, Soma, No Axon	No Diameter, 3D, Angles	Dendrites Complete	Neurolucida	Not reported	27135217	10.1038/nn.4301	http://neuromorpho.org/api/morphometry/id/52424
dentate_gyrus	DG_mouse_sample	52425	TG4033-Neuron-J-43dpi	Gage	mouse	C57BL/6J	hippocampus;dentate gyrus;granule layer	principal cell;granule;newborn	adult	Day	85.0	92.0	Female	CELSR3 shRNAi	in vivo	Dendrites, Soma, No Axon	No Diameter, 3D, Angles	Dendrites Complete	Neurolucida	Not reported	27135217	10.1038/nn.4301	http://neuromorpho.org/api/morphometry/id/52425
dentate_gyrus	DG_mouse_sample	52426	TG4033-Neuron-L-43dpi	Gage	mouse	C57BL/6J	hippocampus;dentate gyrus;granule layer	principal cell;granule;newborn	adult	Day	85.0	92.0	Female	CELSR3 shRNAi	in vivo	Dendrites, Soma, No Axon	No Diameter, 3D, Angles	Dendrites Complete	Neurolucida	Not reported	27135217	10.1038/nn.4301	http://neuromorpho.org/api/morphometry/id/52426
dentate_gyrus	DG_mouse_sample	52427	TG4052-Neuron-A-48dpi	Gage	mouse	C57BL/6J	hippocampus;dentate gyrus;granule layer	principal cell;granule;newborn	adult	Day	90.0	97.0	Female	CELSR3 shRNAi	in vivo	Dendrites, Soma, No Axon	No Diameter, 3D, Angles	Dendrites Complete	Neurolucida	Not reported	27135217	10.1038/nn.4301	http://neuromorpho.org/api/morphometry/id/52427
dentate_gyrus	DG_mouse_sample	52428	TG4052-Neuron-B-48dpi	Gage	mouse	C57BL/6J	hippocampus;dentate gyrus;granule layer	principal cell;granule;newborn	adult	Day	90.0	97.0	Female	CELSR3 shRNAi	in vivo	Dendrites, Soma, No Axon	No Diameter, 3D, Angles	Dendrites Complete	Neurolucida	Not reported	27135217	10.1038/nn.4301	http://neuromorpho.org/api/morphometry/id/52428
dentate_gyrus	DG_mouse_sample	52429	TG4052-Neuron-G-48dpi	Gage	mouse	C57BL/6J	hippocampus;dentate gyrus;granule layer	principal cell;granule;newborn	adult	Day	90.0	97.0	Female	CELSR3 shRNAi	in vivo	Dendrites, Soma, No Axon	No Diameter, 3D, Angles	Dendrites Complete	Neurolucida	Not reported	27135217	10.1038/nn.4301	http://neuromorpho.org/api/morphometry/id/52429
dentate_gyrus	DG_mouse_sample	52430	TG4052-Neuron-I-48dpi	Gage	mouse	C57BL/6J	hippocampus;dentate gyrus;granule layer	principal cell;granule;newborn	adult	Day	90.0	97.0	Female	CELSR3 shRNAi	in vivo	Dendrites, Soma, No Axon	No Diameter, 3D, Angles	Dendrites Complete	Neurolucida	Not reported	27135217	10.1038/nn.4301	http://neuromorpho.org/api/morphometry/id/52430
dentate_gyrus	DG_mouse_sample	52431	TG4033-Neuron-E-60dpi	Gage	mouse	C57BL/6J	hippocampus;dentate gyrus;granule layer	principal cell;granule;newborn	adult	Day	102.0	109.0	Female	CELSR3 shRNAi	in vivo	Dendrites, Soma, No Axon	No Diameter, 3D, Angles	Dendrites Complete	Neurolucida	Not reported	27135217	10.1038/nn.4301	http://neuromorpho.org/api/morphometry/id/52431
dentate_gyrus	DG_mouse_sample	52432	TG4033-Neuron-F-60dpi	Gage	mouse	C57BL/6J	hippocampus;dentate gyrus;granule layer	principal cell;granule;newborn	adult	Day	102.0	109.0	Female	CELSR3 shRNAi	in vivo	Dendrites, Soma, No Axon	No Diameter, 3D, Angles	Dendrites Complete	Neurolucida	Not reported	27135217	10.1038/nn.4301	http://neuromorpho.org/api/morphometry/id/52432
dentate_gyrus	DG_mouse_sample	52433	TG4033-Neuron-G-60dpi	Gage	mouse	C57BL/6J	hippocampus;dentate gyrus;granule layer	principal cell;granule;newborn	adult	Day	102.0	109.0	Female	CELSR3 shRNAi	in vivo	Dendrites, Soma, No Axon	No Diameter, 3D, Angles	Dendrites Complete	Neurolucida	Not reported	27135217	10.1038/nn.4301	http://neuromorpho.org/api/morphometry/id/52433
dentate_gyrus	DG_mouse_sample	52434	TG4033-Neuron-K-60dpi	Gage	mouse	C57BL/6J	hippocampus;dentate gyrus;granule layer	principal cell;granule;newborn	adult	Day	102.0	109.0	Female	CELSR3 shRNAi	in vivo	Dendrites, Soma, No Axon	No Diameter, 3D, Angles	Dendrites Complete	Neurolucida	Not reported	27135217	10.1038/nn.4301	http://neuromorpho.org/api/morphometry/id/52434
dentate_gyrus	DG_mouse_sample	52435	TG4033-Neuron-M-60dpi	Gage	mouse	C57BL/6J	hippocampus;dentate gyrus;granule layer	principal cell;granule;newborn	adult	Day	102.0	109.0	Female	CELSR3 shRNAi	in vivo	Dendrites, Soma, No Axon	No Diameter, 3D, Angles	Dendrites Complete	Neurolucida	Not reported	27135217	10.1038/nn.4301	http://neuromorpho.org/api/morphometry/id/52435
dentate_gyrus	DG_mouse_sample	52436	TG4033-Neuron-N-60dpi	Gage	mouse	C57BL/6J	hippocampus;dentate gyrus;granule layer	principal cell;granule;newborn	adult	Day	102.0	109.0	Female	CELSR3 shRNAi	in vivo	Dendrites, Soma, No Axon	No Diameter, 3D, Angles	Dendrites Complete	Neurolucida	Not reported	27135217	10.1038/nn.4301	http://neuromorpho.org/api/morphometry/id/52436
dentate_gyrus	DG_mouse_sample	52437	TG4033-Neuron-S-60dpi	Gage	mouse	C57BL/6J	hippocampus;dentate gyrus;granule layer	principal cell;granule;newborn	adult	Day	102.0	109.0	Female	CELSR3 shRNAi	in vivo	Dendrites, Soma, No Axon	No Diameter, 3D, Angles	Dendrites Complete	Neurolucida	Not reported	27135217	10.1038/nn.4301	http://neuromorpho.org/api/morphometry/id/52437
dentate_gyrus	DG_mouse_sample	52438	TG4033-Neuron-X-60dpi	Gage	mouse	C57BL/6J	hippocampus;dentate gyrus;granule layer	principal cell;granule;newborn	adult	Day	102.0	109.0	Female	CELSR3 shRNAi	in vivo	Dendrites, Soma, No Axon	No Diameter, 3D, Angles	Dendrites Complete	Neurolucida	Not reported	27135217	10.1038/nn.4301	http://neuromorpho.org/api/morphometry/id/52438
dentate_gyrus	DG_mouse_sample	52439	TG4033-Neuron-Z-60dpi	Gage	mouse	C57BL/6J	hippocampus;dentate gyrus;granule layer	principal cell;granule;newborn	adult	Day	102.0	109.0	Female	CELSR3 shRNAi	in vivo	Dendrites, Soma, No Axon	No Diameter, 3D, Angles	Dendrites Complete	Neurolucida	Not reported	27135217	10.1038/nn.4301	http://neuromorpho.org/api/morphometry/id/52439
dentate_gyrus	DG_mouse_sample	5693	DGC103axon	Danzer	mouse	C57BL6/Thy1-GFP 	hippocampus;dentate gyrus;granule layer	granule;principal cell	adult	Month	4.0	5.0	Male/Female	pilocarpine treated	in vivo	No Dendrites, Soma, Axon	No Diameter, 3D, Angles	Axon Incomplete	Neurolucida	60	17626215	10.1523/JNEUROSCI.0431-07.2007	http://neuromorpho.org/api/morphometry/id/5693
dentate_gyrus	DG_mouse_sample	5694	DGC104axon	Danzer	mouse	C57BL6/Thy1-GFP 	hippocampus;dentate gyrus;granule layer	granule;principal cell	adult	Month	4.0	5.0	Male/Female	pilocarpine treated	in vivo	No Dendrites, Soma, Axon	No Diameter, 3D, Angles	Axon Incomplete	Neurolucida	60	17626215	10.1523/JNEUROSCI.0431-07.2007	http://neuromorpho.org/api/morphometry/id/5694
dentate_gyrus	DG_mouse_sample	5695	DGC173axon	Danzer	mouse	C57BL6/Thy1-GFP 	hippocampus;dentate gyrus;granule layer	granule;principal cell	adult	Month	4.0	5.0	Male/Female	pilocarpine treated	in vivo	No Dendrites, Soma, Axon	No Diameter, 3D, Angles	Axon Incomplete	Neurolucida	60	17626215	10.1523/JNEUROSCI.0431-07.2007	http://neuromorpho.org/api/morphometry/id/5695
dentate_gyrus	DG_mouse_sample	5696	DGC212axon-a	Danzer	mouse	C57BL6/Thy1-GFP 	hippocampus;dentate gyrus;granule layer	granule;principal cell	adult	Month	4.0	5.0	Male/Female	Control	in vivo	Dendrites, Soma, Axon	No Diameter, 3D, Angles	Dendrites Moderate, Axon Incomplete	Neurolucida	60	17626215	10.1523/JNEUROSCI.0431-07.2007	http://neuromorpho.org/api/morphometry/id/5696
dentate_gyrus	DG_mouse_sample	5697	DGC235axon	Danzer	mouse	C57BL6/Thy1-GFP 	hippocampus;dentate gyrus;granule layer	granule;principal cell	adult	Month	4.0	5.0	Male/Female	pilocarpine treated	in vivo	No Dendrites, Soma, Axon	No Diameter, 3D, Angles	Axon Incomplete	Neurolucida	60	17626215	10.1523/JNEUROSCI.0431-07.2007	http://neuromorpho.org/api/morphometry/id/5697
dentate_gyrus	DG_mouse_sample	5698	DGC275axon	Danzer	mouse	C57BL6/Thy1-GFP 	hippocampus;dentate gyrus;granule layer	granule;principal cell	adult	Month	4.0	5.0	Male/Female	pilocarpine treated	in vivo	No Dendrites, Soma, Axon	No Diameter, 3D, Angles	Axon Incomplete	Neurolucida	60	17626215	10.1523/JNEUROSCI.0431-07.2007	http://neuromorpho.org/api/morphometry/id/5698
dentate_gyrus	DG_mouse_sample	5699	DGC285axon	Danzer	mouse	C57BL6/Thy1-GFP 	hippocampus;dentate gyrus;granule layer	granule;principal cell	adult	Month	4.0	5.0	Male/Female	pilocarpine treated	in vivo	No Dendrites, Soma, Axon	No Diameter, 3D, Angles	Axon Incomplete	Neurolucida	60	17626215	10.1523/JNEUROSCI.0431-07.2007	http://neuromorpho.org/api/morphometry/id/5699
dentate_gyrus	DG_mouse_sample	5700	DGC393axon	Danzer	mouse	C57BL6/Thy1-GFP 	hippocampus;dentate gyrus;granule layer	granule;principal cell	adult	Month	4.0	5.0	Male/Female	Control	in vivo	No Dendrites, Soma, Axon	No Diameter, 3D, Angles	Axon Incomplete	Neurolucida	60	17626215	10.1523/JNEUROSCI.0431-07.2007	http://neuromorpho.org/api/morphometry/id/5700
dentate_gyrus	DG_mouse_sample	5701	DGC411axon	Danzer	mouse	C57BL6/Thy1-GFP 	hippocampus;dentate gyrus;granule layer	granule;principal cell	adult	Month	4.0	5.0	Male/Female	pilocarpine treated	in vivo	No Dendrites, Soma, Axon	No Diameter, 3D, Angles	Axon Incomplete	Neurolucida	60	17626215	10.1523/JNEUROSCI.0431-07.2007	http://neuromorpho.org/api/morphometry/id/5701
dentate_gyrus	DG_mouse_sample	5702	DGC535axon	Danzer	mouse	C57BL6/Thy1-GFP 	hippocampus;dentate gyrus;granule layer	granule;principal cell	adult	Month	4.0	5.0	Male/Female	pilocarpine treated	in vivo	No Dendrites, Soma, Axon	No Diameter, 3D, Angles	Axon Incomplete	Neurolucida	60	17626215	10.1523/JNEUROSCI.0431-07.2007	http://neuromorpho.org/api/morphometry/id/5702
dentate_gyrus	DG_mouse_sample	5703	DGC537axon	Danzer	mouse	C57BL6/Thy1-GFP 	hippocampus;dentate gyrus;granule layer	granule;principal cell	adult	Month	4.0	5.0	Male/Female	pilocarpine treated	in vivo	No Dendrites, Soma, Axon	No Diameter, 3D, Angles	Axon Incomplete	Neurolucida	60	17626215	10.1523/JNEUROSCI.0431-07.2007	http://neuromorpho.org/api/morphometry/id/5703
dentate_gyrus	DG_mouse_sample	59666	12-C4D-N1	Koehl	mouse	C57BL/6N	hippocampus;dentate gyrus;granule layer	principal cell;granule;adult-born;16 days old	adult	Month	2.5	2.5	Male	Blocked wheel	Not reported	Dendrites, Soma, No Axon	No Diameter, 3D, Angles	Dendrites Complete	Neurolucida	40	26606164	10.1002/hipo.22551	http://neuromorpho.org/api/morphometry/id/59666
dentate_gyrus	DG_mouse_sample	59667	12-C4D-N2	Koehl	mouse	C57BL/6N	hippocampus;dentate gyrus;granule layer	principal cell;granule;adult-born;16 days old	adult	Month	2.5	2.5	Male	Blocked wheel	Not reported	Dendrites, Soma, No Axon	No Diameter, 3D, Angles	Dendrites Complete	Neurolucida	40	26606164	10.1002/hipo.22551	http://neuromorpho.org/api/morphometry/id/59667
dentate_gyrus	DG_mouse_sample	59668	13-C4G-N3	Koehl	mouse	C57BL/6N	hippocampus;dentate gyrus;granule layer	principal cell;granule;adult-born;16 days old	adult	Month	2.5	2.5	Male	Blocked wheel	Not reported	Dendrites, Soma, No Axon	No Diameter, 3D, Angles	Dendrites Complete	Neurolucida	40	26606164	10.1002/hipo.22551	http://neuromorpho.org/api/morphometry/id/59668
dentate_gyrus	DG_mouse_sample	59669	13-C4G-N4	Koehl	mouse	C57BL/6N	hippocampus;dentate gyrus;granule layer	principal cell;granule;adult-born;16 days old	adult	Month	2.5	2.5	Male	Blocked wheel	Not reported	Dendrites, Soma, No Axon	No Diameter, 3D, Angles	Dendrites Complete	Neurolucida	40	26606164	10.1002/hipo.22551	http://neuromorpho.org/api/morphometry/id/59669
dentate_gyrus	DG_mouse_sample	59670	4-C4D-N1	Koehl	mouse	C57BL/6N	hippocampus;dentate gyrus;granule layer	principal cell;granule;adult-born;16 days old	adult	Month	2.5	2.5	Male	Limited wheel access	Not reported	Dendrites, Soma, No Axon	No Diameter, 3D, Angles	Dendrites Complete	Neurolucida	40	26606164	10.1002/hipo.22551	http://neuromorpho.org/api/morphometry/id/59670
dentate_gyrus	DG_mouse_sample	59671	4-C6G-N2	Koehl	mouse	C57BL/6N	hippocampus;dentate gyrus;granule layer	principal cell;granule;adult-born;16 days old	adult	Month	2.5	2.5	Male	Limited wheel access	Not reported	Dendrites, Soma, No Axon	No Diameter, 3D, Angles	Dendrites Complete	Neurolucida	40	26606164	10.1002/hipo.22551	http://neuromorpho.org/api/morphometry/id/59671
dentate_gyrus	DG_mouse_sample	59672	6-C6G-N3	Koehl	mouse	C57BL/6N	hippocampus;dentate gyrus;granule layer	principal cell;granule;adult-born;16 days old	adult	Month	2.5	2.5	Male	Limited wheel access	Not reported	Dendrites, Soma, No Axon	No Diameter, 3D, Angles	Dendrites Complete	Neurolucida	40	26606164	10.1002/hipo.22551	http://neuromorpho.org/api/morphometry/id/59672
dentate_gyrus	DG_mouse_sample	59673	11-C2G-D-N3	Koehl	mouse	C57BL/6N	hippocampus;dentate gyrus;granule layer	principal cell;granule;adult-born;16 days old	adult	Month	2.5	2.5	Male	Control	Not reported	Dendrites, Soma, No Axon	No Diameter, 3D, Angles	Dendrites Complete	Neurolucida	40	26606164	10.1002/hipo.22551	http://neuromorpho.org/api/morphometry/id/59673
dentate_gyrus	DG_mouse_sample	59674	5-C3G-D-N1	Koehl	mouse	C57BL/6N	hippocampus;dentate gyrus;granule layer	principal cell;granule;adult-born;16 days old	adult	Month	2.5	2.5	Male	Control	Not reported	Dendrites, Soma, No Axon	No Diameter, 3D, Angles	Dendrites Complete	Neurolucida	40	26606164	10.1002/hipo.22551	http://neuromorpho.org/api/morphometry/id/59674
dentate_gyrus	DG_mouse_sample	59675	5-C5G-D-N2	Koehl	mouse	C57BL/6N	hippocampus;dentate gyrus;granule layer	principal cell;granule;adult-born;16 days old	adult	Month	2.5	2.5	Male	Control	Not reported	Dendrites, Soma, No Axon	No Diameter, 3D, Angles	Dendrites Complete	Neurolucida	40	26606164	10.1002/hipo.22551	http://neuromorpho.org/api/morphometry/id/59675
dentate_gyrus	DG_mouse_sample	59676	19-C5G-N2	Koehl	mouse	C57BL/6N	hippocampus;dentate gyrus;granule layer	principal cell;granule;adult-born;16 days old	adult	Month	2.5	2.5	Male	unlimited wheel access	Not reported	Dendrites, Soma, No Axon	No Diameter, 3D, Angles	Dendrites Complete	Neurolucida	40	26606164	10.1002/hipo.22551	http://neuromorpho.org/api/morphometry/id/59676
dentate_gyrus	DG_mouse_sample	59677	19-C7G-N2	Koehl	mouse	C57BL/6N	hippocampus;dentate gyrus;granule layer	principal cell;granule;adult-born;16 days old	adult	Month	2.5	2.5	Male	unlimited wheel access	Not reported	Dendrites, Soma, No Axon	No Diameter, 3D, Angles	Dendrites Complete	Neurolucida	40	26606164	10.1002/hipo.22551	http://neuromorpho.org/api/morphometry/id/59677
dentate_gyrus	DG_mouse_sample	98613	8-29-13-Slice-3	Danzer	mouse	C57BL/6	hippocampus;dentate gyrus;granule layer	principal cell;granule	adult	Month	2.2	8.2	Male/Female	PTEN Knockout	in vitro	Dendrites, Soma, Axon	Diameter, 3D, Angles	Dendrites Complete, Axon Incomplete	Neurolucida	400	28855130	10.1016/j.nbd.2017.08.014	http://neuromorpho.org/api/morphometry/id/98613
dentate_gyrus	DG_mouse_sample	98614	9-19-2016-sl2-tracing	Danzer	mouse	C57BL/6	hippocampus;dentate gyrus;granule layer	principal cell;granule	adult	Month	2.2	8.2	Male/Female	PTEN Knockout	in vitro	Dendrites, Soma, Axon	Diameter, 3D, Angles	Dendrites Complete, Axon Incomplete	Neurolucida	400	28855130	10.1016/j.nbd.2017.08.014	http://neuromorpho.org/api/morphometry/id/98614
dentate_gyrus	DG_mouse_sample	98615	9-30-2014-cell	Danzer	mouse	C57BL/6	hippocampus;dentate gyrus;granule layer	principal cell;granule	adult	Month	2.2	8.2	Male/Female	PTEN Knockout	in vitro	Dendrites, Soma, Axon	Diameter, 3D, Angles	Dendrites Complete, Axon Incomplete	Neurolucida	400	28855130	10.1016/j.nbd.2017.08.014	http://neuromorpho.org/api/morphometry/id/98615
dentate_gyrus	DG_mouse_sample	98616	01-08-14-Slice-1	Danzer	mouse	C57BL/6	hippocampus;dentate gyrus	principal cell;granule	adult	Month	2.0	6.0	Male/Female	Control	in vitro	Dendrites, Soma, Axon	No Diameter, 3D, Angles	Dendrites Complete, Axon Incomplete	Neurolucida	400	28855130	10.1016/j.nbd.2017.08.014	http://neuromorpho.org/api/morphometry/id/98616
dentate_gyrus	DG_mouse_sample	98617	01-08-14-Slice-1or2-Cell-3	Danzer	mouse	C57BL/6	hippocampus;dentate gyrus	principal cell;granule	adult	Month	2.0	6.0	Male/Female	Control	in vitro	Dendrites, Soma, Axon	No Diameter, 3D, Angles	Dendrites Complete, Axon Incomplete	Neurolucida	400	28855130	10.1016/j.nbd.2017.08.014	http://neuromorpho.org/api/morphometry/id/98617
dentate_gyrus	DG_mouse_sample	98618	03-07-14-Slice-2	Danzer	mouse	C57BL/6	hippocampus;dentate gyrus	principal cell;granule	adult	Month	2.0	6.0	Male/Female	Control	in vitro	Dendrites, Soma, Axon	No Diameter, 3D, Angles	Dendrites Complete, Axon Incomplete	Neurolucida	400	28855130	10.1016/j.nbd.2017.08.014	http://neuromorpho.org/api/morphometry/id/98618
dentate_gyrus	DG_mouse_sample	98619	03-10-14-Slice-1	Danzer	mouse	C57BL/6	hippocampus;dentate gyrus	principal cell;granule	adult	Month	2.0	6.0	Male/Female	Control	in vitro	Dendrites, Soma, Axon	No Diameter, 3D, Angles	Dendrites Complete, Axon Incomplete	Neurolucida	400	28855130	10.1016/j.nbd.2017.08.014	http://neuromorpho.org/api/morphometry/id/98619
dentate_gyrus	DG_mouse_sample	98620	03-14-14-Slice-1	Danzer	mouse	C57BL/6	hippocampus;dentate gyrus	principal cell;granule	adult	Month	2.0	6.0	Male/Female	Control	in vitro	Dendrites, Soma, Axon	No Diameter, 3D, Angles	Dendrites Complete, Axon Incomplete	Neurolucida	400	28855130	10.1016/j.nbd.2017.08.014	http://neuromorpho.org/api/morphometry/id/98620
dentate_gyrus	DG_mouse_sample	98621	03-17-14-Slice-1	Danzer	mouse	C57BL/6	hippocampus;dentate gyrus	principal cell;granule	adult	Month	2.0	6.0	Male/Female	Control	in vitro	Dendrites, Soma, Axon	No Diameter, 3D, Angles	Dendrites Complete, Axon Incomplete	Neurolucida	400	28855130	10.1016/j.nbd.2017.08.014	http://neuromorpho.org/api/morphometry/id/98621
dentate_gyrus	DG_mouse_sample	98622	03-17-14-Slice-2	Danzer	mouse	C57BL/6	hippocampus;dentate gyrus	principal cell;granule	adult	Month	2.0	6.0	Male/Female	Control	in vitro	Dendrites, Soma, Axon	Diameter, 3D, Angles	Dendrites Complete, Axon Incomplete	Neurolucida	400	28855130	10.1016/j.nbd.2017.08.014	http://neuromorpho.org/api/morphometry/id/98622
dentate_gyrus	DG_mouse_sample	98623	03-28-14-Slice-1-Cell-1	Danzer	mouse	C57BL/6	hippocampus;dentate gyrus	principal cell;granule	adult	Month	2.0	6.0	Male/Female	Control	in vitro	Dendrites, Soma, Axon	Diameter, 3D, Angles	Dendrites Complete, Axon Incomplete	Neurolucida	400	28855130	10.1016/j.nbd.2017.08.014	http://neuromorpho.org/api/morphometry/id/98623
dentate_gyrus	DG_mouse_sample	98624	03-28-14-Slice-1-Cell-2	Danzer	mouse	C57BL/6	hippocampus;dentate gyrus	principal cell;granule	adult	Month	2.0	6.0	Male/Female	Control	in vitro	Dendrites, Soma, Axon	No Diameter, 3D, Angles	Dendrites Complete, Axon Incomplete	Neurolucida	400	28855130	10.1016/j.nbd.2017.08.014	http://neuromorpho.org/api/morphometry/id/98624
dentate_gyrus	DG_mouse_sample	98625	04-18-14-Slice-1	Danzer	mouse	C57BL/6	hippocampus;dentate gyrus	principal cell;granule	adult	Month	2.0	6.0	Male/Female	Control	in vitro	Dendrites, Soma, Axon	No Diameter, 3D, Angles	Dendrites Complete, Axon Incomplete	Neurolucida	400	28855130	10.1016/j.nbd.2017.08.014	http://neuromorpho.org/api/morphometry/id/98625
dentate_gyrus	DG_mouse_sample	98626	04-18-14-Slice-2	Danzer	mouse	C57BL/6	hippocampus;dentate gyrus	principal cell;granule	adult	Month	2.0	6.0	Male/Female	Control	in vitro	Dendrites, Soma, Axon	No Diameter, 3D, Angles	Dendrites Complete, Axon Incomplete	Neurolucida	400	28855130	10.1016/j.nbd.2017.08.014	http://neuromorpho.org/api/morphometry/id/98626
dentate_gyrus	DG_mouse_sample	98627	05-14-14-Slice-1	Danzer	mouse	C57BL/6	hippocampus;dentate gyrus	principal cell;granule	adult	Month	2.0	6.0	Male/Female	Control	in vitro	Dendrites, Soma, Axon	No Diameter, 3D, Angles	Dendrites Complete, Axon Incomplete	Neurolucida	400	28855130	10.1016/j.nbd.2017.08.014	http://neuromorpho.org/api/morphometry/id/98627
dentate_gyrus	DG_mouse_sample	98628	07-18-14	Danzer	mouse	C57BL/6	hippocampus;dentate gyrus	principal cell;granule	adult	Month	2.0	6.0	Male/Female	Control	in vitro	Dendrites, Soma, Axon	Diameter, 3D, Angles	Dendrites Complete, Axon Incomplete	Neurolucida	400	28855130	10.1016/j.nbd.2017.08.014	http://neuromorpho.org/api/morphometry/id/98628
dentate_gyrus	DG_mouse_sample	98629	1-12-2015-cell	Danzer	mouse	C57BL/6	hippocampus;dentate gyrus	principal cell;granule	adult	Month	2.0	6.0	Male/Female	Control	in vitro	Dendrites, Soma, Axon	Diameter, 3D, Angles	Dendrites Complete, Axon Incomplete	Neurolucida	400	28855130	10.1016/j.nbd.2017.08.014	http://neuromorpho.org/api/morphometry/id/98629
dentate_gyrus	DG_mouse_sample	98630	10-01-13-Slice-1-Axon	Danzer	mouse	C57BL/6	hippocampus;dentate gyrus	principal cell;granule	adult	Month	2.0	6.0	Male/Female	Control	in vitro	Dendrites, Soma, Axon	Diameter, 3D, Angles	Dendrites Complete, Axon Incomplete	Neurolucida	400	28855130	10.1016/j.nbd.2017.08.014	http://neuromorpho.org/api/morphometry/id/98630
dentate_gyrus	DG_mouse_sample	98631	10-03-13-Slice-1	Danzer	mouse	C57BL/6	hippocampus;dentate gyrus	principal cell;granule	adult	Month	2.0	6.0	Male/Female	Control	in vitro	Dendrites, Soma, Axon	No Diameter, 3D, Angles	Dendrites Complete, Axon Incomplete	Neurolucida	400	28855130	10.1016/j.nbd.2017.08.014	http://neuromorpho.org/api/morphometry/id/98631
dentate_gyrus	DG_mouse_sample	98632	10-25-13-Slice-1	Danzer	mouse	C57BL/6	hippocampus;dentate gyrus	principal cell;granule	adult	Month	2.0	6.0	Male/Female	Control	in vitro	Dendrites, Soma, Axon	No Diameter, 3D, Angles	Dendrites Complete, Axon Incomplete	Neurolucida	400	28855130	10.1016/j.nbd.2017.08.014	http://neuromorpho.org/api/morphometry/id/98632
dentate_gyrus	DG_mouse_sample	98633	10-30-13-Slice-1	Danzer	mouse	C57BL/6	hippocampus;dentate gyrus	principal cell;granule	adult	Month	2.0	6.0	Male/Female	Control	in vitro	Dendrites, Soma, Axon	No Diameter, 3D, Angles	Dendrites Complete, Axon Incomplete	Neurolucida	400	28855130	10.1016/j.nbd.2017.08.014	http://neuromorpho.org/api/morphometry/id/98633
dentate_gyrus	DG_mouse_sample	98634	11-05-13-Slice-1	Danzer	mouse	C57BL/6	hippocampus;dentate gyrus	principal cell;granule	adult	Month	2.0	6.0	Male/Female	Control	in vitro	Dendrites, Soma, Axon	Diameter, 3D, Angles	Dendrites Complete, Axon Incomplete	Neurolucida	400	28855130	10.1016/j.nbd.2017.08.014	http://neuromorpho.org/api/morphometry/id/98634
dentate_gyrus	DG_mouse_sample	98635	11-07-13-Slice-1	Danzer	mouse	C57BL/6	hippocampus;dentate gyrus	principal cell;granule	adult	Month	2.0	6.0	Male/Female	Control	in vitro	Dendrites, Soma, Axon	No Diameter, 3D, Angles	Dendrites Complete, Axon Incomplete	Neurolucida	400	28855130	10.1016/j.nbd.2017.08.014	http://neuromorpho.org/api/morphometry/id/98635
dentate_gyrus	DG_mouse_sample	98636	11-21-2016-sl1	Danzer	mouse	C57BL/6	hippocampus;dentate gyrus	principal cell;granule	adult	Month	2.0	6.0	Male/Female	Control	in vitro	Dendrites, Soma, Axon	Diameter, 3D, Angles	Dendrites Complete, Axon Incomplete	Neurolucida	400	28855130	10.1016/j.nbd.2017.08.014	http://neuromorpho.org/api/morphometry/id/98636
dentate_gyrus	DG_mouse_sample	98637	11-21-2016-sl2	Danzer	mouse	C57BL/6	hippocampus;dentate gyrus	principal cell;granule	adult	Month	2.0	6.0	Male/Female	Control	in vitro	Dendrites, Soma, Axon	Diameter, 3D, Angles	Dendrites Complete, Axon Incomplete	Neurolucida	400	28855130	10.1016/j.nbd.2017.08.014	http://neuromorpho.org/api/morphometry/id/98637
dentate_gyrus	DG_mouse_sample	98638	11-22-2016	Danzer	mouse	C57BL/6	hippocampus;dentate gyrus	principal cell;granule	adult	Month	2.0	6.0	Male/Female	Control	in vitro	Dendrites, Soma, Axon	Diameter, 3D, Angles	Dendrites Complete, Axon Incomplete	Neurolucida	400	28855130	10.1016/j.nbd.2017.08.014	http://neuromorpho.org/api/morphometry/id/98638
dentate_gyrus	DG_mouse_sample	98639	2-24-14-Slice-1	Danzer	mouse	C57BL/6	hippocampus;dentate gyrus	principal cell;granule	adult	Month	2.0	6.0	Male/Female	Control	in vitro	Dendrites, Soma, Axon	No Diameter, 3D, Angles	Dendrites Complete, Axon Incomplete	Neurolucida	400	28855130	10.1016/j.nbd.2017.08.014	http://neuromorpho.org/api/morphometry/id/98639
dentate_gyrus	DG_mouse_sample	98640	2-25-14-Slice-1-Cell-1	Danzer	mouse	C57BL/6	hippocampus;dentate gyrus	principal cell;granule	adult	Month	2.0	6.0	Male/Female	Control	in vitro	Dendrites, Soma, Axon	Diameter, 3D, Angles	Dendrites Complete, Axon Incomplete	Neurolucida	400	28855130	10.1016/j.nbd.2017.08.014	http://neuromorpho.org/api/morphometry/id/98640
dentate_gyrus	DG_mouse_sample	98641	2-25-14-Slice-1-Cell-2	Danzer	mouse	C57BL/6	hippocampus;dentate gyrus	principal cell;granule	adult	Month	2.0	6.0	Male/Female	Control	in vitro	Dendrites, Soma, Axon	Diameter, 3D, Angles	Dendrites Complete, Axon Incomplete	Neurolucida	400	28855130	10.1016/j.nbd.2017.08.014	http://neuromorpho.org/api/morphometry/id/98641
dentate_gyrus	DG_mouse_sample	98642	2-27-14-Slice-2	Danzer	mouse	C57BL/6	hippocampus;dentate gyrus	principal cell;granule	adult	Month	2.0	6.0	Male/Female	Control	in vitro	Dendrites, Soma, Axon	No Diameter, 3D, Angles	Dendrites Complete, Axon Incomplete	Neurolucida	400	28855130	10.1016/j.nbd.2017.08.014	http://neuromorpho.org/api/morphometry/id/98642
dentate_gyrus	DG_mouse_sample	98643	3-23-2015-slice1-cell1	Danzer	mouse	C57BL/6	hippocampus;dentate gyrus	principal cell;granule	adult	Month	2.0	6.0	Male/Female	Control	in vitro	Dendrites, Soma, Axon	Diameter, 3D, Angles	Dendrites Complete, Axon Incomplete	Neurolucida	400	28855130	10.1016/j.nbd.2017.08.014	http://neuromorpho.org/api/morphometry/id/98643
dentate_gyrus	DG_mouse_sample	98644	3-23-2015-slice1-cell2	Danzer	mouse	C57BL/6	hippocampus;dentate gyrus	principal cell;granule	adult	Month	2.0	6.0	Male/Female	Control	in vitro	Dendrites, Soma, Axon	Diameter, 3D, Angles	Dendrites Complete, Axon Incomplete	Neurolucida	400	28855130	10.1016/j.nbd.2017.08.014	http://neuromorpho.org/api/morphometry/id/98644
dentate_gyrus	DG_mouse_sample	98645	3-9-2015-cell	Danzer	mouse	C57BL/6	hippocampus;dentate gyrus	principal cell;granule	adult	Month	2.0	6.0	Male/Female	Control	in vitro	Dendrites, Soma, No Axon	Diameter, 3D, Angles	Dendrites Complete	Neurolucida	400	28855130	10.1016/j.nbd.2017.08.014	http://neuromorpho.org/api/morphometry/id/98645
dentate_gyrus	DG_mouse_sample	98646	4-11-13-slice-2	Danzer	mouse	C57BL/6	hippocampus;dentate gyrus	principal cell;granule	adult	Month	2.0	6.0	Male/Female	Control	in vitro	Dendrites, Soma, Axon	No Diameter, 3D, Angles	Dendrites Complete, Axon Incomplete	Neurolucida	400	28855130	10.1016/j.nbd.2017.08.014	http://neuromorpho.org/api/morphometry/id/98646
dentate_gyrus	DG_mouse_sample	98647	4-11-13-slice-3	Danzer	mouse	C57BL/6	hippocampus;dentate gyrus	principal cell;granule	adult	Month	2.0	6.0	Male/Female	Control	in vitro	Dendrites, Soma, Axon	No Diameter, 3D, Angles	Dendrites Complete, Axon Incomplete	Neurolucida	400	28855130	10.1016/j.nbd.2017.08.014	http://neuromorpho.org/api/morphometry/id/98647
dentate_gyrus	DG_mouse_sample	98648	4-25-2016-tracing	Danzer	mouse	C57BL/6	hippocampus;dentate gyrus	principal cell;granule	adult	Month	2.0	6.0	Male/Female	Control	in vitro	Dendrites, Soma, Axon	Diameter, 3D, Angles	Dendrites Complete, Axon Incomplete	Neurolucida	400	28855130	10.1016/j.nbd.2017.08.014	http://neuromorpho.org/api/morphometry/id/98648
dentate_gyrus	DG_mouse_sample	98649	5-31-13-Slice-2	Danzer	mouse	C57BL/6	hippocampus;dentate gyrus	principal cell;granule	adult	Month	2.0	6.0	Male/Female	Control	in vitro	Dendrites, Soma, Axon	Diameter, 3D, Angles	Dendrites Complete, Axon Incomplete	Neurolucida	400	28855130	10.1016/j.nbd.2017.08.014	http://neuromorpho.org/api/morphometry/id/98649
dentate_gyrus	DG_mouse_sample	98650	5-31-13-Slice-3	Danzer	mouse	C57BL/6	hippocampus;dentate gyrus	principal cell;granule	adult	Month	2.0	6.0	Male/Female	Control	in vitro	Dendrites, Soma, Axon	No Diameter, 3D, Angles	Dendrites Complete, Axon Incomplete	Neurolucida	400	28855130	10.1016/j.nbd.2017.08.014	http://neuromorpho.org/api/morphometry/id/98650
dentate_gyrus	DG_mouse_sample	98651	5-31-13-Slice-4	Danzer	mouse	C57BL/6	hippocampus;dentate gyrus	principal cell;granule	adult	Month	2.0	6.0	Male/Female	Control	in vitro	Dendrites, Soma, Axon	Diameter, 3D, Angles	Dendrites Complete, Axon Incomplete	Neurolucida	400	28855130	10.1016/j.nbd.2017.08.014	http://neuromorpho.org/api/morphometry/id/98651
dentate_gyrus	DG_mouse_sample	98652	6-29-2016-sl2-tracing	Danzer	mouse	C57BL/6	hippocampus;dentate gyrus	principal cell;granule	adult	Month	2.0	6.0	Male/Female	Control	in vitro	Dendrites, Soma, Axon	Diameter, 3D, Angles	Dendrites Complete, Axon Incomplete	Neurolucida	400	28855130	10.1016/j.nbd.2017.08.014	http://neuromorpho.org/api/morphometry/id/98652
dentate_gyrus	DG_mouse_sample	98653	7-02-13-Slice-1	Danzer	mouse	C57BL/6	hippocampus;dentate gyrus	principal cell;granule	adult	Month	2.0	6.0	Male/Female	Control	in vitro	Dendrites, Soma, Axon	No Diameter, 3D, Angles	Dendrites Complete, Axon Incomplete	Neurolucida	400	28855130	10.1016/j.nbd.2017.08.014	http://neuromorpho.org/api/morphometry/id/98653
dentate_gyrus	DG_mouse_sample	98654	7-02-13-Slice-2	Danzer	mouse	C57BL/6	hippocampus;dentate gyrus	principal cell;granule	adult	Month	2.0	6.0	Male/Female	Control	in vitro	Dendrites, Soma, No Axon	No Diameter, 3D, Angles	Dendrites Complete	Neurolucida	400	28855130	10.1016/j.nbd.2017.08.014	http://neuromorpho.org/api/morphometry/id/98654
dentate_gyrus	DG_mouse_sample	98655	7-12-2016-sl2	Danzer	mouse	C57BL/6	hippocampus;dentate gyrus	principal cell;granule	adult	Month	2.0	6.0	Male/Female	Control	in vitro	Dendrites, Soma, No Axon	Diameter, 3D, Angles	Dendrites Complete	Neurolucida	400	28855130	10.1016/j.nbd.2017.08.014	http://neuromorpho.org/api/morphometry/id/98655
dentate_gyrus	DG_mouse_sample	98656	7-18-13-Slice-1	Danzer	mouse	C57BL/6	hippocampus;dentate gyrus	principal cell;granule	adult	Month	2.0	6.0	Male/Female	Control	in vitro	Dendrites, Soma, Axon	No Diameter, 3D, Angles	Dendrites Complete, Axon Incomplete	Neurolucida	400	28855130	10.1016/j.nbd.2017.08.014	http://neuromorpho.org/api/morphometry/id/98656
dentate_gyrus	DG_mouse_sample	98657	7-24-13-Slice-1-Cell-1	Danzer	mouse	C57BL/6	hippocampus;dentate gyrus	principal cell;granule	adult	Month	2.0	6.0	Male/Female	Control	in vitro	Dendrites, Soma, Axon	No Diameter, 3D, Angles	Dendrites Complete, Axon Incomplete	Neurolucida	400	28855130	10.1016/j.nbd.2017.08.014	http://neuromorpho.org/api/morphometry/id/98657
dentate_gyrus	DG_mouse_sample	98658	9-16-13-Slice-1	Danzer	mouse	C57BL/6	hippocampus;dentate gyrus	principal cell;granule	adult	Month	2.0	6.0	Male/Female	Control	in vitro	Dendrites, Soma, Axon	No Diameter, 3D, Angles	Dendrites Complete, Axon Incomplete	Neurolucida	400	28855130	10.1016/j.nbd.2017.08.014	http://neuromorpho.org/api/morphometry/id/98658
dentate_gyrus	DG_mouse_sample	98659	9-20-2016-sl1-tracing	Danzer	mouse	C57BL/6	hippocampus;dentate gyrus	principal cell;granule	adult	Month	2.0	6.0	Male/Female	Control	in vitro	Dendrites, Soma, Axon	No Diameter, 3D, Angles	Dendrites Complete, Axon Incomplete	Neurolucida	400	28855130	10.1016/j.nbd.2017.08.014	http://neuromorpho.org/api/morphometry/id/98659
dentate_gyrus	DG_mouse_sample	98660	9-20-2016-sl2-tracing	Danzer	mouse	C57BL/6	hippocampus;dentate gyrus	principal cell;granule	adult	Month	2.0	6.0	Male/Female	Control	in vitro	Dendrites, Soma, No Axon	No Diameter, 3D, Angles	Dendrites Complete	Neurolucida	400	28855130	10.1016/j.nbd.2017.08.014	http://neuromorpho.org/api/morphometry/id/98660
dentate_gyrus	DG_mouse_sample	98661	9-30-13	Danzer	mouse	C57BL/6	hippocampus;dentate gyrus	principal cell;granule	adult	Month	2.0	6.0	Male/Female	Control	in vitro	Dendrites, Soma, Axon	Diameter, 3D, Angles	Dendrites Complete, Axon Incomplete	Neurolucida	400	28855130	10.1016/j.nbd.2017.08.014	http://neuromorpho.org/api/morphometry/id/98661
dentate_gyrus	DG_rat_sample	112460	T2F1K1_DIV28-2	Radic	rat	Sprague-Dawley	hippocampus;dentate gyrus;granule layer	principal cell;granule;postnatally born	young	Day	5.0	5.0	Male/Female	Control	culture	Dendrites, No Soma, No Axon	No Diameter, 3D, Angles	Dendrites Moderate	TREES toolbox	150	28256620	10.1038/srep43724	http://neuromorpho.org/api/morphometry/id/112460
dentate_gyrus	DG_rat_sample	112461	T6F2K1_DIV28	Radic	rat	Sprague-Dawley	hippocampus;dentate gyrus;granule layer	principal cell;granule;postnatally born	young	Day	5.0	5.0	Male/Female	Control	culture	Dendrites, No Soma, No Axon	No Diameter, 3D, Angles	Dendrites Moderate	TREES toolbox	150	28256620	10.1038/srep43724	http://neuromorpho.org/api/morphometry/id/112461
dentate_gyrus	DG_rat_sample	112462	DIV28_cell2	Radic	rat	Sprague-Dawley	hippocampus;dentate gyrus;granule layer	principal cell;granule;postnatally born	young	Day	5.0	5.0	Male/Female	Control	culture	Dendrites, No Soma, No Axon	Diameter, 3D, Angles	Dendrites Moderate	TREES toolbox	150	28256620	10.1038/srep43724	http://neuromorpho.org/api/morphometry/id/112462
dentate_gyrus	DG_rat_sample	112463	T5F1K2_DIV28	Radic	rat	Sprague-Dawley	hippocampus;dentate gyrus;granule layer	principal cell;granule;postnatally born	young	Day	5.0	5.0	Male/Female	Control	culture	Dendrites, No Soma, No Axon	Diameter, 3D, Angles	Dendrites Moderate	TREES toolbox	150	28256620	10.1038/srep43724	http://neuromorpho.org/api/morphometry/id/112463
dentate_gyrus	DG_rat_sample	112464	T3F1K1_DIV28_concat	Radic	rat	Sprague-Dawley	hippocampus;dentate gyrus;granule layer	principal cell;granule;postnatally born	young	Day	5.0	5.0	Male/Female	Control	culture	Dendrites, No Soma, No Axon	Diameter, 3D, Angles	Dendrites Moderate	TREES toolbox	150	28256620	10.1038/srep43724	http://neuromorpho.org/api/morphometry/id/112464
dentate_gyrus	DG_rat_sample	112465	T3F1K1_DIV28	Radic	rat	Sprague-Dawley	hippocampus;dentate gyrus;granule layer	principal cell;granule;postnatally born	young	Day	5.0	5.0	Male/Female	Control	culture	Dendrites, No Soma, No Axon	Diameter, 3D, Angles	Dendrites Moderate	TREES toolbox	150	28256620	10.1038/srep43724	http://neuromorpho.org/api/morphometry/id/112465
dentate_gyrus	DG_rat_sample	112466	T5F1K2_DIV28_cell2	Radic	rat	Sprague-Dawley	hippocampus;dentate gyrus;granule layer	principal cell;granule;postnatally born	young	Day	5.0	5.0	Male/Female	Control	culture	Dendrites, No Soma, No Axon	Diameter, 3D, Angles	Dendrites Moderate	TREES toolbox	150	28256620	10.1038/srep43724	http://neuromorpho.org/api/morphometry/id/112466
dentate_gyrus	DG_rat_sample	112467	T2F3K3_DIV28	Radic	rat	Sprague-Dawley	hippocampus;dentate gyrus;granule layer	principal cell;granule;postnatally born	young	Day	5.0	5.0	Male/Female	Control	culture	Dendrites, No Soma, No Axon	Diameter, 3D, Angles	Dendrites Moderate	TREES toolbox	150	28256620	10.1038/srep43724	http://neuromorpho.org/api/morphometry/id/112467
dentate_gyrus	DG_rat_sample	112468	DIV28_concatenated	Radic	rat	Sprague-Dawley	hippocampus;dentate gyrus;granule layer	principal cell;granule;postnatally born	young	Day	5.0	5.0	Male/Female	Control	culture	Dendrites, No Soma, No Axon	No Diameter, 3D, Angles	Dendrites Moderate	TREES toolbox	150	28256620	10.1038/srep43724	http://neuromorpho.org/api/morphometry/id/112468
dentate_gyrus	DG_rat_sample	112469	T2F1K1_DIV28	Radic	rat	Sprague-Dawley	hippocampus;dentate gyrus;granule layer	principal cell;granule;postnatally born	young	Day	5.0	5.0	Male/Female	Control	culture	Dendrites, No Soma, No Axon	No Diameter, 3D, Angles	Dendrites Moderate	TREES toolbox	150	28256620	10.1038/srep43724	http://neuromorpho.org/api/morphometry/id/112469
dentate_gyrus	DG_rat_sample	112470	T3F1K3_DIV27	Radic	rat	Sprague-Dawley	hippocampus;dentate gyrus;granule layer	principal cell;granule;postnatally born	young	Day	5.0	5.0	Male/Female	Control	culture	Dendrites, No Soma, No Axon	Diameter, 3D, Angles	Dendrites Moderate	TREES toolbox	150	28256620	10.1038/srep43724	http://neuromorpho.org/api/morphometry/id/112470
dentate_gyrus	DG_rat_sample	112471	T2F2K3_DIV21	Radic	rat	Sprague-Dawley	hippocampus;dentate gyrus;granule layer	principal cell;granule;postnatally born	young	Day	5.0	5.0	Male/Female	Control	culture	Dendrites, No Soma, No Axon	Diameter, 3D, Angles	Dendrites Moderate	TREES toolbox	150	28256620	10.1038/srep43724	http://neuromorpho.org/api/morphometry/id/112471
dentate_gyrus	DG_rat_sample	112472	T2F1K2_DIV20	Radic	rat	Sprague-Dawley	hippocampus;dentate gyrus;granule layer	principal cell;granule;postnatally born	young	Day	5.0	5.0	Male/Female	Control	culture	Dendrites, No Soma, No Axon	Diameter, 3D, Angles	Dendrites Moderate	TREES toolbox	150	28256620	10.1038/srep43724	http://neuromorpho.org/api/morphometry/id/112472
dentate_gyrus	DG_rat_sample	112473	T2F1K3_DIV18	Radic	rat	Sprague-Dawley	hippocampus;dentate gyrus;granule layer	principal cell;granule;postnatally born	young	Day	5.0	5.0	Male/Female	Control	culture	Dendrites, No Soma, No Axon	Diameter, 3D, Angles	Dendrites Moderate	TREES toolbox	150	28256620	10.1038/srep43724	http://neuromorpho.org/api/morphometry/id/112473
dentate_gyrus	DG_rat_sample	112474	T4F2K2_DIV16	Radic	rat	Sprague-Dawley	hippocampus;dentate gyrus;granule layer	principal cell;granule;postnatally born	young	Day	5.0	5.0	Male/Female	Control	culture	Dendrites, No Soma, No Axon	Diameter, 3D, Angles	Dendrites Moderate	TREES toolbox	150	28256620	10.1038/srep43724	http://neuromorpho.org/api/morphometry/id/112474
dentate_gyrus	DG_rat_sample	112475	T2F1K3_DIV15_cell2	Radic	rat	Sprague-Dawley	hippocampus;dentate gyrus;granule layer	principal cell;granule;postnatally born	young	Day	5.0	5.0	Male/Female	Control	culture	Dendrites, No Soma, No Axon	Diameter, 3D, Angles	Dendrites Moderate	TREES toolbox	150	28256620	10.1038/srep43724	http://neuromorpho.org/api/morphometry/id/112475
dentate_gyrus	DG_rat_sample	112476	T4F2K2_DIV15_cell2	Radic	rat	Sprague-Dawley	hippocampus;dentate gyrus;granule layer	principal cell;granule;postnatally born	young	Day	5.0	5.0	Male/Female	Control	culture	Dendrites, No Soma, No Axon	Diameter, 3D, Angles	Dendrites Moderate	TREES toolbox	150	28256620	10.1038/srep43724	http://neuromorpho.org/api/morphometry/id/112476
dentate_gyrus	DG_rat_sample	112477	T9F1K3_DIV15	Radic	rat	Sprague-Dawley	hippocampus;dentate gyrus;granule layer	principal cell;granule;postnatally born	young	Day	5.0	5.0	Male/Female	Control	culture	Dendrites, No Soma, No Axon	Diameter, 3D, Angles	Dendrites Moderate	TREES toolbox	150	28256620	10.1038/srep43724	http://neuromorpho.org/api/morphometry/id/112477
dentate_gyrus	DG_rat_sample	112478	T3F2K2_AAV_DIV31	Radic	rat	Sprague-Dawley	hippocampus;dentate gyrus;granule layer	principal cell;granule;postnatally born	young	Day	5.0	5.0	Male/Female	Control	culture	Dendrites, No Soma, No Axon	No Diameter, 3D, Angles	Dendrites Moderate	TREES toolbox	150	28256620	10.1038/srep43724	http://neuromorpho.org/api/morphometry/id/112478
dentate_gyrus	DG_rat_sample	112479	T2F2K1_AAV_DIV29	Radic	rat	Sprague-Dawley	hippocampus;dentate gyrus;granule layer	principal cell;granule;postnatally born	young	Day	5.0	5.0	Male/Female	Control	culture	Dendrites, No Soma, No Axon	Diameter, 3D, Angles	Dendrites Moderate	TREES toolbox	150	28256620	10.1038/srep43724	http://neuromorpho.org/api/morphometry/id/112479
dentate_gyrus	DG_rat_sample	112480	T6F3K2_AAV_DIV28	Radic	rat	Sprague-Dawley	hippocampus;dentate gyrus;granule layer	principal cell;granule;postnatally born	young	Day	5.0	5.0	Male/Female	Control	culture	Dendrites, No Soma, No Axon	No Diameter, 3D, Angles	Dendrites Moderate	TREES toolbox	150	28256620	10.1038/srep43724	http://neuromorpho.org/api/morphometry/id/112480
dentate_gyrus	DG_rat_sample	112481	P1T4K5_DIV28	Radic	rat	Sprague-Dawley	hippocampus;dentate gyrus;granule layer	principal cell;granule;postnatally born	young	Day	5.0	5.0	Male/Female	Control	culture	Dendrites, No Soma, No Axon	No Diameter, 3D, Angles	Dendrites Moderate	TREES toolbox	150	28256620	10.1038/srep43724	http://neuromorpho.org/api/morphometry/id/112481
dentate_gyrus	DG_rat_sample	112482	T5F1K1_AAV_DIV28	Radic	rat	Sprague-Dawley	hippocampus;dentate gyrus;granule layer	principal cell;granule;postnatally born	young	Day	5.0	5.0	Male/Female	Control	culture	Dendrites, No Soma, No Axon	No Diameter, 3D, Angles	Dendrites Moderate	TREES toolbox	150	28256620	10.1038/srep43724	http://neuromorpho.org/api/morphometry/id/112482
dentate_gyrus	DG_rat_sample	112483	P14K2_DIV28	Radic	rat	Sprague-Dawley	hippocampus;dentate gyrus;granule layer	principal cell;granule;postnatally born	young	Day	5.0	5.0	Male/Female	Control	culture	Dendrites, No Soma, No Axon	No Diameter, 3D, Angles	Dendrites Moderate	TREES toolbox	150	28256620	10.1038/srep43724	http://neuromorpho.org/api/morphometry/id/112483
dentate_gyrus	DG_rat_sample	112484	T8F2K3_AAV_DIV21	Radic	rat	Sprague-Dawley	hippocampus;dentate gyrus;granule layer	principal cell;granule;postnatally born	young	Day	5.0	5.0	Male/Female	Control	culture	Dendrites, No Soma, No Axon	Diameter, 3D, Angles	Dendrites Moderate	TREES toolbox	150	28256620	10.1038/srep43724	http://neuromorpho.org/api/morphometry/id/112484
dentate_gyrus	DG_rat_sample	112485	T4F1K2_AAV_DIV21	Radic	rat	Sprague-Dawley	hippocampus;dentate gyrus;granule layer	principal cell;granule;postnatally born	young	Day	5.0	5.0	Male/Female	Control	culture	Dendrites, No Soma, No Axon	Diameter, 3D, Angles	Dendrites Moderate	TREES toolbox	150	28256620	10.1038/srep43724	http://neuromorpho.org/api/morphometry/id/112485
dentate_gyrus	DG_rat_sample	112486	T4F1K1_AAV_DIV18	Radic	rat	Sprague-Dawley	hippocampus;dentate gyrus;granule layer	principal cell;granule;postnatally born	young	Day	5.0	5.0	Male/Female	Control	culture	Dendrites, No Soma, No Axon	Diameter, 3D, Angles	Dendrites Moderate	TREES toolbox	150	28256620	10.1038/srep43724	http://neuromorpho.org/api/morphometry/id/112486
dentate_gyrus	DG_rat_sample	112487	T6F3K2_AAV_DIV15_cell2	Radic	rat	Sprague-Dawley	hippocampus;dentate gyrus;granule layer	principal cell;granule;postnatally born	young	Day	5.0	5.0	Male/Female	Control	culture	Dendrites, No Soma, No Axon	No Diameter, 3D, Angles	Dendrites Moderate	TREES toolbox	150	28256620	10.1038/srep43724	http://neuromorpho.org/api/morphometry/id/112487
dentate_gyrus	DG_rat_sample	112488	T3F1K2_AAV_DIV15	Radic	rat	Sprague-Dawley	hippocampus;dentate gyrus;granule layer	principal cell;granule;postnatally born	young	Day	5.0	5.0	Male/Female	Control	culture	Dendrites, No Soma, No Axon	Diameter, 3D, Angles	Dendrites Moderate	TREES toolbox	150	28256620	10.1038/srep43724	http://neuromorpho.org/api/morphometry/id/112488
dentate_gyrus	DG_rat_sample	114652	MAM04_Neuron1_DG_GC_237480_Slide3-Right_R1_C1_20x	O'Reilly	rat	Long-Evans	hippocampus;dentate gyrus;granule layer	principal cell;granule	adult	Day	70.0	70.0	Male	Methylazoxymethanol acetate (MAM)-treatment	in vitro	Dendrites, Soma, No Axon	No Diameter, 3D, Angles	Dendrites Complete	Neurolucida	180	29951917	10.1007/s00429-018-1704-3	http://neuromorpho.org/api/morphometry/id/114652
dentate_gyrus	DG_rat_sample	114653	MAM04_Neuron1_DG_GC_237480_Slide3-Right_R2_C2_20x	O'Reilly	rat	Long-Evans	hippocampus;dentate gyrus;granule layer	principal cell;granule	adult	Day	70.0	70.0	Male	Methylazoxymethanol acetate (MAM)-treatment	in vitro	Dendrites, Soma, No Axon	Diameter, 3D, Angles	Dendrites Complete	Neurolucida	180	29951917	10.1007/s00429-018-1704-3	http://neuromorpho.org/api/morphometry/id/114653
dentate_gyrus	DG_rat_sample	114654	MAM04_Neuron1_DG_GC_237480_Slide3-Right_R1_C3_20x	O'Reilly	rat	Long-Evans	hippocampus;dentate gyrus;granule layer	principal cell;granule	adult	Day	70.0	70.0	Male	Methylazoxymethanol acetate (MAM)-treatment	in vitro	Dendrites, Soma, No Axon	Diameter, 3D, Angles	Dendrites Complete	Neurolucida	180	29951917	10.1007/s00429-018-1704-3	http://neuromorpho.org/api/morphometry/id/114654
dentate_gyrus	DG_rat_sample	114655	MAM04_Neuron1_DG_GC_237480_Slide3-Right_R2_C3_20x	O'Reilly	rat	Long-Evans	hippocampus;dentate gyrus;granule layer	principal cell;granule	adult	Day	70.0	70.0	Male	Methylazoxymethanol acetate (MAM)-treatment	in vitro	Dendrites, Soma, No Axon	No Diameter, 3D, Angles	Dendrites Complete	Neurolucida	180	29951917	10.1007/s00429-018-1704-3	http://neuromorpho.org/api/morphometry/id/114655
dentate_gyrus	DG_rat_sample	114665	Saline03_Neuron2_DG_GC_237486_Slide3-Right_R2_C3	O'Reilly	rat	Long-Evans	hippocampus;dentate gyrus;granule layer	principal cell;granule	adult	Day	70.0	70.0	Male	Control	in vitro	Dendrites, Soma, No Axon	No Diameter, 3D, Angles	Dendrites Complete	Neurolucida	180	29951917	10.1007/s00429-018-1704-3	http://neuromorpho.org/api/morphometry/id/114665
dentate_gyrus	DG_rat_sample	114666	Saline04_Neuron3_DG_GC_237485_Slide4-Right_R1_C2	O'Reilly	rat	Long-Evans	hippocampus;dentate gyrus;granule layer	principal cell;granule	adult	Day	70.0	70.0	Male	Control	in vitro	Dendrites, Soma, No Axon	Diameter, 3D, Angles	Dendrites Complete	Neurolucida	180	29951917	10.1007/s00429-018-1704-3	http://neuromorpho.org/api/morphometry/id/114666
dentate_gyrus	DG_rat_sample	114667	Saline03_Neuron4_DG_GC_237486_Slide3-Right_R1_C4	O'Reilly	rat	Long-Evans	hippocampus;dentate gyrus;granule layer	principal cell;granule	adult	Day	70.0	70.0	Male	Control	in vitro	Dendrites, Soma, No Axon	No Diameter, 3D, Angles	Dendrites Complete	Neurolucida	180	29951917	10.1007/s00429-018-1704-3	http://neuromorpho.org/api/morphometry/id/114667
dentate_gyrus	DG_rat_sample	114668	Saline01_Neuron2_DG_GC_238177_Right_Slide4_R1_C1	O'Reilly	rat	Long-Evans	hippocampus;dentate gyrus;granule layer	principal cell;granule	adult	Day	70.0	70.0	Male	Control	in vitro	Dendrites, Soma, No Axon	No Diameter, 3D, Angles	Dendrites Complete	Neurolucida	180	29951917	10.1007/s00429-018-1704-3	http://neuromorpho.org/api/morphometry/id/114668
dentate_gyrus	DG_rat_sample	114669	Saline01_Neuron1_DG_GC_238177_Right_Slide3_R2_C4	O'Reilly	rat	Long-Evans	hippocampus;dentate gyrus;granule layer	principal cell;granule	adult	Day	70.0	70.0	Male	Control	in vitro	Dendrites, Soma, No Axon	No Diameter, 3D, Angles	Dendrites Complete	Neurolucida	180	29951917	10.1007/s00429-018-1704-3	http://neuromorpho.org/api/morphometry/id/114669
dentate_gyrus	DG_rat_sample	114670	Saline02_Neuron3_DG_GC_238178_Slide3-Right_R1_C3	O'Reilly	rat	Long-Evans	hippocampus;dentate gyrus;granule layer	principal cell;granule	adult	Day	70.0	70.0	Male	Control	in vitro	Dendrites, Soma, No Axon	Diameter, 3D, Angles	Dendrites Complete	Neurolucida	180	29951917	10.1007/s00429-018-1704-3	http://neuromorpho.org/api/morphometry/id/114670
dentate_gyrus	DG_rat_sample	114671	Saline01_Neuron3_DG_GC_238177_Left_Slide8_R1_C3	O'Reilly	rat	Long-Evans	hippocampus;dentate gyrus;granule layer	principal cell;granule	adult	Day	70.0	70.0	Male	Control	in vitro	Dendrites, Soma, No Axon	No Diameter, 3D, Angles	Dendrites Complete	Neurolucida	180	29951917	10.1007/s00429-018-1704-3	http://neuromorpho.org/api/morphometry/id/114671
dentate_gyrus	DG_rat_sample	114672	Saline01_Neuron4_DG_GC_238177_Right_Slide3_R1_C2	O'Reilly	rat	Long-Evans	hippocampus;dentate gyrus;granule layer	principal cell;granule	adult	Day	70.0	70.0	Male	Control	in vitro	Dendrites, Soma, No Axon	No Diameter, 3D, Angles	Dendrites Complete	Neurolucida	180	29951917	10.1007/s00429-018-1704-3	http://neuromorpho.org/api/morphometry/id/114672
dentate_gyrus	DG_rat_sample	114673	Saline03_Neuron1_DG_GC_237486_Slide4-Right_R1_C1	O'Reilly	rat	Long-Evans	hippocampus;dentate gyrus;granule layer	principal cell;granule	adult	Day	70.0	70.0	Male	Control	in vitro	Dendrites, Soma, No Axon	No Diameter, 3D, Angles	Dendrites Complete	Neurolucida	180	29951917	10.1007/s00429-018-1704-3	http://neuromorpho.org/api/morphometry/id/114673
dentate_gyrus	DG_rat_sample	114674	Saline04_Neuron2_DG_GC_237485_Slide4-Right_R2_C2_neuron2	O'Reilly	rat	Long-Evans	hippocampus;dentate gyrus;granule layer	principal cell;granule	adult	Day	70.0	70.0	Male	Control	in vitro	Dendrites, Soma, No Axon	No Diameter, 3D, Angles	Dendrites Complete	Neurolucida	180	29951917	10.1007/s00429-018-1704-3	http://neuromorpho.org/api/morphometry/id/114674
dentate_gyrus	DG_rat_sample	114675	Saline02_Neuron1_DG_GC_238178_Slide3-Right_R2_C3	O'Reilly	rat	Long-Evans	hippocampus;dentate gyrus;granule layer	principal cell;granule	adult	Day	70.0	70.0	Male	Control	in vitro	Dendrites, Soma, No Axon	No Diameter, 3D, Angles	Dendrites Complete	Neurolucida	180	29951917	10.1007/s00429-018-1704-3	http://neuromorpho.org/api/morphometry/id/114675
dentate_gyrus	DG_rat_sample	114676	Saline04_Neuron4_DG_GC_237485_Slide4-Right_R2_C1	O'Reilly	rat	Long-Evans	hippocampus;dentate gyrus;granule layer	principal cell;granule	adult	Day	70.0	70.0	Male	Control	in vitro	Dendrites, Soma, No Axon	No Diameter, 3D, Angles	Dendrites Complete	Neurolucida	180	29951917	10.1007/s00429-018-1704-3	http://neuromorpho.org/api/morphometry/id/114676
dentate_gyrus	DG_rat_sample	114677	Saline02_Neuron2_DG_GC_238178_Slide3-Right_R1_C4	O'Reilly	rat	Long-Evans	hippocampus;dentate gyrus;granule layer	principal cell;granule	adult	Day	70.0	70.0	Male	Control	in vitro	Dendrites, Soma, No Axon	No Diameter, 3D, Angles	Dendrites Complete	Neurolucida	180	29951917	10.1007/s00429-018-1704-3	http://neuromorpho.org/api/morphometry/id/114677
dentate_gyrus	DG_rat_sample	114678	Saline02_Neuron4_DG_GC_238178_Slide3-Right_R2_C2	O'Reilly	rat	Long-Evans	hippocampus;dentate gyrus;granule layer	principal cell;granule	adult	Day	70.0	70.0	Male	Control	in vitro	Dendrites, Soma, No Axon	Diameter, 3D, Angles	Dendrites Complete	Neurolucida	180	29951917	10.1007/s00429-018-1704-3	http://neuromorpho.org/api/morphometry/id/114678
dentate_gyrus	DG_rat_sample	114679	Saline03_Neuron3_DG_GC_237486_Slide4-Right_R1_C2	O'Reilly	rat	Long-Evans	hippocampus;dentate gyrus;granule layer	principal cell;granule	adult	Day	70.0	70.0	Male	Control	in vitro	Dendrites, Soma, No Axon	No Diameter, 3D, Angles	Dendrites Complete	Neurolucida	180	29951917	10.1007/s00429-018-1704-3	http://neuromorpho.org/api/morphometry/id/114679
dentate_gyrus	DG_rat_sample	114680	Saline04_Neuron1_DG_GC_237485_Slide4-Right_R2_C2	O'Reilly	rat	Long-Evans	hippocampus;dentate gyrus;granule layer	principal cell;granule	adult	Day	70.0	70.0	Male	Control	in vitro	Dendrites, Soma, No Axon	Diameter, 3D, Angles	Dendrites Complete	Neurolucida	180	29951917	10.1007/s00429-018-1704-3	http://neuromorpho.org/api/morphometry/id/114680
dentate_gyrus	DG_rat_sample	114681	MAM02_Neuron2_DG_GC_238174_Right_Slide3_R2_C1	O'Reilly	rat	Long-Evans	hippocampus;dentate gyrus;granule layer	principal cell;granule	adult	Day	70.0	70.0	Male	Methylazoxymethanol acetate (MAM)-treatment	in vitro	Dendrites, Soma, No Axon	No Diameter, 3D, Angles	Dendrites Complete	Neurolucida	180	29951917	10.1007/s00429-018-1704-3	http://neuromorpho.org/api/morphometry/id/114681
dentate_gyrus	DG_rat_sample	178152	Adol_2M_Light-67	Masachs	rat	Sprague-Dawley	hippocampus;dentate gyrus;granule layer	principal cell;granule;born at PND28	adult	Month	3.0	3.0	Male	Optogenetic stimulation	in vivo	Dendrites, Soma, No Axon	No Diameter, 3D, Angles	Dendrites Moderate	Neurolucida	50	34526669	10.1038/s41380-021-01276-x	http://neuromorpho.org/api/morphometry/id/178152
dentate_gyrus	DG_rat_sample	178153	Adol_4M_NoLight-26	Masachs	rat	Sprague-Dawley	hippocampus;dentate gyrus;granule layer	principal cell;granule;born at PND28	adult	Month	5.0	5.0	Male	Optogenetic stimulation	in vivo	Dendrites, Soma, No Axon	No Diameter, 3D, Angles	Dendrites Moderate	Neurolucida	50	34526669	10.1038/s41380-021-01276-x	http://neuromorpho.org/api/morphometry/id/178153
dentate_gyrus	DG_rat_sample	178154	Ado_6M_Light-13	Masachs	rat	Sprague-Dawley	hippocampus;dentate gyrus;granule layer	principal cell;granule;adult-born	adult	Month	8.0	8.0	Male	Optogenetic stimulation	in vivo	Dendrites, Soma, No Axon	No Diameter, 3D, Angles	Dendrites Moderate	Neurolucida	50	34526669	10.1038/s41380-021-01276-x	http://neuromorpho.org/api/morphometry/id/178154
dentate_gyrus	DG_rat_sample	178155	Adol_4M_Light-3	Masachs	rat	Sprague-Dawley	hippocampus;dentate gyrus;granule layer	principal cell;granule;born at PND28	adult	Month	5.0	5.0	Male	Optogenetic stimulation	in vivo	Dendrites, Soma, No Axon	No Diameter, 3D, Angles	Dendrites Moderate	Neurolucida	50	34526669	10.1038/s41380-021-01276-x	http://neuromorpho.org/api/morphometry/id/178155
dentate_gyrus	DG_rat_sample	178156	Neo_2M_NoLight-19	Masachs	rat	Sprague-Dawley	hippocampus;dentate gyrus;granule layer	principal cell;granule;born at PND3	adult	Month	2.0	2.0	Male	Control	in vivo	Dendrites, Soma, No Axon	No Diameter, 3D, Angles	Dendrites Moderate	Neurolucida	50	34526669	10.1038/s41380-021-01276-x	http://neuromorpho.org/api/morphometry/id/178156
dentate_gyrus	DG_rat_sample	178157	Ado_6M_Light-2	Masachs	rat	Sprague-Dawley	hippocampus;dentate gyrus;granule layer	principal cell;granule;adult-born	adult	Month	8.0	8.0	Male	Optogenetic stimulation	in vivo	Dendrites, Soma, No Axon	No Diameter, 3D, Angles	Dendrites Moderate	Neurolucida	50	34526669	10.1038/s41380-021-01276-x	http://neuromorpho.org/api/morphometry/id/178157
dentate_gyrus	DG_rat_sample	178158	Neo_2M_Light-12	Masachs	rat	Sprague-Dawley	hippocampus;dentate gyrus;granule layer	principal cell;granule;born at PND3	adult	Month	2.0	2.0	Male	Optogenetic stimulation	in vivo	Dendrites, Soma, No Axon	No Diameter, 3D, Angles	Dendrites Moderate	Neurolucida	50	34526669	10.1038/s41380-021-01276-x	http://neuromorpho.org/api/morphometry/id/178158
dentate_gyrus	DG_rat_sample	178159	Adu_1M_Light-25	Masachs	rat	Sprague-Dawley	hippocampus;dentate gyrus;granule layer	principal cell;granule;adult-born	adult	Month	3.0	3.0	Male	Optogenetic stimulation	in vivo	Dendrites, Soma, No Axon	No Diameter, 3D, Angles	Dendrites Moderate	Neurolucida	50	34526669	10.1038/s41380-021-01276-x	http://neuromorpho.org/api/morphometry/id/178159
dentate_gyrus	DG_rat_sample	178160	Adol_1M_NoLight-33	Masachs	rat	Sprague-Dawley	hippocampus;dentate gyrus;granule layer	principal cell;granule;born at PND28	adult	Month	2.0	2.0	Male	Control	in vivo	Dendrites, Soma, No Axon	No Diameter, 3D, Angles	Dendrites Moderate	Neurolucida	50	34526669	10.1038/s41380-021-01276-x	http://neuromorpho.org/api/morphometry/id/178160
dentate_gyrus	DG_rat_sample	178161	Adol_1M_NoLight-30	Masachs	rat	Sprague-Dawley	hippocampus;dentate gyrus;granule layer	principal cell;granule;born at PND28	adult	Month	2.0	2.0	Male	Control	in vivo	Dendrites, Soma, No Axon	No Diameter, 3D, Angles	Dendrites Moderate	Neurolucida	50	34526669	10.1038/s41380-021-01276-x	http://neuromorpho.org/api/morphometry/id/178161
dentate_gyrus	DG_rat_sample	178162	Adu_6M_NoLight-22	Masachs	rat	Sprague-Dawley	hippocampus;dentate gyrus;granule layer	principal cell;granule;adult-born	adult	Month	3.0	3.0	Male	Control	in vivo	Dendrites, Soma, No Axon	No Diameter, 3D, Angles	Dendrites Moderate	Neurolucida	50	34526669	10.1038/s41380-021-01276-x	http://neuromorpho.org/api/morphometry/id/178162
dentate_gyrus	DG_rat_sample	178163	Adol_4M_Light-26	Masachs	rat	Sprague-Dawley	hippocampus;dentate gyrus;granule layer	principal cell;granule;born at PND28	adult	Month	5.0	5.0	Male	Optogenetic stimulation	in vivo	Dendrites, Soma, No Axon	No Diameter, 3D, Angles	Dendrites Moderate	Neurolucida	50	34526669	10.1038/s41380-021-01276-x	http://neuromorpho.org/api/morphometry/id/178163
dentate_gyrus	DG_rat_sample	178164	Neo_2M_Light-6	Masachs	rat	Sprague-Dawley	hippocampus;dentate gyrus;granule layer	principal cell;granule;born at PND3	adult	Month	2.0	2.0	Male	Optogenetic stimulation	in vivo	Dendrites, Soma, No Axon	No Diameter, 3D, Angles	Dendrites Moderate	Neurolucida	50	34526669	10.1038/s41380-021-01276-x	http://neuromorpho.org/api/morphometry/id/178164
dentate_gyrus	DG_rat_sample	178165	Adol_2M_Light-12	Masachs	rat	Sprague-Dawley	hippocampus;dentate gyrus;granule layer	principal cell;granule;born at PND28	adult	Month	3.0	3.0	Male	Optogenetic stimulation	in vivo	Dendrites, Soma, No Axon	No Diameter, 3D, Angles	Dendrites Moderate	Neurolucida	50	34526669	10.1038/s41380-021-01276-x	http://neuromorpho.org/api/morphometry/id/178165
dentate_gyrus	DG_rat_sample	178166	Adu_1M_NoLight-40	Masachs	rat	Sprague-Dawley	hippocampus;dentate gyrus;granule layer	principal cell;granule;adult-born	adult	Month	3.0	3.0	Male	Control	in vivo	Dendrites, Soma, No Axon	No Diameter, 3D, Angles	Dendrites Moderate	Neurolucida	50	34526669	10.1038/s41380-021-01276-x	http://neuromorpho.org/api/morphometry/id/178166
dentate_gyrus	DG_rat_sample	178167	Adol_4M_NoLight-17	Masachs	rat	Sprague-Dawley	hippocampus;dentate gyrus;granule layer	principal cell;granule;born at PND28	adult	Month	5.0	5.0	Male	Optogenetic stimulation	in vivo	Dendrites, Soma, No Axon	No Diameter, 3D, Angles	Dendrites Moderate	Neurolucida	50	34526669	10.1038/s41380-021-01276-x	http://neuromorpho.org/api/morphometry/id/178167
dentate_gyrus	DG_rat_sample	178168	Adol_2M_NoLight-34	Masachs	rat	Sprague-Dawley	hippocampus;dentate gyrus;granule layer	principal cell;granule;born at PND28	adult	Month	2.0	2.0	Male	Optogenetic stimulation	in vivo	Dendrites, Soma, No Axon	No Diameter, 3D, Angles	Dendrites Moderate	Neurolucida	50	34526669	10.1038/s41380-021-01276-x	http://neuromorpho.org/api/morphometry/id/178168
dentate_gyrus	DG_rat_sample	178169	Adol_2M_NoLight-14	Masachs	rat	Sprague-Dawley	hippocampus;dentate gyrus;granule layer	principal cell;granule;born at PND28	adult	Month	2.0	2.0	Male	Optogenetic stimulation	in vivo	Dendrites, Soma, No Axon	No Diameter, 3D, Angles	Dendrites Moderate	Neurolucida	50	34526669	10.1038/s41380-021-01276-x	http://neuromorpho.org/api/morphometry/id/178169
dentate_gyrus	DG_rat_sample	178170	Adol_2M_Light-47	Masachs	rat	Sprague-Dawley	hippocampus;dentate gyrus;granule layer	principal cell;granule;born at PND28	adult	Month	3.0	3.0	Male	Optogenetic stimulation	in vivo	Dendrites, Soma, No Axon	No Diameter, 3D, Angles	Dendrites Moderate	Neurolucida	50	34526669	10.1038/s41380-021-01276-x	http://neuromorpho.org/api/morphometry/id/178170
dentate_gyrus	DG_rat_sample	178171	Adol_1M_NoLight-21	Masachs	rat	Sprague-Dawley	hippocampus;dentate gyrus;granule layer	principal cell;granule;born at PND28	adult	Month	2.0	2.0	Male	Control	in vivo	Dendrites, Soma, No Axon	No Diameter, 3D, Angles	Dendrites Moderate	Neurolucida	50	34526669	10.1038/s41380-021-01276-x	http://neuromorpho.org/api/morphometry/id/178171
dentate_gyrus	DG_rat_sample	178172	Adol_4M_NoLight-9	Masachs	rat	Sprague-Dawley	hippocampus;dentate gyrus;granule layer	principal cell;granule;born at PND28	adult	Month	5.0	5.0	Male	Optogenetic stimulation	in vivo	Dendrites, Soma, No Axon	No Diameter, 3D, Angles	Dendrites Moderate	Neurolucida	50	34526669	10.1038/s41380-021-01276-x	http://neuromorpho.org/api/morphometry/id/178172
dentate_gyrus	DG_rat_sample	178173	Neo_2M_Light-21	Masachs	rat	Sprague-Dawley	hippocampus;dentate gyrus;granule layer	principal cell;granule;born at PND3	adult	Month	2.0	2.0	Male	Optogenetic stimulation	in vivo	Dendrites, Soma, No Axon	No Diameter, 3D, Angles	Dendrites Moderate	Neurolucida	50	34526669	10.1038/s41380-021-01276-x	http://neuromorpho.org/api/morphometry/id/178173
dentate_gyrus	DG_rat_sample	178174	Adu_1M_Light-29	Masachs	rat	Sprague-Dawley	hippocampus;dentate gyrus;granule layer	principal cell;granule;adult-born	adult	Month	3.0	3.0	Male	Optogenetic stimulation	in vivo	Dendrites, Soma, No Axon	No Diameter, 3D, Angles	Dendrites Moderate	Neurolucida	50	34526669	10.1038/s41380-021-01276-x	http://neuromorpho.org/api/morphometry/id/178174
dentate_gyrus	DG_rat_sample	178175	Ado_6M_Light-15	Masachs	rat	Sprague-Dawley	hippocampus;dentate gyrus;granule layer	principal cell;granule;adult-born	adult	Month	8.0	8.0	Male	Optogenetic stimulation	in vivo	Dendrites, Soma, No Axon	No Diameter, 3D, Angles	Dendrites Moderate	Neurolucida	50	34526669	10.1038/s41380-021-01276-x	http://neuromorpho.org/api/morphometry/id/178175
dentate_gyrus	DG_rat_sample	178176	Adu_1M_NoLight-16	Masachs	rat	Sprague-Dawley	hippocampus;dentate gyrus;granule layer	principal cell;granule;adult-born	adult	Month	3.0	3.0	Male	Control	in vivo	Dendrites, Soma, No Axon	No Diameter, 3D, Angles	Dendrites Moderate	Neurolucida	50	34526669	10.1038/s41380-021-01276-x	http://neuromorpho.org/api/morphometry/id/178176
dentate_gyrus	DG_rat_sample	178177	Ado_6M_Light-40	Masachs	rat	Sprague-Dawley	hippocampus;dentate gyrus;granule layer	principal cell;granule;adult-born	adult	Month	8.0	8.0	Male	Optogenetic stimulation	in vivo	Dendrites, Soma, No Axon	No Diameter, 3D, Angles	Dendrites Moderate	Neurolucida	50	34526669	10.1038/s41380-021-01276-x	http://neuromorpho.org/api/morphometry/id/178177
dentate_gyrus	DG_rat_sample	178178	Adol_1M_NoLight-22	Masachs	rat	Sprague-Dawley	hippocampus;dentate gyrus;granule layer	principal cell;granule;born at PND28	adult	Month	2.0	2.0	Male	Control	in vivo	Dendrites, Soma, No Axon	No Diameter, 3D, Angles	Dendrites Moderate	Neurolucida	50	34526669	10.1038/s41380-021-01276-x	http://neuromorpho.org/api/morphometry/id/178178
dentate_gyrus	DG_rat_sample	178179	Adol_4M_NoLight-15	Masachs	rat	Sprague-Dawley	hippocampus;dentate gyrus;granule layer	principal cell;granule;born at PND28	adult	Month	5.0	5.0	Male	Optogenetic stimulation	in vivo	Dendrites, Soma, No Axon	No Diameter, 3D, Angles	Dendrites Moderate	Neurolucida	50	34526669	10.1038/s41380-021-01276-x	http://neuromorpho.org/api/morphometry/id/178179
dentate_gyrus	DG_rat_sample	178180	Adol_4M_Light-19	Masachs	rat	Sprague-Dawley	hippocampus;dentate gyrus;granule layer	principal cell;granule;born at PND28	adult	Month	5.0	5.0	Male	Optogenetic stimulation	in vivo	Dendrites, Soma, No Axon	No Diameter, 3D, Angles	Dendrites Moderate	Neurolucida	50	34526669	10.1038/s41380-021-01276-x	http://neuromorpho.org/api/morphometry/id/178180
dentate_gyrus	DG_rat_sample	178181	Neo_2M_Light-25	Masachs	rat	Sprague-Dawley	hippocampus;dentate gyrus;granule layer	principal cell;granule;born at PND3	adult	Month	2.0	2.0	Male	Optogenetic stimulation	in vivo	Dendrites, Soma, No Axon	No Diameter, 3D, Angles	Dendrites Moderate	Neurolucida	50	34526669	10.1038/s41380-021-01276-x	http://neuromorpho.org/api/morphometry/id/178181
dentate_gyrus	DG_rat_sample	178182	Adol_2M_Light-19	Masachs	rat	Sprague-Dawley	hippocampus;dentate gyrus;granule layer	principal cell;granule;born at PND28	adult	Month	3.0	3.0	Male	Optogenetic stimulation	in vivo	Dendrites, Soma, No Axon	No Diameter, 3D, Angles	Dendrites Moderate	Neurolucida	50	34526669	10.1038/s41380-021-01276-x	http://neuromorpho.org/api/morphometry/id/178182
dentate_gyrus	DG_rat_sample	178183	Adol_1M_Light-13	Masachs	rat	Sprague-Dawley	hippocampus;dentate gyrus;granule layer	principal cell;granule;born at PND28	adult	Month	2.0	2.0	Male	Optogenetic stimulation	in vivo	Dendrites, Soma, No Axon	No Diameter, 3D, Angles	Dendrites Moderate	Neurolucida	50	34526669	10.1038/s41380-021-01276-x	http://neuromorpho.org/api/morphometry/id/178183
dentate_gyrus	DG_rat_sample	178184	Neo_2M_Light-4	Masachs	rat	Sprague-Dawley	hippocampus;dentate gyrus;granule layer	principal cell;granule;born at PND3	adult	Month	2.0	2.0	Male	Optogenetic stimulation	in vivo	Dendrites, Soma, No Axon	No Diameter, 3D, Angles	Dendrites Moderate	Neurolucida	50	34526669	10.1038/s41380-021-01276-x	http://neuromorpho.org/api/morphometry/id/178184
dentate_gyrus	DG_rat_sample	178185	Adu_1M_Light-20	Masachs	rat	Sprague-Dawley	hippocampus;dentate gyrus;granule layer	principal cell;granule;adult-born	adult	Month	3.0	3.0	Male	Optogenetic stimulation	in vivo	Dendrites, Soma, No Axon	No Diameter, 3D, Angles	Dendrites Moderate	Neurolucida	50	34526669	10.1038/s41380-021-01276-x	http://neuromorpho.org/api/morphometry/id/178185
dentate_gyrus	DG_rat_sample	178186	Adol_2M_Light-57	Masachs	rat	Sprague-Dawley	hippocampus;dentate gyrus;granule layer	principal cell;granule;born at PND28	adult	Month	3.0	3.0	Male	Optogenetic stimulation	in vivo	Dendrites, Soma, No Axon	No Diameter, 3D, Angles	Dendrites Moderate	Neurolucida	50	34526669	10.1038/s41380-021-01276-x	http://neuromorpho.org/api/morphometry/id/178186
dentate_gyrus	DG_rat_sample	178187	Adu_1M_Light-13	Masachs	rat	Sprague-Dawley	hippocampus;dentate gyrus;granule layer	principal cell;granule;adult-born	adult	Month	3.0	3.0	Male	Optogenetic stimulation	in vivo	Dendrites, Soma, No Axon	No Diameter, 3D, Angles	Dendrites Moderate	Neurolucida	50	34526669	10.1038/s41380-021-01276-x	http://neuromorpho.org/api/morphometry/id/178187
dentate_gyrus	DG_rat_sample	178188	Adol_1M_Light-28	Masachs	rat	Sprague-Dawley	hippocampus;dentate gyrus;granule layer	principal cell;granule;born at PND28	adult	Month	2.0	2.0	Male	Optogenetic stimulation	in vivo	Dendrites, Soma, No Axon	No Diameter, 3D, Angles	Dendrites Moderate	Neurolucida	50	34526669	10.1038/s41380-021-01276-x	http://neuromorpho.org/api/morphometry/id/178188
dentate_gyrus	DG_rat_sample	178189	Adu_1M_NoLight-12	Masachs	rat	Sprague-Dawley	hippocampus;dentate gyrus;granule layer	principal cell;granule;adult-born	adult	Month	3.0	3.0	Male	Control	in vivo	Dendrites, Soma, No Axon	No Diameter, 3D, Angles	Dendrites Moderate	Neurolucida	50	34526669	10.1038/s41380-021-01276-x	http://neuromorpho.org/api/morphometry/id/178189
dentate_gyrus	DG_rat_sample	178190	Ado_6M_Light-42	Masachs	rat	Sprague-Dawley	hippocampus;dentate gyrus;granule layer	principal cell;granule;adult-born	adult	Month	8.0	8.0	Male	Optogenetic stimulation	in vivo	Dendrites, Soma, No Axon	No Diameter, 3D, Angles	Dendrites Moderate	Neurolucida	50	34526669	10.1038/s41380-021-01276-x	http://neuromorpho.org/api/morphometry/id/178190
dentate_gyrus	DG_rat_sample	178191	Ado_6M_Light-24	Masachs	rat	Sprague-Dawley	hippocampus;dentate gyrus;granule layer	principal cell;granule;adult-born	adult	Month	8.0	8.0	Male	Optogenetic stimulation	in vivo	Dendrites, Soma, No Axon	No Diameter, 3D, Angles	Dendrites Moderate	Neurolucida	50	34526669	10.1038/s41380-021-01276-x	http://neuromorpho.org/api/morphometry/id/178191
dentate_gyrus	DG_rat_sample	178192	Adol_2M_NoLight-30	Masachs	rat	Sprague-Dawley	hippocampus;dentate gyrus;granule layer	principal cell;granule;born at PND28	adult	Month	2.0	2.0	Male	Optogenetic stimulation	in vivo	Dendrites, Soma, No Axon	No Diameter, 3D, Angles	Dendrites Moderate	Neurolucida	50	34526669	10.1038/s41380-021-01276-x	http://neuromorpho.org/api/morphometry/id/178192
dentate_gyrus	DG_rat_sample	178193	Adol_4M_NoLight-30	Masachs	rat	Sprague-Dawley	hippocampus;dentate gyrus;granule layer	principal cell;granule;born at PND28	adult	Month	5.0	5.0	Male	Optogenetic stimulation	in vivo	Dendrites, Soma, No Axon	No Diameter, 3D, Angles	Dendrites Moderate	Neurolucida	50	34526669	10.1038/s41380-021-01276-x	http://neuromorpho.org/api/morphometry/id/178193
dentate_gyrus	DG_rat_sample	178194	Adol_2M_NoLight-18	Masachs	rat	Sprague-Dawley	hippocampus;dentate gyrus;granule layer	principal cell;granule;born at PND28	adult	Month	2.0	2.0	Male	Optogenetic stimulation	in vivo	Dendrites, Soma, No Axon	No Diameter, 3D, Angles	Dendrites Moderate	Neurolucida	50	34526669	10.1038/s41380-021-01276-x	http://neuromorpho.org/api/morphometry/id/178194
dentate_gyrus	DG_rat_sample	178195	Adol_2M_NoLight-57	Masachs	rat	Sprague-Dawley	hippocampus;dentate gyrus;granule layer	principal cell;granule;born at PND28	adult	Month	2.0	2.0	Male	Optogenetic stimulation	in vivo	Dendrites, Soma, No Axon	No Diameter, 3D, Angles	Dendrites Moderate	Neurolucida	50	34526669	10.1038/s41380-021-01276-x	http://neuromorpho.org/api/morphometry/id/178195
dentate_gyrus	DG_rat_sample	178196	Adol_2M_NoLight-25	Masachs	rat	Sprague-Dawley	hippocampus;dentate gyrus;granule layer	principal cell;granule;born at PND28	adult	Month	2.0	2.0	Male	Optogenetic stimulation	in vivo	Dendrites, Soma, No Axon	No Diameter, 3D, Angles	Dendrites Moderate	Neurolucida	50	34526669	10.1038/s41380-021-01276-x	http://neuromorpho.org/api/morphometry/id/178196
dentate_gyrus	DG_rat_sample	178197	Adol_1M_Light-29	Masachs	rat	Sprague-Dawley	hippocampus;dentate gyrus;granule layer	principal cell;granule;born at PND28	adult	Month	2.0	2.0	Male	Optogenetic stimulation	in vivo	Dendrites, Soma, No Axon	No Diameter, 3D, Angles	Dendrites Moderate	Neurolucida	50	34526669	10.1038/s41380-021-01276-x	http://neuromorpho.org/api/morphometry/id/178197
dentate_gyrus	DG_rat_sample	178198	Adol_4M_Light-17	Masachs	rat	Sprague-Dawley	hippocampus;dentate gyrus;granule layer	principal cell;granule;born at PND28	adult	Month	5.0	5.0	Male	Optogenetic stimulation	in vivo	Dendrites, Soma, No Axon	No Diameter, 3D, Angles	Dendrites Moderate	Neurolucida	50	34526669	10.1038/s41380-021-01276-x	http://neuromorpho.org/api/morphometry/id/178198
dentate_gyrus	DG_rat_sample	178199	Adol_2M_Light-20	Masachs	rat	Sprague-Dawley	hippocampus;dentate gyrus;granule layer	principal cell;granule;born at PND28	adult	Month	3.0	3.0	Male	Optogenetic stimulation	in vivo	Dendrites, Soma, No Axon	No Diameter, 3D, Angles	Dendrites Moderate	Neurolucida	50	34526669	10.1038/s41380-021-01276-x	http://neuromorpho.org/api/morphometry/id/178199
dentate_gyrus	DG_rat_sample	178200	Neo_2M_Light-11	Masachs	rat	Sprague-Dawley	hippocampus;dentate gyrus;granule layer	principal cell;granule;born at PND3	adult	Month	2.0	2.0	Male	Optogenetic stimulation	in vivo	Dendrites, Soma, No Axon	No Diameter, 3D, Angles	Dendrites Moderate	Neurolucida	50	34526669	10.1038/s41380-021-01276-x	http://neuromorpho.org/api/morphometry/id/178200
dentate_gyrus	DG_rat_sample	178201	Adu_1M_NoLight-17	Masachs	rat	Sprague-Dawley	hippocampus;dentate gyrus;granule layer	principal cell;granule;adult-born	adult	Month	3.0	3.0	Male	Control	in vivo	Dendrites, Soma, No Axon	No Diameter, 3D, Angles	Dendrites Moderate	Neurolucida	50	34526669	10.1038/s41380-021-01276-x	http://neuromorpho.org/api/morphometry/id/178201
dentate_gyrus	DG_rat_sample	259437	505	Rodrigues	rat	Wistar	hippocampus;dentate gyrus;granule layer	principal cell;granule	embryonic	Day	18.0	18.0	Not reported	SCH58261 incubation	culture	Dendrites, Soma, No Axon	No Diameter, 2D, Angles	Dendrites Complete	Neurolucida	Not applicable	36038626	10.1038/s41598-022-18884-4	http://neuromorpho.org/api/morphometry/id/259437
dentate_gyrus	DG_rat_sample	259438	518_a	Rodrigues	rat	Wistar	hippocampus;dentate gyrus;granule layer	principal cell;granule	embryonic	Day	18.0	18.0	Not reported	SCH58261 incubation	culture	Dendrites, Soma, No Axon	No Diameter, 2D, Angles	Dendrites Complete	Neurolucida	Not applicable	36038626	10.1038/s41598-022-18884-4	http://neuromorpho.org/api/morphometry/id/259438
dentate_gyrus	DG_rat_sample	259439	113_3_a	Rodrigues	rat	Wistar	hippocampus;dentate gyrus;granule layer	principal cell;granule	embryonic	Day	18.0	18.0	Not reported	Control	culture	Dendrites, Soma, Axon	No Diameter, 2D, Angles	Dendrites & Axon Complete	Neurolucida	Not applicable	36038626	10.1038/s41598-022-18884-4	http://neuromorpho.org/api/morphometry/id/259439
dentate_gyrus	DG_rat_sample	259440	Rodrigues_49	Rodrigues	rat	Wistar	hippocampus;dentate gyrus;granule layer	principal cell;granule	embryonic	Day	18.0	18.0	Not reported	Control	culture	Dendrites, Soma, Axon	No Diameter, 2D, Angles	Dendrites & Axon Complete	Neurolucida	Not applicable	36038626	10.1038/s41598-022-18884-4	http://neuromorpho.org/api/morphometry/id/259440
dentate_gyrus	DG_rat_sample	259441	325	Rodrigues	rat	Wistar	hippocampus;dentate gyrus;granule layer	principal cell;granule	embryonic	Day	18.0	18.0	Not reported	Control	culture	Dendrites, Soma, Axon	No Diameter, 2D, Angles	Dendrites & Axon Complete	Neurolucida	Not applicable	36038626	10.1038/s41598-022-18884-4	http://neuromorpho.org/api/morphometry/id/259441
dentate_gyrus	DG_rat_sample	259442	Rodrigues_58	Rodrigues	rat	Wistar	hippocampus;dentate gyrus;granule layer	principal cell;granule	embryonic	Day	18.0	18.0	Not reported	Control	culture	Dendrites, Soma, Axon	No Diameter, 2D, Angles	Dendrites & Axon Complete	Neurolucida	Not applicable	36038626	10.1038/s41598-022-18884-4	http://neuromorpho.org/api/morphometry/id/259442
dentate_gyrus	DG_rat_sample	259443	19_68_a	Rodrigues	rat	Wistar	hippocampus;dentate gyrus;granule layer	principal cell;granule	embryonic	Day	18.0	18.0	Not reported	SCH58261 incubation	culture	Dendrites, Soma, Axon	No Diameter, 2D, Angles	Dendrites & Axon Complete	Neurolucida	Not applicable	36038626	10.1038/s41598-022-18884-4	http://neuromorpho.org/api/morphometry/id/259443
dentate_gyrus	DG_rat_sample	259444	118_2	Rodrigues	rat	Wistar	hippocampus;dentate gyrus;granule layer	principal cell;granule	embryonic	Day	18.0	18.0	Not reported	SCH58261 incubation	culture	Dendrites, Soma, No Axon	No Diameter, 2D, Angles	Dendrites Complete	Neurolucida	Not applicable	36038626	10.1038/s41598-022-18884-4	http://neuromorpho.org/api/morphometry/id/259444
dentate_gyrus	DG_rat_sample	259445	50_7	Rodrigues	rat	Wistar	hippocampus;dentate gyrus;granule layer	principal cell;granule	embryonic	Day	18.0	18.0	Not reported	CGS21680 incubation	culture	Dendrites, Soma, Axon	No Diameter, 2D, Angles	Dendrites & Axon Complete	Neurolucida	Not applicable	36038626	10.1038/s41598-022-18884-4	http://neuromorpho.org/api/morphometry/id/259445
dentate_gyrus	DG_rat_sample	259446	47_a	Rodrigues	rat	Wistar	hippocampus;dentate gyrus;granule layer	principal cell;granule	embryonic	Day	18.0	18.0	Not reported	Control	culture	Dendrites, Soma, Axon	No Diameter, 2D, Angles	Dendrites & Axon Complete	Neurolucida	Not applicable	36038626	10.1038/s41598-022-18884-4	http://neuromorpho.org/api/morphometry/id/259446
dentate_gyrus	DG_rat_sample	259447	226_1	Rodrigues	rat	Wistar	hippocampus;dentate gyrus;granule layer	principal cell;granule	embryonic	Day	18.0	18.0	Not reported	CGS21680 incubation	culture	Dendrites, Soma, Axon	No Diameter, 2D, Angles	Dendrites & Axon Complete	Neurolucida	Not applicable	36038626	10.1038/s41598-022-18884-4	http://neuromorpho.org/api/morphometry/id/259447
dentate_gyrus	DG_rat_sample	259448	515	Rodrigues	rat	Wistar	hippocampus;dentate gyrus;granule layer	principal cell;granule	embryonic	Day	18.0	18.0	Not reported	SCH58261 incubation	culture	Dendrites, Soma, No Axon	No Diameter, 2D, Angles	Dendrites Complete	Neurolucida	Not applicable	36038626	10.1038/s41598-022-18884-4	http://neuromorpho.org/api/morphometry/id/259448
dentate_gyrus	DG_rat_sample	259449	205_3	Rodrigues	rat	Wistar	hippocampus;dentate gyrus;granule layer	principal cell;granule	embryonic	Day	18.0	18.0	Not reported	Control	culture	Dendrites, Soma, Axon	No Diameter, 2D, Angles	Dendrites & Axon Complete	Neurolucida	Not applicable	36038626	10.1038/s41598-022-18884-4	http://neuromorpho.org/api/morphometry/id/259449
dentate_gyrus	DG_rat_sample	259450	219_2_b	Rodrigues	rat	Wistar	hippocampus;dentate gyrus;granule layer	principal cell;granule	embryonic	Day	18.0	18.0	Not reported	Control	culture	Dendrites, Soma, Axon	No Diameter, 2D, Angles	Dendrites & Axon Complete	Neurolucida	Not applicable	36038626	10.1038/s41598-022-18884-4	http://neuromorpho.org/api/morphometry/id/259450
dentate_gyrus	DG_rat_sample	259451	202_2_a	Rodrigues	rat	Wistar	hippocampus;dentate gyrus;granule layer	principal cell;granule	embryonic	Day	18.0	18.0	Not reported	Control	culture	Dendrites, Soma, Axon	No Diameter, 2D, Angles	Dendrites & Axon Complete	Neurolucida	Not applicable	36038626	10.1038/s41598-022-18884-4	http://neuromorpho.org/api/morphometry/id/259451
dentate_gyrus	DG_rat_sample	259452	206_2_a	Rodrigues	rat	Wistar	hippocampus;dentate gyrus;granule layer	principal cell;granule	embryonic	Day	18.0	18.0	Not reported	SCH58261 incubation	culture	Dendrites, Soma, No Axon	No Diameter, 2D, Angles	Dendrites Complete	Neurolucida	Not applicable	36038626	10.1038/s41598-022-18884-4	http://neuromorpho.org/api/morphometry/id/259452
dentate_gyrus	DG_rat_sample	259453	52_b	Rodrigues	rat	Wistar	hippocampus;dentate gyrus;granule layer	principal cell;granule	embryonic	Day	18.0	18.0	Not reported	Control	culture	Dendrites, Soma, Axon	No Diameter, 2D, Angles	Dendrites & Axon Complete	Neurolucida	Not applicable	36038626	10.1038/s41598-022-18884-4	http://neuromorpho.org/api/morphometry/id/259453
dentate_gyrus	DG_rat_sample	259454	54_5_b	Rodrigues	rat	Wistar	hippocampus;dentate gyrus;granule layer	principal cell;granule	embryonic	Day	18.0	18.0	Not reported	CGS21680 incubation	culture	Dendrites, Soma, Axon	No Diameter, 2D, Angles	Dendrites & Axon Complete	Neurolucida	Not applicable	36038626	10.1038/s41598-022-18884-4	http://neuromorpho.org/api/morphometry/id/259454
dentate_gyrus	DG_rat_sample	259455	111_2_c	Rodrigues	rat	Wistar	hippocampus;dentate gyrus;granule layer	principal cell;granule	embryonic	Day	18.0	18.0	Not reported	CGS21680 incubation	culture	Dendrites, Soma, No Axon	No Diameter, 2D, Angles	Dendrites Complete	Neurolucida	Not applicable	36038626	10.1038/s41598-022-18884-4	http://neuromorpho.org/api/morphometry/id/259455
dentate_gyrus	DG_rat_sample	259456	218_a	Rodrigues	rat	Wistar	hippocampus;dentate gyrus;granule layer	principal cell;granule	embryonic	Day	18.0	18.0	Not reported	Control	culture	Dendrites, Soma, No Axon	No Diameter, 2D, Angles	Dendrites Complete	Neurolucida	Not applicable	36038626	10.1038/s41598-022-18884-4	http://neuromorpho.org/api/morphometry/id/259456
dentate_gyrus	DG_rat_sample	259457	65_4_b	Rodrigues	rat	Wistar	hippocampus;dentate gyrus;granule layer	principal cell;granule	embryonic	Day	18.0	18.0	Not reported	CGS21680 incubation	culture	Dendrites, Soma, Axon	No Diameter, 2D, Angles	Dendrites & Axon Complete	Neurolucida	Not applicable	36038626	10.1038/s41598-022-18884-4	http://neuromorpho.org/api/morphometry/id/259457
dentate_gyrus	DG_rat_sample	259458	204_1	Rodrigues	rat	Wistar	hippocampus;dentate gyrus;granule layer	principal cell;granule	embryonic	Day	18.0	18.0	Not reported	SCH58261 incubation	culture	Dendrites, Soma, No Axon	No Diameter, 2D, Angles	Dendrites Complete	Neurolucida	Not applicable	36038626	10.1038/s41598-022-18884-4	http://neuromorpho.org/api/morphometry/id/259458
dentate_gyrus	DG_rat_sample	259459	209_1_a	Rodrigues	rat	Wistar	hippocampus;dentate gyrus;granule layer	principal cell;granule	embryonic	Day	18.0	18.0	Not reported	SCH58261 incubation	culture	Dendrites, Soma, Axon	No Diameter, 2D, Angles	Dendrites & Axon Complete	Neurolucida	Not applicable	36038626	10.1038/s41598-022-18884-4	http://neuromorpho.org/api/morphometry/id/259459
dentate_gyrus	DG_rat_sample	259460	218_b	Rodrigues	rat	Wistar	hippocampus;dentate gyrus;granule layer	principal cell;granule	embryonic	Day	18.0	18.0	Not reported	Control	culture	Dendrites, Soma, No Axon	No Diameter, 2D, Angles	Dendrites Complete	Neurolucida	Not applicable	36038626	10.1038/s41598-022-18884-4	http://neuromorpho.org/api/morphometry/id/259460
dentate_gyrus	DG_rat_sample	259461	1116_c	Rodrigues	rat	Wistar	hippocampus;dentate gyrus;granule layer	principal cell;granule	embryonic	Day	18.0	18.0	Not reported	Control	culture	Dendrites, Soma, Axon	No Diameter, 2D, Angles	Dendrites & Axon Complete	Neurolucida	Not applicable	36038626	10.1038/s41598-022-18884-4	http://neuromorpho.org/api/morphometry/id/259461
dentate_gyrus	DG_rat_sample	259462	1119	Rodrigues	rat	Wistar	hippocampus;dentate gyrus;granule layer	principal cell;granule	embryonic	Day	18.0	18.0	Not reported	Control	culture	Dendrites, Soma, No Axon	No Diameter, 2D, Angles	Dendrites Complete	Neurolucida	Not applicable	36038626	10.1038/s41598-022-18884-4	http://neuromorpho.org/api/morphometry/id/259462
dentate_gyrus	DG_rat_sample	259463	218_2	Rodrigues	rat	Wistar	hippocampus;dentate gyrus;granule layer	principal cell;granule	embryonic	Day	18.0	18.0	Not reported	SCH58261 incubation	culture	Dendrites, Soma, No Axon	No Diameter, 2D, Angles	Dendrites Complete	Neurolucida	Not applicable	36038626	10.1038/s41598-022-18884-4	http://neuromorpho.org/api/morphometry/id/259463
dentate_gyrus	DG_rat_sample	259464	06_6_b	Rodrigues	rat	Wistar	hippocampus;dentate gyrus;granule layer	principal cell;granule	embryonic	Day	18.0	18.0	Not reported	SCH58261 incubation	culture	Dendrites, Soma, No Axon	No Diameter, 2D, Angles	Dendrites Complete	Neurolucida	Not applicable	36038626	10.1038/s41598-022-18884-4	http://neuromorpho.org/api/morphometry/id/259464
dentate_gyrus	DG_rat_sample	259465	338	Rodrigues	rat	Wistar	hippocampus;dentate gyrus;granule layer	principal cell;granule	embryonic	Day	18.0	18.0	Not reported	Control	culture	Dendrites, Soma, Axon	No Diameter, 2D, Angles	Dendrites & Axon Complete	Neurolucida	Not applicable	36038626	10.1038/s41598-022-18884-4	http://neuromorpho.org/api/morphometry/id/259465
dentate_gyrus	DG_rat_sample	259466	112_1	Rodrigues	rat	Wistar	hippocampus;dentate gyrus;granule layer	principal cell;granule	embryonic	Day	18.0	18.0	Not reported	CGS21680 incubation	culture	Dendrites, Soma, Axon	No Diameter, 2D, Angles	Dendrites & Axon Complete	Neurolucida	Not applicable	36038626	10.1038/s41598-022-18884-4	http://neuromorpho.org/api/morphometry/id/259466
dentate_gyrus	DG_rat_sample	259467	209_2_b	Rodrigues	rat	Wistar	hippocampus;dentate gyrus;granule layer	principal cell;granule	embryonic	Day	18.0	18.0	Not reported	Control	culture	Dendrites, Soma, No Axon	No Diameter, 2D, Angles	Dendrites Complete	Neurolucida	Not applicable	36038626	10.1038/s41598-022-18884-4	http://neuromorpho.org/api/morphometry/id/259467
dentate_gyrus	DG_rat_sample	259468	548	Rodrigues	rat	Wistar	hippocampus;dentate gyrus;granule layer	principal cell;granule	embryonic	Day	18.0	18.0	Not reported	SCH58261 incubation	culture	Dendrites, Soma, Axon	No Diameter, 2D, Angles	Dendrites & Axon Complete	Neurolucida	Not applicable	36038626	10.1038/s41598-022-18884-4	http://neuromorpho.org/api/morphometry/id/259468
dentate_gyrus	DG_rat_sample	259469	413	Rodrigues	rat	Wistar	hippocampus;dentate gyrus;granule layer	principal cell;granule	embryonic	Day	18.0	18.0	Not reported	SCH58261 incubation	culture	No Dendrites, Soma, Axon	No Diameter, 2D, Angles	Axon Complete	Neurolucida	Not applicable	36038626	10.1038/s41598-022-18884-4	http://neuromorpho.org/api/morphometry/id/259469
dentate_gyrus	DG_rat_sample	259470	17_73_b	Rodrigues	rat	Wistar	hippocampus;dentate gyrus;granule layer	principal cell;granule	embryonic	Day	18.0	18.0	Not reported	Control	culture	Dendrites, Soma, No Axon	No Diameter, 2D, Angles	Dendrites Complete	Neurolucida	Not applicable	36038626	10.1038/s41598-022-18884-4	http://neuromorpho.org/api/morphometry/id/259470
dentate_gyrus	DG_rat_sample	259471	14_105_b	Rodrigues	rat	Wistar	hippocampus;dentate gyrus;granule layer	principal cell;granule	embryonic	Day	18.0	18.0	Not reported	SCH58261 incubation	culture	Dendrites, Soma, No Axon	No Diameter, 2D, Angles	Dendrites Complete	Neurolucida	Not applicable	36038626	10.1038/s41598-022-18884-4	http://neuromorpho.org/api/morphometry/id/259471
dentate_gyrus	DG_rat_sample	259472	03_c	Rodrigues	rat	Wistar	hippocampus;dentate gyrus;granule layer	principal cell;granule	embryonic	Day	18.0	18.0	Not reported	CGS21680 incubation	culture	Dendrites, Soma, No Axon	No Diameter, 2D, Angles	Dendrites Complete	Neurolucida	Not applicable	36038626	10.1038/s41598-022-18884-4	http://neuromorpho.org/api/morphometry/id/259472
dentate_gyrus	DG_rat_sample	259473	303_a	Rodrigues	rat	Wistar	hippocampus;dentate gyrus;granule layer	principal cell;granule	embryonic	Day	18.0	18.0	Not reported	CGS21680 incubation	culture	Dendrites, Soma, Axon	No Diameter, 2D, Angles	Dendrites & Axon Complete	Neurolucida	Not applicable	36038626	10.1038/s41598-022-18884-4	http://neuromorpho.org/api/morphometry/id/259473
dentate_gyrus	DG_rat_sample	259474	525_e	Rodrigues	rat	Wistar	hippocampus;dentate gyrus;granule layer	principal cell;granule	embryonic	Day	18.0	18.0	Not reported	SCH58261 incubation	culture	Dendrites, Soma, No Axon	No Diameter, 2D, Angles	Dendrites Complete	Neurolucida	Not applicable	36038626	10.1038/s41598-022-18884-4	http://neuromorpho.org/api/morphometry/id/259474
dentate_gyrus	DG_rat_sample	259475	103_4_b	Rodrigues	rat	Wistar	hippocampus;dentate gyrus;granule layer	principal cell;granule	embryonic	Day	18.0	18.0	Not reported	CGS21680 incubation	culture	Dendrites, Soma, Axon	No Diameter, 2D, Angles	Dendrites & Axon Complete	Neurolucida	Not applicable	36038626	10.1038/s41598-022-18884-4	http://neuromorpho.org/api/morphometry/id/259475
dentate_gyrus	DG_rat_sample	259476	115_3_b	Rodrigues	rat	Wistar	hippocampus;dentate gyrus;granule layer	principal cell;granule	embryonic	Day	18.0	18.0	Not reported	Control	culture	Dendrites, Soma, No Axon	No Diameter, 2D, Angles	Dendrites Complete	Neurolucida	Not applicable	36038626	10.1038/s41598-022-18884-4	http://neuromorpho.org/api/morphometry/id/259476
dentate_gyrus	DG_rat_sample	259477	09_f	Rodrigues	rat	Wistar	hippocampus;dentate gyrus;granule layer	principal cell;granule	embryonic	Day	18.0	18.0	Not reported	CGS21680 incubation	culture	Dendrites, Soma, No Axon	No Diameter, 2D, Angles	Dendrites Complete	Neurolucida	Not applicable	36038626	10.1038/s41598-022-18884-4	http://neuromorpho.org/api/morphometry/id/259477
dentate_gyrus	DG_rat_sample	259478	105_2	Rodrigues	rat	Wistar	hippocampus;dentate gyrus;granule layer	principal cell;granule	embryonic	Day	18.0	18.0	Not reported	SCH58261 incubation	culture	Dendrites, Soma, No Axon	No Diameter, 2D, Angles	Dendrites Complete	Neurolucida	Not applicable	36038626	10.1038/s41598-022-18884-4	http://neuromorpho.org/api/morphometry/id/259478
dentate_gyrus	DG_rat_sample	259479	430	Rodrigues	rat	Wistar	hippocampus;dentate gyrus;granule layer	principal cell;granule	embryonic	Day	18.0	18.0	Not reported	SCH58261 incubation	culture	Dendrites, Soma, No Axon	No Diameter, 2D, Angles	Dendrites Complete	Neurolucida	Not applicable	36038626	10.1038/s41598-022-18884-4	http://neuromorpho.org/api/morphometry/id/259479
dentate_gyrus	DG_rat_sample	259480	108_1	Rodrigues	rat	Wistar	hippocampus;dentate gyrus;granule layer	principal cell;granule	embryonic	Day	18.0	18.0	Not reported	SCH58261 incubation	culture	Dendrites, Soma, No Axon	No Diameter, 2D, Angles	Dendrites Complete	Neurolucida	Not applicable	36038626	10.1038/s41598-022-18884-4	http://neuromorpho.org/api/morphometry/id/259480
dentate_gyrus	DG_rat_sample	259481	108_2	Rodrigues	rat	Wistar	hippocampus;dentate gyrus;granule layer	principal cell;granule	embryonic	Day	18.0	18.0	Not reported	Control	culture	Dendrites, Soma, Axon	No Diameter, 2D, Angles	Dendrites & Axon Complete	Neurolucida	Not applicable	36038626	10.1038/s41598-022-18884-4	http://neuromorpho.org/api/morphometry/id/259481
dentate_gyrus	DG_rat_sample	259482	103_6_a	Rodrigues	rat	Wistar	hippocampus;dentate gyrus;granule layer	principal cell;granule	embryonic	Day	18.0	18.0	Not reported	Control	culture	Dendrites, Soma, Axon	No Diameter, 2D, Angles	Dendrites & Axon Complete	Neurolucida	Not applicable	36038626	10.1038/s41598-022-18884-4	http://neuromorpho.org/api/morphometry/id/259482
dentate_gyrus	DG_rat_sample	259483	Rodrigues_40	Rodrigues	rat	Wistar	hippocampus;dentate gyrus;granule layer	principal cell;granule	embryonic	Day	18.0	18.0	Not reported	Control	culture	Dendrites, Soma, Axon	No Diameter, 2D, Angles	Dendrites & Axon Complete	Neurolucida	Not applicable	36038626	10.1038/s41598-022-18884-4	http://neuromorpho.org/api/morphometry/id/259483
dentate_gyrus	DG_rat_sample	259484	44_b	Rodrigues	rat	Wistar	hippocampus;dentate gyrus;granule layer	principal cell;granule	embryonic	Day	18.0	18.0	Not reported	Control	culture	Dendrites, Soma, No Axon	No Diameter, 2D, Angles	Dendrites Complete	Neurolucida	Not applicable	36038626	10.1038/s41598-022-18884-4	http://neuromorpho.org/api/morphometry/id/259484
dentate_gyrus	DG_rat_sample	259485	02_6	Rodrigues	rat	Wistar	hippocampus;dentate gyrus;granule layer	principal cell;granule	embryonic	Day	18.0	18.0	Not reported	SCH58261 incubation	culture	Dendrites, Soma, No Axon	No Diameter, 2D, Angles	Dendrites Complete	Neurolucida	Not applicable	36038626	10.1038/s41598-022-18884-4	http://neuromorpho.org/api/morphometry/id/259485
dentate_gyrus	DG_rat_sample	259486	19_68_b	Rodrigues	rat	Wistar	hippocampus;dentate gyrus;granule layer	principal cell;granule	embryonic	Day	18.0	18.0	Not reported	SCH58261 incubation	culture	Dendrites, Soma, No Axon	No Diameter, 2D, Angles	Dendrites Complete	Neurolucida	Not applicable	36038626	10.1038/s41598-022-18884-4	http://neuromorpho.org/api/morphometry/id/259486
dentate_gyrus	DG_rat_sample	4506	n29-r01-03-sl3	Garcia-Cairasco	rat	Wistar	hippocampus;dentate gyrus	adult-born;granule;principal cell	adult	Day	42.0	49.0	Male	pilocarpine treated	in vitro	Dendrites, Soma, No Axon	Diameter, 3D, Angles	Dendrites Moderate	Neurolucida	60	17662262	10.1016/j.brainres.2007.06.037	http://neuromorpho.org/api/morphometry/id/4506
dentate_gyrus	DG_rat_sample	4507	n30-r01-03-sl3	Garcia-Cairasco	rat	Wistar	hippocampus;dentate gyrus	adult-born;granule;principal cell	adult	Day	42.0	49.0	Male	pilocarpine treated	in vitro	Dendrites, Soma, No Axon	Diameter, 3D, Angles	Dendrites Moderate	Neurolucida	60	17662262	10.1016/j.brainres.2007.06.037	http://neuromorpho.org/api/morphometry/id/4507
dentate_gyrus	DG_rat_sample	4508	n31-r05-01-sl1	Garcia-Cairasco	rat	Wistar	hippocampus;dentate gyrus	adult-born;granule;principal cell	adult	Day	42.0	49.0	Male	pilocarpine treated	in vitro	Dendrites, Soma, No Axon	Diameter, 3D, Angles	Dendrites Moderate	Neurolucida	60	17662262	10.1016/j.brainres.2007.06.037	http://neuromorpho.org/api/morphometry/id/4508
dentate_gyrus	DG_rat_sample	4509	n32-r05-01-sl4	Garcia-Cairasco	rat	Wistar	hippocampus;dentate gyrus	adult-born;granule;principal cell	adult	Day	42.0	49.0	Male	pilocarpine treated	in vitro	Dendrites, Soma, No Axon	Diameter, 3D, Angles	Dendrites Moderate	Neurolucida	60	17662262	10.1016/j.brainres.2007.06.037	http://neuromorpho.org/api/morphometry/id/4509
dentate_gyrus	DG_rat_sample	4510	n33-r05-01-sl4	Garcia-Cairasco	rat	Wistar	hippocampus;dentate gyrus	adult-born;granule;principal cell	adult	Day	42.0	49.0	Male	pilocarpine treated	in vitro	Dendrites, Soma, No Axon	Diameter, 3D, Angles	Dendrites Moderate	Neurolucida	60	17662262	10.1016/j.brainres.2007.06.037	http://neuromorpho.org/api/morphometry/id/4510
dentate_gyrus	DG_rat_sample	4511	n34-r05-03-sl1	Garcia-Cairasco	rat	Wistar	hippocampus;dentate gyrus	adult-born;granule;principal cell	adult	Day	42.0	49.0	Male	pilocarpine treated	in vitro	Dendrites, Soma, Axon	Diameter, 3D, Angles	Dendrites Moderate, Axon Incomplete	Neurolucida	60	17662262	10.1016/j.brainres.2007.06.037	http://neuromorpho.org/api/morphometry/id/4511
dentate_gyrus	DG_rat_sample	4512	n35-r05-03-sl1	Garcia-Cairasco	rat	Wistar	hippocampus;dentate gyrus	adult-born;granule;principal cell	adult	Day	42.0	49.0	Male	pilocarpine treated	in vitro	Dendrites, Soma, No Axon	Diameter, 3D, Angles	Dendrites Moderate	Neurolucida	60	17662262	10.1016/j.brainres.2007.06.037	http://neuromorpho.org/api/morphometry/id/4512
dentate_gyrus	DG_rat_sample	4513	n36-r06-05-sl3	Garcia-Cairasco	rat	Wistar	hippocampus;dentate gyrus	adult-born;granule;principal cell	adult	Day	42.0	49.0	Male	pilocarpine treated	in vitro	Dendrites, Soma, No Axon	Diameter, 3D, Angles	Dendrites Moderate	Neurolucida	60	17662262	10.1016/j.brainres.2007.06.037	http://neuromorpho.org/api/morphometry/id/4513
dentate_gyrus	DG_rat_sample	4514	n37-r06-09-sl4	Garcia-Cairasco	rat	Wistar	hippocampus;dentate gyrus	adult-born;granule;principal cell	adult	Day	42.0	49.0	Male	pilocarpine treated	in vitro	Dendrites, Soma, No Axon	Diameter, 3D, Angles	Dendrites Moderate	Neurolucida	60	17662262	10.1016/j.brainres.2007.06.037	http://neuromorpho.org/api/morphometry/id/4514
dentate_gyrus	DG_rat_sample	4515	n38-r06-09-sl4	Garcia-Cairasco	rat	Wistar	hippocampus;dentate gyrus	adult-born;granule;principal cell	adult	Day	42.0	49.0	Male	pilocarpine treated	in vitro	Dendrites, Soma, No Axon	Diameter, 3D, Angles	Dendrites Moderate	Neurolucida	60	17662262	10.1016/j.brainres.2007.06.037	http://neuromorpho.org/api/morphometry/id/4515
dentate_gyrus	DG_rat_sample	4516	n39-r06-06-sl2	Garcia-Cairasco	rat	Wistar	hippocampus;dentate gyrus	adult-born;granule;principal cell	adult	Day	42.0	49.0	Male	pilocarpine treated	in vitro	Dendrites, Soma, No Axon	Diameter, 3D, Angles	Dendrites Moderate	Neurolucida	60	17662262	10.1016/j.brainres.2007.06.037	http://neuromorpho.org/api/morphometry/id/4516
dentate_gyrus	DG_rat_sample	4517	n40-r01-02-sl4	Garcia-Cairasco	rat	Wistar	hippocampus;dentate gyrus	adult-born;granule;principal cell	adult	Day	42.0	49.0	Male	pilocarpine treated	in vitro	Dendrites, Soma, No Axon	Diameter, 3D, Angles	Dendrites Moderate	Neurolucida	60	17662262	10.1016/j.brainres.2007.06.037	http://neuromorpho.org/api/morphometry/id/4517
dentate_gyrus	DG_rat_sample	455	3319201	Claiborne	rat	Sprague-Dawley	hippocampus;dentate gyrus	granule;principal cell	adult	Day	49.0	49.0	Male	Control	in vitro	Dendrites, Soma, No Axon	No Diameter, 3D, Angles	Dendrites Complete	Custom	400	9307106	10.1152/jn.1997.78.2.703	http://neuromorpho.org/api/morphometry/id/455
dentate_gyrus	DG_rat_sample	456	3319202	Claiborne	rat	Sprague-Dawley	hippocampus;dentate gyrus	granule;principal cell	adult	Day	49.0	49.0	Male	Control	in vitro	Dendrites, Soma, No Axon	No Diameter, 3D, Angles	Dendrites Complete	Custom	400	9307106	10.1152/jn.1997.78.2.703	http://neuromorpho.org/api/morphometry/id/456
dentate_gyrus	DG_rat_sample	457	4239204	Claiborne	rat	Sprague-Dawley	hippocampus;dentate gyrus	granule;principal cell	adult	Day	47.0	47.0	Female	Control	in vitro	Dendrites, Soma, No Axon	No Diameter, 3D, Angles	Dendrites Complete	Custom	400	9307106	10.1152/jn.1997.78.2.703	http://neuromorpho.org/api/morphometry/id/457
dentate_gyrus	DG_rat_sample	458	4299202	Claiborne	rat	Sprague-Dawley	hippocampus;dentate gyrus	granule;principal cell	adult	Day	53.0	53.0	Female	Control	in vitro	Dendrites, Soma, No Axon	No Diameter, 3D, Angles	Dendrites Complete	Custom	400	9307106	10.1152/jn.1997.78.2.703	http://neuromorpho.org/api/morphometry/id/458
dentate_gyrus	DG_rat_sample	459	5199202	Claiborne	rat	Sprague-Dawley	hippocampus;dentate gyrus	granule;principal cell	adult	Day	54.0	54.0	Male	Control	in vitro	Dendrites, Soma, No Axon	No Diameter, 3D, Angles	Dendrites Complete	Custom	400	9307106	10.1152/jn.1997.78.2.703	http://neuromorpho.org/api/morphometry/id/459
dentate_gyrus	DG_rat_sample	460	1208875	Claiborne	rat	Sprague-Dawley	hippocampus;dentate gyrus	granule;principal cell	adult	Day	46.0	46.0	Female	Control	in vitro	Dendrites, Soma, No Axon	No Diameter, 3D, Angles	Dendrites Complete	Custom	400	2364540	10.1016/0165-3806(90)90071-6	http://neuromorpho.org/api/morphometry/id/460
dentate_gyrus	DG_rat_sample	461	1220882a	Claiborne	rat	Sprague-Dawley	hippocampus;dentate gyrus	granule;principal cell	adult	Day	22.0	22.0	Male	Control	in vitro	Dendrites, Soma, No Axon	No Diameter, 3D, Angles	Dendrites Complete	Custom	400	2364540	10.1016/0165-3806(90)90071-6	http://neuromorpho.org/api/morphometry/id/461
dentate_gyrus	DG_rat_sample	462	1220882b	Claiborne	rat	Sprague-Dawley	hippocampus;dentate gyrus	granule;principal cell	adult	Day	22.0	22.0	Male	Control	in vitro	Dendrites, Soma, No Axon	No Diameter, 3D, Angles	Dendrites Complete	Custom	400	2364540	10.1016/0165-3806(90)90071-6	http://neuromorpho.org/api/morphometry/id/462
dentate_gyrus	DG_rat_sample	463	1220883	Claiborne	rat	Sprague-Dawley	hippocampus;dentate gyrus	granule;principal cell	adult	Day	22.0	22.0	Male	Control	in vitro	Dendrites, Soma, No Axon	No Diameter, 3D, Angles	Dendrites Complete	Custom	400	2364540	10.1016/0165-3806(90)90071-6	http://neuromorpho.org/api/morphometry/id/463
dentate_gyrus	DG_rat_sample	464	124893a	Claiborne	rat	Sprague-Dawley	hippocampus;dentate gyrus	granule;principal cell	young	Day	14.0	14.0	Female	Control	in vitro	Dendrites, Soma, No Axon	No Diameter, 3D, Angles	Dendrites Complete	Custom	400	2364540	10.1016/0165-3806(90)90071-6	http://neuromorpho.org/api/morphometry/id/464
dentate_gyrus	DG_rat_sample	465	124893b	Claiborne	rat	Sprague-Dawley	hippocampus;dentate gyrus	granule;principal cell	young	Day	14.0	14.0	Female	Control	in vitro	Dendrites, Soma, No Axon	No Diameter, 3D, Angles	Dendrites Complete	Custom	400	2364540	10.1016/0165-3806(90)90071-6	http://neuromorpho.org/api/morphometry/id/465
dentate_gyrus	DG_rat_sample	466	124894	Claiborne	rat	Sprague-Dawley	hippocampus;dentate gyrus	granule;principal cell	young	Day	14.0	14.0	Female	Control	in vitro	Dendrites, Soma, No Axon	No Diameter, 3D, Angles	Dendrites Complete	Custom	400	2364540	10.1016/0165-3806(90)90071-6	http://neuromorpho.org/api/morphometry/id/466
dentate_gyrus	DG_rat_sample	467	404881	Claiborne	rat	Sprague-Dawley	hippocampus;dentate gyrus	granule;principal cell	adult	Day	49.0	49.0	Male	Control	in vitro	Dendrites, Soma, No Axon	No Diameter, 3D, Angles	Dendrites Complete	Custom	400	2364540	10.1016/0165-3806(90)90071-6	http://neuromorpho.org/api/morphometry/id/467
dentate_gyrus	DG_rat_sample	468	410884	Claiborne	rat	Sprague-Dawley	hippocampus;dentate gyrus	granule;principal cell	adult	Day	38.0	38.0	Female	Control	in vitro	Dendrites, Soma, No Axon	No Diameter, 3D, Angles	Dendrites Complete	Custom	400	2364540	10.1016/0165-3806(90)90071-6	http://neuromorpho.org/api/morphometry/id/468
dentate_gyrus	DG_rat_sample	469	410885	Claiborne	rat	Sprague-Dawley	hippocampus;dentate gyrus	granule;principal cell	adult	Day	37.0	37.0	Female	Control	in vitro	Dendrites, Soma, No Axon	No Diameter, 3D, Angles	Dendrites Complete	Custom	400	2364540	10.1016/0165-3806(90)90071-6	http://neuromorpho.org/api/morphometry/id/469
dentate_gyrus	DG_rat_sample	470	411883	Claiborne	rat	Sprague-Dawley	hippocampus;dentate gyrus	granule;principal cell	adult	Day	38.0	38.0	Female	Control	in vitro	Dendrites, Soma, No Axon	No Diameter, 3D, Angles	Dendrites Complete	Custom	400	2364540	10.1016/0165-3806(90)90071-6	http://neuromorpho.org/api/morphometry/id/470
dentate_gyrus	DG_rat_sample	471	411884a	Claiborne	rat	Sprague-Dawley	hippocampus;dentate gyrus	granule;principal cell	adult	Day	38.0	38.0	Female	Control	in vitro	Dendrites, Soma, No Axon	No Diameter, 3D, Angles	Dendrites Complete	Custom	400	2364540	10.1016/0165-3806(90)90071-6	http://neuromorpho.org/api/morphometry/id/471
dentate_gyrus	DG_rat_sample	472	411884b	Claiborne	rat	Sprague-Dawley	hippocampus;dentate gyrus	granule;principal cell	adult	Day	38.0	38.0	Female	Control	in vitro	Dendrites, Soma, No Axon	No Diameter, 3D, Angles	Dendrites Complete	Custom	400	2364540	10.1016/0165-3806(90)90071-6	http://neuromorpho.org/api/morphometry/id/472
dentate_gyrus	DG_rat_sample	473	418882	Claiborne	rat	Sprague-Dawley	hippocampus;dentate gyrus	granule;principal cell	adult	Day	45.0	45.0	Male	Control	in vitro	Dendrites, Soma, No Axon	No Diameter, 3D, Angles	Dendrites Complete	Custom	400	2364540	10.1016/0165-3806(90)90071-6	http://neuromorpho.org/api/morphometry/id/473
dentate_gyrus	DG_rat_sample	474	418883	Claiborne	rat	Sprague-Dawley	hippocampus;dentate gyrus	granule;principal cell	adult	Day	45.0	45.0	Male	Control	in vitro	Dendrites, Soma, No Axon	No Diameter, 3D, Angles	Dendrites Complete	Custom	400	2364540	10.1016/0165-3806(90)90071-6	http://neuromorpho.org/api/morphometry/id/474
dentate_gyrus	DG_rat_sample	475	428883	Claiborne	rat	Sprague-Dawley	hippocampus;dentate gyrus	granule;principal cell	adult	Day	48.0	48.0	Female	Control	in vitro	Dendrites, Soma, No Axon	No Diameter, 3D, Angles	Dendrites Complete	Custom	400	2364540	10.1016/0165-3806(90)90071-6	http://neuromorpho.org/api/morphometry/id/475
dentate_gyrus	DG_rat_sample	476	512882	Claiborne	rat	Sprague-Dawley	hippocampus;dentate gyrus	granule;principal cell	adult	Day	197.0	197.0	Female	Control	in vitro	Dendrites, Soma, No Axon	No Diameter, 3D, Angles	Dendrites Complete	Custom	400	2364540	10.1016/0165-3806(90)90071-6	http://neuromorpho.org/api/morphometry/id/476
dentate_gyrus	DG_rat_sample	477	523886	Claiborne	rat	Sprague-Dawley	hippocampus;dentate gyrus	granule;principal cell	adult	Day	192.0	192.0	Male	Control	in vitro	Dendrites, Soma, No Axon	No Diameter, 3D, Angles	Dendrites Complete	Custom	400	2364540	10.1016/0165-3806(90)90071-6	http://neuromorpho.org/api/morphometry/id/477
dentate_gyrus	DG_rat_sample	478	524892a	Claiborne	rat	Sprague-Dawley	hippocampus;dentate gyrus	granule;principal cell	adult	Day	53.0	53.0	Male	Control	in vitro	Dendrites, Soma, No Axon	No Diameter, 3D, Angles	Dendrites Complete	Custom	400	2364540	10.1016/0165-3806(90)90071-6	http://neuromorpho.org/api/morphometry/id/478
dentate_gyrus	DG_rat_sample	479	524892b	Claiborne	rat	Sprague-Dawley	hippocampus;dentate gyrus	granule;principal cell	adult	Day	53.0	53.0	Male	Control	in vitro	Dendrites, Soma, No Axon	No Diameter, 3D, Angles	Dendrites Complete	Custom	400	2364540	10.1016/0165-3806(90)90071-6	http://neuromorpho.org/api/morphometry/id/479
dentate_gyrus	DG_rat_sample	480	601886	Claiborne	rat	Sprague-Dawley	hippocampus;dentate gyrus	granule;principal cell	adult	Day	35.0	35.0	Male	Control	in vitro	Dendrites, Soma, No Axon	No Diameter, 3D, Angles	Dendrites Complete	Custom	400	2364540	10.1016/0165-3806(90)90071-6	http://neuromorpho.org/api/morphometry/id/480
dentate_gyrus	DG_rat_sample	481	609885	Claiborne	rat	Sprague-Dawley	hippocampus;dentate gyrus	granule;principal cell	adult	Day	58.0	58.0	Male	Control	in vitro	Dendrites, Soma, No Axon	No Diameter, 3D, Angles	Dendrites Complete	Custom	400	2364540	10.1016/0165-3806(90)90071-6	http://neuromorpho.org/api/morphometry/id/481
dentate_gyrus	DG_rat_sample	482	614882	Claiborne	rat	Sprague-Dawley	hippocampus;dentate gyrus	granule;principal cell	adult	Day	57.0	57.0	Male	Control	in vitro	Dendrites, Soma, No Axon	No Diameter, 3D, Angles	Dendrites Complete	Custom	400	2364540	10.1016/0165-3806(90)90071-6	http://neuromorpho.org/api/morphometry/id/482
dentate_gyrus	DG_rat_sample	483	720884	Claiborne	rat	Sprague-Dawley	hippocampus;dentate gyrus	granule;principal cell	adult	Day	26.0	26.0	Female	Control	in vitro	Dendrites, Soma, No Axon	No Diameter, 3D, Angles	Dendrites Complete	Custom	400	2364540	10.1016/0165-3806(90)90071-6	http://neuromorpho.org/api/morphometry/id/483
dentate_gyrus	DG_rat_sample	484	725883a	Claiborne	rat	Sprague-Dawley	hippocampus;dentate gyrus	granule;principal cell	young	Day	14.0	14.0	Male	Control	in vitro	Dendrites, Soma, No Axon	No Diameter, 3D, Angles	Dendrites Complete	Custom	400	2364540	10.1016/0165-3806(90)90071-6	http://neuromorpho.org/api/morphometry/id/484
dentate_gyrus	DG_rat_sample	485	725883b	Claiborne	rat	Sprague-Dawley	hippocampus;dentate gyrus	granule;principal cell	young	Day	14.0	14.0	Male	Control	in vitro	Dendrites, Soma, No Axon	No Diameter, 3D, Angles	Dendrites Complete	Custom	400	2364540	10.1016/0165-3806(90)90071-6	http://neuromorpho.org/api/morphometry/id/485
dentate_gyrus	DG_rat_sample	486	727883	Claiborne	rat	Sprague-Dawley	hippocampus;dentate gyrus	granule;principal cell	young	Day	16.0	16.0	Male	Control	in vitro	Dendrites, Soma, No Axon	No Diameter, 3D, Angles	Dendrites Complete	Custom	400	2364540	10.1016/0165-3806(90)90071-6	http://neuromorpho.org/api/morphometry/id/486
dentate_gyrus	DG_rat_sample	487	727884	Claiborne	rat	Sprague-Dawley	hippocampus;dentate gyrus	granule;principal cell	young	Day	16.0	16.0	Male	Control	in vitro	Dendrites, Soma, No Axon	No Diameter, 3D, Angles	Dendrites Complete	Custom	400	2364540	10.1016/0165-3806(90)90071-6	http://neuromorpho.org/api/morphometry/id/487
dentate_gyrus	DG_rat_sample	488	728882	Claiborne	rat	Sprague-Dawley	hippocampus;dentate gyrus	granule;principal cell	young	Day	17.0	17.0	Female	Control	in vitro	Dendrites, Soma, No Axon	No Diameter, 3D, Angles	Dendrites Complete	Custom	400	2364540	10.1016/0165-3806(90)90071-6	http://neuromorpho.org/api/morphometry/id/488
dentate_gyrus	DG_rat_sample	489	803884	Claiborne	rat	Sprague-Dawley	hippocampus;dentate gyrus	granule;principal cell	young	Day	20.0	20.0	Male	Control	in vitro	Dendrites, Soma, No Axon	No Diameter, 3D, Angles	Dendrites Complete	Custom	400	2364540	10.1016/0165-3806(90)90071-6	http://neuromorpho.org/api/morphometry/id/489
dentate_gyrus	DG_rat_sample	490	803887b	Claiborne	rat	Sprague-Dawley	hippocampus;dentate gyrus	granule;principal cell	adult	Day	26.0	26.0	Male	Control	in vitro	Dendrites, Soma, No Axon	No Diameter, 3D, Angles	Dendrites Complete	Custom	400	2364540	10.1016/0165-3806(90)90071-6	http://neuromorpho.org/api/morphometry/id/490
dentate_gyrus	DG_rat_sample	491	805881	Claiborne	rat	Sprague-Dawley	hippocampus;dentate gyrus	granule;principal cell	adult	Day	28.0	28.0	Male	Control	in vitro	Dendrites, Soma, No Axon	No Diameter, 3D, Angles	Dendrites Complete	Custom	400	2364540	10.1016/0165-3806(90)90071-6	http://neuromorpho.org/api/morphometry/id/491
dentate_gyrus	DG_rat_sample	492	815885	Claiborne	rat	Sprague-Dawley	hippocampus;dentate gyrus	granule;principal cell	adult	Day	38.0	38.0	Female	Control	in vitro	Dendrites, Soma, No Axon	No Diameter, 3D, Angles	Dendrites Complete	Custom	400	2364540	10.1016/0165-3806(90)90071-6	http://neuromorpho.org/api/morphometry/id/492
dentate_gyrus	DG_rat_sample	6754	No41-TTX	Bausch	rat	Sprague-Dawley	hippocampus;dentate gyrus	granule;principal cell	not reported	Day	11.0	11.0	Not reported	tetrodotoxin treatment	culture	Dendrites, Soma, Axon	Diameter, 3D, Angles	Dendrites & Axon Moderate	Neurolucida	400	16790597	10.1152/jn.00355.2006	http://neuromorpho.org/api/morphometry/id/6754
dentate_gyrus	DG_rat_sample	6755	No44-APV	Bausch	rat	Sprague-Dawley	hippocampus;dentate gyrus	granule;principal cell	not reported	Day	11.0	11.0	Not reported	D-2-amino-5-phosphonovaleric acid (D-APV)	culture	Dendrites, Soma, Axon	Diameter, 3D, Angles	Dendrites & Axon Moderate	Neurolucida	400	16790597	10.1152/jn.00355.2006	http://neuromorpho.org/api/morphometry/id/6755
dentate_gyrus	DG_rat_sample	6756	No45-Veh	Bausch	rat	Sprague-Dawley	hippocampus;dentate gyrus	granule;principal cell	not reported	Day	11.0	11.0	Not reported	Control	culture	Dendrites, Soma, Axon	Diameter, 3D, Angles	Dendrites & Axon Moderate	Neurolucida	400	16790597	10.1152/jn.00355.2006	http://neuromorpho.org/api/morphometry/id/6756
dentate_gyrus	DG_rat_sample	6757	No47-Veh	Bausch	rat	Sprague-Dawley	hippocampus;dentate gyrus	granule;principal cell	not reported	Day	11.0	11.0	Not reported	Control	culture	Dendrites, Soma, Axon	Diameter, 3D, Angles	Dendrites & Axon Moderate	Neurolucida	400	16790597	10.1152/jn.00355.2006	http://neuromorpho.org/api/morphometry/id/6757
dentate_gyrus	DG_rat_sample	6758	No48-APV	Bausch	rat	Sprague-Dawley	hippocampus;dentate gyrus	granule;principal cell	not reported	Day	11.0	11.0	Not reported	D-2-amino-5-phosphonovaleric acid (D-APV)	culture	Dendrites, Soma, Axon	Diameter, 3D, Angles	Dendrites & Axon Moderate	Neurolucida	400	16790597	10.1152/jn.00355.2006	http://neuromorpho.org/api/morphometry/id/6758
dentate_gyrus	DG_rat_sample	6759	No50-Veh	Bausch	rat	Sprague-Dawley	hippocampus;dentate gyrus	granule;principal cell	not reported	Day	11.0	11.0	Not reported	Control	culture	Dendrites, Soma, Axon	Diameter, 3D, Angles	Dendrites & Axon Moderate	Neurolucida	400	16790597	10.1152/jn.00355.2006	http://neuromorpho.org/api/morphometry/id/6759
dentate_gyrus	DG_rat_sample	6760	No51-pyramidal-Veh	Bausch	rat	Sprague-Dawley	hippocampus;dentate gyrus	granule;principal cell	not reported	Day	11.0	11.0	Not reported	Control	culture	Dendrites, Soma, Axon	Diameter, 3D, Angles	Dendrites & Axon Moderate	Neurolucida	400	16790597	10.1152/jn.00355.2006	http://neuromorpho.org/api/morphometry/id/6760
dentate_gyrus	DG_rat_sample	6761	No52-Veh	Bausch	rat	Sprague-Dawley	hippocampus;dentate gyrus	granule;principal cell	not reported	Day	11.0	11.0	Not reported	Control	culture	Dendrites, Soma, Axon	Diameter, 3D, Angles	Dendrites & Axon Moderate	Neurolucida	400	16790597	10.1152/jn.00355.2006	http://neuromorpho.org/api/morphometry/id/6761
dentate_gyrus	DG_rat_sample	6762	No53-TTX	Bausch	rat	Sprague-Dawley	hippocampus;dentate gyrus	granule;principal cell	not reported	Day	11.0	11.0	Not reported	tetrodotoxin treatment	culture	Dendrites, Soma, Axon	Diameter, 3D, Angles	Dendrites & Axon Moderate	Neurolucida	400	16790597	10.1152/jn.00355.2006	http://neuromorpho.org/api/morphometry/id/6762
dentate_gyrus	DG_rat_sample	6763	No55-TTX	Bausch	rat	Sprague-Dawley	hippocampus;dentate gyrus	granule;principal cell	not reported	Day	11.0	11.0	Not reported	tetrodotoxin treatment	culture	Dendrites, Soma, Axon	Diameter, 3D, Angles	Dendrites & Axon Moderate	Neurolucida	400	16790597	10.1152/jn.00355.2006	http://neuromorpho.org/api/morphometry/id/6763
dentate_gyrus	DG_rat_sample	6764	No56-Veh	Bausch	rat	Sprague-Dawley	hippocampus;dentate gyrus	granule;principal cell	not reported	Day	11.0	11.0	Not reported	Control	culture	Dendrites, Soma, Axon	Diameter, 3D, Angles	Dendrites & Axon Moderate	Neurolucida	400	16790597	10.1152/jn.00355.2006	http://neuromorpho.org/api/morphometry/id/6764
dentate_gyrus	DG_rat_sample	6765	No57-TTX	Bausch	rat	Sprague-Dawley	hippocampus;dentate gyrus	granule;principal cell	not reported	Day	11.0	11.0	Not reported	tetrodotoxin treatment	culture	Dendrites, Soma, Axon	Diameter, 3D, Angles	Dendrites & Axon Moderate	Neurolucida	400	16790597	10.1152/jn.00355.2006	http://neuromorpho.org/api/morphometry/id/6765
dentate_gyrus	DG_rat_sample	6766	No58-Veh	Bausch	rat	Sprague-Dawley	hippocampus;dentate gyrus	granule;principal cell	not reported	Day	11.0	11.0	Not reported	Control	culture	Dendrites, Soma, Axon	Diameter, 3D, Angles	Dendrites & Axon Moderate	Neurolucida	400	16790597	10.1152/jn.00355.2006	http://neuromorpho.org/api/morphometry/id/6766
dentate_gyrus	DG_rat_sample	6767	No60-TTX	Bausch	rat	Sprague-Dawley	hippocampus;dentate gyrus	granule;principal cell	not reported	Day	11.0	11.0	Not reported	tetrodotoxin treatment	culture	Dendrites, Soma, Axon	Diameter, 3D, Angles	Dendrites & Axon Moderate	Neurolucida	400	16790597	10.1152/jn.00355.2006	http://neuromorpho.org/api/morphometry/id/6767
dentate_gyrus	DG_rat_sample	6768	No61-Veh	Bausch	rat	Sprague-Dawley	hippocampus;dentate gyrus	granule;principal cell	not reported	Day	11.0	11.0	Not reported	Control	culture	Dendrites, Soma, Axon	Diameter, 3D, Angles	Dendrites & Axon Moderate	Neurolucida	400	16790597	10.1152/jn.00355.2006	http://neuromorpho.org/api/morphometry/id/6768
dentate_gyrus	DG_rat_sample	6769	No62-TTX	Bausch	rat	Sprague-Dawley	hippocampus;dentate gyrus	granule;principal cell	not reported	Day	11.0	11.0	Not reported	tetrodotoxin treatment	culture	Dendrites, Soma, Axon	Diameter, 3D, Angles	Dendrites & Axon Moderate	Neurolucida	400	16790597	10.1152/jn.00355.2006	http://neuromorpho.org/api/morphometry/id/6769
dentate_gyrus	DG_rat_sample	6770	No63-TTX	Bausch	rat	Sprague-Dawley	hippocampus;dentate gyrus	granule;principal cell	not reported	Day	11.0	11.0	Not reported	tetrodotoxin treatment	culture	Dendrites, Soma, Axon	Diameter, 3D, Angles	Dendrites & Axon Moderate	Neurolucida	400	16790597	10.1152/jn.00355.2006	http://neuromorpho.org/api/morphometry/id/6770
dentate_gyrus	DG_rat_sample	6771	No64-TTX	Bausch	rat	Sprague-Dawley	hippocampus;dentate gyrus	granule;principal cell	not reported	Day	11.0	11.0	Not reported	tetrodotoxin treatment	culture	Dendrites, Soma, Axon	Diameter, 3D, Angles	Dendrites & Axon Moderate	Neurolucida	400	16790597	10.1152/jn.00355.2006	http://neuromorpho.org/api/morphometry/id/6771
dentate_gyrus	DG_rat_sample	6772	No9-Veh	Bausch	rat	Sprague-Dawley	hippocampus;dentate gyrus	granule;principal cell	not reported	Day	11.0	11.0	Not reported	Control	culture	Dendrites, Soma, Axon	Diameter, 3D, Angles	Dendrites & Axon Moderate	Neurolucida	400	16790597	10.1152/jn.00355.2006	http://neuromorpho.org/api/morphometry/id/6772
dentate_gyrus	DG_rat_sample	6773	103-5	Pierce	rat	Sprague-Dawley	hippocampus;dentate gyrus;granule layer	granule;principal cell	adult	Day	125.0	125.0	Male	pilocarpine treated	in vitro	Dendrites, Soma, No Axon	Diameter, 3D, Angles	Dendrites Complete	Neurolucida	60	21344409	10.1002/cne.22568	http://neuromorpho.org/api/morphometry/id/6773
dentate_gyrus	DG_rat_sample	6774	124-5L	Pierce	rat	Sprague-Dawley	hippocampus;dentate gyrus;granule layer	granule;principal cell	adult	Day	108.0	108.0	Male	pilocarpine treated	in vitro	Dendrites, Soma, No Axon	Diameter, 3D, Angles	Dendrites Complete	Neurolucida	228	21344409	10.1002/cne.22568	http://neuromorpho.org/api/morphometry/id/6774
dentate_gyrus	DG_rat_sample	6775	124-5R	Pierce	rat	Sprague-Dawley	hippocampus;dentate gyrus;granule layer	granule;principal cell	adult	Day	108.0	108.0	Male	pilocarpine treated	in vitro	Dendrites, Soma, No Axon	Diameter, 3D, Angles	Dendrites Complete	Neurolucida	178	21344409	10.1002/cne.22568	http://neuromorpho.org/api/morphometry/id/6775
dentate_gyrus	DG_rat_sample	6776	798-2	Pierce	rat	Sprague-Dawley	hippocampus;dentate gyrus;hilus	granule;principal cell	adult	Day	216.0	216.0	Male	pilocarpine treated	in vitro	Dendrites, Soma, Axon	Diameter, 3D, Angles	Dendrites Complete, Axon Incomplete	Neurolucida	88	21344409	10.1002/cne.22568	http://neuromorpho.org/api/morphometry/id/6776
dentate_gyrus	DG_rat_sample	6777	H906-2	Pierce	rat	Sprague-Dawley	hippocampus;dentate gyrus;hilus	granule;principal cell	adult	Day	432.0	432.0	Male	pilocarpine treated	in vitro	Dendrites, Soma, No Axon	Diameter, 3D, Angles	Dendrites Complete	Neurolucida	234	21344409	10.1002/cne.22568	http://neuromorpho.org/api/morphometry/id/6777
dentate_gyrus	DG_rat_sample	6778	H910-1	Pierce	rat	Sprague-Dawley	hippocampus;dentate gyrus;hilus	granule;principal cell	adult	Day	141.0	141.0	Male	pilocarpine treated	in vitro	Dendrites, Soma, Axon	Diameter, 3D, Angles	Dendrites & Axon Complete	Neurolucida	250	21344409	10.1002/cne.22568	http://neuromorpho.org/api/morphometry/id/6778
dentate_gyrus	DG_rat_sample	6779	H910-2	Pierce	rat	Sprague-Dawley	hippocampus;dentate gyrus;hilus	granule;principal cell	adult	Day	141.0	141.0	Male	pilocarpine treated	in vitro	Dendrites, Soma, Axon	Diameter, 3D, Angles	Dendrites & Axon Complete	Neurolucida	305	21344409	10.1002/cne.22568	http://neuromorpho.org/api/morphometry/id/6779
dentate_gyrus	DG_rat_sample	6780	H913-3	Pierce	rat	Sprague-Dawley	hippocampus;dentate gyrus;hilus	granule;principal cell	adult	Day	149.0	149.0	Male	pilocarpine treated	in vitro	Dendrites, Soma, Axon	Diameter, 3D, Angles	Dendrites & Axon Complete	Neurolucida	305	21344409	10.1002/cne.22568	http://neuromorpho.org/api/morphometry/id/6780
dentate_gyrus	DG_rat_sample	6781	H916-1	Pierce	rat	Sprague-Dawley	hippocampus;dentate gyrus;granule layer	granule;principal cell	adult	Day	214.0	214.0	Male	pilocarpine treated	in vitro	Dendrites, Soma, No Axon	Diameter, 3D, Angles	Dendrites Complete	Neurolucida	130	21344409	10.1002/cne.22568	http://neuromorpho.org/api/morphometry/id/6781
dentate_gyrus	DG_rat_sample	6782	H917-2	Pierce	rat	Sprague-Dawley	hippocampus;dentate gyrus;hilus	granule;principal cell	adult	Day	192.0	192.0	Male	pilocarpine treated	in vitro	Dendrites, Soma, No Axon	Diameter, 3D, Angles	Dendrites Complete	Neurolucida	294	21344409	10.1002/cne.22568	http://neuromorpho.org/api/morphometry/id/6782
dentate_gyrus	DG_rat_sample	77736	GC_1	Lien	rat	Sprague-Dawley	hippocampus;dentate gyrus;granule layer;ventral	principal cell;granule	young	Month	0.8	1.0	Male	Control	in vitro	Dendrites, Soma, Axon	Diameter, 3D, Angles	Dendrites Moderate, Axon Incomplete	Neuromantic	400	27830729	10.1038/srep36885	http://neuromorpho.org/api/morphometry/id/77736
dentate_gyrus	DG_rat_sample	8244	5-20-2011cell1-GCcontrol	Santhakumar	rat	Wistar	hippocampus;dentate gyrus;granule layer	granule;principal cell	young	Day	24.0	26.0	Male	Control	in vitro	Dendrites, Soma, Axon	Diameter, 3D, Angles	Dendrites & Axon Complete	Neurolucida	300	22396425	10.1523/JNEUROSCI.4141-11.2012	http://neuromorpho.org/api/morphometry/id/8244
dentate_gyrus	DG_rat_sample	933	gc	Ascoli	rat	Sprague-Dawley	hippocampus;dentate gyrus;granule layer	granule;principal cell	young		Not Reported	Not Reported	Male	Control	in vivo	Dendrites, Soma, Axon	No Diameter, 3D, Angles	Dendrites & Axon Complete	Tablet	65	-1;2007659	10.1016/j.neucom.2004.10.105;10.1002/cne.903030309	http://neuromorpho.org/api/morphometry/id/933
dentate_gyrus	DG_human_all	275838	H16-06-013-05-08-01_575586329_m_DendriteAxon	Allen Cell Types	human	Not applicable	hippocampus;dentate gyrus;granule layer;left	principal cell;granule	adult	Year	34.0	34.0	Female	Epilepsy	in vitro	Dendrites, Soma, Axon	No Diameter, 3D, Angles	Dendrites Moderate, Axon Incomplete	Vaa3D	400	36577383	S2211-1247(22)01769-7	http://neuromorpho.org/api/morphometry/id/275838
dentate_gyrus	DG_human_all	275846	H18-06-368-99-01-04_812748938_m_dendriteOnly	Allen Cell Types	human	Not applicable	hippocampus;dentate gyrus;granule layer;left	principal cell;granule	adult	Year	59.0	59.0	Male	Epilepsy	in vitro	Dendrites, Soma, Axon	No Diameter, 3D, Angles	Dendrites Moderate, Axon Incomplete	Vaa3D	400	36577383	S2211-1247(22)01769-7	http://neuromorpho.org/api/morphometry/id/275846
dentate_gyrus	DG_human_all	275854	H18-06-366-99-02-02_792338560_m_dendriteOnly	Allen Cell Types	human	Not applicable	hippocampus;dentate gyrus;granule layer;left	principal cell;granule	adult	Year	38.0	38.0	Male	Epilepsy	in vitro	Dendrites, Soma, Axon	No Diameter, 3D, Angles	Dendrites Moderate, Axon Incomplete	Vaa3D	400	36577383	S2211-1247(22)01769-7	http://neuromorpho.org/api/morphometry/id/275854
dentate_gyrus	DG_human_all	275863	H16-06-013-05-05-01_574877028_m_dendriteaxon	Allen Cell Types	human	Not applicable	hippocampus;dentate gyrus;granule layer;left	principal cell;granule	adult	Year	34.0	34.0	Female	Epilepsy	in vitro	Dendrites, Soma, Axon	No Diameter, 3D, Angles	Dendrites Moderate, Axon Incomplete	Vaa3D	400	36577383	S2211-1247(22)01769-7	http://neuromorpho.org/api/morphometry/id/275863
dentate_gyrus	DG_human_all	275870	H18-06-366-99-04-01_803313649_m_dendriteOnly_noAxon	Allen Cell Types	human	Not applicable	hippocampus;dentate gyrus;granule layer;left	principal cell;granule	adult	Year	38.0	38.0	Male	Epilepsy	in vitro	Dendrites, Soma, No Axon	No Diameter, 3D, Angles	Dendrites Moderate	Vaa3D	400	36577383	S2211-1247(22)01769-7	http://neuromorpho.org/api/morphometry/id/275870
dentate_gyrus	DG_human_all	275879	H16-06-008-21-01-01-01_688788732_m_dendriteaxon	Allen Cell Types	human	Not applicable	hippocampus;dentate gyrus;granule layer;left	principal cell;granule	adult	Year	24.0	24.0	Female	Epilepsy	in vitro	Dendrites, Soma, Axon	No Diameter, 3D, Angles	Dendrites Moderate, Axon Incomplete	Vaa3D	400	36577383	S2211-1247(22)01769-7	http://neuromorpho.org/api/morphometry/id/275879
dentate_gyrus	DG_human_all	275892	H17-06-014-11-12-02_663035867_m_dendriteaxon	Allen Cell Types	human	Not applicable	hippocampus;dentate gyrus;granule layer;left	principal cell;granule	adult	Year	44.0	44.0	Male	Epilepsy	in vitro	Dendrites, Soma, Axon	No Diameter, 3D, Angles	Dendrites Moderate, Axon Incomplete	Vaa3D	400	36577383	S2211-1247(22)01769-7	http://neuromorpho.org/api/morphometry/id/275892
dentate_gyrus	DG_human_all	275912	H17-06-015-21-09-01_669292996_m_dendriteaxon	Allen Cell Types	human	Not applicable	hippocampus;dentate gyrus;granule layer	principal cell;granule	adult	Year	19.0	19.0	Male	Epilepsy	in vitro	Dendrites, Soma, Axon	No Diameter, 3D, Angles	Dendrites Moderate, Axon Incomplete	Vaa3D	400	36577383	S2211-1247(22)01769-7	http://neuromorpho.org/api/morphometry/id/275912
dentate_gyrus	DG_human_all	275927	H17-06-015-21-08-02_669338200_m_dendriteaxon	Allen Cell Types	human	Not applicable	hippocampus;dentate gyrus;granule layer	principal cell;granule	adult	Year	19.0	19.0	Male	Epilepsy	in vitro	Dendrites, Soma, Axon	No Diameter, 3D, Angles	Dendrites Moderate, Axon Incomplete	Vaa3D	400	36577383	S2211-1247(22)01769-7	http://neuromorpho.org/api/morphometry/id/275927
dentate_gyrus	DG_human_all	275938	H18-06-368-99-01-02_813182009_m_dendriteOnly	Allen Cell Types	human	Not applicable	hippocampus;dentate gyrus;granule layer;left	principal cell;granule	adult	Year	59.0	59.0	Male	Epilepsy	in vitro	Dendrites, Soma, Axon	No Diameter, 3D, Angles	Dendrites Moderate, Axon Incomplete	Vaa3D	400	36577383	S2211-1247(22)01769-7	http://neuromorpho.org/api/morphometry/id/275938
dentate_gyrus	DG_human_all	275953	H17-06-014-11-05-02_657989328_m_dendriteaxon	Allen Cell Types	human	Not applicable	hippocampus;dentate gyrus;granule layer;left	principal cell;granule	adult	Year	44.0	44.0	Male	Epilepsy	in vitro	Dendrites, Soma, Axon	No Diameter, 3D, Angles	Dendrites Moderate, Axon Incomplete	Vaa3D	400	36577383	S2211-1247(22)01769-7	http://neuromorpho.org/api/morphometry/id/275953
dentate_gyrus	DG_human_all	275954	H18-06-366-99-04-07_812122713_m_dendriteOnly	Allen Cell Types	human	Not applicable	hippocampus;dentate gyrus;granule layer;left	principal cell;granule	adult	Year	38.0	38.0	Male	Epilepsy	in vitro	Dendrites, Soma, Axon	No Diameter, 3D, Angles	Dendrites Moderate, Axon Incomplete	Vaa3D	400	36577383	S2211-1247(22)01769-7	http://neuromorpho.org/api/morphometry/id/275954
dentate_gyrus	DG_human_all	275983	H17-06-014-11-07-04_661301900_m_dendriteArtificialAxon	Allen Cell Types	human	Not applicable	hippocampus;dentate gyrus;granule layer;left	principal cell;granule	adult	Year	44.0	44.0	Male	Epilepsy	in vitro	Dendrites, Soma, Axon	No Diameter, 3D, Angles	Dendrites Moderate, Axon Incomplete	Vaa3D	400	36577383	S2211-1247(22)01769-7	http://neuromorpho.org/api/morphometry/id/275983
dentate_gyrus	DG_human_all	275986	H17-06-015-21-09-07_669884986_m_dendriteaxon	Allen Cell Types	human	Not applicable	hippocampus;dentate gyrus;granule layer	principal cell;granule	adult	Year	19.0	19.0	Male	Epilepsy	in vitro	Dendrites, Soma, Axon	No Diameter, 3D, Angles	Dendrites Moderate, Axon Incomplete	Vaa3D	400	36577383	S2211-1247(22)01769-7	http://neuromorpho.org/api/morphometry/id/275986
dentate_gyrus	DG_human_all	275996	H18-06-366-99-04-05_803302369_m_dendriteOnly_noaxon	Allen Cell Types	human	Not applicable	hippocampus;dentate gyrus;granule layer;left	principal cell;granule	adult	Year	38.0	38.0	Male	Epilepsy	in vitro	Dendrites, Soma, No Axon	No Diameter, 3D, Angles	Dendrites Moderate	Vaa3D	400	36577383	S2211-1247(22)01769-7	http://neuromorpho.org/api/morphometry/id/275996
dentate_gyrus	DG_human_all	276014	H16-06-013-05-09-01_575972036_m_dendriteaxon	Allen Cell Types	human	Not applicable	hippocampus;dentate gyrus;granule layer;left	principal cell;granule	adult	Year	34.0	34.0	Female	Epilepsy	in vitro	Dendrites, Soma, Axon	No Diameter, 3D, Angles	Dendrites Moderate, Axon Incomplete	Vaa3D	400	36577383	S2211-1247(22)01769-7	http://neuromorpho.org/api/morphometry/id/276014
dentate_gyrus	DG_human_all	276033	H17-06-014-11-02-05_663030990_m_dendriteaxon	Allen Cell Types	human	Not applicable	hippocampus;dentate gyrus;granule layer;left	principal cell;granule	adult	Year	44.0	44.0	Male	Epilepsy	in vitro	Dendrites, Soma, Axon	No Diameter, 3D, Angles	Dendrites Moderate, Axon Incomplete	Vaa3D	400	36577383	S2211-1247(22)01769-7	http://neuromorpho.org/api/morphometry/id/276033
dentate_gyrus	DG_human_all	276053	H17-06-014-11-02-02_663013039_m_dendriteaxon	Allen Cell Types	human	Not applicable	hippocampus;dentate gyrus;granule layer;left	principal cell;granule	adult	Year	44.0	44.0	Male	Epilepsy	in vitro	Dendrites, Soma, Axon	No Diameter, 3D, Angles	Dendrites Moderate, Axon Incomplete	Vaa3D	400	36577383	S2211-1247(22)01769-7	http://neuromorpho.org/api/morphometry/id/276053
dentate_gyrus	DG_human_all	276056	H16-06-013-05-03-04_597701859_m_DendriteAxon	Allen Cell Types	human	Not applicable	hippocampus;dentate gyrus;granule layer;left	principal cell;granule	adult	Year	34.0	34.0	Female	Epilepsy	in vitro	Dendrites, Soma, Axon	No Diameter, 3D, Angles	Dendrites Moderate, Axon Incomplete	Vaa3D	400	36577383	S2211-1247(22)01769-7	http://neuromorpho.org/api/morphometry/id/276056
dentate_gyrus	DG_human_all	276057	H17-06-015-21-12-03_663159807_m_dendriteaxon	Allen Cell Types	human	Not applicable	hippocampus;dentate gyrus;granule layer	principal cell;granule	adult	Year	19.0	19.0	Male	Epilepsy	in vitro	Dendrites, Soma, Axon	No Diameter, 3D, Angles	Dendrites Moderate, Axon Incomplete	Vaa3D	400	36577383	S2211-1247(22)01769-7	http://neuromorpho.org/api/morphometry/id/276057
dentate_gyrus	DG_human_all	276061	H16-06-008-21-02-01_685741524_m_dendriteaxon	Allen Cell Types	human	Not applicable	hippocampus;dentate gyrus;granule layer;left	principal cell;granule	adult	Year	24.0	24.0	Female	Epilepsy	in vitro	Dendrites, Soma, Axon	No Diameter, 3D, Angles	Dendrites Moderate, Axon Incomplete	Vaa3D	400	36577383	S2211-1247(22)01769-7	http://neuromorpho.org/api/morphometry/id/276061
dentate_gyrus	DG_human_all	276086	H17-06-014-11-05-01_657986045_m_dendriteaxon	Allen Cell Types	human	Not applicable	hippocampus;dentate gyrus;granule layer;left	principal cell;granule	adult	Year	44.0	44.0	Male	Epilepsy	in vitro	Dendrites, Soma, Axon	No Diameter, 3D, Angles	Dendrites Moderate, Axon Incomplete	Vaa3D	400	36577383	S2211-1247(22)01769-7	http://neuromorpho.org/api/morphometry/id/276086
dentate_gyrus	DG_human_all	276095	H16-06-013-05-03-01_575210452_m_dendriteaxon	Allen Cell Types	human	Not applicable	hippocampus;dentate gyrus;granule layer;left	principal cell;granule	adult	Year	34.0	34.0	Female	Epilepsy	in vitro	Dendrites, Soma, Axon	No Diameter, 3D, Angles	Dendrites Moderate, Axon Incomplete	Vaa3D	400	36577383	S2211-1247(22)01769-7	http://neuromorpho.org/api/morphometry/id/276095
dentate_gyrus	DG_human_all	276103	H18-06-368-99-02-03_813165001_m_dendriteaxon	Allen Cell Types	human	Not applicable	hippocampus;dentate gyrus;granule layer;left	principal cell;granule	adult	Year	59.0	59.0	Male	Epilepsy	in vitro	Dendrites, Soma, Axon	No Diameter, 3D, Angles	Dendrites Moderate, Axon Incomplete	Vaa3D	400	36577383	S2211-1247(22)01769-7	http://neuromorpho.org/api/morphometry/id/276103
dentate_gyrus	DG_human_all	276104	H18-06-368-99-05-02_813191777_m_dendriteOnly	Allen Cell Types	human	Not applicable	hippocampus;dentate gyrus;granule layer;left	principal cell;granule	adult	Year	59.0	59.0	Male	Epilepsy	in vitro	Dendrites, Soma, Axon	No Diameter, 3D, Angles	Dendrites Moderate, Axon Incomplete	Vaa3D	400	36577383	S2211-1247(22)01769-7	http://neuromorpho.org/api/morphometry/id/276104
dentate_gyrus	DG_human_all	276109	H18-06-368-99-03-03_823490783_m_dendriteaxon	Allen Cell Types	human	Not applicable	hippocampus;dentate gyrus;granule layer;left	principal cell;granule	adult	Year	59.0	59.0	Male	Epilepsy	in vitro	Dendrites, Soma, Axon	No Diameter, 3D, Angles	Dendrites Moderate, Axon Incomplete	Vaa3D	400	36577383	S2211-1247(22)01769-7	http://neuromorpho.org/api/morphometry/id/276109
dentate_gyrus	DG_human_all	276114	H18-06-368-99-01-03_814124801_m_dendriteOnly	Allen Cell Types	human	Not applicable	hippocampus;dentate gyrus;granule layer;left	principal cell;granule	adult	Year	59.0	59.0	Male	Epilepsy	in vitro	Dendrites, Soma, Axon	No Diameter, 3D, Angles	Dendrites Moderate, Axon Incomplete	Vaa3D	400	36577383	S2211-1247(22)01769-7	http://neuromorpho.org/api/morphometry/id/276114
dentate_gyrus	DG_human_all	276125	H17-06-015-21-12-02_666323589_m_dendriteaxon	Allen Cell Types	human	Not applicable	hippocampus;dentate gyrus;granule layer	principal cell;granule	adult	Year	19.0	19.0	Male	Epilepsy	in vitro	Dendrites, Soma, Axon	No Diameter, 3D, Angles	Dendrites Moderate, Axon Incomplete	Vaa3D	400	36577383	S2211-1247(22)01769-7	http://neuromorpho.org/api/morphometry/id/276125
dentate_gyrus	DG_human_all	276138	H18-06-366-99-03-03_791542189_m_dendriteNoAxon	Allen Cell Types	human	Not applicable	hippocampus;dentate gyrus;granule layer;left	principal cell;granule	adult	Year	38.0	38.0	Male	Epilepsy	in vitro	Dendrites, Soma, No Axon	No Diameter, 3D, Angles	Dendrites Moderate	Vaa3D	400	36577383	S2211-1247(22)01769-7	http://neuromorpho.org/api/morphometry/id/276138
dentate_gyrus	DG_human_all	276148	H16-06-013-05-01-01_576675715_m_dendriteaxon	Allen Cell Types	human	Not applicable	hippocampus;dentate gyrus;granule layer;left	principal cell;granule	adult	Year	34.0	34.0	Female	Epilepsy	in vitro	Dendrites, Soma, Axon	No Diameter, 3D, Angles	Dendrites Moderate, Axon Incomplete	Vaa3D	400	36577383	S2211-1247(22)01769-7	http://neuromorpho.org/api/morphometry/id/276148
dentate_gyrus	DG_human_all	276150	H17-06-015-21-09-08_669893886_m_dendriteaxon	Allen Cell Types	human	Not applicable	hippocampus;dentate gyrus;granule layer	principal cell;granule	adult	Year	19.0	19.0	Male	Epilepsy	in vitro	Dendrites, Soma, Axon	No Diameter, 3D, Angles	Dendrites Moderate, Axon Incomplete	Vaa3D	400	36577383	S2211-1247(22)01769-7	http://neuromorpho.org/api/morphometry/id/276150
dentate_gyrus	DG_human_all	276151	H18-06-368-99-04-03_815813776_m_dendriteOnly	Allen Cell Types	human	Not applicable	hippocampus;dentate gyrus;granule layer;left	principal cell;granule	adult	Year	59.0	59.0	Male	Epilepsy	in vitro	Dendrites, Soma, Axon	No Diameter, 3D, Angles	Dendrites Moderate, Axon Incomplete	Vaa3D	400	36577383	S2211-1247(22)01769-7	http://neuromorpho.org/api/morphometry/id/276151
dentate_gyrus	DG_human_all	276154	H18-06-368-99-03-01_823496744_m_dendriteOnly	Allen Cell Types	human	Not applicable	hippocampus;dentate gyrus;granule layer;left	principal cell;granule	adult	Year	59.0	59.0	Male	Epilepsy	in vitro	Dendrites, Soma, Axon	No Diameter, 3D, Angles	Dendrites Moderate, Axon Incomplete	Vaa3D	400	36577383	S2211-1247(22)01769-7	http://neuromorpho.org/api/morphometry/id/276154
dentate_gyrus	DG_human_all	276160	H17-06-015-21-09-06_669903838_m_dendriteaxon	Allen Cell Types	human	Not applicable	hippocampus;dentate gyrus;granule layer	principal cell;granule	adult	Year	19.0	19.0	Male	Epilepsy	in vitro	Dendrites, Soma, Axon	No Diameter, 3D, Angles	Dendrites Moderate, Axon Incomplete	Vaa3D	400	36577383	S2211-1247(22)01769-7	http://neuromorpho.org/api/morphometry/id/276160
dentate_gyrus	DG_human_all	276173	H17-06-014-11-12-01_663006852_m_dendriteaxon	Allen Cell Types	human	Not applicable	hippocampus;dentate gyrus;granule layer;left	principal cell;granule	adult	Year	44.0	44.0	Male	Epilepsy	in vitro	Dendrites, Soma, Axon	No Diameter, 3D, Angles	Dendrites Moderate, Axon Incomplete	Vaa3D	400	36577383	S2211-1247(22)01769-7	http://neuromorpho.org/api/morphometry/id/276173
dentate_gyrus	DG_human_all	276186	H18-06-368-99-06-03_813161720_m_dendriteOnly	Allen Cell Types	human	Not applicable	hippocampus;dentate gyrus;granule layer;left	principal cell;granule	adult	Year	59.0	59.0	Male	Epilepsy	in vitro	Dendrites, Soma, Axon	No Diameter, 3D, Angles	Dendrites Moderate, Axon Incomplete	Vaa3D	400	36577383	S2211-1247(22)01769-7	http://neuromorpho.org/api/morphometry/id/276186
dentate_gyrus	DG_human_all	276201	H18-06-366-99-02-03_790840300_m_dendriteOnly	Allen Cell Types	human	Not applicable	hippocampus;dentate gyrus;granule layer;left	principal cell;granule	adult	Year	38.0	38.0	Male	Epilepsy	in vitro	Dendrites, Soma, Axon	No Diameter, 3D, Angles	Dendrites Moderate, Axon Incomplete	Vaa3D	400	36577383	S2211-1247(22)01769-7	http://neuromorpho.org/api/morphometry/id/276201
dentate_gyrus	DG_human_all	276202	H16-06-013-05-01-02_576679789_m_dendriteaxon	Allen Cell Types	human	Not applicable	hippocampus;dentate gyrus;granule layer;left	principal cell;granule	adult	Year	34.0	34.0	Female	Epilepsy	in vitro	Dendrites, Soma, Axon	No Diameter, 3D, Angles	Dendrites Moderate, Axon Incomplete	Vaa3D	400	36577383	S2211-1247(22)01769-7	http://neuromorpho.org/api/morphometry/id/276202
dentate_gyrus	DG_human_all	276212	H18-06-368-99-06-04_813168569_m_dendriteOnly	Allen Cell Types	human	Not applicable	hippocampus;dentate gyrus;granule layer;left	principal cell;granule	adult	Year	59.0	59.0	Male	Epilepsy	in vitro	Dendrites, Soma, Axon	No Diameter, 3D, Angles	Dendrites Moderate, Axon Incomplete	Vaa3D	400	36577383	S2211-1247(22)01769-7	http://neuromorpho.org/api/morphometry/id/276212
dentate_gyrus	DG_human_all	276214	H16-06-013-05-04-03_574838391_m_dendriteaxon	Allen Cell Types	human	Not applicable	hippocampus;dentate gyrus;granule layer;left	principal cell;granule	adult	Year	34.0	34.0	Female	Epilepsy	in vitro	Dendrites, Soma, Axon	No Diameter, 3D, Angles	Dendrites Moderate, Axon Incomplete	Vaa3D	400	36577383	S2211-1247(22)01769-7	http://neuromorpho.org/api/morphometry/id/276214
dentate_gyrus	DG_human_all	276218	H17-06-014-11-07-03_661310115_m_dendriteaxon	Allen Cell Types	human	Not applicable	hippocampus;dentate gyrus;granule layer;left	principal cell;granule	adult	Year	44.0	44.0	Male	Epilepsy	in vitro	Dendrites, Soma, Axon	No Diameter, 3D, Angles	Dendrites Moderate, Axon Incomplete	Vaa3D	400	36577383	S2211-1247(22)01769-7	http://neuromorpho.org/api/morphometry/id/276218
dentate_gyrus	DG_human_all	276220	H18-06-366-99-06-01_791551088_m_dendriteOnly	Allen Cell Types	human	Not applicable	hippocampus;dentate gyrus;granule layer;left	principal cell;granule	adult	Year	38.0	38.0	Male	Epilepsy	in vitro	Dendrites, Soma, Axon	No Diameter, 3D, Angles	Dendrites Moderate, Axon Incomplete	Vaa3D	400	36577383	S2211-1247(22)01769-7	http://neuromorpho.org/api/morphometry/id/276220
dentate_gyrus	DG_human_all	276223	H17-06-014-11-02-04_663025846_m_dendriteaxon	Allen Cell Types	human	Not applicable	hippocampus;dentate gyrus;granule layer;left	principal cell;granule	adult	Year	44.0	44.0	Male	Epilepsy	in vitro	Dendrites, Soma, Axon	No Diameter, 3D, Angles	Dendrites Moderate, Axon Incomplete	Vaa3D	400	36577383	S2211-1247(22)01769-7	http://neuromorpho.org/api/morphometry/id/276223
dentate_gyrus	DG_human_all	276228	H17-06-014-11-07-01_661307789_m_dendriteaxon	Allen Cell Types	human	Not applicable	hippocampus;dentate gyrus;granule layer;left	principal cell;granule	adult	Year	44.0	44.0	Male	Epilepsy	in vitro	Dendrites, Soma, Axon	No Diameter, 3D, Angles	Dendrites Moderate, Axon Incomplete	Vaa3D	400	36577383	S2211-1247(22)01769-7	http://neuromorpho.org/api/morphometry/id/276228
dentate_gyrus	DG_human_all	276248	H18-06-366-99-03-04_791546606_m_dendriteOnly	Allen Cell Types	human	Not applicable	hippocampus;dentate gyrus;granule layer;left	principal cell;granule	adult	Year	38.0	38.0	Male	Epilepsy	in vitro	Dendrites, Soma, Axon	No Diameter, 3D, Angles	Dendrites Moderate, Axon Incomplete	Vaa3D	400	36577383	S2211-1247(22)01769-7	http://neuromorpho.org/api/morphometry/id/276248
dentate_gyrus	DG_human_all	276253	H18-06-366-99-03-01_792328800_m_dendriteOnly	Allen Cell Types	human	Not applicable	hippocampus;dentate gyrus;granule layer;left	principal cell;granule	adult	Year	38.0	38.0	Male	Epilepsy	in vitro	Dendrites, Soma, Axon	No Diameter, 3D, Angles	Dendrites Moderate, Axon Incomplete	Vaa3D	400	36577383	S2211-1247(22)01769-7	http://neuromorpho.org/api/morphometry/id/276253
dentate_gyrus	DG_human_all	276287	H18-06-368-99-02-01_813185418_m_dendriteOnly	Allen Cell Types	human	Not applicable	hippocampus;dentate gyrus;granule layer;left	principal cell;granule	adult	Year	59.0	59.0	Male	Epilepsy	in vitro	Dendrites, Soma, Axon	No Diameter, 3D, Angles	Dendrites Moderate, Axon Incomplete	Vaa3D	400	36577383	S2211-1247(22)01769-7	http://neuromorpho.org/api/morphometry/id/276287
dentate_gyrus	DG_human_all	276310	H18-06-368-99-05-03_813194817_m_dendriteOnly	Allen Cell Types	human	Not applicable	hippocampus;dentate gyrus;granule layer;left	principal cell;granule	adult	Year	59.0	59.0	Male	Epilepsy	in vitro	Dendrites, Soma, Axon	No Diameter, 3D, Angles	Dendrites Moderate, Axon Incomplete	Vaa3D	400	36577383	S2211-1247(22)01769-7	http://neuromorpho.org/api/morphometry/id/276310
dentate_gyrus	DG_human_all	276314	H18-06-368-99-03-02_823499346_m_dendriteaxon	Allen Cell Types	human	Not applicable	hippocampus;dentate gyrus;granule layer;left	principal cell;granule	adult	Year	59.0	59.0	Male	Epilepsy	in vitro	Dendrites, Soma, Axon	No Diameter, 3D, Angles	Dendrites Moderate, Axon Incomplete	Vaa3D	400	36577383	S2211-1247(22)01769-7	http://neuromorpho.org/api/morphometry/id/276314
dentate_gyrus	DG_human_all	276322	H18-06-366-99-04-06_805365743_m_dendriteOnly	Allen Cell Types	human	Not applicable	hippocampus;dentate gyrus;granule layer;left	principal cell;granule	adult	Year	38.0	38.0	Male	Epilepsy	in vitro	Dendrites, Soma, Axon	No Diameter, 3D, Angles	Dendrites Moderate, Axon Incomplete	Vaa3D	400	36577383	S2211-1247(22)01769-7	http://neuromorpho.org/api/morphometry/id/276322
dentate_gyrus	DG_human_all	276865	H17-06-014-11-02-01_663019250_m_dendriteaxon	Allen Cell Types	human	Not applicable	hippocampus;dentate gyrus;granule layer;left	principal cell;granule	adult	Year	44.0	44.0	Male	Epilepsy	in vitro	Dendrites, No Soma, Axon	No Diameter, 3D, Angles	Dendrites Moderate, Axon Incomplete	Vaa3D	400	36577383	S2211-1247(22)01769-7	http://neuromorpho.org/api/morphometry/id/276865
dentate_gyrus	DG_human_all	276869	H16-06-013-05-07-03_575154708_m_dendriteaxon	Allen Cell Types	human	Not applicable	hippocampus;dentate gyrus;granule layer;left	principal cell;granule	adult	Year	34.0	34.0	Female	Epilepsy	in vitro	Dendrites, Soma, Axon	No Diameter, 3D, Angles	Dendrites Moderate, Axon Incomplete	Vaa3D	400	36577383	S2211-1247(22)01769-7	http://neuromorpho.org/api/morphometry/id/276869
dentate_gyrus	DG_human_all	276872	H18-06-366-99-03-02_791188232_m_dendriteOnly	Allen Cell Types	human	Not applicable	hippocampus;dentate gyrus;granule layer;left	principal cell;granule	adult	Year	38.0	38.0	Male	Epilepsy	in vitro	Dendrites, Soma, Axon	No Diameter, 3D, Angles	Dendrites Moderate, Axon Incomplete	Vaa3D	400	36577383	S2211-1247(22)01769-7	http://neuromorpho.org/api/morphometry/id/276872
dentate_gyrus	DG_human_all	276883	H17-06-014-11-07-02_661304936_m_dendriteaxon	Allen Cell Types	human	Not applicable	hippocampus;dentate gyrus;granule layer;left	principal cell;granule	adult	Year	44.0	44.0	Male	Epilepsy	in vitro	Dendrites, Soma, Axon	No Diameter, 3D, Angles	Dendrites Moderate, Axon Incomplete	Vaa3D	400	36577383	S2211-1247(22)01769-7	http://neuromorpho.org/api/morphometry/id/276883
dentate_gyrus	DG_human_all	276887	H18-06-368-99-03-04_823494590_m_dendriteOnly	Allen Cell Types	human	Not applicable	hippocampus;dentate gyrus;granule layer;left	principal cell;granule	adult	Year	59.0	59.0	Male	Epilepsy	in vitro	Dendrites, Soma, Axon	No Diameter, 3D, Angles	Dendrites Moderate, Axon Incomplete	Vaa3D	400	36577383	S2211-1247(22)01769-7	http://neuromorpho.org/api/morphometry/id/276887
dentate_gyrus	DG_human_all	276890	H16-06-013-05-03-02_575214001_m_dendriteaxon	Allen Cell Types	human	Not applicable	hippocampus;dentate gyrus;granule layer;left	principal cell;granule	adult	Year	34.0	34.0	Female	Epilepsy	in vitro	Dendrites, Soma, Axon	No Diameter, 3D, Angles	Dendrites Moderate, Axon Incomplete	Vaa3D	400	36577383	S2211-1247(22)01769-7	http://neuromorpho.org/api/morphometry/id/276890
dentate_gyrus	DG_human_all	276891	H18-06-368-99-04-05_815821581_m_dendriteaxon	Allen Cell Types	human	Not applicable	hippocampus;dentate gyrus;granule layer;left	principal cell;granule	adult	Year	59.0	59.0	Male	Epilepsy	in vitro	Dendrites, Soma, Axon	No Diameter, 3D, Angles	Dendrites Moderate, Axon Incomplete	Vaa3D	400	36577383	S2211-1247(22)01769-7	http://neuromorpho.org/api/morphometry/id/276891
dentate_gyrus	DG_human_all	276900	H16-06-013-05-05-04_575138382_m_DendriteAxon	Allen Cell Types	human	Not applicable	hippocampus;dentate gyrus;granule layer;left	principal cell;granule	adult	Year	34.0	34.0	Female	Epilepsy	in vitro	Dendrites, Soma, Axon	No Diameter, 3D, Angles	Dendrites Moderate, Axon Incomplete	Vaa3D	400	36577383	S2211-1247(22)01769-7	http://neuromorpho.org/api/morphometry/id/276900
dentate_gyrus	DG_human_all	276903	H18-06-368-99-04-02_815793212_m_dendriteonly	Allen Cell Types	human	Not applicable	hippocampus;dentate gyrus;granule layer;left	principal cell;granule	adult	Year	59.0	59.0	Male	Epilepsy	in vitro	Dendrites, Soma, Axon	No Diameter, 3D, Angles	Dendrites Moderate, Axon Incomplete	Vaa3D	400	36577383	S2211-1247(22)01769-7	http://neuromorpho.org/api/morphometry/id/276903
dentate_gyrus	DG_human_all	276911	H18-06-368-99-06-05_813155163_m_dendriteOnly	Allen Cell Types	human	Not applicable	hippocampus;dentate gyrus;granule layer;left	principal cell;granule	adult	Year	59.0	59.0	Male	Epilepsy	in vitro	Dendrites, Soma, Axon	No Diameter, 3D, Angles	Dendrites Moderate, Axon Incomplete	Vaa3D	400	36577383	S2211-1247(22)01769-7	http://neuromorpho.org/api/morphometry/id/276911
dentate_gyrus	DG_human_all	276913	H16-06-013-05-01-03_576683819_m_DendriteAxon	Allen Cell Types	human	Not applicable	hippocampus;dentate gyrus;granule layer;left	principal cell;granule	adult	Year	34.0	34.0	Female	Epilepsy	in vitro	Dendrites, Soma, Axon	No Diameter, 3D, Angles	Dendrites Moderate, Axon Incomplete	Vaa3D	400	36577383	S2211-1247(22)01769-7	http://neuromorpho.org/api/morphometry/id/276913
dentate_gyrus	DG_human_all	276916	H17-06-015-21-09-05_670420867_m_dendriteaxon	Allen Cell Types	human	Not applicable	hippocampus;dentate gyrus;granule layer	principal cell;granule	adult	Year	19.0	19.0	Male	Epilepsy	in vitro	Dendrites, Soma, Axon	No Diameter, 3D, Angles	Dendrites Moderate, Axon Incomplete	Vaa3D	400	36577383	S2211-1247(22)01769-7	http://neuromorpho.org/api/morphometry/id/276916
dentate_gyrus	DG_human_all	276926	H18-06-368-99-02-02_813151363_m_dendriteOnly	Allen Cell Types	human	Not applicable	hippocampus;dentate gyrus;granule layer;left	principal cell;granule	adult	Year	59.0	59.0	Male	Epilepsy	in vitro	Dendrites, Soma, Axon	No Diameter, 3D, Angles	Dendrites Moderate, Axon Incomplete	Vaa3D	400	36577383	S2211-1247(22)01769-7	http://neuromorpho.org/api/morphometry/id/276926
dentate_gyrus	DG_human_all	276939	H18-06-368-99-04-01_815790698_m_dendriteaxon	Allen Cell Types	human	Not applicable	hippocampus;dentate gyrus;granule layer;left	principal cell;granule	adult	Year	59.0	59.0	Male	Epilepsy	in vitro	Dendrites, Soma, Axon	No Diameter, 3D, Angles	Dendrites Moderate, Axon Incomplete	Vaa3D	400	36577383	S2211-1247(22)01769-7	http://neuromorpho.org/api/morphometry/id/276939
dentate_gyrus	DG_human_all	276970	H17-06-015-21-08-03_669330890_m_dendriteaxon	Allen Cell Types	human	Not applicable	hippocampus;dentate gyrus;granule layer	principal cell;granule	adult	Year	19.0	19.0	Male	Epilepsy	in vitro	Dendrites, Soma, Axon	No Diameter, 3D, Angles	Dendrites Moderate, Axon Incomplete	Vaa3D	400	36577383	S2211-1247(22)01769-7	http://neuromorpho.org/api/morphometry/id/276970
dentate_gyrus	DG_human_all	276973	H18-06-368-99-05-01_813198793_m_dendriteOnly	Allen Cell Types	human	Not applicable	hippocampus;dentate gyrus;granule layer;left	principal cell;granule	adult	Year	59.0	59.0	Male	Epilepsy	in vitro	Dendrites, Soma, Axon	No Diameter, 3D, Angles	Dendrites Moderate, Axon Incomplete	Vaa3D	400	36577383	S2211-1247(22)01769-7	http://neuromorpho.org/api/morphometry/id/276973
dentate_gyrus	DG_human_all	276983	H18-06-366-99-06-04_802880677_m_dendriteOnly	Allen Cell Types	human	Not applicable	hippocampus;dentate gyrus;granule layer;left	principal cell;granule	adult	Year	38.0	38.0	Male	Epilepsy	in vitro	Dendrites, Soma, Axon	No Diameter, 3D, Angles	Dendrites Moderate, Axon Incomplete	Vaa3D	400	36577383	S2211-1247(22)01769-7	http://neuromorpho.org/api/morphometry/id/276983
dentate_gyrus	DG_human_all	276984	H18-06-368-99-06-02_813158411_m_dendriteOnly	Allen Cell Types	human	Not applicable	hippocampus;dentate gyrus;granule layer;left	principal cell;granule	adult	Year	59.0	59.0	Male	Epilepsy	in vitro	Dendrites, Soma, Axon	No Diameter, 3D, Angles	Dendrites Moderate, Axon Incomplete	Vaa3D	400	36577383	S2211-1247(22)01769-7	http://neuromorpho.org/api/morphometry/id/276984
dentate_gyrus	DG_human_all	276992	H17-06-015-21-09-02_669302550_m_dendriteaxon	Allen Cell Types	human	Not applicable	hippocampus;dentate gyrus;granule layer	principal cell;granule	adult	Year	19.0	19.0	Male	Epilepsy	in vitro	Dendrites, Soma, Axon	No Diameter, 3D, Angles	Dendrites Moderate, Axon Incomplete	Vaa3D	400	36577383	S2211-1247(22)01769-7	http://neuromorpho.org/api/morphometry/id/276992
dentate_gyrus	DG_human_all	276999	H16-06-013-05-05-02_574874790_m_dendriteaxon	Allen Cell Types	human	Not applicable	hippocampus;dentate gyrus;granule layer;left	principal cell;granule	adult	Year	34.0	34.0	Female	Epilepsy	in vitro	Dendrites, Soma, Axon	No Diameter, 3D, Angles	Dendrites Moderate, Axon Incomplete	Vaa3D	400	36577383	S2211-1247(22)01769-7	http://neuromorpho.org/api/morphometry/id/276999
dentate_gyrus	DG_human_all	277001	H18-06-368-99-01-01_813226371_m_dendriteOnly	Allen Cell Types	human	Not applicable	hippocampus;dentate gyrus;granule layer;left	principal cell;granule	adult	Year	59.0	59.0	Male	Epilepsy	in vitro	Dendrites, Soma, Axon	No Diameter, 3D, Angles	Dendrites Moderate, Axon Incomplete	Vaa3D	400	36577383	S2211-1247(22)01769-7	http://neuromorpho.org/api/morphometry/id/277001
dentate_gyrus	DG_human_all	277009	H17-06-015-21-09-03_669312443_m_dendriteaxon	Allen Cell Types	human	Not applicable	hippocampus;dentate gyrus;granule layer	principal cell;granule	adult	Year	19.0	19.0	Male	Epilepsy	in vitro	Dendrites, Soma, Axon	No Diameter, 3D, Angles	Dendrites Moderate, Axon Incomplete	Vaa3D	400	36577383	S2211-1247(22)01769-7	http://neuromorpho.org/api/morphometry/id/277009
dentate_gyrus	DG_human_all	277011	H17-06-012-21-03-06_637409352_m_DendriteAxon	Allen Cell Types	human	Not applicable	hippocampus;dentate gyrus;granule layer;right	principal cell;granule	adult	Year	23.0	23.0	Male	Epilepsy	in vitro	Dendrites, Soma, Axon	No Diameter, 3D, Angles	Dendrites Moderate, Axon Incomplete	Vaa3D	400	36577383	S2211-1247(22)01769-7	http://neuromorpho.org/api/morphometry/id/277011
dentate_gyrus	DG_human_all	277012	H17-06-014-11-02-03_663002070_m_dendriteaxon	Allen Cell Types	human	Not applicable	hippocampus;dentate gyrus;granule layer;left	principal cell;granule	adult	Year	44.0	44.0	Male	Epilepsy	in vitro	Dendrites, Soma, Axon	No Diameter, 3D, Angles	Dendrites Moderate, Axon Incomplete	Vaa3D	400	36577383	S2211-1247(22)01769-7	http://neuromorpho.org/api/morphometry/id/277012
dentate_gyrus	DG_human_all	277016	H18-06-368-99-04-06_816294814_m_dendriteOnly	Allen Cell Types	human	Not applicable	hippocampus;dentate gyrus;granule layer;left	principal cell;granule	adult	Year	59.0	59.0	Male	Epilepsy	in vitro	Dendrites, Soma, Axon	No Diameter, 3D, Angles	Dendrites Moderate, Axon Incomplete	Vaa3D	400	36577383	S2211-1247(22)01769-7	http://neuromorpho.org/api/morphometry/id/277016
dentate_gyrus	DG_human_all	277035	H17-06-015-21-10-01_664501117_m_dendriteaxon	Allen Cell Types	human	Not applicable	hippocampus;dentate gyrus;granule layer	principal cell;granule	adult	Year	19.0	19.0	Male	Epilepsy	in vitro	Dendrites, Soma, Axon	No Diameter, 3D, Angles	Dendrites Moderate, Axon Incomplete	Vaa3D	400	36577383	S2211-1247(22)01769-7	http://neuromorpho.org/api/morphometry/id/277035
dentate_gyrus	DG_human_all	277037	H17-06-015-21-09-04_669321959_m_dendriteaxon	Allen Cell Types	human	Not applicable	hippocampus;dentate gyrus;granule layer	principal cell;granule	adult	Year	19.0	19.0	Male	Epilepsy	in vitro	Dendrites, Soma, Axon	No Diameter, 3D, Angles	Dendrites Moderate, Axon Incomplete	Vaa3D	400	36577383	S2211-1247(22)01769-7	http://neuromorpho.org/api/morphometry/id/277037
cerebellum	CB_all_species_all	32462	195-4-10nj	Jacobs	clouded leopard	Not reported	cerebellum;cerebellar cortex;stratum granulare;dorsal;right	granule;principal cell	adult	Year	20.0	28.0	Female	Control	in vitro	Dendrites, Soma, No Axon	Diameter, 3D, Angles	Dendrites Moderate	Neurolucida	120	24795574	10.3389/fnana.2014.00024	http://neuromorpho.org/api/morphometry/id/32462
cerebellum	CB_all_species_all	32463	195-4-11nj	Jacobs	clouded leopard	Not reported	cerebellum;cerebellar cortex;stratum granulare;dorsal;right	granule;principal cell	adult	Year	20.0	28.0	Female	Control	in vitro	Dendrites, Soma, No Axon	No Diameter, 3D, Angles	Dendrites Moderate	Neurolucida	120	24795574	10.3389/fnana.2014.00024	http://neuromorpho.org/api/morphometry/id/32463
cerebellum	CB_all_species_all	32464	195-4-7nj	Jacobs	clouded leopard	Not reported	cerebellum;cerebellar cortex;stratum granulare;dorsal;right	granule;principal cell	adult	Year	20.0	28.0	Female	Control	in vitro	Dendrites, Soma, Axon	Diameter, 3D, Angles	Dendrites Moderate, Axon Incomplete	Neurolucida	120	24795574	10.3389/fnana.2014.00024	http://neuromorpho.org/api/morphometry/id/32464
cerebellum	CB_all_species_all	32465	195-4-9nj	Jacobs	clouded leopard	Not reported	cerebellum;cerebellar cortex;stratum granulare;dorsal;right	granule;principal cell	adult	Year	20.0	28.0	Female	Control	in vitro	Dendrites, Soma, Axon	Diameter, 3D, Angles	Dendrites Moderate, Axon Incomplete	Neurolucida	120	24795574	10.3389/fnana.2014.00024	http://neuromorpho.org/api/morphometry/id/32465
cerebellum	CB_all_species_all	32466	196-4-15nj	Jacobs	clouded leopard	Not reported	cerebellum;cerebellar cortex;stratum granulare;dorsal;right	granule;principal cell	adult	Year	20.0	28.0	Female	Control	in vitro	Dendrites, Soma, Axon	Diameter, 3D, Angles	Dendrites Moderate, Axon Incomplete	Neurolucida	120	24795574	10.3389/fnana.2014.00024	http://neuromorpho.org/api/morphometry/id/32466
cerebellum	CB_all_species_all	32467	196-4-16nj	Jacobs	clouded leopard	Not reported	cerebellum;cerebellar cortex;stratum granulare;dorsal;right	granule;principal cell	adult	Year	20.0	28.0	Female	Control	in vitro	Dendrites, Soma, Axon	Diameter, 3D, Angles	Dendrites Moderate, Axon Incomplete	Neurolucida	120	24795574	10.3389/fnana.2014.00024	http://neuromorpho.org/api/morphometry/id/32467
cerebellum	CB_all_species_all	32529	185-4-11dw	Jacobs	giraffe	Not reported	cerebellum;cerebellar cortex;stratum granulare;dorsal;right	granule;principal cell	young adult	Year	2.0	3.0	Male	Control	in vitro	Dendrites, Soma, No Axon	Diameter, 3D, Angles	Dendrites Moderate	Neurolucida	120	24795574	10.3389/fnana.2014.00024	http://neuromorpho.org/api/morphometry/id/32529
cerebellum	CB_all_species_all	32530	185-4-15dw	Jacobs	giraffe	Not reported	cerebellum;cerebellar cortex;stratum granulare;dorsal;right	granule;principal cell	young adult	Year	2.0	3.0	Male	Control	in vitro	Dendrites, Soma, Axon	Diameter, 3D, Angles	Dendrites Moderate, Axon Incomplete	Neurolucida	120	24795574	10.3389/fnana.2014.00024	http://neuromorpho.org/api/morphometry/id/32530
cerebellum	CB_all_species_all	32531	185-4-2dw	Jacobs	giraffe	Not reported	cerebellum;cerebellar cortex;stratum granulare;dorsal;right	granule;principal cell	young adult	Year	2.0	3.0	Male	Control	in vitro	Dendrites, Soma, Axon	Diameter, 3D, Angles	Dendrites Moderate, Axon Incomplete	Neurolucida	120	24795574	10.3389/fnana.2014.00024	http://neuromorpho.org/api/morphometry/id/32531
cerebellum	CB_all_species_all	32532	185-4-3dw	Jacobs	giraffe	Not reported	cerebellum;cerebellar cortex;stratum granulare;dorsal;right	granule;principal cell	young adult	Year	2.0	3.0	Male	Control	in vitro	Dendrites, Soma, No Axon	Diameter, 3D, Angles	Dendrites Moderate	Neurolucida	120	24795574	10.3389/fnana.2014.00024	http://neuromorpho.org/api/morphometry/id/32532
cerebellum	CB_all_species_all	32533	185-4-6dw	Jacobs	giraffe	Not reported	cerebellum;cerebellar cortex;stratum granulare;dorsal;right	granule;principal cell	young adult	Year	2.0	3.0	Male	Control	in vitro	Dendrites, Soma, Axon	Diameter, 3D, Angles	Dendrites Moderate, Axon Incomplete	Neurolucida	120	24795574	10.3389/fnana.2014.00024	http://neuromorpho.org/api/morphometry/id/32533
cerebellum	CB_all_species_all	32534	186-4-12dw	Jacobs	giraffe	Not reported	cerebellum;cerebellar cortex;stratum granulare;dorsal;right	granule;principal cell	young adult	Year	2.0	3.0	Male	Control	in vitro	Dendrites, Soma, No Axon	Diameter, 3D, Angles	Dendrites Moderate	Neurolucida	120	24795574	10.3389/fnana.2014.00024	http://neuromorpho.org/api/morphometry/id/32534
cerebellum	CB_all_species_all	32535	186-4-13dw	Jacobs	giraffe	Not reported	cerebellum;cerebellar cortex;stratum granulare;dorsal;right	granule;principal cell	young adult	Year	2.0	3.0	Male	Control	in vitro	Dendrites, Soma, No Axon	Diameter, 3D, Angles	Dendrites Moderate	Neurolucida	120	24795574	10.3389/fnana.2014.00024	http://neuromorpho.org/api/morphometry/id/32535
cerebellum	CB_all_species_all	32536	186-4-14dw	Jacobs	giraffe	Not reported	cerebellum;cerebellar cortex;stratum granulare;dorsal;right	granule;principal cell	young adult	Year	2.0	3.0	Male	Control	in vitro	Dendrites, Soma, Axon	Diameter, 3D, Angles	Dendrites Moderate, Axon Incomplete	Neurolucida	120	24795574	10.3389/fnana.2014.00024	http://neuromorpho.org/api/morphometry/id/32536
cerebellum	CB_all_species_all	32537	186-4-18dw	Jacobs	giraffe	Not reported	cerebellum;cerebellar cortex;stratum granulare;dorsal;right	granule;principal cell	young adult	Year	2.0	3.0	Male	Control	in vitro	Dendrites, Soma, No Axon	Diameter, 3D, Angles	Dendrites Moderate	Neurolucida	120	24795574	10.3389/fnana.2014.00024	http://neuromorpho.org/api/morphometry/id/32537
cerebellum	CB_all_species_all	32538	186-4-20dw	Jacobs	giraffe	Not reported	cerebellum;cerebellar cortex;stratum granulare;dorsal;right	granule;principal cell	young adult	Year	2.0	3.0	Male	Control	in vitro	Dendrites, Soma, No Axon	Diameter, 3D, Angles	Dendrites Moderate	Neurolucida	120	24795574	10.3389/fnana.2014.00024	http://neuromorpho.org/api/morphometry/id/32538
cerebellum	CB_all_species_all	32539	187-4-14dw	Jacobs	giraffe	Not reported	cerebellum;cerebellar cortex;stratum granulare;dorsal;right	granule;principal cell	young adult	Year	2.0	3.0	Male	Control	in vitro	Dendrites, Soma, Axon	Diameter, 3D, Angles	Dendrites Moderate, Axon Incomplete	Neurolucida	120	24795574	10.3389/fnana.2014.00024	http://neuromorpho.org/api/morphometry/id/32539
cerebellum	CB_all_species_all	32540	187-4-15dw	Jacobs	giraffe	Not reported	cerebellum;cerebellar cortex;stratum granulare;dorsal;right	granule;principal cell	young adult	Year	2.0	3.0	Male	Control	in vitro	Dendrites, Soma, Axon	Diameter, 3D, Angles	Dendrites Moderate, Axon Incomplete	Neurolucida	120	24795574	10.3389/fnana.2014.00024	http://neuromorpho.org/api/morphometry/id/32540
cerebellum	CB_all_species_all	32541	187-4-16dw	Jacobs	giraffe	Not reported	cerebellum;cerebellar cortex;stratum granulare;dorsal;right	granule;principal cell	young adult	Year	2.0	3.0	Male	Control	in vitro	Dendrites, Soma, Axon	Diameter, 3D, Angles	Dendrites Moderate, Axon Incomplete	Neurolucida	120	24795574	10.3389/fnana.2014.00024	http://neuromorpho.org/api/morphometry/id/32541
cerebellum	CB_all_species_all	32542	187-4-17dw	Jacobs	giraffe	Not reported	cerebellum;cerebellar cortex;stratum granulare;dorsal;right	granule;principal cell	young adult	Year	2.0	3.0	Male	Control	in vitro	Dendrites, Soma, No Axon	Diameter, 3D, Angles	Dendrites Moderate	Neurolucida	120	24795574	10.3389/fnana.2014.00024	http://neuromorpho.org/api/morphometry/id/32542
cerebellum	CB_all_species_all	32543	187-4-2dw	Jacobs	giraffe	Not reported	cerebellum;cerebellar cortex;stratum granulare;dorsal;right	granule;principal cell	young adult	Year	2.0	3.0	Male	Control	in vitro	Dendrites, Soma, No Axon	Diameter, 3D, Angles	Dendrites Moderate	Neurolucida	120	24795574	10.3389/fnana.2014.00024	http://neuromorpho.org/api/morphometry/id/32543
cerebellum	CB_all_species_all	32567	189-1-22dw	Jacobs	human	Not applicable	cerebellum;cerebellar cortex;stratum granulare;dorsal;left	granule;principal cell	adult	Year	54.0	54.0	Male	Control	in vitro	Dendrites, Soma, No Axon	Diameter, 3D, Angles	Dendrites Moderate	Neurolucida	120	24795574	10.3389/fnana.2014.00024	http://neuromorpho.org/api/morphometry/id/32567
cerebellum	CB_all_species_all	32568	189-1-30dw	Jacobs	human	Not applicable	cerebellum;cerebellar cortex;stratum granulare;dorsal;left	granule;principal cell	adult	Year	54.0	54.0	Male	Control	in vitro	Dendrites, Soma, Axon	Diameter, 3D, Angles	Dendrites Moderate, Axon Incomplete	Neurolucida	120	24795574	10.3389/fnana.2014.00024	http://neuromorpho.org/api/morphometry/id/32568
cerebellum	CB_all_species_all	32569	189-1-33dw	Jacobs	human	Not applicable	cerebellum;cerebellar cortex;stratum granulare;dorsal;left	granule;principal cell	adult	Year	54.0	54.0	Male	Control	in vitro	Dendrites, Soma, No Axon	Diameter, 3D, Angles	Dendrites Moderate	Neurolucida	120	24795574	10.3389/fnana.2014.00024	http://neuromorpho.org/api/morphometry/id/32569
cerebellum	CB_all_species_all	32570	189-1-34dw	Jacobs	human	Not applicable	cerebellum;cerebellar cortex;stratum granulare;dorsal;left	granule;principal cell	adult	Year	54.0	54.0	Male	Control	in vitro	Dendrites, Soma, Axon	Diameter, 3D, Angles	Dendrites Moderate, Axon Incomplete	Neurolucida	120	24795574	10.3389/fnana.2014.00024	http://neuromorpho.org/api/morphometry/id/32570
cerebellum	CB_all_species_all	32571	189-1-8dw	Jacobs	human	Not applicable	cerebellum;cerebellar cortex;stratum granulare;dorsal;left	granule;principal cell	adult	Year	54.0	54.0	Male	Control	in vitro	Dendrites, Soma, Axon	Diameter, 3D, Angles	Dendrites Moderate, Axon Incomplete	Neurolucida	120	24795574	10.3389/fnana.2014.00024	http://neuromorpho.org/api/morphometry/id/32571
cerebellum	CB_all_species_all	32609	202-2-16nj	Jacobs	humpback whale	Not reported	cerebellum;cerebellar cortex;stratum granulare;dorsal;left	granule;principal cell	young	Year	2.0	2.0	Male	Control	in vitro	Dendrites, Soma, No Axon	Diameter, 3D, Angles	Dendrites Moderate	Neurolucida	120	24795574	10.3389/fnana.2014.00024	http://neuromorpho.org/api/morphometry/id/32609
cerebellum	CB_all_species_all	32610	202-2-17nj	Jacobs	humpback whale	Not reported	cerebellum;cerebellar cortex;stratum granulare;dorsal;left	granule;principal cell	young	Year	2.0	2.0	Male	Control	in vitro	Dendrites, Soma, Axon	Diameter, 3D, Angles	Dendrites Moderate, Axon Incomplete	Neurolucida	120	24795574	10.3389/fnana.2014.00024	http://neuromorpho.org/api/morphometry/id/32610
cerebellum	CB_all_species_all	32611	202-2-19nj	Jacobs	humpback whale	Not reported	cerebellum;cerebellar cortex;stratum granulare;dorsal;left	granule;principal cell	young	Year	2.0	2.0	Male	Control	in vitro	Dendrites, Soma, Axon	Diameter, 3D, Angles	Dendrites Moderate, Axon Incomplete	Neurolucida	120	24795574	10.3389/fnana.2014.00024	http://neuromorpho.org/api/morphometry/id/32611
cerebellum	CB_all_species_all	32612	202-2-25nj	Jacobs	humpback whale	Not reported	cerebellum;cerebellar cortex;stratum granulare;dorsal;left	granule;principal cell	young	Year	2.0	2.0	Male	Control	in vitro	Dendrites, Soma, Axon	Diameter, 3D, Angles	Dendrites Moderate, Axon Incomplete	Neurolucida	120	24795574	10.3389/fnana.2014.00024	http://neuromorpho.org/api/morphometry/id/32612
cerebellum	CB_all_species_all	32613	202-2-32nj	Jacobs	humpback whale	Not reported	cerebellum;cerebellar cortex;stratum granulare;dorsal;left	granule;principal cell	young	Year	2.0	2.0	Male	Control	in vitro	Dendrites, Soma, Axon	Diameter, 3D, Angles	Dendrites Moderate, Axon Incomplete	Neurolucida	120	24795574	10.3389/fnana.2014.00024	http://neuromorpho.org/api/morphometry/id/32613
cerebellum	CB_all_species_all	32614	202-2-39nj	Jacobs	humpback whale	Not reported	cerebellum;cerebellar cortex;stratum granulare;dorsal;left	granule;principal cell	young	Year	2.0	2.0	Male	Control	in vitro	Dendrites, Soma, No Axon	Diameter, 3D, Angles	Dendrites Moderate	Neurolucida	120	24795574	10.3389/fnana.2014.00024	http://neuromorpho.org/api/morphometry/id/32614
cerebellum	CB_all_species_all	32615	202-2-42nj	Jacobs	humpback whale	Not reported	cerebellum;cerebellar cortex;stratum granulare;dorsal;left	granule;principal cell	young	Year	2.0	2.0	Male	Control	in vitro	Dendrites, Soma, Axon	Diameter, 3D, Angles	Dendrites Moderate, Axon Incomplete	Neurolucida	120	24795574	10.3389/fnana.2014.00024	http://neuromorpho.org/api/morphometry/id/32615
cerebellum	CB_all_species_all	32616	202-2-45nj	Jacobs	humpback whale	Not reported	cerebellum;cerebellar cortex;stratum granulare;dorsal;left	granule;principal cell	young	Year	2.0	2.0	Male	Control	in vitro	Dendrites, Soma, Axon	Diameter, 3D, Angles	Dendrites Moderate, Axon Incomplete	Neurolucida	120	24795574	10.3389/fnana.2014.00024	http://neuromorpho.org/api/morphometry/id/32616
cerebellum	CB_all_species_all	32617	202-2-46nj	Jacobs	humpback whale	Not reported	cerebellum;cerebellar cortex;stratum granulare;dorsal;left	granule;principal cell	young	Year	2.0	2.0	Male	Control	in vitro	Dendrites, Soma, No Axon	Diameter, 3D, Angles	Dendrites Moderate	Neurolucida	120	24795574	10.3389/fnana.2014.00024	http://neuromorpho.org/api/morphometry/id/32617
cerebellum	CB_all_species_all	32618	202-2-47nj	Jacobs	humpback whale	Not reported	cerebellum;cerebellar cortex;stratum granulare;dorsal;left	granule;principal cell	young	Year	2.0	2.0	Male	Control	in vitro	Dendrites, Soma, No Axon	Diameter, 3D, Angles	Dendrites Moderate	Neurolucida	120	24795574	10.3389/fnana.2014.00024	http://neuromorpho.org/api/morphometry/id/32618
cerebellum	CB_all_species_all	32657	194-4-13nj	Jacobs	Tiger	Siberian	cerebellum;cerebellar cortex;stratum granulare;dorsal;left	granule;principal cell	young adult	Year	12.0	12.0	Female	Control	in vitro	Dendrites, Soma, Axon	Diameter, 3D, Angles	Dendrites Moderate, Axon Incomplete	Neurolucida	120	24795574	10.3389/fnana.2014.00024	http://neuromorpho.org/api/morphometry/id/32657
cerebellum	CB_all_species_all	32658	194-4-14nj	Jacobs	Tiger	Siberian	cerebellum;cerebellar cortex;stratum granulare;dorsal;left	granule;principal cell	young adult	Year	12.0	12.0	Female	Control	in vitro	Dendrites, Soma, Axon	Diameter, 3D, Angles	Dendrites Moderate, Axon Incomplete	Neurolucida	120	24795574	10.3389/fnana.2014.00024	http://neuromorpho.org/api/morphometry/id/32658
cerebellum	CB_all_species_all	32659	194-4-15nj	Jacobs	Tiger	Siberian	cerebellum;cerebellar cortex;stratum granulare;dorsal;left	granule;principal cell	young adult	Year	12.0	12.0	Female	Control	in vitro	Dendrites, Soma, Axon	Diameter, 3D, Angles	Dendrites Moderate, Axon Incomplete	Neurolucida	120	24795574	10.3389/fnana.2014.00024	http://neuromorpho.org/api/morphometry/id/32659
cerebellum	CB_all_species_all	32660	194-4-16nj	Jacobs	Tiger	Siberian	cerebellum;cerebellar cortex;stratum granulare;dorsal;left	granule;principal cell	young adult	Year	12.0	12.0	Female	Control	in vitro	Dendrites, Soma, Axon	Diameter, 3D, Angles	Dendrites Moderate, Axon Incomplete	Neurolucida	120	24795574	10.3389/fnana.2014.00024	http://neuromorpho.org/api/morphometry/id/32660
cerebellum	CB_all_species_all	32661	194-4-2nj	Jacobs	Tiger	Siberian	cerebellum;cerebellar cortex;stratum granulare;dorsal;left	granule;principal cell	young adult	Year	12.0	12.0	Female	Control	in vitro	Dendrites, Soma, Axon	Diameter, 3D, Angles	Dendrites Moderate, Axon Incomplete	Neurolucida	120	24795574	10.3389/fnana.2014.00024	http://neuromorpho.org/api/morphometry/id/32661
cerebellum	CB_all_species_all	32662	194-4-31nj	Jacobs	Tiger	Siberian	cerebellum;cerebellar cortex;stratum granulare;dorsal;left	granule;principal cell	young adult	Year	12.0	12.0	Female	Control	in vitro	Dendrites, Soma, Axon	Diameter, 3D, Angles	Dendrites Moderate, Axon Incomplete	Neurolucida	120	24795574	10.3389/fnana.2014.00024	http://neuromorpho.org/api/morphometry/id/32662
cerebellum	CB_all_species_all	32663	194-4-32nj	Jacobs	Tiger	Siberian	cerebellum;cerebellar cortex;stratum granulare;dorsal;left	granule;principal cell	young adult	Year	12.0	12.0	Female	Control	in vitro	Dendrites, Soma, Axon	Diameter, 3D, Angles	Dendrites Moderate, Axon Incomplete	Neurolucida	120	24795574	10.3389/fnana.2014.00024	http://neuromorpho.org/api/morphometry/id/32663
cerebellum	CB_all_species_all	32664	194-4-33nj	Jacobs	Tiger	Siberian	cerebellum;cerebellar cortex;stratum granulare;dorsal;left	granule;principal cell	young adult	Year	12.0	12.0	Female	Control	in vitro	Dendrites, Soma, Axon	Diameter, 3D, Angles	Dendrites Moderate, Axon Incomplete	Neurolucida	120	24795574	10.3389/fnana.2014.00024	http://neuromorpho.org/api/morphometry/id/32664
cerebellum	CB_all_species_all	32665	194-4-34nj	Jacobs	Tiger	Siberian	cerebellum;cerebellar cortex;stratum granulare;dorsal;left	granule;principal cell	young adult	Year	12.0	12.0	Female	Control	in vitro	Dendrites, Soma, Axon	Diameter, 3D, Angles	Dendrites Moderate, Axon Incomplete	Neurolucida	120	24795574	10.3389/fnana.2014.00024	http://neuromorpho.org/api/morphometry/id/32665
cerebellum	CB_all_species_all	32666	194-4-9nj	Jacobs	Tiger	Siberian	cerebellum;cerebellar cortex;stratum granulare;dorsal;left	granule;principal cell	young adult	Year	12.0	12.0	Female	Control	in vitro	Dendrites, Soma, No Axon	Diameter, 3D, Angles	Dendrites Moderate	Neurolucida	120	24795574	10.3389/fnana.2014.00024	http://neuromorpho.org/api/morphometry/id/32666
cerebellum	CB_all_species_all	32737	204-2-18nj	Jacobs	chimpanzee	Common chimpanzee	cerebellum;cerebellar cortex;stratum granulare;dorsal;left	granule;principal cell	adult	Year	23.0	39.0	Male/Female	Control	in vitro	Dendrites, Soma, Axon	Diameter, 3D, Angles	Dendrites Moderate, Axon Incomplete	Neurolucida	120	24795574	10.3389/fnana.2014.00024	http://neuromorpho.org/api/morphometry/id/32737
cerebellum	CB_all_species_all	32738	204-2-19nj	Jacobs	chimpanzee	Common chimpanzee	cerebellum;cerebellar cortex;stratum granulare;dorsal;left	granule;principal cell	adult	Year	23.0	39.0	Male/Female	Control	in vitro	Dendrites, Soma, Axon	Diameter, 3D, Angles	Dendrites Moderate, Axon Incomplete	Neurolucida	120	24795574	10.3389/fnana.2014.00024	http://neuromorpho.org/api/morphometry/id/32738
cerebellum	CB_all_species_all	32739	204-2-20nj	Jacobs	chimpanzee	Common chimpanzee	cerebellum;cerebellar cortex;stratum granulare;dorsal;left	granule;principal cell	adult	Year	23.0	39.0	Male/Female	Control	in vitro	Dendrites, Soma, Axon	Diameter, 3D, Angles	Dendrites Moderate, Axon Incomplete	Neurolucida	120	24795574	10.3389/fnana.2014.00024	http://neuromorpho.org/api/morphometry/id/32739
cerebellum	CB_all_species_all	32740	204-2-31nj	Jacobs	chimpanzee	Common chimpanzee	cerebellum;cerebellar cortex;stratum granulare;dorsal;left	granule;principal cell	adult	Year	23.0	39.0	Male/Female	Control	in vitro	Dendrites, Soma, No Axon	Diameter, 3D, Angles	Dendrites Moderate	Neurolucida	120	24795574	10.3389/fnana.2014.00024	http://neuromorpho.org/api/morphometry/id/32740
cerebellum	CB_all_species_all	32741	204-2-34nj	Jacobs	chimpanzee	Common chimpanzee	cerebellum;cerebellar cortex;stratum granulare;dorsal;left	granule;principal cell	adult	Year	23.0	39.0	Male/Female	Control	in vitro	Dendrites, Soma, No Axon	Diameter, 3D, Angles	Dendrites Moderate	Neurolucida	120	24795574	10.3389/fnana.2014.00024	http://neuromorpho.org/api/morphometry/id/32741
cerebellum	CB_all_species_all	32742	204-2-35nj	Jacobs	chimpanzee	Common chimpanzee	cerebellum;cerebellar cortex;stratum granulare;dorsal;left	granule;principal cell	adult	Year	23.0	39.0	Male/Female	Control	in vitro	Dendrites, Soma, Axon	Diameter, 3D, Angles	Dendrites Moderate, Axon Incomplete	Neurolucida	120	24795574	10.3389/fnana.2014.00024	http://neuromorpho.org/api/morphometry/id/32742
cerebellum	CB_all_species_all	32743	205-2-23nj	Jacobs	chimpanzee	Common chimpanzee	cerebellum;cerebellar cortex;stratum granulare;dorsal;left	granule;principal cell	adult	Year	23.0	39.0	Male/Female	Control	in vitro	Dendrites, Soma, Axon	Diameter, 3D, Angles	Dendrites Moderate, Axon Incomplete	Neurolucida	120	24795574	10.3389/fnana.2014.00024	http://neuromorpho.org/api/morphometry/id/32743
cerebellum	CB_all_species_all	32744	205-2-26nj	Jacobs	chimpanzee	Common chimpanzee	cerebellum;cerebellar cortex;stratum granulare;dorsal;left	granule;principal cell	adult	Year	23.0	39.0	Male/Female	Control	in vitro	Dendrites, Soma, Axon	Diameter, 3D, Angles	Dendrites Moderate, Axon Incomplete	Neurolucida	120	24795574	10.3389/fnana.2014.00024	http://neuromorpho.org/api/morphometry/id/32744
cerebellum	CB_all_species_all	32745	205-2-33nj	Jacobs	chimpanzee	Common chimpanzee	cerebellum;cerebellar cortex;stratum granulare;dorsal;left	granule;principal cell	adult	Year	23.0	39.0	Male/Female	Control	in vitro	Dendrites, Soma, No Axon	Diameter, 3D, Angles	Dendrites Moderate	Neurolucida	120	24795574	10.3389/fnana.2014.00024	http://neuromorpho.org/api/morphometry/id/32745
cerebellum	CB_all_species_all	32746	205-2-34nj	Jacobs	chimpanzee	Common chimpanzee	cerebellum;cerebellar cortex;stratum granulare;dorsal;left	granule;principal cell	adult	Year	23.0	39.0	Male/Female	Control	in vitro	Dendrites, Soma, Axon	Diameter, 3D, Angles	Dendrites Moderate, Axon Incomplete	Neurolucida	120	24795574	10.3389/fnana.2014.00024	http://neuromorpho.org/api/morphometry/id/32746
cerebellum	CB_all_species_all	32747	205-2-35nj	Jacobs	chimpanzee	Common chimpanzee	cerebellum;cerebellar cortex;stratum granulare;dorsal;left	granule;principal cell	adult	Year	23.0	39.0	Male/Female	Control	in vitro	Dendrites, Soma, Axon	Diameter, 3D, Angles	Dendrites Moderate, Axon Incomplete	Neurolucida	120	24795574	10.3389/fnana.2014.00024	http://neuromorpho.org/api/morphometry/id/32747
cerebellum	CB_all_species_all	32748	205-2-37nj	Jacobs	chimpanzee	Common chimpanzee	cerebellum;cerebellar cortex;stratum granulare;dorsal;left	granule;principal cell	adult	Year	23.0	39.0	Male/Female	Control	in vitro	Dendrites, Soma, Axon	Diameter, 3D, Angles	Dendrites Moderate, Axon Incomplete	Neurolucida	120	24795574	10.3389/fnana.2014.00024	http://neuromorpho.org/api/morphometry/id/32748
cerebellum	CB_all_species_all	32749	205-2-38nj	Jacobs	chimpanzee	Common chimpanzee	cerebellum;cerebellar cortex;stratum granulare;dorsal;left	granule;principal cell	adult	Year	23.0	39.0	Male/Female	Control	in vitro	Dendrites, Soma, No Axon	Diameter, 3D, Angles	Dendrites Moderate	Neurolucida	120	24795574	10.3389/fnana.2014.00024	http://neuromorpho.org/api/morphometry/id/32749
cerebellum	CB_all_species_all	32750	205-2-39nj	Jacobs	chimpanzee	Common chimpanzee	cerebellum;cerebellar cortex;stratum granulare;dorsal;left	granule;principal cell	adult	Year	23.0	39.0	Male/Female	Control	in vitro	Dendrites, Soma, Axon	Diameter, 3D, Angles	Dendrites Moderate, Axon Incomplete	Neurolucida	120	24795574	10.3389/fnana.2014.00024	http://neuromorpho.org/api/morphometry/id/32750
cerebellum	CB_all_species_all	32751	205-2-40nj	Jacobs	chimpanzee	Common chimpanzee	cerebellum;cerebellar cortex;stratum granulare;dorsal;left	granule;principal cell	adult	Year	23.0	39.0	Male/Female	Control	in vitro	Dendrites, Soma, Axon	Diameter, 3D, Angles	Dendrites Moderate, Axon Incomplete	Neurolucida	120	24795574	10.3389/fnana.2014.00024	http://neuromorpho.org/api/morphometry/id/32751
cerebellum	CB_all_species_all	32752	205-2-4nj	Jacobs	chimpanzee	Common chimpanzee	cerebellum;cerebellar cortex;stratum granulare;dorsal;left	granule;principal cell	adult	Year	23.0	39.0	Male/Female	Control	in vitro	Dendrites, Soma, Axon	Diameter, 3D, Angles	Dendrites Moderate, Axon Incomplete	Neurolucida	120	24795574	10.3389/fnana.2014.00024	http://neuromorpho.org/api/morphometry/id/32752
