analysis_region	sampling_group	neuron_id	neuron_name	archive	species	strain	brain_region	cell_type	age_classification	age_scale	min_age	max_age	gender	experiment_condition	protocol	domain	attributes	physical_integrity	reconstruction_software	slicing_thickness	reference_pmid	reference_doi	measurements_url	neuron_name_morph	surface	volume	n_stems	n_bifs	n_branch	width	height	depth	diameter	eucDistance	pathDistance	branch_Order	contraction	fragmentation	partition_asymmetry	pk_classic	bif_ampl_local	fractal_Dim	soma_Surface	bif_ampl_remote	length	is_control_like	dendrites_present	moderate_or_complete_dendrites	has_core_morphometry	analysis_inclusion	compact_branch_index
dentate_gyrus	DG_mouse_sample	102085	01042017e6-000	Nandi	mouse	h-GFAP-Cre;Frs2(fl/fl);Frs3-/-	hippocampus;dentate gyrus;granule layer;outer	principal cell;granule;mature	young adult	Day	21.0	25.0	Male/Female	Frs2, 3-double mutant	in vitro	Dendrites, Soma, No Axon	Diameter, 3D, Angles	Dendrites Complete	Neurolucida	300	29155277	10.1016/j.neuroscience.2017.11.017	http://neuromorpho.org/api/morphometry/id/102085	01042017e6-000	9083.6	5909.05	1.0	7.0	15.0	105.111	164.359	115.12	2.60005	196.417	252.892	4.0	0.883804	198.0	0.571429	2.0	54.0031	1.03979	399.001	42.362	1116.79	False	True	True	True	True	0.013431352358097762
dentate_gyrus	DG_mouse_sample	102086	01052017e1-DGC-000	Nandi	mouse	h-GFAP-Cre;Frs2(fl/fl);Frs3-/-	hippocampus;dentate gyrus;granule layer;outer	principal cell;granule;mature	young adult	Day	21.0	25.0	Male/Female	Frs2, 3-double mutant	in vitro	Dendrites, Soma, No Axon	Diameter, 3D, Angles	Dendrites Complete	Neurolucida	300	29155277	10.1016/j.neuroscience.2017.11.017	http://neuromorpho.org/api/morphometry/id/102086	01052017e1-DGC-000	8950.09	5396.04	1.0	11.0	23.0	162.563	131.577	72.69	2.40309	175.323	284.023	5.0	0.869785	162.0	0.581818	2.0	59.7711	1.04402	346.685	48.1779	1184.54	False	True	True	True	True	0.019416820031404596
dentate_gyrus	DG_mouse_sample	102087	01052017e4-DGC-000	Nandi	mouse	h-GFAP-Cre;Frs2(fl/fl);Frs3-/-	hippocampus;dentate gyrus;granule layer;outer	principal cell;granule;mature	young adult	Day	21.0	25.0	Male/Female	Frs2, 3-double mutant	in vitro	Dendrites, Soma, No Axon	Diameter, 3D, Angles	Dendrites Complete	Neurolucida	300	29155277	10.1016/j.neuroscience.2017.11.017	http://neuromorpho.org/api/morphometry/id/102087	01052017e4-DGC-000	9451.89	5079.25	1.0	11.0	23.0	138.071	142.809	69.7	2.12202	170.274	236.56	5.0	0.882531	208.0	0.284848	7.77434	74.7994	1.03613	444.891	58.3587	1402.58	False	True	True	True	True	0.016398351609177374
dentate_gyrus	DG_mouse_sample	102088	052417dgc2-1KS	Nandi	mouse	h-GFAP-Cre;Frs2(fl/fl);Frs3-/-	hippocampus;dentate gyrus;granule layer;outer	principal cell;granule;mature	young adult	Day	21.0	25.0	Male/Female	Frs2, 3-double mutant	in vitro	Dendrites, Soma, No Axon	No Diameter, 3D, Angles	Dendrites Complete	Neurolucida	300	29155277	10.1016/j.neuroscience.2017.11.017	http://neuromorpho.org/api/morphometry/id/102088	052417dgc2-1KS	7475.75	5532.06	1.0	7.0	15.0	81.5109	129.73	54.53	2.96	139.328	209.747	5.0	0.841308	79.0	0.419048	2.0	44.9973	1.05892	599.884	44.6572	803.921	False	True	True	True	True	0.018658549782876673
dentate_gyrus	DG_mouse_sample	102089	052417dgc4-1KS	Nandi	mouse	h-GFAP-Cre;Frs2(fl/fl);Frs3-/-	hippocampus;dentate gyrus;granule layer;outer	principal cell;granule;mature	young adult	Day	21.0	25.0	Male/Female	Frs2, 3-double mutant	in vitro	Dendrites, Soma, No Axon	No Diameter, 3D, Angles	Dendrites Complete	Neurolucida	300	29155277	10.1016/j.neuroscience.2017.11.017	http://neuromorpho.org/api/morphometry/id/102089	052417dgc4-1KS	4763.45	3524.95	1.0	3.0	7.0	164.481	124.915	36.65	2.96	168.136	249.6	3.0	0.904462	64.0	0.666667	2.0	68.0491	1.03436	610.831	39.2815	512.248	False	True	True	True	True	0.013665255891677467
dentate_gyrus	DG_mouse_sample	102090	052617_DGC2	Nandi	mouse	h-GFAP-Cre;Frs2(fl/fl);Frs3-/-	hippocampus;dentate gyrus;granule layer;outer	principal cell;granule;mature	young adult	Day	21.0	25.0	Male/Female	Frs2, 3-double mutant	in vitro	Dendrites, Soma, No Axon	Diameter, 3D, Angles	Dendrites Complete	Neurolucida	300	29155277	10.1016/j.neuroscience.2017.11.017	http://neuromorpho.org/api/morphometry/id/102090	052617_DGC2	3171.02	1228.92	1.0	6.0	13.0	116.796	138.413	36.36	1.53358	165.511	289.492	5.0	0.798378	106.0	0.555556	2.46013	59.3156	1.05718	529.037	78.9783	699.876	False	True	True	True	True	0.01857471895021404
dentate_gyrus	DG_mouse_sample	102091	052617_DGC4	Nandi	mouse	h-GFAP-Cre;Frs2(fl/fl);Frs3-/-	hippocampus;dentate gyrus;granule layer;outer	principal cell;granule;mature	young adult	Day	21.0	25.0	Male/Female	Frs2, 3-double mutant	in vitro	Dendrites, Soma, No Axon	No Diameter, 3D, Angles	Dendrites Complete	Neurolucida	300	29155277	10.1016/j.neuroscience.2017.11.017	http://neuromorpho.org/api/morphometry/id/102091	052617_DGC4	4412.6	2040.83	1.0	7.0	15.0	137.086	118.297	31.34	1.85	144.114	209.669	5.0	0.770454	146.0	0.6	2.0	90.0228	1.0923	302.46	62.1359	759.23	False	True	True	True	True	0.01975685892285605
dentate_gyrus	DG_mouse_sample	102092	052617DGC6	Nandi	mouse	h-GFAP-Cre;Frs2(fl/fl);Frs3-/-	hippocampus;dentate gyrus;granule layer;outer	principal cell;granule;mature	young adult	Day	21.0	25.0	Male/Female	Frs2, 3-double mutant	in vitro	Dendrites, Soma, No Axon	No Diameter, 3D, Angles	Dendrites Complete	Neurolucida	300	29155277	10.1016/j.neuroscience.2017.11.017	http://neuromorpho.org/api/morphometry/id/102092	052617DGC6	8468.26	6287.68	2.0	5.0	12.0	96.3124	116.798	37.84	2.97	129.963	350.854	4.0	0.755112	91.0	0.466667	2.0	105.028	1.07232	1155.02	79.3377	907.586	False	True	True	True	True	0.013221887512588338
dentate_gyrus	DG_mouse_sample	102093	06152016e2-000	Nandi	mouse	h-GFAP-Cre;Frs2(fl/fl);Frs3-/-	hippocampus;dentate gyrus;granule layer;outer	principal cell;granule;mature	young adult	Day	21.0	25.0	Male/Female	Frs2, 3-double mutant	in vitro	Dendrites, Soma, No Axon	Diameter, 3D, Angles	Dendrites Complete	Neurolucida	300	29155277	10.1016/j.neuroscience.2017.11.017	http://neuromorpho.org/api/morphometry/id/102093	06152016e2-000	11675.9	6219.34	1.0	8.0	17.0	77.0002	163.761	122.69	2.13702	176.41	448.626	5.0	0.73554	121.0	0.458333	1.89578	56.5808	1.05765	541.665	52.7758	1757.32	False	True	True	True	True	0.009673821500921859
dentate_gyrus	DG_mouse_sample	102094	06152016e3-000	Nandi	mouse	h-GFAP-Cre;Frs2(fl/fl);Frs3-/-	hippocampus;dentate gyrus;granule layer;outer	principal cell;granule;mature	young adult	Day	21.0	25.0	Male/Female	Frs2, 3-double mutant	in vitro	Dendrites, Soma, No Axon	Diameter, 3D, Angles	Dendrites Complete	Neurolucida	300	29155277	10.1016/j.neuroscience.2017.11.017	http://neuromorpho.org/api/morphometry/id/102094	06152016e3-000	13092.1	9702.81	1.0	9.0	19.0	117.96	142.458	122.69	2.97194	183.748	427.858	4.0	0.837704	93.0	0.259259	2.0	63.0692	1.0478	442.633	50.2177	1405.98	False	True	True	True	True	0.013513705742613694
dentate_gyrus	DG_mouse_sample	102095	052417dgc1-1KS	Nandi	mouse	Multiple	hippocampus;dentate gyrus;granule layer;outer	principal cell;granule;mature	young adult	Day	21.0	25.0	Male/Female	Control	in vitro	Dendrites, Soma, No Axon	Diameter, 3D, Angles	Dendrites Complete	Neurolucida	300	29155277	10.1016/j.neuroscience.2017.11.017	http://neuromorpho.org/api/morphometry/id/102095	052417dgc1-1KS	10422.5	6323.74	1.0	12.0	25.0	87.6073	163.16	64.21	2.43706	187.067	276.839	7.0	0.874861	163.0	0.462753	1.91919	78.8369	1.04234	420.72	61.1567	1368.54	True	True	True	True	True	0.01826764288950268
dentate_gyrus	DG_mouse_sample	102096	052417dgc3-1KS	Nandi	mouse	Multiple	hippocampus;dentate gyrus;granule layer;outer	principal cell;granule;mature	young adult	Day	21.0	25.0	Male/Female	Control	in vitro	Dendrites, Soma, No Axon	Diameter, 3D, Angles	Dendrites Complete	Neurolucida	300	29155277	10.1016/j.neuroscience.2017.11.017	http://neuromorpho.org/api/morphometry/id/102096	052417dgc3-1KS	5947.27	2772.06	1.0	10.0	21.0	107.89	146.901	58.62	1.8611	172.623	225.21	5.0	0.843542	145.0	0.533333	2.0	66.1329	1.04692	415.119	46.208	1020.06	True	True	True	True	True	0.020587024292688667
dentate_gyrus	DG_mouse_sample	102097	052617_DGC1	Nandi	mouse	Multiple	hippocampus;dentate gyrus;granule layer;outer	principal cell;granule;mature	young adult	Day	21.0	25.0	Male/Female	Control	in vitro	Dendrites, Soma, No Axon	No Diameter, 3D, Angles	Dendrites Complete	Neurolucida	300	29155277	10.1016/j.neuroscience.2017.11.017	http://neuromorpho.org/api/morphometry/id/102097	052617_DGC1	2337.14	1139.35	1.0	3.0	7.0	37.7847	140.599	31.47	1.95	158.804	195.768	2.0	0.912541	46.0	0.0	2.0	43.5832	1.01986	375.251	39.7031	381.504	True	True	True	True	True	0.018348431471229658
dentate_gyrus	DG_mouse_sample	102098	052617_DGC3	Nandi	mouse	Multiple	hippocampus;dentate gyrus;granule layer;outer	principal cell;granule;mature	young adult	Day	21.0	25.0	Male/Female	Control	in vitro	Dendrites, Soma, No Axon	Diameter, 3D, Angles	Dendrites Complete	Neurolucida	300	29155277	10.1016/j.neuroscience.2017.11.017	http://neuromorpho.org/api/morphometry/id/102098	052617_DGC3	5026.58	2376.28	1.0	7.0	15.0	109.185	147.633	35.45	1.8647	177.197	239.105	4.0	0.797331	100.0	0.166667	1.94646	67.5554	1.06551	373.324	56.0665	858.991	True	True	True	True	True	0.01746234826674552
dentate_gyrus	DG_mouse_sample	102099	06152016e1-apical-000	Nandi	mouse	Multiple	hippocampus;dentate gyrus;granule layer;outer	principal cell;granule;mature	young adult	Day	21.0	25.0	Male/Female	Control	in vitro	Dendrites, Soma, No Axon	No Diameter, 3D, Angles	Dendrites Complete	Neurolucida	300	29155277	10.1016/j.neuroscience.2017.11.017	http://neuromorpho.org/api/morphometry/id/102099	06152016e1-apical-000	16318.7	11341.5	1.0	10.0	21.0	146.58	137.16	78.76	2.78	180.585	520.431	5.0	0.746244	166.0	0.388889	2.0	87.5939	1.08049	421.291	61.2573	1868.5	True	True	True	True	True	0.01123896173401124
dentate_gyrus	DG_mouse_sample	102100	06152016e4-000	Nandi	mouse	Multiple	hippocampus;dentate gyrus;granule layer;outer	principal cell;granule;mature	young adult	Day	21.0	25.0	Male/Female	Control	in vitro	Dendrites, Soma, No Axon	No Diameter, 3D, Angles	Dendrites Complete	Neurolucida	300	29155277	10.1016/j.neuroscience.2017.11.017	http://neuromorpho.org/api/morphometry/id/102100	06152016e4-000	22333.6	12618.5	1.0	16.0	33.0	137.313	164.509	134.08	2.26	235.336	1026.11	9.0	0.81338	258.0	0.526786	2.0	67.5691	1.03973	422.491	48.2634	3145.58	True	True	True	True	True	0.010490911056148628
dentate_gyrus	DG_mouse_sample	102161	ICR1-3-1_1	Oguro-Ando	mouse	ICR	hippocampus;dentate gyrus;granule layer	principal cell;granule	adult	Month	3.8	3.8	Male	Control	in vitro	Dendrites, Soma, No Axon	Diameter, 3D, Angles	Dendrites Complete	Neurolucida	150	29306053	S0306-4522(17)30940-5.doi	http://neuromorpho.org/api/morphometry/id/102161	ICR1-3-1_1	4750.19	2473.73	4.0	4.0	12.0	79.1068	147.004	65.0	1.89824	140.184	188.961	2.0	0.860832	131.0	0.25	1.348	57.7911	1.04211	839.112	38.6284	765.427	True	True	True	True	True	0.015677523787376198
dentate_gyrus	DG_mouse_sample	102162	ICR1-3-1_2	Oguro-Ando	mouse	ICR	hippocampus;dentate gyrus;granule layer	principal cell;granule	adult	Month	3.8	3.8	Male	Control	in vitro	Dendrites, Soma, No Axon	Diameter, 3D, Angles	Dendrites Complete	Neurolucida	150	29306053	S0306-4522(17)30940-5.doi	http://neuromorpho.org/api/morphometry/id/102162	ICR1-3-1_2	3293.34	1446.25	3.0	3.0	9.0	95.9429	151.971	65.0	1.65287	154.295	179.836	3.0	0.911704	129.0	0.666667	1.63297	88.9369	1.02324	857.445	49.1233	627.455	True	True	True	True	True	0.014343658110940226
dentate_gyrus	DG_mouse_sample	102163	ICR1-3-1_3	Oguro-Ando	mouse	ICR	hippocampus;dentate gyrus;granule layer	principal cell;granule	adult	Month	3.8	3.8	Male	Control	in vitro	Dendrites, Soma, No Axon	Diameter, 3D, Angles	Dendrites Complete	Neurolucida	150	29306053	S0306-4522(17)30940-5.doi	http://neuromorpho.org/api/morphometry/id/102163	ICR1-3-1_3	5102.05	2913.48	1.0	5.0	11.0	66.6577	204.341	94.0	2.18186	189.897	222.826	3.0	0.854935	97.0	0.4	1.73794	79.0843	1.04617	1209.61	65.7385	734.512	True	True	True	True	True	0.014975929596793518
dentate_gyrus	DG_mouse_sample	102164	ICR1-3-2_1	Oguro-Ando	mouse	ICR	hippocampus;dentate gyrus;granule layer	principal cell;granule	adult	Month	3.8	3.8	Male	Control	in vitro	Dendrites, Soma, No Axon	Diameter, 3D, Angles	Dendrites Complete	Neurolucida	150	29306053	S0306-4522(17)30940-5.doi	http://neuromorpho.org/api/morphometry/id/102164	ICR1-3-2_1	4153.33	2076.79	2.0	5.0	12.0	126.71	181.447	67.0	1.84623	188.735	223.608	3.0	0.891867	162.0	0.4	1.08215	69.6195	1.03666	683.208	46.8576	693.816	True	True	True	True	True	0.017295651873119097
dentate_gyrus	DG_mouse_sample	103663	2417-3-20x-ApoE-WT-Sham-P12	Tensaouti	mouse	C57BL/6J	hippocampus;dentate gyrus	principal cell;granule;adult-born	young adult	Month	2.5	2.5	Male/Female	Control	in vitro	Dendrites, Soma, No Axon	No Diameter, 3D, Angles	Dendrites Moderate	Neurolucida	50	30079373	10.1523/ENEURO.0155-18.2018	http://neuromorpho.org/api/morphometry/id/103663	2417-3-20x-ApoE-WT-Sham-P12	2188.17	601.746	1.0	9.0	19.0	82.651	142.279	38.52	1.1	172.321	218.005	6.0	0.805168	252.0	0.566667	2.0	66.2333	1.07763	554.746	48.4053	633.196	True	True	True	True	True	0.0300065066740788
dentate_gyrus	DG_mouse_sample	103664	2416-3-20x-ApoE-WT-Sham-P27	Tensaouti	mouse	C57BL/6J	hippocampus;dentate gyrus	principal cell;granule;adult-born	young adult	Month	2.5	2.5	Male/Female	Control	in vitro	Dendrites, Soma, No Axon	No Diameter, 3D, Angles	Dendrites Moderate	Neurolucida	50	30079373	10.1523/ENEURO.0155-18.2018	http://neuromorpho.org/api/morphometry/id/103664	2416-3-20x-ApoE-WT-Sham-P27	3800.57	1045.16	1.0	12.0	25.0	96.3458	178.819	49.71	1.1	211.415	255.289	6.0	0.81173	516.0	0.494949	2.0	61.4898	1.07234	814.901	35.4323	1099.78	True	True	True	True	True	0.022731819091090948
dentate_gyrus	DG_mouse_sample	103665	2416-3-20x-ApoE-WT-Sham-P18	Tensaouti	mouse	C57BL/6J	hippocampus;dentate gyrus	principal cell;granule;adult-born	young adult	Month	2.5	2.5	Male/Female	Control	in vitro	Dendrites, Soma, No Axon	No Diameter, 3D, Angles	Dendrites Moderate	Neurolucida	50	30079373	10.1523/ENEURO.0155-18.2018	http://neuromorpho.org/api/morphometry/id/103665	2416-3-20x-ApoE-WT-Sham-P18	2899.28	797.303	1.0	8.0	17.0	50.5296	161.799	71.96	1.1	176.955	240.168	6.0	0.801782	382.0	0.539286	2.0	49.6626	1.06754	876.04	33.4998	838.973	True	True	True	True	True	0.020262869007703466
dentate_gyrus	DG_mouse_sample	103666	2452-1-WT-20x-apo-sham-P2	Tensaouti	mouse	C57BL/6J	hippocampus;dentate gyrus	principal cell;granule;adult-born	young adult	Month	2.5	2.5	Male/Female	Control	in vitro	Dendrites, Soma, No Axon	No Diameter, 3D, Angles	Dendrites Moderate	Neurolucida	50	30079373	10.1523/ENEURO.0155-18.2018	http://neuromorpho.org/api/morphometry/id/103666	2452-1-WT-20x-apo-sham-P2	3767.55	1036.08	1.0	9.0	19.0	72.3392	151.29	39.38	1.1	172.684	244.321	5.0	0.844717	476.0	0.522222	2.0	60.0635	1.05412	1017.12	44.0504	1090.23	True	True	True	True	True	0.017427515294937766
dentate_gyrus	DG_mouse_sample	103667	2417-3-20x-ApoE-WT-Sham-P1	Tensaouti	mouse	C57BL/6J	hippocampus;dentate gyrus	principal cell;granule;adult-born	young adult	Month	2.5	2.5	Male/Female	Control	in vitro	Dendrites, Soma, No Axon	No Diameter, 3D, Angles	Dendrites Moderate	Neurolucida	50	30079373	10.1523/ENEURO.0155-18.2018	http://neuromorpho.org/api/morphometry/id/103667	2417-3-20x-ApoE-WT-Sham-P1	2544.62	699.771	1.0	5.0	11.0	146.558	176.04	22.69	1.1	203.755	267.725	4.0	0.857468	367.0	0.466667	2.0	65.4765	1.04801	914.369	39.2042	736.344	True	True	True	True	True	0.01493866996947079
dentate_gyrus	DG_mouse_sample	103668	2416-3-20x-ApoE-WT-Sham-P11	Tensaouti	mouse	C57BL/6J	hippocampus;dentate gyrus	principal cell;granule;adult-born	young adult	Month	2.5	2.5	Male/Female	Control	in vitro	Dendrites, Soma, No Axon	No Diameter, 3D, Angles	Dendrites Moderate	Neurolucida	50	30079373	10.1523/ENEURO.0155-18.2018	http://neuromorpho.org/api/morphometry/id/103668	2416-3-20x-ApoE-WT-Sham-P11	3436.74	945.103	1.0	10.0	21.0	93.0594	176.27	38.82	1.1	198.988	260.932	6.0	0.830594	440.0	0.415556	2.0	51.2412	1.07851	960.216	58.6528	994.498	True	True	True	True	True	0.021116181229122632
dentate_gyrus	DG_mouse_sample	103669	2452-1-WT-20x-apo-sham-P10	Tensaouti	mouse	C57BL/6J	hippocampus;dentate gyrus	principal cell;granule;adult-born	young adult	Month	2.5	2.5	Male/Female	Control	in vitro	Dendrites, Soma, No Axon	No Diameter, 3D, Angles	Dendrites Moderate	Neurolucida	50	30079373	10.1523/ENEURO.0155-18.2018	http://neuromorpho.org/api/morphometry/id/103669	2452-1-WT-20x-apo-sham-P10	3524.88	969.343	1.0	9.0	19.0	60.9997	164.561	90.29	1.1	182.181	231.135	6.0	0.847715	475.0	0.351852	2.0	53.8022	1.04986	852.744	41.5127	1020.0	True	True	True	True	True	0.018627450980392157
dentate_gyrus	DG_mouse_sample	103670	2417-3-20x-ApoE-WT-Sham-P24	Tensaouti	mouse	C57BL/6J	hippocampus;dentate gyrus	principal cell;granule;adult-born	young adult	Month	2.5	2.5	Male/Female	Control	in vitro	Dendrites, Soma, No Axon	No Diameter, 3D, Angles	Dendrites Moderate	Neurolucida	50	30079373	10.1523/ENEURO.0155-18.2018	http://neuromorpho.org/api/morphometry/id/103670	2417-3-20x-ApoE-WT-Sham-P24	3440.48	946.132	1.0	8.0	17.0	116.311	187.081	50.38	1.1	219.696	286.102	5.0	0.807208	470.0	0.642857	2.0	63.5227	1.05348	730.759	37.9445	995.58	True	True	True	True	True	0.017075473593282306
dentate_gyrus	DG_mouse_sample	103671	2416-3-20x-ApoE-WT-Sham-P3	Tensaouti	mouse	C57BL/6J	hippocampus;dentate gyrus	principal cell;granule;adult-born	young adult	Month	2.5	2.5	Male/Female	Control	in vitro	Dendrites, Soma, No Axon	No Diameter, 3D, Angles	Dendrites Moderate	Neurolucida	50	30079373	10.1523/ENEURO.0155-18.2018	http://neuromorpho.org/api/morphometry/id/103671	2416-3-20x-ApoE-WT-Sham-P3	2512.36	690.899	1.0	5.0	11.0	43.6401	216.92	113.95	1.1	241.087	306.957	4.0	0.821539	339.0	0.5	2.0	78.7142	1.05773	887.915	51.1571	727.008	True	True	True	True	True	0.015130507504731721
dentate_gyrus	DG_mouse_sample	103672	2417-3-20x-ApoE-WT-Sham-P25	Tensaouti	mouse	C57BL/6J	hippocampus;dentate gyrus	principal cell;granule;adult-born	young adult	Month	2.5	2.5	Male/Female	Control	in vitro	Dendrites, Soma, No Axon	No Diameter, 3D, Angles	Dendrites Moderate	Neurolucida	50	30079373	10.1523/ENEURO.0155-18.2018	http://neuromorpho.org/api/morphometry/id/103672	2417-3-20x-ApoE-WT-Sham-P25	3708.37	1019.8	1.0	12.0	25.0	120.32	170.16	35.99	1.1	196.179	261.128	5.0	0.834683	489.0	0.456061	2.0	67.5926	1.05855	850.37	57.4156	1073.1	True	True	True	True	True	0.02329699002888827
dentate_gyrus	DG_mouse_sample	103673	2452-1-WT-20x-apo-sham-P11	Tensaouti	mouse	C57BL/6J	hippocampus;dentate gyrus	principal cell;granule;adult-born	young adult	Month	2.5	2.5	Male/Female	Control	in vitro	Dendrites, Soma, No Axon	No Diameter, 3D, Angles	Dendrites Moderate	Neurolucida	50	30079373	10.1523/ENEURO.0155-18.2018	http://neuromorpho.org/api/morphometry/id/103673	2452-1-WT-20x-apo-sham-P11	2717.42	747.291	1.0	6.0	13.0	59.5325	210.37	59.84	1.1	245.558	294.183	6.0	0.818747	344.0	0.833333	2.0	51.6845	1.06151	373.43	41.89	786.348	True	True	True	True	True	0.016532120638699407
dentate_gyrus	DG_mouse_sample	103674	2416-3-20x-ApoE-WT-Sham-P10	Tensaouti	mouse	C57BL/6J	hippocampus;dentate gyrus	principal cell;granule;adult-born	young adult	Month	2.5	2.5	Male/Female	Control	in vitro	Dendrites, Soma, No Axon	No Diameter, 3D, Angles	Dendrites Moderate	Neurolucida	50	30079373	10.1523/ENEURO.0155-18.2018	http://neuromorpho.org/api/morphometry/id/103674	2416-3-20x-ApoE-WT-Sham-P10	2091.09	575.049	1.0	8.0	17.0	47.9297	184.651	32.67	1.1	213.638	248.996	6.0	0.834882	271.0	0.666667	2.0	50.1085	1.05689	805.128	47.2885	605.103	True	True	True	True	True	0.028094390541775534
dentate_gyrus	DG_mouse_sample	103675	2417-3-20x-ApoE-WT-Sham-P9	Tensaouti	mouse	C57BL/6J	hippocampus;dentate gyrus	principal cell;granule;adult-born	young adult	Month	2.5	2.5	Male/Female	Control	in vitro	Dendrites, Soma, No Axon	No Diameter, 3D, Angles	Dendrites Moderate	Neurolucida	50	30079373	10.1523/ENEURO.0155-18.2018	http://neuromorpho.org/api/morphometry/id/103675	2417-3-20x-ApoE-WT-Sham-P9	3675.91	1010.87	1.0	8.0	17.0	99.1882	215.342	41.06	1.1	252.389	315.231	4.0	0.857226	521.0	0.434524	2.0	89.8874	1.0489	830.741	50.4845	1063.71	True	True	True	True	True	0.0159817995506294
dentate_gyrus	DG_mouse_sample	103676	2417-3-20x-ApoE-WT-Sham-P13	Tensaouti	mouse	C57BL/6J	hippocampus;dentate gyrus	principal cell;granule;adult-born	young adult	Month	2.5	2.5	Male/Female	Control	in vitro	Dendrites, Soma, No Axon	No Diameter, 3D, Angles	Dendrites Moderate	Neurolucida	50	30079373	10.1523/ENEURO.0155-18.2018	http://neuromorpho.org/api/morphometry/id/103676	2417-3-20x-ApoE-WT-Sham-P13	1810.08	497.771	1.0	7.0	15.0	54.5519	140.35	35.23	1.1	154.266	198.557	4.0	0.836266	226.0	0.380952	2.0	62.8616	1.03819	733.563	72.069	523.786	True	True	True	True	True	0.02863764972717866
dentate_gyrus	DG_mouse_sample	103677	2452-1-WT-20x-apo-sham-P3	Tensaouti	mouse	C57BL/6J	hippocampus;dentate gyrus	principal cell;granule;adult-born	young adult	Month	2.5	2.5	Male/Female	Control	in vitro	Dendrites, Soma, No Axon	No Diameter, 3D, Angles	Dendrites Moderate	Neurolucida	50	30079373	10.1523/ENEURO.0155-18.2018	http://neuromorpho.org/api/morphometry/id/103677	2452-1-WT-20x-apo-sham-P3	2844.75	782.308	1.0	8.0	17.0	87.361	176.469	68.38	1.1	202.149	246.17	6.0	0.893198	357.0	0.65	2.0	48.9679	1.03473	569.099	38.0042	823.194	True	True	True	True	True	0.02065126810933996
dentate_gyrus	DG_mouse_sample	103678	2449-1-WT-20x-apo-sham-P3	Tensaouti	mouse	C57BL/6J	hippocampus;dentate gyrus	principal cell;granule;adult-born	young adult	Month	2.5	2.5	Male/Female	Control	in vitro	Dendrites, Soma, No Axon	No Diameter, 3D, Angles	Dendrites Moderate	Neurolucida	50	30079373	10.1523/ENEURO.0155-18.2018	http://neuromorpho.org/api/morphometry/id/103678	2449-1-WT-20x-apo-sham-P3	2766.51	760.791	1.0	6.0	13.0	35.4613	180.84	86.03	1.1	200.878	255.396	4.0	0.84335	391.0	0.322222	2.0	84.9445	1.04656	754.445	42.3493	800.553	True	True	True	True	True	0.016238774946818014
dentate_gyrus	DG_mouse_sample	103679	2417-3-20x-ApoE-WT-Sham-P18	Tensaouti	mouse	C57BL/6J	hippocampus;dentate gyrus	principal cell;granule;adult-born	young adult	Month	2.5	2.5	Male/Female	Control	in vitro	Dendrites, Soma, No Axon	No Diameter, 3D, Angles	Dendrites Moderate	Neurolucida	50	30079373	10.1523/ENEURO.0155-18.2018	http://neuromorpho.org/api/morphometry/id/103679	2417-3-20x-ApoE-WT-Sham-P18	2710.5	745.388	1.0	6.0	13.0	78.6512	166.4	40.97	1.1	195.155	255.949	5.0	0.804763	358.0	0.6	2.0	54.8051	1.06175	873.238	31.2857	784.345	True	True	True	True	True	0.016574339098228457
dentate_gyrus	DG_mouse_sample	103680	2417-3-20x-ApoE-WT-Sham-P2	Tensaouti	mouse	C57BL/6J	hippocampus;dentate gyrus	principal cell;granule;adult-born	young adult	Month	2.5	2.5	Male/Female	Control	in vitro	Dendrites, Soma, No Axon	No Diameter, 3D, Angles	Dendrites Moderate	Neurolucida	50	30079373	10.1523/ENEURO.0155-18.2018	http://neuromorpho.org/api/morphometry/id/103680	2417-3-20x-ApoE-WT-Sham-P2	3992.74	1098.0	1.0	7.0	15.0	119.812	223.677	47.63	1.1	244.315	311.208	4.0	0.870832	568.0	0.571429	2.0	66.9599	1.03456	486.837	41.0996	1155.39	True	True	True	True	True	0.012982629242074105
dentate_gyrus	DG_mouse_sample	103681	2417-3-20x-ApoE-WT-Sham-P27	Tensaouti	mouse	C57BL/6J	hippocampus;dentate gyrus	principal cell;granule;adult-born	young adult	Month	2.5	2.5	Male/Female	Control	in vitro	Dendrites, Soma, No Axon	No Diameter, 3D, Angles	Dendrites Moderate	Neurolucida	50	30079373	10.1523/ENEURO.0155-18.2018	http://neuromorpho.org/api/morphometry/id/103681	2417-3-20x-ApoE-WT-Sham-P27	2280.87	627.24	1.0	6.0	13.0	137.45	215.31	27.05	1.1	238.675	289.58	4.0	0.821407	289.0	0.533333	2.0	69.5023	1.05119	444.229	58.7517	660.022	True	True	True	True	True	0.019696313153197923
dentate_gyrus	DG_mouse_sample	103682	2416-3-20x-ApoE-WT-Sham-P1	Tensaouti	mouse	C57BL/6J	hippocampus;dentate gyrus	principal cell;granule;adult-born	young adult	Month	2.5	2.5	Male/Female	Control	in vitro	Dendrites, Soma, No Axon	No Diameter, 3D, Angles	Dendrites Moderate	Neurolucida	50	30079373	10.1523/ENEURO.0155-18.2018	http://neuromorpho.org/api/morphometry/id/103682	2416-3-20x-ApoE-WT-Sham-P1	2556.65	703.078	1.0	4.0	9.0	112.71	218.22	23.47	1.1	245.679	312.155	3.0	0.800218	365.0	0.25	2.0	95.2584	1.04987	713.203	49.6298	739.824	True	True	True	True	True	0.012165055472652956
dentate_gyrus	DG_mouse_sample	103683	2452-1-WT-20x-apo-sham-P8	Tensaouti	mouse	C57BL/6J	hippocampus;dentate gyrus	principal cell;granule;adult-born	young adult	Month	2.5	2.5	Male/Female	Control	in vitro	Dendrites, Soma, No Axon	No Diameter, 3D, Angles	Dendrites Moderate	Neurolucida	50	30079373	10.1523/ENEURO.0155-18.2018	http://neuromorpho.org/api/morphometry/id/103683	2452-1-WT-20x-apo-sham-P8	3637.97	1000.44	1.0	6.0	13.0	142.577	194.013	53.49	1.1	229.613	287.543	4.0	0.844264	496.0	0.266667	2.0	73.3841	1.05306	807.844	37.7738	1052.73	True	True	True	True	True	0.012348845382956693
dentate_gyrus	DG_mouse_sample	103684	2416-3-20x-ApoE-WT-Sham-P12	Tensaouti	mouse	C57BL/6J	hippocampus;dentate gyrus	principal cell;granule;adult-born	young adult	Month	2.5	2.5	Male/Female	Control	in vitro	Dendrites, Soma, No Axon	No Diameter, 3D, Angles	Dendrites Moderate	Neurolucida	50	30079373	10.1523/ENEURO.0155-18.2018	http://neuromorpho.org/api/morphometry/id/103684	2416-3-20x-ApoE-WT-Sham-P12	2551.35	701.621	1.0	7.0	15.0	60.3515	208.611	39.13	1.1	235.372	306.29	6.0	0.884993	310.0	0.619048	2.0	67.4635	1.04039	756.144	41.7488	738.29	True	True	True	True	True	0.020317219520784517
dentate_gyrus	DG_mouse_sample	103685	2452-1-WT-20x-apo-sham-P13	Tensaouti	mouse	C57BL/6J	hippocampus;dentate gyrus	principal cell;granule;adult-born	young adult	Month	2.5	2.5	Male/Female	Control	in vitro	Dendrites, Soma, No Axon	No Diameter, 3D, Angles	Dendrites Moderate	Neurolucida	50	30079373	10.1523/ENEURO.0155-18.2018	http://neuromorpho.org/api/morphometry/id/103685	2452-1-WT-20x-apo-sham-P13	4158.71	1143.65	1.0	11.0	23.0	99.8096	170.281	51.53	1.1	191.059	241.114	5.0	0.867776	582.0	0.460606	2.0	55.0318	1.04398	882.899	40.7276	1203.42	True	True	True	True	True	0.01911219690548603
dentate_gyrus	DG_mouse_sample	103686	2449-4-WT-20x-apo-sham-P4	Tensaouti	mouse	C57BL/6J	hippocampus;dentate gyrus	principal cell;granule;adult-born	young adult	Month	2.5	2.5	Male/Female	Control	in vitro	Dendrites, Soma, No Axon	No Diameter, 3D, Angles	Dendrites Moderate	Neurolucida	50	30079373	10.1523/ENEURO.0155-18.2018	http://neuromorpho.org/api/morphometry/id/103686	2449-4-WT-20x-apo-sham-P4	4515.62	1241.8	1.0	8.0	17.0	165.697	196.97	64.3	1.1	225.393	276.237	5.0	0.859697	660.0	0.489286	2.0	66.3804	1.04727	574.298	31.6213	1306.7	True	True	True	True	True	0.013009872197137827
dentate_gyrus	DG_mouse_sample	103687	2417-3-20x-ApoE-WT-Sham-P11	Tensaouti	mouse	C57BL/6J	hippocampus;dentate gyrus	principal cell;granule;adult-born	young adult	Month	2.5	2.5	Male/Female	Control	in vitro	Dendrites, Soma, No Axon	No Diameter, 3D, Angles	Dendrites Moderate	Neurolucida	50	30079373	10.1523/ENEURO.0155-18.2018	http://neuromorpho.org/api/morphometry/id/103687	2417-3-20x-ApoE-WT-Sham-P11	4295.85	1181.36	1.0	8.0	17.0	96.36	253.62	31.7	1.1	272.341	388.736	5.0	0.810922	601.0	0.491071	2.0	60.8035	1.06205	561.397	40.5405	1243.1	True	True	True	True	True	0.013675488697610812
dentate_gyrus	DG_mouse_sample	103688	2449-1-WT-20x-apo-sham-P1	Tensaouti	mouse	C57BL/6J	hippocampus;dentate gyrus	principal cell;granule;adult-born	young adult	Month	2.5	2.5	Male/Female	Control	in vitro	Dendrites, Soma, No Axon	No Diameter, 3D, Angles	Dendrites Moderate	Neurolucida	50	30079373	10.1523/ENEURO.0155-18.2018	http://neuromorpho.org/api/morphometry/id/103688	2449-1-WT-20x-apo-sham-P1	1337.89	367.919	1.0	4.0	9.0	34.2097	110.082	58.42	1.1	124.873	160.662	4.0	0.824534	176.0	0.75	2.0	56.2392	1.06248	866.646	44.0464	387.148	True	True	True	True	True	0.023246923657102708
dentate_gyrus	DG_mouse_sample	103689	2416-3-20x-ApoE-WT-Sham-P8	Tensaouti	mouse	C57BL/6J	hippocampus;dentate gyrus	principal cell;granule;adult-born	young adult	Month	2.5	2.5	Male/Female	Control	in vitro	Dendrites, Soma, No Axon	No Diameter, 3D, Angles	Dendrites Moderate	Neurolucida	50	30079373	10.1523/ENEURO.0155-18.2018	http://neuromorpho.org/api/morphometry/id/103689	2416-3-20x-ApoE-WT-Sham-P8	1531.8	421.244	1.0	4.0	9.0	58.4	181.01	49.55	1.1	201.205	250.919	3.0	0.866182	221.0	0.333333	2.0	74.5798	1.04104	584.161	40.2384	443.26	True	True	True	True	True	0.020304110454360872
dentate_gyrus	DG_mouse_sample	103690	2452-1-WT-20x-apo-sham-P1	Tensaouti	mouse	C57BL/6J	hippocampus;dentate gyrus	principal cell;granule;adult-born	young adult	Month	2.5	2.5	Male/Female	Control	in vitro	Dendrites, Soma, No Axon	Diameter, 3D, Angles	Dendrites Moderate	Neurolucida	50	30079373	10.1523/ENEURO.0155-18.2018	http://neuromorpho.org/api/morphometry/id/103690	2452-1-WT-20x-apo-sham-P1	2102.92	607.802	1.0	4.0	9.0	94.4984	166.852	38.42	1.1335	198.989	247.893	4.0	0.825606	263.0	0.75	2.0	55.8229	1.04677	953.164	45.6071	588.474	True	True	True	True	True	0.01529379377848469
dentate_gyrus	DG_mouse_sample	103691	2417-3-20x-ApoE-WT-Sham-P10	Tensaouti	mouse	C57BL/6J	hippocampus;dentate gyrus	principal cell;granule;adult-born	young adult	Month	2.5	2.5	Male/Female	Control	in vitro	Dendrites, Soma, No Axon	No Diameter, 3D, Angles	Dendrites Moderate	Neurolucida	50	30079373	10.1523/ENEURO.0155-18.2018	http://neuromorpho.org/api/morphometry/id/103691	2417-3-20x-ApoE-WT-Sham-P10	2934.15	806.89	1.0	8.0	17.0	107.938	207.683	29.87	1.1	226.38	298.679	5.0	0.819401	394.0	0.470238	2.0	41.6408	1.0624	769.497	42.097	849.062	True	True	True	True	True	0.020022094970685297
dentate_gyrus	DG_mouse_sample	103692	2449-4-WT-20x-apo-sham-P5	Tensaouti	mouse	C57BL/6J	hippocampus;dentate gyrus	principal cell;granule;adult-born	young adult	Month	2.5	2.5	Male/Female	Control	in vitro	Dendrites, Soma, No Axon	No Diameter, 3D, Angles	Dendrites Moderate	Neurolucida	50	30079373	10.1523/ENEURO.0155-18.2018	http://neuromorpho.org/api/morphometry/id/103692	2449-4-WT-20x-apo-sham-P5	3625.23	996.939	1.0	10.0	21.0	130.672	190.499	34.77	1.1	209.63	267.331	5.0	0.885013	508.0	0.353333	2.0	50.458	1.0393	743.672	47.9856	1049.04	True	True	True	True	True	0.020018302447952413
dentate_gyrus	DG_mouse_sample	144971	wt_-41_Neuron2_30_Dendrite-1st-to-3rd-order	Middei_Minichiello	mouse	TrkbGad1-WT	hippocampus;dentate gyrus	principal cell;granule;mature	adult	Month	2.0	2.0	Male	Control	in vitro	Dendrites, No Soma, No Axon	No Diameter, 3D, Angles	Dendrites Incomplete	Neurolucida	100	32361506	10.1016/j.isci.2020.101078	http://neuromorpho.org/api/morphometry/id/144971	wt_-41_Neuron2_30_Dendrite-1st-to-3rd-order	25.2695	0.442216	1.0	3.0	7.0	14.5907	60.6302	5.4	0.07	64.8645	68.4623	2.0	0.945378	35.0	0.0	2.0	68.048	1.01205		47.7484	114.907	True	True	True	True	True	0.0609188300103562
dentate_gyrus	DG_mouse_sample	144973	wt_-41_Neuron1_34_Dendrite-4th-order	Middei_Minichiello	mouse	TrkbGad1-WT	hippocampus;dentate gyrus	principal cell;granule;mature	adult	Month	2.0	2.0	Male	Control	in vitro	Dendrites, No Soma, No Axon	No Diameter, 3D, Angles	Dendrites Incomplete	Neurolucida	100	32361506	10.1016/j.isci.2020.101078	http://neuromorpho.org/api/morphometry/id/144973	wt_-41_Neuron1_34_Dendrite-4th-order	37.832	0.66206	1.0	1.0	3.0	25.2625	113.83	3.87	0.07	124.525	129.151	1.0	0.954615	36.0	0.0	2.0	69.1219	1.00774		28.7115	172.033	True	True	True	True	True	0.017438514703574316
dentate_gyrus	DG_mouse_sample	144975	ko_-10_Neuron2_80sxB_Dendrite-1st-to-4th-order	Middei_Minichiello	mouse	TrkbGad1-KO	hippocampus;dentate gyrus	principal cell;granule;mature	adult	Month	2.0	2.0	Male	TrKB Knockout	in vitro	Dendrites, No Soma, No Axon	No Diameter, 3D, Angles	Dendrites Incomplete	Neurolucida	100	32361506	10.1016/j.isci.2020.101078	http://neuromorpho.org/api/morphometry/id/144975	ko_-10_Neuron2_80sxB_Dendrite-1st-to-4th-order	49.7021	0.869787	1.0	4.0	9.0	32.392	66.6296	37.67	0.07	76.4089	80.1558	3.0	0.953182	47.0	0.25	2.0	80.5844	1.01025		44.7702	226.01	False	True	True	True	True	0.03982124684748463
dentate_gyrus	DG_mouse_sample	144976	ko_-27_Neuron1_94_Dendrite-2nd-to-3rd-order	Middei_Minichiello	mouse	TrkbGad1-KO	hippocampus;dentate gyrus	principal cell;granule;mature	adult	Month	2.0	2.0	Male	TrKB Knockout	in vitro	Dendrites, No Soma, No Axon	No Diameter, 3D, Angles	Dendrites Incomplete	Neurolucida	100	32361506	10.1016/j.isci.2020.101078	http://neuromorpho.org/api/morphometry/id/144976	ko_-27_Neuron1_94_Dendrite-2nd-to-3rd-order	29.2907	0.512587	1.0	1.0	3.0	44.1409	78.8297	5.41	0.07	82.05	88.7434	1.0	0.976856	32.0	0.0	2.0	52.38	1.00506		60.9605	133.193	False	True	True	True	True	0.022523706200776317
dentate_gyrus	DG_mouse_sample	144977	wt_-23_Neuron2_06_sx_Dendrite-1st-to-3rd-order	Middei_Minichiello	mouse	TrkbGad1-WT	hippocampus;dentate gyrus	principal cell;granule;mature	adult	Month	2.0	2.0	Male	Control	in vitro	Dendrites, No Soma, No Axon	No Diameter, 3D, Angles	Dendrites Incomplete	Neurolucida	100	32361506	10.1016/j.isci.2020.101078	http://neuromorpho.org/api/morphometry/id/144977	wt_-23_Neuron2_06_sx_Dendrite-1st-to-3rd-order	61.8992	1.08324	1.0	3.0	7.0	79.5153	72.6004	20.2	0.07	84.1505	112.152	2.0	0.873596	65.0	0.0	2.0	61.3914	1.02633		55.856	281.473	True	True	True	True	True	0.02486917040000284
dentate_gyrus	DG_mouse_sample	144978	ko_-40_Neuron2_54_Dendrite-2nd-to-3rd-order	Middei_Minichiello	mouse	TrkbGad1-KO	hippocampus;dentate gyrus	principal cell;granule;mature	adult	Month	2.0	2.0	Male	TrKB Knockout	in vitro	Dendrites, No Soma, No Axon	No Diameter, 3D, Angles	Dendrites Incomplete	Neurolucida	100	32361506	10.1016/j.isci.2020.101078	http://neuromorpho.org/api/morphometry/id/144978	ko_-40_Neuron2_54_Dendrite-2nd-to-3rd-order	28.9837	0.507215	1.0	2.0	5.0	8.42027	53.3611	30.25	0.07	60.441	68.9964	2.0	0.913651	25.0	0.5	2.0	62.4414	1.02044		45.4806	131.797	False	True	True	True	True	0.037937130587190906
dentate_gyrus	DG_mouse_sample	144979	ko_-28_Neuron1_34_Dendrite-1st-to-4th-order	Middei_Minichiello	mouse	TrkbGad1-KO	hippocampus;dentate gyrus	principal cell;granule;mature	adult	Month	2.0	2.0	Male	TrKB Knockout	in vitro	Dendrites, No Soma, No Axon	No Diameter, 3D, Angles	Dendrites Incomplete	Neurolucida	100	32361506	10.1016/j.isci.2020.101078	http://neuromorpho.org/api/morphometry/id/144979	ko_-28_Neuron1_34_Dendrite-1st-to-4th-order	62.4726	1.09327	1.0	3.0	7.0	112.951	64.6401	12.68	0.07	127.175	134.372	3.0	0.920231	69.0	0.666667	2.0	51.0138	1.01958		44.6266	284.081	False	True	True	True	True	0.024640859473178425
dentate_gyrus	DG_mouse_sample	144980	wt_-24_Neuron1_22_Dendrite-1st-to-3rd-order	Middei_Minichiello	mouse	TrkbGad1-WT	hippocampus;dentate gyrus	principal cell;granule;mature	adult	Month	2.0	2.0	Male	Control	in vitro	Dendrites, No Soma, No Axon	No Diameter, 3D, Angles	Dendrites Incomplete	Neurolucida	100	32361506	10.1016/j.isci.2020.101078	http://neuromorpho.org/api/morphometry/id/144980	wt_-24_Neuron1_22_Dendrite-1st-to-3rd-order	62.5307	1.09429	1.0	3.0	7.0	54.1475	80.7508	18.97	0.07	96.031	102.617	2.0	0.944906	67.0	0.0	2.0	58.4428	1.01215		38.6775	284.345	True	True	True	True	True	0.02461798167718792
dentate_gyrus	DG_mouse_sample	144981	ko_-10_Neuron2_70_Dendrite-2nd-to-3rd	Middei_Minichiello	mouse	TrkbGad1-KO	hippocampus;dentate gyrus	principal cell;granule;mature	adult	Month	2.0	2.0	Male	TrKB Knockout	in vitro	Dendrites, No Soma, No Axon	No Diameter, 3D, Angles	Dendrites Incomplete	Neurolucida	100	32361506	10.1016/j.isci.2020.101078	http://neuromorpho.org/api/morphometry/id/144981	ko_-10_Neuron2_70_Dendrite-2nd-to-3rd	48.7326	0.85282	1.0	2.0	5.0	38.8224	98.1898	7.93	0.07	106.885	114.201	2.0	0.937749	43.0	0.5	2.0	41.5769	1.01692		29.4873	221.601	False	True	True	True	True	0.022563075076376008
dentate_gyrus	DG_mouse_sample	144983	ko_-27_Neuron3_16b_Dendrite-1st-to-2nd-order	Middei_Minichiello	mouse	TrkbGad1-KO	hippocampus;dentate gyrus	principal cell;granule;mature	adult	Month	2.0	2.0	Male	TrKB Knockout	in vitro	Dendrites, No Soma, No Axon	No Diameter, 3D, Angles	Dendrites Incomplete	Neurolucida	100	32361506	10.1016/j.isci.2020.101078	http://neuromorpho.org/api/morphometry/id/144983	ko_-27_Neuron3_16b_Dendrite-1st-to-2nd-order	19.0086	0.33265	1.0	1.0	3.0	10.5711	44.8005	2.6	0.07	53.2228	56.8006	1.0	0.955461	20.0	0.0	2.0	42.9125	1.01377		15.098	86.4374	False	True	True	True	True	0.034707198504351125
dentate_gyrus	DG_mouse_sample	144985	ko_-40_Neuron2_06b_Dendrite-2nd-order	Middei_Minichiello	mouse	TrkbGad1-KO	hippocampus;dentate gyrus	principal cell;granule;mature	adult	Month	2.0	2.0	Male	TrKB Knockout	in vitro	Dendrites, No Soma, No Axon	No Diameter, 3D, Angles	Dendrites Incomplete	Neurolucida	100	32361506	10.1016/j.isci.2020.101078	http://neuromorpho.org/api/morphometry/id/144985	ko_-40_Neuron2_06b_Dendrite-2nd-order	48.2795	0.844892	2.0	1.0	4.0	50.3899	105.14	4.28	0.07	112.891	127.348	2.0	0.967367	38.0	0.5	2.0	139.267	1.00452		83.3826	219.541	False	True	True	True	True	0.01821983137546062
dentate_gyrus	DG_mouse_sample	144987	ko_-40_Neuron2_06b_Dendrite-4th-order	Middei_Minichiello	mouse	TrkbGad1-KO	hippocampus;dentate gyrus	principal cell;granule;mature	adult	Month	2.0	2.0	Male	TrKB Knockout	in vitro	Dendrites, No Soma, No Axon	No Diameter, 3D, Angles	Dendrites Incomplete	Neurolucida	100	32361506	10.1016/j.isci.2020.101078	http://neuromorpho.org/api/morphometry/id/144987	ko_-40_Neuron2_06b_Dendrite-4th-order	39.934	0.698845	2.0	0.0	2.0	22.7505	92.48	10.37	0.07	98.3023	112.797	1.0	0.919992	34.0	0.0	2.0	66.3237	1.01847		16.7954	181.591	False	True	True	True	True	0.011013761695238199
dentate_gyrus	DG_mouse_sample	144988	wt_-23_Neuron2_18_Dendrite-1st-to-3rd-order	Middei_Minichiello	mouse	TrkbGad1-WT	hippocampus;dentate gyrus	principal cell;granule;mature	adult	Month	2.0	2.0	Male	Control	in vitro	Dendrites, No Soma, No Axon	No Diameter, 3D, Angles	Dendrites Incomplete	Neurolucida	100	32361506	10.1016/j.isci.2020.101078	http://neuromorpho.org/api/morphometry/id/144988	wt_-23_Neuron2_18_Dendrite-1st-to-3rd-order	35.4866	0.621016	1.0	3.0	7.0	36.4599	77.2201	5.65	0.07	79.4118	83.0318	2.0	0.978538	35.0	0.0	2.0	64.1253	1.00921		64.7814	161.368	True	True	True	True	True	0.043379108621287986
dentate_gyrus	DG_mouse_sample	144989	wt_-25_Neuron2_92_Dendrite-1st-to-2nd-order	Middei_Minichiello	mouse	TrkbGad1-WT	hippocampus;dentate gyrus	principal cell;granule;mature	adult	Month	2.0	2.0	Male	Control	in vitro	Dendrites, No Soma, No Axon	No Diameter, 3D, Angles	Dendrites Incomplete	Neurolucida	100	32361506	10.1016/j.isci.2020.101078	http://neuromorpho.org/api/morphometry/id/144989	wt_-25_Neuron2_92_Dendrite-1st-to-2nd-order	19.8315	0.347051	1.0	1.0	3.0	10.9506	72.98	4.27	0.07	76.6741	81.3271	1.0	0.952135	21.0	0.0	2.0	58.8093	1.01166		59.0103	90.1794	True	True	True	True	True	0.03326702107133114
dentate_gyrus	DG_mouse_sample	144990	ko_-28_Neuron2_46b_Dendrite-4th-order	Middei_Minichiello	mouse	TrkbGad1-KO	hippocampus;dentate gyrus	principal cell;granule;mature	adult	Month	2.0	2.0	Male	TrKB Knockout	in vitro	Dendrites, No Soma, No Axon	No Diameter, 3D, Angles	Dendrites Incomplete	Neurolucida	100	32361506	10.1016/j.isci.2020.101078	http://neuromorpho.org/api/morphometry/id/144990	ko_-28_Neuron2_46b_Dendrite-4th-order	15.985	0.279737	1.0	2.0	5.0	38.3121	12.0914	3.8	0.07	23.1576	45.5119	2.0	0.858061	26.0	0.5	2.0	130.688	1.0309		107.821	72.6882	False	True	True	True	True	0.06878695579199925
dentate_gyrus	DG_mouse_sample	144991	ko_-28_Neuron2_46_Dendrite-4th-order	Middei_Minichiello	mouse	TrkbGad1-KO	hippocampus;dentate gyrus	principal cell;granule;mature	adult	Month	2.0	2.0	Male	TrKB Knockout	in vitro	Dendrites, No Soma, No Axon	No Diameter, 3D, Angles	Dendrites Incomplete	Neurolucida	100	32361506	10.1016/j.isci.2020.101078	http://neuromorpho.org/api/morphometry/id/144991	ko_-28_Neuron2_46_Dendrite-4th-order	24.6788	0.431878	2.0	0.0	2.0	19.0916	70.6097	8.63	0.07	75.8361	79.5826	1.0	0.958989	24.0	0.0	2.0	70.6953	1.0067		22.4684	112.221	False	True	True	True	True	0.01782197627894957
dentate_gyrus	DG_mouse_sample	144996	ko_-40_Neuron2_06c_Dendrite-2nd-to-3rd-order	Middei_Minichiello	mouse	TrkbGad1-KO	hippocampus;dentate gyrus	principal cell;granule;mature	adult	Month	2.0	2.0	Male	TrKB Knockout	in vitro	Dendrites, No Soma, No Axon	No Diameter, 3D, Angles	Dendrites Incomplete	Neurolucida	100	32361506	10.1016/j.isci.2020.101078	http://neuromorpho.org/api/morphometry/id/144996	ko_-40_Neuron2_06c_Dendrite-2nd-to-3rd-order	43.5754	0.76257	1.0	2.0	5.0	32.9786	117.39	14.7	0.07	122.445	145.077	2.0	0.873184	31.0	0.5	2.0	86.7071	1.02403		61.0113	198.15	False	True	True	True	True	0.025233409033560434
dentate_gyrus	DG_mouse_sample	144997	wt_Neuron1_82_Dendrite-1st-to-3rd-order	Middei_Minichiello	mouse	TrkbGad1-WT	hippocampus;dentate gyrus	principal cell;granule;mature	adult	Month	2.0	2.0	Male	Control	in vitro	Dendrites, No Soma, No Axon	No Diameter, 3D, Angles	Dendrites Incomplete	Neurolucida	100	32361506	10.1016/j.isci.2020.101078	http://neuromorpho.org/api/morphometry/id/144997	wt_Neuron1_82_Dendrite-1st-to-3rd-order	36.6063	0.64061	1.0	1.0	3.0	31.9458	90.8494	7.49	0.07	97.8753	106.594	1.0	0.907537	33.0	0.0	2.0	99.0546	1.01898		27.4018	166.459	True	True	True	True	True	0.01802245598015127
dentate_gyrus	DG_mouse_sample	144999	wt_-23_Neuron2_46_Dendrite-1st-to-3rd-order	Middei_Minichiello	mouse	TrkbGad1-WT	hippocampus;dentate gyrus	principal cell;granule;mature	adult	Month	2.0	2.0	Male	Control	in vitro	Dendrites, No Soma, No Axon	No Diameter, 3D, Angles	Dendrites Incomplete	Neurolucida	100	32361506	10.1016/j.isci.2020.101078	http://neuromorpho.org/api/morphometry/id/144999	wt_-23_Neuron2_46_Dendrite-1st-to-3rd-order	42.3489	0.741105	1.0	2.0	5.0	30.2395	75.1348	12.63	0.07	81.155	94.9459	2.0	0.909773	41.0	0.5	2.0	46.9588	1.01288		53.2192	192.572	True	True	True	True	True	0.025964314645950604
dentate_gyrus	DG_mouse_sample	145000	ko_-27_Neuron1_46_Dendrite-1st-to-2nd-order	Middei_Minichiello	mouse	TrkbGad1-KO	hippocampus;dentate gyrus	principal cell;granule;mature	adult	Month	2.0	2.0	Male	TrKB Knockout	in vitro	Dendrites, No Soma, No Axon	No Diameter, 3D, Angles	Dendrites Incomplete	Neurolucida	100	32361506	10.1016/j.isci.2020.101078	http://neuromorpho.org/api/morphometry/id/145000	ko_-27_Neuron1_46_Dendrite-1st-to-2nd-order	16.5388	0.289429	1.0	1.0	3.0	23.7242	39.8423	7.84	0.07	42.6557	47.1825	1.0	0.917243	28.0	0.0	2.0	56.2917	1.03484		54.7105	75.2067	False	True	True	True	True	0.03989006298640946
dentate_gyrus	DG_mouse_sample	145002	wt_Neuron2_70b_Dendrite-1st-to-2nd-order	Middei_Minichiello	mouse	TrkbGad1-WT	hippocampus;dentate gyrus	principal cell;granule;mature	adult	Month	2.0	2.0	Male	Control	in vitro	Dendrites, No Soma, No Axon	No Diameter, 3D, Angles	Dendrites Incomplete	Neurolucida	100	32361506	10.1016/j.isci.2020.101078	http://neuromorpho.org/api/morphometry/id/145002	wt_Neuron2_70b_Dendrite-1st-to-2nd-order	29.5663	0.51741	1.0	1.0	3.0	35.2801	80.8195	4.76	0.07	88.4386	92.4227	1.0	0.96325	28.0	0.0	2.0	71.4232	1.0106		49.5263	134.446	True	True	True	True	True	0.022313791410677894
dentate_gyrus	DG_mouse_sample	145003	wt_-23_Neuron2_54_dendrite-2nd-to-3rd-order	Middei_Minichiello	mouse	TrkbGad1-WT	hippocampus;dentate gyrus	principal cell;granule;mature	adult	Month	2.0	2.0	Male	Control	in vitro	Dendrites, No Soma, No Axon	No Diameter, 3D, Angles	Dendrites Incomplete	Neurolucida	100	32361506	10.1016/j.isci.2020.101078	http://neuromorpho.org/api/morphometry/id/145003	wt_-23_Neuron2_54_dendrite-2nd-to-3rd-order	12.3839	0.216718	1.0	1.0	3.0	5.25662	33.9904	6.12	0.07	43.8736	50.9319	1.0	0.904745	12.0	0.0	2.0	89.5438	1.0082		54.384	56.3131	True	True	True	True	True	0.05327357222386976
dentate_gyrus	DG_mouse_sample	145004	wt_-25_Neuron2_80_Dendrite-2nd-to-3rd-order	Middei_Minichiello	mouse	TrkbGad1-WT	hippocampus;dentate gyrus	principal cell;granule;mature	adult	Month	2.0	2.0	Male	Control	in vitro	Dendrites, No Soma, No Axon	No Diameter, 3D, Angles	Dendrites Incomplete	Neurolucida	100	32361506	10.1016/j.isci.2020.101078	http://neuromorpho.org/api/morphometry/id/145004	wt_-25_Neuron2_80_Dendrite-2nd-to-3rd-order	50.5183	0.884071	1.0	3.0	7.0	45.2434	85.5082	7.58	0.07	96.482	105.294	2.0	0.917351	50.0	0.0	2.0	57.5904	1.01847		35.4981	229.721	True	True	True	True	True	0.030471746161648258
dentate_gyrus	DG_mouse_sample	145005	wt_-25_Neuron2_18_Dendrite-1st-to-2nd-order	Middei_Minichiello	mouse	TrkbGad1-WT	hippocampus;dentate gyrus	principal cell;granule;mature	adult	Month	2.0	2.0	Male	Control	in vitro	Dendrites, No Soma, No Axon	No Diameter, 3D, Angles	Dendrites Incomplete	Neurolucida	100	32361506	10.1016/j.isci.2020.101078	http://neuromorpho.org/api/morphometry/id/145005	wt_-25_Neuron2_18_Dendrite-1st-to-2nd-order	10.9908	0.19234	1.0	1.0	3.0	17.3528	26.2295	3.49	0.07	29.264	31.8202	1.0	0.96761	11.0	0.0	2.0	47.6523	1.01551		62.5103	49.9784	True	True	True	True	True	0.060025931202279385
dentate_gyrus	DG_mouse_sample	145008	ko_-28_Neuron1_46_Dendrite-2nd-to-4th-order	Middei_Minichiello	mouse	TrkbGad1-KO	hippocampus;dentate gyrus	principal cell;granule;mature	adult	Month	2.0	2.0	Male	TrKB Knockout	in vitro	Dendrites, No Soma, No Axon	No Diameter, 3D, Angles	Dendrites Incomplete	Neurolucida	100	32361506	10.1016/j.isci.2020.101078	http://neuromorpho.org/api/morphometry/id/145008	ko_-28_Neuron1_46_Dendrite-2nd-to-4th-order	51.8373	0.907152	1.0	2.0	5.0	24.8271	128.459	8.51	0.07	136.951	146.4	2.0	0.919865	64.0	0.5	2.0	55.9444	1.02282		25.8865	235.719	False	True	True	True	True	0.02121169697818165
dentate_gyrus	DG_mouse_sample	145009	ko_-28_Neuron2_80_Dendrite-1st-to-3rd-order	Middei_Minichiello	mouse	TrkbGad1-KO	hippocampus;dentate gyrus	principal cell;granule;mature	adult	Month	2.0	2.0	Male	TrKB Knockout	in vitro	Dendrites, No Soma, No Axon	No Diameter, 3D, Angles	Dendrites Incomplete	Neurolucida	100	32361506	10.1016/j.isci.2020.101078	http://neuromorpho.org/api/morphometry/id/145009	ko_-28_Neuron2_80_Dendrite-1st-to-3rd-order	48.7685	0.853448	2.0	3.0	8.0	55.0589	56.5156	13.32	0.07	66.0359	73.5837	3.0	0.959569	52.0	0.333333	2.0	47.34	1.00809		35.3067	221.764	False	True	True	True	True	0.036074385382659044
dentate_gyrus	DG_mouse_sample	145010	ko_-28_Neuron1_94_Dendrite-1st-to-4th	Middei_Minichiello	mouse	TrkbGad1-KO	hippocampus;dentate gyrus	principal cell;granule;mature	adult	Month	2.0	2.0	Male	TrKB Knockout	in vitro	Dendrites, No Soma, No Axon	No Diameter, 3D, Angles	Dendrites Incomplete	Neurolucida	100	32361506	10.1016/j.isci.2020.101078	http://neuromorpho.org/api/morphometry/id/145010	ko_-28_Neuron1_94_Dendrite-1st-to-4th	71.9726	1.25952	1.0	4.0	9.0	47.404	115.18	20.57	0.07	132.062	157.276	3.0	0.897852	79.0	0.333333	2.0	75.7341	1.01983		48.528	327.28	False	True	True	True	True	0.027499388902468835
dentate_gyrus	DG_mouse_sample	145011	ko_-28_Neuron2_92_Dendrite-1st-to-2nd-order	Middei_Minichiello	mouse	TrkbGad1-KO	hippocampus;dentate gyrus	principal cell;granule;mature	adult	Month	2.0	2.0	Male	TrKB Knockout	in vitro	Dendrites, No Soma, No Axon	No Diameter, 3D, Angles	Dendrites Incomplete	Neurolucida	100	32361506	10.1016/j.isci.2020.101078	http://neuromorpho.org/api/morphometry/id/145011	ko_-28_Neuron2_92_Dendrite-1st-to-2nd-order	29.1483	0.510095	1.0	1.0	3.0	18.4214	74.7596	6.29	0.07	80.0047	94.8278	1.0	0.828179	25.0	0.0	2.0	58.1579	1.01843		26.708	132.546	False	True	True	True	True	0.022633651713367436
dentate_gyrus	DG_mouse_sample	145012	ko_-40_Neuron2_06_Dendrite-1st-to-3rd-order	Middei_Minichiello	mouse	TrkbGad1-KO	hippocampus;dentate gyrus	principal cell;granule;mature	adult	Month	2.0	2.0	Male	TrKB Knockout	in vitro	Dendrites, No Soma, No Axon	No Diameter, 3D, Angles	Dendrites Incomplete	Neurolucida	100	32361506	10.1016/j.isci.2020.101078	http://neuromorpho.org/api/morphometry/id/145012	ko_-40_Neuron2_06_Dendrite-1st-to-3rd-order	20.4752	0.358317	1.0	2.0	5.0	27.861	48.8896	5.47	0.07	56.413	58.8829	2.0	0.943237	21.0	0.5	2.0	53.6308	1.01012		59.0658	93.1068	False	True	True	True	True	0.053701770439967864
dentate_gyrus	DG_mouse_sample	145014	wt_-41_Neuron2_06_Dendrite-1st-to-4th-order	Middei_Minichiello	mouse	TrkbGad1-WT	hippocampus;dentate gyrus	principal cell;granule;mature	adult	Month	2.0	2.0	Male	Control	in vitro	Dendrites, No Soma, No Axon	No Diameter, 3D, Angles	Dendrites Incomplete	Neurolucida	100	32361506	10.1016/j.isci.2020.101078	http://neuromorpho.org/api/morphometry/id/145014	wt_-41_Neuron2_06_Dendrite-1st-to-4th-order	37.5447	0.657032	1.0	4.0	9.0	29.322	76.5832	9.61	0.07	79.035	89.9277	3.0	0.942158	44.0	0.333333	2.0	87.0875	1.01218		67.4967	170.726	True	True	True	True	True	0.05271604793645959
dentate_gyrus	DG_mouse_sample	145015	wt_-23_Neuron2_70_sx_Dendrite-1st-to-2nd-order	Middei_Minichiello	mouse	TrkbGad1-WT	hippocampus;dentate gyrus	principal cell;granule;mature	adult	Month	2.0	2.0	Male	Control	in vitro	Dendrites, No Soma, No Axon	No Diameter, 3D, Angles	Dendrites Incomplete	Neurolucida	100	32361506	10.1016/j.isci.2020.101078	http://neuromorpho.org/api/morphometry/id/145015	wt_-23_Neuron2_70_sx_Dendrite-1st-to-2nd-order	18.0853	0.316494	1.0	1.0	3.0	6.28923	53.0998	12.03	0.07	57.524	63.2054	1.0	0.955961	18.0	0.0	2.0	31.4098	1.01306		27.3902	82.2392	True	True	True	True	True	0.03647895407542875
dentate_gyrus	DG_mouse_sample	145016	wt_-41_Neuron1_70_dendrite-1st-to-4th-order	Middei_Minichiello	mouse	TrkbGad1-WT	hippocampus;dentate gyrus	principal cell;granule;mature	adult	Month	2.0	2.0	Male	Control	in vitro	Dendrites, No Soma, No Axon	No Diameter, 3D, Angles	Dendrites Incomplete	Neurolucida	100	32361506	10.1016/j.isci.2020.101078	http://neuromorpho.org/api/morphometry/id/145016	wt_-41_Neuron1_70_dendrite-1st-to-4th-order	36.8822	0.645438	1.0	2.0	5.0	16.5121	58.4393	19.26	0.07	62.8835	79.5122	2.0	0.902206	36.0	0.5	2.0	73.2576	1.01684		44.9826	167.714	True	True	True	True	True	0.029812657261767055
dentate_gyrus	DG_mouse_sample	145021	ko_-40_Neuron1_94_Dendrite-4th-ordrer	Middei_Minichiello	mouse	TrkbGad1-KO	hippocampus;dentate gyrus	principal cell;granule;mature	adult	Month	2.0	2.0	Male	TrKB Knockout	in vitro	Dendrites, No Soma, No Axon	No Diameter, 3D, Angles	Dendrites Incomplete	Neurolucida	100	32361506	10.1016/j.isci.2020.101078	http://neuromorpho.org/api/morphometry/id/145021	ko_-40_Neuron1_94_Dendrite-4th-ordrer	17.969	0.314457	1.0	1.0	3.0	10.931	38.5803	5.29	0.07	43.0733	48.696	1.0	0.91751	22.0	0.0	2.0	62.7721	1.02972		10.5014	81.7101	False	True	True	True	True	0.036715167402805775
dentate_gyrus	DG_mouse_sample	145022	wt_-25_Neuron2_92b_Dendrite-1st-to-4th-order	Middei_Minichiello	mouse	TrkbGad1-WT	hippocampus;dentate gyrus	principal cell;granule;mature	adult	Month	2.0	2.0	Male	Control	in vitro	Dendrites, No Soma, No Axon	No Diameter, 3D, Angles	Dendrites Incomplete	Neurolucida	100	32361506	10.1016/j.isci.2020.101078	http://neuromorpho.org/api/morphometry/id/145022	wt_-25_Neuron2_92b_Dendrite-1st-to-4th-order	41.1208	0.719614	1.0	2.0	5.0	28.7646	75.9088	13.56	0.07	84.1817	95.5433	2.0	0.886539	47.0	0.5	2.0	69.2303	1.02659		27.6578	186.988	True	True	True	True	True	0.026739683829978395
dentate_gyrus	DG_mouse_sample	145023	wt_-25_Neuron2_70_Dendrite-1st-to-3rd-order	Middei_Minichiello	mouse	TrkbGad1-WT	hippocampus;dentate gyrus	principal cell;granule;mature	adult	Month	2.0	2.0	Male	Control	in vitro	Dendrites, No Soma, No Axon	No Diameter, 3D, Angles	Dendrites Incomplete	Neurolucida	100	32361506	10.1016/j.isci.2020.101078	http://neuromorpho.org/api/morphometry/id/145023	wt_-25_Neuron2_70_Dendrite-1st-to-3rd-order	40.2813	0.704923	1.0	2.0	5.0	24.0986	88.4698	12.78	0.07	97.476	117.296	2.0	0.87858	37.0	0.5	2.0	75.215	1.0343		45.8661	183.171	True	True	True	True	True	0.02729689743463758
dentate_gyrus	DG_mouse_sample	145880	Dentate-Gyrus-4	Chen_D	mouse	Shank3 -/-: CAMKII alpha-Cre	hippocampus;dentate gyrus	principal cell;granule;Calcium/calmodulin-dependent protein kinase II (CaMKII)-positive	adult	Month	2.0	2.0	Male	Shank3 knockout	in vivo	Dendrites, No Soma, No Axon	No Diameter, 3D, Angles	Dendrites Moderate	Imaris	200	32581718	10.3389/fncel.2020.00145	http://neuromorpho.org/api/morphometry/id/145880	Dentate-Gyrus-4	4040.54	939.425	1.0	25.0	51.0	100.01	184.15	24.38	0.93	203.976	218.198	8.0	0.945035	4273.0	0.53817	2.0	32.9211	1.01712		41.4643	1382.95	False	True	True	True	True	0.03687768899815611
dentate_gyrus	DG_mouse_sample	145894	Dentate-Gyrus-5	Chen_D	mouse	Shank3 +/+: CAMKII alpha-Cre	hippocampus;dentate gyrus	principal cell;granule;Calcium/calmodulin-dependent protein kinase II (CaMKII)-positive	adult	Month	2.0	2.0	Male	Control	in vivo	Dendrites, No Soma, No Axon	No Diameter, 3D, Angles	Dendrites Moderate	Imaris	200	32581718	10.3389/fncel.2020.00145	http://neuromorpho.org/api/morphometry/id/145894	Dentate-Gyrus-5	3281.77	763.012	1.0	24.0	49.0	126.091	163.882	29.83	0.93	198.486	220.302	13.0	0.907404	3317.0	0.642815	2.0	34.3942	1.03227		47.8573	1123.25	True	True	True	True	True	0.043623414199866456
dentate_gyrus	DG_mouse_sample	145895	Dentate-Gyrus-2-b	Chen_D	mouse	Shank3 +/+: CAMKII alpha-Cre	hippocampus;dentate gyrus	principal cell;granule;Calcium/calmodulin-dependent protein kinase II (CaMKII)-positive	adult	Month	2.0	2.0	Male	Control	in vivo	Dendrites, No Soma, No Axon	Diameter, 3D, Angles	Dendrites Moderate	Imaris	200	32581718	10.3389/fncel.2020.00145	http://neuromorpho.org/api/morphometry/id/145895	Dentate-Gyrus-2-b	12542.4	6000.89	2.0	405.0	812.0	199.007	142.542	27.56	1.7686	147.864	237.863	82.0	0.927815	5113.0	0.785639	1.64895	73.291	1.05018		85.4286	2394.74	True	True	True	True	True	0.3390764759431087
dentate_gyrus	DG_mouse_sample	145905	Dentate-Gyrus-3	Chen_D	mouse	Shank3 -/-: CAMKII alpha-Cre	hippocampus;dentate gyrus	principal cell;granule;Calcium/calmodulin-dependent protein kinase II (CaMKII)-positive	adult	Month	2.0	2.0	Male	Shank3 knockout	in vivo	Dendrites, No Soma, No Axon	No Diameter, 3D, Angles	Dendrites Moderate	Imaris	200	32581718	10.3389/fncel.2020.00145	http://neuromorpho.org/api/morphometry/id/145905	Dentate-Gyrus-3	4693.03	1091.13	1.0	35.0	71.0	103.442	166.28	45.11	0.93	190.943	200.934	16.0	0.953388	4988.0	0.653292	2.0	34.4308	1.01978		37.6987	1606.28	False	True	True	True	True	0.04420150907687327
dentate_gyrus	DG_mouse_sample	145908	Dentate-Gyrus-1-a	Chen_D	mouse	Shank3 -/-: CAMKII alpha-Cre	hippocampus;dentate gyrus	principal cell;granule;Calcium/calmodulin-dependent protein kinase II (CaMKII)-positive	adult	Month	2.0	2.0	Male	Shank3 knockout	in vivo	Dendrites, No Soma, No Axon	No Diameter, 3D, Angles	Dendrites Moderate	Imaris	200	32581718	10.3389/fncel.2020.00145	http://neuromorpho.org/api/morphometry/id/145908	Dentate-Gyrus-1-a	5694.62	1324.0	1.0	17.0	35.0	213.19	199.44	26.64	0.93	238.903	253.729	8.0	0.959854	6167.0	0.459314	2.0	28.2645	1.01195		26.582	1949.09	False	True	True	True	True	0.0179570979277509
dentate_gyrus	DG_mouse_sample	145913	Dentate-Gyrus-2-a	Chen_D	mouse	Shank3 +/+: CAMKII alpha-Cre	hippocampus;dentate gyrus	principal cell;granule;Calcium/calmodulin-dependent protein kinase II (CaMKII)-positive	adult	Month	2.0	2.0	Male	Control	in vivo	Dendrites, No Soma, No Axon	No Diameter, 3D, Angles	Dendrites Moderate	Imaris	200	32581718	10.3389/fncel.2020.00145	http://neuromorpho.org/api/morphometry/id/145913	Dentate-Gyrus-2-a	2959.48	688.078	1.0	14.0	29.0	141.203	200.451	29.19	0.93	146.215	171.535	7.0	0.924882	3151.0	0.459524	2.0	36.9997	1.02162		59.7054	1012.94	True	True	True	True	True	0.028629533832211184
dentate_gyrus	DG_mouse_sample	148667	4--ELS-TEE-No-47-Ventral-5	Wang_XD	mouse	C57BL/6N	hippocampus;dentate gyrus;ventral;granule layer	principal cell;granule;glutamatergic	adult	Day	95.0	95.0	Male	early-life stressed (ES) + tactile experience enrichment (TEE)	in vitro	Dendrites, Soma, No Axon	Diameter, 3D, Angles	Dendrites Complete	NeuronStudio	120	33247136	10.1038/s41467-020-19874-8	http://neuromorpho.org/api/morphometry/id/148667	4--ELS-TEE-No-47-Ventral-5	5934.33	1952.3	1.0	14.0	29.0	111.772	172.051	30.0	1.17522	210.577	224.446	5.0	0.938722	679.0	0.281685	1.24904	62.8682	1.01661	119.747	33.4844	1588.11	False	True	True	True	True	0.018260699825578833
dentate_gyrus	DG_mouse_sample	148668	4--TEE-vDG	Wang_XD	mouse	C57BL/6N	hippocampus;dentate gyrus;ventral;granule layer	principal cell;granule;glutamatergic;Doublecortin (DCX)-containing;adult-born	adult	Month	4.0	2.0	Male	tactile experience enrichment (TEE)	in vivo	Dendrites, Soma, No Axon	Diameter, 3D, Angles	Dendrites Complete	NeuronStudio	120	33247136	10.1038/s41467-020-19874-8	http://neuromorpho.org/api/morphometry/id/148668	4--TEE-vDG	5806.34	2107.98	1.0	11.0	23.0	143.89	172.931	60.0	1.38984	195.764	218.475	4.0	0.914693	758.0	0.227273	1.52972	51.0023	1.02634	102.604	32.6863	1343.62	False	True	True	True	True	0.01711793513046844
dentate_gyrus	DG_mouse_sample	148669	1--CTL-No-19-Dorsal-6	Wang_XD	mouse	C57BL/6N	hippocampus;dentate gyrus;dorsal;granule layer	principal cell;granule;glutamatergic	adult	Day	95.0	95.0	Male	Control	in vitro	Dendrites, Soma, No Axon	Diameter, 3D, Angles	Dendrites Complete	NeuronStudio	120	33247136	10.1038/s41467-020-19874-8	http://neuromorpho.org/api/morphometry/id/148669	1--CTL-No-19-Dorsal-6	5340.94	1696.9	1.0	10.0	21.0	131.172	189.636	40.5	1.16127	211.74	230.922	5.0	0.94909	388.0	0.361111	1.44639	62.6944	1.01461	84.5195	36.5208	1440.63	True	True	True	True	True	0.014576955915120466
dentate_gyrus	DG_mouse_sample	148670	3--vDG-CTL5-V6	Wang_XD	mouse	C57BL/6N	hippocampus;dentate gyrus;ventral;granule layer	principal cell;granule;glutamatergic	adult	Month	2.0	2.0	Male	Control	in vitro	Dendrites, Soma, No Axon	Diameter, 3D, Angles	Dendrites Complete	NeuronStudio	120	33247136	10.1038/s41467-020-19874-8	http://neuromorpho.org/api/morphometry/id/148670	3--vDG-CTL5-V6	6990.45	2907.85	2.0	11.0	24.0	188.231	151.123	30.0	1.47583	192.913	214.159	5.0	0.907025	736.0	0.518182	1.47508	67.4592	1.02369	249.369	30.9397	1449.74	True	True	True	True	True	0.01655469256556348
dentate_gyrus	DG_mouse_sample	148671	3--ELS-No-38-Ventral-3	Wang_XD	mouse	C57BL/6N	hippocampus;dentate gyrus;ventral;granule layer	principal cell;granule;glutamatergic	adult	Day	95.0	95.0	Male	early-life stressed (ES)	in vitro	Dendrites, Soma, No Axon	Diameter, 3D, Angles	Dendrites Complete	NeuronStudio	120	33247136	10.1038/s41467-020-19874-8	http://neuromorpho.org/api/morphometry/id/148671	3--ELS-No-38-Ventral-3	6155.56	2313.04	2.0	12.0	26.0	134.959	157.76	43.5	1.23601	193.081	212.495	5.0	0.915478	692.0	0.291667	0.937621	72.1258	1.02449	94.2512	35.8369	1489.46	False	True	True	True	True	0.017455990761752582
dentate_gyrus	DG_mouse_sample	148672	1--CTL-dDG	Wang_XD	mouse	C57BL/6N	hippocampus;dentate gyrus;dorsal;granule layer	principal cell;granule;glutamatergic;Doublecortin (DCX)-containing;adult-born	adult	Month	4.0	2.0	Male	Control	in vivo	Dendrites, Soma, No Axon	Diameter, 3D, Angles	Dendrites Complete	NeuronStudio	120	33247136	10.1038/s41467-020-19874-8	http://neuromorpho.org/api/morphometry/id/148672	1--CTL-dDG	5878.78	2180.87	1.0	9.0	19.0	164.586	196.857	44.0	1.42174	240.904	259.64	4.0	0.925247	655.0	0.259259	1.54045	54.3009	1.02243	127.898	41.7663	1338.05	True	True	True	True	True	0.014199768319569523
dentate_gyrus	DG_mouse_sample	148673	2--TEE-dDG	Wang_XD	mouse	C57BL/6N	hippocampus;dentate gyrus;dorsal;granule layer	principal cell;granule;glutamatergic;Doublecortin (DCX)-containing;adult-born	adult	Month	4.0	2.0	Male	tactile experience enrichment (TEE)	in vivo	Dendrites, Soma, No Axon	Diameter, 3D, Angles	Dendrites Complete	NeuronStudio	120	33247136	10.1038/s41467-020-19874-8	http://neuromorpho.org/api/morphometry/id/148673	2--TEE-dDG	6394.56	2493.28	1.0	8.0	17.0	174.238	208.786	56.0	1.51535	240.982	276.952	4.0	0.883469	856.0	0.239286	1.53025	56.3709	1.02963	87.3813	38.9016	1345.6	False	True	True	True	True	0.012633769322235434
dentate_gyrus	DG_mouse_sample	148674	1--CTL-No-19-Ventral-4	Wang_XD	mouse	C57BL/6N	hippocampus;dentate gyrus;ventral;granule layer	principal cell;granule;glutamatergic	adult	Day	95.0	95.0	Male	Control	in vitro	Dendrites, Soma, No Axon	Diameter, 3D, Angles	Dendrites Complete	NeuronStudio	120	33247136	10.1038/s41467-020-19874-8	http://neuromorpho.org/api/morphometry/id/148674	1--CTL-No-19-Ventral-4	6052.48	2183.49	1.0	13.0	27.0	123.86	165.08	39.0	1.23082	217.623	229.362	5.0	0.935546	652.0	0.320513	0.936339	55.5472	1.01944	92.0315	35.7261	1527.13	True	True	True	True	True	0.0176802236875708
dentate_gyrus	DG_mouse_sample	148675	3--ELS-No-40-Dorsal-2	Wang_XD	mouse	C57BL/6N	hippocampus;dentate gyrus;dorsal;granule layer	principal cell;granule;glutamatergic	adult	Day	95.0	95.0	Male	early-life stressed (ES)	in vitro	Dendrites, Soma, No Axon	Diameter, 3D, Angles	Dendrites Complete	NeuronStudio	120	33247136	10.1038/s41467-020-19874-8	http://neuromorpho.org/api/morphometry/id/148675	3--ELS-No-40-Dorsal-2	5390.98	2311.81	1.0	6.0	13.0	136.338	178.778	40.5	1.4674	206.436	236.096	4.0	0.915381	605.0	0.533333	1.12082	59.0886	1.02956	134.001	37.6513	1110.41	False	True	True	True	True	0.011707387361425058
dentate_gyrus	DG_mouse_sample	195685	PDE1c_vGluT2-ctrl_GC08	Anstoetz	mouse	PDE1c-Cre:ChR2-eYFP-flox:vGluT2-flox	hippocampus;dentate gyrus;granule layer	principal cell;granule	young adult	Day	21.0	31.0	Male/Female	Control	in vitro	Dendrites, Soma, No Axon	No Diameter, 3D, Angles	Dendrites Moderate	Neurolucida	350	35584670	10.1016/j.celrep.2022.110822	http://neuromorpho.org/api/morphometry/id/195685	PDE1c_vGluT2-ctrl_GC08	460.03	8.05053	1.0	17.0	35.0	142.843	181.891	88.65	0.07	209.391	251.637	7.0	0.936747	551.0	0.33066	2.0	61.4592	1.01679	308.103	42.9926	2091.89	True	True	True	True	True	0.01673128128152054
dentate_gyrus	DG_mouse_sample	195686	PDE1c_vGluT2-ctrl_GC13	Anstoetz	mouse	PDE1c-Cre:ChR2-eYFP-flox:vGluT2-flox	hippocampus;dentate gyrus;granule layer	principal cell;granule	young adult	Day	21.0	31.0	Male/Female	Control	in vitro	Dendrites, Soma, No Axon	No Diameter, 3D, Angles	Dendrites Moderate	Neurolucida	350	35584670	10.1016/j.celrep.2022.110822	http://neuromorpho.org/api/morphometry/id/195686	PDE1c_vGluT2-ctrl_GC13	508.498	8.89871	1.0	19.0	39.0	208.398	161.422	68.82	0.07	200.076	221.448	7.0	0.922956	626.0	0.425731	2.0	64.8414	1.02136	621.755	34.8747	2312.28	True	True	True	True	True	0.01686646945871607
dentate_gyrus	DG_mouse_sample	195687	p73_vGluT2-ctrl_GC06	Anstoetz	mouse	deltaNp73-Cre:ChR2-eYFP-flox:vGluT2-flox	hippocampus;dentate gyrus;granule layer	principal cell;granule	young adult	Day	21.0	31.0	Male/Female	Control	in vitro	Dendrites, Soma, No Axon	No Diameter, 3D, Angles	Dendrites Moderate	Neurolucida	350	35584670	10.1016/j.celrep.2022.110822	http://neuromorpho.org/api/morphometry/id/195687	p73_vGluT2-ctrl_GC06	640.375	22.4131	1.0	17.0	35.0	118.722	161.591	36.26	0.14	189.989	234.24	8.0	0.871111	528.0	0.487605	2.0	50.6101	1.02881	282.125	36.5825	1455.98	True	True	True	True	True	0.0240387917416448
dentate_gyrus	DG_mouse_sample	195688	p73_vGluT2-ctrl_GC08	Anstoetz	mouse	deltaNp73-Cre:ChR2-eYFP-flox:vGluT2-flox	hippocampus;dentate gyrus;granule layer	principal cell;granule	young adult	Day	21.0	31.0	Male/Female	Control	in vitro	Dendrites, Soma, No Axon	No Diameter, 3D, Angles	Dendrites Moderate	Neurolucida	350	35584670	10.1016/j.celrep.2022.110822	http://neuromorpho.org/api/morphometry/id/195688	p73_vGluT2-ctrl_GC08	236.101	4.13176	1.0	17.0	35.0	55.9376	119.281	49.16	0.07	141.27	164.205	6.0	0.918513	417.0	0.435574	2.0	60.3015	1.02753	299.828	34.1442	1073.62	True	True	True	True	True	0.03259998882286098
dentate_gyrus	DG_mouse_sample	195689	PDE1c_vGluT2-ctrl_GC01	Anstoetz	mouse	PDE1c-Cre:ChR2-eYFP-flox:vGluT2-flox	hippocampus;dentate gyrus;granule layer	principal cell;granule	young adult	Day	21.0	31.0	Male/Female	Control	in vitro	Dendrites, Soma, No Axon	No Diameter, 3D, Angles	Dendrites Moderate	Neurolucida	350	35584670	10.1016/j.celrep.2022.110822	http://neuromorpho.org/api/morphometry/id/195689	PDE1c_vGluT2-ctrl_GC01	311.394	5.4494	1.0	15.0	31.0	100.709	168.233	42.96	0.07	201.336	244.466	6.0	0.886073	471.0	0.399365	2.0	59.8169	1.03947	534.17	37.4151	1416.0	True	True	True	True	True	0.021892655367231638
dentate_gyrus	DG_mouse_sample	195690	PDE1c_vGluT2-KO_GC04	Anstoetz	mouse	PDE1c-Cre:ChR2-eYFP-flox:vGluT2-flox	hippocampus;dentate gyrus;granule layer	principal cell;granule	young adult	Day	21.0	31.0	Male/Female	PDE1c knockout	in vitro	Dendrites, Soma, No Axon	No Diameter, 3D, Angles	Dendrites Moderate	Neurolucida	350	35584670	10.1016/j.celrep.2022.110822	http://neuromorpho.org/api/morphometry/id/195690	PDE1c_vGluT2-KO_GC04	343.424	6.00992	1.0	15.0	31.0	141.387	198.387	27.05	0.07	222.557	257.318	7.0	0.906489	524.0	0.478095	2.0	52.2341	1.0317	216.864	37.8076	1561.65	False	True	True	True	True	0.019850798834566002
dentate_gyrus	DG_mouse_sample	195696	PDE1c_vGluT2-KO_GC09	Anstoetz	mouse	PDE1c-Cre:ChR2-eYFP-flox:vGluT2-flox	hippocampus;dentate gyrus;granule layer	principal cell;granule	young adult	Day	21.0	31.0	Male/Female	PDE1c knockout	in vitro	Dendrites, Soma, No Axon	No Diameter, 3D, Angles	Dendrites Moderate	Neurolucida	350	35584670	10.1016/j.celrep.2022.110822	http://neuromorpho.org/api/morphometry/id/195696	PDE1c_vGluT2-KO_GC09	304.002	5.32004	2.0	12.0	26.0	97.359	161.798	66.97	0.07	199.661	222.347	5.0	0.926247	496.0	0.550926	2.0	66.8642	1.02099	440.789	38.9103	1382.38	False	True	True	True	True	0.018808142478913176
dentate_gyrus	DG_mouse_sample	195702	PDE1c_vGluT2-ctrl_GC15	Anstoetz	mouse	PDE1c-Cre:ChR2-eYFP-flox:vGluT2-flox	hippocampus;dentate gyrus;granule layer	principal cell;granule	young adult	Day	21.0	31.0	Male/Female	Control	in vitro	Dendrites, Soma, No Axon	No Diameter, 3D, Angles	Dendrites Moderate	Neurolucida	350	35584670	10.1016/j.celrep.2022.110822	http://neuromorpho.org/api/morphometry/id/195702	PDE1c_vGluT2-ctrl_GC15	394.537	6.9044	1.0	14.0	29.0	122.941	193.193	63.59	0.07	217.871	243.6	5.0	0.929254	650.0	0.176282	2.0	52.2148	1.01658	272.408	29.7685	1794.07	True	True	True	True	True	0.016164363709331296
dentate_gyrus	DG_mouse_sample	195705	PDE1c_vGluT2-KO_GC06	Anstoetz	mouse	PDE1c-Cre:ChR2-eYFP-flox:vGluT2-flox	hippocampus;dentate gyrus;granule layer	principal cell;granule	young adult	Day	21.0	31.0	Male/Female	PDE1c knockout	in vitro	Dendrites, Soma, No Axon	No Diameter, 3D, Angles	Dendrites Moderate	Neurolucida	350	35584670	10.1016/j.celrep.2022.110822	http://neuromorpho.org/api/morphometry/id/195705	PDE1c_vGluT2-KO_GC06	508.697	8.90219	1.0	18.0	37.0	180.09	150.754	86.3	0.07	183.897	210.278	6.0	0.893432	954.0	0.368234	2.0	70.8936	1.03344	171.553	44.3596	2313.19	False	True	True	True	True	0.015995227369995545
dentate_gyrus	DG_mouse_sample	195716	p73_vGluT2-ctrl_GC20	Anstoetz	mouse	deltaNp73-Cre:ChR2-eYFP-flox:vGluT2-flox	hippocampus;dentate gyrus;granule layer	principal cell;granule	young adult	Day	21.0	31.0	Male/Female	Control	in vitro	Dendrites, Soma, No Axon	No Diameter, 3D, Angles	Dendrites Moderate	Neurolucida	350	35584670	10.1016/j.celrep.2022.110822	http://neuromorpho.org/api/morphometry/id/195716	p73_vGluT2-ctrl_GC20	588.172	10.3435	1.0	16.0	33.0	180.52	174.319	91.45	0.0703386	211.612	239.503	6.0	0.918896	886.0	0.332143	2.02862	64.5011	1.02298	348.141	32.2689	2664.38	True	True	True	True	True	0.012385620669724288
dentate_gyrus	DG_mouse_sample	195719	p73_vGluT2-KO_GC08	Anstoetz	mouse	deltaNp73-Cre:ChR2-eYFP-flox:vGluT2-flox	hippocampus;dentate gyrus;granule layer	principal cell;granule	young adult	Day	21.0	31.0	Male/Female	delta-Np73 knockout	in vitro	Dendrites, Soma, No Axon	No Diameter, 3D, Angles	Dendrites Moderate	Neurolucida	350	35584670	10.1016/j.celrep.2022.110822	http://neuromorpho.org/api/morphometry/id/195719	p73_vGluT2-KO_GC08	417.874	7.31279	1.0	16.0	33.0	203.311	156.575	74.73	0.07	203.95	225.334	5.0	0.921776	876.0	0.233333	2.0	66.7212	1.02294	550.73	35.2891	1900.19	False	True	True	True	True	0.01736668438419316
dentate_gyrus	DG_mouse_sample	195720	PDE1c_vGluT2-ctrl_GC05	Anstoetz	mouse	PDE1c-Cre:ChR2-eYFP-flox:vGluT2-flox	hippocampus;dentate gyrus;granule layer	principal cell;granule	young adult	Day	21.0	31.0	Male/Female	Control	in vitro	Dendrites, Soma, No Axon	No Diameter, 3D, Angles	Dendrites Moderate	Neurolucida	350	35584670	10.1016/j.celrep.2022.110822	http://neuromorpho.org/api/morphometry/id/195720	PDE1c_vGluT2-ctrl_GC05	667.55	11.6821	1.0	20.0	41.0	289.68	155.006	126.92	0.07	230.55	253.132	6.0	0.913744	847.0	0.415038	2.0	55.0368	1.02267	288.076	36.694	3035.54	True	True	True	True	True	0.013506657794000409
dentate_gyrus	DG_mouse_sample	195722	p73_vGluT2-ctrl_GC01	Anstoetz	mouse	deltaNp73-Cre:ChR2-eYFP-flox:vGluT2-flox	hippocampus;dentate gyrus;granule layer	principal cell;granule	young adult	Day	21.0	31.0	Male/Female	Control	in vitro	Dendrites, Soma, No Axon	No Diameter, 3D, Angles	Dendrites Moderate	Neurolucida	350	35584670	10.1016/j.celrep.2022.110822	http://neuromorpho.org/api/morphometry/id/195722	p73_vGluT2-ctrl_GC01	544.874	9.5353	1.0	19.0	39.0	175.574	135.344	119.85	0.07	208.047	243.424	6.0	0.92016	977.0	0.316959	2.0	74.3394	1.02169	467.876	35.029	2477.7	True	True	True	True	True	0.015740404407313235
dentate_gyrus	DG_mouse_sample	195724	p73_vGluT2-ctrl_GC03	Anstoetz	mouse	deltaNp73-Cre:ChR2-eYFP-flox:vGluT2-flox	hippocampus;dentate gyrus;granule layer	principal cell;granule	young adult	Day	21.0	31.0	Male/Female	Control	in vitro	Dendrites, Soma, No Axon	No Diameter, 3D, Angles	Dendrites Moderate	Neurolucida	350	35584670	10.1016/j.celrep.2022.110822	http://neuromorpho.org/api/morphometry/id/195724	p73_vGluT2-ctrl_GC03	967.91	33.8769	1.0	15.0	31.0	177.383	195.277	48.16	0.14	230.337	245.18	5.0	0.927854	699.0	0.236825	2.0	54.4684	1.02137	166.71	23.2943	2200.68	True	True	True	True	True	0.014086555064798154
dentate_gyrus	DG_mouse_sample	195726	p73_vGluT2-ctrl_GC07	Anstoetz	mouse	deltaNp73-Cre:ChR2-eYFP-flox:vGluT2-flox	hippocampus;dentate gyrus;granule layer	principal cell;granule	young adult	Day	21.0	31.0	Male/Female	Control	in vitro	Dendrites, Soma, No Axon	No Diameter, 3D, Angles	Dendrites Moderate	Neurolucida	350	35584670	10.1016/j.celrep.2022.110822	http://neuromorpho.org/api/morphometry/id/195726	p73_vGluT2-ctrl_GC07	708.859	24.8101	1.0	15.0	31.0	130.227	177.601	38.13	0.14	213.273	240.975	6.0	0.87722	650.0	0.371429	2.0	53.916	1.03548	246.133	27.1509	1611.69	True	True	True	True	True	0.019234468166955183
dentate_gyrus	DG_mouse_sample	195727	PDE1c_vGluT2-ctrl_GC19	Anstoetz	mouse	PDE1c-Cre:ChR2-eYFP-flox:vGluT2-flox	hippocampus;dentate gyrus;granule layer	principal cell;granule	young adult	Day	21.0	31.0	Male/Female	Control	in vitro	Dendrites, Soma, No Axon	No Diameter, 3D, Angles	Dendrites Moderate	Neurolucida	350	35584670	10.1016/j.celrep.2022.110822	http://neuromorpho.org/api/morphometry/id/195727	PDE1c_vGluT2-ctrl_GC19	437.493	7.65613	1.0	13.0	27.0	131.764	166.079	82.84	0.07	199.447	226.519	6.0	0.881495	867.0	0.435897	2.0	55.4351	1.03558	764.37	41.1047	1989.4	True	True	True	True	True	0.013571931235548406
dentate_gyrus	DG_mouse_sample	195729	PDE1c_vGluT2-KO_GC03	Anstoetz	mouse	PDE1c-Cre:ChR2-eYFP-flox:vGluT2-flox	hippocampus;dentate gyrus;granule layer	principal cell;granule	young adult	Day	21.0	31.0	Male/Female	PDE1c knockout	in vitro	Dendrites, Soma, No Axon	No Diameter, 3D, Angles	Dendrites Moderate	Neurolucida	350	35584670	10.1016/j.celrep.2022.110822	http://neuromorpho.org/api/morphometry/id/195729	PDE1c_vGluT2-KO_GC03	522.158	9.13776	2.0	19.0	40.0	221.182	164.268	66.24	0.07	215.136	235.912	5.0	0.929176	702.0	0.414536	2.0	48.0479	1.01994	584.171	28.6065	2374.4	False	True	True	True	True	0.016846361185983826
dentate_gyrus	DG_mouse_sample	195730	p73_vGluT2-ctrl_GC18	Anstoetz	mouse	deltaNp73-Cre:ChR2-eYFP-flox:vGluT2-flox	hippocampus;dentate gyrus;granule layer	principal cell;granule	young adult	Day	21.0	31.0	Male/Female	Control	in vitro	Dendrites, Soma, No Axon	No Diameter, 3D, Angles	Dendrites Moderate	Neurolucida	350	35584670	10.1016/j.celrep.2022.110822	http://neuromorpho.org/api/morphometry/id/195730	p73_vGluT2-ctrl_GC18	174.244	3.04926	1.0	8.0	17.0	79.6395	145.288	68.27	0.07	171.189	194.377	5.0	0.933279	241.0	0.458333	2.0	45.7221	1.02022	261.407	30.2433	792.335	True	True	True	True	True	0.02145557119147835
dentate_gyrus	DG_mouse_sample	195737	PDE1c_vGluT2-ctrl_GC22	Anstoetz	mouse	PDE1c-Cre:ChR2-eYFP-flox:vGluT2-flox	hippocampus;dentate gyrus;granule layer	principal cell;granule	young adult	Day	21.0	31.0	Male/Female	Control	in vitro	Dendrites, Soma, No Axon	No Diameter, 3D, Angles	Dendrites Moderate	Neurolucida	350	35584670	10.1016/j.celrep.2022.110822	http://neuromorpho.org/api/morphometry/id/195737	PDE1c_vGluT2-ctrl_GC22	478.602	8.37554	1.0	19.0	39.0	176.13	154.796	58.53	0.07	193.902	231.281	6.0	0.939949	729.0	0.393901	2.0	58.4882	1.01638	543.831	35.351	2176.34	True	True	True	True	True	0.01791999411856603
dentate_gyrus	DG_mouse_sample	195746	p73_vGluT2-KO_GC10	Anstoetz	mouse	deltaNp73-Cre:ChR2-eYFP-flox:vGluT2-flox	hippocampus;dentate gyrus;granule layer	principal cell;granule	young adult	Day	21.0	31.0	Male/Female	delta-Np73 knockout	in vitro	Dendrites, Soma, No Axon	No Diameter, 3D, Angles	Dendrites Moderate	Neurolucida	350	35584670	10.1016/j.celrep.2022.110822	http://neuromorpho.org/api/morphometry/id/195746	p73_vGluT2-KO_GC10	381.321	13.3462	1.0	19.0	39.0	100.171	108.132	46.48	0.14	132.05	184.668	8.0	0.743776	378.0	0.603828	2.0	66.9487	1.06743	182.167	46.67	866.987	False	True	True	True	True	0.044983373453119826
dentate_gyrus	DG_mouse_sample	195749	p73_vGluT2-ctrl_GC12	Anstoetz	mouse	deltaNp73-Cre:ChR2-eYFP-flox:vGluT2-flox	hippocampus;dentate gyrus;granule layer	principal cell;granule	young adult	Day	21.0	31.0	Male/Female	Control	in vitro	Dendrites, Soma, No Axon	No Diameter, 3D, Angles	Dendrites Moderate	Neurolucida	350	35584670	10.1016/j.celrep.2022.110822	http://neuromorpho.org/api/morphometry/id/195749	p73_vGluT2-ctrl_GC12	414.343	7.251	3.0	17.0	37.0	209.553	139.792	95.15	0.07	198.615	225.145	5.0	0.92768	836.0	0.466514	2.0	54.2198	1.02022	410.886	35.1142	1884.14	True	True	True	True	True	0.01963760654728417
dentate_gyrus	DG_mouse_sample	195752	PDE1c_vGluT2-KO_GC01	Anstoetz	mouse	PDE1c-Cre:ChR2-eYFP-flox:vGluT2-flox	hippocampus;dentate gyrus;granule layer	principal cell;granule	young adult	Day	21.0	31.0	Male/Female	PDE1c knockout	in vitro	Dendrites, Soma, No Axon	No Diameter, 3D, Angles	Dendrites Moderate	Neurolucida	350	35584670	10.1016/j.celrep.2022.110822	http://neuromorpho.org/api/morphometry/id/195752	PDE1c_vGluT2-KO_GC01	485.571	8.49749	2.0	16.0	34.0	184.739	139.311	110.4	0.07	193.152	226.752	5.0	0.904726	779.0	0.485417	2.0	77.1606	1.02152	328.031	36.8505	2208.03	False	True	True	True	True	0.015398341508041103
dentate_gyrus	DG_mouse_sample	195757	p73_vGluT2-KO_GC09	Anstoetz	mouse	deltaNp73-Cre:ChR2-eYFP-flox:vGluT2-flox	hippocampus;dentate gyrus;granule layer	principal cell;granule	young adult	Day	21.0	31.0	Male/Female	delta-Np73 knockout	in vitro	Dendrites, Soma, No Axon	No Diameter, 3D, Angles	Dendrites Moderate	Neurolucida	350	35584670	10.1016/j.celrep.2022.110822	http://neuromorpho.org/api/morphometry/id/195757	p73_vGluT2-KO_GC09	1363.48	47.7218	2.0	24.0	50.0	235.956	137.699	83.49	0.14	188.917	240.063	5.0	0.861415	963.0	0.313294	2.0	87.7553	1.03723	492.942	48.1998	3100.07	False	True	True	True	True	0.016128668062334074
dentate_gyrus	DG_mouse_sample	195761	PDE1c_vGluT2-ctrl_GC21	Anstoetz	mouse	PDE1c-Cre:ChR2-eYFP-flox:vGluT2-flox	hippocampus;dentate gyrus;granule layer	principal cell;granule	young adult	Day	21.0	31.0	Male/Female	Control	in vitro	Dendrites, Soma, No Axon	No Diameter, 3D, Angles	Dendrites Moderate	Neurolucida	350	35584670	10.1016/j.celrep.2022.110822	http://neuromorpho.org/api/morphometry/id/195761	PDE1c_vGluT2-ctrl_GC21	432.71	7.57242	2.0	14.0	30.0	179.209	180.798	61.12	0.07	212.908	238.881	6.0	0.925134	884.0	0.509524	2.0	51.3369	1.02493	507.238	29.2325	1967.65	True	True	True	True	True	0.01524661398114502
dentate_gyrus	DG_mouse_sample	195762	PDE1c_vGluT2-ctrl_GC04	Anstoetz	mouse	PDE1c-Cre:ChR2-eYFP-flox:vGluT2-flox	hippocampus;dentate gyrus;granule layer	principal cell;granule	young adult	Day	21.0	31.0	Male/Female	Control	in vitro	Dendrites, Soma, No Axon	No Diameter, 3D, Angles	Dendrites Moderate	Neurolucida	350	35584670	10.1016/j.celrep.2022.110822	http://neuromorpho.org/api/morphometry/id/195762	PDE1c_vGluT2-ctrl_GC04	108.165	1.89288	1.0	12.0	25.0	42.5957	123.49	34.97	0.07	143.268	174.283	8.0	0.920693	221.0	0.55303	2.0	86.6232	1.02228	315.607	53.6849	491.856	True	True	True	True	True	0.05082788458410592
dentate_gyrus	DG_mouse_sample	195769	PDE1c_vGluT2-ctrl_GC17	Anstoetz	mouse	PDE1c-Cre:ChR2-eYFP-flox:vGluT2-flox	hippocampus;dentate gyrus;granule layer	principal cell;granule	young adult	Day	21.0	31.0	Male/Female	Control	in vitro	Dendrites, Soma, No Axon	No Diameter, 3D, Angles	Dendrites Moderate	Neurolucida	350	35584670	10.1016/j.celrep.2022.110822	http://neuromorpho.org/api/morphometry/id/195769	PDE1c_vGluT2-ctrl_GC17	643.956	11.2692	1.0	20.0	41.0	137.862	178.318	87.68	0.07	216.032	253.336	6.0	0.915087	1008.0	0.360128	2.0	63.1665	1.02534	600.338	34.0224	2928.25	True	True	True	True	True	0.01400153675403398
dentate_gyrus	DG_mouse_sample	195771	p73_vGluT2-ctrl_GC13	Anstoetz	mouse	deltaNp73-Cre:ChR2-eYFP-flox:vGluT2-flox	hippocampus;dentate gyrus;granule layer	principal cell;granule	young adult	Day	21.0	31.0	Male/Female	Control	in vitro	Dendrites, Soma, No Axon	No Diameter, 3D, Angles	Dendrites Moderate	Neurolucida	350	35584670	10.1016/j.celrep.2022.110822	http://neuromorpho.org/api/morphometry/id/195771	p73_vGluT2-ctrl_GC13	367.993	12.8797	1.0	9.0	19.0	113.675	129.987	34.9	0.14	150.196	199.096	5.0	0.877816	237.0	0.37963	2.0	63.0884	1.04067	427.952	42.5132	836.684	True	True	True	True	True	0.02270869288763739
dentate_gyrus	DG_mouse_sample	195774	p73_vGluT2-ctrl_GC17	Anstoetz	mouse	deltaNp73-Cre:ChR2-eYFP-flox:vGluT2-flox	hippocampus;dentate gyrus;granule layer	principal cell;granule	young adult	Day	21.0	31.0	Male/Female	Control	in vitro	Dendrites, Soma, No Axon	No Diameter, 3D, Angles	Dendrites Moderate	Neurolucida	350	35584670	10.1016/j.celrep.2022.110822	http://neuromorpho.org/api/morphometry/id/195774	p73_vGluT2-ctrl_GC17	89.5608	1.56731	1.0	7.0	15.0	45.5371	100.27	18.82	0.07	113.8	137.025	4.0	0.847438	169.0	0.166667	2.0	69.1559	1.05001	223.309	38.0747	407.258	True	True	True	True	True	0.03683168900303985
dentate_gyrus	DG_mouse_sample	195775	PDE1c_vGluT2-ctrl_GC16	Anstoetz	mouse	PDE1c-Cre:ChR2-eYFP-flox:vGluT2-flox	hippocampus;dentate gyrus;granule layer	principal cell;granule	young adult	Day	21.0	31.0	Male/Female	Control	in vitro	Dendrites, Soma, No Axon	No Diameter, 3D, Angles	Dendrites Moderate	Neurolucida	350	35584670	10.1016/j.celrep.2022.110822	http://neuromorpho.org/api/morphometry/id/195775	PDE1c_vGluT2-ctrl_GC16	595.199	10.8943	1.0	19.0	39.0	152.323	165.589	124.82	0.0715159	216.41	270.192	6.0	0.921333	818.0	0.191479	2.0	58.021	1.02119	992.672	42.1966	2627.45	True	True	True	True	True	0.01484328912063027
dentate_gyrus	DG_mouse_sample	195779	p73_vGluT2-KO_GC02	Anstoetz	mouse	deltaNp73-Cre:ChR2-eYFP-flox:vGluT2-flox	hippocampus;dentate gyrus;granule layer	principal cell;granule	young adult	Day	21.0	31.0	Male/Female	delta-Np73 knockout	in vitro	Dendrites, Soma, No Axon	No Diameter, 3D, Angles	Dendrites Moderate	Neurolucida	350	35584670	10.1016/j.celrep.2022.110822	http://neuromorpho.org/api/morphometry/id/195779	p73_vGluT2-KO_GC02	325.584	5.69772	1.0	18.0	37.0	121.52	152.791	71.21	0.07	183.958	206.431	7.0	0.891036	609.0	0.410659	2.0	60.8493	1.02924	351.532	33.4371	1480.52	False	True	True	True	True	0.024991219301326563
dentate_gyrus	DG_mouse_sample	195784	PDE1c_vGluT2-KO_GC14	Anstoetz	mouse	PDE1c-Cre:ChR2-eYFP-flox:vGluT2-flox	hippocampus;dentate gyrus;granule layer	principal cell;granule	young adult	Day	21.0	31.0	Male/Female	PDE1c knockout	in vitro	Dendrites, Soma, No Axon	No Diameter, 3D, Angles	Dendrites Moderate	Neurolucida	350	35584670	10.1016/j.celrep.2022.110822	http://neuromorpho.org/api/morphometry/id/195784	PDE1c_vGluT2-KO_GC14	252.791	4.42385	1.0	12.0	25.0	110.471	168.861	48.24	0.07	203.01	229.919	6.0	0.885795	338.0	0.453704	2.0	77.4378	1.03669	473.951	39.2867	1149.51	False	True	True	True	True	0.02174839714313055
dentate_gyrus	DG_mouse_sample	195788	PDE1c_vGluT2-KO_GC07	Anstoetz	mouse	PDE1c-Cre:ChR2-eYFP-flox:vGluT2-flox	hippocampus;dentate gyrus;granule layer	principal cell;granule	young adult	Day	21.0	31.0	Male/Female	PDE1c knockout	in vitro	Dendrites, Soma, No Axon	No Diameter, 3D, Angles	Dendrites Moderate	Neurolucida	350	35584670	10.1016/j.celrep.2022.110822	http://neuromorpho.org/api/morphometry/id/195788	PDE1c_vGluT2-KO_GC07	487.453	8.53043	1.0	17.0	35.0	200.984	162.109	109.34	0.07	194.217	225.357	5.0	0.927655	624.0	0.154062	2.0	54.9213	1.02113	192.298	38.8658	2216.59	False	True	True	True	True	0.01579001980519627
dentate_gyrus	DG_mouse_sample	195789	PDE1c_vGluT2-ctrl_GC11	Anstoetz	mouse	PDE1c-Cre:ChR2-eYFP-flox:vGluT2-flox	hippocampus;dentate gyrus;granule layer	principal cell;granule	young adult	Day	21.0	31.0	Male/Female	Control	in vitro	Dendrites, Soma, No Axon	No Diameter, 3D, Angles	Dendrites Moderate	Neurolucida	350	35584670	10.1016/j.celrep.2022.110822	http://neuromorpho.org/api/morphometry/id/195789	PDE1c_vGluT2-ctrl_GC11	428.975	7.50705	1.0	14.0	29.0	178.719	149.717	152.17	0.07	184.959	221.435	7.0	0.908612	633.0	0.513037	2.0	73.9769	1.02903	378.364	40.821	1950.67	True	True	True	True	True	0.01486668683067869
dentate_gyrus	DG_mouse_sample	195793	p73_vGluT2-KO_GC04	Anstoetz	mouse	deltaNp73-Cre:ChR2-eYFP-flox:vGluT2-flox	hippocampus;dentate gyrus;granule layer	principal cell;granule	young adult	Day	21.0	31.0	Male/Female	delta-Np73 knockout	in vitro	Dendrites, Soma, No Axon	No Diameter, 3D, Angles	Dendrites Moderate	Neurolucida	350	35584670	10.1016/j.celrep.2022.110822	http://neuromorpho.org/api/morphometry/id/195793	p73_vGluT2-KO_GC04	205.358	3.59377	1.0	11.0	23.0	122.827	112.091	24.29	0.07	133.698	148.589	5.0	0.888174	398.0	0.4	2.0	69.3329	1.03619	292.228	43.2348	933.822	False	True	True	True	True	0.024629961598677263
dentate_gyrus	DG_mouse_sample	195797	p73_vGluT2-KO_GC16	Anstoetz	mouse	deltaNp73-Cre:ChR2-eYFP-flox:vGluT2-flox	hippocampus;dentate gyrus;granule layer	principal cell;granule	young adult	Day	21.0	31.0	Male/Female	delta-Np73 knockout	in vitro	Dendrites, Soma, No Axon	No Diameter, 3D, Angles	Dendrites Moderate	Neurolucida	350	35584670	10.1016/j.celrep.2022.110822	http://neuromorpho.org/api/morphometry/id/195797	p73_vGluT2-KO_GC16	899.145	31.4701	2.0	15.0	32.0	210.399	142.811	53.69	0.14	204.835	225.129	5.0	0.91736	660.0	0.520635	2.0	65.7457	1.02101	250.577	39.9603	2044.33	False	True	True	True	True	0.01565305014356782
dentate_gyrus	DG_mouse_sample	195798	PDE1c_vGluT2-ctrl_GC14	Anstoetz	mouse	PDE1c-Cre:ChR2-eYFP-flox:vGluT2-flox	hippocampus;dentate gyrus;granule layer	principal cell;granule	young adult	Day	21.0	31.0	Male/Female	Control	in vitro	Dendrites, Soma, No Axon	No Diameter, 3D, Angles	Dendrites Moderate	Neurolucida	350	35584670	10.1016/j.celrep.2022.110822	http://neuromorpho.org/api/morphometry/id/195798	PDE1c_vGluT2-ctrl_GC14	397.952	6.96417	1.0	12.0	25.0	156.633	191.289	88.9	0.07	244.213	267.885	5.0	0.913963	587.0	0.361364	2.0	58.2218	1.02117	366.832	35.5589	1809.6	True	True	True	True	True	0.013815207780725022
dentate_gyrus	DG_mouse_sample	195800	PDE1c_vGluT2-KO_GC16	Anstoetz	mouse	PDE1c-Cre:ChR2-eYFP-flox:vGluT2-flox	hippocampus;dentate gyrus;granule layer	principal cell;granule	young adult	Day	21.0	31.0	Male/Female	PDE1c knockout	in vitro	Dendrites, Soma, No Axon	No Diameter, 3D, Angles	Dendrites Moderate	Neurolucida	350	35584670	10.1016/j.celrep.2022.110822	http://neuromorpho.org/api/morphometry/id/195800	PDE1c_vGluT2-KO_GC16	213.706	3.73986	1.0	12.0	25.0	94.2265	131.487	53.31	0.07	153.217	183.932	6.0	0.892259	336.0	0.50202	2.0	65.3266	1.03826	293.354	45.0765	971.782	False	True	True	True	True	0.025725934417389906
dentate_gyrus	DG_mouse_sample	195802	p73_vGluT2-ctrl_GC02	Anstoetz	mouse	deltaNp73-Cre:ChR2-eYFP-flox:vGluT2-flox	hippocampus;dentate gyrus;granule layer	principal cell;granule	young adult	Day	21.0	31.0	Male/Female	Control	in vitro	Dendrites, Soma, No Axon	No Diameter, 3D, Angles	Dendrites Moderate	Neurolucida	350	35584670	10.1016/j.celrep.2022.110822	http://neuromorpho.org/api/morphometry/id/195802	p73_vGluT2-ctrl_GC02	171.639	3.00369	1.0	9.0	19.0	93.2003	160.3	41.95	0.07	181.33	211.799	5.0	0.89945	307.0	0.37963	2.0	75.0538	1.02465	269.252	33.8152	780.493	True	True	True	True	True	0.02434358796299262
dentate_gyrus	DG_mouse_sample	195806	PDE1c_vGluT2-ctrl_GC06	Anstoetz	mouse	PDE1c-Cre:ChR2-eYFP-flox:vGluT2-flox	hippocampus;dentate gyrus;granule layer	principal cell;granule	young adult	Day	21.0	31.0	Male/Female	Control	in vitro	Dendrites, Soma, No Axon	No Diameter, 3D, Angles	Dendrites Moderate	Neurolucida	350	35584670	10.1016/j.celrep.2022.110822	http://neuromorpho.org/api/morphometry/id/195806	PDE1c_vGluT2-ctrl_GC06	550.588	9.63528	2.0	16.0	34.0	185.598	172.063	97.18	0.07	200.129	233.651	4.0	0.910455	806.0	0.431548	2.0	62.6867	1.02396	262.456	29.1655	2503.68	True	True	True	True	True	0.013580010224948875
dentate_gyrus	DG_mouse_sample	195809	p73_vGluT2-KO_GC05	Anstoetz	mouse	deltaNp73-Cre:ChR2-eYFP-flox:vGluT2-flox	hippocampus;dentate gyrus;granule layer	principal cell;granule	young adult	Day	21.0	31.0	Male/Female	delta-Np73 knockout	in vitro	Dendrites, Soma, No Axon	No Diameter, 3D, Angles	Dendrites Moderate	Neurolucida	350	35584670	10.1016/j.celrep.2022.110822	http://neuromorpho.org/api/morphometry/id/195809	p73_vGluT2-KO_GC05	382.566	6.6949	1.0	15.0	31.0	166.313	139.244	60.87	0.07	206.044	230.308	6.0	0.907832	635.0	0.331429	2.0	54.4471	1.03295	404.812	36.396	1739.64	False	True	True	True	True	0.01781977880481019
dentate_gyrus	DG_mouse_sample	195810	PDE1c_vGluT2-KO_GC02	Anstoetz	mouse	PDE1c-Cre:ChR2-eYFP-flox:vGluT2-flox	hippocampus;dentate gyrus;granule layer	principal cell;granule	young adult	Day	21.0	31.0	Male/Female	PDE1c knockout	in vitro	Dendrites, Soma, No Axon	No Diameter, 3D, Angles	Dendrites Moderate	Neurolucida	350	35584670	10.1016/j.celrep.2022.110822	http://neuromorpho.org/api/morphometry/id/195810	PDE1c_vGluT2-KO_GC02	428.614	7.50074	2.0	14.0	30.0	135.637	192.99	43.38	0.07	217.23	243.901	4.0	0.922627	630.0	0.345238	2.0	56.5361	1.02266	212.614	27.1537	1949.03	False	True	True	True	True	0.015392272053277785
dentate_gyrus	DG_mouse_sample	195811	PDE1c_vGluT2-KO_GC08	Anstoetz	mouse	PDE1c-Cre:ChR2-eYFP-flox:vGluT2-flox	hippocampus;dentate gyrus;granule layer	principal cell;granule	young adult	Day	21.0	31.0	Male/Female	PDE1c knockout	in vitro	Dendrites, Soma, No Axon	No Diameter, 3D, Angles	Dendrites Moderate	Neurolucida	350	35584670	10.1016/j.celrep.2022.110822	http://neuromorpho.org/api/morphometry/id/195811	PDE1c_vGluT2-KO_GC08	566.623	9.91591	1.0	20.0	41.0	141.659	170.695	119.32	0.07	210.371	239.756	6.0	0.912144	698.0	0.287281	2.0	65.4097	1.02696	231.971	32.7305	2576.6	False	True	True	True	True	0.01591244275401692
dentate_gyrus	DG_mouse_sample	195823	p73_vGluT2-KO_GC07	Anstoetz	mouse	deltaNp73-Cre:ChR2-eYFP-flox:vGluT2-flox	hippocampus;dentate gyrus;granule layer	principal cell;granule	young adult	Day	21.0	31.0	Male/Female	delta-Np73 knockout	in vitro	Dendrites, Soma, No Axon	No Diameter, 3D, Angles	Dendrites Moderate	Neurolucida	350	35584670	10.1016/j.celrep.2022.110822	http://neuromorpho.org/api/morphometry/id/195823	p73_vGluT2-KO_GC07	163.286	2.85751	1.0	9.0	19.0	84.6395	119.172	28.34	0.07	135.54	152.727	6.0	0.912127	327.0	0.564815	2.0	89.5053	1.0305	240.584	51.9226	742.51	False	True	True	True	True	0.025588880957832218
dentate_gyrus	DG_mouse_sample	195827	p73_vGluT2-KO_GC11	Anstoetz	mouse	deltaNp73-Cre:ChR2-eYFP-flox:vGluT2-flox	hippocampus;dentate gyrus;granule layer	principal cell;granule	young adult	Day	21.0	31.0	Male/Female	delta-Np73 knockout	in vitro	Dendrites, Soma, No Axon	No Diameter, 3D, Angles	Dendrites Moderate	Neurolucida	350	35584670	10.1016/j.celrep.2022.110822	http://neuromorpho.org/api/morphometry/id/195827	p73_vGluT2-KO_GC11	889.61	31.1364	1.0	13.0	27.0	62.8986	184.28	104.09	0.14	204.227	232.425	6.0	0.90355	682.0	0.553846	2.0	66.5203	1.02954	325.21	25.204	2022.65	False	True	True	True	True	0.013348824561837194
dentate_gyrus	DG_mouse_sample	195829	p73_vGluT2-ctrl_GC19	Anstoetz	mouse	deltaNp73-Cre:ChR2-eYFP-flox:vGluT2-flox	hippocampus;dentate gyrus;granule layer	principal cell;granule	young adult	Day	21.0	31.0	Male/Female	Control	in vitro	Dendrites, Soma, No Axon	No Diameter, 3D, Angles	Dendrites Moderate	Neurolucida	350	35584670	10.1016/j.celrep.2022.110822	http://neuromorpho.org/api/morphometry/id/195829	p73_vGluT2-ctrl_GC19	439.119	7.68458	1.0	13.0	27.0	154.347	180.458	99.03	0.07	208.988	222.623	5.0	0.919306	615.0	0.371795	2.0	67.9993	1.0179	396.565	32.5201	1996.8	True	True	True	True	True	0.013521634615384616
dentate_gyrus	DG_mouse_sample	195830	p73_vGluT2-KO_GC03	Anstoetz	mouse	deltaNp73-Cre:ChR2-eYFP-flox:vGluT2-flox	hippocampus;dentate gyrus;granule layer	principal cell;granule	young adult	Day	21.0	31.0	Male/Female	delta-Np73 knockout	in vitro	Dendrites, Soma, No Axon	No Diameter, 3D, Angles	Dendrites Moderate	Neurolucida	350	35584670	10.1016/j.celrep.2022.110822	http://neuromorpho.org/api/morphometry/id/195830	p73_vGluT2-KO_GC03	158.381	2.77166	1.0	8.0	17.0	111.437	131.093	21.46	0.07	154.596	169.621	5.0	0.904031	296.0	0.491071	2.0	86.7486	1.02492	297.007	26.2263	720.201	False	True	True	True	True	0.02360452151552136
dentate_gyrus	DG_mouse_sample	195835	p73_vGluT2-ctrl_GC15	Anstoetz	mouse	deltaNp73-Cre:ChR2-eYFP-flox:vGluT2-flox	hippocampus;dentate gyrus;granule layer	principal cell;granule	young adult	Day	21.0	31.0	Male/Female	Control	in vitro	Dendrites, Soma, No Axon	No Diameter, 3D, Angles	Dendrites Moderate	Neurolucida	350	35584670	10.1016/j.celrep.2022.110822	http://neuromorpho.org/api/morphometry/id/195835	p73_vGluT2-ctrl_GC15	1032.77	36.1471	1.0	16.0	33.0	182.925	163.005	113.95	0.14	208.698	248.665	6.0	0.909146	762.0	0.533712	2.0	55.4123	1.02891	415.539	35.0197	2348.16	True	True	True	True	True	0.014053556827473427
dentate_gyrus	DG_mouse_sample	195837	PDE1c_vGluT2-ctrl_GC20	Anstoetz	mouse	PDE1c-Cre:ChR2-eYFP-flox:vGluT2-flox	hippocampus;dentate gyrus;granule layer	principal cell;granule	young adult	Day	21.0	31.0	Male/Female	Control	in vitro	Dendrites, Soma, No Axon	No Diameter, 3D, Angles	Dendrites Moderate	Neurolucida	350	35584670	10.1016/j.celrep.2022.110822	http://neuromorpho.org/api/morphometry/id/195837	PDE1c_vGluT2-ctrl_GC20	576.351	10.0861	1.0	17.0	35.0	144.351	172.632	91.2	0.07	206.553	240.296	6.0	0.909109	960.0	0.444608	2.0	59.854	1.02099	389.859	32.9175	2620.83	True	True	True	True	True	0.013354547986706503
dentate_gyrus	DG_mouse_sample	195844	PDE1c_vGluT2-ctrl_GC02	Anstoetz	mouse	PDE1c-Cre:ChR2-eYFP-flox:vGluT2-flox	hippocampus;dentate gyrus;granule layer	principal cell;granule	young adult	Day	21.0	31.0	Male/Female	Control	in vitro	Dendrites, Soma, No Axon	No Diameter, 3D, Angles	Dendrites Moderate	Neurolucida	350	35584670	10.1016/j.celrep.2022.110822	http://neuromorpho.org/api/morphometry/id/195844	PDE1c_vGluT2-ctrl_GC02	447.271	7.82724	1.0	16.0	33.0	134.14	146.027	101.13	0.07	175.88	206.489	6.0	0.924705	750.0	0.430556	2.0	56.0494	1.02202	775.599	40.0315	2033.87	True	True	True	True	True	0.016225225801059066
dentate_gyrus	DG_mouse_sample	195845	PDE1c_vGluT2-KO_GC15	Anstoetz	mouse	PDE1c-Cre:ChR2-eYFP-flox:vGluT2-flox	hippocampus;dentate gyrus;granule layer	principal cell;granule	young adult	Day	21.0	31.0	Male/Female	PDE1c knockout	in vitro	Dendrites, Soma, No Axon	No Diameter, 3D, Angles	Dendrites Moderate	Neurolucida	350	35584670	10.1016/j.celrep.2022.110822	http://neuromorpho.org/api/morphometry/id/195845	PDE1c_vGluT2-KO_GC15	496.073	8.68128	2.0	17.0	36.0	136.45	188.7	77.59	0.07	217.646	240.368	5.0	0.927641	579.0	0.341737	2.0	44.1726	1.02281	431.588	31.6033	2255.79	False	True	True	True	True	0.015958932347425958
dentate_gyrus	DG_mouse_sample	52413	TG4063-Neuron-Q-60dpi	Gage	mouse	C57BL/6J	hippocampus;dentate gyrus;granule layer	principal cell;granule;newborn	adult	Day	102.0	109.0	Female	Environmental enrichment	in vivo	Dendrites, Soma, No Axon	No Diameter, 3D, Angles	Dendrites Complete	Neurolucida	Not reported	27135217	10.1038/nn.4301	http://neuromorpho.org/api/morphometry/id/52413	TG4063-Neuron-Q-60dpi	2480.72	285.283	1.0	10.0	21.0	154.71	202.98	122.6	0.46	239.236	262.55	5.0	0.944046	203.0	0.533333	2.0	56.2124	1.01719	3198.88	45.505	1716.61	False	True	True	True	True	0.012233413530155364
dentate_gyrus	DG_mouse_sample	52414	TG4050-Neuron-A-27dpi	Gage	mouse	C57BL/6J	hippocampus;dentate gyrus;granule layer	principal cell;granule;newborn	adult	Day	69.0	76.0	Female	CELSR3 shRNAi	in vivo	Dendrites, Soma, No Axon	No Diameter, 3D, Angles	Dendrites Complete	Neurolucida	Not reported	27135217	10.1038/nn.4301	http://neuromorpho.org/api/morphometry/id/52414	TG4050-Neuron-A-27dpi	615.163	23.0686	1.0	7.0	15.0	98.8777	210.073	112.51	0.15	249.668	269.521	4.0	0.965946	140.0	0.314286	2.0	55.982	1.0111	3508.52	35.5004	1305.42	False	True	True	True	True	0.011490554763984005
dentate_gyrus	DG_mouse_sample	52415	TG4033-Neuron-R-37dpi	Gage	mouse	C57BL/6J	hippocampus;dentate gyrus;granule layer	principal cell;granule;newborn	adult	Day	79.0	86.0	Female	CELSR3 shRNAi	in vivo	Dendrites, Soma, No Axon	No Diameter, 3D, Angles	Dendrites Complete	Neurolucida	Not reported	27135217	10.1038/nn.4301	http://neuromorpho.org/api/morphometry/id/52415	TG4033-Neuron-R-37dpi	1118.98	83.9239	1.0	10.0	21.0	79.2396	181.962	144.68	0.3	207.672	247.041	7.0	0.944855	129.0	0.622222	2.0	56.8416	1.0175	3788.56	49.5379	1187.28	False	True	True	True	True	0.017687487366080452
dentate_gyrus	DG_mouse_sample	52416	TG4034-Neuron-C-37dpi	Gage	mouse	C57BL/6J	hippocampus;dentate gyrus;granule layer	principal cell;granule;newborn	adult	Day	79.0	86.0	Female	CELSR3 shRNAi	in vivo	Dendrites, Soma, No Axon	No Diameter, 3D, Angles	Dendrites Complete	Neurolucida	Not reported	27135217	10.1038/nn.4301	http://neuromorpho.org/api/morphometry/id/52416	TG4034-Neuron-C-37dpi	1339.16	100.437	1.0	9.0	19.0	184.139	186.65	121.83	0.3	228.774	271.485	4.0	0.933019	173.0	0.296296	2.0	62.6496	1.01677	2630.92	52.0808	1420.89	False	True	True	True	True	0.013371900710118305
dentate_gyrus	DG_mouse_sample	52417	TG4049-Neuron-B-37dpi	Gage	mouse	C57BL/6J	hippocampus;dentate gyrus;granule layer	principal cell;granule;newborn	adult	Day	79.0	86.0	Female	CELSR3 shRNAi	in vivo	Dendrites, Soma, No Axon	No Diameter, 3D, Angles	Dendrites Complete	Neurolucida	Not reported	27135217	10.1038/nn.4301	http://neuromorpho.org/api/morphometry/id/52417	TG4049-Neuron-B-37dpi	1730.87	199.05	1.0	9.0	19.0	172.31	288.84	69.7	0.46	244.044	301.518	6.0	0.918212	145.0	0.416667	2.0	82.4712	1.02523	7474.3	70.3801	1197.72	False	True	True	True	True	0.01586347393380757
dentate_gyrus	DG_mouse_sample	52418	TG4049-Neuron-C-37dpi	Gage	mouse	C57BL/6J	hippocampus;dentate gyrus;granule layer	principal cell;granule;newborn	adult	Day	79.0	86.0	Female	CELSR3 shRNAi	in vivo	Dendrites, Soma, No Axon	No Diameter, 3D, Angles	Dendrites Complete	Neurolucida	Not reported	27135217	10.1038/nn.4301	http://neuromorpho.org/api/morphometry/id/52418	TG4049-Neuron-C-37dpi	1711.83	196.86	1.0	11.0	23.0	102.39	257.1	60.84	0.46	184.738	227.914	5.0	0.929082	138.0	0.315152	2.0	61.7587	1.02777	8190.72	50.3449	1184.55	False	True	True	True	True	0.01941665611413617
dentate_gyrus	DG_mouse_sample	52419	TG4050-Neuron-C-37dpi	Gage	mouse	C57BL/6J	hippocampus;dentate gyrus;granule layer	principal cell;granule;newborn	adult	Day	79.0	86.0	Female	CELSR3 shRNAi	in vivo	Dendrites, Soma, No Axon	No Diameter, 3D, Angles	Dendrites Complete	Neurolucida	Not reported	27135217	10.1038/nn.4301	http://neuromorpho.org/api/morphometry/id/52419	TG4050-Neuron-C-37dpi	2348.9	270.123	1.0	9.0	19.0	177.879	222.96	133.28	0.46	247.498	274.741	5.0	0.950791	276.0	0.522222	2.0	50.0185	1.01173	3453.5	35.2733	1625.39	False	True	True	True	True	0.011689502211776864
dentate_gyrus	DG_mouse_sample	52420	TG4050-Neuron-E-37dpi	Gage	mouse	C57BL/6J	hippocampus;dentate gyrus;granule layer	principal cell;granule;newborn	adult	Day	79.0	86.0	Female	CELSR3 shRNAi	in vivo	Dendrites, Soma, No Axon	No Diameter, 3D, Angles	Dendrites Complete	Neurolucida	Not reported	27135217	10.1038/nn.4301	http://neuromorpho.org/api/morphometry/id/52420	TG4050-Neuron-E-37dpi	1981.19	227.837	1.0	8.0	17.0	92.6486	231.05	173.21	0.46	266.351	287.336	4.0	0.920909	153.0	0.239286	2.0	64.6171	1.02198	4574.41	60.5898	1370.94	False	True	True	True	True	0.012400250922724553
dentate_gyrus	DG_mouse_sample	52421	TG4050-Neuron-F-37dpi	Gage	mouse	C57BL/6J	hippocampus;dentate gyrus;granule layer	principal cell;granule;newborn	adult	Day	79.0	86.0	Female	CELSR3 shRNAi	in vivo	Dendrites, Soma, No Axon	No Diameter, 3D, Angles	Dendrites Complete	Neurolucida	Not reported	27135217	10.1038/nn.4301	http://neuromorpho.org/api/morphometry/id/52421	TG4050-Neuron-F-37dpi	2030.22	233.476	1.0	9.0	19.0	107.625	177.023	199.27	0.46	219.124	249.447	5.0	0.919858	166.0	0.527778	2.0	60.2118	1.02464	3758.12	42.4512	1404.87	False	True	True	True	True	0.01352438303900005
dentate_gyrus	DG_mouse_sample	52422	TG4033-Neuron-AA-43dpi	Gage	mouse	C57BL/6J	hippocampus;dentate gyrus;granule layer	principal cell;granule;newborn	adult	Day	85.0	92.0	Female	CELSR3 shRNAi	in vivo	Dendrites, Soma, No Axon	No Diameter, 3D, Angles	Dendrites Complete	Neurolucida	Not reported	27135217	10.1038/nn.4301	http://neuromorpho.org/api/morphometry/id/52422	TG4033-Neuron-AA-43dpi	1430.18	107.264	1.0	10.0	21.0	217.778	192.814	128.15	0.3	221.558	237.97	5.0	0.948739	183.0	0.394444	2.0	47.1135	1.0147	3800.19	44.9566	1517.47	False	True	True	True	True	0.013838823831772621
dentate_gyrus	DG_mouse_sample	52423	TG4033-Neuron-H-43dpi	Gage	mouse	C57BL/6J	hippocampus;dentate gyrus;granule layer	principal cell;granule;newborn	adult	Day	85.0	92.0	Female	CELSR3 shRNAi	in vivo	Dendrites, Soma, No Axon	No Diameter, 3D, Angles	Dendrites Complete	Neurolucida	Not reported	27135217	10.1038/nn.4301	http://neuromorpho.org/api/morphometry/id/52423	TG4033-Neuron-H-43dpi	1181.26	88.5947	1.0	9.0	19.0	160.618	180.141	69.71	0.3	250.75	261.921	4.0	0.944062	130.0	0.305556	2.0	59.3165	1.01442	6689.88	47.2078	1253.36	False	True	True	True	True	0.015159251930809983
dentate_gyrus	DG_mouse_sample	52424	TG4033-Neuron-I-43dpi	Gage	mouse	C57BL/6J	hippocampus;dentate gyrus;granule layer	principal cell;granule;newborn	adult	Day	85.0	92.0	Female	CELSR3 shRNAi	in vivo	Dendrites, Soma, No Axon	No Diameter, 3D, Angles	Dendrites Complete	Neurolucida	Not reported	27135217	10.1038/nn.4301	http://neuromorpho.org/api/morphometry/id/52424	TG4033-Neuron-I-43dpi	1291.76	96.8817	1.0	10.0	21.0	213.81	225.309	69.14	0.3	209.946	285.084	5.0	0.898996	158.0	0.420635	2.0	50.7476	1.02948	3540.08	51.6311	1370.59	False	True	True	True	True	0.01532186868428925
dentate_gyrus	DG_mouse_sample	52425	TG4033-Neuron-J-43dpi	Gage	mouse	C57BL/6J	hippocampus;dentate gyrus;granule layer	principal cell;granule;newborn	adult	Day	85.0	92.0	Female	CELSR3 shRNAi	in vivo	Dendrites, Soma, No Axon	No Diameter, 3D, Angles	Dendrites Complete	Neurolucida	Not reported	27135217	10.1038/nn.4301	http://neuromorpho.org/api/morphometry/id/52425	TG4033-Neuron-J-43dpi	1212.21	90.9156	1.0	10.0	21.0	109.434	204.49	146.57	0.3	212.319	282.228	8.0	0.920826	152.0	0.627778	2.0	66.6851	1.02132	2663.25	65.8613	1286.19	False	True	True	True	True	0.016327292235206306
dentate_gyrus	DG_mouse_sample	52426	TG4033-Neuron-L-43dpi	Gage	mouse	C57BL/6J	hippocampus;dentate gyrus;granule layer	principal cell;granule;newborn	adult	Day	85.0	92.0	Female	CELSR3 shRNAi	in vivo	Dendrites, Soma, No Axon	No Diameter, 3D, Angles	Dendrites Complete	Neurolucida	Not reported	27135217	10.1038/nn.4301	http://neuromorpho.org/api/morphometry/id/52426	TG4033-Neuron-L-43dpi	1103.04	82.7282	1.0	8.0	17.0	238.621	158.771	75.02	0.3	211.401	244.421	5.0	0.938849	155.0	0.464286	2.0	51.2931	1.0168	4180.12	51.0829	1170.36	False	True	True	True	True	0.014525445162172324
dentate_gyrus	DG_mouse_sample	52427	TG4052-Neuron-A-48dpi	Gage	mouse	C57BL/6J	hippocampus;dentate gyrus;granule layer	principal cell;granule;newborn	adult	Day	90.0	97.0	Female	CELSR3 shRNAi	in vivo	Dendrites, Soma, No Axon	No Diameter, 3D, Angles	Dendrites Complete	Neurolucida	Not reported	27135217	10.1038/nn.4301	http://neuromorpho.org/api/morphometry/id/52427	TG4052-Neuron-A-48dpi	2252.72	259.062	1.0	11.0	23.0	286.34	136.5	170.64	0.46	236.041	254.841	6.0	0.94303	188.0	0.466667	2.0	68.126	1.01522	2809.37	57.8497	1558.83	False	True	True	True	True	0.014754655735391288
dentate_gyrus	DG_mouse_sample	52428	TG4052-Neuron-B-48dpi	Gage	mouse	C57BL/6J	hippocampus;dentate gyrus;granule layer	principal cell;granule;newborn	adult	Day	90.0	97.0	Female	CELSR3 shRNAi	in vivo	Dendrites, Soma, No Axon	No Diameter, 3D, Angles	Dendrites Complete	Neurolucida	Not reported	27135217	10.1038/nn.4301	http://neuromorpho.org/api/morphometry/id/52428	TG4052-Neuron-B-48dpi	2446.98	281.403	1.0	10.0	21.0	182.858	163.899	128.1	0.46	245.909	293.709	5.0	0.93735	233.0	0.555556	2.0	67.6262	1.02092	4939.76	56.513	1693.26	False	True	True	True	True	0.012402111902483966
dentate_gyrus	DG_mouse_sample	52429	TG4052-Neuron-G-48dpi	Gage	mouse	C57BL/6J	hippocampus;dentate gyrus;granule layer	principal cell;granule;newborn	adult	Day	90.0	97.0	Female	CELSR3 shRNAi	in vivo	Dendrites, Soma, No Axon	No Diameter, 3D, Angles	Dendrites Complete	Neurolucida	Not reported	27135217	10.1038/nn.4301	http://neuromorpho.org/api/morphometry/id/52429	TG4052-Neuron-G-48dpi	2433.49	279.851	1.0	9.0	19.0	209.482	241.111	109.03	0.46	279.538	312.824	5.0	0.942537	197.0	0.381481	2.0	50.8557	1.01576	2934.76	43.7879	1683.92	False	True	True	True	True	0.01128319635137061
dentate_gyrus	DG_mouse_sample	52430	TG4052-Neuron-I-48dpi	Gage	mouse	C57BL/6J	hippocampus;dentate gyrus;granule layer	principal cell;granule;newborn	adult	Day	90.0	97.0	Female	CELSR3 shRNAi	in vivo	Dendrites, Soma, No Axon	No Diameter, 3D, Angles	Dendrites Complete	Neurolucida	Not reported	27135217	10.1038/nn.4301	http://neuromorpho.org/api/morphometry/id/52430	TG4052-Neuron-I-48dpi	1867.1	214.717	1.0	7.0	15.0	119.671	248.169	80.53	0.46	275.837	302.237	4.0	0.95536	169.0	0.571429	2.0	64.3447	1.01179	2303.93	37.9447	1291.99	False	True	True	True	True	0.011609996981400784
dentate_gyrus	DG_mouse_sample	52431	TG4033-Neuron-E-60dpi	Gage	mouse	C57BL/6J	hippocampus;dentate gyrus;granule layer	principal cell;granule;newborn	adult	Day	102.0	109.0	Female	CELSR3 shRNAi	in vivo	Dendrites, Soma, No Axon	No Diameter, 3D, Angles	Dendrites Complete	Neurolucida	Not reported	27135217	10.1038/nn.4301	http://neuromorpho.org/api/morphometry/id/52431	TG4033-Neuron-E-60dpi	1222.29	91.6718	1.0	9.0	19.0	93.0175	287.02	79.5	0.3	235.894	316.11	5.0	0.924931	126.0	0.509259	2.0	77.5977	1.02292	6534.19	69.1608	1296.89	False	True	True	True	True	0.014650432958847704
dentate_gyrus	DG_mouse_sample	52432	TG4033-Neuron-F-60dpi	Gage	mouse	C57BL/6J	hippocampus;dentate gyrus;granule layer	principal cell;granule;newborn	adult	Day	102.0	109.0	Female	CELSR3 shRNAi	in vivo	Dendrites, Soma, No Axon	No Diameter, 3D, Angles	Dendrites Complete	Neurolucida	Not reported	27135217	10.1038/nn.4301	http://neuromorpho.org/api/morphometry/id/52432	TG4033-Neuron-F-60dpi	1304.91	97.8684	1.0	12.0	25.0	181.521	280.731	96.68	0.3	263.271	328.884	7.0	0.900334	181.0	0.494949	2.0	75.9512	1.03372	5576.07	59.244	1384.55	False	True	True	True	True	0.018056408219277023
dentate_gyrus	DG_mouse_sample	52433	TG4033-Neuron-G-60dpi	Gage	mouse	C57BL/6J	hippocampus;dentate gyrus;granule layer	principal cell;granule;newborn	adult	Day	102.0	109.0	Female	CELSR3 shRNAi	in vivo	Dendrites, Soma, No Axon	No Diameter, 3D, Angles	Dendrites Complete	Neurolucida	Not reported	27135217	10.1038/nn.4301	http://neuromorpho.org/api/morphometry/id/52433	TG4033-Neuron-G-60dpi	1273.53	95.5144	1.0	10.0	21.0	189.3	218.939	113.84	0.3	232.37	283.113	5.0	0.945038	130.0	0.272222	2.0	66.9869	1.01913	5517.52	61.234	1351.25	False	True	True	True	True	0.015541165587419057
dentate_gyrus	DG_mouse_sample	52434	TG4033-Neuron-K-60dpi	Gage	mouse	C57BL/6J	hippocampus;dentate gyrus;granule layer	principal cell;granule;newborn	adult	Day	102.0	109.0	Female	CELSR3 shRNAi	in vivo	Dendrites, Soma, No Axon	No Diameter, 3D, Angles	Dendrites Complete	Neurolucida	Not reported	27135217	10.1038/nn.4301	http://neuromorpho.org/api/morphometry/id/52434	TG4033-Neuron-K-60dpi	2099.0	320.098	1.0	8.0	17.0	55.3494	166.77	126.08	0.61	206.15	244.84	5.0	0.919568	138.0	0.642857	2.0	57.0605	1.01904	2604.05	49.5934	1095.3	False	True	True	True	True	0.015520861864329409
dentate_gyrus	DG_mouse_sample	52435	TG4033-Neuron-M-60dpi	Gage	mouse	C57BL/6J	hippocampus;dentate gyrus;granule layer	principal cell;granule;newborn	adult	Day	102.0	109.0	Female	CELSR3 shRNAi	in vivo	Dendrites, Soma, No Axon	No Diameter, 3D, Angles	Dendrites Complete	Neurolucida	Not reported	27135217	10.1038/nn.4301	http://neuromorpho.org/api/morphometry/id/52435	TG4033-Neuron-M-60dpi	2495.63	380.584	1.0	8.0	17.0	189.329	138.573	59.24	0.61	200.597	252.353	6.0	0.906802	153.0	0.666667	2.0	50.7717	1.02662	4059.68	47.5711	1302.27	False	True	True	True	True	0.01305412856012962
dentate_gyrus	DG_mouse_sample	52436	TG4033-Neuron-N-60dpi	Gage	mouse	C57BL/6J	hippocampus;dentate gyrus;granule layer	principal cell;granule;newborn	adult	Day	102.0	109.0	Female	CELSR3 shRNAi	in vivo	Dendrites, Soma, No Axon	No Diameter, 3D, Angles	Dendrites Complete	Neurolucida	Not reported	27135217	10.1038/nn.4301	http://neuromorpho.org/api/morphometry/id/52436	TG4033-Neuron-N-60dpi	2978.69	454.25	1.0	10.0	21.0	160.87	171.69	133.79	0.61	207.554	230.858	5.0	0.935055	192.0	0.420635	2.0	60.1765	1.02111	3970.53	50.9394	1554.34	False	True	True	True	True	0.013510557535674306
dentate_gyrus	DG_mouse_sample	52437	TG4033-Neuron-S-60dpi	Gage	mouse	C57BL/6J	hippocampus;dentate gyrus;granule layer	principal cell;granule;newborn	adult	Day	102.0	109.0	Female	CELSR3 shRNAi	in vivo	Dendrites, Soma, No Axon	No Diameter, 3D, Angles	Dendrites Complete	Neurolucida	Not reported	27135217	10.1038/nn.4301	http://neuromorpho.org/api/morphometry/id/52437	TG4033-Neuron-S-60dpi	1004.15	75.311	1.0	9.0	19.0	218.83	83.4401	230.51	0.3	219.818	275.868	5.0	0.893619	128.0	0.666667	2.0	73.7256	1.03719	7584.71	60.6945	1065.43	False	True	True	True	True	0.017833175337657096
dentate_gyrus	DG_mouse_sample	52438	TG4033-Neuron-X-60dpi	Gage	mouse	C57BL/6J	hippocampus;dentate gyrus;granule layer	principal cell;granule;newborn	adult	Day	102.0	109.0	Female	CELSR3 shRNAi	in vivo	Dendrites, Soma, No Axon	No Diameter, 3D, Angles	Dendrites Complete	Neurolucida	Not reported	27135217	10.1038/nn.4301	http://neuromorpho.org/api/morphometry/id/52438	TG4033-Neuron-X-60dpi	975.823	73.1867	1.0	7.0	15.0	64.9598	242.91	111.41	0.3	250.248	317.315	4.0	0.918575	100.0	0.380952	2.0	54.9511	1.02467	8502.11	35.5448	1035.38	False	True	True	True	True	0.014487434565087214
dentate_gyrus	DG_mouse_sample	52439	TG4033-Neuron-Z-60dpi	Gage	mouse	C57BL/6J	hippocampus;dentate gyrus;granule layer	principal cell;granule;newborn	adult	Day	102.0	109.0	Female	CELSR3 shRNAi	in vivo	Dendrites, Soma, No Axon	No Diameter, 3D, Angles	Dendrites Complete	Neurolucida	Not reported	27135217	10.1038/nn.4301	http://neuromorpho.org/api/morphometry/id/52439	TG4033-Neuron-Z-60dpi	1212.83	90.9622	1.0	9.0	19.0	211.989	138.9	87.97	0.3	237.241	291.833	5.0	0.94376	142.0	0.344444	2.0	54.4122	1.01537	3107.89	43.7585	1286.85	False	True	True	True	True	0.014764735594669155
dentate_gyrus	DG_mouse_sample	5693	DGC103axon	Danzer	mouse	C57BL6/Thy1-GFP 	hippocampus;dentate gyrus;granule layer	granule;principal cell	adult	Month	4.0	5.0	Male/Female	pilocarpine treated	in vivo	No Dendrites, Soma, Axon	No Diameter, 3D, Angles	Axon Incomplete	Neurolucida	60	17626215	10.1523/JNEUROSCI.0431-07.2007	http://neuromorpho.org/api/morphometry/id/5693	DGC103axon	12.91	0.1	1.0	3.0	7.0	10.75	93.0	19.57	0.03	100.45	116.17	3.0	0.88	103.0	0.66	2.2	95.76	1.06	216.11	80.46	133.26	False	True	True	True	True	0.0525288908899895
dentate_gyrus	DG_mouse_sample	5694	DGC104axon	Danzer	mouse	C57BL6/Thy1-GFP 	hippocampus;dentate gyrus;granule layer	granule;principal cell	adult	Month	4.0	5.0	Male/Female	pilocarpine treated	in vivo	No Dendrites, Soma, Axon	No Diameter, 3D, Angles	Axon Incomplete	Neurolucida	60	17626215	10.1523/JNEUROSCI.0431-07.2007	http://neuromorpho.org/api/morphometry/id/5694	DGC104axon	7.92	0.06	1.0	1.0	3.0	11.92	33.75	21.54	0.02	36.54	77.45	1.0	0.76	103.0	0.0	1.35	34.39	1.05	284.72	91.23	84.26	False	True	True	True	True	0.03560408260147163
dentate_gyrus	DG_mouse_sample	5695	DGC173axon	Danzer	mouse	C57BL6/Thy1-GFP 	hippocampus;dentate gyrus;granule layer	granule;principal cell	adult	Month	4.0	5.0	Male/Female	pilocarpine treated	in vivo	No Dendrites, Soma, Axon	No Diameter, 3D, Angles	Axon Incomplete	Neurolucida	60	17626215	10.1523/JNEUROSCI.0431-07.2007	http://neuromorpho.org/api/morphometry/id/5695	DGC173axon	6.48	0.04	1.0	1.0	3.0	7.79	53.36	10.79	0.02	56.39	74.86	1.0	0.83	71.0	0.0	2.0	50.08	1.06	203.73	56.28	79.42	False	True	True	True	True	0.03777386048854193
dentate_gyrus	DG_mouse_sample	5696	DGC212axon-a	Danzer	mouse	C57BL6/Thy1-GFP 	hippocampus;dentate gyrus;granule layer	granule;principal cell	adult	Month	4.0	5.0	Male/Female	Control	in vivo	Dendrites, Soma, Axon	No Diameter, 3D, Angles	Dendrites Moderate, Axon Incomplete	Neurolucida	60	17626215	10.1523/JNEUROSCI.0431-07.2007	http://neuromorpho.org/api/morphometry/id/5696	DGC212axon-a	442.811	1012.83	2.0	7.0	16.0	25.7599	185.1	27.98	0.151285	195.187	208.275	3.0	0.924095	296.0	0.314286	2.0	77.6152	1.01272	371.664	37.0446	555.282	True	True	True	True	True	0.028814188106223503
dentate_gyrus	DG_mouse_sample	5697	DGC235axon	Danzer	mouse	C57BL6/Thy1-GFP 	hippocampus;dentate gyrus;granule layer	granule;principal cell	adult	Month	4.0	5.0	Male/Female	pilocarpine treated	in vivo	No Dendrites, Soma, Axon	No Diameter, 3D, Angles	Axon Incomplete	Neurolucida	60	17626215	10.1523/JNEUROSCI.0431-07.2007	http://neuromorpho.org/api/morphometry/id/5697	DGC235axon	6.4	0.04	1.0	1.0	3.0	11.92	30.85	16.19	0.02	32.39	69.74	1.0	0.64	89.0	0.0	1.35	81.27	1.03	267.12	102.86	83.65	False	True	True	True	True	0.03586371787208607
dentate_gyrus	DG_mouse_sample	5698	DGC275axon	Danzer	mouse	C57BL6/Thy1-GFP 	hippocampus;dentate gyrus;granule layer	granule;principal cell	adult	Month	4.0	5.0	Male/Female	pilocarpine treated	in vivo	No Dendrites, Soma, Axon	No Diameter, 3D, Angles	Axon Incomplete	Neurolucida	60	17626215	10.1523/JNEUROSCI.0431-07.2007	http://neuromorpho.org/api/morphometry/id/5698	DGC275axon	10.27	0.1	1.0	1.0	3.0	15.1	39.7	6.89	0.04	42.3	52.66	1.0	0.74	82.0	0.0	2.0	98.37	1.05	189.13	22.97	81.75	False	True	True	True	True	0.03669724770642202
dentate_gyrus	DG_mouse_sample	5699	DGC285axon	Danzer	mouse	C57BL6/Thy1-GFP 	hippocampus;dentate gyrus;granule layer	granule;principal cell	adult	Month	4.0	5.0	Male/Female	pilocarpine treated	in vivo	No Dendrites, Soma, Axon	No Diameter, 3D, Angles	Axon Incomplete	Neurolucida	60	17626215	10.1523/JNEUROSCI.0431-07.2007	http://neuromorpho.org/api/morphometry/id/5699	DGC285axon	7.22	0.06	1.0	1.0	3.0	21.76	23.99	10.98	0.03	31.11	38.81	1.0	0.87	66.0	0.0	2.0	136.64	1.03	213.82	63.93	64.41	False	True	True	True	True	0.04657661853749418
dentate_gyrus	DG_mouse_sample	5700	DGC393axon	Danzer	mouse	C57BL6/Thy1-GFP 	hippocampus;dentate gyrus;granule layer	granule;principal cell	adult	Month	4.0	5.0	Male/Female	Control	in vivo	No Dendrites, Soma, Axon	No Diameter, 3D, Angles	Axon Incomplete	Neurolucida	60	17626215	10.1523/JNEUROSCI.0431-07.2007	http://neuromorpho.org/api/morphometry/id/5700	DGC393axon	23.65	0.23	1.0	1.0	3.0	18.94	155.73	21.6	0.04	159.76	182.39	1.0	0.92	128.0	0.0	2.0	65.16	1.02557	295.16	24.56	188.21	True	True	True	True	True	0.015939641889378884
dentate_gyrus	DG_mouse_sample	5701	DGC411axon	Danzer	mouse	C57BL6/Thy1-GFP 	hippocampus;dentate gyrus;granule layer	granule;principal cell	adult	Month	4.0	5.0	Male/Female	pilocarpine treated	in vivo	No Dendrites, Soma, Axon	No Diameter, 3D, Angles	Axon Incomplete	Neurolucida	60	17626215	10.1523/JNEUROSCI.0431-07.2007	http://neuromorpho.org/api/morphometry/id/5701	DGC411axon	5.61	0.05	1.0	1.0	3.0	7.18	29.96	2.08	0.03	32.73	40.6	1.0	0.93	40.0	0.0	1.64	35.36	1.0227	291.28	74.16	46.08	False	True	True	True	True	0.06510416666666667
dentate_gyrus	DG_mouse_sample	5702	DGC535axon	Danzer	mouse	C57BL6/Thy1-GFP 	hippocampus;dentate gyrus;granule layer	granule;principal cell	adult	Month	4.0	5.0	Male/Female	pilocarpine treated	in vivo	No Dendrites, Soma, Axon	No Diameter, 3D, Angles	Axon Incomplete	Neurolucida	60	17626215	10.1523/JNEUROSCI.0431-07.2007	http://neuromorpho.org/api/morphometry/id/5702	DGC535axon	18.05	0.27	1.0	1.0	3.0	5.32	73.77	8.02	0.05	78.64	89.47	1.0	0.75	75.0	0.0	2.0	63.89	1.10967	351.06	72.64	104.25	False	True	True	True	True	0.02877697841726619
dentate_gyrus	DG_mouse_sample	5703	DGC537axon	Danzer	mouse	C57BL6/Thy1-GFP 	hippocampus;dentate gyrus;granule layer	granule;principal cell	adult	Month	4.0	5.0	Male/Female	pilocarpine treated	in vivo	No Dendrites, Soma, Axon	No Diameter, 3D, Angles	Axon Incomplete	Neurolucida	60	17626215	10.1523/JNEUROSCI.0431-07.2007	http://neuromorpho.org/api/morphometry/id/5703	DGC537axon	12.77	0.12	1.0	1.0	3.0	18.89	66.1	6.3	0.04	71.85	84.35	1.0	0.88	91.0	0.0	2.0	62.65	1.02	213.2	97.35	101.66	False	True	True	True	True	0.029510131811922094
dentate_gyrus	DG_mouse_sample	59666	12-C4D-N1	Koehl	mouse	C57BL/6N	hippocampus;dentate gyrus;granule layer	principal cell;granule;adult-born;16 days old	adult	Month	2.5	2.5	Male	Blocked wheel	Not reported	Dendrites, Soma, No Axon	No Diameter, 3D, Angles	Dendrites Complete	Neurolucida	40	26606164	10.1002/hipo.22551	http://neuromorpho.org/api/morphometry/id/59666	12-C4D-N1	70.1919	1.22836	1.0	4.0	9.0	72.5332	116.68	6.52	0.07	133.989	137.598	3.0	0.985096	111.0	0.333333	2.0	34.8066	1.00422	251.848	36.6988	319.182	False	True	True	True	True	0.028197078782638118
dentate_gyrus	DG_mouse_sample	59667	12-C4D-N2	Koehl	mouse	C57BL/6N	hippocampus;dentate gyrus;granule layer	principal cell;granule;adult-born;16 days old	adult	Month	2.5	2.5	Male	Blocked wheel	Not reported	Dendrites, Soma, No Axon	No Diameter, 3D, Angles	Dendrites Complete	Neurolucida	40	26606164	10.1002/hipo.22551	http://neuromorpho.org/api/morphometry/id/59667	12-C4D-N2	64.5293	1.12926	1.0	4.0	9.0	48.5644	97.1601	6.46	0.07	105.571	113.388	3.0	0.953839	150.0	0.25	2.0	59.3799	1.01397	170.713	45.634	293.433	False	True	True	True	True	0.0306713968776518
dentate_gyrus	DG_mouse_sample	59668	13-C4G-N3	Koehl	mouse	C57BL/6N	hippocampus;dentate gyrus;granule layer	principal cell;granule;adult-born;16 days old	adult	Month	2.5	2.5	Male	Blocked wheel	Not reported	Dendrites, Soma, No Axon	No Diameter, 3D, Angles	Dendrites Complete	Neurolucida	40	26606164	10.1002/hipo.22551	http://neuromorpho.org/api/morphometry/id/59668	13-C4G-N3	64.8269	1.13447	1.0	5.0	11.0	48.4501	121.441	7.92	0.07	133.205	144.651	4.0	0.965678	137.0	0.466667	2.0	51.4763	1.0088	269.007	35.2644	294.787	False	True	True	True	True	0.03731507834470313
dentate_gyrus	DG_mouse_sample	59669	13-C4G-N4	Koehl	mouse	C57BL/6N	hippocampus;dentate gyrus;granule layer	principal cell;granule;adult-born;16 days old	adult	Month	2.5	2.5	Male	Blocked wheel	Not reported	Dendrites, Soma, No Axon	No Diameter, 3D, Angles	Dendrites Complete	Neurolucida	40	26606164	10.1002/hipo.22551	http://neuromorpho.org/api/morphometry/id/59669	13-C4G-N4	45.6794	0.799389	1.0	4.0	9.0	29.8107	105.72	6.44	0.07	115.256	119.92	3.0	0.978856	96.0	0.25	2.0	39.6608	1.00818	161.348	24.2896	207.717	False	True	True	True	True	0.04332818209390661
dentate_gyrus	DG_mouse_sample	59670	4-C4D-N1	Koehl	mouse	C57BL/6N	hippocampus;dentate gyrus;granule layer	principal cell;granule;adult-born;16 days old	adult	Month	2.5	2.5	Male	Limited wheel access	Not reported	Dendrites, Soma, No Axon	No Diameter, 3D, Angles	Dendrites Complete	Neurolucida	40	26606164	10.1002/hipo.22551	http://neuromorpho.org/api/morphometry/id/59670	4-C4D-N1	125.784	2.20122	1.0	6.0	13.0	34.2497	175.25	8.39	0.07	196.891	206.141	4.0	0.93536	376.0	0.533333	2.0	44.9841	1.01587	267.232	26.0308	571.975	False	True	True	True	True	0.022728266095546134
dentate_gyrus	DG_mouse_sample	59671	4-C6G-N2	Koehl	mouse	C57BL/6N	hippocampus;dentate gyrus;granule layer	principal cell;granule;adult-born;16 days old	adult	Month	2.5	2.5	Male	Limited wheel access	Not reported	Dendrites, Soma, No Axon	No Diameter, 3D, Angles	Dendrites Complete	Neurolucida	40	26606164	10.1002/hipo.22551	http://neuromorpho.org/api/morphometry/id/59671	4-C6G-N2	99.7556	1.74572	1.0	6.0	13.0	52.4975	105.805	8.73	0.07	119.274	131.702	4.0	0.937093	301.0	0.533333	2.0	51.9466	1.01413	206.39	27.4559	453.617	False	True	True	True	True	0.02865853792957495
dentate_gyrus	DG_mouse_sample	59672	6-C6G-N3	Koehl	mouse	C57BL/6N	hippocampus;dentate gyrus;granule layer	principal cell;granule;adult-born;16 days old	adult	Month	2.5	2.5	Male	Limited wheel access	Not reported	Dendrites, Soma, No Axon	No Diameter, 3D, Angles	Dendrites Complete	Neurolucida	40	26606164	10.1002/hipo.22551	http://neuromorpho.org/api/morphometry/id/59672	6-C6G-N3	116.221	2.03387	1.0	6.0	13.0	59.29	160.05	7.51	0.07	180.8	200.917	4.0	0.936716	369.0	0.322222	2.0	42.7951	1.01765	237.699	30.2637	528.49	False	True	True	True	True	0.024598384075384585
dentate_gyrus	DG_mouse_sample	59673	11-C2G-D-N3	Koehl	mouse	C57BL/6N	hippocampus;dentate gyrus;granule layer	principal cell;granule;adult-born;16 days old	adult	Month	2.5	2.5	Male	Control	Not reported	Dendrites, Soma, No Axon	No Diameter, 3D, Angles	Dendrites Complete	Neurolucida	40	26606164	10.1002/hipo.22551	http://neuromorpho.org/api/morphometry/id/59673	11-C2G-D-N3	26.4511	0.462893	1.0	2.0	5.0	9.62103	84.16	3.95	0.07	89.1213	92.4746	2.0	0.96976	56.0	0.5	2.0	35.096	1.01031	290.072	42.658	120.28	True	True	True	True	True	0.041569670768207514
dentate_gyrus	DG_mouse_sample	59674	5-C3G-D-N1	Koehl	mouse	C57BL/6N	hippocampus;dentate gyrus;granule layer	principal cell;granule;adult-born;16 days old	adult	Month	2.5	2.5	Male	Control	Not reported	Dendrites, Soma, No Axon	No Diameter, 3D, Angles	Dendrites Complete	Neurolucida	40	26606164	10.1002/hipo.22551	http://neuromorpho.org/api/morphometry/id/59674	5-C3G-D-N1	41.2033	0.721058	1.0	2.0	5.0	33.1059	90.1324	7.82	0.07	97.5014	100.48	2.0	0.919415	95.0	0.5	2.0	45.797	1.02381	174.324	41.9402	187.363	True	True	True	True	True	0.026686165358155024
dentate_gyrus	DG_mouse_sample	59675	5-C5G-D-N2	Koehl	mouse	C57BL/6N	hippocampus;dentate gyrus;granule layer	principal cell;granule;adult-born;16 days old	adult	Month	2.5	2.5	Male	Control	Not reported	Dendrites, Soma, No Axon	No Diameter, 3D, Angles	Dendrites Complete	Neurolucida	40	26606164	10.1002/hipo.22551	http://neuromorpho.org/api/morphometry/id/59675	5-C5G-D-N2	33.8774	0.592854	1.0	2.0	5.0	26.1373	75.9043	9.34	0.07	82.0233	88.0439	2.0	0.93533	80.0	0.5	2.0	48.1137	1.02104	263.408	39.1815	154.05	True	True	True	True	True	0.03245699448231094
dentate_gyrus	DG_mouse_sample	59676	19-C5G-N2	Koehl	mouse	C57BL/6N	hippocampus;dentate gyrus;granule layer	principal cell;granule;adult-born;16 days old	adult	Month	2.5	2.5	Male	unlimited wheel access	Not reported	Dendrites, Soma, No Axon	No Diameter, 3D, Angles	Dendrites Complete	Neurolucida	40	26606164	10.1002/hipo.22551	http://neuromorpho.org/api/morphometry/id/59676	19-C5G-N2	107.617	1.88329	1.0	8.0	17.0	41.0134	88.2057	6.86	0.07	102.758	116.242	4.0	0.937193	371.0	0.428571	2.0	68.6305	1.01957	351.277	31.8099	489.364	False	True	True	True	True	0.03473896731267523
dentate_gyrus	DG_mouse_sample	59677	19-C7G-N2	Koehl	mouse	C57BL/6N	hippocampus;dentate gyrus;granule layer	principal cell;granule;adult-born;16 days old	adult	Month	2.5	2.5	Male	unlimited wheel access	Not reported	Dendrites, Soma, No Axon	No Diameter, 3D, Angles	Dendrites Complete	Neurolucida	40	26606164	10.1002/hipo.22551	http://neuromorpho.org/api/morphometry/id/59677	19-C7G-N2	107.992	1.88986	1.0	6.0	13.0	78.0828	144.748	7.8	0.07	167.194	180.576	4.0	0.930133	342.0	0.533333	2.0	56.4214	1.01675	206.614	26.2231	491.071	False	True	True	True	True	0.026472750376218507
dentate_gyrus	DG_mouse_sample	98613	8-29-13-Slice-3	Danzer	mouse	C57BL/6	hippocampus;dentate gyrus;granule layer	principal cell;granule	adult	Month	2.2	8.2	Male/Female	PTEN Knockout	in vitro	Dendrites, Soma, Axon	Diameter, 3D, Angles	Dendrites Complete, Axon Incomplete	Neurolucida	400	28855130	10.1016/j.nbd.2017.08.014	http://neuromorpho.org/api/morphometry/id/98613	8-29-13-Slice-3	1137.05	45.615	4.0	23.0	50.0	112.281	284.218	85.0	0.160343	186.111	239.487	7.0	0.910659	788.0	0.405435	2.0	57.052	1.02387	698.5	31.0515	2257.85	False	True	True	True	True	0.022144960914143988
dentate_gyrus	DG_mouse_sample	98614	9-19-2016-sl2-tracing	Danzer	mouse	C57BL/6	hippocampus;dentate gyrus;granule layer	principal cell;granule	adult	Month	2.2	8.2	Male/Female	PTEN Knockout	in vitro	Dendrites, Soma, Axon	Diameter, 3D, Angles	Dendrites Complete, Axon Incomplete	Neurolucida	400	28855130	10.1016/j.nbd.2017.08.014	http://neuromorpho.org/api/morphometry/id/98614	9-19-2016-sl2-tracing	1624.87	65.5264	5.0	26.0	57.0	120.569	260.421	66.0	0.163797	223.235	258.699	6.0	0.931123	869.0	0.370879	2.0097	58.9598	1.02484	831.562	35.6924	3224.12	False	True	True	True	True	0.017679242708087788
dentate_gyrus	DG_mouse_sample	98615	9-30-2014-cell	Danzer	mouse	C57BL/6	hippocampus;dentate gyrus;granule layer	principal cell;granule	adult	Month	2.2	8.2	Male/Female	PTEN Knockout	in vitro	Dendrites, Soma, Axon	Diameter, 3D, Angles	Dendrites Complete, Axon Incomplete	Neurolucida	400	28855130	10.1016/j.nbd.2017.08.014	http://neuromorpho.org/api/morphometry/id/98615	9-30-2014-cell	7711.62	1341.32	6.0	34.0	74.0	170.511	323.53	69.5	0.643684	311.39	365.88	7.0	0.891553	1254.0	0.516036	1.78146	62.5737	1.03511	553.188	36.5914	3788.27	False	True	True	True	True	0.019533982530284273
dentate_gyrus	DG_mouse_sample	98616	01-08-14-Slice-1	Danzer	mouse	C57BL/6	hippocampus;dentate gyrus	principal cell;granule	adult	Month	2.0	6.0	Male/Female	Control	in vitro	Dendrites, Soma, Axon	No Diameter, 3D, Angles	Dendrites Complete, Axon Incomplete	Neurolucida	400	28855130	10.1016/j.nbd.2017.08.014	http://neuromorpho.org/api/morphometry/id/98616	01-08-14-Slice-1	2118.92	132.433	2.0	16.0	34.0	170.43	198.748	74.0	0.25	239.375	264.555	6.0	0.944667	905.0	0.384375	2.0	53.8815	1.01637	386.218	38.262	2697.89	True	True	True	True	True	0.012602441166986052
dentate_gyrus	DG_mouse_sample	98617	01-08-14-Slice-1or2-Cell-3	Danzer	mouse	C57BL/6	hippocampus;dentate gyrus	principal cell;granule	adult	Month	2.0	6.0	Male/Female	Control	in vitro	Dendrites, Soma, Axon	No Diameter, 3D, Angles	Dendrites Complete, Axon Incomplete	Neurolucida	400	28855130	10.1016/j.nbd.2017.08.014	http://neuromorpho.org/api/morphometry/id/98617	01-08-14-Slice-1or2-Cell-3	1673.14	104.571	2.0	14.0	30.0	204.985	198.931	66.5	0.25	189.495	213.437	6.0	0.926253	815.0	0.307234	2.0	68.2549	1.02227	350.132	45.6506	2130.31	True	True	True	True	True	0.014082457482713783
dentate_gyrus	DG_mouse_sample	98618	03-07-14-Slice-2	Danzer	mouse	C57BL/6	hippocampus;dentate gyrus	principal cell;granule	adult	Month	2.0	6.0	Male/Female	Control	in vitro	Dendrites, Soma, Axon	No Diameter, 3D, Angles	Dendrites Complete, Axon Incomplete	Neurolucida	400	28855130	10.1016/j.nbd.2017.08.014	http://neuromorpho.org/api/morphometry/id/98618	03-07-14-Slice-2	1450.72	58.0288	2.0	15.0	32.0	161.911	241.935	74.5	0.16	249.268	263.594	6.0	0.953282	881.0	0.378095	2.0	54.5647	1.01202	373.105	32.8395	2886.12	True	True	True	True	True	0.011087550067218272
dentate_gyrus	DG_mouse_sample	98619	03-10-14-Slice-1	Danzer	mouse	C57BL/6	hippocampus;dentate gyrus	principal cell;granule	adult	Month	2.0	6.0	Male/Female	Control	in vitro	Dendrites, Soma, Axon	No Diameter, 3D, Angles	Dendrites Complete, Axon Incomplete	Neurolucida	400	28855130	10.1016/j.nbd.2017.08.014	http://neuromorpho.org/api/morphometry/id/98619	03-10-14-Slice-1	2233.77	139.611	3.0	18.0	39.0	234.27	257.93	71.97	0.25	236.796	251.777	5.0	0.945606	1028.0	0.337037	2.0	57.9514	1.01577	355.946	29.3434	2844.12	True	True	True	True	True	0.013712501582211722
dentate_gyrus	DG_mouse_sample	98620	03-14-14-Slice-1	Danzer	mouse	C57BL/6	hippocampus;dentate gyrus	principal cell;granule	adult	Month	2.0	6.0	Male/Female	Control	in vitro	Dendrites, Soma, Axon	No Diameter, 3D, Angles	Dendrites Complete, Axon Incomplete	Neurolucida	400	28855130	10.1016/j.nbd.2017.08.014	http://neuromorpho.org/api/morphometry/id/98620	03-14-14-Slice-1	1070.67	42.8267	2.0	13.0	28.0	173.418	261.242	46.0	0.16	213.044	227.591	5.0	0.938816	597.0	0.196154	2.0	53.7572	1.01628	373.657	32.9121	2130.02	True	True	True	True	True	0.013145416474962677
dentate_gyrus	DG_mouse_sample	98621	03-17-14-Slice-1	Danzer	mouse	C57BL/6	hippocampus;dentate gyrus	principal cell;granule	adult	Month	2.0	6.0	Male/Female	Control	in vitro	Dendrites, Soma, Axon	No Diameter, 3D, Angles	Dendrites Complete, Axon Incomplete	Neurolucida	400	28855130	10.1016/j.nbd.2017.08.014	http://neuromorpho.org/api/morphometry/id/98621	03-17-14-Slice-1	1716.79	107.299	2.0	13.0	28.0	242.112	265.344	36.0	0.25	257.234	279.762	5.0	0.952736	840.0	0.467399	2.0	76.1824	1.01426	390.009	32.5612	2185.88	True	True	True	True	True	0.012809486339597782
dentate_gyrus	DG_mouse_sample	98622	03-17-14-Slice-2	Danzer	mouse	C57BL/6	hippocampus;dentate gyrus	principal cell;granule	adult	Month	2.0	6.0	Male/Female	Control	in vitro	Dendrites, Soma, Axon	Diameter, 3D, Angles	Dendrites Complete, Axon Incomplete	Neurolucida	400	28855130	10.1016/j.nbd.2017.08.014	http://neuromorpho.org/api/morphometry/id/98622	03-17-14-Slice-2	1890.5	118.004	2.0	16.0	34.0	220.432	310.695	74.5	0.24961	203.678	255.073	6.0	0.88161	1155.0	0.578125	2.0	66.3699	1.03744	440.025	60.0706	2411.88	True	True	True	True	True	0.014096887075642236
dentate_gyrus	DG_mouse_sample	98623	03-28-14-Slice-1-Cell-1	Danzer	mouse	C57BL/6	hippocampus;dentate gyrus	principal cell;granule	adult	Month	2.0	6.0	Male/Female	Control	in vitro	Dendrites, Soma, Axon	Diameter, 3D, Angles	Dendrites Complete, Axon Incomplete	Neurolucida	400	28855130	10.1016/j.nbd.2017.08.014	http://neuromorpho.org/api/morphometry/id/98623	03-28-14-Slice-1-Cell-1	1571.28	97.6865	2.0	14.0	30.0	198.188	186.07	68.0	0.247648	211.726	243.643	6.0	0.929499	574.0	0.444139	2.20424	67.2655	1.02263	469.985	37.5602	2017.12	True	True	True	True	True	0.014872689775521537
dentate_gyrus	DG_mouse_sample	98624	03-28-14-Slice-1-Cell-2	Danzer	mouse	C57BL/6	hippocampus;dentate gyrus	principal cell;granule	adult	Month	2.0	6.0	Male/Female	Control	in vitro	Dendrites, Soma, Axon	No Diameter, 3D, Angles	Dendrites Complete, Axon Incomplete	Neurolucida	400	28855130	10.1016/j.nbd.2017.08.014	http://neuromorpho.org/api/morphometry/id/98624	03-28-14-Slice-1-Cell-2	2181.51	136.345	4.0	13.0	30.0	212.534	281.124	45.0	0.25	255.422	268.772	3.0	0.94568	715.0	0.282051	2.0	62.495	1.01363	447.008	37.0748	2777.59	True	True	True	True	True	0.010800730129356744
dentate_gyrus	DG_mouse_sample	98625	04-18-14-Slice-1	Danzer	mouse	C57BL/6	hippocampus;dentate gyrus	principal cell;granule	adult	Month	2.0	6.0	Male/Female	Control	in vitro	Dendrites, Soma, Axon	No Diameter, 3D, Angles	Dendrites Complete, Axon Incomplete	Neurolucida	400	28855130	10.1016/j.nbd.2017.08.014	http://neuromorpho.org/api/morphometry/id/98625	04-18-14-Slice-1	964.293	38.5717	2.0	12.0	26.0	179.114	294.514	66.5	0.16	282.127	307.698	5.0	0.932971	341.0	0.255556	2.0	46.5752	1.01979	448.229	34.259	1918.4	True	True	True	True	True	0.013552960800667223
dentate_gyrus	DG_mouse_sample	98626	04-18-14-Slice-2	Danzer	mouse	C57BL/6	hippocampus;dentate gyrus	principal cell;granule	adult	Month	2.0	6.0	Male/Female	Control	in vitro	Dendrites, Soma, Axon	No Diameter, 3D, Angles	Dendrites Complete, Axon Incomplete	Neurolucida	400	28855130	10.1016/j.nbd.2017.08.014	http://neuromorpho.org/api/morphometry/id/98626	04-18-14-Slice-2	2038.41	127.401	3.0	15.0	33.0	270.282	229.959	67.0	0.25	228.119	247.942	5.0	0.931468	698.0	0.450265	2.0	57.9137	1.01733	503.979	37.7898	2595.38	True	True	True	True	True	0.012714901093481494
dentate_gyrus	DG_mouse_sample	98627	05-14-14-Slice-1	Danzer	mouse	C57BL/6	hippocampus;dentate gyrus	principal cell;granule	adult	Month	2.0	6.0	Male/Female	Control	in vitro	Dendrites, Soma, Axon	No Diameter, 3D, Angles	Dendrites Complete, Axon Incomplete	Neurolucida	400	28855130	10.1016/j.nbd.2017.08.014	http://neuromorpho.org/api/morphometry/id/98627	05-14-14-Slice-1	1433.28	57.3311	3.0	18.0	39.0	243.853	295.714	66.5	0.16	235.388	250.612	5.0	0.937472	484.0	0.561111	2.0	52.6906	1.02142	371.247	44.68	2851.42	True	True	True	True	True	0.013677395823835141
dentate_gyrus	DG_mouse_sample	98628	07-18-14	Danzer	mouse	C57BL/6	hippocampus;dentate gyrus	principal cell;granule	adult	Month	2.0	6.0	Male/Female	Control	in vitro	Dendrites, Soma, Axon	Diameter, 3D, Angles	Dendrites Complete, Axon Incomplete	Neurolucida	400	28855130	10.1016/j.nbd.2017.08.014	http://neuromorpho.org/api/morphometry/id/98628	07-18-14	1733.49	89.2517	3.0	18.0	39.0	288.03	284.181	46.0	0.200312	226.991	248.098	5.0	0.937686	960.0	0.467901	2.0	65.3086	1.01987	497.151	37.9186	2814.84	True	True	True	True	True	0.01385513919085987
dentate_gyrus	DG_mouse_sample	98629	1-12-2015-cell	Danzer	mouse	C57BL/6	hippocampus;dentate gyrus	principal cell;granule	adult	Month	2.0	6.0	Male/Female	Control	in vitro	Dendrites, Soma, Axon	Diameter, 3D, Angles	Dendrites Complete, Axon Incomplete	Neurolucida	400	28855130	10.1016/j.nbd.2017.08.014	http://neuromorpho.org/api/morphometry/id/98629	1-12-2015-cell	2798.45	403.862	4.0	9.0	22.0	118.162	176.568	105.0	0.559585	213.573	232.437	5.0	0.917843	602.0	0.466667	1.88128	69.9579	1.02377	291.516	34.5773	1587.78	True	True	True	True	True	0.013855823854690197
dentate_gyrus	DG_mouse_sample	98630	10-01-13-Slice-1-Axon	Danzer	mouse	C57BL/6	hippocampus;dentate gyrus	principal cell;granule	adult	Month	2.0	6.0	Male/Female	Control	in vitro	Dendrites, Soma, Axon	Diameter, 3D, Angles	Dendrites Complete, Axon Incomplete	Neurolucida	400	28855130	10.1016/j.nbd.2017.08.014	http://neuromorpho.org/api/morphometry/id/98630	10-01-13-Slice-1-Axon	2374.58	104.06	4.0	20.0	44.0	432.928	812.929	91.5	0.17343	694.257	887.584	6.0	0.915199	1213.0	0.443333	2.14297	66.8394	1.0229	509.708	52.1201	4435.15	True	True	True	True	True	0.009920746761665333
dentate_gyrus	DG_mouse_sample	98631	10-03-13-Slice-1	Danzer	mouse	C57BL/6	hippocampus;dentate gyrus	principal cell;granule	adult	Month	2.0	6.0	Male/Female	Control	in vitro	Dendrites, Soma, Axon	No Diameter, 3D, Angles	Dendrites Complete, Axon Incomplete	Neurolucida	400	28855130	10.1016/j.nbd.2017.08.014	http://neuromorpho.org/api/morphometry/id/98631	10-03-13-Slice-1	1598.38	75.9232	2.0	14.0	30.0	208.09	256.55	57.0	0.19	278.052	293.854	6.0	0.943633	848.0	0.338915	2.0	53.7487	1.01397	505.951	40.7071	2677.8	True	True	True	True	True	0.01120322652924042
dentate_gyrus	DG_mouse_sample	98632	10-25-13-Slice-1	Danzer	mouse	C57BL/6	hippocampus;dentate gyrus	principal cell;granule	adult	Month	2.0	6.0	Male/Female	Control	in vitro	Dendrites, Soma, Axon	No Diameter, 3D, Angles	Dendrites Complete, Axon Incomplete	Neurolucida	400	28855130	10.1016/j.nbd.2017.08.014	http://neuromorpho.org/api/morphometry/id/98632	10-25-13-Slice-1	485.718	12.143	2.0	10.0	22.0	84.8179	187.859	16.0	0.1	194.244	207.352	4.0	0.933459	623.0	0.194444	2.0	58.012	1.01896	306.61	24.8835	1546.09	True	True	True	True	True	0.014229443305370322
dentate_gyrus	DG_mouse_sample	98633	10-30-13-Slice-1	Danzer	mouse	C57BL/6	hippocampus;dentate gyrus	principal cell;granule	adult	Month	2.0	6.0	Male/Female	Control	in vitro	Dendrites, Soma, Axon	No Diameter, 3D, Angles	Dendrites Complete, Axon Incomplete	Neurolucida	400	28855130	10.1016/j.nbd.2017.08.014	http://neuromorpho.org/api/morphometry/id/98633	10-30-13-Slice-1	826.569	20.6642	2.0	14.0	30.0	259.771	334.622	66.0	0.1	265.101	286.66	5.0	0.928264	1066.0	0.349206	2.0	62.0616	1.02076	450.162	37.8407	2631.05	True	True	True	True	True	0.011402291860663993
dentate_gyrus	DG_mouse_sample	98634	11-05-13-Slice-1	Danzer	mouse	C57BL/6	hippocampus;dentate gyrus	principal cell;granule	adult	Month	2.0	6.0	Male/Female	Control	in vitro	Dendrites, Soma, Axon	Diameter, 3D, Angles	Dendrites Complete, Axon Incomplete	Neurolucida	400	28855130	10.1016/j.nbd.2017.08.014	http://neuromorpho.org/api/morphometry/id/98634	11-05-13-Slice-1	953.892	24.7396	2.0	18.0	38.0	169.352	327.56	43.5	0.101798	266.458	286.006	5.0	0.940375	1168.0	0.333598	2.16405	58.4669	1.01721	476.484	36.244	2990.89	True	True	True	True	True	0.012705248270581667
dentate_gyrus	DG_mouse_sample	98635	11-07-13-Slice-1	Danzer	mouse	C57BL/6	hippocampus;dentate gyrus	principal cell;granule	adult	Month	2.0	6.0	Male/Female	Control	in vitro	Dendrites, Soma, Axon	No Diameter, 3D, Angles	Dendrites Complete, Axon Incomplete	Neurolucida	400	28855130	10.1016/j.nbd.2017.08.014	http://neuromorpho.org/api/morphometry/id/98635	11-07-13-Slice-1	724.899	18.1225	2.0	14.0	30.0	149.658	210.191	19.5	0.1	245.178	287.147	6.0	0.948384	858.0	0.44359	2.0	54.6882	1.01589	491.35	27.4129	2307.42	True	True	True	True	True	0.013001534181033362
dentate_gyrus	DG_mouse_sample	98636	11-21-2016-sl1	Danzer	mouse	C57BL/6	hippocampus;dentate gyrus	principal cell;granule	adult	Month	2.0	6.0	Male/Female	Control	in vitro	Dendrites, Soma, Axon	Diameter, 3D, Angles	Dendrites Complete, Axon Incomplete	Neurolucida	400	28855130	10.1016/j.nbd.2017.08.014	http://neuromorpho.org/api/morphometry/id/98636	11-21-2016-sl1	1225.3	73.472	2.0	10.0	22.0	169.149	209.458	34.5	0.22732	223.805	251.279	5.0	0.933837	612.0	0.425397	1.89538	67.8587	1.01956	322.543	32.9735	1725.38	True	True	True	True	True	0.012750814313368648
dentate_gyrus	DG_mouse_sample	98637	11-21-2016-sl2	Danzer	mouse	C57BL/6	hippocampus;dentate gyrus	principal cell;granule	adult	Month	2.0	6.0	Male/Female	Control	in vitro	Dendrites, Soma, Axon	Diameter, 3D, Angles	Dendrites Complete, Axon Incomplete	Neurolucida	400	28855130	10.1016/j.nbd.2017.08.014	http://neuromorpho.org/api/morphometry/id/98637	11-21-2016-sl2	1350.87	52.8605	2.0	19.0	40.0	152.486	245.844	62.5	0.15212	243.084	264.236	7.0	0.921428	1302.0	0.355723	1.81655	75.9376	1.02368	378.988	35.5154	2866.66	True	True	True	True	True	0.013953520822141447
dentate_gyrus	DG_mouse_sample	98638	11-22-2016	Danzer	mouse	C57BL/6	hippocampus;dentate gyrus	principal cell;granule	adult	Month	2.0	6.0	Male/Female	Control	in vitro	Dendrites, Soma, Axon	Diameter, 3D, Angles	Dendrites Complete, Axon Incomplete	Neurolucida	400	28855130	10.1016/j.nbd.2017.08.014	http://neuromorpho.org/api/morphometry/id/98638	11-22-2016	1566.96	65.3715	4.0	23.0	50.0	232.108	308.532	109.0	0.145525	204.6	264.418	5.0	0.897318	1962.0	0.327536	1.97077	58.968	1.02864	330.529	42.4628	3206.1	True	True	True	True	True	0.015595271513677053
dentate_gyrus	DG_mouse_sample	98639	2-24-14-Slice-1	Danzer	mouse	C57BL/6	hippocampus;dentate gyrus	principal cell;granule	adult	Month	2.0	6.0	Male/Female	Control	in vitro	Dendrites, Soma, Axon	No Diameter, 3D, Angles	Dendrites Complete, Axon Incomplete	Neurolucida	400	28855130	10.1016/j.nbd.2017.08.014	http://neuromorpho.org/api/morphometry/id/98639	2-24-14-Slice-1	2125.26	132.829	3.0	13.0	29.0	276.131	219.804	28.5	0.25	259.377	281.112	6.0	0.929186	1152.0	0.378022	2.0	55.4715	1.01726	372.071	32.8221	2705.97	True	True	True	True	True	0.010717044165308559
dentate_gyrus	DG_mouse_sample	98640	2-25-14-Slice-1-Cell-1	Danzer	mouse	C57BL/6	hippocampus;dentate gyrus	principal cell;granule	adult	Month	2.0	6.0	Male/Female	Control	in vitro	Dendrites, Soma, Axon	Diameter, 3D, Angles	Dendrites Complete, Axon Incomplete	Neurolucida	400	28855130	10.1016/j.nbd.2017.08.014	http://neuromorpho.org/api/morphometry/id/98640	2-25-14-Slice-1-Cell-1	1035.62	44.4432	2.0	11.0	24.0	98.8217	241.601	65.5	0.170357	228.417	245.633	5.0	0.932522	617.0	0.387879	2.08665	74.2285	1.02085	482.021	51.8043	1964.24	True	True	True	True	True	0.012218466175212805
dentate_gyrus	DG_mouse_sample	98641	2-25-14-Slice-1-Cell-2	Danzer	mouse	C57BL/6	hippocampus;dentate gyrus	principal cell;granule	adult	Month	2.0	6.0	Male/Female	Control	in vitro	Dendrites, Soma, Axon	Diameter, 3D, Angles	Dendrites Complete, Axon Incomplete	Neurolucida	400	28855130	10.1016/j.nbd.2017.08.014	http://neuromorpho.org/api/morphometry/id/98641	2-25-14-Slice-1-Cell-2	2007.74	116.095	4.0	13.0	30.0	231.617	277.863	84.0	0.22731	266.522	281.062	3.0	0.922062	1067.0	0.348718	2.0	48.1656	1.02353	434.707	33.1759	2855.19	True	True	True	True	True	0.010507181658663696
dentate_gyrus	DG_mouse_sample	98642	2-27-14-Slice-2	Danzer	mouse	C57BL/6	hippocampus;dentate gyrus	principal cell;granule	adult	Month	2.0	6.0	Male/Female	Control	in vitro	Dendrites, Soma, Axon	No Diameter, 3D, Angles	Dendrites Complete, Axon Incomplete	Neurolucida	400	28855130	10.1016/j.nbd.2017.08.014	http://neuromorpho.org/api/morphometry/id/98642	2-27-14-Slice-2	1603.72	64.1486	3.0	20.0	43.0	163.75	230.831	57.5	0.16	238.613	249.612	5.0	0.94523	1038.0	0.294444	2.0	57.3355	1.01568	416.53	28.5947	3190.49	True	True	True	True	True	0.013477553604618726
dentate_gyrus	DG_mouse_sample	98643	3-23-2015-slice1-cell1	Danzer	mouse	C57BL/6	hippocampus;dentate gyrus	principal cell;granule	adult	Month	2.0	6.0	Male/Female	Control	in vitro	Dendrites, Soma, Axon	Diameter, 3D, Angles	Dendrites Complete, Axon Incomplete	Neurolucida	400	28855130	10.1016/j.nbd.2017.08.014	http://neuromorpho.org/api/morphometry/id/98643	3-23-2015-slice1-cell1	3130.24	431.369	3.0	13.0	29.0	163.96	185.194	48.5	0.522072	216.318	233.401	4.0	0.935463	864.0	0.435897	1.88601	65.6261	1.01786	408.64	38.413	1902.59	True	True	True	True	True	0.01524238012393632
dentate_gyrus	DG_mouse_sample	98644	3-23-2015-slice1-cell2	Danzer	mouse	C57BL/6	hippocampus;dentate gyrus	principal cell;granule	adult	Month	2.0	6.0	Male/Female	Control	in vitro	Dendrites, Soma, Axon	Diameter, 3D, Angles	Dendrites Complete, Axon Incomplete	Neurolucida	400	28855130	10.1016/j.nbd.2017.08.014	http://neuromorpho.org/api/morphometry/id/98644	3-23-2015-slice1-cell2	2727.44	409.034	2.0	11.0	24.0	125.601	186.94	53.5	0.571487	190.261	207.734	5.0	0.933176	585.0	0.284848	1.86312	63.4555	1.01759	353.128	36.8171	1503.63	True	True	True	True	True	0.015961373476187625
dentate_gyrus	DG_mouse_sample	98645	3-9-2015-cell	Danzer	mouse	C57BL/6	hippocampus;dentate gyrus	principal cell;granule	adult	Month	2.0	6.0	Male/Female	Control	in vitro	Dendrites, Soma, No Axon	Diameter, 3D, Angles	Dendrites Complete	Neurolucida	400	28855130	10.1016/j.nbd.2017.08.014	http://neuromorpho.org/api/morphometry/id/98645	3-9-2015-cell	3230.34	464.735	2.0	13.0	28.0	153.887	184.587	35.5	0.516879	209.768	232.812	5.0	0.946213	676.0	0.429487	1.72285	62.4582	1.01477	396.864	33.238	1916.33	True	True	True	True	True	0.01461126215213455
dentate_gyrus	DG_mouse_sample	98646	4-11-13-slice-2	Danzer	mouse	C57BL/6	hippocampus;dentate gyrus	principal cell;granule	adult	Month	2.0	6.0	Male/Female	Control	in vitro	Dendrites, Soma, Axon	No Diameter, 3D, Angles	Dendrites Complete, Axon Incomplete	Neurolucida	400	28855130	10.1016/j.nbd.2017.08.014	http://neuromorpho.org/api/morphometry/id/98646	4-11-13-slice-2	1886.57	117.911	2.0	17.0	36.0	205.945	178.752	43.0	0.25	197.71	220.169	6.0	0.933237	2237.0	0.321078	2.0	62.5874	1.01969	416.602	44.4454	2402.06	True	True	True	True	True	0.014987136041564325
dentate_gyrus	DG_mouse_sample	98647	4-11-13-slice-3	Danzer	mouse	C57BL/6	hippocampus;dentate gyrus	principal cell;granule	adult	Month	2.0	6.0	Male/Female	Control	in vitro	Dendrites, Soma, Axon	No Diameter, 3D, Angles	Dendrites Complete, Axon Incomplete	Neurolucida	400	28855130	10.1016/j.nbd.2017.08.014	http://neuromorpho.org/api/morphometry/id/98647	4-11-13-slice-3	2042.64	127.665	3.0	20.0	43.0	200.02	216.247	45.5	0.25	202.316	226.575	5.0	0.92552	2448.0	0.301667	2.0	60.9324	1.02257	472.969	43.4611	2600.78	True	True	True	True	True	0.016533501488015134
dentate_gyrus	DG_mouse_sample	98648	4-25-2016-tracing	Danzer	mouse	C57BL/6	hippocampus;dentate gyrus	principal cell;granule	adult	Month	2.0	6.0	Male/Female	Control	in vitro	Dendrites, Soma, Axon	Diameter, 3D, Angles	Dendrites Complete, Axon Incomplete	Neurolucida	400	28855130	10.1016/j.nbd.2017.08.014	http://neuromorpho.org/api/morphometry/id/98648	4-25-2016-tracing	1217.44	49.5191	3.0	15.0	33.0	242.25	228.361	106.0	0.162377	227.415	244.215	4.0	0.902603	871.0	0.373333	2.12708	54.4739	1.02625	684.632	42.4414	2395.88	True	True	True	True	True	0.013773644756832562
dentate_gyrus	DG_mouse_sample	98649	5-31-13-Slice-2	Danzer	mouse	C57BL/6	hippocampus;dentate gyrus	principal cell;granule	adult	Month	2.0	6.0	Male/Female	Control	in vitro	Dendrites, Soma, Axon	Diameter, 3D, Angles	Dendrites Complete, Axon Incomplete	Neurolucida	400	28855130	10.1016/j.nbd.2017.08.014	http://neuromorpho.org/api/morphometry/id/98649	5-31-13-Slice-2	670.243	21.2868	2.0	13.0	28.0	139.091	322.376	39.5	0.116419	206.549	220.222	4.0	0.908309	740.0	0.149573	1.95245	57.3254	1.02271	247.638	46.9756	1829.84	True	True	True	True	True	0.015301884317754559
dentate_gyrus	DG_mouse_sample	98650	5-31-13-Slice-3	Danzer	mouse	C57BL/6	hippocampus;dentate gyrus	principal cell;granule	adult	Month	2.0	6.0	Male/Female	Control	in vitro	Dendrites, Soma, Axon	No Diameter, 3D, Angles	Dendrites Complete, Axon Incomplete	Neurolucida	400	28855130	10.1016/j.nbd.2017.08.014	http://neuromorpho.org/api/morphometry/id/98650	5-31-13-Slice-3	666.571	16.6643	3.0	15.0	33.0	135.216	227.604	61.0	0.1	212.885	223.714	4.0	0.957598	435.0	0.306667	2.0	59.9421	1.01185	372.255	34.2839	2121.76	True	True	True	True	True	0.015553125706960259
dentate_gyrus	DG_mouse_sample	98651	5-31-13-Slice-4	Danzer	mouse	C57BL/6	hippocampus;dentate gyrus	principal cell;granule	adult	Month	2.0	6.0	Male/Female	Control	in vitro	Dendrites, Soma, Axon	Diameter, 3D, Angles	Dendrites Complete, Axon Incomplete	Neurolucida	400	28855130	10.1016/j.nbd.2017.08.014	http://neuromorpho.org/api/morphometry/id/98651	5-31-13-Slice-4	886.596	47.0524	3.0	8.0	19.0	108.3	233.119	49.0	0.192239	198.959	215.28	4.0	0.88791	1005.0	0.366667	2.36911	60.9704	1.04151	393.995	29.4454	1554.62	True	True	True	True	True	0.012221636155459212
dentate_gyrus	DG_mouse_sample	98652	6-29-2016-sl2-tracing	Danzer	mouse	C57BL/6	hippocampus;dentate gyrus	principal cell;granule	adult	Month	2.0	6.0	Male/Female	Control	in vitro	Dendrites, Soma, Axon	Diameter, 3D, Angles	Dendrites Complete, Axon Incomplete	Neurolucida	400	28855130	10.1016/j.nbd.2017.08.014	http://neuromorpho.org/api/morphometry/id/98652	6-29-2016-sl2-tracing	1579.16	76.6819	4.0	17.0	38.0	243.691	205.699	69.49	0.191718	204.951	226.5	4.0	0.90369	1170.0	0.252406	2.08343	54.2966	1.02759	562.997	31.5847	2714.68	True	True	True	True	True	0.013997966611165957
dentate_gyrus	DG_mouse_sample	98653	7-02-13-Slice-1	Danzer	mouse	C57BL/6	hippocampus;dentate gyrus	principal cell;granule	adult	Month	2.0	6.0	Male/Female	Control	in vitro	Dendrites, Soma, Axon	No Diameter, 3D, Angles	Dendrites Complete, Axon Incomplete	Neurolucida	400	28855130	10.1016/j.nbd.2017.08.014	http://neuromorpho.org/api/morphometry/id/98653	7-02-13-Slice-1	1673.43	104.59	2.0	14.0	30.0	109.48	180.026	102.5	0.25	188.295	199.089	6.0	0.92005	721.0	0.458974	2.0	60.567	1.02377	345.377	41.93	2130.68	True	True	True	True	True	0.014080012014943587
dentate_gyrus	DG_mouse_sample	98654	7-02-13-Slice-2	Danzer	mouse	C57BL/6	hippocampus;dentate gyrus	principal cell;granule	adult	Month	2.0	6.0	Male/Female	Control	in vitro	Dendrites, Soma, No Axon	No Diameter, 3D, Angles	Dendrites Complete	Neurolucida	400	28855130	10.1016/j.nbd.2017.08.014	http://neuromorpho.org/api/morphometry/id/98654	7-02-13-Slice-2	1458.37	87.5021	1.0	11.0	23.0	149.923	220.907	52.0	0.24	243.367	262.881	5.0	0.951742	1231.0	0.278788	2.0	55.8361	1.01473	368.534	27.4408	1934.22	True	True	True	True	True	0.0118910982204713
dentate_gyrus	DG_mouse_sample	98655	7-12-2016-sl2	Danzer	mouse	C57BL/6	hippocampus;dentate gyrus	principal cell;granule	adult	Month	2.0	6.0	Male/Female	Control	in vitro	Dendrites, Soma, No Axon	Diameter, 3D, Angles	Dendrites Complete	Neurolucida	400	28855130	10.1016/j.nbd.2017.08.014	http://neuromorpho.org/api/morphometry/id/98655	7-12-2016-sl2	1849.23	112.944	2.0	14.0	30.0	158.807	183.639	88.0	0.245348	217.904	267.826	4.0	0.895237	1122.0	0.22619	2.27232	72.8565	1.03521	322.057	39.1463	2438.34	True	True	True	True	True	0.012303452348729052
dentate_gyrus	DG_mouse_sample	98656	7-18-13-Slice-1	Danzer	mouse	C57BL/6	hippocampus;dentate gyrus	principal cell;granule	adult	Month	2.0	6.0	Male/Female	Control	in vitro	Dendrites, Soma, Axon	No Diameter, 3D, Angles	Dendrites Complete, Axon Incomplete	Neurolucida	400	28855130	10.1016/j.nbd.2017.08.014	http://neuromorpho.org/api/morphometry/id/98656	7-18-13-Slice-1	2096.71	131.044	4.0	13.0	30.0	191.049	223.516	40.46	0.25	251.525	274.774	5.0	0.952843	2179.0	0.532967	2.0	63.1944	1.01237	417.998	29.6374	2669.61	True	True	True	True	True	0.011237596502859968
dentate_gyrus	DG_mouse_sample	98657	7-24-13-Slice-1-Cell-1	Danzer	mouse	C57BL/6	hippocampus;dentate gyrus	principal cell;granule	adult	Month	2.0	6.0	Male/Female	Control	in vitro	Dendrites, Soma, Axon	No Diameter, 3D, Angles	Dendrites Complete, Axon Incomplete	Neurolucida	400	28855130	10.1016/j.nbd.2017.08.014	http://neuromorpho.org/api/morphometry/id/98657	7-24-13-Slice-1-Cell-1	802.735	24.082	2.0	12.0	26.0	164.91	217.68	53.0	0.12	237.312	260.959	5.0	0.924281	1118.0	0.315909	2.0	63.7102	1.02272	401.853	39.2777	2129.32	True	True	True	True	True	0.01221047094847181
dentate_gyrus	DG_mouse_sample	98658	9-16-13-Slice-1	Danzer	mouse	C57BL/6	hippocampus;dentate gyrus	principal cell;granule	adult	Month	2.0	6.0	Male/Female	Control	in vitro	Dendrites, Soma, Axon	No Diameter, 3D, Angles	Dendrites Complete, Axon Incomplete	Neurolucida	400	28855130	10.1016/j.nbd.2017.08.014	http://neuromorpho.org/api/morphometry/id/98658	9-16-13-Slice-1	1763.2	110.2	3.0	15.0	33.0	172.786	186.658	33.0	0.25	223.597	237.407	5.0	0.950436	1200.0	0.402222	2.0	48.0197	1.01612	438.311	27.7903	2244.98	True	True	True	True	True	0.014699462801450347
dentate_gyrus	DG_mouse_sample	98659	9-20-2016-sl1-tracing	Danzer	mouse	C57BL/6	hippocampus;dentate gyrus	principal cell;granule	adult	Month	2.0	6.0	Male/Female	Control	in vitro	Dendrites, Soma, Axon	No Diameter, 3D, Angles	Dendrites Complete, Axon Incomplete	Neurolucida	400	28855130	10.1016/j.nbd.2017.08.014	http://neuromorpho.org/api/morphometry/id/98659	9-20-2016-sl1-tracing	1236.33	49.453	2.0	16.0	34.0	210.388	305.75	96.47	0.16	196.718	237.953	5.0	0.9074	789.0	0.419185	2.0	64.5341	1.03093	641.665	40.1116	2459.59	True	True	True	True	True	0.013823442118401847
dentate_gyrus	DG_mouse_sample	98660	9-20-2016-sl2-tracing	Danzer	mouse	C57BL/6	hippocampus;dentate gyrus	principal cell;granule	adult	Month	2.0	6.0	Male/Female	Control	in vitro	Dendrites, Soma, No Axon	No Diameter, 3D, Angles	Dendrites Complete	Neurolucida	400	28855130	10.1016/j.nbd.2017.08.014	http://neuromorpho.org/api/morphometry/id/98660	9-20-2016-sl2-tracing	994.557	39.7823	2.0	11.0	24.0	202.399	157.231	63.49	0.16	211.527	225.651	3.0	0.91528	650.0	0.121212	2.0	56.9115	1.02803	461.676	42.1854	1978.61	True	True	True	True	True	0.012129727434916433
dentate_gyrus	DG_mouse_sample	98661	9-30-13	Danzer	mouse	C57BL/6	hippocampus;dentate gyrus	principal cell;granule	adult	Month	2.0	6.0	Male/Female	Control	in vitro	Dendrites, Soma, Axon	Diameter, 3D, Angles	Dendrites Complete, Axon Incomplete	Neurolucida	400	28855130	10.1016/j.nbd.2017.08.014	http://neuromorpho.org/api/morphometry/id/98661	9-30-13	1453.59	74.9347	3.0	17.0	37.0	160.898	246.717	28.0	0.181577	230.303	247.75	6.0	0.945279	1414.0	0.270121	1.91212	50.9977	1.01654	395.915	23.7329	2661.31	True	True	True	True	True	0.013902927505626928
dentate_gyrus	DG_rat_sample	112460	T2F1K1_DIV28-2	Radic	rat	Sprague-Dawley	hippocampus;dentate gyrus;granule layer	principal cell;granule;postnatally born	young	Day	5.0	5.0	Male/Female	Control	culture	Dendrites, No Soma, No Axon	No Diameter, 3D, Angles	Dendrites Moderate	TREES toolbox	150	28256620	10.1038/srep43724	http://neuromorpho.org/api/morphometry/id/112460	T2F1K1_DIV28-2	7606.48	3023.57	1.0	13.0	27.0	98.9112	215.451	56.15	1.59	239.849	335.966	6.0	0.88538	2171.0	0.452991	2.0	76.016	1.02804		52.1396	1522.78	True	True	True	True	True	0.01773072932399953
dentate_gyrus	DG_rat_sample	112461	T6F2K1_DIV28	Radic	rat	Sprague-Dawley	hippocampus;dentate gyrus;granule layer	principal cell;granule;postnatally born	young	Day	5.0	5.0	Male/Female	Control	culture	Dendrites, No Soma, No Axon	No Diameter, 3D, Angles	Dendrites Moderate	TREES toolbox	150	28256620	10.1038/srep43724	http://neuromorpho.org/api/morphometry/id/112461	T6F2K1_DIV28	3420.89	1359.8	1.0	2.0	5.0	87.042	237.002	34.0	1.59	255.751	293.613	2.0	0.911571	1001.0	0.5	2.0	86.1857	1.02002		25.0114	684.844	True	True	True	True	True	0.007300932767170333
dentate_gyrus	DG_rat_sample	112462	DIV28_cell2	Radic	rat	Sprague-Dawley	hippocampus;dentate gyrus;granule layer	principal cell;granule;postnatally born	young	Day	5.0	5.0	Male/Female	Control	culture	Dendrites, No Soma, No Axon	Diameter, 3D, Angles	Dendrites Moderate	TREES toolbox	150	28256620	10.1038/srep43724	http://neuromorpho.org/api/morphometry/id/112462	DIV28_cell2	5141.39	2180.55	1.0	10.0	21.0	240.274	174.51	29.62	1.62399	237.368	283.763	5.0	0.916276	1483.0	0.553333	1.92651	71.5733	1.02239		51.7049	1012.13	True	True	True	True	True	0.02074832284390345
dentate_gyrus	DG_rat_sample	112463	T5F1K2_DIV28	Radic	rat	Sprague-Dawley	hippocampus;dentate gyrus;granule layer	principal cell;granule;postnatally born	young	Day	5.0	5.0	Male/Female	Control	culture	Dendrites, No Soma, No Axon	Diameter, 3D, Angles	Dendrites Moderate	TREES toolbox	150	28256620	10.1038/srep43724	http://neuromorpho.org/api/morphometry/id/112463	T5F1K2_DIV28	7930.09	3393.3	1.0	14.0	29.0	84.3094	222.641	90.19	1.62265	245.976	295.289	5.0	0.883418	2127.0	0.303114	1.95315	63.8206	1.03273		47.6615	1562.94	True	True	True	True	True	0.018554774975366936
dentate_gyrus	DG_rat_sample	112464	T3F1K1_DIV28_concat	Radic	rat	Sprague-Dawley	hippocampus;dentate gyrus;granule layer	principal cell;granule;postnatally born	young	Day	5.0	5.0	Male/Female	Control	culture	Dendrites, No Soma, No Axon	Diameter, 3D, Angles	Dendrites Moderate	TREES toolbox	150	28256620	10.1038/srep43724	http://neuromorpho.org/api/morphometry/id/112464	T3F1K1_DIV28_concat	5903.33	2429.86	1.0	10.0	21.0	116.245	329.21	79.99	1.61054	227.751	266.74	5.0	0.892938	1637.0	0.311111	2.00271	93.9211	1.03015		68.1708	1170.9	True	True	True	True	True	0.017934921854983344
dentate_gyrus	DG_rat_sample	112465	T3F1K1_DIV28	Radic	rat	Sprague-Dawley	hippocampus;dentate gyrus;granule layer	principal cell;granule;postnatally born	young	Day	5.0	5.0	Male/Female	Control	culture	Dendrites, No Soma, No Axon	Diameter, 3D, Angles	Dendrites Moderate	TREES toolbox	150	28256620	10.1038/srep43724	http://neuromorpho.org/api/morphometry/id/112465	T3F1K1_DIV28	5480.54	2853.21	1.0	11.0	23.0	196.802	156.487	74.0	1.64907	191.022	286.155	5.0	0.913261	1439.0	0.424242	2.0	59.5232	1.0173		57.1003	1040.0	True	True	True	True	True	0.022115384615384617
dentate_gyrus	DG_rat_sample	112466	T5F1K2_DIV28_cell2	Radic	rat	Sprague-Dawley	hippocampus;dentate gyrus;granule layer	principal cell;granule;postnatally born	young	Day	5.0	5.0	Male/Female	Control	culture	Dendrites, No Soma, No Axon	Diameter, 3D, Angles	Dendrites Moderate	TREES toolbox	150	28256620	10.1038/srep43724	http://neuromorpho.org/api/morphometry/id/112466	T5F1K2_DIV28_cell2	2724.28	1262.98	1.0	2.0	5.0	113.175	232.847	18.0	1.66297	250.147	310.391	2.0	0.866284	765.0	0.5	2.0	77.7238	1.03589		45.9776	526.275	True	True	True	True	True	0.009500736307063797
dentate_gyrus	DG_rat_sample	112467	T2F3K3_DIV28	Radic	rat	Sprague-Dawley	hippocampus;dentate gyrus;granule layer	principal cell;granule;postnatally born	young	Day	5.0	5.0	Male/Female	Control	culture	Dendrites, No Soma, No Axon	Diameter, 3D, Angles	Dendrites Moderate	TREES toolbox	150	28256620	10.1038/srep43724	http://neuromorpho.org/api/morphometry/id/112467	T2F3K3_DIV28	4900.03	2422.17	1.0	8.0	17.0	108.549	153.348	59.7	1.64945	184.557	215.861	4.0	0.87394	1282.0	0.184524	1.94513	59.789	1.03156		29.0262	932.858	True	True	True	True	True	0.01822356671647775
dentate_gyrus	DG_rat_sample	112468	DIV28_concatenated	Radic	rat	Sprague-Dawley	hippocampus;dentate gyrus;granule layer	principal cell;granule;postnatally born	young	Day	5.0	5.0	Male/Female	Control	culture	Dendrites, No Soma, No Axon	No Diameter, 3D, Angles	Dendrites Moderate	TREES toolbox	150	28256620	10.1038/srep43724	http://neuromorpho.org/api/morphometry/id/112468	DIV28_concatenated	5423.16	2155.71	1.0	11.0	23.0	318.191	185.729	77.12	1.59	290.376	325.535	5.0	0.905422	1528.0	0.40404	2.0	89.1426	1.02647		66.4382	1085.69	True	True	True	True	True	0.021184684394256185
dentate_gyrus	DG_rat_sample	112469	T2F1K1_DIV28	Radic	rat	Sprague-Dawley	hippocampus;dentate gyrus;granule layer	principal cell;granule;postnatally born	young	Day	5.0	5.0	Male/Female	Control	culture	Dendrites, No Soma, No Axon	No Diameter, 3D, Angles	Dendrites Moderate	TREES toolbox	150	28256620	10.1038/srep43724	http://neuromorpho.org/api/morphometry/id/112469	T2F1K1_DIV28	5119.12	2034.85	2.0	5.0	12.0	154.522	235.181	72.29	1.59	248.7	314.492	4.0	0.894784	1479.0	0.533333	2.0	62.1163	1.02579		40.0264	1024.82	True	True	True	True	True	0.011709373353369372
dentate_gyrus	DG_rat_sample	112470	T3F1K3_DIV27	Radic	rat	Sprague-Dawley	hippocampus;dentate gyrus;granule layer	principal cell;granule;postnatally born	young	Day	5.0	5.0	Male/Female	Control	culture	Dendrites, No Soma, No Axon	Diameter, 3D, Angles	Dendrites Moderate	TREES toolbox	150	28256620	10.1038/srep43724	http://neuromorpho.org/api/morphometry/id/112470	T3F1K3_DIV27	7378.08	3124.41	1.0	10.0	21.0	234.382	208.21	32.0	1.61653	248.419	285.465	5.0	0.90808	2128.0	0.183333	2.0	74.4644	1.0234		39.9664	1458.06	True	True	True	True	True	0.014402699477387763
dentate_gyrus	DG_rat_sample	112471	T2F2K3_DIV21	Radic	rat	Sprague-Dawley	hippocampus;dentate gyrus;granule layer	principal cell;granule;postnatally born	young	Day	5.0	5.0	Male/Female	Control	culture	Dendrites, No Soma, No Axon	Diameter, 3D, Angles	Dendrites Moderate	TREES toolbox	150	28256620	10.1038/srep43724	http://neuromorpho.org/api/morphometry/id/112471	T2F2K3_DIV21	6957.94	2871.14	1.0	13.0	27.0	118.451	214.278	86.97	1.4032	256.236	307.197	5.0	0.900957	2294.0	0.274359	1.95007	74.4759	1.02321		43.623	1573.36	True	True	True	True	True	0.017160726089388317
dentate_gyrus	DG_rat_sample	112472	T2F1K2_DIV20	Radic	rat	Sprague-Dawley	hippocampus;dentate gyrus;granule layer	principal cell;granule;postnatally born	young	Day	5.0	5.0	Male/Female	Control	culture	Dendrites, No Soma, No Axon	Diameter, 3D, Angles	Dendrites Moderate	TREES toolbox	150	28256620	10.1038/srep43724	http://neuromorpho.org/api/morphometry/id/112472	T2F1K2_DIV20	4537.67	2048.7	1.0	5.0	11.0	190.941	228.459	66.0	1.64244	281.384	303.482	3.0	0.91588	1275.0	0.1	2.0	82.9525	1.02168		45.3661	883.211	True	True	True	True	True	0.01245455502705469
dentate_gyrus	DG_rat_sample	112473	T2F1K3_DIV18	Radic	rat	Sprague-Dawley	hippocampus;dentate gyrus;granule layer	principal cell;granule;postnatally born	young	Day	5.0	5.0	Male/Female	Control	culture	Dendrites, No Soma, No Axon	Diameter, 3D, Angles	Dendrites Moderate	TREES toolbox	150	28256620	10.1038/srep43724	http://neuromorpho.org/api/morphometry/id/112473	T2F1K3_DIV18	3263.35	1532.31	1.0	6.0	13.0	154.169	108.211	30.96	1.66305	148.5	176.826	4.0	0.911271	915.0	0.5	2.0	66.2425	1.02419		50.9955	630.176	True	True	True	True	True	0.020629157568679224
dentate_gyrus	DG_rat_sample	112474	T4F2K2_DIV16	Radic	rat	Sprague-Dawley	hippocampus;dentate gyrus;granule layer	principal cell;granule;postnatally born	young	Day	5.0	5.0	Male/Female	Control	culture	Dendrites, No Soma, No Axon	Diameter, 3D, Angles	Dendrites Moderate	TREES toolbox	150	28256620	10.1038/srep43724	http://neuromorpho.org/api/morphometry/id/112474	T4F2K2_DIV16	3078.28	1394.75	1.0	6.0	13.0	36.8723	199.14	82.0	1.65469	235.196	264.463	4.0	0.918592	792.0	0.533333	1.91476	63.3414	1.02042		37.9524	592.598	True	True	True	True	True	0.021937299822139125
dentate_gyrus	DG_rat_sample	112475	T2F1K3_DIV15_cell2	Radic	rat	Sprague-Dawley	hippocampus;dentate gyrus;granule layer	principal cell;granule;postnatally born	young	Day	5.0	5.0	Male/Female	Control	culture	Dendrites, No Soma, No Axon	Diameter, 3D, Angles	Dendrites Moderate	TREES toolbox	150	28256620	10.1038/srep43724	http://neuromorpho.org/api/morphometry/id/112475	T2F1K3_DIV15_cell2	2742.93	1562.39	1.0	5.0	11.0	77.7654	87.5875	68.5	1.73488	110.211	148.217	4.0	0.892785	634.0	0.466667	2.0	80.6995	1.03161		68.1177	509.395	True	True	True	True	True	0.02159424415237684
dentate_gyrus	DG_rat_sample	112476	T4F2K2_DIV15_cell2	Radic	rat	Sprague-Dawley	hippocampus;dentate gyrus;granule layer	principal cell;granule;postnatally born	young	Day	5.0	5.0	Male/Female	Control	culture	Dendrites, No Soma, No Axon	Diameter, 3D, Angles	Dendrites Moderate	TREES toolbox	150	28256620	10.1038/srep43724	http://neuromorpho.org/api/morphometry/id/112476	T4F2K2_DIV15_cell2	5008.21	2124.58	1.0	19.0	39.0	46.0188	148.651	86.0	1.62966	200.099	244.0	11.0	0.914974	1156.0	0.628741	2.0	62.0603	1.02855		60.2585	987.157	True	True	True	True	True	0.03950739345413141
dentate_gyrus	DG_rat_sample	112477	T9F1K3_DIV15	Radic	rat	Sprague-Dawley	hippocampus;dentate gyrus;granule layer	principal cell;granule;postnatally born	young	Day	5.0	5.0	Male/Female	Control	culture	Dendrites, No Soma, No Axon	Diameter, 3D, Angles	Dendrites Moderate	TREES toolbox	150	28256620	10.1038/srep43724	http://neuromorpho.org/api/morphometry/id/112477	T9F1K3_DIV15	2775.58	1237.28	1.0	4.0	9.0	40.5793	177.279	53.62	1.64859	193.393	219.062	3.0	0.91685	792.0	0.333333	2.0	96.1284	1.02072		32.3665	540.671	True	True	True	True	True	0.016645982492125524
dentate_gyrus	DG_rat_sample	112478	T3F2K2_AAV_DIV31	Radic	rat	Sprague-Dawley	hippocampus;dentate gyrus;granule layer	principal cell;granule;postnatally born	young	Day	5.0	5.0	Male/Female	Control	culture	Dendrites, No Soma, No Axon	No Diameter, 3D, Angles	Dendrites Moderate	TREES toolbox	150	28256620	10.1038/srep43724	http://neuromorpho.org/api/morphometry/id/112478	T3F2K2_AAV_DIV31	7213.67	2867.43	1.0	9.0	19.0	137.461	231.149	74.0	1.59	265.257	322.062	7.0	0.876824	2022.0	0.703704	2.0	77.5278	1.03392		38.4569	1444.14	True	True	True	True	True	0.013156619164346945
dentate_gyrus	DG_rat_sample	112479	T2F2K1_AAV_DIV29	Radic	rat	Sprague-Dawley	hippocampus;dentate gyrus;granule layer	principal cell;granule;postnatally born	young	Day	5.0	5.0	Male/Female	Control	culture	Dendrites, No Soma, No Axon	Diameter, 3D, Angles	Dendrites Moderate	TREES toolbox	150	28256620	10.1038/srep43724	http://neuromorpho.org/api/morphometry/id/112479	T2F2K1_AAV_DIV29	4562.49	2088.34	1.0	4.0	9.0	78.438	265.89	32.0	1.64495	286.123	329.927	4.0	0.902171	1326.0	0.75	2.0	43.0884	1.02308		30.3887	888.111	True	True	True	True	True	0.010133868401584938
dentate_gyrus	DG_rat_sample	112480	T6F3K2_AAV_DIV28	Radic	rat	Sprague-Dawley	hippocampus;dentate gyrus;granule layer	principal cell;granule;postnatally born	young	Day	5.0	5.0	Male/Female	Control	culture	Dendrites, No Soma, No Axon	No Diameter, 3D, Angles	Dendrites Moderate	TREES toolbox	150	28256620	10.1038/srep43724	http://neuromorpho.org/api/morphometry/id/112480	T6F3K2_AAV_DIV28	9067.68	3604.4	1.0	11.0	23.0	163.179	257.872	54.0	1.59	243.784	320.667	5.0	0.870399	2499.0	0.4	2.0	93.4666	1.0372		44.4168	1815.3	True	True	True	True	True	0.012670082080096954
dentate_gyrus	DG_rat_sample	112481	P1T4K5_DIV28	Radic	rat	Sprague-Dawley	hippocampus;dentate gyrus;granule layer	principal cell;granule;postnatally born	young	Day	5.0	5.0	Male/Female	Control	culture	Dendrites, No Soma, No Axon	No Diameter, 3D, Angles	Dendrites Moderate	TREES toolbox	150	28256620	10.1038/srep43724	http://neuromorpho.org/api/morphometry/id/112481	P1T4K5_DIV28	5962.58	2370.12	1.0	11.0	23.0	120.095	156.492	54.0	1.59	189.813	225.256	6.0	0.880717	1664.0	0.590909	2.0	78.1011	1.03356		35.8191	1193.68	True	True	True	True	True	0.01926814556665103
dentate_gyrus	DG_rat_sample	112482	T5F1K1_AAV_DIV28	Radic	rat	Sprague-Dawley	hippocampus;dentate gyrus;granule layer	principal cell;granule;postnatally born	young	Day	5.0	5.0	Male/Female	Control	culture	Dendrites, No Soma, No Axon	No Diameter, 3D, Angles	Dendrites Moderate	TREES toolbox	150	28256620	10.1038/srep43724	http://neuromorpho.org/api/morphometry/id/112482	T5F1K1_AAV_DIV28	3588.77	1426.54	1.0	4.0	9.0	75.7206	184.488	29.69	1.59	205.546	237.268	3.0	0.865163	1034.0	0.333333	2.0	86.4784	1.03872		28.15	718.453	True	True	True	True	True	0.01252691546976629
dentate_gyrus	DG_rat_sample	112483	P14K2_DIV28	Radic	rat	Sprague-Dawley	hippocampus;dentate gyrus;granule layer	principal cell;granule;postnatally born	young	Day	5.0	5.0	Male/Female	Control	culture	Dendrites, No Soma, No Axon	No Diameter, 3D, Angles	Dendrites Moderate	TREES toolbox	150	28256620	10.1038/srep43724	http://neuromorpho.org/api/morphometry/id/112483	P14K2_DIV28	7175.56	2852.29	1.0	7.0	15.0	185.239	229.717	68.0	1.59	256.541	325.773	4.0	0.893629	2086.0	0.380952	2.0	63.6488	1.02352		38.5128	1436.51	True	True	True	True	True	0.010441973950755652
dentate_gyrus	DG_rat_sample	112484	T8F2K3_AAV_DIV21	Radic	rat	Sprague-Dawley	hippocampus;dentate gyrus;granule layer	principal cell;granule;postnatally born	young	Day	5.0	5.0	Male/Female	Control	culture	Dendrites, No Soma, No Axon	Diameter, 3D, Angles	Dendrites Moderate	TREES toolbox	150	28256620	10.1038/srep43724	http://neuromorpho.org/api/morphometry/id/112484	T8F2K3_AAV_DIV21	10538.8	4424.47	1.0	13.0	27.0	241.627	177.796	88.0	1.61162	226.489	271.634	6.0	0.900175	2921.0	0.452991	2.0	76.7665	1.0243		44.1023	2087.23	True	True	True	True	True	0.012935804870570085
dentate_gyrus	DG_rat_sample	112485	T4F1K2_AAV_DIV21	Radic	rat	Sprague-Dawley	hippocampus;dentate gyrus;granule layer	principal cell;granule;postnatally born	young	Day	5.0	5.0	Male/Female	Control	culture	Dendrites, No Soma, No Axon	Diameter, 3D, Angles	Dendrites Moderate	TREES toolbox	150	28256620	10.1038/srep43724	http://neuromorpho.org/api/morphometry/id/112485	T4F1K2_AAV_DIV21	5584.5	2694.64	1.0	5.0	11.0	100.536	238.404	34.0	1.62607	270.683	305.749	3.0	0.891553	1551.0	0.4	2.0	71.3397	1.02535		19.2115	1072.34	True	True	True	True	True	0.010257940578547849
dentate_gyrus	DG_rat_sample	112486	T4F1K1_AAV_DIV18	Radic	rat	Sprague-Dawley	hippocampus;dentate gyrus;granule layer	principal cell;granule;postnatally born	young	Day	5.0	5.0	Male/Female	Control	culture	Dendrites, No Soma, No Axon	Diameter, 3D, Angles	Dendrites Moderate	TREES toolbox	150	28256620	10.1038/srep43724	http://neuromorpho.org/api/morphometry/id/112486	T4F1K1_AAV_DIV18	6175.73	2545.38	1.0	9.0	19.0	144.392	189.161	124.05	1.61044	219.866	286.689	5.0	0.887099	1627.0	0.37963	2.0	106.819	1.03164		57.4629	1224.85	True	True	True	True	True	0.015512103522880355
dentate_gyrus	DG_rat_sample	112487	T6F3K2_AAV_DIV15_cell2	Radic	rat	Sprague-Dawley	hippocampus;dentate gyrus;granule layer	principal cell;granule;postnatally born	young	Day	5.0	5.0	Male/Female	Control	culture	Dendrites, No Soma, No Axon	No Diameter, 3D, Angles	Dendrites Moderate	TREES toolbox	150	28256620	10.1038/srep43724	http://neuromorpho.org/api/morphometry/id/112487	T6F3K2_AAV_DIV15_cell2	5247.27	2085.79	1.0	7.0	15.0	93.8313	216.89	52.0	1.59	234.738	281.843	4.0	0.87137	1468.0	0.380952	2.0	71.737	1.03081		51.3857	1050.48	True	True	True	True	True	0.014279186657527986
dentate_gyrus	DG_rat_sample	112488	T3F1K2_AAV_DIV15	Radic	rat	Sprague-Dawley	hippocampus;dentate gyrus;granule layer	principal cell;granule;postnatally born	young	Day	5.0	5.0	Male/Female	Control	culture	Dendrites, No Soma, No Axon	Diameter, 3D, Angles	Dendrites Moderate	TREES toolbox	150	28256620	10.1038/srep43724	http://neuromorpho.org/api/morphometry/id/112488	T3F1K2_AAV_DIV15	4848.31	1839.02	1.0	9.0	19.0	90.5219	164.43	69.13	1.45635	188.103	215.962	4.0	0.895701	1510.0	0.296296	2.0	72.3692	1.02711		37.3253	1063.68	True	True	True	True	True	0.01786251504211793
dentate_gyrus	DG_rat_sample	114652	MAM04_Neuron1_DG_GC_237480_Slide3-Right_R1_C1_20x	O'Reilly	rat	Long-Evans	hippocampus;dentate gyrus;granule layer	principal cell;granule	adult	Day	70.0	70.0	Male	Methylazoxymethanol acetate (MAM)-treatment	in vitro	Dendrites, Soma, No Axon	No Diameter, 3D, Angles	Dendrites Complete	Neurolucida	180	29951917	10.1007/s00429-018-1704-3	http://neuromorpho.org/api/morphometry/id/114652	MAM04_Neuron1_DG_GC_237480_Slide3-Right_R1_C1_20x	916.456	82.481	1.0	4.0	9.0	150.071	189.366	56.93	0.36	220.866	243.611	3.0	0.945342	96.0	0.333333	2.0	45.8117	1.01014	1203.69	29.4899	810.325	False	True	True	True	True	0.011106654737296762
dentate_gyrus	DG_rat_sample	114653	MAM04_Neuron1_DG_GC_237480_Slide3-Right_R2_C2_20x	O'Reilly	rat	Long-Evans	hippocampus;dentate gyrus;granule layer	principal cell;granule	adult	Day	70.0	70.0	Male	Methylazoxymethanol acetate (MAM)-treatment	in vitro	Dendrites, Soma, No Axon	Diameter, 3D, Angles	Dendrites Complete	Neurolucida	180	29951917	10.1007/s00429-018-1704-3	http://neuromorpho.org/api/morphometry/id/114653	MAM04_Neuron1_DG_GC_237480_Slide3-Right_R2_C2_20x	1247.54	124.538	1.0	6.0	13.0	122.969	195.79	128.54	0.377802	238.485	298.401	4.0	0.857256	182.0	0.322222	2.0	100.18	1.03611	1532.08	42.8017	1042.84	False	True	True	True	True	0.012465958344520732
dentate_gyrus	DG_rat_sample	114654	MAM04_Neuron1_DG_GC_237480_Slide3-Right_R1_C3_20x	O'Reilly	rat	Long-Evans	hippocampus;dentate gyrus;granule layer	principal cell;granule	adult	Day	70.0	70.0	Male	Methylazoxymethanol acetate (MAM)-treatment	in vitro	Dendrites, Soma, No Axon	Diameter, 3D, Angles	Dendrites Complete	Neurolucida	180	29951917	10.1007/s00429-018-1704-3	http://neuromorpho.org/api/morphometry/id/114654	MAM04_Neuron1_DG_GC_237480_Slide3-Right_R1_C3_20x	2192.3	205.367	1.0	9.0	19.0	229.1	225.9	83.08	0.368333	293.243	317.752	4.0	0.938473	216.0	0.259259	1.92817	49.5007	1.01617	1315.5	42.5783	1898.82	False	True	True	True	True	0.01000621438577643
dentate_gyrus	DG_rat_sample	114655	MAM04_Neuron1_DG_GC_237480_Slide3-Right_R2_C3_20x	O'Reilly	rat	Long-Evans	hippocampus;dentate gyrus;granule layer	principal cell;granule	adult	Day	70.0	70.0	Male	Methylazoxymethanol acetate (MAM)-treatment	in vitro	Dendrites, Soma, No Axon	No Diameter, 3D, Angles	Dendrites Complete	Neurolucida	180	29951917	10.1007/s00429-018-1704-3	http://neuromorpho.org/api/morphometry/id/114655	MAM04_Neuron1_DG_GC_237480_Slide3-Right_R2_C3_20x	1367.33	123.06	3.0	7.0	17.0	67.9848	219.39	61.96	0.36	248.927	275.466	2.0	0.902725	208.0	0.285714	2.0	40.7483	1.02699	1064.21	28.4963	1208.99	False	True	True	True	True	0.014061323915003433
dentate_gyrus	DG_rat_sample	114665	Saline03_Neuron2_DG_GC_237486_Slide3-Right_R2_C3	O'Reilly	rat	Long-Evans	hippocampus;dentate gyrus;granule layer	principal cell;granule	adult	Day	70.0	70.0	Male	Control	in vitro	Dendrites, Soma, No Axon	No Diameter, 3D, Angles	Dendrites Complete	Neurolucida	180	29951917	10.1007/s00429-018-1704-3	http://neuromorpho.org/api/morphometry/id/114665	Saline03_Neuron2_DG_GC_237486_Slide3-Right_R2_C3	496.084	44.6476	1.0	2.0	5.0	59.612	189.909	55.52	0.36	213.997	229.576	2.0	0.944918	59.0	0.5	2.0	54.3286	1.01282	1307.41	33.0265	438.635	True	True	True	True	True	0.011398999167873061
dentate_gyrus	DG_rat_sample	114666	Saline04_Neuron3_DG_GC_237485_Slide4-Right_R1_C2	O'Reilly	rat	Long-Evans	hippocampus;dentate gyrus;granule layer	principal cell;granule	adult	Day	70.0	70.0	Male	Control	in vitro	Dendrites, Soma, No Axon	Diameter, 3D, Angles	Dendrites Complete	Neurolucida	180	29951917	10.1007/s00429-018-1704-3	http://neuromorpho.org/api/morphometry/id/114666	Saline04_Neuron3_DG_GC_237485_Slide4-Right_R1_C2	1972.93	316.053	1.0	6.0	13.0	69.044	230.59	47.25	0.582968	254.757	282.294	5.0	0.919138	155.0	0.6	1.89226	75.2174	1.02195	748.762	39.0382	1064.17	True	True	True	True	True	0.012216093293364781
dentate_gyrus	DG_rat_sample	114667	Saline03_Neuron4_DG_GC_237486_Slide3-Right_R1_C4	O'Reilly	rat	Long-Evans	hippocampus;dentate gyrus;granule layer	principal cell;granule	adult	Day	70.0	70.0	Male	Control	in vitro	Dendrites, Soma, No Axon	No Diameter, 3D, Angles	Dendrites Complete	Neurolucida	180	29951917	10.1007/s00429-018-1704-3	http://neuromorpho.org/api/morphometry/id/114667	Saline03_Neuron4_DG_GC_237486_Slide3-Right_R1_C4	1422.8	128.052	3.0	7.0	17.0	219.293	215.456	63.85	0.36	247.918	269.929	3.0	0.954799	121.0	0.571429	2.0	54.7022	1.01253	1041.36	26.385	1258.03	True	True	True	True	True	0.013513191259349936
dentate_gyrus	DG_rat_sample	114668	Saline01_Neuron2_DG_GC_238177_Right_Slide4_R1_C1	O'Reilly	rat	Long-Evans	hippocampus;dentate gyrus;granule layer	principal cell;granule	adult	Day	70.0	70.0	Male	Control	in vitro	Dendrites, Soma, No Axon	No Diameter, 3D, Angles	Dendrites Complete	Neurolucida	180	29951917	10.1007/s00429-018-1704-3	http://neuromorpho.org/api/morphometry/id/114668	Saline01_Neuron2_DG_GC_238177_Right_Slide4_R1_C1	1296.0	116.64	1.0	7.0	15.0	267.64	190.7	94.65	0.36	278.066	317.069	5.0	0.936386	136.0	0.419048	2.0	51.1197	1.01748	658.87	41.5925	1145.91	True	True	True	True	True	0.01309003324868445
dentate_gyrus	DG_rat_sample	114669	Saline01_Neuron1_DG_GC_238177_Right_Slide3_R2_C4	O'Reilly	rat	Long-Evans	hippocampus;dentate gyrus;granule layer	principal cell;granule	adult	Day	70.0	70.0	Male	Control	in vitro	Dendrites, Soma, No Axon	No Diameter, 3D, Angles	Dendrites Complete	Neurolucida	180	29951917	10.1007/s00429-018-1704-3	http://neuromorpho.org/api/morphometry/id/114669	Saline01_Neuron1_DG_GC_238177_Right_Slide3_R2_C4	479.257	43.1331	1.0	3.0	7.0	57.9339	143.333	21.7	0.36	154.514	164.813	3.0	0.963164	68.0	0.666667	2.0	56.5144	1.00966	819.71	36.0801	423.756	True	True	True	True	True	0.01651894014480031
dentate_gyrus	DG_rat_sample	114670	Saline02_Neuron3_DG_GC_238178_Slide3-Right_R1_C3	O'Reilly	rat	Long-Evans	hippocampus;dentate gyrus;granule layer	principal cell;granule	adult	Day	70.0	70.0	Male	Control	in vitro	Dendrites, Soma, No Axon	Diameter, 3D, Angles	Dendrites Complete	Neurolucida	180	29951917	10.1007/s00429-018-1704-3	http://neuromorpho.org/api/morphometry/id/114670	Saline02_Neuron3_DG_GC_238178_Slide3-Right_R1_C3	1697.36	156.804	2.0	7.0	16.0	141.84	260.11	58.47	0.36675	287.123	307.591	3.0	0.951143	160.0	0.428571	1.90765	46.3052	1.00929	1460.89	43.7049	1480.95	True	True	True	True	True	0.010803875890475708
dentate_gyrus	DG_rat_sample	114671	Saline01_Neuron3_DG_GC_238177_Left_Slide8_R1_C3	O'Reilly	rat	Long-Evans	hippocampus;dentate gyrus;granule layer	principal cell;granule	adult	Day	70.0	70.0	Male	Control	in vitro	Dendrites, Soma, No Axon	No Diameter, 3D, Angles	Dendrites Complete	Neurolucida	180	29951917	10.1007/s00429-018-1704-3	http://neuromorpho.org/api/morphometry/id/114671	Saline01_Neuron3_DG_GC_238177_Left_Slide8_R1_C3	1996.12	179.651	3.0	8.0	19.0	205.121	210.8	83.98	0.36	243.443	269.254	3.0	0.939238	227.0	0.1875	2.0	54.2968	1.01358	1215.27	21.4079	1764.96	True	True	True	True	True	0.010765116489892122
dentate_gyrus	DG_rat_sample	114672	Saline01_Neuron4_DG_GC_238177_Right_Slide3_R1_C2	O'Reilly	rat	Long-Evans	hippocampus;dentate gyrus;granule layer	principal cell;granule	adult	Day	70.0	70.0	Male	Control	in vitro	Dendrites, Soma, No Axon	No Diameter, 3D, Angles	Dendrites Complete	Neurolucida	180	29951917	10.1007/s00429-018-1704-3	http://neuromorpho.org/api/morphometry/id/114672	Saline01_Neuron4_DG_GC_238177_Right_Slide3_R1_C2	1286.45	115.781	1.0	4.0	9.0	131.989	231.959	58.0	0.36	267.073	284.116	4.0	0.957016	123.0	0.75	2.0	67.2749	1.00999	710.3	41.7966	1137.47	True	True	True	True	True	0.007912296588041882
dentate_gyrus	DG_rat_sample	114673	Saline03_Neuron1_DG_GC_237486_Slide4-Right_R1_C1	O'Reilly	rat	Long-Evans	hippocampus;dentate gyrus;granule layer	principal cell;granule	adult	Day	70.0	70.0	Male	Control	in vitro	Dendrites, Soma, No Axon	No Diameter, 3D, Angles	Dendrites Complete	Neurolucida	180	29951917	10.1007/s00429-018-1704-3	http://neuromorpho.org/api/morphometry/id/114673	Saline03_Neuron1_DG_GC_237486_Slide4-Right_R1_C1	1788.18	160.936	2.0	7.0	16.0	257.976	200.217	94.29	0.36	245.929	271.013	4.0	0.955856	142.0	0.428571	2.0	49.6426	1.01046	1181.7	45.9163	1581.1	True	True	True	True	True	0.010119537031180825
dentate_gyrus	DG_rat_sample	114674	Saline04_Neuron2_DG_GC_237485_Slide4-Right_R2_C2_neuron2	O'Reilly	rat	Long-Evans	hippocampus;dentate gyrus;granule layer	principal cell;granule	adult	Day	70.0	70.0	Male	Control	in vitro	Dendrites, Soma, No Axon	No Diameter, 3D, Angles	Dendrites Complete	Neurolucida	180	29951917	10.1007/s00429-018-1704-3	http://neuromorpho.org/api/morphometry/id/114674	Saline04_Neuron2_DG_GC_237485_Slide4-Right_R2_C2_neuron2	997.933	89.814	1.0	4.0	9.0	126.428	252.898	109.57	0.36	289.692	304.892	4.0	0.947033	111.0	0.75	2.0	48.1233	1.01145	1354.44	32.0579	882.366	True	True	True	True	True	0.010199849042234175
dentate_gyrus	DG_rat_sample	114675	Saline02_Neuron1_DG_GC_238178_Slide3-Right_R2_C3	O'Reilly	rat	Long-Evans	hippocampus;dentate gyrus;granule layer	principal cell;granule	adult	Day	70.0	70.0	Male	Control	in vitro	Dendrites, Soma, No Axon	No Diameter, 3D, Angles	Dendrites Complete	Neurolucida	180	29951917	10.1007/s00429-018-1704-3	http://neuromorpho.org/api/morphometry/id/114675	Saline02_Neuron1_DG_GC_238178_Slide3-Right_R2_C3	1029.62	92.6662	2.0	6.0	14.0	122.78	213.76	22.09	0.36	251.593	264.9	4.0	0.963564	131.0	0.666667	2.0	42.8287	1.00948	987.974	39.1714	910.388	True	True	True	True	True	0.01537805858600948
dentate_gyrus	DG_rat_sample	114676	Saline04_Neuron4_DG_GC_237485_Slide4-Right_R2_C1	O'Reilly	rat	Long-Evans	hippocampus;dentate gyrus;granule layer	principal cell;granule	adult	Day	70.0	70.0	Male	Control	in vitro	Dendrites, Soma, No Axon	No Diameter, 3D, Angles	Dendrites Complete	Neurolucida	180	29951917	10.1007/s00429-018-1704-3	http://neuromorpho.org/api/morphometry/id/114676	Saline04_Neuron4_DG_GC_237485_Slide4-Right_R2_C1	1298.97	116.907	3.0	3.0	9.0	144.007	275.909	61.81	0.36	277.806	313.258	1.0	0.872703	148.0	0.0	2.0	62.3127	1.03097	771.716	31.0872	1148.54	True	True	True	True	True	0.00783603531439915
dentate_gyrus	DG_rat_sample	114677	Saline02_Neuron2_DG_GC_238178_Slide3-Right_R1_C4	O'Reilly	rat	Long-Evans	hippocampus;dentate gyrus;granule layer	principal cell;granule	adult	Day	70.0	70.0	Male	Control	in vitro	Dendrites, Soma, No Axon	No Diameter, 3D, Angles	Dendrites Complete	Neurolucida	180	29951917	10.1007/s00429-018-1704-3	http://neuromorpho.org/api/morphometry/id/114677	Saline02_Neuron2_DG_GC_238178_Slide3-Right_R1_C4	1965.01	176.851	1.0	9.0	19.0	140.22	274.96	60.72	0.36	305.148	329.505	5.0	0.949046	248.0	0.342593	2.0	61.7824	1.01199	1546.75	39.5552	1737.45	True	True	True	True	True	0.010935566491122047
dentate_gyrus	DG_rat_sample	114678	Saline02_Neuron4_DG_GC_238178_Slide3-Right_R2_C2	O'Reilly	rat	Long-Evans	hippocampus;dentate gyrus;granule layer	principal cell;granule	adult	Day	70.0	70.0	Male	Control	in vitro	Dendrites, Soma, No Axon	Diameter, 3D, Angles	Dendrites Complete	Neurolucida	180	29951917	10.1007/s00429-018-1704-3	http://neuromorpho.org/api/morphometry/id/114678	Saline02_Neuron4_DG_GC_238178_Slide3-Right_R2_C2	2309.42	253.205	2.0	9.0	20.0	170.514	240.751	60.22	0.390157	296.248	311.836	4.0	0.971351	191.0	0.425926	2.20316	41.1971	1.00684	1615.12	26.9124	1819.17	True	True	True	True	True	0.010994024747549706
dentate_gyrus	DG_rat_sample	114679	Saline03_Neuron3_DG_GC_237486_Slide4-Right_R1_C2	O'Reilly	rat	Long-Evans	hippocampus;dentate gyrus;granule layer	principal cell;granule	adult	Day	70.0	70.0	Male	Control	in vitro	Dendrites, Soma, No Axon	No Diameter, 3D, Angles	Dendrites Complete	Neurolucida	180	29951917	10.1007/s00429-018-1704-3	http://neuromorpho.org/api/morphometry/id/114679	Saline03_Neuron3_DG_GC_237486_Slide4-Right_R1_C2	892.897	80.3608	1.0	5.0	11.0	145.753	235.27	22.08	0.36	253.598	271.119	4.0	0.964927	97.0	0.5	2.0	45.28	1.01034	842.195	33.54	789.495	True	True	True	True	True	0.013932957143490458
dentate_gyrus	DG_rat_sample	114680	Saline04_Neuron1_DG_GC_237485_Slide4-Right_R2_C2	O'Reilly	rat	Long-Evans	hippocampus;dentate gyrus;granule layer	principal cell;granule	adult	Day	70.0	70.0	Male	Control	in vitro	Dendrites, Soma, No Axon	Diameter, 3D, Angles	Dendrites Complete	Neurolucida	180	29951917	10.1007/s00429-018-1704-3	http://neuromorpho.org/api/morphometry/id/114680	Saline04_Neuron1_DG_GC_237485_Slide4-Right_R2_C2	2426.07	264.372	1.0	10.0	21.0	142.794	253.658	96.58	0.416541	308.331	345.373	5.0	0.913456	266.0	0.353333	1.91521	59.8557	1.02593	1280.56	32.8272	1832.07	True	True	True	True	True	0.011462444120584912
dentate_gyrus	DG_rat_sample	114681	MAM02_Neuron2_DG_GC_238174_Right_Slide3_R2_C1	O'Reilly	rat	Long-Evans	hippocampus;dentate gyrus;granule layer	principal cell;granule	adult	Day	70.0	70.0	Male	Methylazoxymethanol acetate (MAM)-treatment	in vitro	Dendrites, Soma, No Axon	No Diameter, 3D, Angles	Dendrites Complete	Neurolucida	180	29951917	10.1007/s00429-018-1704-3	http://neuromorpho.org/api/morphometry/id/114681	MAM02_Neuron2_DG_GC_238174_Right_Slide3_R2_C1	4855.88	874.058	1.0	9.0	19.0	187.642	297.731	93.9	0.72	339.639	353.607	5.0	0.966521	227.0	0.522222	2.0	49.166	1.00688	733.414	33.0042	2146.77	False	True	True	True	True	0.008850505643361888
dentate_gyrus	DG_rat_sample	178152	Adol_2M_Light-67	Masachs	rat	Sprague-Dawley	hippocampus;dentate gyrus;granule layer	principal cell;granule;born at PND28	adult	Month	3.0	3.0	Male	Optogenetic stimulation	in vivo	Dendrites, Soma, No Axon	No Diameter, 3D, Angles	Dendrites Moderate	Neurolucida	50	34526669	10.1038/s41380-021-01276-x	http://neuromorpho.org/api/morphometry/id/178152	Adol_2M_Light-67	269.43	4.71503	3.0	7.0	17.0	107.749	250.309	23.38	0.07	283.331	302.556	3.0	0.941611	356.0	0.333333	2.0	50.4421	1.01175	541.384	23.7654	1225.18	False	True	True	True	True	0.01387551216964038
dentate_gyrus	DG_rat_sample	178153	Adol_4M_NoLight-26	Masachs	rat	Sprague-Dawley	hippocampus;dentate gyrus;granule layer	principal cell;granule;born at PND28	adult	Month	5.0	5.0	Male	Optogenetic stimulation	in vivo	Dendrites, Soma, No Axon	No Diameter, 3D, Angles	Dendrites Moderate	Neurolucida	50	34526669	10.1038/s41380-021-01276-x	http://neuromorpho.org/api/morphometry/id/178153	Adol_4M_NoLight-26	156.119	2.73208	1.0	5.0	11.0	129.654	191.473	21.61	0.07	227.138	240.831	4.0	0.95452	184.0	0.5	2.0	45.2906	1.01119	478.402	17.0584	709.917	False	True	True	True	True	0.015494769106811078
dentate_gyrus	DG_rat_sample	178154	Ado_6M_Light-13	Masachs	rat	Sprague-Dawley	hippocampus;dentate gyrus;granule layer	principal cell;granule;adult-born	adult	Month	8.0	8.0	Male	Optogenetic stimulation	in vivo	Dendrites, Soma, No Axon	No Diameter, 3D, Angles	Dendrites Moderate	Neurolucida	50	34526669	10.1038/s41380-021-01276-x	http://neuromorpho.org/api/morphometry/id/178154	Ado_6M_Light-13	123.039	2.15318	1.0	4.0	9.0	47.4805	274.912	19.29	0.07	296.524	321.975	4.0	0.956013	187.0	0.75	2.0	32.1711	1.01104	469.444	17.9784	559.493	False	True	True	True	True	0.01608599213931184
dentate_gyrus	DG_rat_sample	178155	Adol_4M_Light-3	Masachs	rat	Sprague-Dawley	hippocampus;dentate gyrus;granule layer	principal cell;granule;born at PND28	adult	Month	5.0	5.0	Male	Optogenetic stimulation	in vivo	Dendrites, Soma, No Axon	No Diameter, 3D, Angles	Dendrites Moderate	Neurolucida	50	34526669	10.1038/s41380-021-01276-x	http://neuromorpho.org/api/morphometry/id/178155	Adol_4M_Light-3	142.265	2.48964	1.0	6.0	13.0	56.6349	182.19	65.22	0.07	201.688	285.742	4.0	0.894329	171.0	0.266667	2.0	60.6106	1.02863	1047.17	39.3086	646.919	False	True	True	True	True	0.020095251492072422
dentate_gyrus	DG_rat_sample	178156	Neo_2M_NoLight-19	Masachs	rat	Sprague-Dawley	hippocampus;dentate gyrus;granule layer	principal cell;granule;born at PND3	adult	Month	2.0	2.0	Male	Control	in vivo	Dendrites, Soma, No Axon	No Diameter, 3D, Angles	Dendrites Moderate	Neurolucida	50	34526669	10.1038/s41380-021-01276-x	http://neuromorpho.org/api/morphometry/id/178156	Neo_2M_NoLight-19	110.488	1.93353	1.0	6.0	13.0	45.8914	269.07	14.9	0.07	289.911	310.432	3.0	0.926955	163.0	0.2	2.0	61.3786	1.02565	730.793	43.6698	502.418	True	True	True	True	True	0.025874869132873422
dentate_gyrus	DG_rat_sample	178157	Ado_6M_Light-2	Masachs	rat	Sprague-Dawley	hippocampus;dentate gyrus;granule layer	principal cell;granule;adult-born	adult	Month	8.0	8.0	Male	Optogenetic stimulation	in vivo	Dendrites, Soma, No Axon	No Diameter, 3D, Angles	Dendrites Moderate	Neurolucida	50	34526669	10.1038/s41380-021-01276-x	http://neuromorpho.org/api/morphometry/id/178157	Ado_6M_Light-2	159.033	2.78309	2.0	7.0	16.0	53.0292	226.57	22.35	0.07	255.928	281.118	4.0	0.917264	273.0	0.428571	2.0	46.5378	1.02172	724.827	33.5556	723.17	False	True	True	True	True	0.022124811593401277
dentate_gyrus	DG_rat_sample	178158	Neo_2M_Light-12	Masachs	rat	Sprague-Dawley	hippocampus;dentate gyrus;granule layer	principal cell;granule;born at PND3	adult	Month	2.0	2.0	Male	Optogenetic stimulation	in vivo	Dendrites, Soma, No Axon	No Diameter, 3D, Angles	Dendrites Moderate	Neurolucida	50	34526669	10.1038/s41380-021-01276-x	http://neuromorpho.org/api/morphometry/id/178158	Neo_2M_Light-12	145.482	2.54594	1.0	7.0	15.0	92.6411	238.85	28.03	0.07	255.082	276.012	5.0	0.889197	191.0	0.452381	2.0	53.1236	1.03038	578.558	46.162	661.55	False	True	True	True	True	0.022674023127503593
dentate_gyrus	DG_rat_sample	178159	Adu_1M_Light-25	Masachs	rat	Sprague-Dawley	hippocampus;dentate gyrus;granule layer	principal cell;granule;adult-born	adult	Month	3.0	3.0	Male	Optogenetic stimulation	in vivo	Dendrites, Soma, No Axon	No Diameter, 3D, Angles	Dendrites Moderate	Neurolucida	50	34526669	10.1038/s41380-021-01276-x	http://neuromorpho.org/api/morphometry/id/178159	Adu_1M_Light-25	192.886	3.3755	1.0	5.0	11.0	123.382	316.979	20.57	0.07	339.607	362.509	3.0	0.962157	185.0	0.1	2.0	55.5933	1.00851	621.125	32.6256	877.107	False	True	True	True	True	0.012541229291295133
dentate_gyrus	DG_rat_sample	178160	Adol_1M_NoLight-33	Masachs	rat	Sprague-Dawley	hippocampus;dentate gyrus;granule layer	principal cell;granule;born at PND28	adult	Month	2.0	2.0	Male	Control	in vivo	Dendrites, Soma, No Axon	No Diameter, 3D, Angles	Dendrites Moderate	Neurolucida	50	34526669	10.1038/s41380-021-01276-x	http://neuromorpho.org/api/morphometry/id/178160	Adol_1M_NoLight-33	127.488	2.23103	1.0	6.0	13.0	66.1411	228.16	19.75	0.07	249.613	277.062	4.0	0.962554	138.0	0.322222	2.0	52.3855	1.01338	644.787	41.2035	579.723	True	True	True	True	True	0.022424502736651815
dentate_gyrus	DG_rat_sample	178161	Adol_1M_NoLight-30	Masachs	rat	Sprague-Dawley	hippocampus;dentate gyrus;granule layer	principal cell;granule;born at PND28	adult	Month	2.0	2.0	Male	Control	in vivo	Dendrites, Soma, No Axon	No Diameter, 3D, Angles	Dendrites Moderate	Neurolucida	50	34526669	10.1038/s41380-021-01276-x	http://neuromorpho.org/api/morphometry/id/178161	Adol_1M_NoLight-30	143.895	2.51816	1.0	9.0	19.0	163.941	86.7303	17.89	0.07	182.332	202.711	5.0	0.928549	212.0	0.522222	2.0	48.3575	1.02131	541.433	34.1702	654.33	True	True	True	True	True	0.02903733590084514
dentate_gyrus	DG_rat_sample	178162	Adu_6M_NoLight-22	Masachs	rat	Sprague-Dawley	hippocampus;dentate gyrus;granule layer	principal cell;granule;adult-born	adult	Month	3.0	3.0	Male	Control	in vivo	Dendrites, Soma, No Axon	No Diameter, 3D, Angles	Dendrites Moderate	Neurolucida	50	34526669	10.1038/s41380-021-01276-x	http://neuromorpho.org/api/morphometry/id/178162	Adu_6M_NoLight-22	209.26	3.66206	1.0	9.0	19.0	108.585	220.648	28.15	0.07	265.489	286.807	6.0	0.912753	336.0	0.518519	2.0	61.4608	1.03133	751.321	41.1509	951.567	True	True	True	True	True	0.01996706485197574
dentate_gyrus	DG_rat_sample	178163	Adol_4M_Light-26	Masachs	rat	Sprague-Dawley	hippocampus;dentate gyrus;granule layer	principal cell;granule;born at PND28	adult	Month	5.0	5.0	Male	Optogenetic stimulation	in vivo	Dendrites, Soma, No Axon	No Diameter, 3D, Angles	Dendrites Moderate	Neurolucida	50	34526669	10.1038/s41380-021-01276-x	http://neuromorpho.org/api/morphometry/id/178163	Adol_4M_Light-26	129.162	2.26033	1.0	7.0	15.0	48.5301	342.34	17.65	0.07	360.594	393.339	3.0	0.964113	232.0	0.0	2.0	64.1651	1.01475	832.402	50.8237	587.335	False	True	True	True	True	0.025539087573531287
dentate_gyrus	DG_rat_sample	178164	Neo_2M_Light-6	Masachs	rat	Sprague-Dawley	hippocampus;dentate gyrus;granule layer	principal cell;granule;born at PND3	adult	Month	2.0	2.0	Male	Optogenetic stimulation	in vivo	Dendrites, Soma, No Axon	No Diameter, 3D, Angles	Dendrites Moderate	Neurolucida	50	34526669	10.1038/s41380-021-01276-x	http://neuromorpho.org/api/morphometry/id/178164	Neo_2M_Light-6	166.853	2.91993	1.0	8.0	17.0	125.715	184.152	22.13	0.07	218.415	228.782	5.0	0.966267	195.0	0.470238	2.0	45.9699	1.00914	720.527	28.6082	758.728	False	True	True	True	True	0.022405921489651103
dentate_gyrus	DG_rat_sample	178165	Adol_2M_Light-12	Masachs	rat	Sprague-Dawley	hippocampus;dentate gyrus;granule layer	principal cell;granule;born at PND28	adult	Month	3.0	3.0	Male	Optogenetic stimulation	in vivo	Dendrites, Soma, No Axon	No Diameter, 3D, Angles	Dendrites Moderate	Neurolucida	50	34526669	10.1038/s41380-021-01276-x	http://neuromorpho.org/api/morphometry/id/178165	Adol_2M_Light-12	156.893	2.74563	1.0	5.0	11.0	85.9595	256.08	7.85	0.07	268.703	293.9	4.0	0.929231	213.0	0.466667	2.0	34.9906	1.023	666.629	31.7591	713.437	False	True	True	True	True	0.015418320047880891
dentate_gyrus	DG_rat_sample	178166	Adu_1M_NoLight-40	Masachs	rat	Sprague-Dawley	hippocampus;dentate gyrus;granule layer	principal cell;granule;adult-born	adult	Month	3.0	3.0	Male	Control	in vivo	Dendrites, Soma, No Axon	No Diameter, 3D, Angles	Dendrites Moderate	Neurolucida	50	34526669	10.1038/s41380-021-01276-x	http://neuromorpho.org/api/morphometry/id/178166	Adu_1M_NoLight-40	123.717	2.16505	1.0	7.0	15.0	67.1366	207.092	13.95	0.07	227.0	277.516	5.0	0.914668	158.0	0.452381	2.0	60.284	1.02376	501.703	40.6972	562.576	True	True	True	True	True	0.02666306419043827
dentate_gyrus	DG_rat_sample	178167	Adol_4M_NoLight-17	Masachs	rat	Sprague-Dawley	hippocampus;dentate gyrus;granule layer	principal cell;granule;born at PND28	adult	Month	5.0	5.0	Male	Optogenetic stimulation	in vivo	Dendrites, Soma, No Axon	No Diameter, 3D, Angles	Dendrites Moderate	Neurolucida	50	34526669	10.1038/s41380-021-01276-x	http://neuromorpho.org/api/morphometry/id/178167	Adol_4M_NoLight-17	179.535	3.14187	1.0	8.0	17.0	85.5769	191.402	25.01	0.07	219.929	230.669	4.0	0.95029	235.0	0.434524	2.0	56.149	1.0141	577.048	35.9618	816.398	False	True	True	True	True	0.020823176930859704
dentate_gyrus	DG_rat_sample	178168	Adol_2M_NoLight-34	Masachs	rat	Sprague-Dawley	hippocampus;dentate gyrus;granule layer	principal cell;granule;born at PND28	adult	Month	2.0	2.0	Male	Optogenetic stimulation	in vivo	Dendrites, Soma, No Axon	No Diameter, 3D, Angles	Dendrites Moderate	Neurolucida	50	34526669	10.1038/s41380-021-01276-x	http://neuromorpho.org/api/morphometry/id/178168	Adol_2M_NoLight-34	178.499	3.12373	2.0	4.0	10.0	138.377	241.498	9.8	0.07	269.211	287.255	2.0	0.96495	241.0	0.5	2.0	42.2917	1.00992	454.581	24.2424	811.684	False	True	True	True	True	0.01232006544418764
dentate_gyrus	DG_rat_sample	178169	Adol_2M_NoLight-14	Masachs	rat	Sprague-Dawley	hippocampus;dentate gyrus;granule layer	principal cell;granule;born at PND28	adult	Month	2.0	2.0	Male	Optogenetic stimulation	in vivo	Dendrites, Soma, No Axon	No Diameter, 3D, Angles	Dendrites Moderate	Neurolucida	50	34526669	10.1038/s41380-021-01276-x	http://neuromorpho.org/api/morphometry/id/178169	Adol_2M_NoLight-14	165.931	2.90379	1.0	4.0	9.0	34.8806	259.56	16.87	0.07	295.869	303.391	4.0	0.973613	176.0	0.75	2.0	35.8231	1.0059	639.049	24.9528	754.536	False	True	True	True	True	0.011927860300900157
dentate_gyrus	DG_rat_sample	178170	Adol_2M_Light-47	Masachs	rat	Sprague-Dawley	hippocampus;dentate gyrus;granule layer	principal cell;granule;born at PND28	adult	Month	3.0	3.0	Male	Optogenetic stimulation	in vivo	Dendrites, Soma, No Axon	No Diameter, 3D, Angles	Dendrites Moderate	Neurolucida	50	34526669	10.1038/s41380-021-01276-x	http://neuromorpho.org/api/morphometry/id/178170	Adol_2M_Light-47	244.793	4.28389	1.0	9.0	19.0	129.734	271.79	21.76	0.07	301.025	314.47	5.0	0.956633	337.0	0.305556	2.0	37.5009	1.01324	738.92	28.8235	1113.15	False	True	True	True	True	0.017068678974082558
dentate_gyrus	DG_rat_sample	178171	Adol_1M_NoLight-21	Masachs	rat	Sprague-Dawley	hippocampus;dentate gyrus;granule layer	principal cell;granule;born at PND28	adult	Month	2.0	2.0	Male	Control	in vivo	Dendrites, Soma, No Axon	No Diameter, 3D, Angles	Dendrites Moderate	Neurolucida	50	34526669	10.1038/s41380-021-01276-x	http://neuromorpho.org/api/morphometry/id/178171	Adol_1M_NoLight-21	173.797	3.04145	2.0	6.0	14.0	44.4899	299.25	19.91	0.07	313.017	341.6	4.0	0.933544	225.0	0.533333	2.0	38.0012	1.01628	608.472	26.0829	790.305	True	True	True	True	True	0.0177146797755297
dentate_gyrus	DG_rat_sample	178172	Adol_4M_NoLight-9	Masachs	rat	Sprague-Dawley	hippocampus;dentate gyrus;granule layer	principal cell;granule;born at PND28	adult	Month	5.0	5.0	Male	Optogenetic stimulation	in vivo	Dendrites, Soma, No Axon	No Diameter, 3D, Angles	Dendrites Moderate	Neurolucida	50	34526669	10.1038/s41380-021-01276-x	http://neuromorpho.org/api/morphometry/id/178172	Adol_4M_NoLight-9	152.471	2.66824	1.0	4.0	9.0	64.3389	230.94	26.38	0.07	250.017	288.936	3.0	0.89847	176.0	0.333333	2.0	44.0275	1.01972	820.978	35.3984	693.329	False	True	True	True	True	0.012980850361083988
dentate_gyrus	DG_rat_sample	178173	Neo_2M_Light-21	Masachs	rat	Sprague-Dawley	hippocampus;dentate gyrus;granule layer	principal cell;granule;born at PND3	adult	Month	2.0	2.0	Male	Optogenetic stimulation	in vivo	Dendrites, Soma, No Axon	No Diameter, 3D, Angles	Dendrites Moderate	Neurolucida	50	34526669	10.1038/s41380-021-01276-x	http://neuromorpho.org/api/morphometry/id/178173	Neo_2M_Light-21	184.598	3.23046	2.0	4.0	10.0	139.849	219.19	21.39	0.07	256.857	266.034	2.0	0.961386	248.0	0.5	2.0	55.3361	1.00714	802.024	18.2032	839.418	False	True	True	True	True	0.011913015922937082
dentate_gyrus	DG_rat_sample	178174	Adu_1M_Light-29	Masachs	rat	Sprague-Dawley	hippocampus;dentate gyrus;granule layer	principal cell;granule;adult-born	adult	Month	3.0	3.0	Male	Optogenetic stimulation	in vivo	Dendrites, Soma, No Axon	No Diameter, 3D, Angles	Dendrites Moderate	Neurolucida	50	34526669	10.1038/s41380-021-01276-x	http://neuromorpho.org/api/morphometry/id/178174	Adu_1M_Light-29	121.963	2.13436	1.0	6.0	13.0	112.34	136.81	13.0	0.07	183.442	202.251	4.0	0.950405	147.0	0.533333	2.0	51.5485	1.01419	507.026	37.7716	554.602	False	True	True	True	True	0.023440232815604704
dentate_gyrus	DG_rat_sample	178175	Ado_6M_Light-15	Masachs	rat	Sprague-Dawley	hippocampus;dentate gyrus;granule layer	principal cell;granule;adult-born	adult	Month	8.0	8.0	Male	Optogenetic stimulation	in vivo	Dendrites, Soma, No Axon	No Diameter, 3D, Angles	Dendrites Moderate	Neurolucida	50	34526669	10.1038/s41380-021-01276-x	http://neuromorpho.org/api/morphometry/id/178175	Ado_6M_Light-15	195.011	3.41269	1.0	6.0	13.0	120.563	291.509	20.64	0.07	318.579	350.387	4.0	0.964845	218.0	0.533333	2.0	42.4312	1.01026	790.205	40.3283	886.771	False	True	True	True	True	0.014659929113604302
dentate_gyrus	DG_rat_sample	178176	Adu_1M_NoLight-16	Masachs	rat	Sprague-Dawley	hippocampus;dentate gyrus;granule layer	principal cell;granule;adult-born	adult	Month	3.0	3.0	Male	Control	in vivo	Dendrites, Soma, No Axon	No Diameter, 3D, Angles	Dendrites Moderate	Neurolucida	50	34526669	10.1038/s41380-021-01276-x	http://neuromorpho.org/api/morphometry/id/178176	Adu_1M_NoLight-16	263.287	4.60752	1.0	8.0	17.0	194.704	282.406	19.79	0.07	327.758	347.933	5.0	0.952092	328.0	0.491071	2.0	48.6524	1.01265	422.09	30.1101	1197.24	True	True	True	True	True	0.014199325114429855
dentate_gyrus	DG_rat_sample	178177	Ado_6M_Light-40	Masachs	rat	Sprague-Dawley	hippocampus;dentate gyrus;granule layer	principal cell;granule;adult-born	adult	Month	8.0	8.0	Male	Optogenetic stimulation	in vivo	Dendrites, Soma, No Axon	No Diameter, 3D, Angles	Dendrites Moderate	Neurolucida	50	34526669	10.1038/s41380-021-01276-x	http://neuromorpho.org/api/morphometry/id/178177	Ado_6M_Light-40	131.499	2.30123	1.0	4.0	9.0	137.78	231.72	17.67	0.07	258.01	282.636	3.0	0.961293	272.0	0.333333	2.0	33.5558	1.00823	497.778	40.7383	597.963	False	True	True	True	True	0.015051098479337352
dentate_gyrus	DG_rat_sample	178178	Adol_1M_NoLight-22	Masachs	rat	Sprague-Dawley	hippocampus;dentate gyrus;granule layer	principal cell;granule;born at PND28	adult	Month	2.0	2.0	Male	Control	in vivo	Dendrites, Soma, No Axon	No Diameter, 3D, Angles	Dendrites Moderate	Neurolucida	50	34526669	10.1038/s41380-021-01276-x	http://neuromorpho.org/api/morphometry/id/178178	Adol_1M_NoLight-22	197.482	3.45593	1.0	6.0	13.0	67.2195	290.04	17.08	0.07	309.49	332.976	4.0	0.965775	254.0	0.5	2.0	47.9793	1.00955	463.527	24.0829	898.006	True	True	True	True	True	0.014476517974267434
dentate_gyrus	DG_rat_sample	178179	Adol_4M_NoLight-15	Masachs	rat	Sprague-Dawley	hippocampus;dentate gyrus;granule layer	principal cell;granule;born at PND28	adult	Month	5.0	5.0	Male	Optogenetic stimulation	in vivo	Dendrites, Soma, No Axon	No Diameter, 3D, Angles	Dendrites Moderate	Neurolucida	50	34526669	10.1038/s41380-021-01276-x	http://neuromorpho.org/api/morphometry/id/178179	Adol_4M_NoLight-15	201.199	3.52098	1.0	7.0	15.0	114.609	265.47	20.78	0.07	306.326	330.219	4.0	0.962586	221.0	0.314286	2.0	60.6987	1.00863	67.8865	35.6729	914.908	False	True	True	True	True	0.016395091091126104
dentate_gyrus	DG_rat_sample	178180	Adol_4M_Light-19	Masachs	rat	Sprague-Dawley	hippocampus;dentate gyrus;granule layer	principal cell;granule;born at PND28	adult	Month	5.0	5.0	Male	Optogenetic stimulation	in vivo	Dendrites, Soma, No Axon	No Diameter, 3D, Angles	Dendrites Moderate	Neurolucida	50	34526669	10.1038/s41380-021-01276-x	http://neuromorpho.org/api/morphometry/id/178180	Adol_4M_Light-19	241.041	4.21823	1.0	9.0	19.0	84.3549	285.319	15.23	0.07	309.265	335.779	5.0	0.931311	433.0	0.25	2.0	47.8797	1.0194	628.657	28.214	1096.08	False	True	True	True	True	0.017334501131304286
dentate_gyrus	DG_rat_sample	178181	Neo_2M_Light-25	Masachs	rat	Sprague-Dawley	hippocampus;dentate gyrus;granule layer	principal cell;granule;born at PND3	adult	Month	2.0	2.0	Male	Optogenetic stimulation	in vivo	Dendrites, Soma, No Axon	No Diameter, 3D, Angles	Dendrites Moderate	Neurolucida	50	34526669	10.1038/s41380-021-01276-x	http://neuromorpho.org/api/morphometry/id/178181	Neo_2M_Light-25	292.011	5.11019	2.0	7.0	16.0	169.799	238.698	17.33	0.07	266.814	300.049	5.0	0.931838	468.0	0.6	2.0	62.7777	1.01856	759.95	44.2882	1327.86	False	True	True	True	True	0.012049463045803023
dentate_gyrus	DG_rat_sample	178182	Adol_2M_Light-19	Masachs	rat	Sprague-Dawley	hippocampus;dentate gyrus;granule layer	principal cell;granule;born at PND28	adult	Month	3.0	3.0	Male	Optogenetic stimulation	in vivo	Dendrites, Soma, No Axon	No Diameter, 3D, Angles	Dendrites Moderate	Neurolucida	50	34526669	10.1038/s41380-021-01276-x	http://neuromorpho.org/api/morphometry/id/178182	Adol_2M_Light-19	146.365	2.56138	2.0	7.0	16.0	79.4993	230.61	21.31	0.07	261.244	282.427	4.0	0.839264	281.0	0.27619	2.0	48.9306	1.03463	968.478	36.1048	665.562	False	True	True	True	True	0.024039834004946196
dentate_gyrus	DG_rat_sample	178183	Adol_1M_Light-13	Masachs	rat	Sprague-Dawley	hippocampus;dentate gyrus;granule layer	principal cell;granule;born at PND28	adult	Month	2.0	2.0	Male	Optogenetic stimulation	in vivo	Dendrites, Soma, No Axon	No Diameter, 3D, Angles	Dendrites Moderate	Neurolucida	50	34526669	10.1038/s41380-021-01276-x	http://neuromorpho.org/api/morphometry/id/178183	Adol_1M_Light-13	200.764	3.51336	1.0	7.0	15.0	191.876	258.64	16.38	0.07	300.096	313.885	4.0	0.958889	272.0	0.380952	2.0	53.1407	1.01108	1229.22	33.4334	912.929	False	True	True	True	True	0.016430631516799226
dentate_gyrus	DG_rat_sample	178184	Neo_2M_Light-4	Masachs	rat	Sprague-Dawley	hippocampus;dentate gyrus;granule layer	principal cell;granule;born at PND3	adult	Month	2.0	2.0	Male	Optogenetic stimulation	in vivo	Dendrites, Soma, No Axon	No Diameter, 3D, Angles	Dendrites Moderate	Neurolucida	50	34526669	10.1038/s41380-021-01276-x	http://neuromorpho.org/api/morphometry/id/178184	Neo_2M_Light-4	161.748	2.83058	2.0	6.0	14.0	68.0304	237.74	17.24	0.07	267.425	276.742	5.0	0.949469	202.0	0.666667	2.0	46.0169	1.0146	719.584	30.3984	735.512	False	True	True	True	True	0.019034359738522282
dentate_gyrus	DG_rat_sample	178185	Adu_1M_Light-20	Masachs	rat	Sprague-Dawley	hippocampus;dentate gyrus;granule layer	principal cell;granule;adult-born	adult	Month	3.0	3.0	Male	Optogenetic stimulation	in vivo	Dendrites, Soma, No Axon	No Diameter, 3D, Angles	Dendrites Moderate	Neurolucida	50	34526669	10.1038/s41380-021-01276-x	http://neuromorpho.org/api/morphometry/id/178185	Adu_1M_Light-20	375.327	6.56823	2.0	12.0	26.0	228.257	203.7	28.13	0.07	264.226	277.332	5.0	0.958631	405.0	0.229167	2.0	49.9535	1.0111	865.653	30.827	1706.72	False	True	True	True	True	0.015233898940658104
dentate_gyrus	DG_rat_sample	178186	Adol_2M_Light-57	Masachs	rat	Sprague-Dawley	hippocampus;dentate gyrus;granule layer	principal cell;granule;born at PND28	adult	Month	3.0	3.0	Male	Optogenetic stimulation	in vivo	Dendrites, Soma, No Axon	No Diameter, 3D, Angles	Dendrites Moderate	Neurolucida	50	34526669	10.1038/s41380-021-01276-x	http://neuromorpho.org/api/morphometry/id/178186	Adol_2M_Light-57	291.158	5.09526	1.0	11.0	23.0	138.283	218.405	26.1	0.07	250.903	281.444	5.0	0.918275	391.0	0.230303	2.0	57.8418	1.02789	744.316	54.7345	1323.98	False	True	True	True	True	0.017371863623317572
dentate_gyrus	DG_rat_sample	178187	Adu_1M_Light-13	Masachs	rat	Sprague-Dawley	hippocampus;dentate gyrus;granule layer	principal cell;granule;adult-born	adult	Month	3.0	3.0	Male	Optogenetic stimulation	in vivo	Dendrites, Soma, No Axon	No Diameter, 3D, Angles	Dendrites Moderate	Neurolucida	50	34526669	10.1038/s41380-021-01276-x	http://neuromorpho.org/api/morphometry/id/178187	Adu_1M_Light-13	230.433	4.03258	1.0	6.0	13.0	125.744	303.549	13.28	0.07	326.776	351.132	4.0	0.95154	199.0	0.322222	2.0	56.7461	1.01084	801.683	38.7212	1047.85	False	True	True	True	True	0.0124063558715465
dentate_gyrus	DG_rat_sample	178188	Adol_1M_Light-28	Masachs	rat	Sprague-Dawley	hippocampus;dentate gyrus;granule layer	principal cell;granule;born at PND28	adult	Month	2.0	2.0	Male	Optogenetic stimulation	in vivo	Dendrites, Soma, No Axon	No Diameter, 3D, Angles	Dendrites Moderate	Neurolucida	50	34526669	10.1038/s41380-021-01276-x	http://neuromorpho.org/api/morphometry/id/178188	Adol_1M_Light-28	115.835	2.02711	1.0	4.0	9.0	21.5343	243.77	49.05	0.07	265.858	275.132	3.0	0.9433	149.0	0.25	2.0	50.5054	1.01334	492.021	26.236	526.735	False	True	True	True	True	0.017086390689815562
dentate_gyrus	DG_rat_sample	178189	Adu_1M_NoLight-12	Masachs	rat	Sprague-Dawley	hippocampus;dentate gyrus;granule layer	principal cell;granule;adult-born	adult	Month	3.0	3.0	Male	Control	in vivo	Dendrites, Soma, No Axon	No Diameter, 3D, Angles	Dendrites Moderate	Neurolucida	50	34526669	10.1038/s41380-021-01276-x	http://neuromorpho.org/api/morphometry/id/178189	Adu_1M_NoLight-12	297.899	5.21324	1.0	9.0	19.0	180.191	263.589	17.0	0.07	308.481	327.521	4.0	0.958481	321.0	0.472222	2.0	52.0008	1.00879	582.434	26.4539	1354.63	True	True	True	True	True	0.014025970191122297
dentate_gyrus	DG_rat_sample	178190	Ado_6M_Light-42	Masachs	rat	Sprague-Dawley	hippocampus;dentate gyrus;granule layer	principal cell;granule;adult-born	adult	Month	8.0	8.0	Male	Optogenetic stimulation	in vivo	Dendrites, Soma, No Axon	No Diameter, 3D, Angles	Dendrites Moderate	Neurolucida	50	34526669	10.1038/s41380-021-01276-x	http://neuromorpho.org/api/morphometry/id/178190	Ado_6M_Light-42	194.878	3.41037	1.0	6.0	13.0	56.4586	283.78	20.37	0.07	303.299	342.756	4.0	0.905109	414.0	0.5	2.0	55.2006	1.02488	435.828	32.8826	886.168	False	True	True	True	True	0.014669904577912991
dentate_gyrus	DG_rat_sample	178191	Ado_6M_Light-24	Masachs	rat	Sprague-Dawley	hippocampus;dentate gyrus;granule layer	principal cell;granule;adult-born	adult	Month	8.0	8.0	Male	Optogenetic stimulation	in vivo	Dendrites, Soma, No Axon	No Diameter, 3D, Angles	Dendrites Moderate	Neurolucida	50	34526669	10.1038/s41380-021-01276-x	http://neuromorpho.org/api/morphometry/id/178191	Ado_6M_Light-24	140.098	2.45172	1.0	2.0	5.0	71.5221	278.17	14.8	0.07	285.66	319.426	2.0	0.917625	218.0	0.5	2.0	68.7319	1.02412	471.556	30.4094	637.067	False	True	True	True	True	0.007848468057519853
dentate_gyrus	DG_rat_sample	178192	Adol_2M_NoLight-30	Masachs	rat	Sprague-Dawley	hippocampus;dentate gyrus;granule layer	principal cell;granule;born at PND28	adult	Month	2.0	2.0	Male	Optogenetic stimulation	in vivo	Dendrites, Soma, No Axon	No Diameter, 3D, Angles	Dendrites Moderate	Neurolucida	50	34526669	10.1038/s41380-021-01276-x	http://neuromorpho.org/api/morphometry/id/178192	Adol_2M_NoLight-30	227.794	3.9864	2.0	10.0	22.0	57.8947	220.55	22.36	0.07	263.903	281.433	4.0	0.960458	324.0	0.326667	2.0	37.8419	1.01026	606.836	23.5277	1035.85	False	True	True	True	True	0.021238596321861276
dentate_gyrus	DG_rat_sample	178193	Adol_4M_NoLight-30	Masachs	rat	Sprague-Dawley	hippocampus;dentate gyrus;granule layer	principal cell;granule;born at PND28	adult	Month	5.0	5.0	Male	Optogenetic stimulation	in vivo	Dendrites, Soma, No Axon	No Diameter, 3D, Angles	Dendrites Moderate	Neurolucida	50	34526669	10.1038/s41380-021-01276-x	http://neuromorpho.org/api/morphometry/id/178193	Adol_4M_NoLight-30	237.088	4.14904	2.0	6.0	14.0	83.4545	307.449	20.33	0.07	354.534	368.024	4.0	0.941599	373.0	0.5	2.0	42.8384	1.01358	457.973	27.7328	1078.11	False	True	True	True	True	0.012985687916817394
dentate_gyrus	DG_rat_sample	178194	Adol_2M_NoLight-18	Masachs	rat	Sprague-Dawley	hippocampus;dentate gyrus;granule layer	principal cell;granule;born at PND28	adult	Month	2.0	2.0	Male	Optogenetic stimulation	in vivo	Dendrites, Soma, No Axon	No Diameter, 3D, Angles	Dendrites Moderate	Neurolucida	50	34526669	10.1038/s41380-021-01276-x	http://neuromorpho.org/api/morphometry/id/178194	Adol_2M_NoLight-18	180.191	3.15335	1.0	8.0	17.0	70.9003	277.08	12.83	0.07	296.406	313.951	4.0	0.954959	242.0	0.434524	2.0	41.416	1.01389	584.589	28.4605	819.382	False	True	True	True	True	0.020747343729786597
dentate_gyrus	DG_rat_sample	178195	Adol_2M_NoLight-57	Masachs	rat	Sprague-Dawley	hippocampus;dentate gyrus;granule layer	principal cell;granule;born at PND28	adult	Month	2.0	2.0	Male	Optogenetic stimulation	in vivo	Dendrites, Soma, No Axon	No Diameter, 3D, Angles	Dendrites Moderate	Neurolucida	50	34526669	10.1038/s41380-021-01276-x	http://neuromorpho.org/api/morphometry/id/178195	Adol_2M_NoLight-57	185.832	3.25206	1.0	7.0	15.0	126.609	223.98	14.52	0.07	251.538	263.57	4.0	0.955277	203.0	0.380952	2.0	54.2107	1.01117	651.9	34.6527	845.03	False	True	True	True	True	0.017750849082281105
dentate_gyrus	DG_rat_sample	178196	Adol_2M_NoLight-25	Masachs	rat	Sprague-Dawley	hippocampus;dentate gyrus;granule layer	principal cell;granule;born at PND28	adult	Month	2.0	2.0	Male	Optogenetic stimulation	in vivo	Dendrites, Soma, No Axon	No Diameter, 3D, Angles	Dendrites Moderate	Neurolucida	50	34526669	10.1038/s41380-021-01276-x	http://neuromorpho.org/api/morphometry/id/178196	Adol_2M_NoLight-25	268.72	4.7026	1.0	7.0	15.0	235.43	256.37	21.02	0.07	295.227	304.716	5.0	0.956352	317.0	0.452381	2.0	45.3018	1.01094	619.575	29.8346	1221.95	False	True	True	True	True	0.01227546135275584
dentate_gyrus	DG_rat_sample	178197	Adol_1M_Light-29	Masachs	rat	Sprague-Dawley	hippocampus;dentate gyrus;granule layer	principal cell;granule;born at PND28	adult	Month	2.0	2.0	Male	Optogenetic stimulation	in vivo	Dendrites, Soma, No Axon	No Diameter, 3D, Angles	Dendrites Moderate	Neurolucida	50	34526669	10.1038/s41380-021-01276-x	http://neuromorpho.org/api/morphometry/id/178197	Adol_1M_Light-29	154.167	2.69792	1.0	4.0	9.0	127.598	246.839	12.05	0.07	280.648	294.325	4.0	0.968456	188.0	0.75	2.0	34.3584	1.00944	519.023	31.3167	701.04	False	True	True	True	True	0.01283806915439918
dentate_gyrus	DG_rat_sample	178198	Adol_4M_Light-17	Masachs	rat	Sprague-Dawley	hippocampus;dentate gyrus;granule layer	principal cell;granule;born at PND28	adult	Month	5.0	5.0	Male	Optogenetic stimulation	in vivo	Dendrites, Soma, No Axon	No Diameter, 3D, Angles	Dendrites Moderate	Neurolucida	50	34526669	10.1038/s41380-021-01276-x	http://neuromorpho.org/api/morphometry/id/178198	Adol_4M_Light-17	185.871	3.25275	1.0	7.0	15.0	115.777	320.99	13.44	0.07	350.884	371.204	6.0	0.964219	247.0	0.571429	2.0	50.1519	1.01211	569.519	35.378	845.21	False	True	True	True	True	0.017747068775807194
dentate_gyrus	DG_rat_sample	178199	Adol_2M_Light-20	Masachs	rat	Sprague-Dawley	hippocampus;dentate gyrus;granule layer	principal cell;granule;born at PND28	adult	Month	3.0	3.0	Male	Optogenetic stimulation	in vivo	Dendrites, Soma, No Axon	No Diameter, 3D, Angles	Dendrites Moderate	Neurolucida	50	34526669	10.1038/s41380-021-01276-x	http://neuromorpho.org/api/morphometry/id/178199	Adol_2M_Light-20	220.067	3.85117	1.0	5.0	11.0	183.495	227.78	18.0	0.07	263.294	283.119	4.0	0.94477	333.0	0.5	2.0	66.942	1.01331	582.836	57.0094	1000.71	False	True	True	True	True	0.010992195541165772
dentate_gyrus	DG_rat_sample	178200	Neo_2M_Light-11	Masachs	rat	Sprague-Dawley	hippocampus;dentate gyrus;granule layer	principal cell;granule;born at PND3	adult	Month	2.0	2.0	Male	Optogenetic stimulation	in vivo	Dendrites, Soma, No Axon	No Diameter, 3D, Angles	Dendrites Moderate	Neurolucida	50	34526669	10.1038/s41380-021-01276-x	http://neuromorpho.org/api/morphometry/id/178200	Neo_2M_Light-11	243.813	4.26673	1.0	7.0	15.0	119.481	273.901	29.98	0.07	322.048	346.958	4.0	0.953124	277.0	0.571429	2.0	37.5723	1.01461	702.387	27.3747	1108.69	False	True	True	True	True	0.013529480738529255
dentate_gyrus	DG_rat_sample	178201	Adu_1M_NoLight-17	Masachs	rat	Sprague-Dawley	hippocampus;dentate gyrus;granule layer	principal cell;granule;adult-born	adult	Month	3.0	3.0	Male	Control	in vivo	Dendrites, Soma, No Axon	No Diameter, 3D, Angles	Dendrites Moderate	Neurolucida	50	34526669	10.1038/s41380-021-01276-x	http://neuromorpho.org/api/morphometry/id/178201	Adu_1M_NoLight-17	245.591	4.29784	1.0	9.0	19.0	141.921	251.182	20.92	0.07	271.134	287.243	4.0	0.953434	342.0	0.472222	2.0	48.6073	1.01254	509.748	36.5677	1116.77	True	True	True	True	True	0.01701335100333999
dentate_gyrus	DG_rat_sample	259437	505	Rodrigues	rat	Wistar	hippocampus;dentate gyrus;granule layer	principal cell;granule	embryonic	Day	18.0	18.0	Not reported	SCH58261 incubation	culture	Dendrites, Soma, No Axon	No Diameter, 2D, Angles	Dendrites Complete	Neurolucida	Not applicable	36038626	10.1038/s41598-022-18884-4	http://neuromorpho.org/api/morphometry/id/259437	505	27.2106	0.272106	4.0	1.0	6.0	28.1526	113.829	0.0	0.04	64.7963	89.0282	1.0	0.877555	108.0	0.0	2.0	83.8056	1.02738	370.147	80.204	216.535	False	True	True	True	True	0.027709146327383565
dentate_gyrus	DG_rat_sample	259438	518_a	Rodrigues	rat	Wistar	hippocampus;dentate gyrus;granule layer	principal cell;granule	embryonic	Day	18.0	18.0	Not reported	SCH58261 incubation	culture	Dendrites, Soma, No Axon	No Diameter, 2D, Angles	Dendrites Complete	Neurolucida	Not applicable	36038626	10.1038/s41598-022-18884-4	http://neuromorpho.org/api/morphometry/id/259438	518_a	23.5525	0.294406	2.0	0.0	2.0	45.9768	84.4079	0.0	0.05	82.443	138.575	0.0	0.765187	55.0	0.0	0.0	0.0	1.0387	318.149	0.0	149.94	False	True	True	True	True	0.013338668800853675
dentate_gyrus	DG_rat_sample	259439	113_3_a	Rodrigues	rat	Wistar	hippocampus;dentate gyrus;granule layer	principal cell;granule	embryonic	Day	18.0	18.0	Not reported	Control	culture	Dendrites, Soma, Axon	No Diameter, 2D, Angles	Dendrites & Axon Complete	Neurolucida	Not applicable	36038626	10.1038/s41598-022-18884-4	http://neuromorpho.org/api/morphometry/id/259439	113_3_a	39.4173	0.59126	3.0	1.0	5.0	37.8162	104.219	0.0	0.06	90.6215	150.545	1.0	0.789697	88.0	0.0	2.0	94.7208	1.07098	646.597	71.9987	209.116	True	True	True	True	True	0.023910174257349984
dentate_gyrus	DG_rat_sample	259440	Rodrigues_49	Rodrigues	rat	Wistar	hippocampus;dentate gyrus;granule layer	principal cell;granule	embryonic	Day	18.0	18.0	Not reported	Control	culture	Dendrites, Soma, Axon	No Diameter, 2D, Angles	Dendrites & Axon Complete	Neurolucida	Not applicable	36038626	10.1038/s41598-022-18884-4	http://neuromorpho.org/api/morphometry/id/259440	Rodrigues_49	130.247	1.62809	6.0	11.0	28.0	214.763	148.453	0.0	0.05	243.468	288.011	7.0	0.935829	349.0	0.383117	2.0	72.4889	1.0136	403.796	72.253	829.179	True	True	True	True	True	0.033768341938230466
dentate_gyrus	DG_rat_sample	259441	325	Rodrigues	rat	Wistar	hippocampus;dentate gyrus;granule layer	principal cell;granule	embryonic	Day	18.0	18.0	Not reported	Control	culture	Dendrites, Soma, Axon	No Diameter, 2D, Angles	Dendrites & Axon Complete	Neurolucida	Not applicable	36038626	10.1038/s41598-022-18884-4	http://neuromorpho.org/api/morphometry/id/259441	325	27.7116	0.207837	3.0	2.0	7.0	165.213	106.221	0.0	0.03	175.239	210.013	1.0	0.961249	186.0	0.0	2.0	60.0936	1.01169	288.948	84.4696	294.029	True	True	True	True	True	0.023807175482690485
dentate_gyrus	DG_rat_sample	259442	Rodrigues_58	Rodrigues	rat	Wistar	hippocampus;dentate gyrus;granule layer	principal cell;granule	embryonic	Day	18.0	18.0	Not reported	Control	culture	Dendrites, Soma, Axon	No Diameter, 2D, Angles	Dendrites & Axon Complete	Neurolucida	Not applicable	36038626	10.1038/s41598-022-18884-4	http://neuromorpho.org/api/morphometry/id/259442	Rodrigues_58	66.2527	0.993791	3.0	3.0	9.0	138.397	126.09	0.0	0.06	155.345	189.173	2.0	0.913453	156.0	0.333333	2.0	89.8195	1.01692	292.837	86.3342	351.482	True	True	True	True	True	0.025605863173647582
dentate_gyrus	DG_rat_sample	259443	19_68_a	Rodrigues	rat	Wistar	hippocampus;dentate gyrus;granule layer	principal cell;granule	embryonic	Day	18.0	18.0	Not reported	SCH58261 incubation	culture	Dendrites, Soma, Axon	No Diameter, 2D, Angles	Dendrites & Axon Complete	Neurolucida	Not applicable	36038626	10.1038/s41598-022-18884-4	http://neuromorpho.org/api/morphometry/id/259443	19_68_a	20.7465	0.207465	2.0	4.0	10.0	58.6974	95.0049	0.0	0.04	86.3145	103.866	3.0	0.975692	79.0	0.5	2.0	59.1658	1.00551	280.21	61.0301	165.095	False	True	True	True	True	0.060571186286683426
dentate_gyrus	DG_rat_sample	259444	118_2	Rodrigues	rat	Wistar	hippocampus;dentate gyrus;granule layer	principal cell;granule	embryonic	Day	18.0	18.0	Not reported	SCH58261 incubation	culture	Dendrites, Soma, No Axon	No Diameter, 2D, Angles	Dendrites Complete	Neurolucida	Not applicable	36038626	10.1038/s41598-022-18884-4	http://neuromorpho.org/api/morphometry/id/259444	118_2	10.2791	0.102791	2.0	1.0	4.0	14.2803	64.9998	0.0	0.04	49.7297	53.4939	1.0	0.978359	40.0	0.0	2.0	104.083	1.00593	300.879	110.745	81.7982	False	True	True	True	True	0.04890083155864066
dentate_gyrus	DG_rat_sample	259445	50_7	Rodrigues	rat	Wistar	hippocampus;dentate gyrus;granule layer	principal cell;granule	embryonic	Day	18.0	18.0	Not reported	CGS21680 incubation	culture	Dendrites, Soma, Axon	No Diameter, 2D, Angles	Dendrites & Axon Complete	Neurolucida	Not applicable	36038626	10.1038/s41598-022-18884-4	http://neuromorpho.org/api/morphometry/id/259445	50_7	53.2523	0.532523	3.0	11.0	25.0	116.03	94.6623	0.0	0.04	133.302	160.326	6.0	0.944085	257.0	0.5	2.0	74.7026	1.01952	469.479	55.7749	423.768	False	True	True	True	True	0.05899454418455382
dentate_gyrus	DG_rat_sample	259446	47_a	Rodrigues	rat	Wistar	hippocampus;dentate gyrus;granule layer	principal cell;granule	embryonic	Day	18.0	18.0	Not reported	Control	culture	Dendrites, Soma, Axon	No Diameter, 2D, Angles	Dendrites & Axon Complete	Neurolucida	Not applicable	36038626	10.1038/s41598-022-18884-4	http://neuromorpho.org/api/morphometry/id/259446	47_a	27.438	0.205785	3.0	1.0	5.0	103.65	115.322	0.0	0.03	136.976	187.871	1.0	0.831389	202.0	0.0	2.0	95.8345	1.03181	309.671	83.0174	291.126	True	True	True	True	True	0.017174694118697747
dentate_gyrus	DG_rat_sample	259447	226_1	Rodrigues	rat	Wistar	hippocampus;dentate gyrus;granule layer	principal cell;granule	embryonic	Day	18.0	18.0	Not reported	CGS21680 incubation	culture	Dendrites, Soma, Axon	No Diameter, 2D, Angles	Dendrites & Axon Complete	Neurolucida	Not applicable	36038626	10.1038/s41598-022-18884-4	http://neuromorpho.org/api/morphometry/id/259447	226_1	79.8531	1.1978	3.0	1.0	5.0	223.505	162.312	0.0	0.06	241.515	268.866	1.0	0.935423	152.0	0.0	2.0	102.843	1.0158	632.511	76.5887	423.634	False	True	True	True	True	0.011802640958940971
dentate_gyrus	DG_rat_sample	259448	515	Rodrigues	rat	Wistar	hippocampus;dentate gyrus;granule layer	principal cell;granule	embryonic	Day	18.0	18.0	Not reported	SCH58261 incubation	culture	Dendrites, Soma, No Axon	No Diameter, 2D, Angles	Dendrites Complete	Neurolucida	Not applicable	36038626	10.1038/s41598-022-18884-4	http://neuromorpho.org/api/morphometry/id/259448	515	37.1168	0.649544	2.0	0.0	2.0	36.942	102.019	0.0	0.07	92.6698	148.643	0.0	0.809859	67.0	0.0	0.0	0.0	1.04148	201.719	0.0	168.781	False	True	True	True	True	0.011849675022662503
dentate_gyrus	DG_rat_sample	259449	205_3	Rodrigues	rat	Wistar	hippocampus;dentate gyrus;granule layer	principal cell;granule	embryonic	Day	18.0	18.0	Not reported	Control	culture	Dendrites, Soma, Axon	No Diameter, 2D, Angles	Dendrites & Axon Complete	Neurolucida	Not applicable	36038626	10.1038/s41598-022-18884-4	http://neuromorpho.org/api/morphometry/id/259449	205_3	15.6757	0.156757	2.0	1.0	4.0	70.4019	67.2867	0.0	0.04	70.9895	75.0772	1.0	0.972768	55.0	0.0	2.0	81.3842	1.01101	296.912	81.4305	124.743	True	True	True	True	True	0.03206592754703671
dentate_gyrus	DG_rat_sample	259450	219_2_b	Rodrigues	rat	Wistar	hippocampus;dentate gyrus;granule layer	principal cell;granule	embryonic	Day	18.0	18.0	Not reported	Control	culture	Dendrites, Soma, Axon	No Diameter, 2D, Angles	Dendrites & Axon Complete	Neurolucida	Not applicable	36038626	10.1038/s41598-022-18884-4	http://neuromorpho.org/api/morphometry/id/259450	219_2_b	28.5394	0.285394	3.0	3.0	9.0	120.054	92.1204	0.0	0.04	131.085	143.204	2.0	0.961204	123.0	0.333333	2.0	82.8917	1.01406	377.42	93.3184	227.109	True	True	True	True	True	0.03962854840627188
dentate_gyrus	DG_rat_sample	259451	202_2_a	Rodrigues	rat	Wistar	hippocampus;dentate gyrus;granule layer	principal cell;granule	embryonic	Day	18.0	18.0	Not reported	Control	culture	Dendrites, Soma, Axon	No Diameter, 2D, Angles	Dendrites & Axon Complete	Neurolucida	Not applicable	36038626	10.1038/s41598-022-18884-4	http://neuromorpho.org/api/morphometry/id/259451	202_2_a	40.4701	0.607051	2.0	1.0	4.0	172.889	35.8276	0.0	0.06	172.994	182.413	1.0	0.96805	87.0	0.0	2.0	84.1725	1.00638	320.345	60.2242	214.7	True	True	True	True	True	0.018630647414997672
dentate_gyrus	DG_rat_sample	259452	206_2_a	Rodrigues	rat	Wistar	hippocampus;dentate gyrus;granule layer	principal cell;granule	embryonic	Day	18.0	18.0	Not reported	SCH58261 incubation	culture	Dendrites, Soma, No Axon	No Diameter, 2D, Angles	Dendrites Complete	Neurolucida	Not applicable	36038626	10.1038/s41598-022-18884-4	http://neuromorpho.org/api/morphometry/id/259452	206_2_a	7.34843	0.0918553	2.0	0.0	2.0	5.20597	44.1203	0.0	0.05	23.4927	23.7267	0.0	0.976239	17.0	0.0	0.0	0.0	1.00624	267.757	0.0	46.7815	False	True	True	True	True	0.042751942541389226
dentate_gyrus	DG_rat_sample	259453	52_b	Rodrigues	rat	Wistar	hippocampus;dentate gyrus;granule layer	principal cell;granule	embryonic	Day	18.0	18.0	Not reported	Control	culture	Dendrites, Soma, Axon	No Diameter, 2D, Angles	Dendrites & Axon Complete	Neurolucida	Not applicable	36038626	10.1038/s41598-022-18884-4	http://neuromorpho.org/api/morphometry/id/259453	52_b	32.2188	0.322188	3.0	1.0	5.0	122.421	143.411	0.0	0.04	146.058	158.09	1.0	0.955867	125.0	0.0	2.0	45.901	1.00712	317.483	83.1384	256.389	True	True	True	True	True	0.019501616684023105
dentate_gyrus	DG_rat_sample	259454	54_5_b	Rodrigues	rat	Wistar	hippocampus;dentate gyrus;granule layer	principal cell;granule	embryonic	Day	18.0	18.0	Not reported	CGS21680 incubation	culture	Dendrites, Soma, Axon	No Diameter, 2D, Angles	Dendrites & Axon Complete	Neurolucida	Not applicable	36038626	10.1038/s41598-022-18884-4	http://neuromorpho.org/api/morphometry/id/259454	54_5_b	29.5089	0.516406	3.0	1.0	5.0	67.7849	56.9629	0.0	0.07	65.526	78.2104	1.0	0.956363	54.0	0.0	2.0	59.5345	1.01632	174.19	46.5206	134.185	False	True	True	True	True	0.03726198904497522
dentate_gyrus	DG_rat_sample	259455	111_2_c	Rodrigues	rat	Wistar	hippocampus;dentate gyrus;granule layer	principal cell;granule	embryonic	Day	18.0	18.0	Not reported	CGS21680 incubation	culture	Dendrites, Soma, No Axon	No Diameter, 2D, Angles	Dendrites Complete	Neurolucida	Not applicable	36038626	10.1038/s41598-022-18884-4	http://neuromorpho.org/api/morphometry/id/259455	111_2_c	20.3291	0.304936	2.0	2.0	6.0	11.1493	82.5002	0.0	0.06	43.6406	47.5946	1.0	0.974208	34.0	0.0	2.0	49.798	1.00709	190.284	44.5708	107.849	False	True	True	True	True	0.05563333920574136
dentate_gyrus	DG_rat_sample	259456	218_a	Rodrigues	rat	Wistar	hippocampus;dentate gyrus;granule layer	principal cell;granule	embryonic	Day	18.0	18.0	Not reported	Control	culture	Dendrites, Soma, No Axon	No Diameter, 2D, Angles	Dendrites Complete	Neurolucida	Not applicable	36038626	10.1038/s41598-022-18884-4	http://neuromorpho.org/api/morphometry/id/259456	218_a	3.25299	0.0243974	2.0	1.0	4.0	7.87054	21.5296	0.0	0.03	12.6053	20.8437	1.0	0.897495	31.0	0.0	2.0	81.4509	1.04281	247.767	35.8454	34.5152	True	True	True	True	True	0.11589096977563508
dentate_gyrus	DG_rat_sample	259457	65_4_b	Rodrigues	rat	Wistar	hippocampus;dentate gyrus;granule layer	principal cell;granule	embryonic	Day	18.0	18.0	Not reported	CGS21680 incubation	culture	Dendrites, Soma, Axon	No Diameter, 2D, Angles	Dendrites & Axon Complete	Neurolucida	Not applicable	36038626	10.1038/s41598-022-18884-4	http://neuromorpho.org/api/morphometry/id/259457	65_4_b	75.8858	1.13829	3.0	2.0	7.0	243.686	107.268	0.0	0.06	256.955	280.146	2.0	0.966268	135.0	0.5	2.0	99.3886	1.00765	460.131	75.909	402.587	False	True	True	True	True	0.017387546045947833
dentate_gyrus	DG_rat_sample	259458	204_1	Rodrigues	rat	Wistar	hippocampus;dentate gyrus;granule layer	principal cell;granule	embryonic	Day	18.0	18.0	Not reported	SCH58261 incubation	culture	Dendrites, Soma, No Axon	No Diameter, 2D, Angles	Dendrites Complete	Neurolucida	Not applicable	36038626	10.1038/s41598-022-18884-4	http://neuromorpho.org/api/morphometry/id/259458	204_1	6.48722	0.0648722	3.0	1.0	5.0	15.0231	28.9571	0.0	0.04	18.2895	18.471	1.0	0.983757	27.0	0.0	2.0	68.0405	1.0057	216.152	85.332	51.6237	False	True	True	True	True	0.09685473919924376
dentate_gyrus	DG_rat_sample	259459	209_1_a	Rodrigues	rat	Wistar	hippocampus;dentate gyrus;granule layer	principal cell;granule	embryonic	Day	18.0	18.0	Not reported	SCH58261 incubation	culture	Dendrites, Soma, Axon	No Diameter, 2D, Angles	Dendrites & Axon Complete	Neurolucida	Not applicable	36038626	10.1038/s41598-022-18884-4	http://neuromorpho.org/api/morphometry/id/259459	209_1_a	22.512	0.337681	2.0	0.0	2.0	51.5623	98.4396	0.0	0.06	102.395	104.564	0.0	0.981031	44.0	0.0	0.0	0.0	1.00468	365.569	0.0	119.43	False	True	True	True	True	0.01674621116972285
dentate_gyrus	DG_rat_sample	259460	218_b	Rodrigues	rat	Wistar	hippocampus;dentate gyrus;granule layer	principal cell;granule	embryonic	Day	18.0	18.0	Not reported	Control	culture	Dendrites, Soma, No Axon	No Diameter, 2D, Angles	Dendrites Complete	Neurolucida	Not applicable	36038626	10.1038/s41598-022-18884-4	http://neuromorpho.org/api/morphometry/id/259460	218_b	17.8136	0.356271	2.0	1.0	4.0	36.5175	33.2178	0.0	0.08	30.3915	35.7989	1.0	0.964129	35.0	0.0	2.0	67.7381	1.01032	211.971	126.667	70.8779	True	True	True	True	True	0.05643508061045827
dentate_gyrus	DG_rat_sample	259461	1116_c	Rodrigues	rat	Wistar	hippocampus;dentate gyrus;granule layer	principal cell;granule	embryonic	Day	18.0	18.0	Not reported	Control	culture	Dendrites, Soma, Axon	No Diameter, 2D, Angles	Dendrites & Axon Complete	Neurolucida	Not applicable	36038626	10.1038/s41598-022-18884-4	http://neuromorpho.org/api/morphometry/id/259461	1116_c	72.2622	1.08393	3.0	7.0	17.0	49.8948	171.68	0.0	0.06	151.159	171.503	5.0	0.944725	181.0	0.714286	2.0	71.6279	1.02043	345.525	59.0248	383.363	True	True	True	True	True	0.0443443942164476
dentate_gyrus	DG_rat_sample	259462	1119	Rodrigues	rat	Wistar	hippocampus;dentate gyrus;granule layer	principal cell;granule	embryonic	Day	18.0	18.0	Not reported	Control	culture	Dendrites, Soma, No Axon	No Diameter, 2D, Angles	Dendrites Complete	Neurolucida	Not applicable	36038626	10.1038/s41598-022-18884-4	http://neuromorpho.org/api/morphometry/id/259462	1119	20.7651	0.259564	3.0	6.0	15.0	35.8214	50.8697	0.0	0.05	28.6158	34.8903	3.0	0.99278	53.0	0.222222	2.0	69.3453	1.00596	202.502	74.0162	132.195	True	True	True	True	True	0.11346873936230568
dentate_gyrus	DG_rat_sample	259463	218_2	Rodrigues	rat	Wistar	hippocampus;dentate gyrus;granule layer	principal cell;granule	embryonic	Day	18.0	18.0	Not reported	SCH58261 incubation	culture	Dendrites, Soma, No Axon	No Diameter, 2D, Angles	Dendrites Complete	Neurolucida	Not applicable	36038626	10.1038/s41598-022-18884-4	http://neuromorpho.org/api/morphometry/id/259463	218_2	9.78647	0.0978647	2.0	0.0	2.0	5.85905	70.7105	0.0	0.04	37.8556	41.0531	0.0	0.945467	35.0	0.0	0.0	0.0	1.01687	249.598	0.0	77.8783	False	True	True	True	True	0.02568109473370631
dentate_gyrus	DG_rat_sample	259464	06_6_b	Rodrigues	rat	Wistar	hippocampus;dentate gyrus;granule layer	principal cell;granule	embryonic	Day	18.0	18.0	Not reported	SCH58261 incubation	culture	Dendrites, Soma, No Axon	No Diameter, 2D, Angles	Dendrites Complete	Neurolucida	Not applicable	36038626	10.1038/s41598-022-18884-4	http://neuromorpho.org/api/morphometry/id/259464	06_6_b	5.84118	0.0730148	2.0	0.0	2.0	7.81402	31.8796	0.0	0.05	18.7396	18.9286	0.0	0.972601	20.0	0.0	0.0	0.0	1.00578	261.009	0.0	37.1861	False	True	True	True	True	0.05378353739703814
dentate_gyrus	DG_rat_sample	259465	338	Rodrigues	rat	Wistar	hippocampus;dentate gyrus;granule layer	principal cell;granule	embryonic	Day	18.0	18.0	Not reported	Control	culture	Dendrites, Soma, Axon	No Diameter, 2D, Angles	Dendrites & Axon Complete	Neurolucida	Not applicable	36038626	10.1038/s41598-022-18884-4	http://neuromorpho.org/api/morphometry/id/259465	338	55.764	0.55764	3.0	6.0	15.0	88.2044	156.224	0.0	0.04	126.933	186.097	3.0	0.936768	230.0	0.222222	2.0	73.3714	1.01548	290.963	54.7211	443.756	True	True	True	True	True	0.03380235985541604
dentate_gyrus	DG_rat_sample	259466	112_1	Rodrigues	rat	Wistar	hippocampus;dentate gyrus;granule layer	principal cell;granule	embryonic	Day	18.0	18.0	Not reported	CGS21680 incubation	culture	Dendrites, Soma, Axon	No Diameter, 2D, Angles	Dendrites & Axon Complete	Neurolucida	Not applicable	36038626	10.1038/s41598-022-18884-4	http://neuromorpho.org/api/morphometry/id/259466	112_1	39.3856	0.49232	3.0	3.0	9.0	93.0587	81.6864	0.0	0.05	87.7172	128.028	3.0	0.954482	133.0	0.666667	2.0	91.1218	1.01646	333.16	78.2703	250.736	False	True	True	True	True	0.03589432710101462
dentate_gyrus	DG_rat_sample	259467	209_2_b	Rodrigues	rat	Wistar	hippocampus;dentate gyrus;granule layer	principal cell;granule	embryonic	Day	18.0	18.0	Not reported	Control	culture	Dendrites, Soma, No Axon	No Diameter, 2D, Angles	Dendrites Complete	Neurolucida	Not applicable	36038626	10.1038/s41598-022-18884-4	http://neuromorpho.org/api/morphometry/id/259467	209_2_b	20.7452	0.466768	2.0	0.0	2.0	16.7717	62.9598	0.0	0.09	40.4526	44.0898	0.0	0.943594	28.0	0.0	0.0	0.0	1.01008	275.27	0.0	73.3712	True	True	True	True	True	0.027258651896111825
dentate_gyrus	DG_rat_sample	259468	548	Rodrigues	rat	Wistar	hippocampus;dentate gyrus;granule layer	principal cell;granule	embryonic	Day	18.0	18.0	Not reported	SCH58261 incubation	culture	Dendrites, Soma, Axon	No Diameter, 2D, Angles	Dendrites & Axon Complete	Neurolucida	Not applicable	36038626	10.1038/s41598-022-18884-4	http://neuromorpho.org/api/morphometry/id/259468	548	33.3848	0.41731	5.0	4.0	13.0	83.2467	82.2526	0.0	0.05	96.2865	105.302	3.0	0.975397	86.0	0.5	2.0	71.9003	1.01234	251.384	75.5055	212.534	False	True	True	True	True	0.061166683918808286
dentate_gyrus	DG_rat_sample	259469	413	Rodrigues	rat	Wistar	hippocampus;dentate gyrus;granule layer	principal cell;granule	embryonic	Day	18.0	18.0	Not reported	SCH58261 incubation	culture	No Dendrites, Soma, Axon	No Diameter, 2D, Angles	Axon Complete	Neurolucida	Not applicable	36038626	10.1038/s41598-022-18884-4	http://neuromorpho.org/api/morphometry/id/259469	413	34.6479	0.433099	1.0	4.0	9.0	106.429	45.1179	0.0	0.05	91.2596	123.233	3.0	0.967227	90.0	0.25	2.0	49.8096	1.00815	373.159	57.3494	220.576	False	True	True	True	True	0.04080226316553025
dentate_gyrus	DG_rat_sample	259470	17_73_b	Rodrigues	rat	Wistar	hippocampus;dentate gyrus;granule layer	principal cell;granule	embryonic	Day	18.0	18.0	Not reported	Control	culture	Dendrites, Soma, No Axon	No Diameter, 2D, Angles	Dendrites Complete	Neurolucida	Not applicable	36038626	10.1038/s41598-022-18884-4	http://neuromorpho.org/api/morphometry/id/259470	17_73_b	5.30435	0.0530435	2.0	2.0	6.0	8.58579	24.5318	0.0	0.04	18.2267	19.4593	2.0	0.991582	23.0	0.5	2.0	54.7136	1.00644	213.172	62.6626	42.2107	True	True	True	True	True	0.1421440535219743
dentate_gyrus	DG_rat_sample	259471	14_105_b	Rodrigues	rat	Wistar	hippocampus;dentate gyrus;granule layer	principal cell;granule	embryonic	Day	18.0	18.0	Not reported	SCH58261 incubation	culture	Dendrites, Soma, No Axon	No Diameter, 2D, Angles	Dendrites Complete	Neurolucida	Not applicable	36038626	10.1038/s41598-022-18884-4	http://neuromorpho.org/api/morphometry/id/259471	14_105_b	3.52849	0.0264637	2.0	1.0	4.0	8.09256	30.5499	0.0	0.03	22.4228	24.9571	1.0	0.976878	23.0	0.0	2.0	59.0213	1.00938	163.262	59.0213	37.4385	False	True	True	True	True	0.10684188736194025
dentate_gyrus	DG_rat_sample	259472	03_c	Rodrigues	rat	Wistar	hippocampus;dentate gyrus;granule layer	principal cell;granule	embryonic	Day	18.0	18.0	Not reported	CGS21680 incubation	culture	Dendrites, Soma, No Axon	No Diameter, 2D, Angles	Dendrites Complete	Neurolucida	Not applicable	36038626	10.1038/s41598-022-18884-4	http://neuromorpho.org/api/morphometry/id/259472	03_c	9.31891	0.116486	3.0	0.0	3.0	14.5863	43.8599	0.0	0.05	26.108	26.9176	0.0	0.970492	24.0	0.0	0.0	0.0	1.00737	249.275	0.0	59.326	False	True	True	True	True	0.05056804773623706
dentate_gyrus	DG_rat_sample	259473	303_a	Rodrigues	rat	Wistar	hippocampus;dentate gyrus;granule layer	principal cell;granule	embryonic	Day	18.0	18.0	Not reported	CGS21680 incubation	culture	Dendrites, Soma, Axon	No Diameter, 2D, Angles	Dendrites & Axon Complete	Neurolucida	Not applicable	36038626	10.1038/s41598-022-18884-4	http://neuromorpho.org/api/morphometry/id/259473	303_a	89.5998	1.344	3.0	9.0	21.0	185.968	164.254	0.0	0.06	213.158	238.547	5.0	0.968035	194.0	0.444444	2.0	87.7482	1.00773	510.083	77.6726	475.342	False	True	True	True	True	0.04417871763908933
dentate_gyrus	DG_rat_sample	259474	525_e	Rodrigues	rat	Wistar	hippocampus;dentate gyrus;granule layer	principal cell;granule	embryonic	Day	18.0	18.0	Not reported	SCH58261 incubation	culture	Dendrites, Soma, No Axon	No Diameter, 2D, Angles	Dendrites Complete	Neurolucida	Not applicable	36038626	10.1038/s41598-022-18884-4	http://neuromorpho.org/api/morphometry/id/259474	525_e	12.9221	0.193831	2.0	0.0	2.0	4.86404	67.4293	0.0	0.06	48.7187	48.8954	0.0	0.990694	14.0	0.0	0.0	0.0	1.00178	153.4	0.0	68.5536	False	True	True	True	True	0.029174251972179432
dentate_gyrus	DG_rat_sample	259475	103_4_b	Rodrigues	rat	Wistar	hippocampus;dentate gyrus;granule layer	principal cell;granule	embryonic	Day	18.0	18.0	Not reported	CGS21680 incubation	culture	Dendrites, Soma, Axon	No Diameter, 2D, Angles	Dendrites & Axon Complete	Neurolucida	Not applicable	36038626	10.1038/s41598-022-18884-4	http://neuromorpho.org/api/morphometry/id/259475	103_4_b	48.3775	0.846607	3.0	1.0	5.0	44.6164	52.6276	0.0	0.07	46.5815	133.593	1.0	0.796494	85.0	0.0	2.0	78.6462	1.06095	284.211	65.3722	219.986	False	True	True	True	True	0.022728719100306383
dentate_gyrus	DG_rat_sample	259476	115_3_b	Rodrigues	rat	Wistar	hippocampus;dentate gyrus;granule layer	principal cell;granule	embryonic	Day	18.0	18.0	Not reported	Control	culture	Dendrites, Soma, No Axon	No Diameter, 2D, Angles	Dendrites Complete	Neurolucida	Not applicable	36038626	10.1038/s41598-022-18884-4	http://neuromorpho.org/api/morphometry/id/259476	115_3_b	12.0658	0.120658	5.0	1.0	7.0	27.3581	30.5681	0.0	0.04	18.9465	19.9602	1.0	0.953919	62.0	0.0	2.0	41.2103	1.01132	194.945	64.1566	96.017	True	True	True	True	True	0.07290375662643074
dentate_gyrus	DG_rat_sample	259477	09_f	Rodrigues	rat	Wistar	hippocampus;dentate gyrus;granule layer	principal cell;granule	embryonic	Day	18.0	18.0	Not reported	CGS21680 incubation	culture	Dendrites, Soma, No Axon	No Diameter, 2D, Angles	Dendrites Complete	Neurolucida	Not applicable	36038626	10.1038/s41598-022-18884-4	http://neuromorpho.org/api/morphometry/id/259477	09_f	11.1312	0.222624	2.0	0.0	2.0	7.54976	36.2705	0.0	0.08	23.8272	30.9081	0.0	0.875098	15.0	0.0	0.0	0.0	1.04622	272.282	0.0	44.2896	False	True	True	True	True	0.04515732813120913
dentate_gyrus	DG_rat_sample	259478	105_2	Rodrigues	rat	Wistar	hippocampus;dentate gyrus;granule layer	principal cell;granule	embryonic	Day	18.0	18.0	Not reported	SCH58261 incubation	culture	Dendrites, Soma, No Axon	No Diameter, 2D, Angles	Dendrites Complete	Neurolucida	Not applicable	36038626	10.1038/s41598-022-18884-4	http://neuromorpho.org/api/morphometry/id/259478	105_2	5.98141	0.0598141	2.0	1.0	4.0	7.44416	37.0913	0.0	0.04	20.3244	21.2379	1.0	0.98683	19.0	0.0	2.0	60.4976	1.00931	188.099	61.0355	47.5985	False	True	True	True	True	0.08403626164690063
dentate_gyrus	DG_rat_sample	259479	430	Rodrigues	rat	Wistar	hippocampus;dentate gyrus;granule layer	principal cell;granule	embryonic	Day	18.0	18.0	Not reported	SCH58261 incubation	culture	Dendrites, Soma, No Axon	No Diameter, 2D, Angles	Dendrites Complete	Neurolucida	Not applicable	36038626	10.1038/s41598-022-18884-4	http://neuromorpho.org/api/morphometry/id/259479	430	9.03904	0.112988	4.0	0.0	4.0	17.8281	26.8189	0.0	0.05	16.7684	17.2286	0.0	0.982212	29.0	0.0	0.0	0.0	1.00502	258.379	0.0	57.5443	False	True	True	True	True	0.06951166318818719
dentate_gyrus	DG_rat_sample	259480	108_1	Rodrigues	rat	Wistar	hippocampus;dentate gyrus;granule layer	principal cell;granule	embryonic	Day	18.0	18.0	Not reported	SCH58261 incubation	culture	Dendrites, Soma, No Axon	No Diameter, 2D, Angles	Dendrites Complete	Neurolucida	Not applicable	36038626	10.1038/s41598-022-18884-4	http://neuromorpho.org/api/morphometry/id/259480	108_1	19.5323	0.244153	5.0	2.0	9.0	20.9176	42.44	0.0	0.05	26.2823	27.0704	1.0	0.970616	64.0	0.0	2.0	77.5489	1.01073	296.821	66.9596	124.346	False	True	True	True	True	0.07237868528139224
dentate_gyrus	DG_rat_sample	259481	108_2	Rodrigues	rat	Wistar	hippocampus;dentate gyrus;granule layer	principal cell;granule	embryonic	Day	18.0	18.0	Not reported	Control	culture	Dendrites, Soma, Axon	No Diameter, 2D, Angles	Dendrites & Axon Complete	Neurolucida	Not applicable	36038626	10.1038/s41598-022-18884-4	http://neuromorpho.org/api/morphometry/id/259481	108_2	40.4578	0.303433	5.0	5.0	15.0	187.831	119.489	0.0	0.03	193.268	217.138	5.0	0.958511	287.0	0.8	2.0	66.3301	1.01405	356.256	50.4163	429.27	True	True	True	True	True	0.034943042840170524
dentate_gyrus	DG_rat_sample	259482	103_6_a	Rodrigues	rat	Wistar	hippocampus;dentate gyrus;granule layer	principal cell;granule	embryonic	Day	18.0	18.0	Not reported	Control	culture	Dendrites, Soma, Axon	No Diameter, 2D, Angles	Dendrites & Axon Complete	Neurolucida	Not applicable	36038626	10.1038/s41598-022-18884-4	http://neuromorpho.org/api/morphometry/id/259482	103_6_a	75.064	1.31362	3.0	9.0	21.0	128.093	134.352	0.0	0.07	152.459	192.918	4.0	0.979981	124.0	0.466667	2.0	64.4148	1.01136	517.287	58.9426	341.337	True	True	True	True	True	0.06152277661079813
dentate_gyrus	DG_rat_sample	259483	Rodrigues_40	Rodrigues	rat	Wistar	hippocampus;dentate gyrus;granule layer	principal cell;granule	embryonic	Day	18.0	18.0	Not reported	Control	culture	Dendrites, Soma, Axon	No Diameter, 2D, Angles	Dendrites & Axon Complete	Neurolucida	Not applicable	36038626	10.1038/s41598-022-18884-4	http://neuromorpho.org/api/morphometry/id/259483	Rodrigues_40	97.6321	1.2204	3.0	3.0	9.0	280.254	188.407	0.0	0.05	319.857	400.971	2.0	0.927472	257.0	0.333333	2.0	87.2464	1.01924	393.141	32.3825	621.546	True	True	True	True	True	0.01448002239576797
dentate_gyrus	DG_rat_sample	259484	44_b	Rodrigues	rat	Wistar	hippocampus;dentate gyrus;granule layer	principal cell;granule	embryonic	Day	18.0	18.0	Not reported	Control	culture	Dendrites, Soma, No Axon	No Diameter, 2D, Angles	Dendrites Complete	Neurolucida	Not applicable	36038626	10.1038/s41598-022-18884-4	http://neuromorpho.org/api/morphometry/id/259484	44_b	4.4275	0.0332062	2.0	0.0	2.0	9.09361	34.4009	0.0	0.03	24.3521	26.5819	0.0	0.920825	27.0	0.0	0.0	0.0	1.01012	195.301	0.0	46.9772	True	True	True	True	True	0.042573844332995575
dentate_gyrus	DG_rat_sample	259485	02_6	Rodrigues	rat	Wistar	hippocampus;dentate gyrus;granule layer	principal cell;granule	embryonic	Day	18.0	18.0	Not reported	SCH58261 incubation	culture	Dendrites, Soma, No Axon	No Diameter, 2D, Angles	Dendrites Complete	Neurolucida	Not applicable	36038626	10.1038/s41598-022-18884-4	http://neuromorpho.org/api/morphometry/id/259485	02_6	4.78963	0.0598704	1.0	1.0	3.0	8.74862	23.143	0.0	0.05	23.8754	25.499	1.0	0.987162	12.0	0.0	2.0	75.5395	1.00515	240.536	84.701	30.4917	False	True	True	True	True	0.09838743002194039
dentate_gyrus	DG_rat_sample	259486	19_68_b	Rodrigues	rat	Wistar	hippocampus;dentate gyrus;granule layer	principal cell;granule	embryonic	Day	18.0	18.0	Not reported	SCH58261 incubation	culture	Dendrites, Soma, No Axon	No Diameter, 2D, Angles	Dendrites Complete	Neurolucida	Not applicable	36038626	10.1038/s41598-022-18884-4	http://neuromorpho.org/api/morphometry/id/259486	19_68_b	3.14178	0.0314178	2.0	0.0	2.0	3.88419	23.0	0.0	0.04	16.0778	16.2678	0.0	0.9928	13.0	0.0	0.0	0.0	1.00218	139.947	0.0	25.0015	False	True	True	True	True	0.07999520028798272
dentate_gyrus	DG_rat_sample	4506	n29-r01-03-sl3	Garcia-Cairasco	rat	Wistar	hippocampus;dentate gyrus	adult-born;granule;principal cell	adult	Day	42.0	49.0	Male	pilocarpine treated	in vitro	Dendrites, Soma, No Axon	Diameter, 3D, Angles	Dendrites Moderate	Neurolucida	60	17662262	10.1016/j.brainres.2007.06.037	http://neuromorpho.org/api/morphometry/id/4506	n29-r01-03-sl3	990.4	263.59	2.0	9.0	20.0	35.92	110.8	5.0	0.75	116.37	131.88	7.0	0.89	358.0	0.58	1.27	75.99	1.03961	246.85	36.61	400.11	False	True	True	True	True	0.04998625378021044
dentate_gyrus	DG_rat_sample	4507	n30-r01-03-sl3	Garcia-Cairasco	rat	Wistar	hippocampus;dentate gyrus	adult-born;granule;principal cell	adult	Day	42.0	49.0	Male	pilocarpine treated	in vitro	Dendrites, Soma, No Axon	Diameter, 3D, Angles	Dendrites Moderate	Neurolucida	60	17662262	10.1016/j.brainres.2007.06.037	http://neuromorpho.org/api/morphometry/id/4507	n30-r01-03-sl3	1725.33	360.58	2.0	11.0	24.0	115.55	127.16	10.93	0.69	151.41	168.8	5.0	0.89	646.0	0.31	1.25	55.04	1.03532	282.04	28.57	767.49	False	True	True	True	True	0.03127076574287613
dentate_gyrus	DG_rat_sample	4508	n31-r05-01-sl1	Garcia-Cairasco	rat	Wistar	hippocampus;dentate gyrus	adult-born;granule;principal cell	adult	Day	42.0	49.0	Male	pilocarpine treated	in vitro	Dendrites, Soma, No Axon	Diameter, 3D, Angles	Dendrites Moderate	Neurolucida	60	17662262	10.1016/j.brainres.2007.06.037	http://neuromorpho.org/api/morphometry/id/4508	n31-r05-01-sl1	2122.09	534.07	3.0	11.0	25.0	93.39	155.47	11.16	0.78	181.08	203.58	5.0	0.89	724.0	0.65	1.38	76.62	1.04559	270.21	51.07	811.83	False	True	True	True	True	0.030794624490348962
dentate_gyrus	DG_rat_sample	4509	n32-r05-01-sl4	Garcia-Cairasco	rat	Wistar	hippocampus;dentate gyrus	adult-born;granule;principal cell	adult	Day	42.0	49.0	Male	pilocarpine treated	in vitro	Dendrites, Soma, No Axon	Diameter, 3D, Angles	Dendrites Moderate	Neurolucida	60	17662262	10.1016/j.brainres.2007.06.037	http://neuromorpho.org/api/morphometry/id/4509	n32-r05-01-sl4	1394.11	371.91	3.0	6.0	15.0	54.54	197.54	6.24	0.73	140.46	155.38	4.0	0.87	506.0	0.41	1.13	69.55	1.02	214.07	43.2	562.65	False	True	True	True	True	0.026659557451346308
dentate_gyrus	DG_rat_sample	4510	n33-r05-01-sl4	Garcia-Cairasco	rat	Wistar	hippocampus;dentate gyrus	adult-born;granule;principal cell	adult	Day	42.0	49.0	Male	pilocarpine treated	in vitro	Dendrites, Soma, No Axon	Diameter, 3D, Angles	Dendrites Moderate	Neurolucida	60	17662262	10.1016/j.brainres.2007.06.037	http://neuromorpho.org/api/morphometry/id/4510	n33-r05-01-sl4	1827.94	467.91	2.0	8.0	18.0	97.62	220.59	10.46	0.76	222.24	243.79	5.0	0.88	643.0	0.33	1.13	81.28	1.04621	291.17	36.37	714.54	False	True	True	True	True	0.02519103199261063
dentate_gyrus	DG_rat_sample	4511	n34-r05-03-sl1	Garcia-Cairasco	rat	Wistar	hippocampus;dentate gyrus	adult-born;granule;principal cell	adult	Day	42.0	49.0	Male	pilocarpine treated	in vitro	Dendrites, Soma, Axon	Diameter, 3D, Angles	Dendrites Moderate, Axon Incomplete	Neurolucida	60	17662262	10.1016/j.brainres.2007.06.037	http://neuromorpho.org/api/morphometry/id/4511	n34-r05-03-sl1	2071.02	497.7	3.0	14.0	31.0	80.41	175.48	7.93	0.67	171.76	203.39	6.0	0.86	986.0	0.4	1.14	67.46	1.05152	319.48	42.36	929.13	False	True	True	True	True	0.03336454532734924
dentate_gyrus	DG_rat_sample	4512	n35-r05-03-sl1	Garcia-Cairasco	rat	Wistar	hippocampus;dentate gyrus	adult-born;granule;principal cell	adult	Day	42.0	49.0	Male	pilocarpine treated	in vitro	Dendrites, Soma, No Axon	Diameter, 3D, Angles	Dendrites Moderate	Neurolucida	60	17662262	10.1016/j.brainres.2007.06.037	http://neuromorpho.org/api/morphometry/id/4512	n35-r05-03-sl1	1538.9	479.9	3.0	6.0	15.0	71.19	155.45	8.06	0.79	136.68	165.01	4.0	0.88	480.0	0.53	1.1	68.94	1.02	330.34	34.06	570.8	False	True	True	True	True	0.026278906797477228
dentate_gyrus	DG_rat_sample	4513	n36-r06-05-sl3	Garcia-Cairasco	rat	Wistar	hippocampus;dentate gyrus	adult-born;granule;principal cell	adult	Day	42.0	49.0	Male	pilocarpine treated	in vitro	Dendrites, Soma, No Axon	Diameter, 3D, Angles	Dendrites Moderate	Neurolucida	60	17662262	10.1016/j.brainres.2007.06.037	http://neuromorpho.org/api/morphometry/id/4513	n36-r06-05-sl3	1230.36	371.73	2.0	7.0	16.0	94.12	143.43	4.99	0.72	98.05	115.31	4.0	0.87	413.0	0.45	1.18	71.48	1.04	209.94	46.5	488.99	False	True	True	True	True	0.03272050553181047
dentate_gyrus	DG_rat_sample	4514	n37-r06-09-sl4	Garcia-Cairasco	rat	Wistar	hippocampus;dentate gyrus	adult-born;granule;principal cell	adult	Day	42.0	49.0	Male	pilocarpine treated	in vitro	Dendrites, Soma, No Axon	Diameter, 3D, Angles	Dendrites Moderate	Neurolucida	60	17662262	10.1016/j.brainres.2007.06.037	http://neuromorpho.org/api/morphometry/id/4514	n37-r06-09-sl4	1490.48	343.56	2.0	8.0	18.0	54.0	166.09	5.16	0.68	162.51	187.33	5.0	0.87	553.0	0.49	1.41	52.16	1.04621	274.41	33.94	655.9	False	True	True	True	True	0.027443207806067998
dentate_gyrus	DG_rat_sample	4515	n38-r06-09-sl4	Garcia-Cairasco	rat	Wistar	hippocampus;dentate gyrus	adult-born;granule;principal cell	adult	Day	42.0	49.0	Male	pilocarpine treated	in vitro	Dendrites, Soma, No Axon	Diameter, 3D, Angles	Dendrites Moderate	Neurolucida	60	17662262	10.1016/j.brainres.2007.06.037	http://neuromorpho.org/api/morphometry/id/4515	n38-r06-09-sl4	1748.75	365.66	3.0	10.0	23.0	71.59	176.37	13.64	0.71	180.17	216.53	6.0	0.88	672.0	0.57	1.29	75.5	1.02	313.2	46.88	762.52	False	True	True	True	True	0.030163143261816083
dentate_gyrus	DG_rat_sample	4516	n39-r06-06-sl2	Garcia-Cairasco	rat	Wistar	hippocampus;dentate gyrus	adult-born;granule;principal cell	adult	Day	42.0	49.0	Male	pilocarpine treated	in vitro	Dendrites, Soma, No Axon	Diameter, 3D, Angles	Dendrites Moderate	Neurolucida	60	17662262	10.1016/j.brainres.2007.06.037	http://neuromorpho.org/api/morphometry/id/4516	n39-r06-06-sl2	1496.46	292.47	3.0	10.0	23.0	29.88	150.36	9.11	0.69	114.76	133.22	5.0	0.89	566.0	0.65	1.33	59.89	1.03949	196.14	26.86	662.66	False	True	True	True	True	0.03470859867805511
dentate_gyrus	DG_rat_sample	4517	n40-r01-02-sl4	Garcia-Cairasco	rat	Wistar	hippocampus;dentate gyrus	adult-born;granule;principal cell	adult	Day	42.0	49.0	Male	pilocarpine treated	in vitro	Dendrites, Soma, No Axon	Diameter, 3D, Angles	Dendrites Moderate	Neurolucida	60	17662262	10.1016/j.brainres.2007.06.037	http://neuromorpho.org/api/morphometry/id/4517	n40-r01-02-sl4	1376.9	311.45	3.0	5.0	13.0	55.7	148.84	14.81	0.7	145.97	168.19	4.0	0.89	480.0	0.5	1.41	56.28	1.0365	213.21	25.44	589.5	False	True	True	True	True	0.02205258693808312
dentate_gyrus	DG_rat_sample	455	3319201	Claiborne	rat	Sprague-Dawley	hippocampus;dentate gyrus	granule;principal cell	adult	Day	49.0	49.0	Male	Control	in vitro	Dendrites, Soma, No Axon	No Diameter, 3D, Angles	Dendrites Complete	Custom	400	9307106	10.1152/jn.1997.78.2.703	http://neuromorpho.org/api/morphometry/id/455	3319201	26623.6	11790.1	2.0	18.0	38.0	414.96	287.68	198.97	1.68	396.76	543.87	6.0	0.82	1249.0	0.38	1.85	64.55	1.05	205.56	36.67	4954.47	True	True	True	True	True	0.007669841577403839
dentate_gyrus	DG_rat_sample	456	3319202	Claiborne	rat	Sprague-Dawley	hippocampus;dentate gyrus	granule;principal cell	adult	Day	49.0	49.0	Male	Control	in vitro	Dendrites, Soma, No Axon	No Diameter, 3D, Angles	Dendrites Complete	Custom	400	9307106	10.1152/jn.1997.78.2.703	http://neuromorpho.org/api/morphometry/id/456	3319202	24409.3	11938.1	1.0	15.0	31.0	254.71	421.48	146.91	1.81	487.28	543.1	5.0	0.93	722.0	0.45	1.71	35.67	1.01474	96.12	26.23	4258.43	True	True	True	True	True	0.00727967819125828
dentate_gyrus	DG_rat_sample	457	4239204	Claiborne	rat	Sprague-Dawley	hippocampus;dentate gyrus	granule;principal cell	adult	Day	47.0	47.0	Female	Control	in vitro	Dendrites, Soma, No Axon	No Diameter, 3D, Angles	Dendrites Complete	Custom	400	9307106	10.1152/jn.1997.78.2.703	http://neuromorpho.org/api/morphometry/id/457	4239204	28707.2	12850.6	2.0	13.0	28.0	432.1	498.69	122.91	1.68	597.77	659.43	5.0	0.92	937.0	0.28	1.86	59.99	1.02	89.76	30.25	5374.98	True	True	True	True	True	0.0052093217091040344
dentate_gyrus	DG_rat_sample	458	4299202	Claiborne	rat	Sprague-Dawley	hippocampus;dentate gyrus	granule;principal cell	adult	Day	53.0	53.0	Female	Control	in vitro	Dendrites, Soma, No Axon	No Diameter, 3D, Angles	Dendrites Complete	Custom	400	9307106	10.1152/jn.1997.78.2.703	http://neuromorpho.org/api/morphometry/id/458	4299202	24476.0	10147.6	1.0	18.0	37.0	426.55	301.92	158.59	1.6	395.26	453.74	7.0	0.92	999.0	0.41	1.75	55.12	1.02	93.37	38.01	4818.47	True	True	True	True	True	0.007678786004686134
dentate_gyrus	DG_rat_sample	459	5199202	Claiborne	rat	Sprague-Dawley	hippocampus;dentate gyrus	granule;principal cell	adult	Day	54.0	54.0	Male	Control	in vitro	Dendrites, Soma, No Axon	No Diameter, 3D, Angles	Dendrites Complete	Custom	400	9307106	10.1152/jn.1997.78.2.703	http://neuromorpho.org/api/morphometry/id/459	5199202	23806.7	9087.67	1.0	18.0	37.0	278.91	397.04	223.54	1.51	467.49	503.6	7.0	0.93	1134.0	0.45	1.87	52.22	1.01709	56.1	27.78	5004.35	True	True	True	True	True	0.007393567596191313
dentate_gyrus	DG_rat_sample	460	1208875	Claiborne	rat	Sprague-Dawley	hippocampus;dentate gyrus	granule;principal cell	adult	Day	46.0	46.0	Female	Control	in vitro	Dendrites, Soma, No Axon	No Diameter, 3D, Angles	Dendrites Complete	Custom	400	2364540	10.1016/0165-3806(90)90071-6	http://neuromorpho.org/api/morphometry/id/460	1208875	16272.3	5070.22	1.0	18.0	37.0	301.65	326.61	143.97	1.21	367.16	466.63	7.0	0.9	762.0	0.38	1.88	57.75	1.02	55.74	24.99	4198.64	True	True	True	True	True	0.008812377341234304
dentate_gyrus	DG_rat_sample	461	1220882a	Claiborne	rat	Sprague-Dawley	hippocampus;dentate gyrus	granule;principal cell	adult	Day	22.0	22.0	Male	Control	in vitro	Dendrites, Soma, No Axon	No Diameter, 3D, Angles	Dendrites Complete	Custom	400	2364540	10.1016/0165-3806(90)90071-6	http://neuromorpho.org/api/morphometry/id/461	1220882a	19055.5	9065.2	1.0	16.0	33.0	262.8	231.39	137.41	1.85	332.89	354.02	5.0	0.95	458.0	0.26	1.84	41.85	1.00892	46.23	30.37	3273.57	True	True	True	True	True	0.010080737543415904
dentate_gyrus	DG_rat_sample	462	1220882b	Claiborne	rat	Sprague-Dawley	hippocampus;dentate gyrus	granule;principal cell	adult	Day	22.0	22.0	Male	Control	in vitro	Dendrites, Soma, No Axon	No Diameter, 3D, Angles	Dendrites Complete	Custom	400	2364540	10.1016/0165-3806(90)90071-6	http://neuromorpho.org/api/morphometry/id/462	1220882b	18967.2	9317.41	2.0	16.0	34.0	429.28	216.9	132.69	1.91	318.72	355.13	5.0	0.93	430.0	0.31	1.74	68.9	1.01865	42.04	50.71	3149.76	True	True	True	True	True	0.01079447322970639
dentate_gyrus	DG_rat_sample	463	1220883	Claiborne	rat	Sprague-Dawley	hippocampus;dentate gyrus	granule;principal cell	adult	Day	22.0	22.0	Male	Control	in vitro	Dendrites, Soma, No Axon	No Diameter, 3D, Angles	Dendrites Complete	Custom	400	2364540	10.1016/0165-3806(90)90071-6	http://neuromorpho.org/api/morphometry/id/463	1220883	19656.5	9083.54	2.0	17.0	36.0	223.88	261.27	142.77	1.82	315.52	341.55	5.0	0.96	562.0	0.43	1.92	47.57	1.00953	104.37	31.38	3412.34	True	True	True	True	True	0.010549945198895771
dentate_gyrus	DG_rat_sample	464	124893a	Claiborne	rat	Sprague-Dawley	hippocampus;dentate gyrus	granule;principal cell	young	Day	14.0	14.0	Female	Control	in vitro	Dendrites, Soma, No Axon	No Diameter, 3D, Angles	Dendrites Complete	Custom	400	2364540	10.1016/0165-3806(90)90071-6	http://neuromorpho.org/api/morphometry/id/464	124893a	15392.4	7354.15	3.0	14.0	31.0	303.03	199.42	120.16	1.87	274.42	305.2	4.0	0.95	351.0	0.42	1.94	53.32	1.01524	113.0	33.41	2615.79	True	True	True	True	True	0.011851104255311015
dentate_gyrus	DG_rat_sample	465	124893b	Claiborne	rat	Sprague-Dawley	hippocampus;dentate gyrus	granule;principal cell	young	Day	14.0	14.0	Female	Control	in vitro	Dendrites, Soma, No Axon	No Diameter, 3D, Angles	Dendrites Complete	Custom	400	2364540	10.1016/0165-3806(90)90071-6	http://neuromorpho.org/api/morphometry/id/465	124893b	17934.5	8410.98	2.0	14.0	30.0	392.42	230.81	111.51	1.82	340.11	369.02	5.0	0.94	401.0	0.48	1.86	59.13	1.00757	94.96	39.53	3107.03	True	True	True	True	True	0.009655523120150111
dentate_gyrus	DG_rat_sample	466	124894	Claiborne	rat	Sprague-Dawley	hippocampus;dentate gyrus	granule;principal cell	young	Day	14.0	14.0	Female	Control	in vitro	Dendrites, Soma, No Axon	No Diameter, 3D, Angles	Dendrites Complete	Custom	400	2364540	10.1016/0165-3806(90)90071-6	http://neuromorpho.org/api/morphometry/id/466	124894	17583.8	8087.08	2.0	21.0	44.0	425.67	183.09	125.65	1.8	315.61	362.05	6.0	0.92	457.0	0.4	1.86	56.35	1.01946	56.7	40.98	3084.81	True	True	True	True	True	0.014263439239369687
dentate_gyrus	DG_rat_sample	467	404881	Claiborne	rat	Sprague-Dawley	hippocampus;dentate gyrus	granule;principal cell	adult	Day	49.0	49.0	Male	Control	in vitro	Dendrites, Soma, No Axon	No Diameter, 3D, Angles	Dendrites Complete	Custom	400	2364540	10.1016/0165-3806(90)90071-6	http://neuromorpho.org/api/morphometry/id/467	404881	16613.9	7695.9	1.0	14.0	29.0	338.4	291.15	87.18	1.82	352.4	379.3	6.0	0.93	381.0	0.33	2.07	45.29	1.02002	24.56	35.31	2877.33	True	True	True	True	True	0.010078788321117147
dentate_gyrus	DG_rat_sample	468	410884	Claiborne	rat	Sprague-Dawley	hippocampus;dentate gyrus	granule;principal cell	adult	Day	38.0	38.0	Female	Control	in vitro	Dendrites, Soma, No Axon	No Diameter, 3D, Angles	Dendrites Complete	Custom	400	2364540	10.1016/0165-3806(90)90071-6	http://neuromorpho.org/api/morphometry/id/468	410884	22439.5	11187.2	3.0	14.0	31.0	385.99	267.52	118.49	1.94	356.27	369.72	4.0	0.95	446.0	0.39	1.74	44.89	1.0113	107.49	29.02	3646.24	True	True	True	True	True	0.008501908815656677
dentate_gyrus	DG_rat_sample	469	410885	Claiborne	rat	Sprague-Dawley	hippocampus;dentate gyrus	granule;principal cell	adult	Day	37.0	37.0	Female	Control	in vitro	Dendrites, Soma, No Axon	No Diameter, 3D, Angles	Dendrites Complete	Custom	400	2364540	10.1016/0165-3806(90)90071-6	http://neuromorpho.org/api/morphometry/id/469	410885	17325.2	6266.97	3.0	14.0	31.0	333.92	265.38	228.51	1.35	354.77	442.73	4.0	0.88	798.0	0.29	1.67	81.16	1.02	32.56	39.16	3958.93	True	True	True	True	True	0.007830398617808347
dentate_gyrus	DG_rat_sample	470	411883	Claiborne	rat	Sprague-Dawley	hippocampus;dentate gyrus	granule;principal cell	adult	Day	38.0	38.0	Female	Control	in vitro	Dendrites, Soma, No Axon	No Diameter, 3D, Angles	Dendrites Complete	Custom	400	2364540	10.1016/0165-3806(90)90071-6	http://neuromorpho.org/api/morphometry/id/470	411883	15008.3	6698.62	1.0	11.0	23.0	359.68	251.03	124.99	1.78	322.17	359.22	6.0	0.93	390.0	0.5	1.98	48.76	1.01661	113.38	43.65	2677.49	True	True	True	True	True	0.008590134790419385
dentate_gyrus	DG_rat_sample	471	411884a	Claiborne	rat	Sprague-Dawley	hippocampus;dentate gyrus	granule;principal cell	adult	Day	38.0	38.0	Female	Control	in vitro	Dendrites, Soma, No Axon	No Diameter, 3D, Angles	Dendrites Complete	Custom	400	2364540	10.1016/0165-3806(90)90071-6	http://neuromorpho.org/api/morphometry/id/471	411884a	19824.09	9413.31	1.0	16.0	33.0	202.22	307.2	135.19	1.86	349.01	386.73	7.0	0.92	548.0	0.54	1.86	40.61	1.02319	72.97	31.65	3372.62	True	True	True	True	True	0.0097846777875954
dentate_gyrus	DG_rat_sample	472	411884b	Claiborne	rat	Sprague-Dawley	hippocampus;dentate gyrus	granule;principal cell	adult	Day	38.0	38.0	Female	Control	in vitro	Dendrites, Soma, No Axon	No Diameter, 3D, Angles	Dendrites Complete	Custom	400	2364540	10.1016/0165-3806(90)90071-6	http://neuromorpho.org/api/morphometry/id/472	411884b	20889.59	10602.5	2.0	15.0	32.0	188.45	278.6	146.44	1.99	336.98	377.11	5.0	0.93	420.0	0.37	1.9	39.18	1.01605	251.49	34.07	3320.75	True	True	True	True	True	0.009636377324399608
dentate_gyrus	DG_rat_sample	473	418882	Claiborne	rat	Sprague-Dawley	hippocampus;dentate gyrus	granule;principal cell	adult	Day	45.0	45.0	Male	Control	in vitro	Dendrites, Soma, No Axon	No Diameter, 3D, Angles	Dendrites Complete	Custom	400	2364540	10.1016/0165-3806(90)90071-6	http://neuromorpho.org/api/morphometry/id/473	418882	16780.5	9710.1	1.0	11.0	23.0	376.8	304.63	75.39	2.13	378.31	404.31	6.0	0.96	304.0	0.48	1.73	44.31	1.01142	73.52	29.02	2474.87	True	True	True	True	True	0.009293417432026734
dentate_gyrus	DG_rat_sample	474	418883	Claiborne	rat	Sprague-Dawley	hippocampus;dentate gyrus	granule;principal cell	adult	Day	45.0	45.0	Male	Control	in vitro	Dendrites, Soma, No Axon	No Diameter, 3D, Angles	Dendrites Complete	Custom	400	2364540	10.1016/0165-3806(90)90071-6	http://neuromorpho.org/api/morphometry/id/474	418883	23309.9	10604.5	3.0	13.0	29.0	402.79	275.18	173.16	1.81	370.74	404.66	5.0	0.92	503.0	0.31	1.98	41.62	1.01449	107.01	33.55	4087.57	True	True	True	True	True	0.00709467972413928
dentate_gyrus	DG_rat_sample	475	428883	Claiborne	rat	Sprague-Dawley	hippocampus;dentate gyrus	granule;principal cell	adult	Day	48.0	48.0	Female	Control	in vitro	Dendrites, Soma, No Axon	No Diameter, 3D, Angles	Dendrites Complete	Custom	400	2364540	10.1016/0165-3806(90)90071-6	http://neuromorpho.org/api/morphometry/id/475	428883	21716.1	10600.6	2.0	14.0	30.0	283.71	312.65	121.11	1.9	390.57	415.8	4.0	0.96	419.0	0.32	1.7	31.94	1.01161	130.4	25.83	3606.24	True	True	True	True	True	0.008318913882603488
dentate_gyrus	DG_rat_sample	476	512882	Claiborne	rat	Sprague-Dawley	hippocampus;dentate gyrus	granule;principal cell	adult	Day	197.0	197.0	Female	Control	in vitro	Dendrites, Soma, No Axon	No Diameter, 3D, Angles	Dendrites Complete	Custom	400	2364540	10.1016/0165-3806(90)90071-6	http://neuromorpho.org/api/morphometry/id/476	512882	26526.5	12090.5	1.0	17.0	35.0	273.43	342.62	186.09	1.81	409.23	442.53	6.0	0.96	634.0	0.33	1.89	44.44	1.00947	60.42	26.96	4653.67	True	True	True	True	True	0.007520945834148102
dentate_gyrus	DG_rat_sample	477	523886	Claiborne	rat	Sprague-Dawley	hippocampus;dentate gyrus	granule;principal cell	adult	Day	192.0	192.0	Male	Control	in vitro	Dendrites, Soma, No Axon	No Diameter, 3D, Angles	Dendrites Complete	Custom	400	2364540	10.1016/0165-3806(90)90071-6	http://neuromorpho.org/api/morphometry/id/477	523886	18937.7	9153.1	2.0	11.0	24.0	286.72	276.06	129.4	1.88	349.18	381.06	4.0	0.93	427.0	0.47	1.61	43.63	1.01723	26.85	35.01	3205.88	True	True	True	True	True	0.00748624402660112
dentate_gyrus	DG_rat_sample	478	524892a	Claiborne	rat	Sprague-Dawley	hippocampus;dentate gyrus	granule;principal cell	adult	Day	53.0	53.0	Male	Control	in vitro	Dendrites, Soma, No Axon	No Diameter, 3D, Angles	Dendrites Complete	Custom	400	2364540	10.1016/0165-3806(90)90071-6	http://neuromorpho.org/api/morphometry/id/478	524892a	21185.3	9695.24	1.0	14.0	29.0	293.42	358.2	165.26	1.81	425.15	451.49	6.0	0.94	637.0	0.33	1.91	44.19	1.01509	38.54	27.65	3715.48	True	True	True	True	True	0.007805182641273806
dentate_gyrus	DG_rat_sample	479	524892b	Claiborne	rat	Sprague-Dawley	hippocampus;dentate gyrus	granule;principal cell	adult	Day	53.0	53.0	Male	Control	in vitro	Dendrites, Soma, No Axon	No Diameter, 3D, Angles	Dendrites Complete	Custom	400	2364540	10.1016/0165-3806(90)90071-6	http://neuromorpho.org/api/morphometry/id/479	524892b	18240.59	8737.98	1.0	12.0	25.0	226.23	361.93	81.02	1.86	391.42	414.7	4.0	0.95	497.0	0.27	1.82	42.69	1.01289	96.51	26.76	3100.66	True	True	True	True	True	0.008062799533002651
dentate_gyrus	DG_rat_sample	480	601886	Claiborne	rat	Sprague-Dawley	hippocampus;dentate gyrus	granule;principal cell	adult	Day	35.0	35.0	Male	Control	in vitro	Dendrites, Soma, No Axon	No Diameter, 3D, Angles	Dendrites Complete	Custom	400	2364540	10.1016/0165-3806(90)90071-6	http://neuromorpho.org/api/morphometry/id/480	601886	22540.2	10353.7	2.0	16.0	34.0	335.52	277.81	148.19	1.81	344.98	390.8	4.0	0.92	640.0	0.32	1.87	46.38	1.02	36.28	31.77	3939.93	True	True	True	True	True	0.008629594942042117
dentate_gyrus	DG_rat_sample	481	609885	Claiborne	rat	Sprague-Dawley	hippocampus;dentate gyrus	granule;principal cell	adult	Day	58.0	58.0	Male	Control	in vitro	Dendrites, Soma, No Axon	No Diameter, 3D, Angles	Dendrites Complete	Custom	400	2364540	10.1016/0165-3806(90)90071-6	http://neuromorpho.org/api/morphometry/id/481	609885	25390.3	14194.8	1.0	14.0	29.0	266.6	312.81	160.94	2.23	356.11	401.83	5.0	0.9	471.0	0.32	1.96	55.87	1.02	128.22	33.81	3615.75	True	True	True	True	True	0.008020466016732352
dentate_gyrus	DG_rat_sample	482	614882	Claiborne	rat	Sprague-Dawley	hippocampus;dentate gyrus	granule;principal cell	adult	Day	57.0	57.0	Male	Control	in vitro	Dendrites, Soma, No Axon	No Diameter, 3D, Angles	Dendrites Complete	Custom	400	2364540	10.1016/0165-3806(90)90071-6	http://neuromorpho.org/api/morphometry/id/482	614882	18465.7	8399.69	2.0	15.0	32.0	307.33	303.13	144.72	1.81	369.67	391.43	6.0	0.96	449.0	0.44	1.87	50.28	1.00714	131.82	29.75	3237.64	True	True	True	True	True	0.009883742479089708
dentate_gyrus	DG_rat_sample	483	720884	Claiborne	rat	Sprague-Dawley	hippocampus;dentate gyrus	granule;principal cell	adult	Day	26.0	26.0	Female	Control	in vitro	Dendrites, Soma, No Axon	No Diameter, 3D, Angles	Dendrites Complete	Custom	400	2364540	10.1016/0165-3806(90)90071-6	http://neuromorpho.org/api/morphometry/id/483	720884	20768.2	9310.27	1.0	15.0	31.0	307.17	269.78	154.24	1.75	391.67	430.5	6.0	0.93	694.0	0.31	1.79	51.88	1.02	83.57	29.96	3738.18	True	True	True	True	True	0.008292805589885988
dentate_gyrus	DG_rat_sample	484	725883a	Claiborne	rat	Sprague-Dawley	hippocampus;dentate gyrus	granule;principal cell	young	Day	14.0	14.0	Male	Control	in vitro	Dendrites, Soma, No Axon	No Diameter, 3D, Angles	Dendrites Complete	Custom	400	2364540	10.1016/0165-3806(90)90071-6	http://neuromorpho.org/api/morphometry/id/484	725883a	16360.9	7787.0	2.0	21.0	44.0	327.78	189.17	103.92	1.87	274.44	287.03	6.0	0.96	426.0	0.44	1.86	49.52	1.01045	61.97	34.65	2772.8	True	True	True	True	True	0.015868436237738027
dentate_gyrus	DG_rat_sample	485	725883b	Claiborne	rat	Sprague-Dawley	hippocampus;dentate gyrus	granule;principal cell	young	Day	14.0	14.0	Male	Control	in vitro	Dendrites, Soma, No Axon	No Diameter, 3D, Angles	Dendrites Complete	Custom	400	2364540	10.1016/0165-3806(90)90071-6	http://neuromorpho.org/api/morphometry/id/485	725883b	18027.8	8769.95	2.0	22.0	46.0	187.96	361.52	138.55	1.85	301.52	323.36	5.0	0.88	592.0	0.18	1.91	47.38	1.03	98.39	33.18	3045.34	True	True	True	True	True	0.015105045742018952
dentate_gyrus	DG_rat_sample	486	727883	Claiborne	rat	Sprague-Dawley	hippocampus;dentate gyrus	granule;principal cell	young	Day	16.0	16.0	Male	Control	in vitro	Dendrites, Soma, No Axon	No Diameter, 3D, Angles	Dendrites Complete	Custom	400	2364540	10.1016/0165-3806(90)90071-6	http://neuromorpho.org/api/morphometry/id/486	727883	12348.8	5757.82	4.0	10.0	24.0	236.21	216.18	192.95	1.85	296.41	328.23	3.0	0.93	329.0	0.3	1.85	51.33	1.02	221.51	38.77	2120.96	True	True	True	True	True	0.011315630657815328
dentate_gyrus	DG_rat_sample	487	727884	Claiborne	rat	Sprague-Dawley	hippocampus;dentate gyrus	granule;principal cell	young	Day	16.0	16.0	Male	Control	in vitro	Dendrites, Soma, No Axon	No Diameter, 3D, Angles	Dendrites Complete	Custom	400	2364540	10.1016/0165-3806(90)90071-6	http://neuromorpho.org/api/morphometry/id/487	727884	19840.0	9795.74	1.0	17.0	35.0	392.89	185.84	198.18	1.92	331.96	392.9	6.0	0.94	427.0	0.34	1.79	74.42	1.01495	36.81	57.93	3265.61	True	True	True	True	True	0.010717752579150603
dentate_gyrus	DG_rat_sample	488	728882	Claiborne	rat	Sprague-Dawley	hippocampus;dentate gyrus	granule;principal cell	young	Day	17.0	17.0	Female	Control	in vitro	Dendrites, Soma, No Axon	No Diameter, 3D, Angles	Dendrites Complete	Custom	400	2364540	10.1016/0165-3806(90)90071-6	http://neuromorpho.org/api/morphometry/id/488	728882	25192.7	14476.5	3.0	15.0	33.0	491.24	180.2	195.6	2.22	355.54	383.75	6.0	0.91	564.0	0.41	1.66	61.29	1.02	145.35	41.25	3567.33	True	True	True	True	True	0.009250616006929552
dentate_gyrus	DG_rat_sample	489	803884	Claiborne	rat	Sprague-Dawley	hippocampus;dentate gyrus	granule;principal cell	young	Day	20.0	20.0	Male	Control	in vitro	Dendrites, Soma, No Axon	No Diameter, 3D, Angles	Dendrites Complete	Custom	400	2364540	10.1016/0165-3806(90)90071-6	http://neuromorpho.org/api/morphometry/id/489	803884	15445.4	7347.37	2.0	11.0	24.0	195.23	253.45	181.14	1.88	297.08	318.22	4.0	0.95	306.0	0.5	1.69	49.14	1.01225	116.32	37.07	2627.28	True	True	True	True	True	0.009134922809902255
dentate_gyrus	DG_rat_sample	490	803887b	Claiborne	rat	Sprague-Dawley	hippocampus;dentate gyrus	granule;principal cell	adult	Day	26.0	26.0	Male	Control	in vitro	Dendrites, Soma, No Axon	No Diameter, 3D, Angles	Dendrites Complete	Custom	400	2364540	10.1016/0165-3806(90)90071-6	http://neuromorpho.org/api/morphometry/id/490	803887b	17656.0	8592.34	1.0	13.0	27.0	221.47	323.92	120.81	1.9	381.85	399.33	6.0	0.96	450.0	0.45	1.65	45.88	1.00884	23.8	24.9	2951.61	True	True	True	True	True	0.009147549981196702
dentate_gyrus	DG_rat_sample	491	805881	Claiborne	rat	Sprague-Dawley	hippocampus;dentate gyrus	granule;principal cell	adult	Day	28.0	28.0	Male	Control	in vitro	Dendrites, Soma, No Axon	No Diameter, 3D, Angles	Dendrites Complete	Custom	400	2364540	10.1016/0165-3806(90)90071-6	http://neuromorpho.org/api/morphometry/id/491	805881	20751.09	11108.8	2.0	13.0	28.0	422.78	230.12	88.72	2.04	349.13	360.72	4.0	0.94	494.0	0.35	1.62	46.2	1.01724	96.37	20.44	3207.18	True	True	True	True	True	0.008730411140004614
dentate_gyrus	DG_rat_sample	492	815885	Claiborne	rat	Sprague-Dawley	hippocampus;dentate gyrus	granule;principal cell	adult	Day	38.0	38.0	Female	Control	in vitro	Dendrites, Soma, No Axon	No Diameter, 3D, Angles	Dendrites Complete	Custom	400	2364540	10.1016/0165-3806(90)90071-6	http://neuromorpho.org/api/morphometry/id/492	815885	24303.5	12643.8	1.0	21.0	43.0	247.06	309.88	168.0	2.03	354.9	374.12	6.0	0.94	509.0	0.4	1.86	40.04	1.01475	32.08	30.0	3777.17	True	True	True	True	True	0.011384184455557996
dentate_gyrus	DG_rat_sample	6754	No41-TTX	Bausch	rat	Sprague-Dawley	hippocampus;dentate gyrus	granule;principal cell	not reported	Day	11.0	11.0	Not reported	tetrodotoxin treatment	culture	Dendrites, Soma, Axon	Diameter, 3D, Angles	Dendrites & Axon Moderate	Neurolucida	400	16790597	10.1152/jn.00355.2006	http://neuromorpho.org/api/morphometry/id/6754	No41-TTX	9019.34	1855.32	4.0	59.0	122.0	920.61	702.44	27.59	0.47	946.76	1418.82	11.0	0.81	10107.0	0.59	1.5	85.66	1.03	1225.38	63.74	6156.52	False	True	True	True	True	0.01981638977864118
dentate_gyrus	DG_rat_sample	6755	No44-APV	Bausch	rat	Sprague-Dawley	hippocampus;dentate gyrus	granule;principal cell	not reported	Day	11.0	11.0	Not reported	D-2-amino-5-phosphonovaleric acid (D-APV)	culture	Dendrites, Soma, Axon	Diameter, 3D, Angles	Dendrites & Axon Moderate	Neurolucida	400	16790597	10.1152/jn.00355.2006	http://neuromorpho.org/api/morphometry/id/6755	No44-APV	14807.9	5238.01	3.0	62.0	127.0	1146.63	606.62	24.55	0.57	1088.27	1747.05	15.0	0.76	14121.0	0.5	1.42	88.02	1.04	1792.86	66.64	8231.34	False	True	True	True	True	0.015428836617124308
dentate_gyrus	DG_rat_sample	6756	No45-Veh	Bausch	rat	Sprague-Dawley	hippocampus;dentate gyrus	granule;principal cell	not reported	Day	11.0	11.0	Not reported	Control	culture	Dendrites, Soma, Axon	Diameter, 3D, Angles	Dendrites & Axon Moderate	Neurolucida	400	16790597	10.1152/jn.00355.2006	http://neuromorpho.org/api/morphometry/id/6756	No45-Veh	11515.6	2865.97	4.0	67.0	138.0	709.45	846.82	32.96	0.4	1083.43	1501.89	18.0	0.79	14470.0	0.51	1.35	86.0	1.04	366.82	68.42	8651.25	True	True	True	True	True	0.015951452102297356
dentate_gyrus	DG_rat_sample	6757	No47-Veh	Bausch	rat	Sprague-Dawley	hippocampus;dentate gyrus	granule;principal cell	not reported	Day	11.0	11.0	Not reported	Control	culture	Dendrites, Soma, Axon	Diameter, 3D, Angles	Dendrites & Axon Moderate	Neurolucida	400	16790597	10.1152/jn.00355.2006	http://neuromorpho.org/api/morphometry/id/6757	No47-Veh	11414.9	2824.95	3.0	49.0	101.0	465.54	842.19	24.54	0.43	716.68	894.23	10.0	0.8	13397.0	0.52	1.48	77.39	1.03	731.57	65.69	8779.87	True	True	True	True	True	0.011503587182953733
dentate_gyrus	DG_rat_sample	6758	No48-APV	Bausch	rat	Sprague-Dawley	hippocampus;dentate gyrus	granule;principal cell	not reported	Day	11.0	11.0	Not reported	D-2-amino-5-phosphonovaleric acid (D-APV)	culture	Dendrites, Soma, Axon	Diameter, 3D, Angles	Dendrites & Axon Moderate	Neurolucida	400	16790597	10.1152/jn.00355.2006	http://neuromorpho.org/api/morphometry/id/6758	No48-APV	8114.87	1309.18	3.0	45.0	93.0	520.99	603.31	31.0	0.36	503.1	785.13	15.0	0.76	11531.0	0.56	1.41	79.67	1.05	965.3	62.75	7104.8	False	True	True	True	True	0.013089742146154711
dentate_gyrus	DG_rat_sample	6759	No50-Veh	Bausch	rat	Sprague-Dawley	hippocampus;dentate gyrus	granule;principal cell	not reported	Day	11.0	11.0	Not reported	Control	culture	Dendrites, Soma, Axon	Diameter, 3D, Angles	Dendrites & Axon Moderate	Neurolucida	400	16790597	10.1152/jn.00355.2006	http://neuromorpho.org/api/morphometry/id/6759	No50-Veh	5336.37	1492.75	6.0	24.0	54.0	139.2	181.84	21.98	0.58	150.39	709.43	10.0	0.73	5135.0	0.58	1.61	87.58	1.06	1355.0	72.03	2891.78	True	True	True	True	True	0.01867361970827656
dentate_gyrus	DG_rat_sample	6760	No51-pyramidal-Veh	Bausch	rat	Sprague-Dawley	hippocampus;dentate gyrus	granule;principal cell	not reported	Day	11.0	11.0	Not reported	Control	culture	Dendrites, Soma, Axon	Diameter, 3D, Angles	Dendrites & Axon Moderate	Neurolucida	400	16790597	10.1152/jn.00355.2006	http://neuromorpho.org/api/morphometry/id/6760	No51-pyramidal-Veh	23540.1	5000.77	8.0	68.0	144.0	1174.65	1247.1	24.8	0.36	929.83	1968.23	14.0	0.84	25307.0	0.52	1.56	81.06	1.02	1132.65	59.33	21142.0	True	True	True	True	True	0.006811086935956863
dentate_gyrus	DG_rat_sample	6761	No52-Veh	Bausch	rat	Sprague-Dawley	hippocampus;dentate gyrus	granule;principal cell	not reported	Day	11.0	11.0	Not reported	Control	culture	Dendrites, Soma, Axon	Diameter, 3D, Angles	Dendrites & Axon Moderate	Neurolucida	400	16790597	10.1152/jn.00355.2006	http://neuromorpho.org/api/morphometry/id/6761	No52-Veh	14099.8	3254.16	3.0	91.0	185.0	517.57	779.68	29.29	0.36	670.42	1085.19	18.0	0.78	20187.0	0.58	1.47	86.78	1.05	615.05	68.84	12829.9	True	True	True	True	True	0.014419442084505725
dentate_gyrus	DG_rat_sample	6762	No53-TTX	Bausch	rat	Sprague-Dawley	hippocampus;dentate gyrus	granule;principal cell	not reported	Day	11.0	11.0	Not reported	tetrodotoxin treatment	culture	Dendrites, Soma, Axon	Diameter, 3D, Angles	Dendrites & Axon Moderate	Neurolucida	400	16790597	10.1152/jn.00355.2006	http://neuromorpho.org/api/morphometry/id/6762	No53-TTX	21175.0	9097.44	4.0	59.0	122.0	883.51	536.92	26.13	0.8	708.91	1499.22	19.0	0.8	15367.0	0.67	1.37	83.36	1.04	1061.93	65.61	7851.17	False	True	True	True	True	0.015539085257356547
dentate_gyrus	DG_rat_sample	6763	No55-TTX	Bausch	rat	Sprague-Dawley	hippocampus;dentate gyrus	granule;principal cell	not reported	Day	11.0	11.0	Not reported	tetrodotoxin treatment	culture	Dendrites, Soma, Axon	Diameter, 3D, Angles	Dendrites & Axon Moderate	Neurolucida	400	16790597	10.1152/jn.00355.2006	http://neuromorpho.org/api/morphometry/id/6763	No55-TTX	21731.5	13179.5	5.0	50.0	105.0	831.89	432.54	25.45	0.84	800.44	1376.16	14.0	0.78	13440.0	0.59	1.45	90.62	1.04	4108.22	84.91	7301.86	False	True	True	True	True	0.014379897724689327
dentate_gyrus	DG_rat_sample	6764	No56-Veh	Bausch	rat	Sprague-Dawley	hippocampus;dentate gyrus	granule;principal cell	not reported	Day	11.0	11.0	Not reported	Control	culture	Dendrites, Soma, Axon	Diameter, 3D, Angles	Dendrites & Axon Moderate	Neurolucida	400	16790597	10.1152/jn.00355.2006	http://neuromorpho.org/api/morphometry/id/6764	No56-Veh	9410.11	1799.26	3.0	56.0	115.0	640.04	731.52	24.89	0.38	815.84	1139.2	13.0	0.81	13993.0	0.58	1.55	80.68	1.06	614.55	58.92	8197.89	True	True	True	True	True	0.014027999887776001
dentate_gyrus	DG_rat_sample	6765	No57-TTX	Bausch	rat	Sprague-Dawley	hippocampus;dentate gyrus	granule;principal cell	not reported	Day	11.0	11.0	Not reported	tetrodotoxin treatment	culture	Dendrites, Soma, Axon	Diameter, 3D, Angles	Dendrites & Axon Moderate	Neurolucida	400	16790597	10.1152/jn.00355.2006	http://neuromorpho.org/api/morphometry/id/6765	No57-TTX	20629.4	10799.7	4.0	55.0	114.0	671.94	458.67	21.09	0.88	634.71	852.36	12.0	0.78	13503.0	0.59	1.53	91.63	1.06	1784.16	71.95	6775.37	False	True	True	True	True	0.01682564937413012
dentate_gyrus	DG_rat_sample	6766	No58-Veh	Bausch	rat	Sprague-Dawley	hippocampus;dentate gyrus	granule;principal cell	not reported	Day	11.0	11.0	Not reported	Control	culture	Dendrites, Soma, Axon	Diameter, 3D, Angles	Dendrites & Axon Moderate	Neurolucida	400	16790597	10.1152/jn.00355.2006	http://neuromorpho.org/api/morphometry/id/6766	No58-Veh	17859.2	12699.0	2.0	52.0	106.0	846.79	610.72	31.05	0.6	810.21	1613.11	12.0	0.8	14358.0	0.51	1.27	77.75	1.02	2482.58	67.09	7424.77	True	True	True	True	True	0.01427653651224213
dentate_gyrus	DG_rat_sample	6767	No60-TTX	Bausch	rat	Sprague-Dawley	hippocampus;dentate gyrus	granule;principal cell	not reported	Day	11.0	11.0	Not reported	tetrodotoxin treatment	culture	Dendrites, Soma, Axon	Diameter, 3D, Angles	Dendrites & Axon Moderate	Neurolucida	400	16790597	10.1152/jn.00355.2006	http://neuromorpho.org/api/morphometry/id/6767	No60-TTX	12442.3	4695.32	3.0	48.0	99.0	853.27	643.42	21.66	0.48	583.22	1202.23	10.0	0.78	15708.0	0.56	1.2	81.97	1.03	1677.84	47.25	7874.27	False	True	True	True	True	0.01257259403093874
dentate_gyrus	DG_rat_sample	6768	No61-Veh	Bausch	rat	Sprague-Dawley	hippocampus;dentate gyrus	granule;principal cell	not reported	Day	11.0	11.0	Not reported	Control	culture	Dendrites, Soma, Axon	Diameter, 3D, Angles	Dendrites & Axon Moderate	Neurolucida	400	16790597	10.1152/jn.00355.2006	http://neuromorpho.org/api/morphometry/id/6768	No61-Veh	17444.2	20083.09	2.0	45.0	92.0	592.96	490.69	21.24	0.55	482.2	743.47	10.0	0.79	14011.0	0.45	1.13	83.47	1.03	2840.27	61.4	7083.57	True	True	True	True	True	0.012987801348754937
dentate_gyrus	DG_rat_sample	6769	No62-TTX	Bausch	rat	Sprague-Dawley	hippocampus;dentate gyrus	granule;principal cell	not reported	Day	11.0	11.0	Not reported	tetrodotoxin treatment	culture	Dendrites, Soma, Axon	Diameter, 3D, Angles	Dendrites & Axon Moderate	Neurolucida	400	16790597	10.1152/jn.00355.2006	http://neuromorpho.org/api/morphometry/id/6769	No62-TTX	6639.68	1149.14	3.0	38.0	79.0	730.81	481.7	23.49	0.3	683.62	1154.91	8.0	0.8	13276.0	0.44	1.42	84.25	1.04	739.27	60.77	6694.02	False	True	True	True	True	0.011801578124953315
dentate_gyrus	DG_rat_sample	6770	No63-TTX	Bausch	rat	Sprague-Dawley	hippocampus;dentate gyrus	granule;principal cell	not reported	Day	11.0	11.0	Not reported	tetrodotoxin treatment	culture	Dendrites, Soma, Axon	Diameter, 3D, Angles	Dendrites & Axon Moderate	Neurolucida	400	16790597	10.1152/jn.00355.2006	http://neuromorpho.org/api/morphometry/id/6770	No63-TTX	14512.1	5612.36	4.0	39.0	82.0	706.39	707.31	18.05	0.6	916.92	1498.87	16.0	0.75	14497.0	0.58	1.33	89.41	1.03	2107.31	73.48	7378.7	False	True	True	True	True	0.011113068697738085
dentate_gyrus	DG_rat_sample	6771	No64-TTX	Bausch	rat	Sprague-Dawley	hippocampus;dentate gyrus	granule;principal cell	not reported	Day	11.0	11.0	Not reported	tetrodotoxin treatment	culture	Dendrites, Soma, Axon	Diameter, 3D, Angles	Dendrites & Axon Moderate	Neurolucida	400	16790597	10.1152/jn.00355.2006	http://neuromorpho.org/api/morphometry/id/6771	No64-TTX	10859.3	4580.96	3.0	44.0	91.0	424.69	700.1	54.15	0.25	711.86	1143.5	15.0	0.78	10072.0	0.62	1.27	112.34	1.05	1187.5	78.0	6220.93	False	True	True	True	True	0.01462803793002011
dentate_gyrus	DG_rat_sample	6772	No9-Veh	Bausch	rat	Sprague-Dawley	hippocampus;dentate gyrus	granule;principal cell	not reported	Day	11.0	11.0	Not reported	Control	culture	Dendrites, Soma, Axon	Diameter, 3D, Angles	Dendrites & Axon Moderate	Neurolucida	400	16790597	10.1152/jn.00355.2006	http://neuromorpho.org/api/morphometry/id/6772	No9-Veh	11115.6	3473.16	2.0	52.0	106.0	792.28	597.75	24.54	0.42	670.15	1414.62	12.0	0.84	13799.0	0.55	1.48	81.37	1.03	973.25	73.01	7636.73	True	True	True	True	True	0.013880286457685423
dentate_gyrus	DG_rat_sample	6773	103-5	Pierce	rat	Sprague-Dawley	hippocampus;dentate gyrus;granule layer	granule;principal cell	adult	Day	125.0	125.0	Male	pilocarpine treated	in vitro	Dendrites, Soma, No Axon	Diameter, 3D, Angles	Dendrites Complete	Neurolucida	60	21344409	10.1002/cne.22568	http://neuromorpho.org/api/morphometry/id/6773	103-5	3290.98	296.18	2.0	10.0	22.0	257.9	472.43	53.0	0.36	417.78	490.9	5.0	0.87	782.0	0.4	2.0	58.4	1.03	667.83	39.06	2909.87	False	True	True	True	True	0.00756047521023276
dentate_gyrus	DG_rat_sample	6774	124-5L	Pierce	rat	Sprague-Dawley	hippocampus;dentate gyrus;granule layer	granule;principal cell	adult	Day	108.0	108.0	Male	pilocarpine treated	in vitro	Dendrites, Soma, No Axon	Diameter, 3D, Angles	Dendrites Complete	Neurolucida	228	21344409	10.1002/cne.22568	http://neuromorpho.org/api/morphometry/id/6774	124-5L	3998.67	359.88	2.0	13.0	28.0	271.87	253.45	113.94	0.36	323.58	411.16	5.0	0.84	1135.0	0.46	2.0	66.63	1.03	576.53	25.15	3535.6	False	True	True	True	True	0.007919447901346306
dentate_gyrus	DG_rat_sample	6775	124-5R	Pierce	rat	Sprague-Dawley	hippocampus;dentate gyrus;granule layer	granule;principal cell	adult	Day	108.0	108.0	Male	pilocarpine treated	in vitro	Dendrites, Soma, No Axon	Diameter, 3D, Angles	Dendrites Complete	Neurolucida	178	21344409	10.1002/cne.22568	http://neuromorpho.org/api/morphometry/id/6775	124-5R	4184.25	376.58	1.0	18.0	37.0	195.28	270.38	207.03	0.36	310.28	381.16	6.0	0.87	1328.0	0.31	2.0	85.54	1.03	334.87	36.36	3699.69	False	True	True	True	True	0.010000837908040943
dentate_gyrus	DG_rat_sample	6776	798-2	Pierce	rat	Sprague-Dawley	hippocampus;dentate gyrus;hilus	granule;principal cell	adult	Day	216.0	216.0	Male	pilocarpine treated	in vitro	Dendrites, Soma, Axon	Diameter, 3D, Angles	Dendrites Complete, Axon Incomplete	Neurolucida	88	21344409	10.1002/cne.22568	http://neuromorpho.org/api/morphometry/id/6776	798-2	14387.4	5156.22	5.0	17.0	39.0	421.65	661.35	76.39	1.19	507.77	578.99	5.0	0.85	1914.0	0.4	1.29	87.27	1.03	734.36	69.26	3588.18	False	True	True	True	True	0.010869019948832
dentate_gyrus	DG_rat_sample	6777	H906-2	Pierce	rat	Sprague-Dawley	hippocampus;dentate gyrus;hilus	granule;principal cell	adult	Day	432.0	432.0	Male	pilocarpine treated	in vitro	Dendrites, Soma, No Axon	Diameter, 3D, Angles	Dendrites Complete	Neurolucida	234	21344409	10.1002/cne.22568	http://neuromorpho.org/api/morphometry/id/6777	H906-2	6872.39	1513.37	4.0	16.0	36.0	181.59	559.83	122.98	0.71	420.56	560.57	6.0	0.85	1562.0	0.36	1.5	69.05	1.03	559.56	43.21	3147.31	False	True	True	True	True	0.01143833940730338
dentate_gyrus	DG_rat_sample	6778	H910-1	Pierce	rat	Sprague-Dawley	hippocampus;dentate gyrus;hilus	granule;principal cell	adult	Day	141.0	141.0	Male	pilocarpine treated	in vitro	Dendrites, Soma, Axon	Diameter, 3D, Angles	Dendrites & Axon Complete	Neurolucida	250	21344409	10.1002/cne.22568	http://neuromorpho.org/api/morphometry/id/6778	H910-1	16573.4	4432.66	4.0	52.0	108.0	374.9	995.28	451.45	0.53	861.21	1289.08	14.0	0.81	6825.0	0.51	1.94	80.68	1.02	483.21	61.89	10692.7	False	True	True	True	True	0.010100348836121839
dentate_gyrus	DG_rat_sample	6779	H910-2	Pierce	rat	Sprague-Dawley	hippocampus;dentate gyrus;hilus	granule;principal cell	adult	Day	141.0	141.0	Male	pilocarpine treated	in vitro	Dendrites, Soma, Axon	Diameter, 3D, Angles	Dendrites & Axon Complete	Neurolucida	305	21344409	10.1002/cne.22568	http://neuromorpho.org/api/morphometry/id/6779	H910-2	20137.0	4934.49	3.0	43.0	89.0	463.07	838.97	1055.7	0.75	966.41	1208.24	8.0	0.83	4689.0	0.43	1.61	86.1	1.04	607.03	63.44	9341.09	False	True	True	True	True	0.00952779600667588
dentate_gyrus	DG_rat_sample	6780	H913-3	Pierce	rat	Sprague-Dawley	hippocampus;dentate gyrus;hilus	granule;principal cell	adult	Day	149.0	149.0	Male	pilocarpine treated	in vitro	Dendrites, Soma, Axon	Diameter, 3D, Angles	Dendrites & Axon Complete	Neurolucida	305	21344409	10.1002/cne.22568	http://neuromorpho.org/api/morphometry/id/6780	H913-3	36058.9	11357.8	3.0	58.0	119.0	737.12	684.66	375.14	1.12	643.96	1046.92	13.0	0.83	4978.0	0.63	1.7	85.28	1.03	452.94	69.36	10187.79	False	True	True	True	True	0.011680649090725269
dentate_gyrus	DG_rat_sample	6781	H916-1	Pierce	rat	Sprague-Dawley	hippocampus;dentate gyrus;granule layer	granule;principal cell	adult	Day	214.0	214.0	Male	pilocarpine treated	in vitro	Dendrites, Soma, No Axon	Diameter, 3D, Angles	Dendrites Complete	Neurolucida	130	21344409	10.1002/cne.22568	http://neuromorpho.org/api/morphometry/id/6781	H916-1	4806.38	432.57	3.0	20.0	43.0	257.94	505.21	115.25	0.36	430.58	505.18	6.0	0.87	1146.0	0.54	2.0	59.89	1.03	353.51	43.03	4249.77	False	True	True	True	True	0.01011819463170948
dentate_gyrus	DG_rat_sample	6782	H917-2	Pierce	rat	Sprague-Dawley	hippocampus;dentate gyrus;hilus	granule;principal cell	adult	Day	192.0	192.0	Male	pilocarpine treated	in vitro	Dendrites, Soma, No Axon	Diameter, 3D, Angles	Dendrites Complete	Neurolucida	294	21344409	10.1002/cne.22568	http://neuromorpho.org/api/morphometry/id/6782	H917-2	19424.59	6615.66	3.0	43.0	89.0	306.19	1005.31	466.75	0.98	735.33	1161.6	13.0	0.83	3758.0	0.64	1.56	92.1	1.03	549.21	70.55	6537.03	False	True	True	True	True	0.013614745534286979
dentate_gyrus	DG_rat_sample	77736	GC_1	Lien	rat	Sprague-Dawley	hippocampus;dentate gyrus;granule layer;ventral	principal cell;granule	young	Month	0.8	1.0	Male	Control	in vitro	Dendrites, Soma, Axon	Diameter, 3D, Angles	Dendrites Moderate, Axon Incomplete	Neuromantic	400	27830729	10.1038/srep36885	http://neuromorpho.org/api/morphometry/id/77736	GC_1	59352.9	32551.0	3.0	43.0	89.0	592.53	923.35	86.0	1.99949	608.857	693.499	9.0	0.956899	896.0	0.509483	1.67063	54.6243	1.01095	961.112	35.0508	9346.06	True	True	True	True	True	0.009522729364031474
dentate_gyrus	DG_rat_sample	8244	5-20-2011cell1-GCcontrol	Santhakumar	rat	Wistar	hippocampus;dentate gyrus;granule layer	granule;principal cell	young	Day	24.0	26.0	Male	Control	in vitro	Dendrites, Soma, Axon	Diameter, 3D, Angles	Dendrites & Axon Complete	Neurolucida	300	22396425	10.1523/JNEUROSCI.4141-11.2012	http://neuromorpho.org/api/morphometry/id/8244	5-20-2011cell1-GCcontrol	9792.84	1578.68	2.0	29.0	60.0	418.86	499.93	172.88	0.53	396.51	632.16	7.0	0.84	3761.0	0.49	1.89	80.04	1.02	966.802	54.87	5849.39	True	True	True	True	True	0.010257479839778164
dentate_gyrus	DG_rat_sample	933	gc	Ascoli	rat	Sprague-Dawley	hippocampus;dentate gyrus;granule layer	granule;principal cell	young		Not Reported	Not Reported	Male	Control	in vivo	Dendrites, Soma, Axon	No Diameter, 3D, Angles	Dendrites & Axon Complete	Tablet	65	-1;2007659	10.1016/j.neucom.2004.10.105;10.1002/cne.903030309	http://neuromorpho.org/api/morphometry/id/933	gc	10356.2	1009.81	2.0	44.0	90.0	1028.5	419.1	1690.0	0.27	1498.47	3450.84	16.0	0.87	335.0	0.53	2.0	58.79	1.03	314.15	63.18	11903.0	True	True	True	True	True	0.007561119045618752
dentate_gyrus	DG_human_all	275838	H16-06-013-05-08-01_575586329_m_DendriteAxon	Allen Cell Types	human	Not applicable	hippocampus;dentate gyrus;granule layer;left	principal cell;granule	adult	Year	34.0	34.0	Female	Epilepsy	in vitro	Dendrites, Soma, Axon	No Diameter, 3D, Angles	Dendrites Moderate, Axon Incomplete	Vaa3D	400	36577383	S2211-1247(22)01769-7	http://neuromorpho.org/api/morphometry/id/275838	H16-06-013-05-08-01_575586329_m_DendriteAxon	27994.1	17264.2	4.0	30.0	64.0	319.116	747.521	165.12	1.08173	480.613	556.491	6.0	0.885544	1946.0	0.461481	1.9531	62.1776	1.02708	1416.6	56.0565	6316.99	False	True	True	True	True	0.010131407521620266
dentate_gyrus	DG_human_all	275846	H18-06-368-99-01-04_812748938_m_dendriteOnly	Allen Cell Types	human	Not applicable	hippocampus;dentate gyrus;granule layer;left	principal cell;granule	adult	Year	59.0	59.0	Male	Epilepsy	in vitro	Dendrites, Soma, Axon	No Diameter, 3D, Angles	Dendrites Moderate, Axon Incomplete	Vaa3D	400	36577383	S2211-1247(22)01769-7	http://neuromorpho.org/api/morphometry/id/275846	H18-06-368-99-01-04_812748938_m_dendriteOnly	17087.8	5255.08	3.0	18.0	39.0	307.292	464.474	130.94	1.01385	475.206	549.352	4.0	0.893574	4551.0	0.425926	1.94583	63.3072	1.02521	159.064	33.1803	5375.08	False	True	True	True	True	0.007255705961585688
dentate_gyrus	DG_human_all	275854	H18-06-366-99-02-02_792338560_m_dendriteOnly	Allen Cell Types	human	Not applicable	hippocampus;dentate gyrus;granule layer;left	principal cell;granule	adult	Year	38.0	38.0	Male	Epilepsy	in vitro	Dendrites, Soma, Axon	No Diameter, 3D, Angles	Dendrites Moderate, Axon Incomplete	Vaa3D	400	36577383	S2211-1247(22)01769-7	http://neuromorpho.org/api/morphometry/id/275854	H18-06-366-99-02-02_792338560_m_dendriteOnly	23049.8	8279.89	5.0	24.0	53.0	1231.2	796.628	323.29	1.03355	1118.02	1719.7	6.0	0.834986	3056.0	0.520833	1.95966	77.9249	1.03913	1172.9	55.2822	7014.77	False	True	True	True	True	0.0075554864949242805
dentate_gyrus	DG_human_all	275863	H16-06-013-05-05-01_574877028_m_dendriteaxon	Allen Cell Types	human	Not applicable	hippocampus;dentate gyrus;granule layer;left	principal cell;granule	adult	Year	34.0	34.0	Female	Epilepsy	in vitro	Dendrites, Soma, Axon	No Diameter, 3D, Angles	Dendrites Moderate, Axon Incomplete	Vaa3D	400	36577383	S2211-1247(22)01769-7	http://neuromorpho.org/api/morphometry/id/275863	H16-06-013-05-05-01_574877028_m_dendriteaxon	20326.6	7390.12	3.0	21.0	45.0	509.634	861.274	54.85	0.690143	662.561	736.206	7.0	0.873298	3474.0	0.456236	1.88421	69.756	1.04293	1450.13	58.3117	8118.17	False	True	True	True	True	0.005543121171397002
dentate_gyrus	DG_human_all	275870	H18-06-366-99-04-01_803313649_m_dendriteOnly_noAxon	Allen Cell Types	human	Not applicable	hippocampus;dentate gyrus;granule layer;left	principal cell;granule	adult	Year	38.0	38.0	Male	Epilepsy	in vitro	Dendrites, Soma, No Axon	No Diameter, 3D, Angles	Dendrites Moderate	Vaa3D	400	36577383	S2211-1247(22)01769-7	http://neuromorpho.org/api/morphometry/id/275870	H18-06-366-99-04-01_803313649_m_dendriteOnly_noAxon	18350.7	7851.98	5.0	13.0	31.0	153.361	597.99	110.96	1.43199	674.357	771.551	6.0	0.86352	1689.0	0.461538	1.97817	70.7399	1.03534	489.367	47.2207	4070.88	False	True	True	True	True	0.0076150611170066424
dentate_gyrus	DG_human_all	275879	H16-06-008-21-01-01-01_688788732_m_dendriteaxon	Allen Cell Types	human	Not applicable	hippocampus;dentate gyrus;granule layer;left	principal cell;granule	adult	Year	24.0	24.0	Female	Epilepsy	in vitro	Dendrites, Soma, Axon	No Diameter, 3D, Angles	Dendrites Moderate, Axon Incomplete	Vaa3D	400	36577383	S2211-1247(22)01769-7	http://neuromorpho.org/api/morphometry/id/275879	H16-06-008-21-01-01-01_688788732_m_dendriteaxon	18145.5	9026.61	2.0	24.0	50.0	486.129	687.907	167.02	0.935687	543.827	650.119	7.0	0.939722	1880.0	0.42328	1.94132	54.2307	1.01314	1018.62	39.2263	5041.23	False	True	True	True	True	0.009918214404024416
dentate_gyrus	DG_human_all	275892	H17-06-014-11-12-02_663035867_m_dendriteaxon	Allen Cell Types	human	Not applicable	hippocampus;dentate gyrus;granule layer;left	principal cell;granule	adult	Year	44.0	44.0	Male	Epilepsy	in vitro	Dendrites, Soma, Axon	No Diameter, 3D, Angles	Dendrites Moderate, Axon Incomplete	Vaa3D	400	36577383	S2211-1247(22)01769-7	http://neuromorpho.org/api/morphometry/id/275892	H17-06-014-11-12-02_663035867_m_dendriteaxon	12090.1	3103.73	2.0	18.0	38.0	191.408	506.183	76.89	0.80149	474.941	575.928	5.0	0.882512	4188.0	0.485755	1.76384	66.2168	1.02795	42.5758	41.1628	4758.89	False	True	True	True	True	0.007985055338534826
dentate_gyrus	DG_human_all	275912	H17-06-015-21-09-01_669292996_m_dendriteaxon	Allen Cell Types	human	Not applicable	hippocampus;dentate gyrus;granule layer	principal cell;granule	adult	Year	19.0	19.0	Male	Epilepsy	in vitro	Dendrites, Soma, Axon	No Diameter, 3D, Angles	Dendrites Moderate, Axon Incomplete	Vaa3D	400	36577383	S2211-1247(22)01769-7	http://neuromorpho.org/api/morphometry/id/275912	H17-06-015-21-09-01_669292996_m_dendriteaxon	13676.8	3848.6	4.0	15.0	34.0	219.4	659.72	112.58	0.867648	582.969	648.005	8.0	0.888283	4364.0	0.430476	1.91124	51.4437	1.02709	183.358	32.5979	4986.48	False	True	True	True	True	0.0068184370537934585
dentate_gyrus	DG_human_all	275927	H17-06-015-21-08-02_669338200_m_dendriteaxon	Allen Cell Types	human	Not applicable	hippocampus;dentate gyrus;granule layer	principal cell;granule	adult	Year	19.0	19.0	Male	Epilepsy	in vitro	Dendrites, Soma, Axon	No Diameter, 3D, Angles	Dendrites Moderate, Axon Incomplete	Vaa3D	400	36577383	S2211-1247(22)01769-7	http://neuromorpho.org/api/morphometry/id/275927	H17-06-015-21-08-02_669338200_m_dendriteaxon	9440.21	1975.77	3.0	14.0	31.0	321.989	533.981	67.43	0.649118	578.002	630.721	5.0	0.931211	4061.0	0.202381	2.0	56.6874	1.01391	161.025	30.0582	4610.21	False	True	True	True	True	0.006724205621869719
dentate_gyrus	DG_human_all	275938	H18-06-368-99-01-02_813182009_m_dendriteOnly	Allen Cell Types	human	Not applicable	hippocampus;dentate gyrus;granule layer;left	principal cell;granule	adult	Year	59.0	59.0	Male	Epilepsy	in vitro	Dendrites, Soma, Axon	No Diameter, 3D, Angles	Dendrites Moderate, Axon Incomplete	Vaa3D	400	36577383	S2211-1247(22)01769-7	http://neuromorpho.org/api/morphometry/id/275938	H18-06-368-99-01-02_813182009_m_dendriteOnly	12008.5	3481.49	5.0	11.0	27.0	437.534	603.607	105.02	0.919696	542.137	637.313	6.0	0.871378	3563.0	0.563636	1.91856	69.9029	1.03131	117.545	45.4124	4145.62	False	True	True	True	True	0.006512897950125675
dentate_gyrus	DG_human_all	275953	H17-06-014-11-05-02_657989328_m_dendriteaxon	Allen Cell Types	human	Not applicable	hippocampus;dentate gyrus;granule layer;left	principal cell;granule	adult	Year	44.0	44.0	Male	Epilepsy	in vitro	Dendrites, Soma, Axon	No Diameter, 3D, Angles	Dendrites Moderate, Axon Incomplete	Vaa3D	400	36577383	S2211-1247(22)01769-7	http://neuromorpho.org/api/morphometry/id/275953	H17-06-014-11-05-02_657989328_m_dendriteaxon	15057.8	6084.43	4.0	13.0	30.0	142.75	482.54	54.32	1.27076	588.321	706.548	4.0	0.865621	3320.0	0.207692	2.0	60.2316	1.03141	145.869	19.6208	3736.3	False	True	True	True	True	0.008029333832936327
dentate_gyrus	DG_human_all	275954	H18-06-366-99-04-07_812122713_m_dendriteOnly	Allen Cell Types	human	Not applicable	hippocampus;dentate gyrus;granule layer;left	principal cell;granule	adult	Year	38.0	38.0	Male	Epilepsy	in vitro	Dendrites, Soma, Axon	No Diameter, 3D, Angles	Dendrites Moderate, Axon Incomplete	Vaa3D	400	36577383	S2211-1247(22)01769-7	http://neuromorpho.org/api/morphometry/id/275954	H18-06-366-99-04-07_812122713_m_dendriteOnly	4713.05	1090.81	4.0	7.0	18.0	128.102	401.48	45.3	0.804684	379.492	431.147	4.0	0.9003	798.0	0.571429	1.83841	52.8779	1.02417	589.308	40.7039	1884.5	False	True	True	True	True	0.009551605200318386
dentate_gyrus	DG_human_all	275983	H17-06-014-11-07-04_661301900_m_dendriteArtificialAxon	Allen Cell Types	human	Not applicable	hippocampus;dentate gyrus;granule layer;left	principal cell;granule	adult	Year	44.0	44.0	Male	Epilepsy	in vitro	Dendrites, Soma, Axon	No Diameter, 3D, Angles	Dendrites Moderate, Axon Incomplete	Vaa3D	400	36577383	S2211-1247(22)01769-7	http://neuromorpho.org/api/morphometry/id/275983	H17-06-014-11-07-04_661301900_m_dendriteArtificialAxon	12315.3	3605.82	5.0	13.0	31.0	288.067	445.789	82.71	0.844213	474.45	523.219	5.0	0.927364	3720.0	0.401709	1.95272	56.4247	1.01502	158.419	22.6984	4434.36	False	True	True	True	True	0.00699086226648265
dentate_gyrus	DG_human_all	275986	H17-06-015-21-09-07_669884986_m_dendriteaxon	Allen Cell Types	human	Not applicable	hippocampus;dentate gyrus;granule layer	principal cell;granule	adult	Year	19.0	19.0	Male	Epilepsy	in vitro	Dendrites, Soma, Axon	No Diameter, 3D, Angles	Dendrites Moderate, Axon Incomplete	Vaa3D	400	36577383	S2211-1247(22)01769-7	http://neuromorpho.org/api/morphometry/id/275986	H17-06-015-21-09-07_669884986_m_dendriteaxon	9739.41	3995.99	5.0	8.0	21.0	182.492	438.891	59.81	1.13458	507.712	565.128	4.0	0.894364	2282.0	0.5	2.0	63.7035	1.01977	70.4853	37.7087	2710.36	False	True	True	True	True	0.007748048229755456
dentate_gyrus	DG_human_all	275996	H18-06-366-99-04-05_803302369_m_dendriteOnly_noaxon	Allen Cell Types	human	Not applicable	hippocampus;dentate gyrus;granule layer;left	principal cell;granule	adult	Year	38.0	38.0	Male	Epilepsy	in vitro	Dendrites, Soma, No Axon	No Diameter, 3D, Angles	Dendrites Moderate	Vaa3D	400	36577383	S2211-1247(22)01769-7	http://neuromorpho.org/api/morphometry/id/275996	H18-06-366-99-04-05_803302369_m_dendriteOnly_noaxon	8598.61	2702.38	5.0	9.0	23.0	168.091	444.77	74.43	0.969955	440.054	494.295	3.0	0.872529	1146.0	0.555556	1.75815	94.1908	1.03463	749.09	46.5167	2809.45	False	True	True	True	True	0.008186655751125666
dentate_gyrus	DG_human_all	276014	H16-06-013-05-09-01_575972036_m_dendriteaxon	Allen Cell Types	human	Not applicable	hippocampus;dentate gyrus;granule layer;left	principal cell;granule	adult	Year	34.0	34.0	Female	Epilepsy	in vitro	Dendrites, Soma, Axon	No Diameter, 3D, Angles	Dendrites Moderate, Axon Incomplete	Vaa3D	400	36577383	S2211-1247(22)01769-7	http://neuromorpho.org/api/morphometry/id/276014	H16-06-013-05-09-01_575972036_m_dendriteaxon	25428.9	9343.41	6.0	14.0	34.0	335.144	538.349	110.32	1.2139	616.553	668.909	5.0	0.90766	1983.0	0.607143	1.99342	42.6763	1.01804	890.828	24.8508	6079.83	False	True	True	True	True	0.005592261625736246
dentate_gyrus	DG_human_all	276033	H17-06-014-11-02-05_663030990_m_dendriteaxon	Allen Cell Types	human	Not applicable	hippocampus;dentate gyrus;granule layer;left	principal cell;granule	adult	Year	44.0	44.0	Male	Epilepsy	in vitro	Dendrites, Soma, Axon	No Diameter, 3D, Angles	Dendrites Moderate, Axon Incomplete	Vaa3D	400	36577383	S2211-1247(22)01769-7	http://neuromorpho.org/api/morphometry/id/276033	H17-06-014-11-02-05_663030990_m_dendriteaxon	8567.77	2499.11	5.0	16.0	37.0	180.363	265.709	77.31	0.874913	332.936	383.198	5.0	0.888721	2668.0	0.4	1.83567	72.0323	1.02949	277.727	40.0333	3049.44	False	True	True	True	True	0.012133375308253319
dentate_gyrus	DG_human_all	276053	H17-06-014-11-02-02_663013039_m_dendriteaxon	Allen Cell Types	human	Not applicable	hippocampus;dentate gyrus;granule layer;left	principal cell;granule	adult	Year	44.0	44.0	Male	Epilepsy	in vitro	Dendrites, Soma, Axon	No Diameter, 3D, Angles	Dendrites Moderate, Axon Incomplete	Vaa3D	400	36577383	S2211-1247(22)01769-7	http://neuromorpho.org/api/morphometry/id/276053	H17-06-014-11-02-02_663013039_m_dendriteaxon	10225.8	2779.23	6.0	12.0	30.0	261.088	464.518	86.55	0.902311	469.794	535.63	6.0	0.891722	1629.0	0.558333	1.92258	85.318	1.0269	145.235	44.0006	3615.24	False	True	True	True	True	0.008298204268596275
dentate_gyrus	DG_human_all	276056	H16-06-013-05-03-04_597701859_m_DendriteAxon	Allen Cell Types	human	Not applicable	hippocampus;dentate gyrus;granule layer;left	principal cell;granule	adult	Year	34.0	34.0	Female	Epilepsy	in vitro	Dendrites, Soma, Axon	No Diameter, 3D, Angles	Dendrites Moderate, Axon Incomplete	Vaa3D	400	36577383	S2211-1247(22)01769-7	http://neuromorpho.org/api/morphometry/id/276056	H16-06-013-05-03-04_597701859_m_DendriteAxon	15415.6	4546.99	4.0	30.0	64.0	509.923	848.2	109.96	0.631201	655.377	708.959	7.0	0.877476	3133.0	0.390476	1.98353	60.1649	1.03302	2128.01	51.1841	7250.5	False	True	True	True	True	0.008826977449831045
dentate_gyrus	DG_human_all	276057	H17-06-015-21-12-03_663159807_m_dendriteaxon	Allen Cell Types	human	Not applicable	hippocampus;dentate gyrus;granule layer	principal cell;granule	adult	Year	19.0	19.0	Male	Epilepsy	in vitro	Dendrites, Soma, Axon	No Diameter, 3D, Angles	Dendrites Moderate, Axon Incomplete	Vaa3D	400	36577383	S2211-1247(22)01769-7	http://neuromorpho.org/api/morphometry/id/276057	H17-06-015-21-12-03_663159807_m_dendriteaxon	17225.6	6268.99	4.0	16.0	36.0	206.85	673.978	94.46	1.07669	543.426	628.206	5.0	0.865699	2294.0	0.366369	2.0	49.9939	1.03126	296.216	30.2261	5060.86	False	True	True	True	True	0.007113415506455425
dentate_gyrus	DG_human_all	276061	H16-06-008-21-02-01_685741524_m_dendriteaxon	Allen Cell Types	human	Not applicable	hippocampus;dentate gyrus;granule layer;left	principal cell;granule	adult	Year	24.0	24.0	Female	Epilepsy	in vitro	Dendrites, Soma, Axon	No Diameter, 3D, Angles	Dendrites Moderate, Axon Incomplete	Vaa3D	400	36577383	S2211-1247(22)01769-7	http://neuromorpho.org/api/morphometry/id/276061	H16-06-008-21-02-01_685741524_m_dendriteaxon	19112.7	6872.73	5.0	22.0	49.0	296.59	759.249	90.79	0.879562	692.003	734.435	5.0	0.928592	2851.0	0.466667	2.04928	62.2297	1.01497	591.697	34.2438	6618.72	False	True	True	True	True	0.007403244131795875
dentate_gyrus	DG_human_all	276086	H17-06-014-11-05-01_657986045_m_dendriteaxon	Allen Cell Types	human	Not applicable	hippocampus;dentate gyrus;granule layer;left	principal cell;granule	adult	Year	44.0	44.0	Male	Epilepsy	in vitro	Dendrites, Soma, Axon	No Diameter, 3D, Angles	Dendrites Moderate, Axon Incomplete	Vaa3D	400	36577383	S2211-1247(22)01769-7	http://neuromorpho.org/api/morphometry/id/276086	H17-06-014-11-05-01_657986045_m_dendriteaxon	9186.97	2045.17	4.0	14.0	32.0	128.359	501.46	57.97	0.761081	524.942	607.858	7.0	0.873298	3376.0	0.60119	2.0	72.9601	1.02813	225.278	18.6138	3817.23	False	True	True	True	True	0.00838304215360353
dentate_gyrus	DG_human_all	276095	H16-06-013-05-03-01_575210452_m_dendriteaxon	Allen Cell Types	human	Not applicable	hippocampus;dentate gyrus;granule layer;left	principal cell;granule	adult	Year	34.0	34.0	Female	Epilepsy	in vitro	Dendrites, Soma, Axon	No Diameter, 3D, Angles	Dendrites Moderate, Axon Incomplete	Vaa3D	400	36577383	S2211-1247(22)01769-7	http://neuromorpho.org/api/morphometry/id/276095	H16-06-013-05-03-01_575210452_m_dendriteaxon	9766.68	4937.06	3.0	8.0	19.0	120.3	543.87	90.85	1.0227	529.544	581.682	5.0	0.824578	1763.0	0.491071	1.58108	43.5971	1.04821	1044.26	23.9735	2394.68	False	True	True	True	True	0.007934254263617687
dentate_gyrus	DG_human_all	276103	H18-06-368-99-02-03_813165001_m_dendriteaxon	Allen Cell Types	human	Not applicable	hippocampus;dentate gyrus;granule layer;left	principal cell;granule	adult	Year	59.0	59.0	Male	Epilepsy	in vitro	Dendrites, Soma, Axon	No Diameter, 3D, Angles	Dendrites Moderate, Axon Incomplete	Vaa3D	400	36577383	S2211-1247(22)01769-7	http://neuromorpho.org/api/morphometry/id/276103	H18-06-368-99-02-03_813165001_m_dendriteaxon	9991.84	3364.21	3.0	13.0	29.0	169.436	504.039	132.4	1.02126	462.138	546.09	5.0	0.889498	2597.0	0.366667	1.88584	69.6964	1.02564	156.579	33.0438	3087.14	False	True	True	True	True	0.009393807860997559
dentate_gyrus	DG_human_all	276104	H18-06-368-99-05-02_813191777_m_dendriteOnly	Allen Cell Types	human	Not applicable	hippocampus;dentate gyrus;granule layer;left	principal cell;granule	adult	Year	59.0	59.0	Male	Epilepsy	in vitro	Dendrites, Soma, Axon	No Diameter, 3D, Angles	Dendrites Moderate, Axon Incomplete	Vaa3D	400	36577383	S2211-1247(22)01769-7	http://neuromorpho.org/api/morphometry/id/276104	H18-06-368-99-05-02_813191777_m_dendriteOnly	12265.1	4843.98	2.0	14.0	30.0	304.425	481.222	109.96	1.1809	445.29	522.176	7.0	0.898289	2805.0	0.352381	1.86352	60.7269	1.02479	286.495	25.6852	3291.05	False	True	True	True	True	0.009115631789246592
dentate_gyrus	DG_human_all	276109	H18-06-368-99-03-03_823490783_m_dendriteaxon	Allen Cell Types	human	Not applicable	hippocampus;dentate gyrus;granule layer;left	principal cell;granule	adult	Year	59.0	59.0	Male	Epilepsy	in vitro	Dendrites, Soma, Axon	No Diameter, 3D, Angles	Dendrites Moderate, Axon Incomplete	Vaa3D	400	36577383	S2211-1247(22)01769-7	http://neuromorpho.org/api/morphometry/id/276109	H18-06-368-99-03-03_823490783_m_dendriteaxon	8732.06	3275.27	3.0	9.0	21.0	134.176	394.599	74.12	1.20402	473.334	555.238	4.0	0.866637	1842.0	0.611111	2.0	72.7426	1.02968	157.656	29.5098	2336.69	False	True	True	True	True	0.00898707145577719
dentate_gyrus	DG_human_all	276114	H18-06-368-99-01-03_814124801_m_dendriteOnly	Allen Cell Types	human	Not applicable	hippocampus;dentate gyrus;granule layer;left	principal cell;granule	adult	Year	59.0	59.0	Male	Epilepsy	in vitro	Dendrites, Soma, Axon	No Diameter, 3D, Angles	Dendrites Moderate, Axon Incomplete	Vaa3D	400	36577383	S2211-1247(22)01769-7	http://neuromorpho.org/api/morphometry/id/276114	H18-06-368-99-01-03_814124801_m_dendriteOnly	12197.6	3445.01	4.0	15.0	34.0	362.505	488.73	158.08	0.949976	506.979	612.441	5.0	0.889943	3398.0	0.582857	1.87725	56.3727	1.02709	133.835	58.2347	4063.69	False	True	True	True	True	0.00836677994630496
dentate_gyrus	DG_human_all	276125	H17-06-015-21-12-02_666323589_m_dendriteaxon	Allen Cell Types	human	Not applicable	hippocampus;dentate gyrus;granule layer	principal cell;granule	adult	Year	19.0	19.0	Male	Epilepsy	in vitro	Dendrites, Soma, Axon	No Diameter, 3D, Angles	Dendrites Moderate, Axon Incomplete	Vaa3D	400	36577383	S2211-1247(22)01769-7	http://neuromorpho.org/api/morphometry/id/276125	H17-06-015-21-12-02_666323589_m_dendriteaxon	13574.7	2518.07	3.0	34.0	71.0	805.594	2690.6	244.58	0.443261	2328.91	2966.09	9.0	0.848852	4486.0	0.515126	2.0	70.462	1.0377	575.247	60.7706	9867.47	False	True	True	True	True	0.007195360107504761
dentate_gyrus	DG_human_all	276138	H18-06-366-99-03-03_791542189_m_dendriteNoAxon	Allen Cell Types	human	Not applicable	hippocampus;dentate gyrus;granule layer;left	principal cell;granule	adult	Year	38.0	38.0	Male	Epilepsy	in vitro	Dendrites, Soma, No Axon	No Diameter, 3D, Angles	Dendrites Moderate	Vaa3D	400	36577383	S2211-1247(22)01769-7	http://neuromorpho.org/api/morphometry/id/276138	H18-06-366-99-03-03_791542189_m_dendriteNoAxon	13950.4	5692.95	3.0	18.0	39.0	426.794	649.85	64.14	1.21937	725.928	854.38	9.0	0.842548	1595.0	0.447685	1.99347	82.0313	1.04813	1026.18	61.2913	3611.27	False	True	True	True	True	0.01079952482090788
dentate_gyrus	DG_human_all	276148	H16-06-013-05-01-01_576675715_m_dendriteaxon	Allen Cell Types	human	Not applicable	hippocampus;dentate gyrus;granule layer;left	principal cell;granule	adult	Year	34.0	34.0	Female	Epilepsy	in vitro	Dendrites, Soma, Axon	No Diameter, 3D, Angles	Dendrites Moderate, Axon Incomplete	Vaa3D	400	36577383	S2211-1247(22)01769-7	http://neuromorpho.org/api/morphometry/id/276148	H16-06-013-05-01-01_576675715_m_dendriteaxon	19919.3	5935.39	5.0	37.0	79.0	503.709	1104.21	169.48	0.55292	627.994	1364.33	12.0	0.875043	8072.0	0.495733	1.95646	69.2663	1.03112	1291.1	76.0505	10211.6	False	True	True	True	True	0.007736299894237925
dentate_gyrus	DG_human_all	276150	H17-06-015-21-09-08_669893886_m_dendriteaxon	Allen Cell Types	human	Not applicable	hippocampus;dentate gyrus;granule layer	principal cell;granule	adult	Year	19.0	19.0	Male	Epilepsy	in vitro	Dendrites, Soma, Axon	No Diameter, 3D, Angles	Dendrites Moderate, Axon Incomplete	Vaa3D	400	36577383	S2211-1247(22)01769-7	http://neuromorpho.org/api/morphometry/id/276150	H17-06-015-21-09-08_669893886_m_dendriteaxon	14257.5	5689.63	5.0	16.0	37.0	77.4782	399.681	223.3	1.17151	438.721	532.898	7.0	0.900896	3280.0	0.513889	1.76723	54.0745	1.02757	200.866	24.6664	3857.59	False	True	True	True	True	0.009591480691312451
dentate_gyrus	DG_human_all	276151	H18-06-368-99-04-03_815813776_m_dendriteOnly	Allen Cell Types	human	Not applicable	hippocampus;dentate gyrus;granule layer;left	principal cell;granule	adult	Year	59.0	59.0	Male	Epilepsy	in vitro	Dendrites, Soma, Axon	No Diameter, 3D, Angles	Dendrites Moderate, Axon Incomplete	Vaa3D	400	36577383	S2211-1247(22)01769-7	http://neuromorpho.org/api/morphometry/id/276151	H18-06-368-99-04-03_815813776_m_dendriteOnly	9271.1	3004.65	3.0	7.0	17.0	351.88	510.981	88.6	0.94722	566.851	685.566	3.0	0.852052	2619.0	0.428571	1.88094	64.7754	1.03679	122.988	24.0936	3101.93	False	True	True	True	True	0.0054804589400792416
dentate_gyrus	DG_human_all	276154	H18-06-368-99-03-01_823496744_m_dendriteOnly	Allen Cell Types	human	Not applicable	hippocampus;dentate gyrus;granule layer;left	principal cell;granule	adult	Year	59.0	59.0	Male	Epilepsy	in vitro	Dendrites, Soma, Axon	No Diameter, 3D, Angles	Dendrites Moderate, Axon Incomplete	Vaa3D	400	36577383	S2211-1247(22)01769-7	http://neuromorpho.org/api/morphometry/id/276154	H18-06-368-99-03-01_823496744_m_dendriteOnly	6121.54	1409.03	4.0	10.0	24.0	232.42	471.759	87.21	0.734059	456.722	529.107	5.0	0.873689	2185.0	0.492857	1.78362	72.4663	1.02935	198.979	46.1702	2595.75	False	True	True	True	True	0.009245882692863335
dentate_gyrus	DG_human_all	276160	H17-06-015-21-09-06_669903838_m_dendriteaxon	Allen Cell Types	human	Not applicable	hippocampus;dentate gyrus;granule layer	principal cell;granule	adult	Year	19.0	19.0	Male	Epilepsy	in vitro	Dendrites, Soma, Axon	No Diameter, 3D, Angles	Dendrites Moderate, Axon Incomplete	Vaa3D	400	36577383	S2211-1247(22)01769-7	http://neuromorpho.org/api/morphometry/id/276160	H17-06-015-21-09-06_669903838_m_dendriteaxon	19733.9	6996.53	3.0	31.0	65.0	126.893	1034.75	667.84	0.670937	782.303	1269.43	8.0	0.854184	7609.0	0.359601	1.93257	67.7245	1.034	331.474	70.0753	9299.38	False	True	True	True	True	0.006989713292714138
dentate_gyrus	DG_human_all	276173	H17-06-014-11-12-01_663006852_m_dendriteaxon	Allen Cell Types	human	Not applicable	hippocampus;dentate gyrus;granule layer;left	principal cell;granule	adult	Year	44.0	44.0	Male	Epilepsy	in vitro	Dendrites, Soma, Axon	No Diameter, 3D, Angles	Dendrites Moderate, Axon Incomplete	Vaa3D	400	36577383	S2211-1247(22)01769-7	http://neuromorpho.org/api/morphometry/id/276173	H17-06-014-11-12-01_663006852_m_dendriteaxon	13365.0	4225.67	5.0	18.0	41.0	150.586	520.441	86.48	0.94161	532.853	612.235	6.0	0.886306	3924.0	0.418651	2.0	68.1298	1.02676	159.936	27.6283	4466.25	False	True	True	True	True	0.009179960817240413
dentate_gyrus	DG_human_all	276186	H18-06-368-99-06-03_813161720_m_dendriteOnly	Allen Cell Types	human	Not applicable	hippocampus;dentate gyrus;granule layer;left	principal cell;granule	adult	Year	59.0	59.0	Male	Epilepsy	in vitro	Dendrites, Soma, Axon	No Diameter, 3D, Angles	Dendrites Moderate, Axon Incomplete	Vaa3D	400	36577383	S2211-1247(22)01769-7	http://neuromorpho.org/api/morphometry/id/276186	H18-06-368-99-06-03_813161720_m_dendriteOnly	8048.73	1859.08	3.0	10.0	23.0	277.496	535.967	71.22	0.767587	581.822	658.655	4.0	0.873819	2907.0	0.55	1.91222	81.904	1.03222	128.335	25.3626	3308.85	False	True	True	True	True	0.00695105550266709
dentate_gyrus	DG_human_all	276201	H18-06-366-99-02-03_790840300_m_dendriteOnly	Allen Cell Types	human	Not applicable	hippocampus;dentate gyrus;granule layer;left	principal cell;granule	adult	Year	38.0	38.0	Male	Epilepsy	in vitro	Dendrites, Soma, Axon	No Diameter, 3D, Angles	Dendrites Moderate, Axon Incomplete	Vaa3D	400	36577383	S2211-1247(22)01769-7	http://neuromorpho.org/api/morphometry/id/276201	H18-06-366-99-02-03_790840300_m_dendriteOnly	18245.3	8069.79	4.0	15.0	34.0	182.418	533.221	103.05	1.4728	551.739	697.158	6.0	0.819197	1722.0	0.469841	1.93834	67.6225	1.04778	1575.21	45.9883	3936.17	False	True	True	True	True	0.008637838304748017
dentate_gyrus	DG_human_all	276202	H16-06-013-05-01-02_576679789_m_dendriteaxon	Allen Cell Types	human	Not applicable	hippocampus;dentate gyrus;granule layer;left	principal cell;granule	adult	Year	34.0	34.0	Female	Epilepsy	in vitro	Dendrites, Soma, Axon	No Diameter, 3D, Angles	Dendrites Moderate, Axon Incomplete	Vaa3D	400	36577383	S2211-1247(22)01769-7	http://neuromorpho.org/api/morphometry/id/276202	H16-06-013-05-01-02_576679789_m_dendriteaxon	20366.2	8797.36	4.0	22.0	48.0	305.155	1099.73	261.97	0.785711	642.877	890.612	10.0	0.872384	4574.0	0.600649	1.94073	67.0129	1.03022	930.852	51.1148	6495.11	False	True	True	True	True	0.007390175070168173
dentate_gyrus	DG_human_all	276212	H18-06-368-99-06-04_813168569_m_dendriteOnly	Allen Cell Types	human	Not applicable	hippocampus;dentate gyrus;granule layer;left	principal cell;granule	adult	Year	59.0	59.0	Male	Epilepsy	in vitro	Dendrites, Soma, Axon	No Diameter, 3D, Angles	Dendrites Moderate, Axon Incomplete	Vaa3D	400	36577383	S2211-1247(22)01769-7	http://neuromorpho.org/api/morphometry/id/276212	H18-06-368-99-06-04_813168569_m_dendriteOnly	3560.22	641.68	3.0	7.0	17.0	215.893	387.849	36.28	0.652976	450.504	525.072	3.0	0.880961	1528.0	0.47619	2.0	83.7523	1.03313	236.197	39.3937	1728.61	False	True	True	True	True	0.009834491296475203
dentate_gyrus	DG_human_all	276214	H16-06-013-05-04-03_574838391_m_dendriteaxon	Allen Cell Types	human	Not applicable	hippocampus;dentate gyrus;granule layer;left	principal cell;granule	adult	Year	34.0	34.0	Female	Epilepsy	in vitro	Dendrites, Soma, Axon	No Diameter, 3D, Angles	Dendrites Moderate, Axon Incomplete	Vaa3D	400	36577383	S2211-1247(22)01769-7	http://neuromorpho.org/api/morphometry/id/276214	H16-06-013-05-04-03_574838391_m_dendriteaxon	10400.1	3579.06	4.0	11.0	26.0	565.777	374.744	84.46	0.921762	503.433	611.538	4.0	0.772728	1496.0	0.363636	1.57105	66.3687	1.06363	1292.85	76.7637	3492.45	False	True	True	True	True	0.00744463056020845
dentate_gyrus	DG_human_all	276218	H17-06-014-11-07-03_661310115_m_dendriteaxon	Allen Cell Types	human	Not applicable	hippocampus;dentate gyrus;granule layer;left	principal cell;granule	adult	Year	44.0	44.0	Male	Epilepsy	in vitro	Dendrites, Soma, Axon	No Diameter, 3D, Angles	Dendrites Moderate, Axon Incomplete	Vaa3D	400	36577383	S2211-1247(22)01769-7	http://neuromorpho.org/api/morphometry/id/276218	H17-06-014-11-07-03_661310115_m_dendriteaxon	9973.27	3089.15	3.0	13.0	29.0	324.335	369.597	68.23	0.957844	459.497	564.047	5.0	0.860455	2876.0	0.463736	1.96261	64.0412	1.03381	134.711	32.4831	3302.75	False	True	True	True	True	0.008780561653167814
dentate_gyrus	DG_human_all	276220	H18-06-366-99-06-01_791551088_m_dendriteOnly	Allen Cell Types	human	Not applicable	hippocampus;dentate gyrus;granule layer;left	principal cell;granule	adult	Year	38.0	38.0	Male	Epilepsy	in vitro	Dendrites, Soma, Axon	No Diameter, 3D, Angles	Dendrites Moderate, Axon Incomplete	Vaa3D	400	36577383	S2211-1247(22)01769-7	http://neuromorpho.org/api/morphometry/id/276220	H18-06-366-99-06-01_791551088_m_dendriteOnly	34336.0	14558.6	7.0	20.0	47.0	262.564	566.547	185.36	1.28855	626.915	712.068	4.0	0.896545	3614.0	0.421429	1.95149	70.0077	1.02191	842.687	31.5784	8460.83	False	True	True	True	True	0.005555010560429651
dentate_gyrus	DG_human_all	276223	H17-06-014-11-02-04_663025846_m_dendriteaxon	Allen Cell Types	human	Not applicable	hippocampus;dentate gyrus;granule layer;left	principal cell;granule	adult	Year	44.0	44.0	Male	Epilepsy	in vitro	Dendrites, Soma, Axon	No Diameter, 3D, Angles	Dendrites Moderate, Axon Incomplete	Vaa3D	400	36577383	S2211-1247(22)01769-7	http://neuromorpho.org/api/morphometry/id/276223	H17-06-014-11-02-04_663025846_m_dendriteaxon	5703.55	1176.25	3.0	29.0	61.0	298.903	390.011	109.19	0.62075	262.318	385.847	6.0	0.837538	2586.0	0.563602	1.96913	83.7839	1.05207	71.572	72.2014	2927.27	False	True	True	True	True	0.020838528731548508
dentate_gyrus	DG_human_all	276228	H17-06-014-11-07-01_661307789_m_dendriteaxon	Allen Cell Types	human	Not applicable	hippocampus;dentate gyrus;granule layer;left	principal cell;granule	adult	Year	44.0	44.0	Male	Epilepsy	in vitro	Dendrites, Soma, Axon	No Diameter, 3D, Angles	Dendrites Moderate, Axon Incomplete	Vaa3D	400	36577383	S2211-1247(22)01769-7	http://neuromorpho.org/api/morphometry/id/276228	H17-06-014-11-07-01_661307789_m_dendriteaxon	8641.21	2135.2	3.0	11.0	25.0	244.042	474.49	56.16	0.813946	474.118	594.548	5.0	0.920676	2968.0	0.472727	2.0	67.4076	1.01648	131.996	25.0786	3365.65	False	True	True	True	True	0.007427985678843611
dentate_gyrus	DG_human_all	276248	H18-06-366-99-03-04_791546606_m_dendriteOnly	Allen Cell Types	human	Not applicable	hippocampus;dentate gyrus;granule layer;left	principal cell;granule	adult	Year	38.0	38.0	Male	Epilepsy	in vitro	Dendrites, Soma, Axon	No Diameter, 3D, Angles	Dendrites Moderate, Axon Incomplete	Vaa3D	400	36577383	S2211-1247(22)01769-7	http://neuromorpho.org/api/morphometry/id/276248	H18-06-366-99-03-04_791546606_m_dendriteOnly	16387.2	6147.22	3.0	17.0	37.0	296.883	583.441	192.71	1.12523	525.895	677.318	6.0	0.840329	1981.0	0.428105	1.95855	78.438	1.03902	976.349	47.376	4581.11	False	True	True	True	True	0.008076645179879986
dentate_gyrus	DG_human_all	276253	H18-06-366-99-03-01_792328800_m_dendriteOnly	Allen Cell Types	human	Not applicable	hippocampus;dentate gyrus;granule layer;left	principal cell;granule	adult	Year	38.0	38.0	Male	Epilepsy	in vitro	Dendrites, Soma, Axon	No Diameter, 3D, Angles	Dendrites Moderate, Axon Incomplete	Vaa3D	400	36577383	S2211-1247(22)01769-7	http://neuromorpho.org/api/morphometry/id/276253	H18-06-366-99-03-01_792328800_m_dendriteOnly	19286.1	7909.47	4.0	17.0	38.0	154.308	752.39	65.83	1.30402	804.654	1024.73	5.0	0.8707	2039.0	0.478151	1.94352	70.3123	1.03149	1035.35	36.6842	4656.0	False	True	True	True	True	0.00816151202749141
dentate_gyrus	DG_human_all	276287	H18-06-368-99-02-01_813185418_m_dendriteOnly	Allen Cell Types	human	Not applicable	hippocampus;dentate gyrus;granule layer;left	principal cell;granule	adult	Year	59.0	59.0	Male	Epilepsy	in vitro	Dendrites, Soma, Axon	No Diameter, 3D, Angles	Dendrites Moderate, Axon Incomplete	Vaa3D	400	36577383	S2211-1247(22)01769-7	http://neuromorpho.org/api/morphometry/id/276287	H18-06-368-99-02-01_813185418_m_dendriteOnly	6553.02	1623.56	3.0	9.0	21.0	428.331	216.54	107.67	0.816444	427.441	510.14	3.0	0.856897	2033.0	0.133333	1.91181	54.8812	1.03315	43.577	35.7368	2545.14	False	True	True	True	True	0.008251019590277941
dentate_gyrus	DG_human_all	276310	H18-06-368-99-05-03_813194817_m_dendriteOnly	Allen Cell Types	human	Not applicable	hippocampus;dentate gyrus;granule layer;left	principal cell;granule	adult	Year	59.0	59.0	Male	Epilepsy	in vitro	Dendrites, Soma, Axon	No Diameter, 3D, Angles	Dendrites Moderate, Axon Incomplete	Vaa3D	400	36577383	S2211-1247(22)01769-7	http://neuromorpho.org/api/morphometry/id/276310	H18-06-368-99-05-03_813194817_m_dendriteOnly	7232.66	1987.83	4.0	13.0	30.0	205.72	411.663	94.81	0.83503	448.375	501.578	5.0	0.896227	2245.0	0.365385	2.0	60.7126	1.02613	247.313	33.989	2762.94	False	True	True	True	True	0.010857999087928076
dentate_gyrus	DG_human_all	276314	H18-06-368-99-03-02_823499346_m_dendriteaxon	Allen Cell Types	human	Not applicable	hippocampus;dentate gyrus;granule layer;left	principal cell;granule	adult	Year	59.0	59.0	Male	Epilepsy	in vitro	Dendrites, Soma, Axon	No Diameter, 3D, Angles	Dendrites Moderate, Axon Incomplete	Vaa3D	400	36577383	S2211-1247(22)01769-7	http://neuromorpho.org/api/morphometry/id/276314	H18-06-368-99-03-02_823499346_m_dendriteaxon	6564.2	1903.25	3.0	11.0	25.0	148.51	528.89	129.8	0.871936	524.179	575.466	5.0	0.892457	1966.0	0.383838	2.0	74.8368	1.02503	160.42	33.7104	2363.23	False	True	True	True	True	0.01057874180676447
dentate_gyrus	DG_human_all	276322	H18-06-366-99-04-06_805365743_m_dendriteOnly	Allen Cell Types	human	Not applicable	hippocampus;dentate gyrus;granule layer;left	principal cell;granule	adult	Year	38.0	38.0	Male	Epilepsy	in vitro	Dendrites, Soma, Axon	No Diameter, 3D, Angles	Dendrites Moderate, Axon Incomplete	Vaa3D	400	36577383	S2211-1247(22)01769-7	http://neuromorpho.org/api/morphometry/id/276322	H18-06-366-99-04-06_805365743_m_dendriteOnly	13032.6	5394.59	2.0	14.0	30.0	182.082	398.491	105.38	1.28395	444.502	536.294	5.0	0.861145	1345.0	0.460317	1.93	70.431	1.03239	850.155	46.4073	3230.2	False	True	True	True	True	0.00928735062844406
dentate_gyrus	DG_human_all	276865	H17-06-014-11-02-01_663019250_m_dendriteaxon	Allen Cell Types	human	Not applicable	hippocampus;dentate gyrus;granule layer;left	principal cell;granule	adult	Year	44.0	44.0	Male	Epilepsy	in vitro	Dendrites, No Soma, Axon	No Diameter, 3D, Angles	Dendrites Moderate, Axon Incomplete	Vaa3D	400	36577383	S2211-1247(22)01769-7	http://neuromorpho.org/api/morphometry/id/276865	H17-06-014-11-02-01_663019250_m_dendriteaxon	6259.43	1595.28	2.0	10.0	22.0	75.4699	450.55	151.64	0.741619	513.356	590.219	5.0	0.898789	2369.0	0.409091	1.78298	82.6122	1.02323		60.4177	2688.85	False	True	True	True	True	0.008181936515610763
dentate_gyrus	DG_human_all	276869	H16-06-013-05-07-03_575154708_m_dendriteaxon	Allen Cell Types	human	Not applicable	hippocampus;dentate gyrus;granule layer;left	principal cell;granule	adult	Year	34.0	34.0	Female	Epilepsy	in vitro	Dendrites, Soma, Axon	No Diameter, 3D, Angles	Dendrites Moderate, Axon Incomplete	Vaa3D	400	36577383	S2211-1247(22)01769-7	http://neuromorpho.org/api/morphometry/id/276869	H16-06-013-05-07-03_575154708_m_dendriteaxon	23938.8	9333.85	4.0	36.0	76.0	711.002	1881.91	103.31	0.609457	1497.71	1986.8	7.0	0.833477	4326.0	0.463161	1.8759	79.6289	1.04654	1341.33	65.5928	10446.2	False	True	True	True	True	0.007275372862859221
dentate_gyrus	DG_human_all	276872	H18-06-366-99-03-02_791188232_m_dendriteOnly	Allen Cell Types	human	Not applicable	hippocampus;dentate gyrus;granule layer;left	principal cell;granule	adult	Year	38.0	38.0	Male	Epilepsy	in vitro	Dendrites, Soma, Axon	No Diameter, 3D, Angles	Dendrites Moderate, Axon Incomplete	Vaa3D	400	36577383	S2211-1247(22)01769-7	http://neuromorpho.org/api/morphometry/id/276872	H18-06-366-99-03-02_791188232_m_dendriteOnly	12508.1	5109.74	6.0	18.0	42.0	257.531	473.921	162.02	1.15065	527.792	625.836	4.0	0.861619	1482.0	0.388889	2.0	79.1218	1.0385	985.879	57.9876	3415.45	False	True	True	True	True	0.012297061880572106
dentate_gyrus	DG_human_all	276883	H17-06-014-11-07-02_661304936_m_dendriteaxon	Allen Cell Types	human	Not applicable	hippocampus;dentate gyrus;granule layer;left	principal cell;granule	adult	Year	44.0	44.0	Male	Epilepsy	in vitro	Dendrites, Soma, Axon	No Diameter, 3D, Angles	Dendrites Moderate, Axon Incomplete	Vaa3D	400	36577383	S2211-1247(22)01769-7	http://neuromorpho.org/api/morphometry/id/276883	H17-06-014-11-07-02_661304936_m_dendriteaxon	8276.73	2518.32	4.0	13.0	30.0	158.381	404.36	63.28	0.99697	457.788	522.297	6.0	0.885926	2314.0	0.403846	1.7536	61.5058	1.03089	118.511	25.6139	2626.17	False	True	True	True	True	0.011423479820422897
dentate_gyrus	DG_human_all	276887	H18-06-368-99-03-04_823494590_m_dendriteOnly	Allen Cell Types	human	Not applicable	hippocampus;dentate gyrus;granule layer;left	principal cell;granule	adult	Year	59.0	59.0	Male	Epilepsy	in vitro	Dendrites, Soma, Axon	No Diameter, 3D, Angles	Dendrites Moderate, Axon Incomplete	Vaa3D	400	36577383	S2211-1247(22)01769-7	http://neuromorpho.org/api/morphometry/id/276887	H18-06-368-99-03-04_823494590_m_dendriteOnly	5305.7	2040.31	3.0	7.0	17.0	88.468	401.61	49.93	1.0823	383.142	431.234	3.0	0.869862	1317.0	0.214286	1.76767	51.6802	1.03189	280.014	65.5203	1545.08	False	True	True	True	True	0.01100266652859399
dentate_gyrus	DG_human_all	276890	H16-06-013-05-03-02_575214001_m_dendriteaxon	Allen Cell Types	human	Not applicable	hippocampus;dentate gyrus;granule layer;left	principal cell;granule	adult	Year	34.0	34.0	Female	Epilepsy	in vitro	Dendrites, Soma, Axon	No Diameter, 3D, Angles	Dendrites Moderate, Axon Incomplete	Vaa3D	400	36577383	S2211-1247(22)01769-7	http://neuromorpho.org/api/morphometry/id/276890	H16-06-013-05-03-02_575214001_m_dendriteaxon	11137.6	2737.93	4.0	24.0	52.0	619.821	2041.15	215.22	0.421721	1663.63	1879.01	10.0	0.856051	3635.0	0.615741	1.95087	82.1886	1.03633	892.277	81.8842	8275.35	False	True	True	True	True	0.006283722138640662
dentate_gyrus	DG_human_all	276891	H18-06-368-99-04-05_815821581_m_dendriteaxon	Allen Cell Types	human	Not applicable	hippocampus;dentate gyrus;granule layer;left	principal cell;granule	adult	Year	59.0	59.0	Male	Epilepsy	in vitro	Dendrites, Soma, Axon	No Diameter, 3D, Angles	Dendrites Moderate, Axon Incomplete	Vaa3D	400	36577383	S2211-1247(22)01769-7	http://neuromorpho.org/api/morphometry/id/276891	H18-06-368-99-04-05_815821581_m_dendriteaxon	13365.2	3619.9	3.0	15.0	33.0	269.182	572.009	93.65	0.892288	545.923	619.448	7.0	0.88993	4128.0	0.460969	1.98266	74.5205	1.02542	243.717	37.3793	4754.56	False	True	True	True	True	0.006940705343922465
dentate_gyrus	DG_human_all	276900	H16-06-013-05-05-04_575138382_m_DendriteAxon	Allen Cell Types	human	Not applicable	hippocampus;dentate gyrus;granule layer;left	principal cell;granule	adult	Year	34.0	34.0	Female	Epilepsy	in vitro	Dendrites, Soma, Axon	No Diameter, 3D, Angles	Dendrites Moderate, Axon Incomplete	Vaa3D	400	36577383	S2211-1247(22)01769-7	http://neuromorpho.org/api/morphometry/id/276900	H16-06-013-05-05-04_575138382_m_DendriteAxon	33474.7	11314.6	4.0	53.0	110.0	860.018	1260.14	110.62	0.664711	1014.71	1521.07	8.0	0.850806	5875.0	0.392498	1.99003	74.9451	1.04255	928.026	63.5746	13999.6	False	True	True	True	True	0.007857367353352953
dentate_gyrus	DG_human_all	276903	H18-06-368-99-04-02_815793212_m_dendriteonly	Allen Cell Types	human	Not applicable	hippocampus;dentate gyrus;granule layer;left	principal cell;granule	adult	Year	59.0	59.0	Male	Epilepsy	in vitro	Dendrites, Soma, Axon	No Diameter, 3D, Angles	Dendrites Moderate, Axon Incomplete	Vaa3D	400	36577383	S2211-1247(22)01769-7	http://neuromorpho.org/api/morphometry/id/276903	H18-06-368-99-04-02_815793212_m_dendriteonly	11617.6	3860.51	2.0	8.0	18.0	256.607	620.991	66.95	1.07958	647.454	737.174	5.0	0.859587	2898.0	0.75	1.89319	76.6916	1.03361	247.593	52.7435	3406.18	False	True	True	True	True	0.005284512268875985
dentate_gyrus	DG_human_all	276911	H18-06-368-99-06-05_813155163_m_dendriteOnly	Allen Cell Types	human	Not applicable	hippocampus;dentate gyrus;granule layer;left	principal cell;granule	adult	Year	59.0	59.0	Male	Epilepsy	in vitro	Dendrites, Soma, Axon	No Diameter, 3D, Angles	Dendrites Moderate, Axon Incomplete	Vaa3D	400	36577383	S2211-1247(22)01769-7	http://neuromorpho.org/api/morphometry/id/276911	H18-06-368-99-06-05_813155163_m_dendriteOnly	5429.36	1065.26	2.0	7.0	16.0	107.57	719.18	77.83	0.695063	751.478	853.763	4.0	0.881468	2167.0	0.47619	1.86719	77.7651	1.02902	188.215	50.2349	2484.56	False	True	True	True	True	0.006439772032070065
dentate_gyrus	DG_human_all	276913	H16-06-013-05-01-03_576683819_m_DendriteAxon	Allen Cell Types	human	Not applicable	hippocampus;dentate gyrus;granule layer;left	principal cell;granule	adult	Year	34.0	34.0	Female	Epilepsy	in vitro	Dendrites, Soma, Axon	No Diameter, 3D, Angles	Dendrites Moderate, Axon Incomplete	Vaa3D	400	36577383	S2211-1247(22)01769-7	http://neuromorpho.org/api/morphometry/id/276913	H16-06-013-05-01-03_576683819_m_DendriteAxon	14962.1	3357.56	6.0	25.0	56.0	878.896	774.592	229.77	0.502095	671.739	1132.31	10.0	0.871202	7428.0	0.502872	1.91458	80.3008	1.02779	1344.22	63.0461	8898.44	False	True	True	True	True	0.006293237915859408
dentate_gyrus	DG_human_all	276916	H17-06-015-21-09-05_670420867_m_dendriteaxon	Allen Cell Types	human	Not applicable	hippocampus;dentate gyrus;granule layer	principal cell;granule	adult	Year	19.0	19.0	Male	Epilepsy	in vitro	Dendrites, Soma, Axon	No Diameter, 3D, Angles	Dendrites Moderate, Axon Incomplete	Vaa3D	400	36577383	S2211-1247(22)01769-7	http://neuromorpho.org/api/morphometry/id/276916	H17-06-015-21-09-05_670420867_m_dendriteaxon	12925.8	4544.92	4.0	11.0	26.0	401.343	494.035	99.54	1.07775	552.969	648.792	5.0	0.875106	3248.0	0.575758	1.83398	53.4027	1.0258	289.117	36.0596	3784.41	False	True	True	True	True	0.006870291538179003
dentate_gyrus	DG_human_all	276926	H18-06-368-99-02-02_813151363_m_dendriteOnly	Allen Cell Types	human	Not applicable	hippocampus;dentate gyrus;granule layer;left	principal cell;granule	adult	Year	59.0	59.0	Male	Epilepsy	in vitro	Dendrites, Soma, Axon	No Diameter, 3D, Angles	Dendrites Moderate, Axon Incomplete	Vaa3D	400	36577383	S2211-1247(22)01769-7	http://neuromorpho.org/api/morphometry/id/276926	H18-06-368-99-02-02_813151363_m_dendriteOnly	4409.75	732.651	3.0	9.0	21.0	211.136	416.967	73.94	0.594571	423.143	474.251	5.0	0.913345	1974.0	0.777778	1.90377	64.2316	1.02021	70.8341	41.5927	2357.19	False	True	True	True	True	0.008908912730836292
dentate_gyrus	DG_human_all	276939	H18-06-368-99-04-01_815790698_m_dendriteaxon	Allen Cell Types	human	Not applicable	hippocampus;dentate gyrus;granule layer;left	principal cell;granule	adult	Year	59.0	59.0	Male	Epilepsy	in vitro	Dendrites, Soma, Axon	No Diameter, 3D, Angles	Dendrites Moderate, Axon Incomplete	Vaa3D	400	36577383	S2211-1247(22)01769-7	http://neuromorpho.org/api/morphometry/id/276939	H18-06-368-99-04-01_815790698_m_dendriteaxon	6752.03	1809.06	3.0	8.0	19.0	351.877	571.418	42.23	0.855043	519.924	635.447	3.0	0.856433	2152.0	0.125	1.79159	70.6978	1.03658	327.115	49.0991	2497.66	False	True	True	True	True	0.007607120264567635
dentate_gyrus	DG_human_all	276970	H17-06-015-21-08-03_669330890_m_dendriteaxon	Allen Cell Types	human	Not applicable	hippocampus;dentate gyrus;granule layer	principal cell;granule	adult	Year	19.0	19.0	Male	Epilepsy	in vitro	Dendrites, Soma, Axon	No Diameter, 3D, Angles	Dendrites Moderate, Axon Incomplete	Vaa3D	400	36577383	S2211-1247(22)01769-7	http://neuromorpho.org/api/morphometry/id/276970	H17-06-015-21-08-03_669330890_m_dendriteaxon	9666.16	1922.04	3.0	18.0	39.0	287.205	384.803	69.92	0.698795	446.315	478.191	5.0	0.941045	3814.0	0.427513	2.0	57.8742	1.0134	96.0251	27.3773	4390.73	False	True	True	True	True	0.0088823498598183
dentate_gyrus	DG_human_all	276973	H18-06-368-99-05-01_813198793_m_dendriteOnly	Allen Cell Types	human	Not applicable	hippocampus;dentate gyrus;granule layer;left	principal cell;granule	adult	Year	59.0	59.0	Male	Epilepsy	in vitro	Dendrites, Soma, Axon	No Diameter, 3D, Angles	Dendrites Moderate, Axon Incomplete	Vaa3D	400	36577383	S2211-1247(22)01769-7	http://neuromorpho.org/api/morphometry/id/276973	H18-06-368-99-05-01_813198793_m_dendriteOnly	9131.14	2180.94	4.0	15.0	34.0	224.382	487.139	106.96	0.767167	559.262	650.674	8.0	0.886571	3248.0	0.39596	1.94364	70.5184	1.0304	140.02	38.8078	3751.62	False	True	True	True	True	0.009062751557993614
dentate_gyrus	DG_human_all	276983	H18-06-366-99-06-04_802880677_m_dendriteOnly	Allen Cell Types	human	Not applicable	hippocampus;dentate gyrus;granule layer;left	principal cell;granule	adult	Year	38.0	38.0	Male	Epilepsy	in vitro	Dendrites, Soma, Axon	No Diameter, 3D, Angles	Dendrites Moderate, Axon Incomplete	Vaa3D	400	36577383	S2211-1247(22)01769-7	http://neuromorpho.org/api/morphometry/id/276983	H18-06-366-99-06-04_802880677_m_dendriteOnly	23181.7	10492.8	2.0	17.0	36.0	297.25	735.92	98.88	1.35669	745.496	896.322	7.0	0.878981	2369.0	0.563725	1.94225	68.1956	1.03229	815.321	39.0809	5412.92	False	True	True	True	True	0.006650754121620124
dentate_gyrus	DG_human_all	276984	H18-06-368-99-06-02_813158411_m_dendriteOnly	Allen Cell Types	human	Not applicable	hippocampus;dentate gyrus;granule layer;left	principal cell;granule	adult	Year	59.0	59.0	Male	Epilepsy	in vitro	Dendrites, Soma, Axon	No Diameter, 3D, Angles	Dendrites Moderate, Axon Incomplete	Vaa3D	400	36577383	S2211-1247(22)01769-7	http://neuromorpho.org/api/morphometry/id/276984	H18-06-368-99-06-02_813158411_m_dendriteOnly	9273.66	2600.73	3.0	10.0	23.0	279.844	319.7	130.22	0.955395	397.788	494.677	4.0	0.84938	2636.0	0.453333	2.0	59.9336	1.0376	298.443	38.2949	3079.6	False	True	True	True	True	0.007468502402909469
dentate_gyrus	DG_human_all	276992	H17-06-015-21-09-02_669302550_m_dendriteaxon	Allen Cell Types	human	Not applicable	hippocampus;dentate gyrus;granule layer	principal cell;granule	adult	Year	19.0	19.0	Male	Epilepsy	in vitro	Dendrites, Soma, Axon	No Diameter, 3D, Angles	Dendrites Moderate, Axon Incomplete	Vaa3D	400	36577383	S2211-1247(22)01769-7	http://neuromorpho.org/api/morphometry/id/276992	H17-06-015-21-09-02_669302550_m_dendriteaxon	11689.7	2869.39	4.0	11.0	26.0	195.574	643.971	121.4	0.823391	585.506	700.686	4.0	0.87274	3911.0	0.409091	1.72703	68.7137	1.02584	408.797	30.7768	4484.82	False	True	True	True	True	0.005797334118203184
dentate_gyrus	DG_human_all	276999	H16-06-013-05-05-02_574874790_m_dendriteaxon	Allen Cell Types	human	Not applicable	hippocampus;dentate gyrus;granule layer;left	principal cell;granule	adult	Year	34.0	34.0	Female	Epilepsy	in vitro	Dendrites, Soma, Axon	No Diameter, 3D, Angles	Dendrites Moderate, Axon Incomplete	Vaa3D	400	36577383	S2211-1247(22)01769-7	http://neuromorpho.org/api/morphometry/id/276999	H16-06-013-05-05-02_574874790_m_dendriteaxon	14231.2	7729.9	3.0	24.0	51.0	558.09	1292.18	43.69	0.719058	820.067	896.169	9.0	0.882363	2128.0	0.747222	1.93337	69.3242	1.03112	2065.94	77.359	5073.43	False	True	True	True	True	0.010052370881238136
dentate_gyrus	DG_human_all	277001	H18-06-368-99-01-01_813226371_m_dendriteOnly	Allen Cell Types	human	Not applicable	hippocampus;dentate gyrus;granule layer;left	principal cell;granule	adult	Year	59.0	59.0	Male	Epilepsy	in vitro	Dendrites, Soma, Axon	No Diameter, 3D, Angles	Dendrites Moderate, Axon Incomplete	Vaa3D	400	36577383	S2211-1247(22)01769-7	http://neuromorpho.org/api/morphometry/id/277001	H18-06-368-99-01-01_813226371_m_dendriteOnly	12608.7	3742.14	4.0	13.0	30.0	211.351	516.31	79.3	0.952705	516.322	612.198	5.0	0.880946	3641.0	0.434066	2.0	62.0977	1.02708	255.227	25.677	4189.34	False	True	True	True	True	0.00716103252540973
dentate_gyrus	DG_human_all	277009	H17-06-015-21-09-03_669312443_m_dendriteaxon	Allen Cell Types	human	Not applicable	hippocampus;dentate gyrus;granule layer	principal cell;granule	adult	Year	19.0	19.0	Male	Epilepsy	in vitro	Dendrites, Soma, Axon	No Diameter, 3D, Angles	Dendrites Moderate, Axon Incomplete	Vaa3D	400	36577383	S2211-1247(22)01769-7	http://neuromorpho.org/api/morphometry/id/277009	H17-06-015-21-09-03_669312443_m_dendriteaxon	11310.1	3473.75	3.0	14.0	31.0	89.5999	508.419	216.18	0.93492	572.455	674.936	6.0	0.900156	3291.0	0.642857	1.93	61.4541	1.02183	102.288	38.7056	3803.94	False	True	True	True	True	0.008149445049080689
dentate_gyrus	DG_human_all	277011	H17-06-012-21-03-06_637409352_m_DendriteAxon	Allen Cell Types	human	Not applicable	hippocampus;dentate gyrus;granule layer;right	principal cell;granule	adult	Year	23.0	23.0	Male	Epilepsy	in vitro	Dendrites, Soma, Axon	No Diameter, 3D, Angles	Dendrites Moderate, Axon Incomplete	Vaa3D	400	36577383	S2211-1247(22)01769-7	http://neuromorpho.org/api/morphometry/id/277011	H17-06-012-21-03-06_637409352_m_DendriteAxon	30775.2	8554.51	2.0	139.0	280.0	786.784	984.971	189.22	0.331976	874.19	2255.11	21.0	0.870506	12786.0	0.570272	1.93398	92.0365	1.03097	2454.57	84.1369	29100.5	False	True	True	True	True	0.009621827803645986
dentate_gyrus	DG_human_all	277012	H17-06-014-11-02-03_663002070_m_dendriteaxon	Allen Cell Types	human	Not applicable	hippocampus;dentate gyrus;granule layer;left	principal cell;granule	adult	Year	44.0	44.0	Male	Epilepsy	in vitro	Dendrites, Soma, Axon	No Diameter, 3D, Angles	Dendrites Moderate, Axon Incomplete	Vaa3D	400	36577383	S2211-1247(22)01769-7	http://neuromorpho.org/api/morphometry/id/277012	H17-06-014-11-02-03_663002070_m_dendriteaxon	10697.9	3814.61	4.0	16.0	36.0	229.861	430.187	68.56	1.07282	312.999	393.731	6.0	0.889403	2763.0	0.604167	1.8341	70.7376	1.02983	111.549	35.8956	3137.32	False	True	True	True	True	0.011474761898690601
dentate_gyrus	DG_human_all	277016	H18-06-368-99-04-06_816294814_m_dendriteOnly	Allen Cell Types	human	Not applicable	hippocampus;dentate gyrus;granule layer;left	principal cell;granule	adult	Year	59.0	59.0	Male	Epilepsy	in vitro	Dendrites, Soma, Axon	No Diameter, 3D, Angles	Dendrites Moderate, Axon Incomplete	Vaa3D	400	36577383	S2211-1247(22)01769-7	http://neuromorpho.org/api/morphometry/id/277016	H18-06-368-99-04-06_816294814_m_dendriteOnly	12532.7	4648.65	2.0	13.0	28.0	264.839	523.22	69.56	1.14359	497.67	575.644	5.0	0.893844	2876.0	0.579487	1.92917	60.2085	1.02645	259.646	54.5379	3439.09	False	True	True	True	True	0.008141688644379762
dentate_gyrus	DG_human_all	277035	H17-06-015-21-10-01_664501117_m_dendriteaxon	Allen Cell Types	human	Not applicable	hippocampus;dentate gyrus;granule layer	principal cell;granule	adult	Year	19.0	19.0	Male	Epilepsy	in vitro	Dendrites, Soma, Axon	No Diameter, 3D, Angles	Dendrites Moderate, Axon Incomplete	Vaa3D	400	36577383	S2211-1247(22)01769-7	http://neuromorpho.org/api/morphometry/id/277035	H17-06-015-21-10-01_664501117_m_dendriteaxon	18634.7	7313.21	4.0	25.0	54.0	597.53	427.642	116.75	1.06056	496.915	658.189	5.0	0.803332	4832.0	0.474667	2.0	72.5307	1.05738	462.073	49.2556	5512.27	False	True	True	True	True	0.009796327102990237
dentate_gyrus	DG_human_all	277037	H17-06-015-21-09-04_669321959_m_dendriteaxon	Allen Cell Types	human	Not applicable	hippocampus;dentate gyrus;granule layer	principal cell;granule	adult	Year	19.0	19.0	Male	Epilepsy	in vitro	Dendrites, Soma, Axon	No Diameter, 3D, Angles	Dendrites Moderate, Axon Incomplete	Vaa3D	400	36577383	S2211-1247(22)01769-7	http://neuromorpho.org/api/morphometry/id/277037	H17-06-015-21-09-04_669321959_m_dendriteaxon	9968.67	2709.99	6.0	9.0	24.0	167.582	549.23	82.94	0.906152	608.213	704.236	4.0	0.864891	2980.0	0.444444	2.0	53.1916	1.02962	438.933	26.9355	3477.35	False	True	True	True	True	0.006901807410815707
cerebellum	CB_all_species_all	32462	195-4-10nj	Jacobs	clouded leopard	Not reported	cerebellum;cerebellar cortex;stratum granulare;dorsal;right	granule;principal cell	adult	Year	20.0	28.0	Female	Control	in vitro	Dendrites, Soma, No Axon	Diameter, 3D, Angles	Dendrites Moderate	Neurolucida	120	24795574	10.3389/fnana.2014.00024	http://neuromorpho.org/api/morphometry/id/32462	195-4-10nj	579.025	360.714	4.0	6.0	16.0	22.5897	57.0599	38.77	1.0929	47.514	56.7991	2.0	0.849365	53.0	0.166667	1.91614	96.1728	1.10298	158.05	85.8021	185.525	True	True	True	True	True	0.0862417463953645
cerebellum	CB_all_species_all	32463	195-4-11nj	Jacobs	clouded leopard	Not reported	cerebellum;cerebellar cortex;stratum granulare;dorsal;right	granule;principal cell	adult	Year	20.0	28.0	Female	Control	in vitro	Dendrites, Soma, No Axon	No Diameter, 3D, Angles	Dendrites Moderate	Neurolucida	120	24795574	10.3389/fnana.2014.00024	http://neuromorpho.org/api/morphometry/id/32463	195-4-11nj	499.192	466.272	3.0	2.0	7.0	24.3198	65.5707	11.71	1.36859	54.8132	74.9584	1.0	0.803682	35.0	0.5	2.0	83.1495	1.1729	203.95	88.3479	135.039	True	True	True	True	True	0.051836876754122886
cerebellum	CB_all_species_all	32464	195-4-7nj	Jacobs	clouded leopard	Not reported	cerebellum;cerebellar cortex;stratum granulare;dorsal;right	granule;principal cell	adult	Year	20.0	28.0	Female	Control	in vitro	Dendrites, Soma, Axon	Diameter, 3D, Angles	Dendrites Moderate, Axon Incomplete	Neurolucida	120	24795574	10.3389/fnana.2014.00024	http://neuromorpho.org/api/morphometry/id/32464	195-4-7nj	910.248	491.694	5.0	10.0	25.0	44.2351	70.8827	33.49	1.00194	57.6282	66.7923	3.0	0.89096	61.0	0.6	1.86004	124.5	1.05944	188.958	111.734	345.331	True	True	True	True	True	0.07239431154457607
cerebellum	CB_all_species_all	32465	195-4-9nj	Jacobs	clouded leopard	Not reported	cerebellum;cerebellar cortex;stratum granulare;dorsal;right	granule;principal cell	adult	Year	20.0	28.0	Female	Control	in vitro	Dendrites, Soma, Axon	Diameter, 3D, Angles	Dendrites Moderate, Axon Incomplete	Neurolucida	120	24795574	10.3389/fnana.2014.00024	http://neuromorpho.org/api/morphometry/id/32465	195-4-9nj	794.456	608.123	4.0	5.0	14.0	21.4606	63.8904	70.92	0.937299	70.4378	86.4148	2.0	0.824634	91.0	0.6	1.76183	110.27	1.05842	235.266	56.265	270.0	True	True	True	True	True	0.05185185185185185
cerebellum	CB_all_species_all	32466	196-4-15nj	Jacobs	clouded leopard	Not reported	cerebellum;cerebellar cortex;stratum granulare;dorsal;right	granule;principal cell	adult	Year	20.0	28.0	Female	Control	in vitro	Dendrites, Soma, Axon	Diameter, 3D, Angles	Dendrites Moderate, Axon Incomplete	Neurolucida	120	24795574	10.3389/fnana.2014.00024	http://neuromorpho.org/api/morphometry/id/32466	196-4-15nj	374.934	384.9	5.0	4.0	13.0	23.2021	39.9498	21.29	1.08479	28.4589	35.6812	2.0	0.940374	37.0	0.5	2.0	85.7737	1.05535	186.738	67.2453	124.024	True	True	True	True	True	0.1048184222408566
cerebellum	CB_all_species_all	32467	196-4-16nj	Jacobs	clouded leopard	Not reported	cerebellum;cerebellar cortex;stratum granulare;dorsal;right	granule;principal cell	adult	Year	20.0	28.0	Female	Control	in vitro	Dendrites, Soma, Axon	Diameter, 3D, Angles	Dendrites Moderate, Axon Incomplete	Neurolucida	120	24795574	10.3389/fnana.2014.00024	http://neuromorpho.org/api/morphometry/id/32467	196-4-16nj	276.933	322.408	4.0	3.0	10.0	11.467	33.5602	13.22	1.06114	18.5823	29.9942	1.0	0.862072	31.0	0.333333	1.73206	75.8966	1.17994	169.499	88.8281	94.6931	True	True	True	True	True	0.1056043154147451
cerebellum	CB_all_species_all	32529	185-4-11dw	Jacobs	giraffe	Not reported	cerebellum;cerebellar cortex;stratum granulare;dorsal;right	granule;principal cell	young adult	Year	2.0	3.0	Male	Control	in vitro	Dendrites, Soma, No Axon	Diameter, 3D, Angles	Dendrites Moderate	Neurolucida	120	24795574	10.3389/fnana.2014.00024	http://neuromorpho.org/api/morphometry/id/32529	185-4-11dw	1675.61	825.229	4.0	20.0	44.0	50.5901	156.73	31.13	0.740362	135.219	173.12	6.0	0.825969	347.0	0.3775	1.97447	90.0055	1.07613	240.079	71.9902	681.748	True	True	True	True	True	0.06453997664826298
cerebellum	CB_all_species_all	32530	185-4-15dw	Jacobs	giraffe	Not reported	cerebellum;cerebellar cortex;stratum granulare;dorsal;right	granule;principal cell	young adult	Year	2.0	3.0	Male	Control	in vitro	Dendrites, Soma, Axon	Diameter, 3D, Angles	Dendrites Moderate, Axon Incomplete	Neurolucida	120	24795574	10.3389/fnana.2014.00024	http://neuromorpho.org/api/morphometry/id/32530	185-4-15dw	1596.25	888.412	5.0	18.0	41.0	41.651	130.158	28.51	0.990813	115.149	131.988	5.0	0.865947	256.0	0.588889	1.81507	96.8538	1.0853	237.901	78.095	461.375	True	True	True	True	True	0.08886480628555947
cerebellum	CB_all_species_all	32531	185-4-2dw	Jacobs	giraffe	Not reported	cerebellum;cerebellar cortex;stratum granulare;dorsal;right	granule;principal cell	young adult	Year	2.0	3.0	Male	Control	in vitro	Dendrites, Soma, Axon	Diameter, 3D, Angles	Dendrites Moderate, Axon Incomplete	Neurolucida	120	24795574	10.3389/fnana.2014.00024	http://neuromorpho.org/api/morphometry/id/32531	185-4-2dw	1600.88	835.805	7.0	8.0	23.0	50.5041	78.7926	102.78	1.04411	111.273	148.229	2.0	0.779485	220.0	0.5	1.82547	73.554	1.12119	227.723	69.9363	450.603	True	True	True	True	True	0.05104271387451925
cerebellum	CB_all_species_all	32532	185-4-3dw	Jacobs	giraffe	Not reported	cerebellum;cerebellar cortex;stratum granulare;dorsal;right	granule;principal cell	young adult	Year	2.0	3.0	Male	Control	in vitro	Dendrites, Soma, No Axon	Diameter, 3D, Angles	Dendrites Moderate	Neurolucida	120	24795574	10.3389/fnana.2014.00024	http://neuromorpho.org/api/morphometry/id/32532	185-4-3dw	750.455	433.732	2.0	4.0	10.0	21.8534	55.249	55.7	1.12806	57.8023	78.2545	3.0	0.799561	111.0	0.75	1.91903	83.1564	1.13092	154.685	81.5181	194.973	True	True	True	True	True	0.05128915285706226
cerebellum	CB_all_species_all	32533	185-4-6dw	Jacobs	giraffe	Not reported	cerebellum;cerebellar cortex;stratum granulare;dorsal;right	granule;principal cell	young adult	Year	2.0	3.0	Male	Control	in vitro	Dendrites, Soma, Axon	Diameter, 3D, Angles	Dendrites Moderate, Axon Incomplete	Neurolucida	120	24795574	10.3389/fnana.2014.00024	http://neuromorpho.org/api/morphometry/id/32533	185-4-6dw	1333.81	706.033	3.0	9.0	21.0	96.0934	94.394	49.67	0.923421	111.552	154.94	3.0	0.85823	236.0	0.333333	1.69677	105.459	1.07117	213.461	80.8836	418.083	True	True	True	True	True	0.050229260697038626
cerebellum	CB_all_species_all	32534	186-4-12dw	Jacobs	giraffe	Not reported	cerebellum;cerebellar cortex;stratum granulare;dorsal;right	granule;principal cell	young adult	Year	2.0	3.0	Male	Control	in vitro	Dendrites, Soma, No Axon	Diameter, 3D, Angles	Dendrites Moderate	Neurolucida	120	24795574	10.3389/fnana.2014.00024	http://neuromorpho.org/api/morphometry/id/32534	186-4-12dw	1171.65	884.143	5.0	7.0	19.0	46.011	80.1601	17.26	1.26118	50.3453	68.6553	2.0	0.845111	106.0	0.428571	1.57191	85.9868	1.097	267.799	52.6419	272.79	True	True	True	True	True	0.06965064701785255
cerebellum	CB_all_species_all	32535	186-4-13dw	Jacobs	giraffe	Not reported	cerebellum;cerebellar cortex;stratum granulare;dorsal;right	granule;principal cell	young adult	Year	2.0	3.0	Male	Control	in vitro	Dendrites, Soma, No Axon	Diameter, 3D, Angles	Dendrites Moderate	Neurolucida	120	24795574	10.3389/fnana.2014.00024	http://neuromorpho.org/api/morphometry/id/32535	186-4-13dw	1376.26	907.823	5.0	14.0	33.0	65.0349	58.1817	25.77	1.03773	70.6189	101.568	4.0	0.877228	169.0	0.585714	1.83172	88.6815	1.07314	269.282	79.8616	387.789	True	True	True	True	True	0.08509782381656004
cerebellum	CB_all_species_all	32536	186-4-14dw	Jacobs	giraffe	Not reported	cerebellum;cerebellar cortex;stratum granulare;dorsal;right	granule;principal cell	young adult	Year	2.0	3.0	Male	Control	in vitro	Dendrites, Soma, Axon	Diameter, 3D, Angles	Dendrites Moderate, Axon Incomplete	Neurolucida	120	24795574	10.3389/fnana.2014.00024	http://neuromorpho.org/api/morphometry/id/32536	186-4-14dw	2091.09	1078.36	5.0	14.0	33.0	244.863	106.646	27.27	0.929328	221.019	321.296	3.0	0.830685	276.0	0.5	1.78062	75.0046	1.08827	279.738	84.6152	687.391	True	True	True	True	True	0.048007611388569245
cerebellum	CB_all_species_all	32537	186-4-18dw	Jacobs	giraffe	Not reported	cerebellum;cerebellar cortex;stratum granulare;dorsal;right	granule;principal cell	young adult	Year	2.0	3.0	Male	Control	in vitro	Dendrites, Soma, No Axon	Diameter, 3D, Angles	Dendrites Moderate	Neurolucida	120	24795574	10.3389/fnana.2014.00024	http://neuromorpho.org/api/morphometry/id/32537	186-4-18dw	768.796	666.636	3.0	9.0	21.0	24.2322	59.1199	9.53	1.16054	47.4357	59.4943	3.0	0.868511	92.0	0.666667	1.63899	92.6134	1.08138	236.606	64.2588	184.303	True	True	True	True	True	0.11394280071404156
cerebellum	CB_all_species_all	32538	186-4-20dw	Jacobs	giraffe	Not reported	cerebellum;cerebellar cortex;stratum granulare;dorsal;right	granule;principal cell	young adult	Year	2.0	3.0	Male	Control	in vitro	Dendrites, Soma, No Axon	Diameter, 3D, Angles	Dendrites Moderate	Neurolucida	120	24795574	10.3389/fnana.2014.00024	http://neuromorpho.org/api/morphometry/id/32538	186-4-20dw	1509.5	1206.91	3.0	17.0	37.0	53.1068	44.6703	9.77	1.25277	40.1228	56.8731	5.0	0.814869	173.0	0.635294	1.82186	81.5347	1.07394	312.108	63.2468	324.924	True	True	True	True	True	0.11387278255838289
cerebellum	CB_all_species_all	32539	187-4-14dw	Jacobs	giraffe	Not reported	cerebellum;cerebellar cortex;stratum granulare;dorsal;right	granule;principal cell	young adult	Year	2.0	3.0	Male	Control	in vitro	Dendrites, Soma, Axon	Diameter, 3D, Angles	Dendrites Moderate, Axon Incomplete	Neurolucida	120	24795574	10.3389/fnana.2014.00024	http://neuromorpho.org/api/morphometry/id/32539	187-4-14dw	1966.33	1263.07	5.0	10.0	25.0	180.478	113.692	37.69	1.16566	215.863	250.845	3.0	0.799456	173.0	0.6	1.66472	91.5097	1.162	309.373	86.6269	526.327	True	True	True	True	True	0.047498988271549816
cerebellum	CB_all_species_all	32540	187-4-15dw	Jacobs	giraffe	Not reported	cerebellum;cerebellar cortex;stratum granulare;dorsal;right	granule;principal cell	young adult	Year	2.0	3.0	Male	Control	in vitro	Dendrites, Soma, Axon	Diameter, 3D, Angles	Dendrites Moderate, Axon Incomplete	Neurolucida	120	24795574	10.3389/fnana.2014.00024	http://neuromorpho.org/api/morphometry/id/32540	187-4-15dw	1814.24	1083.87	5.0	9.0	23.0	174.541	95.8881	33.24	1.08705	194.885	240.365	2.0	0.762859	204.0	0.333333	1.75476	62.8104	1.11752	281.744	67.3083	501.683	True	True	True	True	True	0.045845683429576047
cerebellum	CB_all_species_all	32541	187-4-16dw	Jacobs	giraffe	Not reported	cerebellum;cerebellar cortex;stratum granulare;dorsal;right	granule;principal cell	young adult	Year	2.0	3.0	Male	Control	in vitro	Dendrites, Soma, Axon	Diameter, 3D, Angles	Dendrites Moderate, Axon Incomplete	Neurolucida	120	24795574	10.3389/fnana.2014.00024	http://neuromorpho.org/api/morphometry/id/32541	187-4-16dw	1501.46	888.896	5.0	7.0	19.0	119.758	120.87	20.23	1.08386	146.072	184.52	2.0	0.800414	169.0	0.285714	1.82156	83.8913	1.13046	251.039	44.7023	419.608	True	True	True	True	True	0.04528035690453947
cerebellum	CB_all_species_all	32542	187-4-17dw	Jacobs	giraffe	Not reported	cerebellum;cerebellar cortex;stratum granulare;dorsal;right	granule;principal cell	young adult	Year	2.0	3.0	Male	Control	in vitro	Dendrites, Soma, No Axon	Diameter, 3D, Angles	Dendrites Moderate	Neurolucida	120	24795574	10.3389/fnana.2014.00024	http://neuromorpho.org/api/morphometry/id/32542	187-4-17dw	1193.86	963.758	4.0	10.0	24.0	34.1403	81.57	5.62	1.30809	43.7269	59.2816	3.0	0.847677	113.0	0.4	1.74528	81.556	1.10679	284.904	40.6288	259.181	True	True	True	True	True	0.09259938035581312
cerebellum	CB_all_species_all	32543	187-4-2dw	Jacobs	giraffe	Not reported	cerebellum;cerebellar cortex;stratum granulare;dorsal;right	granule;principal cell	young adult	Year	2.0	3.0	Male	Control	in vitro	Dendrites, Soma, No Axon	Diameter, 3D, Angles	Dendrites Moderate	Neurolucida	120	24795574	10.3389/fnana.2014.00024	http://neuromorpho.org/api/morphometry/id/32543	187-4-2dw	1189.99	1015.09	3.0	8.0	19.0	36.1905	62.3296	28.69	1.43944	41.5572	71.5858	3.0	0.802876	90.0	0.625	1.83235	93.7757	1.11201	297.92	51.6007	241.433	True	True	True	True	True	0.07869678130164477
cerebellum	CB_all_species_all	32567	189-1-22dw	Jacobs	human	Not applicable	cerebellum;cerebellar cortex;stratum granulare;dorsal;left	granule;principal cell	adult	Year	54.0	54.0	Male	Control	in vitro	Dendrites, Soma, No Axon	Diameter, 3D, Angles	Dendrites Moderate	Neurolucida	120	24795574	10.3389/fnana.2014.00024	http://neuromorpho.org/api/morphometry/id/32567	189-1-22dw	981.779	615.246	4.0	5.0	14.0	31.06	99.52	59.73	1.16296	85.126	99.3914	3.0	0.785289	105.0	0.6	1.89702	92.2438	1.07752	202.432	50.5661	255.346	True	True	True	True	True	0.05482756730083886
cerebellum	CB_all_species_all	32568	189-1-30dw	Jacobs	human	Not applicable	cerebellum;cerebellar cortex;stratum granulare;dorsal;left	granule;principal cell	adult	Year	54.0	54.0	Male	Control	in vitro	Dendrites, Soma, Axon	Diameter, 3D, Angles	Dendrites Moderate, Axon Incomplete	Neurolucida	120	24795574	10.3389/fnana.2014.00024	http://neuromorpho.org/api/morphometry/id/32568	189-1-30dw	985.74	593.961	4.0	9.0	22.0	32.4499	91.98	14.52	1.11753	58.9482	75.7675	3.0	0.800075	121.0	0.444444	1.88443	57.5307	1.13867	199.938	82.489	265.989	True	True	True	True	True	0.08271018726338308
cerebellum	CB_all_species_all	32569	189-1-33dw	Jacobs	human	Not applicable	cerebellum;cerebellar cortex;stratum granulare;dorsal;left	granule;principal cell	adult	Year	54.0	54.0	Male	Control	in vitro	Dendrites, Soma, No Axon	Diameter, 3D, Angles	Dendrites Moderate	Neurolucida	120	24795574	10.3389/fnana.2014.00024	http://neuromorpho.org/api/morphometry/id/32569	189-1-33dw	762.133	589.312	4.0	3.0	10.0	21.4297	83.5147	9.95	1.31461	48.3391	52.7906	1.0	0.839101	63.0	0.333333	2.0	93.0029	1.10758	217.271	16.5781	184.204	True	True	True	True	True	0.05428763761916136
cerebellum	CB_all_species_all	32570	189-1-34dw	Jacobs	human	Not applicable	cerebellum;cerebellar cortex;stratum granulare;dorsal;left	granule;principal cell	adult	Year	54.0	54.0	Male	Control	in vitro	Dendrites, Soma, Axon	Diameter, 3D, Angles	Dendrites Moderate, Axon Incomplete	Neurolucida	120	24795574	10.3389/fnana.2014.00024	http://neuromorpho.org/api/morphometry/id/32570	189-1-34dw	1278.38	527.81	3.0	9.0	21.0	59.2485	166.504	38.23	0.893588	151.919	216.292	4.0	0.844833	156.0	0.666667	2.03582	89.8289	1.062	168.731	64.6651	468.276	True	True	True	True	True	0.044845347615508804
cerebellum	CB_all_species_all	32571	189-1-8dw	Jacobs	human	Not applicable	cerebellum;cerebellar cortex;stratum granulare;dorsal;left	granule;principal cell	adult	Year	54.0	54.0	Male	Control	in vitro	Dendrites, Soma, Axon	Diameter, 3D, Angles	Dendrites Moderate, Axon Incomplete	Neurolucida	120	24795574	10.3389/fnana.2014.00024	http://neuromorpho.org/api/morphometry/id/32571	189-1-8dw	871.402	405.26	3.0	10.0	23.0	49.571	87.86	15.41	0.895923	67.7789	77.4545	4.0	0.850936	157.0	0.7	1.81247	101.415	1.09491	148.47	62.5599	295.004	True	True	True	True	True	0.07796504454176892
cerebellum	CB_all_species_all	32609	202-2-16nj	Jacobs	humpback whale	Not reported	cerebellum;cerebellar cortex;stratum granulare;dorsal;left	granule;principal cell	young	Year	2.0	2.0	Male	Control	in vitro	Dendrites, Soma, No Axon	Diameter, 3D, Angles	Dendrites Moderate	Neurolucida	120	24795574	10.3389/fnana.2014.00024	http://neuromorpho.org/api/morphometry/id/32609	202-2-16nj	615.994	516.797	4.0	8.0	20.0	34.3289	51.76	10.36	1.1591	42.2715	52.8501	4.0	0.894889	51.0	0.625	1.64081	70.422	1.07725	212.126	57.7071	178.837	True	True	True	True	True	0.11183368094969162
cerebellum	CB_all_species_all	32610	202-2-17nj	Jacobs	humpback whale	Not reported	cerebellum;cerebellar cortex;stratum granulare;dorsal;left	granule;principal cell	young	Year	2.0	2.0	Male	Control	in vitro	Dendrites, Soma, Axon	Diameter, 3D, Angles	Dendrites Moderate, Axon Incomplete	Neurolucida	120	24795574	10.3389/fnana.2014.00024	http://neuromorpho.org/api/morphometry/id/32610	202-2-17nj	566.242	512.098	7.0	3.0	13.0	30.53	60.6796	13.78	1.04714	43.7944	50.5016	1.0	0.885688	53.0	0.333333	1.64702	98.759	1.07071	217.969	97.604	187.633	True	True	True	True	True	0.06928418774948969
cerebellum	CB_all_species_all	32611	202-2-19nj	Jacobs	humpback whale	Not reported	cerebellum;cerebellar cortex;stratum granulare;dorsal;left	granule;principal cell	young	Year	2.0	2.0	Male	Control	in vitro	Dendrites, Soma, Axon	Diameter, 3D, Angles	Dendrites Moderate, Axon Incomplete	Neurolucida	120	24795574	10.3389/fnana.2014.00024	http://neuromorpho.org/api/morphometry/id/32611	202-2-19nj	709.052	652.933	3.0	13.0	29.0	19.7733	61.059	33.93	0.941768	46.3037	56.3208	5.0	0.914581	76.0	0.468864	1.75401	84.107	1.09202	254.539	90.8867	245.449	True	True	True	True	True	0.11815081748143198
cerebellum	CB_all_species_all	32612	202-2-25nj	Jacobs	humpback whale	Not reported	cerebellum;cerebellar cortex;stratum granulare;dorsal;left	granule;principal cell	young	Year	2.0	2.0	Male	Control	in vitro	Dendrites, Soma, Axon	Diameter, 3D, Angles	Dendrites Moderate, Axon Incomplete	Neurolucida	120	24795574	10.3389/fnana.2014.00024	http://neuromorpho.org/api/morphometry/id/32612	202-2-25nj	1137.2	997.2	6.0	14.0	34.0	74.8299	41.2563	26.69	1.08424	66.1266	91.0592	3.0	0.928473	86.0	0.380952	1.77006	72.3274	1.08892	324.942	62.246	358.391	True	True	True	True	True	0.0948684537279117
cerebellum	CB_all_species_all	32613	202-2-32nj	Jacobs	humpback whale	Not reported	cerebellum;cerebellar cortex;stratum granulare;dorsal;left	granule;principal cell	young	Year	2.0	2.0	Male	Control	in vitro	Dendrites, Soma, Axon	Diameter, 3D, Angles	Dendrites Moderate, Axon Incomplete	Neurolucida	120	24795574	10.3389/fnana.2014.00024	http://neuromorpho.org/api/morphometry/id/32613	202-2-32nj	995.99	840.754	5.0	10.0	25.0	67.924	38.4396	16.74	1.19562	51.7955	58.6364	3.0	0.901356	73.0	0.433333	1.88557	86.0075	1.12017	287.949	86.4921	276.658	True	True	True	True	True	0.09036427647131115
cerebellum	CB_all_species_all	32614	202-2-39nj	Jacobs	humpback whale	Not reported	cerebellum;cerebellar cortex;stratum granulare;dorsal;left	granule;principal cell	young	Year	2.0	2.0	Male	Control	in vitro	Dendrites, Soma, No Axon	Diameter, 3D, Angles	Dendrites Moderate	Neurolucida	120	24795574	10.3389/fnana.2014.00024	http://neuromorpho.org/api/morphometry/id/32614	202-2-39nj	752.801	522.734	3.0	8.0	19.0	41.5002	81.4302	20.09	0.924472	52.3764	76.0342	3.0	0.870887	85.0	0.625	1.80212	92.9053	1.08509	208.405	76.9164	272.337	True	True	True	True	True	0.06976650253178966
cerebellum	CB_all_species_all	32615	202-2-42nj	Jacobs	humpback whale	Not reported	cerebellum;cerebellar cortex;stratum granulare;dorsal;left	granule;principal cell	young	Year	2.0	2.0	Male	Control	in vitro	Dendrites, Soma, Axon	Diameter, 3D, Angles	Dendrites Moderate, Axon Incomplete	Neurolucida	120	24795574	10.3389/fnana.2014.00024	http://neuromorpho.org/api/morphometry/id/32615	202-2-42nj	438.783	361.972	4.0	5.0	14.0	24.5533	33.1107	22.48	1.03648	23.7659	33.6848	2.0	0.82207	51.0	0.2	1.8288	91.0297	1.15176	171.23	52.0725	138.385	True	True	True	True	True	0.10116703399934965
cerebellum	CB_all_species_all	32616	202-2-45nj	Jacobs	humpback whale	Not reported	cerebellum;cerebellar cortex;stratum granulare;dorsal;left	granule;principal cell	young	Year	2.0	2.0	Male	Control	in vitro	Dendrites, Soma, Axon	Diameter, 3D, Angles	Dendrites Moderate, Axon Incomplete	Neurolucida	120	24795574	10.3389/fnana.2014.00024	http://neuromorpho.org/api/morphometry/id/32616	202-2-45nj	498.641	458.755	3.0	7.0	17.0	28.2206	45.1314	9.88	1.13637	36.8255	49.427	4.0	0.941326	46.0	0.6	1.9273	80.1834	1.04447	202.751	85.1288	149.681	True	True	True	True	True	0.11357486922187852
cerebellum	CB_all_species_all	32617	202-2-46nj	Jacobs	humpback whale	Not reported	cerebellum;cerebellar cortex;stratum granulare;dorsal;left	granule;principal cell	young	Year	2.0	2.0	Male	Control	in vitro	Dendrites, Soma, No Axon	Diameter, 3D, Angles	Dendrites Moderate	Neurolucida	120	24795574	10.3389/fnana.2014.00024	http://neuromorpho.org/api/morphometry/id/32617	202-2-46nj	951.339	797.287	5.0	9.0	23.0	39.5221	70.1495	23.67	1.09292	47.8668	57.6201	3.0	0.852451	84.0	0.555556	1.88788	97.0102	1.12264	280.969	89.1632	281.107	True	True	True	True	True	0.08181937838616611
cerebellum	CB_all_species_all	32618	202-2-47nj	Jacobs	humpback whale	Not reported	cerebellum;cerebellar cortex;stratum granulare;dorsal;left	granule;principal cell	young	Year	2.0	2.0	Male	Control	in vitro	Dendrites, Soma, No Axon	Diameter, 3D, Angles	Dendrites Moderate	Neurolucida	120	24795574	10.3389/fnana.2014.00024	http://neuromorpho.org/api/morphometry/id/32618	202-2-47nj	710.264	576.756	4.0	7.0	18.0	32.4588	57.1203	12.58	1.16373	37.0036	52.7395	3.0	0.8737	63.0	0.428571	1.85264	76.6113	1.06542	225.556	71.7248	201.453	True	True	True	True	True	0.08935086595880926
cerebellum	CB_all_species_all	32657	194-4-13nj	Jacobs	Tiger	Siberian	cerebellum;cerebellar cortex;stratum granulare;dorsal;left	granule;principal cell	young adult	Year	12.0	12.0	Female	Control	in vitro	Dendrites, Soma, Axon	Diameter, 3D, Angles	Dendrites Moderate, Axon Incomplete	Neurolucida	120	24795574	10.3389/fnana.2014.00024	http://neuromorpho.org/api/morphometry/id/32657	194-4-13nj	1049.3	875.418	4.0	16.0	36.0	122.034	53.2026	16.09	0.911478	104.978	117.718	5.0	0.926723	93.0	0.473958	1.66734	92.1562	1.07255	323.682	84.4972	370.213	True	True	True	True	True	0.09724131783594848
cerebellum	CB_all_species_all	32658	194-4-14nj	Jacobs	Tiger	Siberian	cerebellum;cerebellar cortex;stratum granulare;dorsal;left	granule;principal cell	young adult	Year	12.0	12.0	Female	Control	in vitro	Dendrites, Soma, Axon	Diameter, 3D, Angles	Dendrites Moderate, Axon Incomplete	Neurolucida	120	24795574	10.3389/fnana.2014.00024	http://neuromorpho.org/api/morphometry/id/32658	194-4-14nj	1352.23	902.039	5.0	27.0	59.0	61.5903	80.2101	48.43	0.891969	63.3372	90.0136	5.0	0.910213	132.0	0.407407	1.91361	97.9471	1.04221	288.846	82.106	489.11	True	True	True	True	True	0.12062726176115803
cerebellum	CB_all_species_all	32659	194-4-15nj	Jacobs	Tiger	Siberian	cerebellum;cerebellar cortex;stratum granulare;dorsal;left	granule;principal cell	young adult	Year	12.0	12.0	Female	Control	in vitro	Dendrites, Soma, Axon	Diameter, 3D, Angles	Dendrites Moderate, Axon Incomplete	Neurolucida	120	24795574	10.3389/fnana.2014.00024	http://neuromorpho.org/api/morphometry/id/32659	194-4-15nj	1313.17	784.561	5.0	11.0	27.0	152.013	156.994	59.35	0.851538	165.718	179.689	4.0	0.869408	114.0	0.454545	1.7014	80.0207	1.08071	264.427	76.814	566.19	True	True	True	True	True	0.04768717215069146
cerebellum	CB_all_species_all	32660	194-4-16nj	Jacobs	Tiger	Siberian	cerebellum;cerebellar cortex;stratum granulare;dorsal;left	granule;principal cell	young adult	Year	12.0	12.0	Female	Control	in vitro	Dendrites, Soma, Axon	Diameter, 3D, Angles	Dendrites Moderate, Axon Incomplete	Neurolucida	120	24795574	10.3389/fnana.2014.00024	http://neuromorpho.org/api/morphometry/id/32660	194-4-16nj	1007.9	710.042	5.0	15.0	35.0	71.5627	51.8429	41.03	0.864739	49.1437	60.9585	4.0	0.87903	108.0	0.555556	1.91331	96.3081	1.04693	258.458	80.0517	383.452	True	True	True	True	True	0.09127609192284823
cerebellum	CB_all_species_all	32661	194-4-2nj	Jacobs	Tiger	Siberian	cerebellum;cerebellar cortex;stratum granulare;dorsal;left	granule;principal cell	young adult	Year	12.0	12.0	Female	Control	in vitro	Dendrites, Soma, Axon	Diameter, 3D, Angles	Dendrites Moderate, Axon Incomplete	Neurolucida	120	24795574	10.3389/fnana.2014.00024	http://neuromorpho.org/api/morphometry/id/32661	194-4-2nj	931.553	760.697	5.0	18.0	41.0	46.4081	104.828	31.32	0.953087	83.0249	92.8956	4.0	0.942049	75.0	0.566667	1.4988	79.4602	1.03247	274.378	77.1109	362.727	True	True	True	True	True	0.11303266644060134
cerebellum	CB_all_species_all	32662	194-4-31nj	Jacobs	Tiger	Siberian	cerebellum;cerebellar cortex;stratum granulare;dorsal;left	granule;principal cell	young adult	Year	12.0	12.0	Female	Control	in vitro	Dendrites, Soma, Axon	Diameter, 3D, Angles	Dendrites Moderate, Axon Incomplete	Neurolucida	120	24795574	10.3389/fnana.2014.00024	http://neuromorpho.org/api/morphometry/id/32662	194-4-31nj	1171.15	654.712	4.0	10.0	24.0	111.181	95.0797	50.58	0.939349	91.9409	113.202	4.0	0.844093	99.0	0.35	1.8234	79.9855	1.05832	225.441	73.8317	429.296	True	True	True	True	True	0.05590548246431367
cerebellum	CB_all_species_all	32663	194-4-32nj	Jacobs	Tiger	Siberian	cerebellum;cerebellar cortex;stratum granulare;dorsal;left	granule;principal cell	young adult	Year	12.0	12.0	Female	Control	in vitro	Dendrites, Soma, Axon	Diameter, 3D, Angles	Dendrites Moderate, Axon Incomplete	Neurolucida	120	24795574	10.3389/fnana.2014.00024	http://neuromorpho.org/api/morphometry/id/32663	194-4-32nj	1265.46	770.057	5.0	14.0	33.0	51.4942	73.1116	90.77	0.922228	76.2509	89.4416	4.0	0.836252	124.0	0.428571	1.80455	87.9104	1.11532	250.435	70.9818	442.574	True	True	True	True	True	0.07456380175970571
cerebellum	CB_all_species_all	32664	194-4-33nj	Jacobs	Tiger	Siberian	cerebellum;cerebellar cortex;stratum granulare;dorsal;left	granule;principal cell	young adult	Year	12.0	12.0	Female	Control	in vitro	Dendrites, Soma, Axon	Diameter, 3D, Angles	Dendrites Moderate, Axon Incomplete	Neurolucida	120	24795574	10.3389/fnana.2014.00024	http://neuromorpho.org/api/morphometry/id/32664	194-4-33nj	1067.92	568.462	5.0	9.0	23.0	37.0199	141.29	44.77	0.871813	112.54	131.902	2.0	0.857675	107.0	0.333333	1.70717	82.2601	1.06163	203.38	54.3158	407.19	True	True	True	True	True	0.05648468773791105
cerebellum	CB_all_species_all	32665	194-4-34nj	Jacobs	Tiger	Siberian	cerebellum;cerebellar cortex;stratum granulare;dorsal;left	granule;principal cell	young adult	Year	12.0	12.0	Female	Control	in vitro	Dendrites, Soma, Axon	Diameter, 3D, Angles	Dendrites Moderate, Axon Incomplete	Neurolucida	120	24795574	10.3389/fnana.2014.00024	http://neuromorpho.org/api/morphometry/id/32665	194-4-34nj	900.57	380.174	4.0	9.0	22.0	110.549	96.8717	45.43	0.672585	113.467	158.505	4.0	0.843857	123.0	0.437037	1.61833	88.3693	1.10614	157.923	77.8006	471.248	True	True	True	True	True	0.046684548263334805
cerebellum	CB_all_species_all	32666	194-4-9nj	Jacobs	Tiger	Siberian	cerebellum;cerebellar cortex;stratum granulare;dorsal;left	granule;principal cell	young adult	Year	12.0	12.0	Female	Control	in vitro	Dendrites, Soma, No Axon	Diameter, 3D, Angles	Dendrites Moderate	Neurolucida	120	24795574	10.3389/fnana.2014.00024	http://neuromorpho.org/api/morphometry/id/32666	194-4-9nj	1065.77	691.204	5.0	17.0	39.0	82.1387	46.8763	30.81	0.957049	69.7375	81.9011	4.0	0.905761	88.0	0.505882	1.69097	78.1542	1.11108	242.807	71.7648	372.833	True	True	True	True	True	0.10460447438933784
cerebellum	CB_all_species_all	32737	204-2-18nj	Jacobs	chimpanzee	Common chimpanzee	cerebellum;cerebellar cortex;stratum granulare;dorsal;left	granule;principal cell	adult	Year	23.0	39.0	Male/Female	Control	in vitro	Dendrites, Soma, Axon	Diameter, 3D, Angles	Dendrites Moderate, Axon Incomplete	Neurolucida	120	24795574	10.3389/fnana.2014.00024	http://neuromorpho.org/api/morphometry/id/32737	204-2-18nj	396.095	334.548	5.0	5.0	15.0	29.9303	45.7711	27.61	0.818132	34.0373	41.1487	2.0	0.866827	54.0	0.4	1.94311	86.2145	1.07171	168.454	82.5834	175.787	True	True	True	True	True	0.0853305420764903
cerebellum	CB_all_species_all	32738	204-2-19nj	Jacobs	chimpanzee	Common chimpanzee	cerebellum;cerebellar cortex;stratum granulare;dorsal;left	granule;principal cell	adult	Year	23.0	39.0	Male/Female	Control	in vitro	Dendrites, Soma, Axon	Diameter, 3D, Angles	Dendrites Moderate, Axon Incomplete	Neurolucida	120	24795574	10.3389/fnana.2014.00024	http://neuromorpho.org/api/morphometry/id/32738	204-2-19nj	852.957	469.618	3.0	8.0	19.0	203.6	180.722	27.93	0.638437	265.946	355.762	4.0	0.821855	121.0	0.5625	1.81211	83.9517	1.23687	198.183	67.553	483.374	True	True	True	True	True	0.039307037614766206
cerebellum	CB_all_species_all	32739	204-2-20nj	Jacobs	chimpanzee	Common chimpanzee	cerebellum;cerebellar cortex;stratum granulare;dorsal;left	granule;principal cell	adult	Year	23.0	39.0	Male/Female	Control	in vitro	Dendrites, Soma, Axon	Diameter, 3D, Angles	Dendrites Moderate, Axon Incomplete	Neurolucida	120	24795574	10.3389/fnana.2014.00024	http://neuromorpho.org/api/morphometry/id/32739	204-2-20nj	403.878	468.918	3.0	4.0	11.0	23.6899	70.0501	25.68	0.827032	66.5651	76.4293	2.0	0.907157	52.0	0.5	1.91238	77.8414	1.0348	215.928	75.3921	175.018	True	True	True	True	True	0.06285067821595493
cerebellum	CB_all_species_all	32740	204-2-31nj	Jacobs	chimpanzee	Common chimpanzee	cerebellum;cerebellar cortex;stratum granulare;dorsal;left	granule;principal cell	adult	Year	23.0	39.0	Male/Female	Control	in vitro	Dendrites, Soma, No Axon	Diameter, 3D, Angles	Dendrites Moderate	Neurolucida	120	24795574	10.3389/fnana.2014.00024	http://neuromorpho.org/api/morphometry/id/32740	204-2-31nj	375.991	435.447	3.0	3.0	9.0	15.6799	34.91	7.33	1.26172	21.0339	25.4678	2.0	0.868838	36.0	0.666667	1.77077	67.9147	1.13761	202.067	87.1456	93.7167	True	True	True	True	True	0.09603411131633956
cerebellum	CB_all_species_all	32741	204-2-34nj	Jacobs	chimpanzee	Common chimpanzee	cerebellum;cerebellar cortex;stratum granulare;dorsal;left	granule;principal cell	adult	Year	23.0	39.0	Male/Female	Control	in vitro	Dendrites, Soma, No Axon	Diameter, 3D, Angles	Dendrites Moderate	Neurolucida	120	24795574	10.3389/fnana.2014.00024	http://neuromorpho.org/api/morphometry/id/32741	204-2-34nj	384.833	384.913	2.0	4.0	10.0	14.1503	56.54	4.28	1.31217	42.1366	46.5226	2.0	0.941022	34.0	0.25	1.78751	89.7305	1.06931	182.431	72.4821	97.6164	True	True	True	True	True	0.10244180281182261
cerebellum	CB_all_species_all	32742	204-2-35nj	Jacobs	chimpanzee	Common chimpanzee	cerebellum;cerebellar cortex;stratum granulare;dorsal;left	granule;principal cell	adult	Year	23.0	39.0	Male/Female	Control	in vitro	Dendrites, Soma, Axon	Diameter, 3D, Angles	Dendrites Moderate, Axon Incomplete	Neurolucida	120	24795574	10.3389/fnana.2014.00024	http://neuromorpho.org/api/morphometry/id/32742	204-2-35nj	408.38	387.777	4.0	2.0	8.0	26.7208	38.1306	23.23	1.17065	27.8811	32.3425	1.0	0.776031	40.0	0.5	2.0	116.473	1.14403	183.38	50.4832	119.661	True	True	True	True	True	0.06685553354894243
cerebellum	CB_all_species_all	32743	205-2-23nj	Jacobs	chimpanzee	Common chimpanzee	cerebellum;cerebellar cortex;stratum granulare;dorsal;left	granule;principal cell	adult	Year	23.0	39.0	Male/Female	Control	in vitro	Dendrites, Soma, Axon	Diameter, 3D, Angles	Dendrites Moderate, Axon Incomplete	Neurolucida	120	24795574	10.3389/fnana.2014.00024	http://neuromorpho.org/api/morphometry/id/32743	205-2-23nj	505.992	418.349	3.0	8.0	19.0	18.019	52.4897	15.58	1.08611	33.7981	40.8156	3.0	0.892756	51.0	0.5	1.86042	67.6163	1.20485	187.933	53.6562	157.516	True	True	True	True	True	0.12062266690367963
cerebellum	CB_all_species_all	32744	205-2-26nj	Jacobs	chimpanzee	Common chimpanzee	cerebellum;cerebellar cortex;stratum granulare;dorsal;left	granule;principal cell	adult	Year	23.0	39.0	Male/Female	Control	in vitro	Dendrites, Soma, Axon	Diameter, 3D, Angles	Dendrites Moderate, Axon Incomplete	Neurolucida	120	24795574	10.3389/fnana.2014.00024	http://neuromorpho.org/api/morphometry/id/32744	205-2-26nj	719.339	511.741	5.0	6.0	17.0	69.6296	48.421	48.69	0.899762	89.7087	104.312	2.0	0.899403	73.0	0.166667	1.73908	96.4044	1.04538	208.846	74.0223	285.505	True	True	True	True	True	0.05954361569849915
cerebellum	CB_all_species_all	32745	205-2-33nj	Jacobs	chimpanzee	Common chimpanzee	cerebellum;cerebellar cortex;stratum granulare;dorsal;left	granule;principal cell	adult	Year	23.0	39.0	Male/Female	Control	in vitro	Dendrites, Soma, No Axon	Diameter, 3D, Angles	Dendrites Moderate	Neurolucida	120	24795574	10.3389/fnana.2014.00024	http://neuromorpho.org/api/morphometry/id/32745	205-2-33nj	520.397	557.817	3.0	5.0	13.0	22.32	59.55	17.8	1.34803	46.3824	61.2826	2.0	0.910051	40.0	0.4	1.95095	79.3999	1.09377	233.244	58.9527	127.861	True	True	True	True	True	0.10167291042616591
cerebellum	CB_all_species_all	32746	205-2-34nj	Jacobs	chimpanzee	Common chimpanzee	cerebellum;cerebellar cortex;stratum granulare;dorsal;left	granule;principal cell	adult	Year	23.0	39.0	Male/Female	Control	in vitro	Dendrites, Soma, Axon	Diameter, 3D, Angles	Dendrites Moderate, Axon Incomplete	Neurolucida	120	24795574	10.3389/fnana.2014.00024	http://neuromorpho.org/api/morphometry/id/32746	205-2-34nj	824.691	499.692	5.0	6.0	17.0	44.1182	52.0114	43.47	1.09885	52.7026	67.6303	2.0	0.845023	64.0	0.333333	1.84826	79.247	1.08956	190.483	44.5436	267.339	True	True	True	True	True	0.06358967453308347
cerebellum	CB_all_species_all	32747	205-2-35nj	Jacobs	chimpanzee	Common chimpanzee	cerebellum;cerebellar cortex;stratum granulare;dorsal;left	granule;principal cell	adult	Year	23.0	39.0	Male/Female	Control	in vitro	Dendrites, Soma, Axon	Diameter, 3D, Angles	Dendrites Moderate, Axon Incomplete	Neurolucida	120	24795574	10.3389/fnana.2014.00024	http://neuromorpho.org/api/morphometry/id/32747	205-2-35nj	738.54	592.336	6.0	7.0	20.0	15.7299	39.0701	31.24	1.1084	26.5887	41.3818	2.0	0.776404	63.0	0.285714	1.9436	73.428	1.15347	231.132	59.3313	229.118	True	True	True	True	True	0.08729126476313516
cerebellum	CB_all_species_all	32748	205-2-37nj	Jacobs	chimpanzee	Common chimpanzee	cerebellum;cerebellar cortex;stratum granulare;dorsal;left	granule;principal cell	adult	Year	23.0	39.0	Male/Female	Control	in vitro	Dendrites, Soma, Axon	Diameter, 3D, Angles	Dendrites Moderate, Axon Incomplete	Neurolucida	120	24795574	10.3389/fnana.2014.00024	http://neuromorpho.org/api/morphometry/id/32748	205-2-37nj	548.151	497.171	4.0	8.0	20.0	55.7165	52.3607	29.59	0.806634	55.3323	68.9427	3.0	0.856649	72.0	0.625	1.69961	84.327	1.14024	217.363	72.5538	228.116	True	True	True	True	True	0.08767469182345823
cerebellum	CB_all_species_all	32749	205-2-38nj	Jacobs	chimpanzee	Common chimpanzee	cerebellum;cerebellar cortex;stratum granulare;dorsal;left	granule;principal cell	adult	Year	23.0	39.0	Male/Female	Control	in vitro	Dendrites, Soma, No Axon	Diameter, 3D, Angles	Dendrites Moderate	Neurolucida	120	24795574	10.3389/fnana.2014.00024	http://neuromorpho.org/api/morphometry/id/32749	205-2-38nj	499.938	421.118	3.0	9.0	21.0	28.0494	38.8296	31.87	0.941865	32.7759	44.8308	3.0	0.886237	58.0	0.259259	1.75373	74.4964	1.10927	192.086	73.0945	178.343	True	True	True	True	True	0.11775062660154871
cerebellum	CB_all_species_all	32750	205-2-39nj	Jacobs	chimpanzee	Common chimpanzee	cerebellum;cerebellar cortex;stratum granulare;dorsal;left	granule;principal cell	adult	Year	23.0	39.0	Male/Female	Control	in vitro	Dendrites, Soma, Axon	Diameter, 3D, Angles	Dendrites Moderate, Axon Incomplete	Neurolucida	120	24795574	10.3389/fnana.2014.00024	http://neuromorpho.org/api/morphometry/id/32750	205-2-39nj	829.774	669.223	4.0	7.0	18.0	112.843	87.4454	37.37	0.80721	125.5	150.298	3.0	0.822618	96.0	0.333333	1.84388	64.0602	1.05539	256.124	52.3866	337.763	True	True	True	True	True	0.05329180520068806
cerebellum	CB_all_species_all	32751	205-2-40nj	Jacobs	chimpanzee	Common chimpanzee	cerebellum;cerebellar cortex;stratum granulare;dorsal;left	granule;principal cell	adult	Year	23.0	39.0	Male/Female	Control	in vitro	Dendrites, Soma, Axon	Diameter, 3D, Angles	Dendrites Moderate, Axon Incomplete	Neurolucida	120	24795574	10.3389/fnana.2014.00024	http://neuromorpho.org/api/morphometry/id/32751	205-2-40nj	798.098	468.587	4.0	3.0	10.0	187.199	240.871	27.74	0.539114	284.084	371.664	1.0	0.831801	143.0	0.333333	1.92128	63.3978	1.08751	198.173	18.4411	496.968	True	True	True	True	True	0.020122019928848538
cerebellum	CB_all_species_all	32752	205-2-4nj	Jacobs	chimpanzee	Common chimpanzee	cerebellum;cerebellar cortex;stratum granulare;dorsal;left	granule;principal cell	adult	Year	23.0	39.0	Male/Female	Control	in vitro	Dendrites, Soma, Axon	Diameter, 3D, Angles	Dendrites Moderate, Axon Incomplete	Neurolucida	120	24795574	10.3389/fnana.2014.00024	http://neuromorpho.org/api/morphometry/id/32752	205-2-4nj	630.592	407.563	5.0	7.0	19.0	46.7522	67.0671	66.9	0.710096	89.011	110.817	2.0	0.913149	92.0	0.285714	1.91372	67.8235	1.08294	181.653	60.5088	312.62	True	True	True	True	True	0.060776661761883434
