canonical_gene	gene	human_symbol	mouse_symbol	db_class_key	branch_meta_strict_full_matrix_cerebellar	branch_meta_strict_full_matrix_dentate	branch_meta_strict_selected_cerebellar	branch_meta_strict_selected_dentate	branch_meta_support_full_matrix_cerebellar	branch_meta_support_full_matrix_dentate	branch_meta_support_selected_cerebellar	branch_meta_support_selected_dentate	dataset_sign_p_adj_bh_full_matrix_cerebellar	dataset_sign_p_adj_bh_full_matrix_dentate	dataset_sign_p_adj_bh_selected_cerebellar	dataset_sign_p_adj_bh_selected_dentate	dataset_sign_p_greater_full_matrix_cerebellar	dataset_sign_p_greater_full_matrix_dentate	dataset_sign_p_greater_selected_cerebellar	dataset_sign_p_greater_selected_dentate	median_dataset_candidate_detection_full_matrix_cerebellar	median_dataset_candidate_detection_full_matrix_dentate	median_dataset_candidate_detection_selected_cerebellar	median_dataset_candidate_detection_selected_dentate	median_dataset_delta_full_matrix_cerebellar	median_dataset_delta_full_matrix_dentate	median_dataset_delta_selected_cerebellar	median_dataset_delta_selected_dentate	min_dataset_delta_full_matrix_cerebellar	min_dataset_delta_full_matrix_dentate	min_dataset_delta_selected_cerebellar	min_dataset_delta_selected_dentate	n_datasets_full_matrix_cerebellar	n_datasets_full_matrix_dentate	n_datasets_selected_cerebellar	n_datasets_selected_dentate	n_units_full_matrix_cerebellar	n_units_full_matrix_dentate	n_units_selected_cerebellar	n_units_selected_dentate	positive_dataset_fraction_full_matrix_cerebellar	positive_dataset_fraction_full_matrix_dentate	positive_dataset_fraction_selected_cerebellar	positive_dataset_fraction_selected_dentate	n_supported_screen_branches	n_strict_screen_branches	n_available_screen_branches	sum_positive_median_dataset_delta	minimum_available_candidate_detection	shared_meta_support_selected	shared_meta_support_full_matrix	shared_meta_strict_selected	shared_meta_strict_full_matrix	shared_meta_support_both_screens	shared_meta_strict_both_screens	ortholog_meta_tier	ortholog_meta_priority_score	selected_is_original_candidate_gene	selected_mechanism_class	selected_manuscript_use	selected_mechanism_priority_score	genome_is_original_candidate_gene	genome_mechanism_class	genome_manuscript_use	genome_mechanism_priority_score	consensus_tier	combined_priority_score	consensus_candidate_dataset_robust_all_available	consensus_candidate_n_robust_screen_branches	mgi_one_to_one_human_mouse	same_canonical_symbol_x	strict_same_symbol_one_to_one	human_entrez_id	mouse_entrez_id	human_hgnc_id	mouse_mgi_id	same_canonical_symbol_y	ortholog_symbol_class
CELF2	CELF2	CELF2	Celf2	51617377	True	True	True	True	True	True	True	True	0.9460304822565969	0.6637414095135427	0.8891423357664233	0.10261115771812081	0.125	0.0625	0.125	0.015625	0.981831664812755	0.9880486441151802	0.981831664812755	0.9833910705754798	0.5	0.5	0.5	0.5	0.5	0.5	0.5	0.5	3.0	4.0	3.0	6.0	6.0	4.0	6.0	51.0	1.0	1.0	1.0	1.0	4	4	4	2.0	0.981831664812755	True	True	True	True	True	True	strict_shared_both_screens	14.981831664812756	False	rna_processing_neuronal_state	supporting_context_not_core_executor	2.241031390134529	False	rna_processing_neuronal_state	supporting_context_not_core_executor	2.246977562652904	shared_positive_both_screens	4.488008952787434			True	True	True	10659	14007	HGNC:2550	MGI:1338822	True	same_symbol
FTH1	FTH1	FTH1	Fth1	51619450	True	True	True	True	True	True	True	True	0.9460304822565969	0.6637414095135427	0.8891423357664233	0.19583428636779507	0.125	0.0625	0.125	0.109375	0.9823651452282156	0.9982711278348417	0.9823651452282156	0.9742985250951157	0.5	0.5	0.5	0.5	0.25	0.5	0.25	0.0	3.0	4.0	3.0	6.0	6.0	4.0	6.0	51.0	1.0	1.0	1.0	0.8333333333333334	4	4	4	2.0	0.9742985250951157	True	True	True	True	True	True	strict_shared_both_screens	14.974298525095115	False	unclassified_shared_neuronal_or_context	exploratory_context	2.099752168525403	False	unclassified_shared_neuronal_or_context	exploratory_context	2.2080562110663964	shared_positive_both_screens	4.307808379591799			True	True	True	2495	14319	HGNC:3976	MGI:95588	True	same_symbol
GPM6A	GPM6A	GPM6A	Gpm6a	51618252	True	True	True	True	True	True	True	True	0.9460304822565969	0.6637414095135427	0.8891423357664233	0.10261115771812081	0.125	0.0625	0.125	0.015625	0.950315164998146	0.9305419245060185	0.950315164998146	0.9496371803292775	0.5	0.5	0.5	0.5	0.5	0.5	0.5	0.5	3.0	4.0	3.0	6.0	6.0	4.0	6.0	51.0	1.0	1.0	1.0	1.0	4	4	4	2.0	0.9305419245060185	True	True	True	True	True	True	strict_shared_both_screens	14.930541924506018	False	cytoskeleton_morphogenesis	mechanism_figure_candidate	2.7387319872048668	False	cytoskeleton_morphogenesis	mechanism_figure_candidate	2.7387319872048668	consensus_figure_candidate	5.4774639744097335	True	4.0	True	True	True	2823	234267	HGNC:4460	MGI:107671	True	same_symbol
PPP3CA	PPP3CA	PPP3CA	Ppp3ca	51620904	True	True	True	True	True	True	True	True	0.9460304822565969	0.6637414095135427	0.8891423357664233	0.10261115771812081	0.125	0.0625	0.125	0.015625	0.8946978123841305	0.9940424144009103	0.8946978123841305	0.9889229071949797	0.5	0.5	0.5	0.5	0.5	0.5	0.5	0.5	3.0	4.0	3.0	6.0	6.0	4.0	6.0	51.0	1.0	1.0	1.0	1.0	4	4	4	2.0	0.8946978123841305	True	True	True	True	True	True	strict_shared_both_screens	14.89469781238413	False	synaptic_wiring	mechanism_figure_candidate	2.7275913091608883	False	synaptic_wiring	mechanism_figure_candidate	2.7275913091608883	consensus_figure_candidate	5.455182618321777	False	3.0	True	True	True	5530	19055	HGNC:9314	MGI:107164	True	same_symbol
NFIB	NFIB	NFIB	Nfib	51634293	True	True	True	True	True	True	True	True	0.9460304822565969	0.6637414095135427	0.8891423357664233	0.10261115771812081	0.125	0.0625	0.125	0.015625	0.9549858782494053	0.9337968938668442	0.9549858782494053	0.8869767432659372	0.5	0.5	0.5	0.5	0.5	0.5	0.5	0.5	3.0	4.0	3.0	6.0	6.0	4.0	6.0	51.0	1.0	1.0	1.0	1.0	4	4	4	2.0	0.8869767432659372	True	True	True	True	True	True	strict_shared_both_screens	14.886976743265937	False	regulatory_morphogenesis_candidate	mechanism_figure_candidate	2.7221084953940635	False	regulatory_morphogenesis_candidate	mechanism_figure_candidate	2.7343223776485583	consensus_figure_candidate	5.456430873042622	True	4.0	True	True	True	4781	18028	HGNC:7785	MGI:103188	True	same_symbol
NFIA	NFIA	NFIA	Nfia	51625494	True	True	True	True	True	True	True	True	0.9460304822565969	0.6637414095135427	0.8891423357664233	0.10261115771812081	0.125	0.0625	0.125	0.015625	0.9161419673167923	0.8233612302396913	0.9161419673167923	0.8898867766284596	0.5	0.5	0.5	0.5	0.5	0.5	0.5	0.5	3.0	4.0	3.0	6.0	6.0	4.0	6.0	51.0	1.0	1.0	1.0	1.0	4	4	4	2.0	0.8233612302396913	True	True	True	True	True	True	strict_shared_both_screens	14.82336123023969	False	regulatory_morphogenesis_candidate	mechanism_figure_candidate	2.7290354918291984	False	regulatory_morphogenesis_candidate	mechanism_figure_candidate	2.7290354918291984	consensus_figure_candidate	5.458070983658397	True	4.0	True	True	True	4774	18027	HGNC:7784	MGI:108056	True	same_symbol
ANK3	ANK3	ANK3	Ank3	51616142	True	True	True	True	True	True	True	True	0.9460304822565969	0.6637414095135427	0.8891423357664233	0.19583428636779507	0.125	0.0625	0.125	0.109375	0.757137560252132	0.960791165781381	0.757137560252132	0.960791165781381	0.5	0.5	0.5	0.5	0.5	0.5	0.5	0.0	3.0	4.0	3.0	6.0	6.0	4.0	6.0	51.0	1.0	1.0	1.0	0.8333333333333334	4	4	4	2.0	0.757137560252132	True	True	True	True	True	True	strict_shared_both_screens	14.757137560252133	False	unclassified_shared_neuronal_or_context	exploratory_context	2.2029515129950132	False	unclassified_shared_neuronal_or_context	exploratory_context	2.2029515129950132	shared_positive_both_screens	4.4059030259900265			True	True	True	288	11735	HGNC:494	MGI:88026	True	same_symbol
RBFOX3	RBFOX3	RBFOX3	Rbfox3	51623392	True	True	True	True	True	True	True	True	0.9460304822565969	0.6637414095135427	0.8891423357664233	0.3199106364428945	0.125	0.125	0.125	0.1875	0.7374860956618465	0.9655521783181358	0.7374860956618465	0.8688021369660046	0.5	0.5	0.5	0.5	0.5	0.5	0.5	0.0	3.0	3.0	3.0	5.0	6.0	3.0	6.0	50.0	1.0	1.0	1.0	0.8	4	4	4	2.0	0.7374860956618465	True	True	True	True	True	True	strict_shared_both_screens	14.737486095661847	False	rna_processing_neuronal_state	supporting_context_not_core_executor	2.1845848974044166	False	rna_processing_neuronal_state	supporting_context_not_core_executor	1.1845848974044166	shared_positive_both_screens	3.3691697948088333			True	True	True	146713	52897	HGNC:27097	MGI:106368	True	same_symbol
NBEA	NBEA	NBEA	Nbea	51622325	True	True	True	True	True	True	True	True	0.9460304822565969	0.6637414095135427	0.8891423357664233	0.10261115771812081	0.125	0.0625	0.125	0.015625	0.7154592979835698	0.7298015096449539	0.7154592979835698	0.871075909117188	0.5	0.5	0.5	0.5	0.5	0.5	0.5	0.5	3.0	4.0	3.0	6.0	6.0	4.0	6.0	51.0	1.0	1.0	1.0	1.0	4	4	4	2.0	0.7154592979835698	True	True	True	True	True	True	strict_shared_both_screens	14.71545929798357	False	unclassified_shared_neuronal_or_context	exploratory_context	2.1797902412585133	False	unclassified_shared_neuronal_or_context	exploratory_context	2.1797902412585133	shared_positive_both_screens	4.359580482517027			True	True	True	26960	26422	HGNC:7648	MGI:1347075	True	same_symbol
NRN1	NRN1	NRN1	Nrn1	51617901	True	True	True	True	True	True	True	True	0.9460304822565969	0.6637414095135427	0.8891423357664233	0.10261115771812081	0.125	0.0625	0.125	0.015625	0.6626236833705713	0.804228948938946	0.6626236833705713	0.6829027035672761	0.5	0.5	0.5	0.5	0.5	0.5	0.5	0.5	3.0	4.0	3.0	6.0	6.0	4.0	6.0	51.0	1.0	1.0	1.0	1.0	4	4	4	2.0	0.6626236833705713	True	True	True	True	True	True	strict_shared_both_screens	14.66262368337057	False	unclassified_shared_neuronal_or_context	exploratory_context	2.1133603238866394	False	unclassified_shared_neuronal_or_context	exploratory_context	2.172939657591515	shared_positive_both_screens	4.286299981478154			True	True	True	51299	68404	HGNC:17972	MGI:1915654	True	same_symbol
ATP2B1	ATP2B1	ATP2B1	Atp2b1	51623864	True	True	True	True	True	True	True	True	0.9460304822565969	0.6637414095135427	0.8891423357664233	0.19583428636779507	0.125	0.0625	0.125	0.109375	0.6203188728216537	0.9969604863221885	0.6203188728216537	0.9614682166817436	0.5	0.5	0.5	0.5	0.5	0.5	0.5	0.0	3.0	4.0	3.0	6.0	6.0	4.0	6.0	51.0	1.0	1.0	1.0	0.8333333333333334	4	4	4	2.0	0.6203188728216537	True	True	True	True	True	True	strict_shared_both_screens	14.620318872821654	False	unclassified_shared_neuronal_or_context	exploratory_context	2.1651359205820535	False	unclassified_shared_neuronal_or_context	exploratory_context	2.1651359205820535	shared_positive_both_screens	4.330271841164107			True	True	True	490	67972	HGNC:814	MGI:104653	True	same_symbol
TNIK	TNIK	TNIK	Tnik	51620248	True	True	True	True	True	True	True	True	0.9460304822565969	0.6637414095135427	0.8891423357664233	0.19353243670886075	0.125	0.125	0.125	0.03125	0.6202389843166543	0.5916919959473151	0.6202389843166543	0.7193877551020408	0.5	0.5	0.5	0.5	0.25	0.5	0.25	0.5	3.0	3.0	3.0	5.0	6.0	3.0	6.0	50.0	1.0	1.0	1.0	1.0	4	4	4	2.0	0.5916919959473151	True	True	True	True	True	True	strict_shared_both_screens	14.591691995947315	False	unclassified_shared_neuronal_or_context	exploratory_context	2.1712498538272857	False	unclassified_shared_neuronal_or_context	exploratory_context	1.171249853827286	shared_positive_both_screens	3.3424997076545715			True	True	True	23043	665113	HGNC:30765	MGI:1916264	True	same_symbol
PPP2R2C	PPP2R2C	PPP2R2C	Ppp2r2c	51623888	True	True	True	True	True	True	True	True	0.9460304822565969	0.6637414095135427	0.8891423357664233	0.19583428636779507	0.125	0.0625	0.125	0.109375	0.5814730285245042	0.6825552138663684	0.5814730285245042	0.6825552138663684	0.5	0.5	0.5	0.5	0.5	0.5	0.5	0.0	3.0	4.0	3.0	6.0	6.0	4.0	6.0	51.0	1.0	1.0	1.0	0.8333333333333334	4	4	4	2.0	0.5814730285245042	True	True	True	True	True	True	strict_shared_both_screens	14.581473028524504	False	unclassified_shared_neuronal_or_context	exploratory_context	2.1682449494949494	False	unclassified_shared_neuronal_or_context	exploratory_context	2.17390406029133	shared_positive_both_screens	4.342149009786279			True	True	True	5522	269643	HGNC:9306	MGI:2442660	True	same_symbol
CELF4	CELF4	CELF4	Celf4	51630281	True	True	True	True	True	True	True	True	0.9460304822565969	0.6637414095135427	0.8891423357664233	0.19583428636779507	0.125	0.0625	0.125	0.109375	0.5802743789395625	0.9189636507473873	0.5802743789395625	0.892408196843391	0.5	0.5	0.5	0.5	0.5	0.5	0.5	0.0	3.0	4.0	3.0	6.0	6.0	4.0	6.0	51.0	1.0	1.0	1.0	0.8333333333333334	4	4	4	2.0	0.5802743789395625	True	True	True	True	True	True	strict_shared_both_screens	14.580274378939562	False	rna_processing_neuronal_state	supporting_context_not_core_executor	2.155327284879453	False	rna_processing_neuronal_state	supporting_context_not_core_executor	2.155327284879453	shared_positive_both_screens	4.310654569758906			True	True	True	56853	108013	HGNC:14015	MGI:1932407	True	same_symbol
ZBTB18	ZBTB18	ZBTB18	Zbtb18	51625148	True	True	True	True	True	True	True	True	0.9460304822565969	0.6637414095135427	0.8891423357664233	0.19353243670886075	0.125	0.125	0.125	0.03125	0.5710048201705599	0.8877551020408163	0.5710048201705599	0.7832390517247861	0.5	0.5	0.5	0.5	0.5	0.5	0.5	0.5	3.0	3.0	3.0	5.0	6.0	3.0	6.0	50.0	1.0	1.0	1.0	1.0	4	4	4	2.0	0.5710048201705599	True	True	True	True	True	True	strict_shared_both_screens	14.57100482017056	False	unclassified_shared_neuronal_or_context	exploratory_context	2.135871260871261	False	unclassified_shared_neuronal_or_context	exploratory_context	1.145710080838194	shared_positive_both_screens	3.2815813417094546			True	True	True	10472	30928	HGNC:13030	MGI:1353609	True	same_symbol
PPM1H	PPM1H	PPM1H	Ppm1h	51628976	True	True	True	True	True	True	True	True	0.9460304822565969	0.6637414095135427	0.8891423357664233	0.19583428636779507	0.125	0.0625	0.125	0.109375	0.4658981748318924	0.5478361557388913	0.4658981748318924	0.7180181633414258	0.5	0.5	0.5	0.5	0.5	0.5	0.5	0.0	3.0	4.0	3.0	6.0	6.0	4.0	6.0	51.0	1.0	1.0	1.0	0.8333333333333334	4	4	4	2.0	0.4658981748318924	True	True	True	True	True	True	strict_shared_both_screens	14.465898174831892	False	unclassified_shared_neuronal_or_context	exploratory_context	2.133246607178856	False	unclassified_shared_neuronal_or_context	exploratory_context	2.133246607178856	shared_positive_both_screens	4.266493214357712			True	True	True	57460	319468	HGNC:18583	MGI:2442087	True	same_symbol
CACNA2D1	CACNA2D1	CACNA2D1	Cacna2d1	51625279	True	True	True	True	True	True	True	True	0.9460304822565969	0.6637414095135427	0.8891423357664233	0.19583428636779507	0.125	0.0625	0.125	0.109375	0.4507094846900672	0.662007268660889	0.4507094846900672	0.752713851498046	0.5	0.5	0.5	0.5	0.5	0.5	0.5	0.0	3.0	4.0	3.0	6.0	6.0	4.0	6.0	51.0	1.0	1.0	1.0	0.8333333333333334	4	4	4	2.0	0.4507094846900672	True	True	True	True	True	True	strict_shared_both_screens	14.450709484690067	False	synaptic_wiring	mechanism_figure_candidate	2.618958762435442	False	synaptic_wiring	mechanism_figure_candidate	2.618958762435442	consensus_figure_candidate	5.237917524870884	False	3.0	True	True	True	781	12293	HGNC:1399	MGI:88295	True	same_symbol
ST18	ST18	ST18	St18	51622309	True	True	True	True	True	True	True	True	0.9460304822565969	0.6637414095135427	0.8891423357664233	0.19583428636779507	0.125	0.0625	0.125	0.109375	0.4534668149796069	0.438144508750746	0.4534668149796069	0.551472716746273	0.5	0.5	0.5	0.5	0.5	0.5	0.5	0.0	3.0	4.0	3.0	6.0	6.0	4.0	6.0	51.0	1.0	1.0	1.0	0.8333333333333334	4	4	4	2.0	0.438144508750746	True	True	True	True	True	True	strict_shared_both_screens	14.438144508750746	True	broad_neuronal_state	supporting_context_not_core_executor	2.204046311654904	True	broad_neuronal_state	supporting_context_not_core_executor	2.3707129783215706	shared_positive_both_screens	2.3707129783215706			True	True	True	9705	240690	HGNC:18695	MGI:2446700	True	same_symbol
SSBP3	SSBP3	SSBP3	Ssbp3	51621790	True	True	True	True	True	True	True	True	0.9460304822565969	0.6637414095135427	0.8891423357664233	0.19583428636779507	0.125	0.0625	0.125	0.109375	0.6402871676939983	0.41144814090019566	0.6402871676939983	0.47719489414694893	0.5	0.5	0.5	0.5	0.5	0.5	0.5	0.0	3.0	4.0	3.0	6.0	6.0	4.0	6.0	51.0	1.0	1.0	1.0	0.8333333333333334	4	4	4	2.0	0.41144814090019566	True	True	True	True	True	True	strict_shared_both_screens	14.411448140900196	False	unclassified_shared_neuronal_or_context	exploratory_context	2.134513567174057	False	unclassified_shared_neuronal_or_context	exploratory_context	2.1200226228643597	shared_positive_both_screens	4.254536190038417			True	True	True	23648	72475	HGNC:15674	MGI:1919725	True	same_symbol
BAIAP2	BAIAP2	BAIAP2	Baiap2	51628061	True	True	True	True	True	True	True	True	0.9460304822565969	0.6637414095135427	0.8891423357664233	0.10261115771812081	0.125	0.0625	0.125	0.015625	0.4068783913182253	0.8504323326532595	0.4068783913182253	0.8111378097834254	0.5	0.5	0.5	0.5	0.5	0.5	0.5	0.5	3.0	4.0	3.0	6.0	6.0	4.0	6.0	51.0	1.0	1.0	1.0	1.0	4	4	4	2.0	0.4068783913182253	True	True	True	True	True	True	strict_shared_both_screens	14.406878391318225	False	unclassified_shared_neuronal_or_context	exploratory_context	2.1108801919440703	False	unclassified_shared_neuronal_or_context	exploratory_context	2.1108801919440703	shared_positive_both_screens	4.221760383888141			True	True	True	10458	108100	HGNC:947	MGI:2137336	True	same_symbol
SEZ6L	SEZ6L	SEZ6L	Sez6l	51635369	True	True	True	True	True	True	True	True	0.9460304822565969	0.6637414095135427	0.8891423357664233	0.19583428636779507	0.125	0.0625	0.125	0.109375	0.3928343440791573	0.6001131143217998	0.3928343440791573	0.6115382323142022	0.5	0.5	0.5	0.5	0.5	0.5	0.5	0.0	3.0	4.0	3.0	6.0	6.0	4.0	6.0	51.0	1.0	1.0	1.0	0.8333333333333334	4	4	4	2.0	0.3928343440791573	True	True	True	True	True	True	strict_shared_both_screens	14.392834344079157	False	unclassified_shared_neuronal_or_context	exploratory_context	2.077810416983009	False	unclassified_shared_neuronal_or_context	exploratory_context	2.077810416983009	shared_positive_both_screens	4.155620833966018			True	True	True	23544	56747	HGNC:10763	MGI:1935121	True	same_symbol
NEUROD1	NEUROD1	NEUROD1	Neurod1	51616471	True	True	True	True	True	True	True	True	0.9460304822565969	0.6637414095135427	0.8891423357664233	0.19583428636779507	0.125	0.0625	0.125	0.109375	0.8423635493137568	0.580625009080211	0.8423635493137568	0.3771151310156714	0.5	0.5	0.5	0.5	0.5	0.5	0.5	0.0	3.0	4.0	3.0	6.0	6.0	4.0	6.0	51.0	1.0	1.0	1.0	0.8333333333333334	4	4	4	2.0	0.3771151310156714	True	True	True	True	True	True	strict_shared_both_screens	14.377115131015671	True	broad_neuronal_state	supporting_context_not_core_executor	2.275252525252525	True	broad_neuronal_state	supporting_context_not_core_executor	2.2504938473766956	shared_positive_both_screens	2.275252525252525			True	True	True	4760	18012	HGNC:7762	MGI:1339708	True	same_symbol
NEUROD2	NEUROD2	NEUROD2	Neurod2	51620918	True	True	True	True	True	True	True	True	0.9460304822565969	0.6637414095135427	0.8891423357664233	0.19583428636779507	0.125	0.0625	0.125	0.109375	0.3742020427705075	0.7615669555493431	0.3742020427705075	0.5983517203044264	0.5	0.5	0.5	0.5	0.5	0.5	0.5	0.0	3.0	4.0	3.0	6.0	6.0	4.0	6.0	51.0	1.0	1.0	1.0	0.8333333333333334	4	4	4	2.0	0.3742020427705075	True	True	True	True	True	True	strict_shared_both_screens	14.374202042770508	True	broad_neuronal_state	supporting_context_not_core_executor	2.3030842230130486	True	broad_neuronal_state	supporting_context_not_core_executor	2.3749616335412975	shared_positive_both_screens	2.3749616335412975			True	True	True	4761	18013	HGNC:7763	MGI:107755	True	same_symbol
ROBO2	ROBO2	ROBO2	Robo2	51616305	True	True	True	True	True	True	True	True	0.9460304822565969	0.6637414095135427	0.8891423357664233	0.19583428636779507	0.125	0.0625	0.125	0.109375	0.3544668587896253	0.422398717575051	0.3544668587896253	0.5044507164567955	0.5	0.5	0.5	0.5	0.25	0.5	0.25	0.0	3.0	4.0	3.0	6.0	6.0	4.0	6.0	51.0	1.0	1.0	1.0	0.8333333333333334	4	4	4	2.0	0.3544668587896253	True	True	True	True	True	True	strict_shared_both_screens	14.354466858789625	True	curated_shared_structural_executor	mechanism_figure_candidate	2.850226953315843	True	curated_shared_structural_executor	mechanism_figure_candidate	2.850226953315843	shared_positive_both_screens	2.850226953315843			True	True	True	6092	268902	HGNC:10250	MGI:1890110	True	same_symbol
GATAD2B	GATAD2B	GATAD2B	Gatad2b	51626619	True	True	True	True	True	True	True	True	0.9460304822565969	0.6637414095135427	0.8891423357664233	0.19583428636779507	0.125	0.0625	0.125	0.109375	0.5342973674453096	0.3353465197566483	0.5342973674453096	0.5218525817941227	0.5	0.5	0.5	0.5	0.25	0.5	0.25	0.0	3.0	4.0	3.0	6.0	6.0	4.0	6.0	51.0	1.0	1.0	1.0	0.8333333333333334	4	4	4	2.0	0.3353465197566483	True	True	True	True	True	True	strict_shared_both_screens	14.335346519756648	False	unclassified_shared_neuronal_or_context	exploratory_context	2.1348421301406253	False	unclassified_shared_neuronal_or_context	exploratory_context	2.1348421301406253	shared_positive_both_screens	4.269684260281251			True	True	True	57459	229542	HGNC:30778	MGI:2443225	True	same_symbol
WASF1	WASF1	WASF1	Wasf1	51626659	True	True	True	True	True	True	True	True	0.9460304822565969	0.6637414095135427	0.8891423357664233	0.19583428636779507	0.125	0.0625	0.125	0.109375	0.3333744938952861	0.8152142232585251	0.3333744938952861	0.8152142232585251	0.5	0.5	0.5	0.5	0.25	0.5	0.25	0.0	3.0	4.0	3.0	6.0	6.0	4.0	6.0	51.0	1.0	1.0	1.0	0.8333333333333334	4	4	4	2.0	0.3333744938952861	True	True	True	True	True	True	strict_shared_both_screens	14.333374493895287	False	unclassified_shared_neuronal_or_context	exploratory_context	2.098166427864735	False	unclassified_shared_neuronal_or_context	exploratory_context	2.098166427864735	shared_positive_both_screens	4.19633285572947			True	True	True	8936	83767	HGNC:12732	MGI:1890563	True	same_symbol
ATP1A1	ATP1A1	ATP1A1	Atp1a1	51616323	True	True	True	True	True	True	True	True	0.9460304822565969	0.6637414095135427	0.8891423357664233	0.10261115771812081	0.125	0.0625	0.125	0.015625	0.32548985959474996	0.7218359217776298	0.32548985959474996	0.6910360302475815	0.5	0.5	0.5	0.5	0.25	0.5	0.25	0.5	3.0	4.0	3.0	6.0	6.0	4.0	6.0	51.0	1.0	1.0	1.0	1.0	4	4	4	2.0	0.32548985959474996	True	True	True	True	True	True	strict_shared_both_screens	14.32548985959475	False	unclassified_shared_neuronal_or_context	exploratory_context	2.1020155777938294	False	unclassified_shared_neuronal_or_context	exploratory_context	2.1020155777938294	shared_positive_both_screens	4.204031155587659			True	True	True	476	11928	HGNC:799	MGI:88105	True	same_symbol
WASL	WASL	WASL	Wasl	51623544	True	True	True	True	True	True	True	True	0.9460304822565969	0.6637414095135427	0.8891423357664233	0.19583428636779507	0.125	0.0625	0.125	0.109375	0.3236929922135706	0.49567320370293266	0.3236929922135706	0.5291086759451822	0.5	0.5	0.5	0.5	0.25	0.5	0.25	0.0	3.0	4.0	3.0	6.0	6.0	4.0	6.0	51.0	1.0	1.0	1.0	0.8333333333333334	4	4	4	2.0	0.3236929922135706	True	True	True	True	True	True	strict_shared_both_screens	14.323692992213571	False	unclassified_shared_neuronal_or_context	exploratory_context	2.0798562139794656	False	unclassified_shared_neuronal_or_context	exploratory_context	2.0798562139794656	shared_positive_both_screens	4.159712427958931			True	True	True	8976	73178	HGNC:12735	MGI:1920428	True	same_symbol
KAT6B	KAT6B	KAT6B	Kat6b	51621874	True	True	True	True	True	True	True	True	0.9460304822565969	0.6637414095135427	0.8891423357664233	0.19353243670886075	0.125	0.125	0.125	0.03125	0.319142993935525	0.4792299898682877	0.319142993935525	0.4948979591836734	0.5	0.5	0.5	0.5	0.5	0.5	0.5	0.5	3.0	3.0	3.0	5.0	6.0	3.0	6.0	50.0	1.0	1.0	1.0	1.0	4	4	4	2.0	0.319142993935525	True	True	True	True	True	True	strict_shared_both_screens	14.319142993935525	False	unclassified_shared_neuronal_or_context	exploratory_context	2.0720063917923515	False	unclassified_shared_neuronal_or_context	exploratory_context	1.0720063917923517	shared_positive_both_screens	3.144012783584703			True	True	True	23522	54169	HGNC:17582	MGI:1858746	True	same_symbol
CBFA2T2	CBFA2T2	CBFA2T2	Cbfa2t2	51623303	True	True	True	True	True	True	True	True	0.9460304822565969	0.6637414095135427	0.8891423357664233	0.10261115771812081	0.125	0.0625	0.125	0.015625	0.37223823246878	0.3063395570994355	0.37223823246878	0.5157953592395863	0.5	0.5	0.5	0.5	0.5	0.5	0.5	0.5	3.0	4.0	3.0	6.0	6.0	4.0	6.0	51.0	1.0	1.0	1.0	1.0	4	4	4	2.0	0.3063395570994355	True	True	True	True	True	True	strict_shared_both_screens	14.306339557099436	False	unclassified_shared_neuronal_or_context	exploratory_context	2.094653378759867	False	unclassified_shared_neuronal_or_context	exploratory_context	2.094653378759867	shared_positive_both_screens	4.189306757519734			True	True	True	9139	12396	HGNC:1536	MGI:1333833	True	same_symbol
KCNJ6	KCNJ6	KCNJ6	Kcnj6	51631421	True	True	True	True	True	True	True	True	0.9460304822565969	0.6637414095135427	0.8891423357664233	0.10261115771812081	0.125	0.0625	0.125	0.015625	0.3098068943504628	0.2964011602892396	0.3098068943504628	0.4852217439463833	0.5	0.5	0.5	0.5	0.5	0.5	0.5	0.5	3.0	4.0	3.0	6.0	6.0	4.0	6.0	51.0	1.0	1.0	1.0	1.0	4	4	4	2.0	0.2964011602892396	True	True	True	True	True	True	strict_shared_both_screens	14.29640116028924	False	synaptic_wiring	mechanism_figure_candidate	2.5579381576631643	False	synaptic_wiring	mechanism_figure_candidate	2.5579381576631643	consensus_figure_candidate	5.115876315326329	False	3.0	True	True	True	3763	16522	HGNC:6267	MGI:104781	True	same_symbol
OSBP2	OSBP2	OSBP2	Osbp2	51623658	True	True	True	True	True	True	True	True	0.9460304822565969	0.6637414095135427	0.8891423357664233	0.19583428636779507	0.125	0.0625	0.125	0.109375	0.2862439747868001	0.31518299537827377	0.2862439747868001	0.480894485453756	0.5	0.5	0.5	0.5	0.5	0.5	0.5	0.0	3.0	4.0	3.0	6.0	6.0	4.0	6.0	51.0	1.0	1.0	1.0	0.8333333333333334	4	4	4	2.0	0.2862439747868001	True	True	True	True	True	True	strict_shared_both_screens	14.2862439747868	False	unclassified_shared_neuronal_or_context	exploratory_context	2.0730043200952277	False	unclassified_shared_neuronal_or_context	exploratory_context	2.0730043200952277	shared_positive_both_screens	4.1460086401904555			True	True	True	23762	74309	HGNC:8504	MGI:1921559	True	same_symbol
GSE1	GSE1	GSE1	Gse1	51621042	True	True	True	True	True	True	True	True	0.9460304822565969	0.6637414095135427	0.8891423357664233	0.19583428636779507	0.125	0.0625	0.125	0.109375	0.5057328602842286	0.28134496548283383	0.5057328602842286	0.3313970161814116	0.5	0.5	0.5	0.5	0.25	0.5	0.25	0.0	3.0	4.0	3.0	6.0	6.0	4.0	6.0	51.0	1.0	1.0	1.0	0.8333333333333334	4	4	4	2.0	0.28134496548283383	True	True	True	True	True	True	strict_shared_both_screens	14.281344965482834	False	unclassified_shared_neuronal_or_context	exploratory_context	2.0758218451749735	False	unclassified_shared_neuronal_or_context	exploratory_context	2.0522504498230436	shared_positive_both_screens	4.128072294998017			True	True	True	23199	382034	HGNC:28979	MGI:1098275	True	same_symbol
SPHKAP	SPHKAP	SPHKAP	Sphkap	51626098	True	True	True	True	True	True	True	True	0.9460304822565969	0.6637414095135427	0.8891423357664233	0.19583428636779507	0.125	0.0625	0.125	0.109375	0.2717834631071561	0.637416552164439	0.2717834631071561	0.637416552164439	0.5	0.5	0.5	0.5	0.5	0.5	0.5	0.0	3.0	4.0	3.0	6.0	6.0	4.0	6.0	51.0	1.0	1.0	1.0	0.8333333333333334	4	4	4	2.0	0.2717834631071561	True	True	True	True	True	True	strict_shared_both_screens	14.271783463107155	False	unclassified_shared_neuronal_or_context	exploratory_context	2.0717371019565984	False	unclassified_shared_neuronal_or_context	exploratory_context	2.0717371019565984	shared_positive_both_screens	4.143474203913197			True	True	True	80309	77629	HGNC:30619	MGI:1924879	True	same_symbol
PPFIA2	PPFIA2	PPFIA2	Ppfia2	51620872	True	True	True	True	True	True	True	True	0.9460304822565969	0.6637414095135427	0.8891423357664233	0.10261115771812081	0.125	0.0625	0.125	0.015625	0.2640029873039581	0.9270100345588542	0.2640029873039581	0.9270100345588542	0.5	0.5	0.5	0.5	0.5	0.5	0.5	0.5	3.0	4.0	3.0	6.0	6.0	4.0	6.0	51.0	1.0	1.0	1.0	1.0	4	4	4	2.0	0.2640029873039581	True	True	True	True	True	True	strict_shared_both_screens	14.264002987303957	False	unclassified_shared_neuronal_or_context	exploratory_context	2.0696238124139557	False	unclassified_shared_neuronal_or_context	exploratory_context	2.0696238124139557	shared_positive_both_screens	4.139247624827911			True	True	True	8499	327814	HGNC:9246	MGI:2443834	True	same_symbol
NOL4	NOL4	NOL4	Nol4	51634318	True	True	True	True	True	True	True	True	0.9460304822565969	0.6637414095135427	0.8891423357664233	0.10261115771812081	0.125	0.0625	0.125	0.015625	0.2562106043752317	0.4012715489505543	0.2562106043752317	0.5742441897065129	0.5	0.5	0.5	0.5	0.5	0.5	0.5	0.5	3.0	4.0	3.0	6.0	6.0	4.0	6.0	51.0	1.0	1.0	1.0	1.0	4	4	4	2.0	0.2562106043752317	True	True	True	True	True	True	strict_shared_both_screens	14.256210604375232	False	unclassified_shared_neuronal_or_context	exploratory_context	2.0774153745382584	False	unclassified_shared_neuronal_or_context	exploratory_context	2.0774153745382584	shared_positive_both_screens	4.154830749076517			True	True	True	8715	319211	HGNC:7870	MGI:2441684	True	same_symbol
UNC13A	UNC13A	UNC13A	Unc13a	51625735	True	True	True	True	True	True	True	True	0.9460304822565969	0.6637414095135427	0.8891423357664233	0.19583428636779507	0.125	0.0625	0.125	0.109375	0.2521319985168705	0.740863366623245	0.2521319985168705	0.7097379613752364	0.5	0.5	0.5	0.5	0.5	0.5	0.5	0.0	3.0	4.0	3.0	6.0	6.0	4.0	6.0	51.0	1.0	1.0	1.0	0.8333333333333334	4	4	4	2.0	0.2521319985168705	True	True	True	True	True	True	strict_shared_both_screens	14.252131998516871	False	unclassified_shared_neuronal_or_context	exploratory_context	2.067779708268019	False	unclassified_shared_neuronal_or_context	exploratory_context	2.067779708268019	shared_positive_both_screens	4.135559416536038			True	True	True	23025	382018	HGNC:23150	MGI:3051532	True	same_symbol
GABRB3	GABRB3	GABRB3	Gabrb3	51631275	True	True	True	True	True	True	True	True	0.9460304822565969	0.6637414095135427	0.8891423357664233	0.19583428636779507	0.125	0.0625	0.125	0.109375	0.2495365220615498	0.7987987675396594	0.2495365220615498	0.7987987675396594	0.5	0.5	0.5	0.5	0.5	0.5	0.5	0.0	3.0	4.0	3.0	6.0	6.0	4.0	6.0	51.0	1.0	1.0	1.0	0.8333333333333334	4	4	4	2.0	0.2495365220615498	True	True	True	True	True	True	strict_shared_both_screens	14.24953652206155	False	synaptic_wiring	mechanism_figure_candidate	2.566074389945494	False	synaptic_wiring	mechanism_figure_candidate	2.566074389945494	consensus_figure_candidate	5.132148779890988	False	3.0	True	True	True	2562	14402	HGNC:4083	MGI:95621	True	same_symbol
NCOR2	NCOR2	NCOR2	Ncor2	51621331	True	True	True	True	True	True	True	True	0.9460304822565969	0.6637414095135427	0.8891423357664233	0.10261115771812081	0.125	0.0625	0.125	0.015625	0.2694524495677233	0.24563850605820875	0.2694524495677233	0.41354374107376335	0.5	0.5	0.5	0.5	0.25	0.5	0.25	0.5	3.0	4.0	3.0	6.0	6.0	4.0	6.0	51.0	1.0	1.0	1.0	1.0	4	4	4	2.0	0.24563850605820875	True	True	True	True	True	True	strict_shared_both_screens	14.245638506058208	False	unclassified_shared_neuronal_or_context	exploratory_context	2.071872138324256	False	unclassified_shared_neuronal_or_context	exploratory_context	2.071872138324256	shared_positive_both_screens	4.143744276648512			True	True	True	9612	20602	HGNC:7673	MGI:1337080	True	same_symbol
KCNK1	KCNK1	KCNK1	Kcnk1	51622575	True	True	True	True	True	True	True	True	0.9460304822565969	0.6637414095135427	0.8891423357664233	0.10261115771812081	0.125	0.0625	0.125	0.015625	0.24482286599114825	0.6679157818767263	0.24482286599114825	0.6679157818767263	0.5	0.5	0.5	0.5	0.5	0.5	0.5	0.5	3.0	4.0	3.0	6.0	6.0	4.0	6.0	51.0	1.0	1.0	1.0	1.0	4	4	4	2.0	0.24482286599114825	True	True	True	True	True	True	strict_shared_both_screens	14.244822865991148	False	synaptic_wiring	mechanism_figure_candidate	2.5757657569463186	False	synaptic_wiring	mechanism_figure_candidate	2.5757657569463186	consensus_figure_candidate	5.151531513892637	True	4.0	True	True	True	3775	16525	HGNC:6272	MGI:109322	True	same_symbol
PGM2L1	PGM2L1	PGM2L1	Pgm2l1	51622385	True	True	True	True	True	True	True	True	0.9460304822565969	0.6637414095135427	0.8891423357664233	0.19583428636779507	0.125	0.0625	0.125	0.109375	0.2374906646751307	0.5962683965073876	0.2374906646751307	0.5962683965073876	0.5	0.5	0.5	0.5	0.5	0.5	0.5	0.0	3.0	4.0	3.0	6.0	6.0	4.0	6.0	51.0	1.0	1.0	1.0	0.8333333333333334	4	4	4	2.0	0.2374906646751307	True	True	True	True	True	True	strict_shared_both_screens	14.23749066467513	False	unclassified_shared_neuronal_or_context	exploratory_context	2.0664510389667443	False	unclassified_shared_neuronal_or_context	exploratory_context	2.0664510389667443	shared_positive_both_screens	4.132902077933489			True	True	True	283209	70974	HGNC:20898	MGI:1918224	True	same_symbol
SIPA1L3	SIPA1L3	SIPA1L3	Sipa1l3	51625815	True	True	True	True	True	True	True	True	0.9460304822565969	0.6637414095135427	0.8891423357664233	0.19583428636779507	0.125	0.0625	0.125	0.109375	0.2310278578290105	0.501356925749023	0.2310278578290105	0.667797118847539	0.5	0.5	0.5	0.5	0.25	0.5	0.25	0.0	3.0	4.0	3.0	6.0	6.0	4.0	6.0	51.0	1.0	1.0	1.0	0.8333333333333334	4	4	4	2.0	0.2310278578290105	True	True	True	True	True	True	strict_shared_both_screens	14.23102785782901	False	unclassified_shared_neuronal_or_context	exploratory_context	2.0628977629108656	False	unclassified_shared_neuronal_or_context	exploratory_context	2.0628977629108656	shared_positive_both_screens	4.125795525821731			True	True	True	23094	74206	HGNC:23801	MGI:1921456	True	same_symbol
FRMD4B	FRMD4B	FRMD4B	Frmd4b	51619697	True	True	True	True	True	True	True	True	0.9460304822565969	0.6637414095135427	0.8891423357664233	0.19583428636779507	0.125	0.0625	0.125	0.109375	0.2292755787901419	0.37181574757562597	0.2292755787901419	0.4736766301332554	0.5	0.5	0.5	0.5	0.25	0.5	0.25	0.0	3.0	4.0	3.0	6.0	6.0	4.0	6.0	51.0	1.0	1.0	1.0	0.8333333333333334	4	4	4	2.0	0.2292755787901419	True	True	True	True	True	True	strict_shared_both_screens	14.229275578790142	False	unclassified_shared_neuronal_or_context	exploratory_context	1.8911714550336864	False	unclassified_shared_neuronal_or_context	exploratory_context	2.0578381217003527	shared_positive_both_screens	3.9490095767340394			True	True	True	23150	232288	HGNC:24886	MGI:2141794	True	same_symbol
CDC40	CDC40	CDC40	Cdc40	51630071	True	True	True	True	True	True	True	True	0.9460304822565969	0.6637414095135427	0.8891423357664233	0.19583428636779507	0.125	0.0625	0.125	0.109375	0.2272895810159436	0.43748252725747827	0.2272895810159436	0.47087681226336686	0.5	0.5	0.5	0.5	0.25	0.5	0.25	0.0	3.0	4.0	3.0	6.0	6.0	4.0	6.0	51.0	1.0	1.0	1.0	0.8333333333333334	4	4	4	2.0	0.2272895810159436	True	True	True	True	True	True	strict_shared_both_screens	14.227289581015944	False	unclassified_shared_neuronal_or_context	exploratory_context	2.0583596733676544	False	unclassified_shared_neuronal_or_context	exploratory_context	2.0583596733676544	shared_positive_both_screens	4.116719346735309			True	True	True	51362	71713	HGNC:17350	MGI:1918963	True	same_symbol
RFX3	RFX3	RFX3	Rfx3	51628902	True	True	True	True	True	True	True	True	0.9460304822565969	0.6637414095135427	0.8891423357664233	0.10261115771812081	0.125	0.0625	0.125	0.015625	0.210975157582499	0.8740406101233849	0.210975157582499	0.8958679258336792	0.5	0.5	0.5	0.5	0.5	0.5	0.5	0.5	3.0	4.0	3.0	6.0	6.0	4.0	6.0	51.0	1.0	1.0	1.0	1.0	4	4	4	2.0	0.210975157582499	True	True	True	True	True	True	strict_shared_both_screens	14.2109751575825	False	regulatory_morphogenesis_candidate	mechanism_figure_candidate	2.556871414390415	False	regulatory_morphogenesis_candidate	mechanism_figure_candidate	2.556871414390415	consensus_figure_candidate	5.11374282878083	True	4.0	True	True	True	5991	19726	HGNC:9984	MGI:106582	True	same_symbol
ENOX1	ENOX1	ENOX1	Enox1	51625872	True	True	True	True	True	True	True	True	0.9460304822565969	0.6637414095135427	0.8891423357664233	0.19583428636779507	0.125	0.0625	0.125	0.109375	0.255043227665706	0.20316511915171195	0.255043227665706	0.32578882616876537	0.5	0.5	0.5	0.5	0.5	0.5	0.5	0.0	3.0	4.0	3.0	6.0	6.0	4.0	6.0	51.0	1.0	1.0	1.0	0.8333333333333334	4	4	4	2.0	0.20316511915171195	True	True	True	True	True	True	strict_shared_both_screens	14.203165119151713	False	unclassified_shared_neuronal_or_context	exploratory_context	1.8978406972097692	False	unclassified_shared_neuronal_or_context	exploratory_context	2.0645073638764355	shared_positive_both_screens	3.962348061086205			True	True	True	55068	239188	HGNC:25474	MGI:2444896	True	same_symbol
GRIN2B	GRIN2B	GRIN2B	Grin2b	51621524	True	True	True	True	True	True	True	True	0.9460304822565969	0.6637414095135427	0.8891423357664233	0.19583428636779507	0.125	0.0625	0.125	0.109375	0.199888285987871	0.9848024316109423	0.199888285987871	0.9652215358574785	0.5	0.5	0.5	0.5	0.5	0.5	0.5	0.0	3.0	4.0	3.0	6.0	6.0	4.0	6.0	51.0	1.0	1.0	1.0	0.8333333333333334	4	4	4	2.0	0.199888285987871	True	True	True	True	True	True	strict_shared_both_screens	14.199888285987871	False	synaptic_wiring	mechanism_figure_candidate	2.54855773104348	False	synaptic_wiring	mechanism_figure_candidate	2.54855773104348	consensus_figure_candidate	5.09711546208696	False	3.0	True	True	True	2904	14812	HGNC:4586	MGI:95821	True	same_symbol
PCSK2	PCSK2	PCSK2	Pcsk2	51631135	True	True	True	True	True	True	True	True	0.9460304822565969	0.6637414095135427	0.8891423357664233	0.19583428636779507	0.125	0.0625	0.125	0.109375	0.1983669548511047	0.9021457023497246	0.1983669548511047	0.8787862428952817	0.5	0.5	0.5	0.5	0.5	0.5	0.5	0.0	3.0	4.0	3.0	6.0	6.0	4.0	6.0	51.0	1.0	1.0	1.0	0.8333333333333334	4	4	4	2.0	0.1983669548511047	True	True	True	True	True	True	strict_shared_both_screens	14.198366954851105	False	unclassified_shared_neuronal_or_context	exploratory_context	2.0587297752563134	False	unclassified_shared_neuronal_or_context	exploratory_context	2.0587297752563134	shared_positive_both_screens	4.117459550512627			True	True	True	5126	18549	HGNC:8744	MGI:97512	True	same_symbol
SMG1	SMG1	SMG1	Smg1	51628857	True	True	True	True	True	True	True	True	0.9460304822565969	0.6637414095135427	0.8891423357664233	0.10261115771812081	0.125	0.0625	0.125	0.015625	0.1942899517982944	0.5451223042408453	0.1942899517982944	0.6327703495191179	0.5	0.5	0.5	0.5	0.25	0.5	0.25	0.5	3.0	4.0	3.0	6.0	6.0	4.0	6.0	51.0	1.0	1.0	1.0	1.0	4	4	4	2.0	0.1942899517982944	True	True	True	True	True	True	strict_shared_both_screens	14.194289951798295	False	unclassified_shared_neuronal_or_context	exploratory_context	2.0511234197672943	False	unclassified_shared_neuronal_or_context	exploratory_context	2.0511234197672943	shared_positive_both_screens	4.102246839534589			True	True	True	23049	233789	HGNC:30045	MGI:1919742	True	same_symbol
PITPNC1	PITPNC1	PITPNC1	Pitpnc1	51623839	True	True	True	True	True	True	True	True	0.9460304822565969	0.6637414095135427	0.8891423357664233	0.10261115771812081	0.125	0.0625	0.125	0.015625	0.1926811053024645	0.6100019430681045	0.1926811053024645	0.547945205479452	0.5	0.5	0.5	0.5	0.5	0.5	0.5	0.5	3.0	4.0	3.0	6.0	6.0	4.0	6.0	51.0	1.0	1.0	1.0	1.0	4	4	4	2.0	0.1926811053024645	True	True	True	True	True	True	strict_shared_both_screens	14.192681105302464	False	unclassified_shared_neuronal_or_context	exploratory_context	2.0514026213520493	False	unclassified_shared_neuronal_or_context	exploratory_context	2.0514026213520493	shared_positive_both_screens	4.102805242704099			True	True	True	26207	71795	HGNC:21045	MGI:1919045	True	same_symbol
GRIK2	GRIK2	GRIK2	Grik2	51621523	True	True	True	True	True	True	True	True	0.9460304822565969	0.6637414095135427	0.8891423357664233	0.19583428636779507	0.125	0.0625	0.125	0.109375	0.1846496106785317	0.5210649401118652	0.1846496106785317	0.6166829745596869	0.5	0.5	0.5	0.5	0.5	0.5	0.5	0.0	3.0	4.0	3.0	6.0	6.0	4.0	6.0	51.0	1.0	1.0	1.0	0.8333333333333334	4	4	4	2.0	0.1846496106785317	True	True	True	True	True	True	strict_shared_both_screens	14.184649610678532	False	unclassified_shared_neuronal_or_context	exploratory_context	2.051659491440484	False	unclassified_shared_neuronal_or_context	exploratory_context	2.051659491440484	shared_positive_both_screens	4.103318982880968			True	True	True	2898	14806	HGNC:4580	MGI:95815	True	same_symbol
GABRA2	GABRA2	GABRA2	Gabra2	51626368	True	True	True	True	True	True	True	True	0.9460304822565969	0.6637414095135427	0.8891423357664233	0.10261115771812081	0.125	0.0625	0.125	0.015625	0.1810963932333227	0.6737788185993767	0.1810963932333227	0.6737788185993767	0.5	0.5	0.5	0.5	0.5	0.5	0.5	0.5	3.0	4.0	3.0	6.0	6.0	4.0	6.0	51.0	1.0	1.0	1.0	1.0	4	4	4	2.0	0.1810963932333227	True	True	True	True	True	True	strict_shared_both_screens	14.181096393233323	False	synaptic_wiring	mechanism_figure_candidate	2.5343445419495545	False	synaptic_wiring	mechanism_figure_candidate	2.5343445419495545	consensus_figure_candidate	5.068689083899109	True	4.0	True	True	True	2555	14395	HGNC:4076	MGI:95614	True	same_symbol
KCNJ3	KCNJ3	KCNJ3	Kcnj3	51625694	True	True	True	True	True	True	True	True	0.9460304822565969	0.6637414095135427	0.8891423357664233	0.10261115771812081	0.125	0.0625	0.125	0.015625	0.1790878754171301	0.40293169910101434	0.1790878754171301	0.5449049482806821	0.5	0.5	0.5	0.5	0.5	0.5	0.5	0.5	3.0	4.0	3.0	6.0	6.0	4.0	6.0	51.0	1.0	1.0	1.0	1.0	4	4	4	2.0	0.1790878754171301	True	True	True	True	True	True	strict_shared_both_screens	14.17908787541713	False	synaptic_wiring	mechanism_figure_candidate	2.556007502198515	False	synaptic_wiring	mechanism_figure_candidate	2.556007502198515	consensus_figure_candidate	5.11201500439703	False	3.0	True	True	True	3760	16519	HGNC:6264	MGI:104742	True	same_symbol
BCAS3	BCAS3	BCAS3	Bcas3	51629676	True	True	True	True	True	True	True	True	0.9460304822565969	0.6637414095135427	0.8891423357664233	0.19583428636779507	0.125	0.0625	0.125	0.109375	0.1738712776176753	0.2098721738768372	0.1738712776176753	0.34357359965262696	0.5	0.5	0.5	0.5	0.25	0.5	0.25	0.0	3.0	4.0	3.0	6.0	6.0	4.0	6.0	51.0	1.0	1.0	1.0	0.8333333333333334	4	4	4	2.0	0.1738712776176753	True	True	True	True	True	True	strict_shared_both_screens	14.173871277617675	False	unclassified_shared_neuronal_or_context	exploratory_context	2.0438586296424632	False	unclassified_shared_neuronal_or_context	exploratory_context	2.0438586296424632	shared_positive_both_screens	4.0877172592849265			True	True	True	54828	192197	HGNC:14347	MGI:2385848	True	same_symbol
KLHL29	KLHL29	KLHL29	Klhl29	51633375	True	True	True	True	True	True	True	True	0.9460304822565969	0.6637414095135427	0.8891423357664233	0.19583428636779507	0.125	0.0625	0.125	0.109375	0.1676272814601344	0.19108191221694154	0.1676272814601344	0.2155159936314951	0.5	0.5	0.5	0.5	0.5	0.5	0.5	0.0	3.0	4.0	3.0	6.0	6.0	4.0	6.0	51.0	1.0	1.0	1.0	0.8333333333333334	4	4	4	2.0	0.1676272814601344	True	True	True	True	True	True	strict_shared_both_screens	14.167627281460135	False	unclassified_shared_neuronal_or_context	exploratory_context	2.0437101769604182	False	unclassified_shared_neuronal_or_context	exploratory_context	2.0437101769604182	shared_positive_both_screens	4.0874203539208365			True	True	True	114818	208439	HGNC:29404	MGI:2683857	True	same_symbol
CYP7B1	CYP7B1	CYP7B1	Cyp7b1	51618112	True	True	True	True	True	True	True	True	0.9460304822565969	0.6637414095135427	0.8891423357664233	0.10261115771812081	0.125	0.0625	0.125	0.015625	0.1586948461253244	0.28725833090449815	0.1586948461253244	0.4406146645114093	0.5	0.5	0.5	0.5	0.25	0.5	0.25	0.5	3.0	4.0	3.0	6.0	6.0	4.0	6.0	51.0	1.0	1.0	1.0	1.0	4	4	4	2.0	0.1586948461253244	True	True	True	True	True	True	strict_shared_both_screens	14.158694846125325	False	unclassified_shared_neuronal_or_context	exploratory_context	2.042861759157679	False	unclassified_shared_neuronal_or_context	exploratory_context	2.042861759157679	shared_positive_both_screens	4.085723518315358			True	True	True	9420	13123	HGNC:2652	MGI:104978	True	same_symbol
MAML3	MAML3	MAML3	Maml3	51626232	True	True	True	True	True	True	True	True	0.9460304822565969	0.6637414095135427	0.8891423357664233	0.10261115771812081	0.125	0.0625	0.125	0.015625	0.1484149855907781	0.19423939788681427	0.1484149855907781	0.3905465634529674	0.5	0.5	0.5	0.5	0.5	0.5	0.5	0.5	3.0	4.0	3.0	6.0	6.0	4.0	6.0	51.0	1.0	1.0	1.0	1.0	4	4	4	2.0	0.1484149855907781	True	True	True	True	True	True	strict_shared_both_screens	14.148414985590778	False	unclassified_shared_neuronal_or_context	exploratory_context	2.043850603594665	False	unclassified_shared_neuronal_or_context	exploratory_context	2.043850603594665	shared_positive_both_screens	4.08770120718933			True	True	True	55534	433586	HGNC:16272	MGI:2389461	True	same_symbol
PLEKHA6	PLEKHA6	PLEKHA6	Plekha6	51630417	True	True	True	True	True	True	True	True	0.9460304822565969	0.6637414095135427	0.8891423357664233	0.19583428636779507	0.125	0.0625	0.125	0.109375	0.1271783463107156	0.20302285880834406	0.1271783463107156	0.3281917311045715	0.5	0.5	0.5	0.5	0.5	0.5	0.5	0.0	3.0	4.0	3.0	6.0	6.0	4.0	6.0	51.0	1.0	1.0	1.0	0.8333333333333334	4	4	4	2.0	0.1271783463107156	True	True	True	True	True	True	strict_shared_both_screens	14.127178346310716	False	unclassified_shared_neuronal_or_context	exploratory_context	2.035529858130338	False	unclassified_shared_neuronal_or_context	exploratory_context	2.035529858130338	shared_positive_both_screens	4.071059716260676			True	True	True	22874	240753	HGNC:17053	MGI:2388662	True	same_symbol
KCND2	KCND2	KCND2	Kcnd2	51626176	True	True	True	True	True	True	True	True	0.9460304822565969	0.6637414095135427	0.8891423357664233	0.19583428636779507	0.125	0.0625	0.125	0.109375	0.1200768491834774	0.46613782499301093	0.1200768491834774	0.6547478356001566	0.5	0.5	0.5	0.5	0.5	0.5	0.5	0.0	3.0	4.0	3.0	6.0	6.0	4.0	6.0	51.0	1.0	1.0	1.0	0.8333333333333334	4	4	4	2.0	0.1200768491834774	True	True	True	True	True	True	strict_shared_both_screens	14.120076849183478	False	synaptic_wiring	mechanism_figure_candidate	2.535033877992595	False	synaptic_wiring	mechanism_figure_candidate	2.535033877992595	consensus_figure_candidate	5.07006775598519	False	3.0	True	True	True	3751	16508	HGNC:6238	MGI:102663	True	same_symbol
MPDZ	MPDZ	MPDZ	Mpdz	51634125	True	True	True	True	True	True	True	True	0.9460304822565969	0.6637414095135427	0.8891423357664233	0.10261115771812081	0.125	0.0625	0.125	0.015625	0.1093807934742306	0.3524252166620072	0.1093807934742306	0.3947793923748456	0.5	0.5	0.5	0.5	0.5	0.5	0.5	0.5	3.0	4.0	3.0	6.0	6.0	4.0	6.0	51.0	1.0	1.0	1.0	1.0	4	4	4	2.0	0.1093807934742306	True	True	True	True	True	True	strict_shared_both_screens	14.10938079347423	False	unclassified_shared_neuronal_or_context	exploratory_context	2.032944933478227	False	unclassified_shared_neuronal_or_context	exploratory_context	2.032944933478227	shared_positive_both_screens	4.065889866956454			True	True	True	8777	17475	HGNC:7208	MGI:1343489	True	same_symbol
CNKSR2	CNKSR2	CNKSR2	Cnksr2	51617834	True	True	True	True	True	True	True	True	0.9460304822565969	0.6637414095135427	0.8891423357664233	0.10261115771812081	0.125	0.0625	0.125	0.015625	0.1075268817204301	0.5523518063593844	0.1075268817204301	0.6544155643998804	0.5	0.5	0.5	0.5	0.25	0.5	0.25	0.5	3.0	4.0	3.0	6.0	6.0	4.0	6.0	51.0	1.0	1.0	1.0	1.0	4	4	4	2.0	0.1075268817204301	True	True	True	True	True	True	strict_shared_both_screens	14.10752688172043	False	unclassified_shared_neuronal_or_context	exploratory_context	2.035775154163181	False	unclassified_shared_neuronal_or_context	exploratory_context	2.035775154163181	shared_positive_both_screens	4.071550308326362			True	True	True	22866	245684	HGNC:19701	MGI:2661175	True	same_symbol
STXBP5L	STXBP5L	STXBP5L	Stxbp5l	51624931	True	True	True	True	True	True	True	True	0.9460304822565969	0.6637414095135427	0.8891423357664233	0.19583428636779507	0.125	0.0625	0.125	0.109375	0.1067961165048543	0.6251578742834937	0.1067961165048543	0.733464554628675	0.5	0.5	0.5	0.5	0.5	0.5	0.5	0.0	3.0	4.0	3.0	6.0	6.0	4.0	6.0	51.0	1.0	1.0	1.0	0.8333333333333334	4	4	4	2.0	0.1067961165048543	True	True	True	True	True	True	strict_shared_both_screens	14.106796116504855	False	synaptic_wiring	mechanism_figure_candidate	2.534002732622665	False	synaptic_wiring	mechanism_figure_candidate	2.534002732622665	consensus_figure_candidate	5.06800546524533	False	3.0	True	True	True	9515	207227	HGNC:30757	MGI:2443815	True	same_symbol
PLCL1	PLCL1	PLCL1	Plcl1	51625844	True	True	True	True	True	True	True	True	0.9460304822565969	0.6637414095135427	0.8891423357664233	0.10261115771812081	0.125	0.0625	0.125	0.015625	0.1008215085884988	0.2580330004342162	0.1008215085884988	0.3357517591705875	0.5	0.5	0.5	0.5	0.5	0.5	0.5	0.5	3.0	4.0	3.0	6.0	6.0	4.0	6.0	51.0	1.0	1.0	1.0	1.0	4	4	4	2.0	0.1008215085884988	True	True	True	True	True	True	strict_shared_both_screens	14.1008215085885	False	unclassified_shared_neuronal_or_context	exploratory_context	1.949802496450604	False	unclassified_shared_neuronal_or_context	exploratory_context	2.0331358297839373	shared_positive_both_screens	3.9829383262345415			True	True	True	5334	227120	HGNC:9063	MGI:3036262	True	same_symbol
RIMS1	RIMS1	RIMS1	Rims1	51624095	True	True	True	True	True	True	True	True	0.9460304822565969	0.6637414095135427	0.8891423357664233	0.3199106364428945	0.125	0.125	0.125	0.1875	0.094996808171082	0.4285714285714285	0.094996808171082	0.4863013698630137	0.5	0.5	0.5	0.5	0.5	0.5	0.5	0.0	3.0	3.0	3.0	5.0	6.0	3.0	6.0	50.0	1.0	1.0	1.0	0.8	4	4	4	2.0	0.094996808171082	True	True	True	True	True	True	strict_shared_both_screens	14.094996808171082	False	unclassified_shared_neuronal_or_context	exploratory_context	2.017755855689048	False	unclassified_shared_neuronal_or_context	exploratory_context	1.0177558556890476	shared_positive_both_screens	3.0355117113780956			True	True	True	22999	116837	HGNC:17282	MGI:2152971	True	same_symbol
PCSK5	PCSK5	PCSK5	Pcsk5	51623750	True	True	True	True	True	True	True	True	0.9460304822565969	0.6637414095135427	0.8891423357664233	0.10261115771812081	0.125	0.0625	0.125	0.015625	0.0756064474944143	0.21300115790997246	0.0756064474944143	0.2316969924081553	0.5	0.5	0.5	0.5	0.5	0.5	0.5	0.5	3.0	4.0	3.0	6.0	6.0	4.0	6.0	51.0	1.0	1.0	1.0	1.0	4	4	4	2.0	0.0756064474944143	True	True	True	True	True	True	strict_shared_both_screens	14.075606447494414	False	unclassified_shared_neuronal_or_context	exploratory_context	2.033956033718729	False	unclassified_shared_neuronal_or_context	exploratory_context	2.033956033718729	shared_positive_both_screens	4.067912067437458			True	True	True	5125	18552	HGNC:8747	MGI:97515	True	same_symbol
NCK2	NCK2	NCK2	Nck2	51620439	True	True	True	True	True	True	True	True	0.9460304822565969	0.6637414095135427	0.8891423357664233	0.10261115771812081	0.125	0.0625	0.125	0.015625	0.07073890839451	0.3117129830655666	0.07073890839451	0.37814509365389987	0.5	0.5	0.5	0.5	0.25	0.5	0.25	0.5	3.0	4.0	3.0	6.0	6.0	4.0	6.0	51.0	1.0	1.0	1.0	1.0	4	4	4	2.0	0.07073890839451	True	True	True	True	True	True	strict_shared_both_screens	14.07073890839451	False	unclassified_shared_neuronal_or_context	exploratory_context	2.0148169714656694	False	unclassified_shared_neuronal_or_context	exploratory_context	2.0148169714656694	shared_positive_both_screens	4.029633942931339			True	True	True	8440	17974	HGNC:7665	MGI:1306821	True	same_symbol
SLC17A7	SLC17A7	SLC17A7	Slc17a7	51624532	True	True	True	True	True	True	True	True	0.9460304822565969	0.6637414095135427	0.8891423357664233	0.19583428636779507	0.125	0.0625	0.125	0.109375	0.0421321417172039	0.6921520867163538	0.0421321417172039	0.6921520867163538	0.5	0.5	0.5	0.5	0.5	0.5	0.5	0.0	3.0	4.0	3.0	6.0	6.0	4.0	6.0	51.0	1.0	1.0	1.0	0.8333333333333334	4	4	4	2.0	0.0421321417172039	True	True	True	True	True	True	strict_shared_both_screens	14.042132141717204	True	broad_neuronal_state	supporting_context_not_core_executor	2.2617545684988176	True	broad_neuronal_state	not_prioritized	1.2617545684988178	screen_specific_or_low_priority	1.2617545684988178			True	True	True	57030	72961	HGNC:16704	MGI:1920211	True	same_symbol
SLC16A7	SLC16A7	SLC16A7	Slc16a7	51630908	True	True	True	True	True	True	True	True	0.9460304822565969	0.6637414095135427	0.8891423357664233	0.19583428636779507	0.125	0.0625	0.125	0.109375	0.0231008617938078	0.07959639699657185	0.0231008617938078	0.18395303326810175	0.5	0.5	0.5	0.5	0.5	0.5	0.5	0.0	3.0	4.0	3.0	6.0	6.0	4.0	6.0	51.0	1.0	1.0	1.0	0.8333333333333334	4	4	4	2.0	0.0231008617938078	True	True	True	True	True	True	strict_shared_both_screens	14.023100861793807	False	unclassified_shared_neuronal_or_context	exploratory_context	2.0055292984062625	False	unclassified_shared_neuronal_or_context	not_prioritized	1.0055292984062625	screen_specific_or_low_priority	3.011058596812525			True	True	True	9194	20503	HGNC:10928	MGI:1330284	True	same_symbol
DDX5	DDX5	DDX5	Ddx5	51632544	True	False	True	True	True	True	True	True	0.9460304822565969	0.6637414095135427	0.8891423357664233	0.19583428636779507	0.125	0.3125	0.125	0.109375	0.8841649058006109	0.9657534246575342	0.8841649058006109	0.900361377469494	0.5	0.5	0.5	0.5	0.5	-0.5	0.5	-0.5	3.0	4.0	3.0	6.0	6.0	4.0	6.0	51.0	1.0	0.75	1.0	0.8333333333333334	4	3	4	2.0	0.8841649058006109	True	True	True	False	True	False	supported_shared_both_screens	12.884164905800612	False	rna_processing_neuronal_state	supporting_context_not_core_executor	2.196534754972319	False	rna_processing_neuronal_state	supporting_context_not_core_executor	1.218265047453292	shared_positive_both_screens	3.4147998024256108			True	True	True	1655	13207	HGNC:2746	MGI:105037	True	same_symbol
DYNLL1	DYNLL1	DYNLL1	Dynll1	51618787	True	False	True	True	True	True	True	True	0.9460304822565969	0.6637414095135427	0.8891423357664233	0.19583428636779507	0.125	0.3125	0.125	0.109375	0.895427705075008	0.9387477047029876	0.895427705075008	0.8450050779524916	0.5	0.5	0.5	0.5	0.25	-0.5	0.25	-0.5	3.0	4.0	3.0	6.0	6.0	4.0	6.0	51.0	1.0	0.75	1.0	0.8333333333333334	4	3	4	2.0	0.8450050779524916	True	True	True	False	True	False	supported_shared_both_screens	12.845005077952491	False	cytoskeleton_morphogenesis	mechanism_figure_candidate	2.608910891089109	False	cytoskeleton_morphogenesis	mechanism_followup_candidate	1.6910467035598753	selected_figure_genome_followup	4.299957594648984			True	True	True	8655	56455	HGNC:15476	MGI:1861457	True	same_symbol
YWHAE	YWHAE	YWHAE	Ywhae	51615774	True	False	True	True	True	True	True	True	0.9460304822565969	0.6637414095135427	0.8891423357664233	0.19583428636779507	0.125	0.3125	0.125	0.109375	0.9395946377274178	0.920113360187059	0.9395946377274178	0.8331710936793146	0.5	0.5	0.5	0.5	0.25	-0.5	0.25	-0.5	3.0	4.0	3.0	6.0	6.0	4.0	6.0	51.0	1.0	0.75	1.0	0.8333333333333334	4	3	4	2.0	0.8331710936793146	True	True	True	False	True	False	supported_shared_both_screens	12.833171093679315	False	unclassified_shared_neuronal_or_context	exploratory_context	2.160596026490066	False	unclassified_shared_neuronal_or_context	exploratory_context	1.1805866683369317	shared_positive_both_screens	3.3411826948269976			True	True	True	7531	22627	HGNC:12851	MGI:894689	True	same_symbol
PTMA	PTMA	PTMA	Ptma	51617178	True	False	True	True	True	True	True	True	0.9460304822565969	0.6637414095135427	0.8891423357664233	0.19583428636779507	0.125	0.3125	0.125	0.109375	0.9995611235237792	0.9629732346513303	0.9995611235237792	0.830579316840377	0.5	0.5	0.5	0.5	0.25	-0.5	0.25	-0.5	3.0	4.0	3.0	6.0	6.0	4.0	6.0	51.0	1.0	0.75	1.0	0.8333333333333334	4	3	4	2.0	0.830579316840377	True	True	True	False	True	False	supported_shared_both_screens	12.830579316840376	False	unclassified_shared_neuronal_or_context	exploratory_context	2.1543909348441925	False	unclassified_shared_neuronal_or_context	exploratory_context	1.169182964032806	shared_positive_both_screens	3.3235738988769983			True	True	True	5757	19231	HGNC:9623	MGI:97803	True	same_symbol
HMGB1	HMGB1	HMGB1	Hmgb1	51621657	True	False	True	True	True	True	True	True	0.9460304822565969	0.6637414095135427	0.8891423357664233	0.19583428636779507	0.125	0.3125	0.125	0.109375	0.966924672837536	0.9047696326010124	0.966924672837536	0.8123260159272112	0.5	0.5	0.5	0.5	0.25	-0.5	0.25	-0.5	3.0	4.0	3.0	6.0	6.0	4.0	6.0	51.0	1.0	0.75	1.0	0.8333333333333334	4	3	4	2.0	0.8123260159272112	True	True	True	False	True	False	supported_shared_both_screens	12.812326015927212	False	unclassified_shared_neuronal_or_context	exploratory_context	2.1919263456090654	False	unclassified_shared_neuronal_or_context	exploratory_context	1.2003742090534553	shared_positive_both_screens	3.392300554662521			True	True	True	3146	15289	HGNC:4983	MGI:96113	True	same_symbol
NAP1L1	NAP1L1	NAP1L1	Nap1l1	51617269	True	False	True	True	True	True	True	True	0.9460304822565969	0.6637414095135427	0.8891423357664233	0.19583428636779507	0.125	0.3125	0.125	0.109375	0.8047797638046601	0.809357260829135	0.8047797638046601	0.8012374290239256	0.5	0.5	0.5	0.5	0.25	-0.5	0.25	-0.5	3.0	4.0	3.0	6.0	6.0	4.0	6.0	51.0	1.0	0.75	1.0	0.8333333333333334	4	3	4	2.0	0.8012374290239256	True	True	True	False	True	False	supported_shared_both_screens	12.801237429023926	False	unclassified_shared_neuronal_or_context	exploratory_context	2.185215946843854	False	unclassified_shared_neuronal_or_context	exploratory_context	1.1973802676540644	shared_positive_both_screens	3.3825962144979185			True	True	True	4673	53605	HGNC:7637	MGI:1855693	True	same_symbol
BASP1	BASP1	BASP1	Basp1	51625144	True	False	True	True	True	True	True	True	0.9460304822565969	0.6637414095135427	0.8891423357664233	0.19583428636779507	0.125	0.3125	0.125	0.109375	0.8306335780402171	0.7855835306765846	0.8306335780402171	0.7855835306765846	0.5	0.5	0.5	0.5	0.25	-0.5	0.25	-0.5	3.0	4.0	3.0	6.0	6.0	4.0	6.0	51.0	1.0	0.75	1.0	0.8333333333333334	4	3	4	2.0	0.7855835306765846	True	True	True	False	True	False	supported_shared_both_screens	12.785583530676584	False	cytoskeleton_morphogenesis	mechanism_figure_candidate	2.7037037037037037	False	cytoskeleton_morphogenesis	mechanism_followup_candidate	1.717486777538821	selected_figure_genome_followup	4.421190481242524			True	True	True	10409	70350	HGNC:957	MGI:1917600	True	same_symbol
GSK3B	GSK3B	GSK3B	Gsk3b	51619731	True	False	True	True	True	True	True	True	0.9460304822565969	0.6637414095135427	0.8891423357664233	0.19583428636779507	0.125	0.3125	0.125	0.109375	0.7768523954860167	0.8583572747081928	0.7768523954860167	0.7883813210627975	0.5	0.5	0.5	0.5	0.25	-0.5	0.25	-0.5	3.0	4.0	3.0	6.0	6.0	4.0	6.0	51.0	1.0	0.75	1.0	0.8333333333333334	4	3	4	2.0	0.7768523954860167	True	True	True	False	True	False	supported_shared_both_screens	12.776852395486017	False	unclassified_shared_neuronal_or_context	exploratory_context	2.1940864291129643	False	unclassified_shared_neuronal_or_context	exploratory_context	1.2019141435541651	shared_positive_both_screens	3.3960005726671296			True	True	True	2932	56637	HGNC:4617	MGI:1861437	True	same_symbol
MORF4L1	MORF4L1	MORF4L1	Morf4l1	51634121	True	False	True	True	True	True	True	True	0.9460304822565969	0.6637414095135427	0.8891423357664233	0.19583428636779507	0.125	0.3125	0.125	0.109375	0.8259655282476859	0.8941295665002807	0.8259655282476859	0.7698696588999026	0.5	0.5	0.5	0.5	0.25	-0.5	0.25	-0.5	3.0	4.0	3.0	6.0	6.0	4.0	6.0	51.0	1.0	0.75	1.0	0.8333333333333334	4	3	4	2.0	0.7698696588999026	True	True	True	False	True	False	supported_shared_both_screens	12.769869658899903	False	unclassified_shared_neuronal_or_context	exploratory_context	2.139621481279038	False	unclassified_shared_neuronal_or_context	exploratory_context	1.1603068505480036	shared_positive_both_screens	3.299928331827042			True	True	True	10933	21761	HGNC:16989	MGI:1096551	True	same_symbol
NCOR1	NCOR1	NCOR1	Ncor1	51623368	True	False	True	True	True	True	True	True	0.9460304822565969	0.6637414095135427	0.8891423357664233	0.19583428636779507	0.125	0.3125	0.125	0.109375	0.7971933035365295	0.7909211629857422	0.7971933035365295	0.7676586504546525	0.5	0.5	0.5	0.5	0.25	-0.5	0.25	-0.5	3.0	4.0	3.0	6.0	6.0	4.0	6.0	51.0	1.0	0.75	1.0	0.8333333333333334	4	3	4	2.0	0.7676586504546525	True	True	True	False	True	False	supported_shared_both_screens	12.767658650454653	False	unclassified_shared_neuronal_or_context	exploratory_context	2.1850811485642945	False	unclassified_shared_neuronal_or_context	exploratory_context	1.190846537142472	shared_positive_both_screens	3.3759276857067664			True	True	True	9611	20185	HGNC:7672	MGI:1349717	True	same_symbol
SRRM2	SRRM2	SRRM2	Srrm2	51628414	True	False	True	True	True	True	True	True	0.9460304822565969	0.6637414095135427	0.8891423357664233	0.19583428636779507	0.125	0.3125	0.125	0.109375	0.869345577583238	0.8499601968446953	0.869345577583238	0.7198011639567161	0.5	0.5	0.5	0.5	0.25	-0.5	0.25	-0.5	3.0	4.0	3.0	6.0	6.0	4.0	6.0	51.0	1.0	0.75	1.0	0.8333333333333334	4	3	4	2.0	0.7198011639567161	True	True	True	False	True	False	supported_shared_both_screens	12.719801163956717	False	unclassified_shared_neuronal_or_context	exploratory_context	2.1539695268644747	False	unclassified_shared_neuronal_or_context	exploratory_context	1.1535510348659377	shared_positive_both_screens	3.3075205617304126			True	True	True	23524	75956	HGNC:16639	MGI:1923206	True	same_symbol
SFPQ	SFPQ	SFPQ	Sfpq	51621663	True	False	True	True	True	True	True	True	0.9460304822565969	0.6637414095135427	0.8891423357664233	0.19583428636779507	0.125	0.3125	0.125	0.109375	0.720883264968457	0.7193238122996211	0.720883264968457	0.7438309488408896	0.5	0.5	0.5	0.5	0.25	-0.5	0.25	-0.5	3.0	4.0	3.0	6.0	6.0	4.0	6.0	51.0	1.0	0.75	1.0	0.8333333333333334	4	3	4	2.0	0.7193238122996211	True	True	True	False	True	False	supported_shared_both_screens	12.71932381229962	False	unclassified_shared_neuronal_or_context	exploratory_context	2.1806722689075633	False	unclassified_shared_neuronal_or_context	exploratory_context	1.179728794407933	shared_positive_both_screens	3.3604010633154964			True	True	True	6421	71514	HGNC:10774	MGI:1918764	True	same_symbol
SF3B1	SF3B1	SF3B1	Sf3b1	51627118	True	False	True	True	True	True	True	True	0.9460304822565969	0.6637414095135427	0.8891423357664233	0.19583428636779507	0.125	0.3125	0.125	0.109375	0.6965992768104916	0.9182350002081858	0.6965992768104916	0.7437339925754942	0.5	0.5	0.5	0.5	0.25	-0.5	0.25	-0.5	3.0	4.0	3.0	6.0	6.0	4.0	6.0	51.0	1.0	0.75	1.0	0.8333333333333334	4	3	4	2.0	0.6965992768104916	True	True	True	False	True	False	supported_shared_both_screens	12.696599276810492	False	unclassified_shared_neuronal_or_context	exploratory_context	2.131197380729654	False	unclassified_shared_neuronal_or_context	exploratory_context	1.1267670420348357	shared_positive_both_screens	3.2579644227644895			True	True	True	23451	81898	HGNC:10768	MGI:1932339	True	same_symbol
TUBA1A	TUBA1A	TUBA1A	Tuba1a	51627126	True	False	True	True	True	True	True	True	0.9460304822565969	0.6637414095135427	0.8891423357664233	0.19583428636779507	0.125	0.3125	0.125	0.109375	0.9990025534631344	0.8440252108901533	0.9990025534631344	0.6466511286428562	0.5	0.5	0.5	0.5	0.5	-0.5	0.5	-0.5	3.0	4.0	3.0	6.0	6.0	4.0	6.0	51.0	1.0	0.75	1.0	0.8333333333333334	4	3	4	2.0	0.6466511286428562	True	True	True	False	True	False	supported_shared_both_screens	12.646651128642857	False	cytoskeleton_morphogenesis	mechanism_figure_candidate	2.4366402477908355	False	cytoskeleton_morphogenesis	mechanism_followup_candidate	1.6446696743719926	selected_figure_genome_followup	4.081309922162828			True	True	True	7846	22142	HGNC:20766	MGI:98869	True	same_symbol
NDUFB8	NDUFB8	NDUFB8	Ndufb8	51623376	True	False	True	True	True	True	True	True	0.9460304822565969	0.6637414095135427	0.8891423357664233	0.19583428636779507	0.125	0.3125	0.125	0.109375	0.6802585381423556	0.8092703879200067	0.6802585381423556	0.6355635691388657	0.5	0.5	0.5	0.5	0.25	-0.5	0.25	-0.5	3.0	4.0	3.0	6.0	6.0	4.0	6.0	51.0	1.0	0.75	1.0	0.8333333333333334	4	3	4	2.0	0.6355635691388657	True	True	True	False	True	False	supported_shared_both_screens	12.635563569138865	True	metabolic_or_housekeeping_support	supporting_context_not_core_executor	1.8210084033613445	True	metabolic_or_housekeeping_support	supporting_context_not_core_executor	0.750186240890635	shared_positive_both_screens	1.8210084033613445			True	True	True	4714	67264	HGNC:7703	MGI:1914514	True	same_symbol
PSIP1	PSIP1	PSIP1	Psip1	51620153	True	False	True	True	True	True	True	True	0.9460304822565969	0.6637414095135427	0.8891423357664233	0.19583428636779507	0.125	0.3125	0.125	0.109375	0.7838041092169687	0.6217594208283399	0.7838041092169687	0.6217594208283399	0.5	0.5	0.5	0.5	0.25	-0.5	0.25	-0.5	3.0	4.0	3.0	6.0	6.0	4.0	6.0	51.0	1.0	0.75	1.0	0.8333333333333334	4	3	4	2.0	0.6217594208283399	True	True	True	False	True	False	supported_shared_both_screens	12.62175942082834	False	unclassified_shared_neuronal_or_context	exploratory_context	2.151912181303116	False	unclassified_shared_neuronal_or_context	exploratory_context	1.1486551794945532	shared_positive_both_screens	3.300567360797669			True	True	True	11168	101739	HGNC:9527	MGI:2142116	True	same_symbol
UBE2D3	UBE2D3	UBE2D3	Ube2d3	51619587	True	False	True	True	True	True	True	True	0.9460304822565969	0.6637414095135427	0.8891423357664233	0.19583428636779507	0.125	0.3125	0.125	0.109375	0.6169007341206512	0.6141790288908872	0.6169007341206512	0.6991928599240751	0.5	0.5	0.5	0.5	0.25	-0.5	0.25	-0.5	3.0	4.0	3.0	6.0	6.0	4.0	6.0	51.0	1.0	0.75	1.0	0.8333333333333334	4	3	4	2.0	0.6141790288908872	True	True	True	False	True	False	supported_shared_both_screens	12.614179028890888	False	unclassified_shared_neuronal_or_context	exploratory_context	2.1883278145695364	False	unclassified_shared_neuronal_or_context	exploratory_context	1.1728134997997417	shared_positive_both_screens	3.361141314369278			True	True	True	7323	66105	HGNC:12476	MGI:1913355	True	same_symbol
SRPK2	SRPK2	SRPK2	Srpk2	51626758	True	False	True	True	True	True	True	True	0.9460304822565969	0.6637414095135427	0.8891423357664233	0.19583428636779507	0.125	0.3125	0.125	0.109375	0.6262513904338154	0.5999292168047633	0.6262513904338154	0.7726475838895085	0.5	0.5	0.5	0.5	0.25	-0.5	0.25	-0.5	3.0	4.0	3.0	6.0	6.0	4.0	6.0	51.0	1.0	0.75	1.0	0.8333333333333334	4	3	4	2.0	0.5999292168047633	True	True	True	False	True	False	supported_shared_both_screens	12.599929216804764	False	unclassified_shared_neuronal_or_context	exploratory_context	2.1648529137140597	False	unclassified_shared_neuronal_or_context	exploratory_context	1.1648529137140595	shared_positive_both_screens	3.3297058274281195			True	True	True	6733	20817	HGNC:11306	MGI:1201408	True	same_symbol
NUCKS1	NUCKS1	NUCKS1	Nucks1	51620403	True	False	True	True	True	True	True	True	0.9460304822565969	0.6637414095135427	0.8891423357664233	0.19583428636779507	0.125	0.3125	0.125	0.109375	0.7116980529843601	0.5887449587441581	0.7116980529843601	0.6838363004776379	0.5	0.5	0.5	0.5	0.25	-0.5	0.25	-0.5	3.0	4.0	3.0	6.0	6.0	4.0	6.0	51.0	1.0	0.75	1.0	0.8333333333333334	4	3	4	2.0	0.5887449587441581	True	True	True	False	True	False	supported_shared_both_screens	12.588744958744158	False	unclassified_shared_neuronal_or_context	exploratory_context	2.1739137129337247	False	unclassified_shared_neuronal_or_context	exploratory_context	1.1709590751194094	shared_positive_both_screens	3.3448727880531344			True	True	True	64710	98415	HGNC:29923	MGI:1934811	True	same_symbol
CDH2	CDH2	CDH2	Cdh2	51616490	True	False	True	True	True	True	True	True	0.9460304822565969	0.6637414095135427	0.8891423357664233	0.19583428636779507	0.125	0.3125	0.125	0.109375	0.5387467556544309	0.581771939320759	0.5387467556544309	0.7271327757536719	0.5	0.5	0.5	0.5	0.25	-0.5	0.25	-0.5	3.0	4.0	3.0	6.0	6.0	4.0	6.0	51.0	1.0	0.75	1.0	0.8333333333333334	4	3	4	2.0	0.5387467556544309	True	True	True	False	True	False	supported_shared_both_screens	12.538746755654431	False	unclassified_shared_neuronal_or_context	exploratory_context	2.149595986147486	False	unclassified_shared_neuronal_or_context	exploratory_context	1.1495959861474858	shared_positive_both_screens	3.299191972294972			True	True	True	1000	12558	HGNC:1759	MGI:88355	True	same_symbol
NFIX	NFIX	NFIX	Nfix	51623403	True	False	True	True	True	True	True	True	0.9460304822565969	0.6637414095135427	0.8891423357664233	0.19583428636779507	0.125	0.3125	0.125	0.109375	0.5373750422854348	0.7623037848190864	0.5373750422854348	0.745058161590657	0.5	0.5	0.5	0.5	0.5	-0.5	0.5	-0.5	3.0	4.0	3.0	6.0	6.0	4.0	6.0	51.0	1.0	0.75	1.0	0.8333333333333334	4	3	4	2.0	0.5373750422854348	True	True	True	False	True	False	supported_shared_both_screens	12.537375042285435	False	unclassified_shared_neuronal_or_context	exploratory_context	2.1642441860465116	False	unclassified_shared_neuronal_or_context	exploratory_context	1.1745060597436292	shared_positive_both_screens	3.338750245790141			True	True	True	4784	18032	HGNC:7788	MGI:97311	True	same_symbol
RAC1	RAC1	RAC1	Rac1	51624019	True	False	True	True	True	True	True	True	0.9460304822565969	0.6637414095135427	0.8891423357664233	0.19583428636779507	0.125	0.3125	0.125	0.109375	0.7397063517395468	0.5846166440550093	0.7397063517395468	0.5352702857518257	0.5	0.5	0.5	0.5	0.25	-0.5	0.25	-0.5	3.0	4.0	3.0	6.0	6.0	4.0	6.0	51.0	1.0	0.75	1.0	0.8333333333333334	4	3	4	2.0	0.5352702857518257	True	True	True	False	True	False	supported_shared_both_screens	12.535270285751826	False	unclassified_shared_neuronal_or_context	exploratory_context	2.105524079320113	False	unclassified_shared_neuronal_or_context	exploratory_context	1.1184411521727924	shared_positive_both_screens	3.2239652314929055			True	True	True	5879	19353	HGNC:9801	MGI:97845	True	same_symbol
PUM1	PUM1	PUM1	Pum1	51619902	True	False	True	True	True	True	True	True	0.9460304822565969	0.6637414095135427	0.8891423357664233	0.19583428636779507	0.125	0.3125	0.125	0.109375	0.5176121616611049	0.6464761072018432	0.5176121616611049	0.6720941201131957	0.5	0.5	0.5	0.5	0.25	-0.5	0.25	-0.5	3.0	4.0	3.0	6.0	6.0	4.0	6.0	51.0	1.0	0.75	1.0	0.8333333333333334	4	3	4	2.0	0.5176121616611049	True	True	True	False	True	False	supported_shared_both_screens	12.517612161661106	False	unclassified_shared_neuronal_or_context	exploratory_context	2.1389823274210347	False	unclassified_shared_neuronal_or_context	exploratory_context	1.1389823274210344	shared_positive_both_screens	3.2779646548420693			True	True	True	9698	80912	HGNC:14957	MGI:1931749	True	same_symbol
CPSF6	CPSF6	CPSF6	Cpsf6	51627421	True	False	True	True	True	True	True	True	0.9460304822565969	0.6637414095135427	0.8891423357664233	0.19583428636779507	0.125	0.3125	0.125	0.109375	0.6962085253540062	0.5069187103579409	0.6962085253540062	0.632128383268201	0.5	0.5	0.5	0.5	0.25	-0.5	0.25	-0.5	3.0	4.0	3.0	6.0	6.0	4.0	6.0	51.0	1.0	0.75	1.0	0.8333333333333334	4	3	4	2.0	0.5069187103579409	True	True	True	False	True	False	supported_shared_both_screens	12.50691871035794	False	unclassified_shared_neuronal_or_context	exploratory_context	2.1740521313385015	False	unclassified_shared_neuronal_or_context	exploratory_context	1.1657919049744614	shared_positive_both_screens	3.3398440363129627			True	True	True	11052	432508	HGNC:13871	MGI:1913948	True	same_symbol
NIPBL	NIPBL	NIPBL	Nipbl	51620016	True	False	True	True	True	True	True	True	0.9460304822565969	0.6637414095135427	0.8891423357664233	0.19583428636779507	0.125	0.3125	0.125	0.109375	0.5491286614757137	0.49905647190383	0.5491286614757137	0.5302323056882328	0.5	0.5	0.5	0.5	0.25	-0.5	0.25	-0.5	3.0	4.0	3.0	6.0	6.0	4.0	6.0	51.0	1.0	0.75	1.0	0.8333333333333334	4	3	4	2.0	0.49905647190383	True	True	True	False	True	False	supported_shared_both_screens	12.49905647190383	False	unclassified_shared_neuronal_or_context	exploratory_context	2.153295261358816	False	unclassified_shared_neuronal_or_context	exploratory_context	1.1520847419983713	shared_positive_both_screens	3.305380003357187			True	True	True	25836	71175	HGNC:28862	MGI:1913976	True	same_symbol
PHF20L1	PHF20L1	PHF20L1	Phf20l1	51620623	True	False	True	True	True	True	True	True	0.9460304822565969	0.6637414095135427	0.8891423357664233	0.19583428636779507	0.125	0.3125	0.125	0.109375	0.4860756463453559	0.6364068507029743	0.4860756463453559	0.647008409475702	0.5	0.5	0.5	0.5	0.5	-0.5	0.5	-0.5	3.0	4.0	3.0	6.0	6.0	4.0	6.0	51.0	1.0	0.75	1.0	0.8333333333333334	4	3	4	2.0	0.4860756463453559	True	True	True	False	True	False	supported_shared_both_screens	12.486075646345355	False	unclassified_shared_neuronal_or_context	exploratory_context	2.1249405316817382	False	unclassified_shared_neuronal_or_context	exploratory_context	1.1249405316817382	shared_positive_both_screens	3.2498810633634765			True	True	True	51105	239510	HGNC:24280	MGI:2444412	True	same_symbol
RAB11A	RAB11A	RAB11A	Rab11a	51620260	True	False	True	True	True	True	True	True	0.9460304822565969	0.6637414095135427	0.8891423357664233	0.19583428636779507	0.125	0.3125	0.125	0.109375	0.4935764443025854	0.4822336978915672	0.4935764443025854	0.5419436022106963	0.5	0.5	0.5	0.5	0.25	-0.5	0.25	-0.5	3.0	4.0	3.0	6.0	6.0	4.0	6.0	51.0	1.0	0.75	1.0	0.8333333333333334	4	3	4	2.0	0.4822336978915672	True	True	True	False	True	False	supported_shared_both_screens	12.482233697891568	False	unclassified_shared_neuronal_or_context	exploratory_context	2.121813031161473	False	unclassified_shared_neuronal_or_context	exploratory_context	1.1479916950137274	shared_positive_both_screens	3.269804726175201			True	True	True	8766	53869	HGNC:9760	MGI:1858202	True	same_symbol
UBE2E3	UBE2E3	UBE2E3	Ube2e3	51627548	True	False	True	True	True	True	True	True	0.9460304822565969	0.6637414095135427	0.8891423357664233	0.19583428636779507	0.125	0.3125	0.125	0.109375	0.6964969677625279	0.4795638533370298	0.6964969677625279	0.5867436217930101	0.5	0.5	0.5	0.5	0.5	-0.5	0.5	-0.5	3.0	4.0	3.0	6.0	6.0	4.0	6.0	51.0	1.0	0.75	1.0	0.8333333333333334	4	3	4	2.0	0.4795638533370298	True	True	True	False	True	False	supported_shared_both_screens	12.47956385333703	False	unclassified_shared_neuronal_or_context	exploratory_context	2.1863295880149813	False	unclassified_shared_neuronal_or_context	exploratory_context	1.1937421080472324	shared_positive_both_screens	3.3800716960622137			True	True	True	10477	22193	HGNC:12479	MGI:107412	True	same_symbol
TOP2B	TOP2B	TOP2B	Top2b	51622319	True	False	True	True	True	True	True	True	0.9460304822565969	0.6637414095135427	0.8891423357664233	0.19583428636779507	0.125	0.3125	0.125	0.109375	0.5850945494994438	0.4788280391968364	0.5850945494994438	0.5815128505781147	0.5	0.5	0.5	0.5	0.5	-0.5	0.5	-0.5	3.0	4.0	3.0	6.0	6.0	4.0	6.0	51.0	1.0	0.75	1.0	0.8333333333333334	4	3	4	2.0	0.4788280391968364	True	True	True	False	True	False	supported_shared_both_screens	12.478828039196836	False	unclassified_shared_neuronal_or_context	exploratory_context	2.1463795255930087	False	unclassified_shared_neuronal_or_context	exploratory_context	1.1483341726208574	shared_positive_both_screens	3.294713698213866			True	True	True	7155	21974	HGNC:11990	MGI:98791	True	same_symbol
PTBP2	PTBP2	PTBP2	Ptbp2	51622641	True	False	True	True	True	True	True	True	0.9460304822565969	0.6637414095135427	0.8891423357664233	0.19583428636779507	0.125	0.3125	0.125	0.109375	0.596588802373007	0.4635917285743858	0.596588802373007	0.6850127006850936	0.5	0.5	0.5	0.5	0.25	-0.5	0.25	-0.5	3.0	4.0	3.0	6.0	6.0	4.0	6.0	51.0	1.0	0.75	1.0	0.8333333333333334	4	3	4	2.0	0.4635917285743858	True	True	True	False	True	False	supported_shared_both_screens	12.463591728574386	False	unclassified_shared_neuronal_or_context	exploratory_context	2.0790764821410064	False	unclassified_shared_neuronal_or_context	exploratory_context	1.1624098154743396	shared_positive_both_screens	3.241486297615346			True	True	True	58155	56195	HGNC:17662	MGI:1860489	True	same_symbol
CHD4	CHD4	CHD4	Chd4	51622435	True	False	True	True	True	True	True	True	0.9460304822565969	0.6637414095135427	0.8891423357664233	0.19583428636779507	0.125	0.3125	0.125	0.109375	0.641297323006258	0.5662100456621004	0.641297323006258	0.45400158235448634	0.5	0.5	0.5	0.5	0.25	-0.5	0.25	-0.5	3.0	4.0	3.0	6.0	6.0	4.0	6.0	51.0	1.0	0.75	1.0	0.8333333333333334	4	3	4	2.0	0.45400158235448634	True	True	True	False	True	False	supported_shared_both_screens	12.454001582354486	False	unclassified_shared_neuronal_or_context	exploratory_context	2.083881578947368	False	unclassified_shared_neuronal_or_context	exploratory_context	1.007814543841425	shared_positive_both_screens	3.091696122788793			True	True	True	1108	107932	HGNC:1919	MGI:1344380	True	same_symbol
ENAH	ENAH	ENAH	Enah	51621836	True	False	True	True	True	True	True	True	0.9460304822565969	0.6637414095135427	0.8891423357664233	0.19583428636779507	0.125	0.3125	0.125	0.109375	0.60697070819429	0.4538125989742994	0.60697070819429	0.5936021759697256	0.5	0.5	0.5	0.5	0.5	-0.5	0.5	-0.5	3.0	4.0	3.0	6.0	6.0	4.0	6.0	51.0	1.0	0.75	1.0	0.8333333333333334	4	3	4	2.0	0.4538125989742994	True	True	True	False	True	False	supported_shared_both_screens	12.453812598974299	False	unclassified_shared_neuronal_or_context	exploratory_context	2.151940022482019	False	unclassified_shared_neuronal_or_context	exploratory_context	1.147059631213568	shared_positive_both_screens	3.298999653695587			True	True	True	55740	13800	HGNC:18271	MGI:108360	True	same_symbol
GPBP1	GPBP1	GPBP1	Gpbp1	51632986	True	False	True	True	True	True	True	True	0.9460304822565969	0.6637414095135427	0.8891423357664233	0.19583428636779507	0.125	0.3125	0.125	0.109375	0.5412144909032875	0.4519630823609393	0.5412144909032875	0.545577126182257	0.5	0.5	0.5	0.5	0.5	-0.5	0.5	-0.5	3.0	4.0	3.0	6.0	6.0	4.0	6.0	51.0	1.0	0.75	1.0	0.8333333333333334	4	3	4	2.0	0.4519630823609393	True	True	True	False	True	False	supported_shared_both_screens	12.451963082360939	False	unclassified_shared_neuronal_or_context	exploratory_context	2.149685477644015	False	unclassified_shared_neuronal_or_context	exploratory_context	1.149685477644015	shared_positive_both_screens	3.2993709552880297			True	True	True	65056	73274	HGNC:29520	MGI:1920524	True	same_symbol
PHIP	PHIP	PHIP	Phip	51622493	True	False	True	True	True	True	True	True	0.9460304822565969	0.6637414095135427	0.8891423357664233	0.19583428636779507	0.125	0.3125	0.125	0.109375	0.7119021134593994	0.44413084382689244	0.7119021134593994	0.6356036112778218	0.5	0.5	0.5	0.5	0.5	-0.5	0.5	-0.5	3.0	4.0	3.0	6.0	6.0	4.0	6.0	51.0	1.0	0.75	1.0	0.8333333333333334	4	3	4	2.0	0.44413084382689244	True	True	True	False	True	False	supported_shared_both_screens	12.444130843826892	False	unclassified_shared_neuronal_or_context	exploratory_context	2.1879572789956496	False	unclassified_shared_neuronal_or_context	exploratory_context	1.1766755234851762	shared_positive_both_screens	3.364632802480826			True	True	True	55023	83946	HGNC:15673	MGI:1932404	True	same_symbol
BAZ1B	BAZ1B	BAZ1B	Baz1b	51620724	True	False	True	True	True	True	True	True	0.9460304822565969	0.6637414095135427	0.8891423357664233	0.19583428636779507	0.125	0.3125	0.125	0.109375	0.44352109670517526	0.5959603019289907	0.44352109670517526	0.4694843037526495	0.5	0.5	0.5	0.5	0.5	-0.5	0.5	-0.5	3.0	4.0	3.0	6.0	6.0	4.0	6.0	51.0	1.0	0.75	1.0	0.8333333333333334	4	3	4	2.0	0.44352109670517526	True	True	True	False	True	False	supported_shared_both_screens	12.443521096705176	False	unclassified_shared_neuronal_or_context	exploratory_context	2.095514950166113	False	unclassified_shared_neuronal_or_context	exploratory_context	1.0844426017349231	shared_positive_both_screens	3.179957551901036			True	True	True	9031	22385	HGNC:961	MGI:1353499	True	same_symbol
APC	APC	APC	Apc	51617406	True	False	True	True	True	True	True	True	0.9460304822565969	0.6637414095135427	0.8891423357664233	0.19583428636779507	0.125	0.3125	0.125	0.109375	0.5407020164301718	0.4412733685990695	0.5407020164301718	0.609205384281372	0.5	0.5	0.5	0.5	0.25	-0.5	0.25	-0.5	3.0	4.0	3.0	6.0	6.0	4.0	6.0	51.0	1.0	0.75	1.0	0.8333333333333334	4	3	4	2.0	0.4412733685990695	True	True	True	False	True	False	supported_shared_both_screens	12.44127336859907	False	unclassified_shared_neuronal_or_context	exploratory_context	2.1480392410067015	False	unclassified_shared_neuronal_or_context	exploratory_context	1.1480392410067013	shared_positive_both_screens	3.296078482013403			True	True	True	324	11789	HGNC:583	MGI:88039	True	same_symbol
STAG1	STAG1	STAG1	Stag1	51619733	True	False	True	True	True	True	True	True	0.9460304822565969	0.6637414095135427	0.8891423357664233	0.19583428636779507	0.125	0.3125	0.125	0.109375	0.4386355209492028	0.45176581270806193	0.4386355209492028	0.6436958344981829	0.5	0.5	0.5	0.5	0.5	-0.5	0.5	-0.5	3.0	4.0	3.0	6.0	6.0	4.0	6.0	51.0	1.0	0.75	1.0	0.8333333333333334	4	3	4	2.0	0.4386355209492028	True	True	True	False	True	False	supported_shared_both_screens	12.438635520949203	False	unclassified_shared_neuronal_or_context	exploratory_context	2.1245940894942508	False	unclassified_shared_neuronal_or_context	exploratory_context	1.1245940894942508	shared_positive_both_screens	3.2491881789885015			True	True	True	10274	20842	HGNC:11354	MGI:1098658	True	same_symbol
MARK3	MARK3	MARK3	Mark3	51620699	True	False	True	True	True	True	True	True	0.9460304822565969	0.6637414095135427	0.8891423357664233	0.19583428636779507	0.125	0.3125	0.125	0.109375	0.4529298751200769	0.4326310530041221	0.4529298751200769	0.5394594007815892	0.5	0.5	0.5	0.5	0.5	-0.5	0.5	-0.5	3.0	4.0	3.0	6.0	6.0	4.0	6.0	51.0	1.0	0.75	1.0	0.8333333333333334	4	3	4	2.0	0.4326310530041221	True	True	True	False	True	False	supported_shared_both_screens	12.432631053004123	False	unclassified_shared_neuronal_or_context	exploratory_context	2.115199845810106	False	unclassified_shared_neuronal_or_context	exploratory_context	1.115199845810106	shared_positive_both_screens	3.230399691620212			True	True	True	4140	17169	HGNC:6897	MGI:1341865	True	same_symbol
NAV2	NAV2	NAV2	Nav2	51622675	True	False	True	True	True	True	True	True	0.9460304822565969	0.6637414095135427	0.8891423357664233	0.19583428636779507	0.125	0.3125	0.125	0.109375	0.653318502039303	0.4123064119264727	0.653318502039303	0.6611022860265194	0.5	0.5	0.5	0.5	0.5	-0.5	0.5	-0.5	3.0	4.0	3.0	6.0	6.0	4.0	6.0	51.0	1.0	0.75	1.0	0.8333333333333334	4	3	4	2.0	0.4123064119264727	True	True	True	False	True	False	supported_shared_both_screens	12.412306411926473	False	unclassified_shared_neuronal_or_context	exploratory_context	2.17238287231303	False	unclassified_shared_neuronal_or_context	exploratory_context	1.17238287231303	shared_positive_both_screens	3.34476574462606			True	True	True	89797	78286	HGNC:15997	MGI:2183691	True	same_symbol
MLLT10	MLLT10	MLLT10	Mllt10	51621876	True	False	True	True	True	True	True	True	0.9460304822565969	0.6637414095135427	0.8891423357664233	0.19583428636779507	0.125	0.3125	0.125	0.109375	0.4508713385242862	0.4045988258317025	0.4508713385242862	0.4560172655480146	0.5	0.5	0.5	0.5	0.25	-0.5	0.25	-0.5	3.0	4.0	3.0	6.0	6.0	4.0	6.0	51.0	1.0	0.75	1.0	0.8333333333333334	4	3	4	2.0	0.4045988258317025	True	True	True	False	True	False	supported_shared_both_screens	12.404598825831702	False	unclassified_shared_neuronal_or_context	exploratory_context	2.127504450456746	False	unclassified_shared_neuronal_or_context	exploratory_context	1.1275044504567462	shared_positive_both_screens	3.2550089009134924			True	True	True	8028	17354	HGNC:16063	MGI:1329038	True	same_symbol
PEG3	PEG3	PEG3	Peg3	51634894	True	False	True	True	True	True	True	True	0.9460304822565969	0.6637414095135427	0.8891423357664233	0.19583428636779507	0.125	0.3125	0.125	0.109375	0.39217161325066474	0.5168075391042456	0.39217161325066474	0.5168075391042456	0.5	0.5	0.5	0.5	0.5	-0.5	0.5	-0.5	3.0	4.0	3.0	6.0	6.0	4.0	6.0	51.0	1.0	0.75	1.0	0.8333333333333334	4	3	4	2.0	0.39217161325066474	True	True	True	False	True	False	supported_shared_both_screens	12.392171613250664	False	unclassified_shared_neuronal_or_context	exploratory_context	2.098042903312666	False	unclassified_shared_neuronal_or_context	exploratory_context	1.0	shared_positive_both_screens	3.098042903312666			True	True	True	5178	18616	HGNC:8826	MGI:104748	True	same_symbol
PHF3	PHF3	PHF3	Phf3	51625927	True	False	True	True	True	True	True	True	0.9460304822565969	0.6637414095135427	0.8891423357664233	0.19583428636779507	0.125	0.3125	0.125	0.109375	0.4160177975528364	0.3823454913880445	0.4160177975528364	0.4567025440313111	0.5	0.5	0.5	0.5	0.25	-0.5	0.25	-0.5	3.0	4.0	3.0	6.0	6.0	4.0	6.0	51.0	1.0	0.75	1.0	0.8333333333333334	4	3	4	2.0	0.3823454913880445	True	True	True	False	True	False	supported_shared_both_screens	12.382345491388044	False	unclassified_shared_neuronal_or_context	exploratory_context	2.116675904384959	False	unclassified_shared_neuronal_or_context	exploratory_context	1.116675904384959	shared_positive_both_screens	3.2333518087699176			True	True	True	23469	213109	HGNC:8921	MGI:2446126	True	same_symbol
XPO1	XPO1	XPO1	Xpo1	51619857	True	False	True	True	True	True	True	True	0.9460304822565969	0.6637414095135427	0.8891423357664233	0.19583428636779507	0.125	0.3125	0.125	0.109375	0.4623655913978494	0.38230360637405647	0.4623655913978494	0.4737061248282467	0.5	0.5	0.5	0.5	0.25	-0.5	0.25	-0.5	3.0	4.0	3.0	6.0	6.0	4.0	6.0	51.0	1.0	0.75	1.0	0.8333333333333334	4	3	4	2.0	0.38230360637405647	True	True	True	False	True	False	supported_shared_both_screens	12.382303606374057	False	unclassified_shared_neuronal_or_context	exploratory_context	2.1214364289919745	False	unclassified_shared_neuronal_or_context	exploratory_context	1.1214364289919745	shared_positive_both_screens	3.242872857983949			True	True	True	7514	103573	HGNC:12825	MGI:2144013	True	same_symbol
PUM2	PUM2	PUM2	Pum2	51624537	True	False	True	True	True	True	True	True	0.9460304822565969	0.6637414095135427	0.8891423357664233	0.19583428636779507	0.125	0.3125	0.125	0.109375	0.5834145784919786	0.3760867715335906	0.5834145784919786	0.4603970914062205	0.5	0.5	0.5	0.5	0.25	-0.5	0.25	-0.5	3.0	4.0	3.0	6.0	6.0	4.0	6.0	51.0	1.0	0.75	1.0	0.8333333333333334	4	3	4	2.0	0.3760867715335906	True	True	True	False	True	False	supported_shared_both_screens	12.37608677153359	False	unclassified_shared_neuronal_or_context	exploratory_context	2.1441898373795416	False	unclassified_shared_neuronal_or_context	exploratory_context	1.143507434618603	shared_positive_both_screens	3.2876972719981445			True	True	True	23369	80913	HGNC:14958	MGI:1931751	True	same_symbol
NASP	NASP	NASP	Nasp	51627867	True	False	True	True	True	True	True	True	0.9460304822565969	0.6637414095135427	0.8891423357664233	0.19583428636779507	0.125	0.3125	0.125	0.109375	0.5730529843600383	0.4846757852077001	0.5730529843600383	0.3665001710129776	0.5	0.5	0.5	0.5	0.25	-0.5	0.25	-0.5	3.0	4.0	3.0	6.0	6.0	4.0	6.0	51.0	1.0	0.75	1.0	0.8333333333333334	4	3	4	2.0	0.3665001710129776	True	True	True	False	True	False	supported_shared_both_screens	12.366500171012978	False	unclassified_shared_neuronal_or_context	exploratory_context	1.8997747747747749	False	unclassified_shared_neuronal_or_context	exploratory_context	1.0460134058488293	shared_positive_both_screens	2.9457881806236044			True	True	True	4678	50927	HGNC:7644	MGI:1355328	True	same_symbol
GRB2	GRB2	GRB2	Grb2	51619521	True	False	True	True	True	True	True	True	0.9460304822565969	0.6637414095135427	0.8891423357664233	0.19583428636779507	0.125	0.3125	0.125	0.109375	0.3574050430896904	0.35937738546307474	0.3574050430896904	0.44461330631543394	0.5	0.5	0.5	0.5	0.25	-0.5	0.25	-0.5	3.0	4.0	3.0	6.0	6.0	4.0	6.0	51.0	1.0	0.75	1.0	0.8333333333333334	4	3	4	2.0	0.3574050430896904	True	True	True	False	True	False	supported_shared_both_screens	12.35740504308969	False	unclassified_shared_neuronal_or_context	exploratory_context	2.0989488969787216	False	unclassified_shared_neuronal_or_context	exploratory_context	1.0989488969787216	shared_positive_both_screens	3.197897793957443			True	True	True	2885	14784	HGNC:4566	MGI:95805	True	same_symbol
AGPAT4	AGPAT4	AGPAT4	Agpat4	51620079	True	False	True	True	True	True	True	True	0.9460304822565969	0.6637414095135427	0.8891423357664233	0.19583428636779507	0.125	0.3125	0.125	0.109375	0.35348674954650994	0.5665778406961736	0.35348674954650994	0.6558158955499527	0.5	0.5	0.5	0.5	0.5	-0.5	0.5	-0.5	3.0	4.0	3.0	6.0	6.0	4.0	6.0	51.0	1.0	0.75	1.0	0.8333333333333334	4	3	4	2.0	0.35348674954650994	True	True	True	False	True	False	supported_shared_both_screens	12.35348674954651	False	unclassified_shared_neuronal_or_context	exploratory_context	2.022414383825004	False	unclassified_shared_neuronal_or_context	exploratory_context	1.1057477171583372	shared_positive_both_screens	3.128162100983342			True	True	True	56895	68262	HGNC:20885	MGI:1915512	True	same_symbol
BICD1	BICD1	BICD1	Bicd1	51624695	True	False	True	True	True	True	True	True	0.9460304822565969	0.6637414095135427	0.8891423357664233	0.19583428636779507	0.125	0.3125	0.125	0.109375	0.5417130144605117	0.3191558756991575	0.5417130144605117	0.4084777746715125	0.5	0.5	0.5	0.5	0.5	-0.5	0.5	-0.5	3.0	4.0	3.0	6.0	6.0	4.0	6.0	51.0	1.0	0.75	1.0	0.8333333333333334	4	3	4	2.0	0.3191558756991575	True	True	True	False	True	False	supported_shared_both_screens	12.319155875699158	False	unclassified_shared_neuronal_or_context	exploratory_context	2.153051181337405	False	unclassified_shared_neuronal_or_context	exploratory_context	1.1530511813374051	shared_positive_both_screens	3.3061023626748103			True	True	True	636	12121	HGNC:1049	MGI:1101760	True	same_symbol
MLLT3	MLLT3	MLLT3	Mllt3	51620182	True	False	True	True	True	True	True	True	0.9460304822565969	0.6637414095135427	0.8891423357664233	0.19583428636779507	0.125	0.3125	0.125	0.109375	0.359596713965646	0.31629034592560423	0.359596713965646	0.41836734693877553	0.5	0.5	0.5	0.5	0.5	-0.5	0.5	-0.5	3.0	4.0	3.0	6.0	6.0	4.0	6.0	51.0	1.0	0.75	1.0	0.8333333333333334	4	3	4	2.0	0.31629034592560423	True	True	True	False	True	False	supported_shared_both_screens	12.316290345925605	False	unclassified_shared_neuronal_or_context	exploratory_context	2.104447668016119	False	unclassified_shared_neuronal_or_context	exploratory_context	1.1044476680161188	shared_positive_both_screens	3.2088953360322376			True	True	True	4300	70122	HGNC:7136	MGI:1917372	True	same_symbol
MED27	MED27	MED27	Med27	51617962	True	False	True	True	True	True	True	True	0.9460304822565969	0.6637414095135427	0.8891423357664233	0.19583428636779507	0.125	0.3125	0.125	0.109375	0.3120404503466291	0.415774937197263	0.3120404503466291	0.5726257626338207	0.5	0.5	0.5	0.5	0.25	-0.5	0.25	-0.5	3.0	4.0	3.0	6.0	6.0	4.0	6.0	51.0	1.0	0.75	1.0	0.8333333333333334	4	3	4	2.0	0.3120404503466291	True	True	True	False	True	False	supported_shared_both_screens	12.312040450346629	False	unclassified_shared_neuronal_or_context	exploratory_context	2.078314064558219	False	unclassified_shared_neuronal_or_context	exploratory_context	1.0783140645582194	shared_positive_both_screens	3.1566281291164384			True	True	True	9442	68975	HGNC:2377	MGI:1916225	True	same_symbol
ADK	ADK	ADK	Adk	51615988	True	False	True	True	True	True	True	True	0.9460304822565969	0.6637414095135427	0.8891423357664233	0.19583428636779507	0.125	0.3125	0.125	0.109375	0.31025031803576786	0.39542476856670966	0.31025031803576786	0.6208930380662903	0.5	0.5	0.5	0.5	0.25	-0.5	0.25	-0.5	3.0	4.0	3.0	6.0	6.0	4.0	6.0	51.0	1.0	0.75	1.0	0.8333333333333334	4	3	4	2.0	0.31025031803576786	True	True	True	False	True	False	supported_shared_both_screens	12.310250318035768	False	unclassified_shared_neuronal_or_context	exploratory_context	2.0788738739934285	False	unclassified_shared_neuronal_or_context	exploratory_context	1.0788738739934285	shared_positive_both_screens	3.157747747986857			True	True	True	132	11534	HGNC:257	MGI:87930	True	same_symbol
MPPED2	MPPED2	MPPED2	Mpped2	51616569	True	False	True	True	True	True	True	True	0.9460304822565969	0.6637414095135427	0.8891423357664233	0.19583428636779507	0.125	0.3125	0.125	0.109375	0.5276232851316277	0.3053463972968637	0.5276232851316277	0.4603315958134481	0.5	0.5	0.5	0.5	0.5	-0.5	0.5	-0.5	3.0	4.0	3.0	6.0	6.0	4.0	6.0	51.0	1.0	0.75	1.0	0.8333333333333334	4	3	4	2.0	0.3053463972968637	True	True	True	False	True	False	supported_shared_both_screens	12.305346397296864	False	unclassified_shared_neuronal_or_context	exploratory_context	2.137603833784433	False	unclassified_shared_neuronal_or_context	exploratory_context	1.1376038337844332	shared_positive_both_screens	3.275207667568866			True	True	True	744	77015	HGNC:1180	MGI:1924265	True	same_symbol
NEO1	NEO1	NEO1	Neo1	51617052	True	False	True	True	True	True	True	True	0.9460304822565969	0.6637414095135427	0.8891423357664233	0.19583428636779507	0.125	0.3125	0.125	0.109375	0.4519836855765665	0.2982247693597987	0.4519836855765665	0.44018671298306555	0.5	0.5	0.5	0.5	0.5	-0.5	0.5	-0.5	3.0	4.0	3.0	6.0	6.0	4.0	6.0	51.0	1.0	0.75	1.0	0.8333333333333334	4	3	4	2.0	0.2982247693597987	True	True	True	False	True	False	supported_shared_both_screens	12.298224769359798	False	unclassified_shared_neuronal_or_context	exploratory_context	2.119898537065947	False	unclassified_shared_neuronal_or_context	exploratory_context	1.1198985370659469	shared_positive_both_screens	3.2397970741318938			True	True	True	4756	18007	HGNC:7754	MGI:1097159	True	same_symbol
RAD21	RAD21	RAD21	Rad21	51624021	True	False	True	True	True	True	True	True	0.9460304822565969	0.6637414095135427	0.8891423357664233	0.19583428636779507	0.125	0.3125	0.125	0.109375	0.4510852218321098	0.2812525294873365	0.4510852218321098	0.34415255463887684	0.5	0.5	0.5	0.5	0.5	-0.5	0.5	-0.5	3.0	4.0	3.0	6.0	6.0	4.0	6.0	51.0	1.0	0.75	1.0	0.8333333333333334	4	3	4	2.0	0.2812525294873365	True	True	True	False	True	False	supported_shared_both_screens	12.281252529487336	False	unclassified_shared_neuronal_or_context	exploratory_context	2.091093117408907	False	unclassified_shared_neuronal_or_context	exploratory_context	1.0859502873427005	shared_positive_both_screens	3.1770434047516076			True	True	True	5885	19357	HGNC:9811	MGI:108016	True	same_symbol
PPHLN1	PPHLN1	PPHLN1	Pphln1	51624795	True	False	True	True	True	True	True	True	0.9460304822565969	0.6637414095135427	0.8891423357664233	0.19583428636779507	0.125	0.3125	0.125	0.109375	0.2810530218761587	0.33078231292517	0.2810530218761587	0.5092136854741897	0.5	0.5	0.5	0.5	0.25	-0.5	0.25	-0.5	3.0	4.0	3.0	6.0	6.0	4.0	6.0	51.0	1.0	0.75	1.0	0.8333333333333334	4	3	4	2.0	0.2810530218761587	True	True	True	False	True	False	supported_shared_both_screens	12.28105302187616	False	unclassified_shared_neuronal_or_context	exploratory_context	2.062437452977238	False	unclassified_shared_neuronal_or_context	exploratory_context	1.0624374529772382	shared_positive_both_screens	3.124874905954476			True	True	True	51535	223828	HGNC:19369	MGI:1917029	True	same_symbol
KLHL24	KLHL24	KLHL24	Klhl24	51622915	True	False	True	True	True	True	True	True	0.9460304822565969	0.6637414095135427	0.8891423357664233	0.19583428636779507	0.125	0.3125	0.125	0.109375	0.27951664197424203	0.29950065132435955	0.27951664197424203	0.47414839541764664	0.5	0.5	0.5	0.5	0.25	-0.5	0.25	-0.5	3.0	4.0	3.0	6.0	6.0	4.0	6.0	51.0	1.0	0.75	1.0	0.8333333333333334	4	3	4	2.0	0.27951664197424203	True	True	True	False	True	False	supported_shared_both_screens	12.279516641974242	False	unclassified_shared_neuronal_or_context	exploratory_context	2.0678728822961836	False	unclassified_shared_neuronal_or_context	exploratory_context	1.0678728822961836	shared_positive_both_screens	3.135745764592367			True	True	True	54800	75785	HGNC:25947	MGI:1923035	True	same_symbol
KDM5A	KDM5A	KDM5A	Kdm5a	51631616	True	False	True	True	True	True	True	True	0.9460304822565969	0.6637414095135427	0.8891423357664233	0.19583428636779507	0.125	0.3125	0.125	0.109375	0.2658700522778193	0.4013062671877261	0.2658700522778193	0.5341873997732107	0.5	0.5	0.5	0.5	0.25	-0.5	0.25	-0.5	3.0	4.0	3.0	6.0	6.0	4.0	6.0	51.0	1.0	0.75	1.0	0.8333333333333334	4	3	4	2.0	0.2658700522778193	True	True	True	False	True	False	supported_shared_both_screens	12.265870052277819	False	unclassified_shared_neuronal_or_context	exploratory_context	2.069617041837321	False	unclassified_shared_neuronal_or_context	exploratory_context	1.069617041837321	shared_positive_both_screens	3.1392340836746424			True	True	True	5927	214899	HGNC:9886	MGI:2136980	True	same_symbol
PCCA	PCCA	PCCA	Pcca	51619855	True	False	True	True	True	True	True	True	0.9460304822565969	0.6637414095135427	0.8891423357664233	0.19583428636779507	0.125	0.3125	0.125	0.109375	0.3472740851381628	0.260493559125778	0.3472740851381628	0.41501258037461564	0.5	0.5	0.5	0.5	0.5	-0.5	0.5	-0.5	3.0	4.0	3.0	6.0	6.0	4.0	6.0	51.0	1.0	0.75	1.0	0.8333333333333334	4	3	4	2.0	0.260493559125778	True	True	True	False	True	False	supported_shared_both_screens	12.260493559125777	False	unclassified_shared_neuronal_or_context	exploratory_context	2.091079769768111	False	unclassified_shared_neuronal_or_context	exploratory_context	1.091079769768111	shared_positive_both_screens	3.1821595395362223			True	True	True	5095	110821	HGNC:8653	MGI:97499	True	same_symbol
DYRK1A	DYRK1A	DYRK1A	Dyrk1a	51618788	True	False	True	True	True	True	True	True	0.9460304822565969	0.6637414095135427	0.8891423357664233	0.19583428636779507	0.125	0.3125	0.125	0.109375	0.260326609029779	0.3225597146465698	0.260326609029779	0.35037632074106234	0.5	0.5	0.5	0.5	0.25	-0.5	0.25	-0.5	3.0	4.0	3.0	6.0	6.0	4.0	6.0	51.0	1.0	0.75	1.0	0.8333333333333334	4	3	4	2.0	0.260326609029779	True	True	True	False	True	False	supported_shared_both_screens	12.260326609029779	False	unclassified_shared_neuronal_or_context	exploratory_context	2.066560106810962	False	unclassified_shared_neuronal_or_context	exploratory_context	1.0665601068109618	shared_positive_both_screens	3.1331202136219236			True	True	True	1859	13548	HGNC:3091	MGI:1330299	True	same_symbol
SND1	SND1	SND1	Snd1	51623682	True	False	True	True	True	True	True	True	0.9460304822565969	0.6637414095135427	0.8891423357664233	0.19583428636779507	0.125	0.3125	0.125	0.109375	0.2550271305458027	0.5036184686640613	0.2550271305458027	0.6661940181520352	0.5	0.5	0.5	0.5	0.25	-0.5	0.25	-0.5	3.0	4.0	3.0	6.0	6.0	4.0	6.0	51.0	1.0	0.75	1.0	0.8333333333333334	4	3	4	2.0	0.2550271305458027	True	True	True	False	True	False	supported_shared_both_screens	12.255027130545802	False	unclassified_shared_neuronal_or_context	exploratory_context	2.076126710242337	False	unclassified_shared_neuronal_or_context	exploratory_context	1.0761267102423369	shared_positive_both_screens	3.1522534204846737			True	True	True	27044	56463	HGNC:30646	MGI:1929266	True	same_symbol
CLVS1	CLVS1	CLVS1	Clvs1	51632395	True	False	True	True	True	True	True	True	0.9460304822565969	0.6637414095135427	0.8891423357664233	0.19583428636779507	0.125	0.3125	0.125	0.109375	0.253615127919911	0.4016321772078111	0.253615127919911	0.5328109865781099	0.5	0.5	0.5	0.5	0.5	-0.5	0.5	-0.5	3.0	4.0	3.0	6.0	6.0	4.0	6.0	51.0	1.0	0.75	1.0	0.8333333333333334	4	3	4	2.0	0.253615127919911	True	True	True	False	True	False	supported_shared_both_screens	12.253615127919911	False	unclassified_shared_neuronal_or_context	exploratory_context	2.075049633545224	False	unclassified_shared_neuronal_or_context	exploratory_context	1.0750496335452242	shared_positive_both_screens	3.1500992670904484			True	True	True	157807	74438	HGNC:23139	MGI:1921688	True	same_symbol
NT5C2	NT5C2	NT5C2	Nt5c2	51620168	True	False	True	True	True	True	True	True	0.9460304822565969	0.6637414095135427	0.8891423357664233	0.19583428636779507	0.125	0.3125	0.125	0.109375	0.350018539117538	0.2494066702752217	0.350018539117538	0.39491966999565786	0.5	0.5	0.5	0.5	0.5	-0.5	0.5	-0.5	3.0	4.0	3.0	6.0	6.0	4.0	6.0	51.0	1.0	0.75	1.0	0.8333333333333334	4	3	4	2.0	0.2494066702752217	True	True	True	False	True	False	supported_shared_both_screens	12.249406670275222	False	unclassified_shared_neuronal_or_context	exploratory_context	2.094664901443487	False	unclassified_shared_neuronal_or_context	exploratory_context	1.0946649014434866	shared_positive_both_screens	3.1893298028869737			True	True	True	22978	76952	HGNC:8022	MGI:2178563	True	same_symbol
PPP2R5E	PPP2R5E	PPP2R5E	Ppp2r5e	51623890	True	False	True	True	True	True	True	True	0.9460304822565969	0.6637414095135427	0.8891423357664233	0.19583428636779507	0.125	0.3125	0.125	0.109375	0.3922877271041898	0.24908875897189234	0.3922877271041898	0.3905413229121435	0.5	0.5	0.5	0.5	0.25	-0.5	0.25	-0.5	3.0	4.0	3.0	6.0	6.0	4.0	6.0	51.0	1.0	0.75	1.0	0.8333333333333334	4	3	4	2.0	0.24908875897189234	True	True	True	False	True	False	supported_shared_both_screens	12.249088758971892	False	unclassified_shared_neuronal_or_context	exploratory_context	2.112076311709349	False	unclassified_shared_neuronal_or_context	exploratory_context	1.1120763117093493	shared_positive_both_screens	3.224152623418698			True	True	True	5529	26932	HGNC:9313	MGI:1349473	True	same_symbol
ZKSCAN1	ZKSCAN1	ZKSCAN1	Zkscan1	51636306	True	False	True	True	True	True	True	True	0.9460304822565969	0.6637414095135427	0.8891423357664233	0.19583428636779507	0.125	0.3125	0.125	0.109375	0.3125466766243465	0.247997382014186	0.3125466766243465	0.400466181821165	0.5	0.5	0.5	0.5	0.5	-0.5	0.5	-0.5	3.0	4.0	3.0	6.0	6.0	4.0	6.0	51.0	1.0	0.75	1.0	0.8333333333333334	4	3	4	2.0	0.247997382014186	True	True	True	False	True	False	supported_shared_both_screens	12.247997382014185	False	unclassified_shared_neuronal_or_context	exploratory_context	1.9943245246453112	False	unclassified_shared_neuronal_or_context	exploratory_context	1.0776578579786444	shared_positive_both_screens	3.071982382623956			True	True	True	7586	74570	HGNC:13101	MGI:1921820	True	same_symbol
RFX7	RFX7	RFX7	Rfx7	51620072	True	False	True	True	True	True	True	True	0.9460304822565969	0.6637414095135427	0.8891423357664233	0.19583428636779507	0.125	0.3125	0.125	0.109375	0.3511308861698183	0.23501953973078593	0.3511308861698183	0.48314983888292157	0.5	0.5	0.5	0.5	0.25	-0.5	0.25	-0.5	3.0	4.0	3.0	6.0	6.0	4.0	6.0	51.0	1.0	0.75	1.0	0.8333333333333334	4	3	4	2.0	0.23501953973078593	True	True	True	False	True	False	supported_shared_both_screens	12.235019539730786	False	regulatory_morphogenesis_candidate	mechanism_figure_candidate	2.5904211398298247	False	regulatory_morphogenesis_candidate	mechanism_followup_candidate	1.5904211398298247	selected_figure_genome_followup	4.180842279659649			True	True	True	64864	319758	HGNC:25777	MGI:2442675	True	same_symbol
PHF21A	PHF21A	PHF21A	Phf21a	51621054	True	False	True	True	True	True	True	True	0.9460304822565969	0.6637414095135427	0.8891423357664233	0.19583428636779507	0.125	0.3125	0.125	0.109375	0.3670649738610904	0.2259225608051439	0.3670649738610904	0.30950571718048914	0.5	0.5	0.5	0.5	0.25	-0.5	0.25	-0.5	3.0	4.0	3.0	6.0	6.0	4.0	6.0	51.0	1.0	0.75	1.0	0.8333333333333334	4	3	4	2.0	0.2259225608051439	True	True	True	False	True	False	supported_shared_both_screens	12.225922560805143	False	unclassified_shared_neuronal_or_context	exploratory_context	2.098356704825816	False	unclassified_shared_neuronal_or_context	exploratory_context	1.0983567048258158	shared_positive_both_screens	3.1967134096516316			True	True	True	51317	192285	HGNC:24156	MGI:2384756	True	same_symbol
GPHN	GPHN	GPHN	Gphn	51620953	True	False	True	True	True	True	True	True	0.9460304822565969	0.6637414095135427	0.8891423357664233	0.19583428636779507	0.125	0.3125	0.125	0.109375	0.210975157582499	0.39633731662294763	0.210975157582499	0.5944782168186424	0.5	0.5	0.5	0.5	0.5	-0.5	0.5	-0.5	3.0	4.0	3.0	6.0	6.0	4.0	6.0	51.0	1.0	0.75	1.0	0.8333333333333334	4	3	4	2.0	0.210975157582499	True	True	True	False	True	False	supported_shared_both_screens	12.2109751575825	False	unclassified_shared_neuronal_or_context	exploratory_context	2.0716408668399833	False	unclassified_shared_neuronal_or_context	exploratory_context	1.0716408668399833	shared_positive_both_screens	3.1432817336799665			True	True	True	10243	268566	HGNC:15465	MGI:109602	True	same_symbol
IGF1R	IGF1R	IGF1R	Igf1r	51621940	True	False	True	True	True	True	True	True	0.9460304822565969	0.6637414095135427	0.8891423357664233	0.19583428636779507	0.125	0.3125	0.125	0.109375	0.4245705750560119	0.19722244130032765	0.4245705750560119	0.2931140541322912	0.5	0.5	0.5	0.5	0.25	-0.5	0.25	-0.5	3.0	4.0	3.0	6.0	6.0	4.0	6.0	51.0	1.0	0.75	1.0	0.8333333333333334	4	3	4	2.0	0.19722244130032765	True	True	True	False	True	False	supported_shared_both_screens	12.197222441300328	False	unclassified_shared_neuronal_or_context	exploratory_context	2.110227902093337	False	unclassified_shared_neuronal_or_context	exploratory_context	1.1102279020933368	shared_positive_both_screens	3.220455804186674			True	True	True	3480	16001	HGNC:5465	MGI:96433	True	same_symbol
PKN2	PKN2	PKN2	Pkn2	51623847	True	False	True	True	True	True	True	True	0.9460304822565969	0.6637414095135427	0.8891423357664233	0.19583428636779507	0.125	0.3125	0.125	0.109375	0.3741193919169447	0.1892278187870893	0.3741193919169447	0.2603788090578697	0.5	0.5	0.5	0.5	0.25	-0.5	0.25	-0.5	3.0	4.0	3.0	6.0	6.0	4.0	6.0	51.0	1.0	0.75	1.0	0.8333333333333334	4	3	4	2.0	0.1892278187870893	True	True	True	False	True	False	supported_shared_both_screens	12.189227818787089	False	unclassified_shared_neuronal_or_context	exploratory_context	2.1111702481630834	False	unclassified_shared_neuronal_or_context	exploratory_context	1.1029680058238531	shared_positive_both_screens	3.2141382539869365			True	True	True	5586	109333	HGNC:9406	MGI:109211	True	same_symbol
PHC2	PHC2	PHC2	Phc2	51616976	True	False	True	True	True	True	True	True	0.9460304822565969	0.6637414095135427	0.8891423357664233	0.19583428636779507	0.125	0.3125	0.125	0.109375	0.2830470500373413	0.1765096449538719	0.2830470500373413	0.2606202055290201	0.5	0.5	0.5	0.5	0.5	-0.5	0.5	-0.5	3.0	4.0	3.0	6.0	6.0	4.0	6.0	51.0	1.0	0.75	1.0	0.8333333333333334	4	3	4	2.0	0.1765096449538719	True	True	True	False	True	False	supported_shared_both_screens	12.176509644953871	False	unclassified_shared_neuronal_or_context	exploratory_context	2.072737203093748	False	unclassified_shared_neuronal_or_context	exploratory_context	1.072737203093748	shared_positive_both_screens	3.145474406187496			True	True	True	1912	54383	HGNC:3183	MGI:1860454	True	same_symbol
RNGTT	RNGTT	RNGTT	Rngtt	51623276	True	False	True	True	True	True	True	True	0.9460304822565969	0.6637414095135427	0.8891423357664233	0.19583428636779507	0.125	0.3125	0.125	0.109375	0.1764923989618094	0.3567086409031698	0.1764923989618094	0.5429829466032988	0.5	0.5	0.5	0.5	0.25	-0.5	0.25	-0.5	3.0	4.0	3.0	6.0	6.0	4.0	6.0	51.0	1.0	0.75	1.0	0.8333333333333334	4	3	4	2.0	0.1764923989618094	True	True	True	False	True	False	supported_shared_both_screens	12.176492398961809	False	unclassified_shared_neuronal_or_context	exploratory_context	2.0525010311382377	False	unclassified_shared_neuronal_or_context	exploratory_context	1.0525010311382377	shared_positive_both_screens	3.1050020622764753			True	True	True	8732	24018	HGNC:10073	MGI:1329041	True	same_symbol
THOC3	THOC3	THOC3	Thoc3	51628144	True	False	True	True	True	True	True	True	0.9460304822565969	0.6637414095135427	0.8891423357664233	0.19583428636779507	0.125	0.3125	0.125	0.109375	0.1757899776571976	0.26956947162426614	0.1757899776571976	0.28319327731092436	0.5	0.5	0.5	0.5	0.25	-0.5	0.25	-0.5	3.0	4.0	3.0	6.0	6.0	4.0	6.0	51.0	1.0	0.75	1.0	0.8333333333333334	4	3	4	2.0	0.1757899776571976	True	True	True	False	True	False	supported_shared_both_screens	12.175789977657198	False	unclassified_shared_neuronal_or_context	exploratory_context	2.0876477576627135	False	unclassified_shared_neuronal_or_context	exploratory_context	1.0876477576627137	shared_positive_both_screens	3.175295515325427			True	True	True	84321	73666	HGNC:19072	MGI:1920916	True	same_symbol
MAPKAP1	MAPKAP1	MAPKAP1	Mapkap1	51622431	True	False	True	True	True	True	True	True	0.9460304822565969	0.6637414095135427	0.8891423357664233	0.19583428636779507	0.125	0.3125	0.125	0.109375	0.42786462838937855	0.1679261911701433	0.42786462838937855	0.3417100882906353	0.5	0.5	0.5	0.5	0.25	-0.5	0.25	-0.5	3.0	4.0	3.0	6.0	6.0	4.0	6.0	51.0	1.0	0.75	1.0	0.8333333333333334	4	3	4	2.0	0.1679261911701433	True	True	True	False	True	False	supported_shared_both_screens	12.167926191170142	False	cytoskeleton_morphogenesis	mechanism_figure_candidate	2.609570269070577	False	cytoskeleton_morphogenesis	mechanism_followup_candidate	1.6095702690705769	selected_figure_genome_followup	4.219140538141154			True	True	True	79109	227743	HGNC:18752	MGI:2444554	True	same_symbol
MSH3	MSH3	MSH3	Msh3	51626373	True	False	True	True	True	True	True	True	0.9460304822565969	0.6637414095135427	0.8891423357664233	0.19583428636779507	0.125	0.3125	0.125	0.109375	0.1646273637374861	0.22217397597336805	0.1646273637374861	0.37594352809616993	0.5	0.5	0.5	0.5	0.25	-0.5	0.25	-0.5	3.0	4.0	3.0	6.0	6.0	4.0	6.0	51.0	1.0	0.75	1.0	0.8333333333333334	4	3	4	2.0	0.1646273637374861	True	True	True	False	True	False	supported_shared_both_screens	12.164627363737486	False	unclassified_shared_neuronal_or_context	exploratory_context	2.055303624417379	False	unclassified_shared_neuronal_or_context	exploratory_context	1.055303624417379	shared_positive_both_screens	3.110607248834758			True	True	True	4437	17686	HGNC:7326	MGI:109519	True	same_symbol
FAF1	FAF1	FAF1	Faf1	51620115	True	False	True	True	True	True	True	True	0.9460304822565969	0.6637414095135427	0.8891423357664233	0.19583428636779507	0.125	0.3125	0.125	0.109375	0.467927326659251	0.1639949480229282	0.467927326659251	0.32844840063685043	0.5	0.5	0.5	0.5	0.25	-0.5	0.25	-0.5	3.0	4.0	3.0	6.0	6.0	4.0	6.0	51.0	1.0	0.75	1.0	0.8333333333333334	4	3	4	2.0	0.1639949480229282	True	True	True	False	True	False	supported_shared_both_screens	12.163994948022928	False	unclassified_shared_neuronal_or_context	exploratory_context	2.1261542203472956	False	unclassified_shared_neuronal_or_context	exploratory_context	1.1261542203472958	shared_positive_both_screens	3.2523084406945912			True	True	True	11124	14084	HGNC:3578	MGI:109419	True	same_symbol
NOVA1	NOVA1	NOVA1	Nova1	51625151	True	False	True	True	True	True	True	True	0.9460304822565969	0.6637414095135427	0.8891423357664233	0.19583428636779507	0.125	0.3125	0.125	0.109375	0.6000410588343281	0.1548347698158249	0.6000410588343281	0.22168548270371974	0.5	0.5	0.5	0.5	0.5	-0.5	0.5	-0.5	3.0	4.0	3.0	6.0	6.0	4.0	6.0	51.0	1.0	0.75	1.0	0.8333333333333334	4	3	4	2.0	0.1548347698158249	True	True	True	False	True	False	supported_shared_both_screens	12.154834769815825	False	rna_processing_neuronal_state	supporting_context_not_core_executor	2.112076812887169	False	rna_processing_neuronal_state	supporting_context_not_core_executor	1.1120768128871692	shared_positive_both_screens	3.2241536257743384			True	True	True	4857	664883	HGNC:7886	MGI:104297	True	same_symbol
PCBP3	PCBP3	PCBP3	Pcbp3	51628400	True	False	True	True	True	True	True	True	0.9460304822565969	0.6637414095135427	0.8891423357664233	0.19583428636779507	0.125	0.3125	0.125	0.109375	0.3808837656099904	0.15372097542018845	0.3808837656099904	0.3097553454720486	0.5	0.5	0.5	0.5	0.5	-0.5	0.5	-0.5	3.0	4.0	3.0	6.0	6.0	4.0	6.0	51.0	1.0	0.75	1.0	0.8333333333333334	4	3	4	2.0	0.15372097542018845	True	True	True	False	True	False	supported_shared_both_screens	12.153720975420189	False	unclassified_shared_neuronal_or_context	exploratory_context	2.0954073340320925	False	unclassified_shared_neuronal_or_context	exploratory_context	1.095407334032093	shared_positive_both_screens	3.1908146680641853			True	True	True	54039	59093	HGNC:8651	MGI:1890470	True	same_symbol
RALGPS1	RALGPS1	RALGPS1	Ralgps1	51629235	True	False	True	True	True	True	True	True	0.9460304822565969	0.6637414095135427	0.8891423357664233	0.19583428636779507	0.125	0.3125	0.125	0.109375	0.2675312199807877	0.14460148869685385	0.2675312199807877	0.33561643835616434	0.5	0.5	0.5	0.5	0.25	-0.5	0.25	-0.5	3.0	4.0	3.0	6.0	6.0	4.0	6.0	51.0	1.0	0.75	1.0	0.8333333333333334	4	3	4	2.0	0.14460148869685385	True	True	True	False	True	False	supported_shared_both_screens	12.144601488696853	False	unclassified_shared_neuronal_or_context	exploratory_context	2.067321639798303	False	unclassified_shared_neuronal_or_context	exploratory_context	1.067321639798303	shared_positive_both_screens	3.134643279596606			True	True	True	9649	241308	HGNC:16851	MGI:1922008	True	same_symbol
AKT3	AKT3	AKT3	Akt3	51625149	True	False	True	True	True	True	True	True	0.9460304822565969	0.6637414095135427	0.8891423357664233	0.19583428636779507	0.125	0.3125	0.125	0.109375	0.1412680756395995	0.19955656410042882	0.1412680756395995	0.46021493703864524	0.5	0.5	0.5	0.5	0.5	-0.5	0.5	-0.5	3.0	4.0	3.0	6.0	6.0	4.0	6.0	51.0	1.0	0.75	1.0	0.8333333333333334	4	3	4	2.0	0.1412680756395995	True	True	True	False	True	False	supported_shared_both_screens	12.1412680756396	False	unclassified_shared_neuronal_or_context	exploratory_context	2.0398727265538934	False	unclassified_shared_neuronal_or_context	exploratory_context	1.0398727265538932	shared_positive_both_screens	3.079745453107787			True	True	True	10000	23797	HGNC:393	MGI:1345147	True	same_symbol
PTPRK	PTPRK	PTPRK	Ptprk	51617124	True	False	True	True	True	True	True	True	0.9460304822565969	0.6637414095135427	0.8891423357664233	0.19583428636779507	0.125	0.3125	0.125	0.109375	0.1296281519310565	0.26541616355081815	0.1296281519310565	0.41679480011182557	0.5	0.5	0.5	0.5	0.5	-0.5	0.5	-0.5	3.0	4.0	3.0	6.0	6.0	4.0	6.0	51.0	1.0	0.75	1.0	0.8333333333333334	4	3	4	2.0	0.1296281519310565	True	True	True	False	True	False	supported_shared_both_screens	12.129628151931056	False	unclassified_shared_neuronal_or_context	exploratory_context	2.0337347389721696	False	unclassified_shared_neuronal_or_context	exploratory_context	1.0337347389721698	shared_positive_both_screens	3.067469477944339			True	True	True	5796	19272	HGNC:9674	MGI:103310	True	same_symbol
MAN1C1	MAN1C1	MAN1C1	Man1c1	51633725	True	False	True	True	True	True	True	True	0.9460304822565969	0.6637414095135427	0.8891423357664233	0.19583428636779507	0.125	0.3125	0.125	0.109375	0.3909702209414025	0.12648357215226508	0.3909702209414025	0.3382881569999028	0.5	0.5	0.5	0.5	0.5	-0.5	0.5	-0.5	3.0	4.0	3.0	6.0	6.0	4.0	6.0	51.0	1.0	0.75	1.0	0.8333333333333334	4	3	4	2.0	0.12648357215226508	True	True	True	False	True	False	supported_shared_both_screens	12.126483572152265	False	unclassified_shared_neuronal_or_context	exploratory_context	2.0910567649512948	False	unclassified_shared_neuronal_or_context	exploratory_context	1.0910567649512948	shared_positive_both_screens	3.1821135299025896			True	True	True	57134	230815	HGNC:19080	MGI:2446214	True	same_symbol
ATM	ATM	ATM	Atm	51617752	True	False	True	True	True	True	True	True	0.9460304822565969	0.6637414095135427	0.8891423357664233	0.19583428636779507	0.125	0.3125	0.125	0.109375	0.1646983721672518	0.10990355046128035	0.1646983721672518	0.1986358373136488	0.5	0.5	0.5	0.5	0.25	-0.5	0.25	-0.5	3.0	4.0	3.0	6.0	6.0	4.0	6.0	51.0	1.0	0.75	1.0	0.8333333333333334	4	3	4	2.0	0.10990355046128035	True	True	True	False	True	False	supported_shared_both_screens	12.109903550461281	False	unclassified_shared_neuronal_or_context	exploratory_context	2.034756364724557	False	unclassified_shared_neuronal_or_context	exploratory_context	1.0347563647245568	shared_positive_both_screens	3.069512729449114			True	True	True	472	11920	HGNC:795	MGI:107202	True	same_symbol
PDE3B	PDE3B	PDE3B	Pde3b	51634884	True	False	True	True	True	True	True	True	0.9460304822565969	0.6637414095135427	0.8891423357664233	0.19583428636779507	0.125	0.3125	0.125	0.109375	0.2773451983685576	0.10936821537125485	0.2773451983685576	0.22130975677942405	0.5	0.5	0.5	0.5	0.5	-0.5	0.5	-0.5	3.0	4.0	3.0	6.0	6.0	4.0	6.0	51.0	1.0	0.75	1.0	0.8333333333333334	4	3	4	2.0	0.10936821537125485	True	True	True	False	True	False	supported_shared_both_screens	12.109368215371255	False	unclassified_shared_neuronal_or_context	exploratory_context	2.0727325109872323	False	unclassified_shared_neuronal_or_context	exploratory_context	1.072732510987232	shared_positive_both_screens	3.1454650219744646			True	True	True	5140	18576	HGNC:8779	MGI:1333863	True	same_symbol
ITGA7	ITGA7	ITGA7	Itga7	51630889	True	False	True	True	True	True	True	True	0.9460304822565969	0.6637414095135427	0.8891423357664233	0.19583428636779507	0.125	0.3125	0.125	0.109375	0.0892116182572614	0.12089353374692925	0.0892116182572614	0.15713200173686495	0.5	0.5	0.5	0.5	0.5	-0.5	0.5	-0.5	3.0	4.0	3.0	6.0	6.0	4.0	6.0	51.0	1.0	0.75	1.0	0.8333333333333334	4	3	4	2.0	0.0892116182572614	True	True	True	False	True	False	supported_shared_both_screens	12.089211618257261	False	unclassified_shared_neuronal_or_context	exploratory_context	2.0258545889513138	False	unclassified_shared_neuronal_or_context	exploratory_context	1.0258545889513138	shared_positive_both_screens	3.0517091779026275			True	True	True	3679	16404	HGNC:6143	MGI:102700	True	same_symbol
TBC1D1	TBC1D1	TBC1D1	Tbc1d1	51630826	True	False	True	True	True	True	True	True	0.9460304822565969	0.6637414095135427	0.8891423357664233	0.19583428636779507	0.125	0.3125	0.125	0.109375	0.1282906933629959	0.07868236280579555	0.1282906933629959	0.12802142133449124	0.5	0.5	0.5	0.5	0.5	-0.5	0.5	-0.5	3.0	4.0	3.0	6.0	6.0	4.0	6.0	51.0	1.0	0.75	1.0	0.8333333333333334	4	3	4	2.0	0.07868236280579555	True	True	True	False	True	False	supported_shared_both_screens	12.078682362805795	False	unclassified_shared_neuronal_or_context	exploratory_context	2.035188594115139	False	unclassified_shared_neuronal_or_context	exploratory_context	1.035188594115139	shared_positive_both_screens	3.070377188230278			True	True	True	23216	57915	HGNC:11578	MGI:1889508	True	same_symbol
SH3BGRL2	SH3BGRL2	SH3BGRL2	Sh3bgrl2	51630091	True	False	True	True	True	True	True	True	0.9460304822565969	0.6637414095135427	0.8891423357664233	0.19583428636779507	0.125	0.3125	0.125	0.109375	0.0771227289581016	0.08897814444926899	0.0771227289581016	0.2582471344702264	0.5	0.5	0.5	0.5	0.25	-0.5	0.25	-0.5	3.0	4.0	3.0	6.0	6.0	4.0	6.0	51.0	1.0	0.75	1.0	0.8333333333333334	4	3	4	2.0	0.0771227289581016	True	True	True	False	True	False	supported_shared_both_screens	12.077122728958102	False	unclassified_shared_neuronal_or_context	exploratory_context	2.0191937975388266	False	unclassified_shared_neuronal_or_context	exploratory_context	1.0191937975388268	shared_positive_both_screens	3.038387595077653			True	True	True	83699	212531	HGNC:15567	MGI:1915350	True	same_symbol
SPATS2	SPATS2	SPATS2	Spats2	51621613	True	False	True	True	True	True	True	True	0.9460304822565969	0.6637414095135427	0.8891423357664233	0.19583428636779507	0.125	0.3125	0.125	0.109375	0.37413812248209455	0.07472137791286725	0.37413812248209455	0.0789745487225315	0.5	0.5	0.5	0.5	0.5	-0.5	0.5	-0.5	3.0	4.0	3.0	6.0	6.0	4.0	6.0	51.0	1.0	0.75	1.0	0.8333333333333334	4	3	4	2.0	0.07472137791286725	True	True	True	False	True	False	supported_shared_both_screens	12.074721377912867	False	unclassified_shared_neuronal_or_context	exploratory_context	2.082791269118415	False	unclassified_shared_neuronal_or_context	exploratory_context	1.0827912691184152	shared_positive_both_screens	3.16558253823683			True	True	True	65244	72572	HGNC:18650	MGI:1919822	True	same_symbol
XRCC5	XRCC5	XRCC5	Xrcc5	51622299	True	False	True	True	True	True	True	True	0.9460304822565969	0.6637414095135427	0.8891423357664233	0.19583428636779507	0.125	0.3125	0.125	0.109375	0.2721542454579162	0.06796253255094625	0.2721542454579162	0.1409936314951512	0.5	0.5	0.5	0.5	0.25	-0.5	0.25	-0.5	3.0	4.0	3.0	6.0	6.0	4.0	6.0	51.0	1.0	0.75	1.0	0.8333333333333334	4	3	4	2.0	0.06796253255094625	True	True	True	False	True	False	supported_shared_both_screens	12.067962532550947	False	unclassified_shared_neuronal_or_context	exploratory_context	2.058486202497439	False	unclassified_shared_neuronal_or_context	exploratory_context	1.058486202497439	shared_positive_both_screens	3.116972404994878			True	True	True	7520	22596	HGNC:12833	MGI:104517	True	same_symbol
TLL1	TLL1	TLL1	Tll1	51623176	True	False	True	True	True	True	True	True	0.9460304822565969	0.6637414095135427	0.8891423357664233	0.19583428636779507	0.125	0.3125	0.125	0.109375	0.0268113629109479	0.0529924735851787	0.0268113629109479	0.2111755661168577	0.5	0.5	0.5	0.5	0.5	-0.5	0.5	-0.5	3.0	4.0	3.0	6.0	6.0	4.0	6.0	51.0	1.0	0.75	1.0	0.8333333333333334	4	3	4	2.0	0.0268113629109479	True	True	True	False	True	False	supported_shared_both_screens	12.026811362910948	False	unclassified_shared_neuronal_or_context	exploratory_context	2.003891766185194	False	unclassified_shared_neuronal_or_context	not_prioritized	1.003891766185194	screen_specific_or_low_priority	3.0077835323703876			True	True	True	7092	21892	HGNC:11843	MGI:106923	True	same_symbol
ROR1	ROR1	ROR1	Ror1	51620675	True	False	True	True	True	True	True	True	0.9460304822565969	0.6637414095135427	0.8891423357664233	0.19583428636779507	0.125	0.3125	0.125	0.109375	0.1356128311522502	0.02079082871854655	0.1356128311522502	0.0417598546267822	0.5	0.5	0.5	0.5	0.5	-0.5	0.5	-0.5	3.0	4.0	3.0	6.0	6.0	4.0	6.0	51.0	1.0	0.75	1.0	0.8333333333333334	4	3	4	2.0	0.02079082871854655	True	True	True	False	True	False	supported_shared_both_screens	12.020790828718546	True	regional_identity_or_specificity_warning	specificity_warning_or_branch_context	1.7754934261494455	True	regional_identity_or_specificity_warning	specificity_warning_or_branch_context	0.7754934261494457	shared_positive_both_screens	1.7754934261494455			True	True	True	4919	26563	HGNC:10256	MGI:1347520	True	same_symbol
MAP1B	MAP1B	MAP1B	Map1b	51630358	True	False	True	True	True	False	True	True	0.9460304822565969	0.9436063218390804	0.8891423357664233	0.3199106364428945	0.125	0.5	0.125	0.1875	0.9615384615384616	0.9969604863221884	0.9615384615384616	0.986114253451657	0.5	0.5	0.5	0.5	0.5	-0.5	0.5	-0.5	3.0	3.0	3.0	5.0	6.0	3.0	6.0	50.0	1.0	0.6666666666666666	1.0	0.8	3	3	4	2.0	0.9615384615384616	True	False	True	False	False	False	strict_shared_selected_only	11.961538461538462	False	cytoskeleton_morphogenesis	mechanism_figure_candidate	2.7368261475041873	False	cytoskeleton_morphogenesis	mechanism_followup_candidate	1.6550458486637576	selected_figure_genome_followup	4.391871996167945			True	True	True	4131	17755	HGNC:6836	MGI:1306778	True	same_symbol
TOMM20	TOMM20	TOMM20	Tomm20	51616251	True	False	True	True	True	False	True	True	0.9460304822565969	0.9436063218390804	0.8891423357664233	0.3199106364428945	0.125	0.5	0.125	0.1875	0.3790296840089371	0.6798378926038501	0.3790296840089371	0.6341909895250687	0.5	0.5	0.5	0.5	0.25	-0.5	0.25	-0.5	3.0	3.0	3.0	5.0	6.0	3.0	6.0	50.0	1.0	0.6666666666666666	1.0	0.8	3	3	4	2.0	0.3790296840089371	True	False	True	False	False	False	strict_shared_selected_only	11.379029684008938	False	unclassified_shared_neuronal_or_context	exploratory_context	2.1102476530118865	False	unclassified_shared_neuronal_or_context	exploratory_context	1.075214414047934	shared_positive_both_screens	3.1854620670598206			True	True	True	9804	67952	HGNC:20947	MGI:1915202	True	same_symbol
KMT2C	KMT2C	KMT2C	Kmt2c	51623241	True	False	True	True	True	False	True	True	0.9460304822565969	0.9436063218390804	0.8891423357664233	0.3199106364428945	0.125	0.5	0.125	0.1875	0.3426028921023359	0.6737588652482269	0.3426028921023359	0.7551020408163265	0.5	0.5	0.5	0.5	0.25	-0.5	0.25	-0.5	3.0	3.0	3.0	5.0	6.0	3.0	6.0	50.0	1.0	0.6666666666666666	1.0	0.8	3	3	4	2.0	0.3426028921023359	True	False	True	False	False	False	strict_shared_selected_only	11.342602892102336	False	unclassified_shared_neuronal_or_context	exploratory_context	2.085752835095885	False	unclassified_shared_neuronal_or_context	exploratory_context	1.002419501762552	shared_positive_both_screens	3.0881723368584373			True	True	True	58508	231051	HGNC:13726	MGI:2444959	True	same_symbol
ZNF148	ZNF148	ZNF148	Zfp148	51619454	True	True	False	True	True	True	False	True	0.9460304822565969	0.6637414095135427	1.0	0.40647658610271903	0.125	0.0625	0.5	0.25	0.3622543566926214	0.44909322419092723	0.3219358442387488	0.7524249857336471	0.5	0.5	0.5	0.5	0.25	0.5	0.5	0.5	3.0	4.0	1.0	2.0	6.0	4.0	1.0	47.0	1.0	1.0	1.0	1.0	3	3	4	2.0	0.3219358442387488	False	True	False	True	False	False	strict_shared_full_matrix_only	11.321935844238748	False	unclassified_shared_neuronal_or_context	not_prioritized	1.0804839610596872	False	unclassified_shared_neuronal_or_context	not_prioritized	0.5804839610596872	screen_specific_or_low_priority	1.6609679221193745			True	False	False	7707	22661	HGNC:12933	MGI:1332234	False	nonidentical_symbol
C1ORF21	C1orf21	C1orf21	1700025G04Rik	51627885	True	True	False	True	True	True	False	True	0.9460304822565969	0.6637414095135427	1.0	0.40647658610271903	0.125	0.0625	0.5	0.25	0.4040328603435399	0.3497973657548126	0.2338014682413022	0.6915428490274078	0.5	0.5	0.5	0.5	0.25	0.5	0.5	0.5	3.0	4.0	1.0	2.0	6.0	4.0	1.0	47.0	1.0	1.0	1.0	1.0	3	3	4	2.0	0.2338014682413022	False	True	False	True	False	False	strict_shared_full_matrix_only	11.233801468241301	False	unclassified_shared_neuronal_or_context	not_prioritized	1.0584503670603256	False	unclassified_shared_neuronal_or_context	not_prioritized	0.5584503670603256	screen_specific_or_low_priority	1.0584503670603256			True	False	False	81563	69399	HGNC:15494	MGI:1916649	False	nonidentical_symbol
CMSS1	CMSS1	CMSS1	Cmss1	51628290	True	False	True	True	True	False	True	True	0.9460304822565969	0.9436063218390804	0.8891423357664233	0.3199106364428945	0.125	0.5	0.125	0.1875	0.298715288860517	0.1326530612244898	0.298715288860517	0.1479229989868287	0.5	0.5	0.5	0.5	0.25	-0.5	0.25	-0.5	3.0	3.0	3.0	5.0	6.0	3.0	6.0	50.0	1.0	0.6666666666666666	1.0	0.8	3	3	4	2.0	0.1326530612244898	True	False	True	False	False	False	strict_shared_selected_only	11.13265306122449	False	unclassified_shared_neuronal_or_context	exploratory_context	2.057037223491695	False	unclassified_shared_neuronal_or_context	exploratory_context	0.973703890158362	shared_positive_both_screens	3.0307411136500573			True	True	True	84319	66497	HGNC:28666	MGI:1913747	True	same_symbol
CEP112	CEP112	CEP112	Cep112	51624955	True	False	True	True	True	False	True	True	0.9460304822565969	0.9436063218390804	0.8891423357664233	0.3199106364428945	0.125	0.5	0.125	0.1875	0.2758139163740823	0.0759878419452887	0.2758139163740823	0.3163265306122449	0.5	0.5	0.5	0.5	0.25	-0.5	0.25	-0.5	3.0	3.0	3.0	5.0	6.0	3.0	6.0	50.0	1.0	0.6666666666666666	1.0	0.8	3	3	4	2.0	0.0759878419452887	True	False	True	False	False	False	strict_shared_selected_only	11.075987841945288	False	unclassified_shared_neuronal_or_context	exploratory_context	2.047144847135617	False	unclassified_shared_neuronal_or_context	exploratory_context	0.963811513802284	shared_positive_both_screens	3.010956360937901			True	True	True	201134	76380	HGNC:28514	MGI:1923673	True	same_symbol
HECTD4	HECTD4	HECTD4	Hectd4	51633091	True	False	True	True	True	False	True	True	1.0		1.0	0.40647658610271903	0.25		0.25	0.25	0.3597292254093012		0.3597292254093012	0.76630406413838	0.375		0.375	0.5	0.25		0.25	0.5	2.0		2.0	2.0	3.0		3.0	47.0	1.0		1.0	1.0	3	3	3	1.25	0.3597292254093012	True	False	True	False	False	False	strict_shared_selected_only	10.609729225409302	False	unclassified_shared_neuronal_or_context	exploratory_context	1.654143409188493	False	unclassified_shared_neuronal_or_context	not_prioritized	0.6541434091884929	screen_specific_or_low_priority	2.308286818376986			True	True	True	283450	269700	HGNC:26611	MGI:3647820	True	same_symbol
ACTB	ACTB	ACTB	Actb	51615947	True	False	True	False	True	True	True	False	0.9460304822565969	0.6637414095135427	0.8891423357664233	0.40647658610271903	0.125	0.3125	0.125	0.34375	0.997765719757421	0.9994934143870313	0.997765719757421	0.9835776206313107	0.5	0.5	0.5	0.5	0.25	-0.5	0.25	-0.5	3.0	4.0	3.0	6.0	6.0	4.0	6.0	51.0	1.0	0.75	1.0	0.6666666666666666	3	2	4	2.0	0.9835776206313107	False	True	False	False	False	False	supported_shared_full_matrix_only	9.98357762063131	False	cytoskeleton_morphogenesis	mechanism_figure_candidate	2.667556346381969	False	cytoskeleton_morphogenesis	mechanism_followup_candidate	1.718049023589042	selected_figure_genome_followup	4.385605369971011			True	True	True	60	11461	HGNC:132	MGI:87904	True	same_symbol
TMSB4X	TMSB4X	TMSB4X	Tmsb4x	51619460	True	False	True	False	True	True	True	False	0.9460304822565969	0.6637414095135427	0.8891423357664233	0.40647658610271903	0.125	0.3125	0.125	0.34375	0.999241940631982	0.9946233301814054	0.999241940631982	0.9759059555037404	0.5	0.5	0.5	0.5	0.5	-0.5	0.5	-0.5	3.0	4.0	3.0	6.0	6.0	4.0	6.0	51.0	1.0	0.75	1.0	0.6666666666666666	3	2	4	2.0	0.9759059555037404	False	True	False	False	False	False	supported_shared_full_matrix_only	9.975905955503741	False	unclassified_shared_neuronal_or_context	exploratory_context	1.95316091954023	False	unclassified_shared_neuronal_or_context	exploratory_context	1.173942235329548	shared_positive_both_screens	3.127103154869778			True	True	True	7114	19241	HGNC:11881	MGI:99510	True	same_symbol
TCF4	TCF4	TCF4	Tcf4	51626981	True	False	True	False	True	True	True	False	0.9460304822565969	0.6637414095135427	0.8891423357664233	0.40647658610271903	0.125	0.3125	0.125	0.34375	0.9840129951562782	0.9726726306961141	0.9840129951562782	0.9647055517191538	0.5	0.5	0.5	0.5	0.5	-0.5	0.5	-0.5	3.0	4.0	3.0	6.0	6.0	4.0	6.0	51.0	1.0	0.75	1.0	0.6666666666666666	3	2	4	2.0	0.9647055517191538	False	True	False	False	False	False	supported_shared_full_matrix_only	9.964705551719154	False	regulatory_morphogenesis_candidate	mechanism_figure_candidate	2.738725307491614	False	regulatory_morphogenesis_candidate	mechanism_followup_candidate	1.7457863435579797	selected_figure_genome_followup	4.484511651049594			True	True	True	6925	21413	HGNC:11634	MGI:98506	True	same_symbol
TTC3	TTC3	TTC3	Ttc3	51624549	True	False	True	False	True	True	True	False	0.9460304822565969	0.6637414095135427	0.8891423357664233	0.40647658610271903	0.125	0.3125	0.125	0.34375	0.9580100057726514	0.9777746715124405	0.9580100057726514	0.9621202943173937	0.5	0.5	0.5	0.5	0.25	-0.5	0.25	-0.5	3.0	4.0	3.0	6.0	6.0	4.0	6.0	51.0	1.0	0.75	1.0	0.6666666666666666	3	2	4	2.0	0.9580100057726514	False	True	False	False	False	False	supported_shared_full_matrix_only	9.958010005772651	False	unclassified_shared_neuronal_or_context	exploratory_context	2.2316110513096516	False	unclassified_shared_neuronal_or_context	exploratory_context	1.239698220873161	shared_positive_both_screens	3.471309272182813			True	True	True	7267	22129	HGNC:12393	MGI:1276539	True	same_symbol
RTN3	RTN3	RTN3	Rtn3	51627886	True	False	True	False	True	True	True	False	0.9460304822565969	0.6637414095135427	0.8891423357664233	0.40647658610271903	0.125	0.3125	0.125	0.34375	0.8690506065979129	0.8780308392666306	0.8690506065979129	0.877002963470729	0.5	0.5	0.5	0.5	0.25	-0.5	0.25	-0.5	3.0	4.0	3.0	6.0	6.0	4.0	6.0	51.0	1.0	0.75	1.0	0.6666666666666666	3	2	4	2.0	0.8690506065979129	False	True	False	False	False	False	supported_shared_full_matrix_only	9.869050606597913	False	cytoskeleton_morphogenesis	mechanism_figure_candidate	2.7183137739345273	False	cytoskeleton_morphogenesis	mechanism_followup_candidate	1.7250973701435384	selected_figure_genome_followup	4.443411144078066			True	True	True	10313	20168	HGNC:10469	MGI:1339970	True	same_symbol
ACTG1	ACTG1	ACTG1	Actg1	51615946	True	False	True	False	True	True	True	False	0.9460304822565969	0.6637414095135427	0.8891423357664233	0.40647658610271903	0.125	0.3125	0.125	0.34375	0.9989626556016598	0.9180562848550383	0.9989626556016598	0.757901126901446	0.5	0.5	0.5	0.5	0.25	-0.5	0.25	-0.5	3.0	4.0	3.0	6.0	6.0	4.0	6.0	51.0	1.0	0.75	1.0	0.6666666666666666	3	2	4	2.0	0.757901126901446	False	True	False	False	False	False	supported_shared_full_matrix_only	9.757901126901446	False	cytoskeleton_morphogenesis	mechanism_figure_candidate	2.427734375	False	cytoskeleton_morphogenesis	mechanism_followup_candidate	1.6409419742533546	selected_figure_genome_followup	4.068676349253355			True	True	True	71	11465	HGNC:144	MGI:87906	True	same_symbol
ELAVL3	ELAVL3	ELAVL3	Elavl3	51618878	True	False	True	False	True	True	True	False	0.9460304822565969	0.6637414095135427	0.8891423357664233	0.40647658610271903	0.125	0.3125	0.125	0.34375	0.8149549467913659	0.6444578543305861	0.8149549467913659	0.652017625231911	0.5	0.5	0.5	0.5	0.25	-0.5	0.25	-0.5	3.0	4.0	3.0	6.0	6.0	4.0	6.0	51.0	1.0	0.75	1.0	0.6666666666666666	3	2	4	2.0	0.6444578543305861	False	True	False	False	False	False	supported_shared_full_matrix_only	9.644457854330586	False	rna_processing_neuronal_state	supporting_context_not_core_executor	2.1665282392026577	False	rna_processing_neuronal_state	supporting_context_not_core_executor	1.1796528791955576	shared_positive_both_screens	3.3461811183982153			True	True	True	1995	15571	HGNC:3314	MGI:109157	True	same_symbol
TUBA1B	TUBA1B	TUBA1B	Tuba1b	51617391	True	False	True	False	True	True	True	False	0.9460304822565969	0.6637414095135427	0.8891423357664233	0.40647658610271903	0.125	0.3125	0.125	0.34375	0.8784312160868177	0.6331847218354009	0.8784312160868177	0.5680013016745747	0.5	0.5	0.5	0.5	0.25	-0.5	0.25	-0.5	3.0	4.0	3.0	6.0	6.0	4.0	6.0	51.0	1.0	0.75	1.0	0.6666666666666666	3	2	4	2.0	0.5680013016745747	False	True	False	False	False	False	supported_shared_full_matrix_only	9.568001301674574	False	cytoskeleton_morphogenesis	mechanism_figure_candidate	2.599775784753363	False	cytoskeleton_morphogenesis	mechanism_followup_candidate	1.6457009414151376	selected_figure_genome_followup	4.2454767261685005			True	True	True	10376	22143	HGNC:18809	MGI:107804	True	same_symbol
ZNF706	ZNF706	ZNF706	Zfp706	51630255	True	False	False	True	True	True	False	True	0.9460304822565969	0.6637414095135427	1.0	0.40647658610271903	0.125	0.3125	0.5	0.25	0.5396584743057772	0.7421818224532056	0.5396584743057772	0.6867579461520534	0.5	0.5	0.5	0.5	0.25	-0.5	0.5	0.5	3.0	4.0	1.0	2.0	6.0	4.0	1.0	47.0	1.0	0.75	1.0	1.0	3	2	4	2.0	0.5396584743057772	False	True	False	False	False	False	supported_shared_full_matrix_only	9.539658474305778	False	unclassified_shared_neuronal_or_context	not_prioritized	1.1349146185764445	False	unclassified_shared_neuronal_or_context	not_prioritized	0.6349146185764443	screen_specific_or_low_priority	1.7698292371528888			True	False	False	51123	68036	HGNC:24992	MGI:1915286	False	nonidentical_symbol
STMN2	STMN2	STMN2	Stmn2	51624344	True	False	True	False	True	True	True	False	0.9460304822565969	0.6637414095135427	0.8891423357664233	0.40647658610271903	0.125	0.3125	0.125	0.34375	0.9101899138206192	0.5495211779369987	0.9101899138206192	0.5358141521334451	0.5	0.5	0.5	0.5	0.5	-0.5	0.5	-0.5	3.0	4.0	3.0	6.0	6.0	4.0	6.0	51.0	1.0	0.75	1.0	0.6666666666666666	3	2	4	2.0	0.5358141521334451	False	True	False	False	False	False	supported_shared_full_matrix_only	9.535814152133446	True	curated_shared_structural_executor	mechanism_figure_candidate	2.8677325581395348	True	curated_shared_structural_executor	mechanism_followup_candidate	1.8750689707525956	shared_positive_both_screens	2.8677325581395348			True	True	True	11075	20257	HGNC:10577	MGI:98241	True	same_symbol
APBA2	APBA2	APBA2	Apba2	51616183	True	False	True	False	True	True	True	False	0.9460304822565969	0.6637414095135427	0.8891423357664233	0.40647658610271903	0.125	0.3125	0.125	0.34375	0.7850350526006158	0.4961381521422326	0.7850350526006158	0.5964777400321831	0.5	0.5	0.5	0.5	0.5	-0.5	0.5	-0.5	3.0	4.0	3.0	6.0	6.0	4.0	6.0	51.0	1.0	0.75	1.0	0.6666666666666666	3	2	4	2.0	0.4961381521422326	False	True	False	False	False	False	supported_shared_full_matrix_only	9.496138152142233	False	unclassified_shared_neuronal_or_context	exploratory_context	2.164701660857084	False	unclassified_shared_neuronal_or_context	exploratory_context	1.167622046983726	shared_positive_both_screens	3.33232370784081			True	True	True	321	11784	HGNC:579	MGI:1261791	True	same_symbol
RAB6B	RAB6B	RAB6B	Rab6b	51624009	True	False	True	False	True	True	True	False	0.9460304822565969	0.6637414095135427	0.8891423357664233	0.40647658610271903	0.125	0.3125	0.125	0.34375	0.4802984500700864	0.5577810530077214	0.4802984500700864	0.5180448917304159	0.5	0.5	0.5	0.5	0.5	-0.5	0.5	-0.5	3.0	4.0	3.0	6.0	6.0	4.0	6.0	51.0	1.0	0.75	1.0	0.6666666666666666	3	2	4	2.0	0.4802984500700864	False	True	False	False	False	False	supported_shared_full_matrix_only	9.480298450070087	False	unclassified_shared_neuronal_or_context	exploratory_context	2.1107859531772575	False	unclassified_shared_neuronal_or_context	exploratory_context	1.1208049181106947	shared_positive_both_screens	3.231590871287952			True	True	True	51560	270192	HGNC:14902	MGI:107283	True	same_symbol
TSPAN5	TSPAN5	TSPAN5	Tspan5	51627116	True	False	True	False	True	True	True	False	0.9460304822565969	0.6637414095135427	0.8891423357664233	0.40647658610271903	0.125	0.3125	0.125	0.34375	0.4678864824495892	0.5100588472054517	0.4678864824495892	0.6523918077869446	0.5	0.5	0.5	0.5	0.5	-0.5	0.5	-0.5	3.0	4.0	3.0	6.0	6.0	4.0	6.0	51.0	1.0	0.75	1.0	0.6666666666666666	3	2	4	2.0	0.4678864824495892	False	True	False	False	False	False	supported_shared_full_matrix_only	9.46788648244959	False	unclassified_shared_neuronal_or_context	exploratory_context	2.1196649649651804	False	unclassified_shared_neuronal_or_context	exploratory_context	1.1196649649651804	shared_positive_both_screens	3.239329929930361			True	True	True	10098	56224	HGNC:17753	MGI:1928096	True	same_symbol
RAB7A	RAB7A	RAB7A	Rab7	51624011	True	False	False	True	True	True	False	True	0.9460304822565969	0.6637414095135427	1.0	0.40647658610271903	0.125	0.3125	0.5	0.25	0.453399297797638	0.4968598889119529	0.453399297797638	0.6082220250922645	0.5	0.5	0.5	0.5	0.25	-0.5	0.5	0.5	3.0	4.0	1.0	2.0	6.0	4.0	1.0	47.0	1.0	0.75	1.0	1.0	3	2	4	2.0	0.453399297797638	False	True	False	False	False	False	supported_shared_full_matrix_only	9.453399297797638	False	unclassified_shared_neuronal_or_context	not_prioritized	1.1133498244494096	False	unclassified_shared_neuronal_or_context	not_prioritized	0.6133498244494096	screen_specific_or_low_priority	1.726699648898819			True	False	False	7879	19349	HGNC:9788	MGI:105068	False	nonidentical_symbol
PRKCB	PRKCB	PRKCB	Prkcb	51623914	True	False	True	False	True	True	True	False	0.9460304822565969	0.6637414095135427	0.8891423357664233	0.40647658610271903	0.125	0.3125	0.125	0.34375	0.4130643611911623	0.5716731898238747	0.4130643611911623	0.7070780850574715	0.5	0.5	0.5	0.5	0.5	-0.5	0.5	-0.5	3.0	4.0	3.0	6.0	6.0	4.0	6.0	51.0	1.0	0.75	1.0	0.6666666666666666	3	2	4	2.0	0.4130643611911623	False	True	False	False	False	False	supported_shared_full_matrix_only	9.413064361191163	False	unclassified_shared_neuronal_or_context	exploratory_context	2.10437683454452	False	unclassified_shared_neuronal_or_context	exploratory_context	1.10437683454452	shared_positive_both_screens	3.20875366908904			True	True	True	5579	18751	HGNC:9395	MGI:97596	True	same_symbol
LINGO1	LINGO1	LINGO1	Lingo1	51622986	True	False	True	False	True	True	True	False	0.9460304822565969	0.6637414095135427	0.8891423357664233	0.40647658610271903	0.125	0.3125	0.125	0.34375	0.4180170813202023	0.41143773160677855	0.4180170813202023	0.41143773160677855	0.5	0.5	0.5	0.5	0.5	-0.5	0.5	-0.5	3.0	4.0	3.0	6.0	6.0	4.0	6.0	51.0	1.0	0.75	1.0	0.6666666666666666	3	2	4	2.0	0.41143773160677855	False	True	False	False	False	False	supported_shared_full_matrix_only	9.411437731606778	False	unclassified_shared_neuronal_or_context	exploratory_context	2.071953010279002	False	unclassified_shared_neuronal_or_context	exploratory_context	1.114092495367065	shared_positive_both_screens	3.186045505646067			True	True	True	84894	235402	HGNC:21205	MGI:1915522	True	same_symbol
AIG1	AIG1	AIG1	Aig1	51624810	True	False	True	False	True	True	True	False	0.9460304822565969	0.6637414095135427	0.8891423357664233	0.40647658610271903	0.125	0.3125	0.125	0.34375	0.5835304306059923	0.3954473378896967	0.5835304306059923	0.6200249330501431	0.5	0.5	0.5	0.5	0.25	-0.5	0.25	-0.5	3.0	4.0	3.0	6.0	6.0	4.0	6.0	51.0	1.0	0.75	1.0	0.6666666666666666	3	2	4	2.0	0.3954473378896967	False	True	False	False	False	False	supported_shared_full_matrix_only	9.395447337889697	False	unclassified_shared_neuronal_or_context	exploratory_context	2.1458826076514983	False	unclassified_shared_neuronal_or_context	exploratory_context	1.145882607651498	shared_positive_both_screens	3.2917652153029966			True	True	True	51390	66253	HGNC:21607	MGI:1913503	True	same_symbol
CADM3	CADM3	CADM3	Cadm3	51628789	True	False	True	False	True	True	True	False	0.9460304822565969	0.6637414095135427	0.8891423357664233	0.40647658610271903	0.125	0.3125	0.125	0.34375	0.4518297236743838	0.38841584433248666	0.4518297236743838	0.38841584433248666	0.5	0.5	0.5	0.5	0.5	-0.5	0.5	-0.5	3.0	4.0	3.0	6.0	6.0	4.0	6.0	51.0	1.0	0.75	1.0	0.6666666666666666	3	2	4	2.0	0.38841584433248666	False	True	False	False	False	False	supported_shared_full_matrix_only	9.388415844332487	False	axon_guidance_adhesion	mechanism_figure_candidate	2.5804794520547945	False	axon_guidance_adhesion	mechanism_followup_candidate	1.598464129037641	selected_figure_genome_followup	4.178943581092435			True	True	True	57863	94332	HGNC:17601	MGI:2137858	True	same_symbol
SRRM4	SRRM4	SRRM4	Srrm4	51622259	True	False	True	False	True	True	True	False	0.9460304822565969	0.6637414095135427	0.8891423357664233	0.40647658610271903	0.125	0.3125	0.125	0.34375	0.403781979977753	0.38464768011547373	0.403781979977753	0.40708819922145784	0.5	0.5	0.5	0.5	0.5	-0.5	0.5	-0.5	3.0	4.0	3.0	6.0	6.0	4.0	6.0	51.0	1.0	0.75	1.0	0.6666666666666666	3	2	4	2.0	0.38464768011547373	False	True	False	False	False	False	supported_shared_full_matrix_only	9.384647680115474	False	unclassified_shared_neuronal_or_context	exploratory_context	2.1133930164693613	False	unclassified_shared_neuronal_or_context	exploratory_context	1.1133930164693613	shared_positive_both_screens	3.2267860329387226			True	True	True	84530	68955	HGNC:29389	MGI:1916205	True	same_symbol
RERE	RERE	RERE	Rere	51616365	True	False	True	False	True	True	True	False	0.9460304822565969	0.6637414095135427	0.8891423357664233	0.40647658610271903	0.125	0.3125	0.125	0.34375	0.3722869454197255	0.43826595050727957	0.3722869454197255	0.6264473874656246	0.5	0.5	0.5	0.5	0.5	-0.5	0.5	-0.5	3.0	4.0	3.0	6.0	6.0	4.0	6.0	51.0	1.0	0.75	1.0	0.6666666666666666	3	2	4	2.0	0.3722869454197255	False	True	False	False	False	False	supported_shared_full_matrix_only	9.372286945419726	False	unclassified_shared_neuronal_or_context	exploratory_context	2.095647299493508	False	unclassified_shared_neuronal_or_context	exploratory_context	1.095647299493508	shared_positive_both_screens	3.1912945989870156			True	True	True	473	68703	HGNC:9965	MGI:2683486	True	same_symbol
PTPRD	PTPRD	PTPRD	Ptprd	51623982	True	False	True	False	True	True	True	False	0.9460304822565969	0.6637414095135427	0.8891423357664233	0.40647658610271903	0.125	0.3125	0.125	0.34375	0.3700407860585836	0.7133280592913354	0.3700407860585836	0.7423119932904669	0.5	0.5	0.5	0.5	0.5	-0.5	0.5	-0.5	3.0	4.0	3.0	6.0	6.0	4.0	6.0	51.0	1.0	0.75	1.0	0.6666666666666666	3	2	4	2.0	0.3700407860585836	False	True	False	False	False	False	supported_shared_full_matrix_only	9.370040786058583	False	unclassified_shared_neuronal_or_context	exploratory_context	1.928339632359148	False	unclassified_shared_neuronal_or_context	exploratory_context	1.0950062990258147	shared_positive_both_screens	3.023345931384963			True	True	True	5789	19266	HGNC:9668	MGI:97812	True	same_symbol
MSRA	MSRA	MSRA	Msra	51623293	True	False	True	False	True	True	True	False	0.9460304822565969	0.6637414095135427	0.8891423357664233	0.40647658610271903	0.125	0.3125	0.125	0.34375	0.4082313681868743	0.36839530332681014	0.4082313681868743	0.5925751879699248	0.5	0.5	0.5	0.5	0.5	-0.5	0.5	-0.5	3.0	4.0	3.0	6.0	6.0	4.0	6.0	51.0	1.0	0.75	1.0	0.6666666666666666	3	2	4	2.0	0.36839530332681014	False	True	False	False	False	False	supported_shared_full_matrix_only	9.36839530332681	False	unclassified_shared_neuronal_or_context	exploratory_context	2.112388190956116	False	unclassified_shared_neuronal_or_context	exploratory_context	1.1123881909561162	shared_positive_both_screens	3.224776381912232			True	True	True	4482	110265	HGNC:7377	MGI:106916	True	same_symbol
TUBB3	TUBB3	TUBB3	Tubb3	51636133	True	False	True	False	True	True	True	False	0.9460304822565969	0.6637414095135427	0.8891423357664233	0.40647658610271903	0.125	0.3125	0.125	0.34375	0.5109132221888607	0.5199491590617003	0.5109132221888607	0.358598216645403	0.5	0.5	0.5	0.5	0.25	-0.5	0.25	-0.5	3.0	4.0	3.0	6.0	6.0	4.0	6.0	51.0	1.0	0.75	1.0	0.6666666666666666	3	2	4	2.0	0.358598216645403	False	True	False	False	False	False	supported_shared_full_matrix_only	9.358598216645403	True	broad_neuronal_state	supporting_context_not_core_executor	2.293890865954923	True	broad_neuronal_state	supporting_context_not_core_executor	1.2513219060294776	shared_positive_both_screens	2.293890865954923			True	True	True	10381	22152	HGNC:20772	MGI:107813	True	same_symbol
ZNF292	ZNF292	ZNF292	Zfp292	51621040	True	False	False	True	True	True	False	True	0.9460304822565969	0.6637414095135427	1.0	0.40647658610271903	0.125	0.3125	0.5	0.25	0.4439880507841673	0.33266157067932434	0.3472709862751356	0.7875008250324005	0.5	0.5	0.5	0.5	0.25	-0.5	0.5	0.5	3.0	4.0	1.0	2.0	6.0	4.0	1.0	47.0	1.0	0.75	1.0	1.0	3	2	4	2.0	0.33266157067932434	False	True	False	False	False	False	supported_shared_full_matrix_only	9.332661570679324	False	unclassified_shared_neuronal_or_context	not_prioritized	1.0868177465687838	False	unclassified_shared_neuronal_or_context	not_prioritized	0.5868177465687839	screen_specific_or_low_priority	1.6736354931375677			True	False	False	23036	30046	HGNC:18410	MGI:1353423	False	nonidentical_symbol
ST7	ST7	ST7	St7	51628809	True	False	True	False	True	True	True	False	0.9460304822565969	0.6637414095135427	0.8891423357664233	0.40647658610271903	0.125	0.3125	0.125	0.34375	0.3081201334816463	0.346775200899363	0.3081201334816463	0.4224260831835368	0.5	0.5	0.5	0.5	0.25	-0.5	0.25	-0.5	3.0	4.0	3.0	6.0	6.0	4.0	6.0	51.0	1.0	0.75	1.0	0.6666666666666666	3	2	4	2.0	0.3081201334816463	False	True	False	False	False	False	supported_shared_full_matrix_only	9.308120133481646	False	unclassified_shared_neuronal_or_context	exploratory_context	2.0878065632750236	False	unclassified_shared_neuronal_or_context	exploratory_context	1.0878065632750231	shared_positive_both_screens	3.1756131265500467			True	True	True	7982	64213	HGNC:11351	MGI:1927450	True	same_symbol
DCX	DCX	DCX	Dcx	51625621	True	False	True	False	True	True	True	False	0.9460304822565969	0.6637414095135427	0.8891423357664233	0.40647658610271903	0.125	0.3125	0.125	0.34375	0.7318923850065062	0.3545359994172179	0.7318923850065062	0.30663937064037927	0.5	0.5	0.5	0.5	0.5	-0.5	0.5	-0.5	3.0	4.0	3.0	6.0	6.0	4.0	6.0	51.0	1.0	0.75	1.0	0.6666666666666666	3	2	4	2.0	0.30663937064037927	False	True	False	False	False	False	supported_shared_full_matrix_only	9.30663937064038	True	broad_neuronal_state	branch_specific_cerebellar_context	0.7588868101028999	True	broad_neuronal_state	supporting_context_not_core_executor	1.2545592237731211	screen_specific_or_low_priority	0.7588868101028999			True	True	True	1641	13193	HGNC:2714	MGI:1277171	True	same_symbol
FGF13	FGF13	FGF13	Fgf13	51620552	True	False	True	False	True	True	True	False	0.9460304822565969	0.6637414095135427	0.8891423357664233	0.40647658610271903	0.125	0.3125	0.125	0.34375	0.3047830923248053	0.5645744418104535	0.3047830923248053	0.5560562251063683	0.5	0.5	0.5	0.5	0.5	-0.5	0.5	-0.5	3.0	4.0	3.0	6.0	6.0	4.0	6.0	51.0	1.0	0.75	1.0	0.6666666666666666	3	2	4	2.0	0.3047830923248053	False	True	False	False	False	False	supported_shared_full_matrix_only	9.304783092324806	False	unclassified_shared_neuronal_or_context	exploratory_context	2.080785206425327	False	unclassified_shared_neuronal_or_context	exploratory_context	1.080785206425327	shared_positive_both_screens	3.1615704128506543			True	True	True	2258	14168	HGNC:3670	MGI:109178	True	same_symbol
OXR1	OXR1	OXR1	Oxr1	51619553	True	False	True	False	True	True	True	False	0.9460304822565969	0.6637414095135427	0.8891423357664233	0.40647658610271903	0.125	0.3125	0.125	0.34375	0.2895810159436411	0.37658047771717257	0.2895810159436411	0.5849254595455203	0.5	0.5	0.5	0.5	0.25	-0.5	0.25	-0.5	3.0	4.0	3.0	6.0	6.0	4.0	6.0	51.0	1.0	0.75	1.0	0.6666666666666666	3	2	4	2.0	0.2895810159436411	False	True	False	False	False	False	supported_shared_full_matrix_only	9.289581015943641	False	unclassified_shared_neuronal_or_context	exploratory_context	2.0809262533138004	False	unclassified_shared_neuronal_or_context	exploratory_context	1.0809262533138004	shared_positive_both_screens	3.161852506627601			True	True	True	55074	170719	HGNC:15822	MGI:2179326	True	same_symbol
USP47	USP47	USP47	Usp47	51629247	True	False	True	False	True	True	True	False	0.9460304822565969	0.6637414095135427	0.8891423357664233	0.40647658610271903	0.125	0.3125	0.125	0.34375	0.2749361634216406	0.33060262869356427	0.2749361634216406	0.48369879866840354	0.5	0.5	0.5	0.5	0.25	-0.5	0.25	-0.5	3.0	4.0	3.0	6.0	6.0	4.0	6.0	51.0	1.0	0.75	1.0	0.6666666666666666	3	2	4	2.0	0.2749361634216406	False	True	False	False	False	False	supported_shared_full_matrix_only	9.274936163421641	False	unclassified_shared_neuronal_or_context	exploratory_context	2.072551458468051	False	unclassified_shared_neuronal_or_context	exploratory_context	1.0725514584680509	shared_positive_both_screens	3.1451029169361018			True	True	True	55031	74996	HGNC:20076	MGI:1922246	True	same_symbol
SREBF2	SREBF2	SREBF2	Srebf2	51629076	True	False	True	False	True	True	True	False	0.9460304822565969	0.6637414095135427	0.8891423357664233	0.40647658610271903	0.125	0.3125	0.125	0.34375	0.385362210604929	0.2745347045842528	0.385362210604929	0.3973766929256083	0.5	0.5	0.5	0.5	0.25	-0.5	0.25	-0.5	3.0	4.0	3.0	6.0	6.0	4.0	6.0	51.0	1.0	0.75	1.0	0.6666666666666666	3	2	4	2.0	0.2745347045842528	False	True	False	False	False	False	supported_shared_full_matrix_only	9.274534704584253	False	unclassified_shared_neuronal_or_context	exploratory_context	2.1002836288712454	False	unclassified_shared_neuronal_or_context	exploratory_context	1.1002836288712454	shared_positive_both_screens	3.200567257742491			True	True	True	6721	20788	HGNC:11290	MGI:107585	True	same_symbol
KCNMB4	KCNMB4	KCNMB4	Kcnmb4	51633330	True	False	True	False	True	True	True	False	0.9460304822565969	0.6637414095135427	0.8891423357664233	0.40647658610271903	0.125	0.3125	0.125	0.34375	0.2717834631071561	0.3580836589955131	0.2717834631071561	0.4971850809289232	0.5	0.5	0.5	0.5	0.5	-0.5	0.5	-0.5	3.0	4.0	3.0	6.0	6.0	4.0	6.0	51.0	1.0	0.75	1.0	0.6666666666666666	3	2	4	2.0	0.2717834631071561	False	True	False	False	False	False	supported_shared_full_matrix_only	9.271783463107155	False	synaptic_wiring	mechanism_figure_candidate	2.402621852310178	False	synaptic_wiring	mechanism_followup_candidate	1.5692885189768444	selected_figure_genome_followup	3.9719103712870223			True	True	True	27345	58802	HGNC:6289	MGI:1913272	True	same_symbol
TBL1XR1	TBL1XR1	TBL1XR1	Tbl1xr1	51620216	True	False	True	False	True	True	True	False	0.9460304822565969	0.6637414095135427	0.8891423357664233	0.40647658610271903	0.125	0.3125	0.125	0.34375	0.2631662942866262	0.40782917655549544	0.2631662942866262	0.47289766970618036	0.5	0.5	0.5	0.5	0.25	-0.5	0.25	-0.5	3.0	4.0	3.0	6.0	6.0	4.0	6.0	51.0	1.0	0.75	1.0	0.6666666666666666	3	2	4	2.0	0.2631662942866262	False	True	False	False	False	False	supported_shared_full_matrix_only	9.263166294286627	False	unclassified_shared_neuronal_or_context	exploratory_context	2.0707800327032153	False	unclassified_shared_neuronal_or_context	exploratory_context	1.070780032703215	shared_positive_both_screens	3.14156006540643			True	True	True	79718	81004	HGNC:29529	MGI:2441730	True	same_symbol
ERC1	ERC1	ERC1	Erc1	51622891	True	False	True	False	True	True	True	False	0.9460304822565969	0.6637414095135427	0.8891423357664233	0.40647658610271903	0.125	0.3125	0.125	0.34375	0.2307692307692307	0.5093537414965986	0.2307692307692307	0.7344353811125268	0.5	0.5	0.5	0.5	0.5	-0.5	0.5	-0.5	3.0	4.0	3.0	6.0	6.0	4.0	6.0	51.0	1.0	0.75	1.0	0.6666666666666666	3	2	4	2.0	0.2307692307692307	False	True	False	False	False	False	supported_shared_full_matrix_only	9.23076923076923	False	unclassified_shared_neuronal_or_context	exploratory_context	2.073814933865366	False	unclassified_shared_neuronal_or_context	exploratory_context	1.0738149338653662	shared_positive_both_screens	3.147629867730732			True	True	True	23085	111173	HGNC:17072	MGI:2151013	True	same_symbol
DCC	DCC	DCC	Dcc	51626817	True	False	True	False	True	True	True	False	0.9460304822565969	0.6637414095135427	0.8891423357664233	0.40647658610271903	0.125	0.3125	0.125	0.34375	0.2162061239731142	0.32418009465517483	0.2162061239731142	0.3869771312780431	0.5	0.5	0.5	0.5	0.5	-0.5	0.5	-0.5	3.0	4.0	3.0	6.0	6.0	4.0	6.0	51.0	1.0	0.75	1.0	0.6666666666666666	3	2	4	2.0	0.2162061239731142	False	True	False	False	False	False	supported_shared_full_matrix_only	9.216206123973114	False	axon_guidance_adhesion	mechanism_figure_candidate	2.5554239403285317	False	axon_guidance_adhesion	mechanism_followup_candidate	1.5554239403285317	selected_figure_genome_followup	4.110847880657063			True	True	True	1630	13176	HGNC:2701	MGI:94869	True	same_symbol
COPG2	COPG2	COPG2	Copg2	51617390	True	False	True	False	True	True	True	False	0.9460304822565969	0.6637414095135427	0.8891423357664233	0.40647658610271903	0.125	0.3125	0.125	0.34375	0.2311426437640029	0.205366189028803	0.2311426437640029	0.2408863203109651	0.5	0.5	0.5	0.5	0.5	-0.5	0.5	-0.5	3.0	4.0	3.0	6.0	6.0	4.0	6.0	51.0	1.0	0.75	1.0	0.6666666666666666	3	2	4	2.0	0.205366189028803	False	True	False	False	False	False	supported_shared_full_matrix_only	9.205366189028803	False	unclassified_shared_neuronal_or_context	exploratory_context	2.065442561205274	False	unclassified_shared_neuronal_or_context	exploratory_context	1.0581896349859794	shared_positive_both_screens	3.123632196191253			True	True	True	26958	54160	HGNC:2237	MGI:1858683	True	same_symbol
SSH2	SSH2	SSH2	Ssh2	51626840	True	False	True	False	True	True	True	False	0.9460304822565969	0.6637414095135427	0.8891423357664233	0.40647658610271903	0.125	0.3125	0.125	0.34375	0.200222469410456	0.32817701548704586	0.200222469410456	0.6117152971874072	0.5	0.5	0.5	0.5	0.5	-0.5	0.5	-0.5	3.0	4.0	3.0	6.0	6.0	4.0	6.0	51.0	1.0	0.75	1.0	0.6666666666666666	3	2	4	2.0	0.200222469410456	False	True	False	False	False	False	supported_shared_full_matrix_only	9.200222469410456	False	unclassified_shared_neuronal_or_context	exploratory_context	2.051925022893406	False	unclassified_shared_neuronal_or_context	exploratory_context	1.051925022893406	shared_positive_both_screens	3.103850045786812			True	True	True	85464	237860	HGNC:30580	MGI:2679255	True	same_symbol
PTPRG	PTPRG	PTPRG	Ptprg	51631273	True	False	True	False	True	True	True	False	0.9460304822565969	0.6637414095135427	0.8891423357664233	0.40647658610271903	0.125	0.3125	0.125	0.34375	0.1810758885686839	0.30011182555213867	0.1810758885686839	0.3858011289622232	0.5	0.5	0.5	0.5	0.5	-0.5	0.5	-0.5	3.0	4.0	3.0	6.0	6.0	4.0	6.0	51.0	1.0	0.75	1.0	0.6666666666666666	3	2	4	2.0	0.1810758885686839	False	True	False	False	False	False	supported_shared_full_matrix_only	9.181075888568683	False	unclassified_shared_neuronal_or_context	exploratory_context	2.045599385249577	False	unclassified_shared_neuronal_or_context	exploratory_context	1.0455993852495769	shared_positive_both_screens	3.0911987704991537			True	True	True	5793	19270	HGNC:9671	MGI:97814	True	same_symbol
AMPH	AMPH	AMPH	Amph	51628100	True	False	True	False	True	True	True	False	0.9460304822565969	0.6637414095135427	0.8891423357664233	0.40647658610271903	0.125	0.3125	0.125	0.34375	0.1798294401186503	0.49579117569499387	0.1798294401186503	0.6062401528237127	0.5	0.5	0.5	0.5	0.5	-0.5	0.5	-0.5	3.0	4.0	3.0	6.0	6.0	4.0	6.0	51.0	1.0	0.75	1.0	0.6666666666666666	3	2	4	2.0	0.1798294401186503	False	True	False	False	False	False	supported_shared_full_matrix_only	9.17982944011865	False	unclassified_shared_neuronal_or_context	exploratory_context	2.050576662723765	False	unclassified_shared_neuronal_or_context	exploratory_context	1.050576662723765	shared_positive_both_screens	3.1011533254475303			True	True	True	273	218038	HGNC:471	MGI:103574	True	same_symbol
FBXL20	FBXL20	FBXL20	Fbxl20	51625692	True	False	True	False	True	True	True	False	0.9460304822565969	0.6637414095135427	0.8891423357664233	0.40647658610271903	0.125	0.3125	0.125	0.34375	0.1556195965417867	0.23637770468140615	0.1556195965417867	0.25506709533128313	0.5	0.5	0.5	0.5	0.25	-0.5	0.25	-0.5	3.0	4.0	3.0	6.0	6.0	4.0	6.0	51.0	1.0	0.75	1.0	0.6666666666666666	3	2	4	2.0	0.1556195965417867	False	True	False	False	False	False	supported_shared_full_matrix_only	9.155619596541786	False	unclassified_shared_neuronal_or_context	exploratory_context	2.0423239954975214	False	unclassified_shared_neuronal_or_context	exploratory_context	1.0423239954975216	shared_positive_both_screens	3.084647990995043			True	True	True	84961	72194	HGNC:24679	MGI:1919444	True	same_symbol
RNF220	RNF220	RNF220	Rnf220	51625235	True	False	True	False	True	True	True	False	0.9460304822565969	0.6637414095135427	0.8891423357664233	0.40647658610271903	0.125	0.3125	0.125	0.34375	0.1535269709543568	0.24379259135889855	0.1535269709543568	0.3178280617951891	0.5	0.5	0.5	0.5	0.25	-0.5	0.25	-0.5	3.0	4.0	3.0	6.0	6.0	4.0	6.0	51.0	1.0	0.75	1.0	0.6666666666666666	3	2	4	2.0	0.1535269709543568	False	True	False	False	False	False	supported_shared_full_matrix_only	9.153526970954356	False	unclassified_shared_neuronal_or_context	branch_specific_cerebellar_context	0.5746745090200982	False	unclassified_shared_neuronal_or_context	exploratory_context	1.0655439615329725	screen_specific_or_low_priority	1.640218470553071			True	True	True	55182	66743	HGNC:25552	MGI:1913993	True	same_symbol
ST8SIA3	ST8SIA3	ST8SIA3	St8sia3	51630769	True	False	True	False	True	True	True	False	0.9460304822565969	0.6637414095135427	0.8891423357664233	0.40647658610271903	0.125	0.3125	0.125	0.34375	0.148695542757177	0.5625841417884554	0.148695542757177	0.5625841417884554	0.5	0.5	0.5	0.5	0.5	-0.5	0.5	-0.5	3.0	4.0	3.0	6.0	6.0	4.0	6.0	51.0	1.0	0.75	1.0	0.6666666666666666	3	2	4	2.0	0.148695542757177	False	True	False	False	False	False	supported_shared_full_matrix_only	9.148695542757178	False	unclassified_shared_neuronal_or_context	exploratory_context	2.043913183803528	False	unclassified_shared_neuronal_or_context	exploratory_context	1.043913183803528	shared_positive_both_screens	3.0878263676070556			True	True	True	51046	20451	HGNC:14269	MGI:106019	True	same_symbol
HIVEP2	HIVEP2	HIVEP2	Hivep2	51621652	True	False	True	False	True	True	True	False	0.9460304822565969	0.6637414095135427	0.8891423357664233	0.40647658610271903	0.125	0.3125	0.125	0.34375	0.1457174638487208	0.6132635216721489	0.1457174638487208	0.6955601389491967	0.5	0.5	0.5	0.5	0.5	-0.5	0.5	-0.5	3.0	4.0	3.0	6.0	6.0	4.0	6.0	51.0	1.0	0.75	1.0	0.6666666666666666	3	2	4	2.0	0.1457174638487208	False	True	False	False	False	False	supported_shared_full_matrix_only	9.14571746384872	False	unclassified_shared_neuronal_or_context	exploratory_context	2.036826594604529	False	unclassified_shared_neuronal_or_context	exploratory_context	1.0368265946045292	shared_positive_both_screens	3.0736531892090584			True	True	True	3097	15273	HGNC:4921	MGI:1338076	True	same_symbol
ZNF827	ZNF827	ZNF827	Zfp827	51625126	True	False	False	True	True	True	False	True	0.9460304822565969	0.6637414095135427	1.0	0.40647658610271903	0.125	0.3125	0.5	0.25	0.13776731567188	0.2788572875958894	0.13776731567188	0.5870741719962693	0.5	0.5	0.5	0.5	0.5	-0.5	0.5	0.5	3.0	4.0	1.0	2.0	6.0	4.0	1.0	47.0	1.0	0.75	1.0	1.0	3	2	4	2.0	0.13776731567188	False	True	False	False	False	False	supported_shared_full_matrix_only	9.13776731567188	False	unclassified_shared_neuronal_or_context	not_prioritized	1.03444182891797	False	unclassified_shared_neuronal_or_context	not_prioritized	0.53444182891797	screen_specific_or_low_priority	1.56888365783594			True	False	False	152485	622675	HGNC:27193	MGI:2444807	False	nonidentical_symbol
ETV1	ETV1	ETV1	Etv1	51618934	True	False	True	False	True	True	True	False	0.9460304822565969	0.6637414095135427	0.8891423357664233	0.40647658610271903	0.125	0.3125	0.125	0.34375	0.1263166294286626	0.16186798240135455	0.1263166294286626	0.18959951138644093	0.5	0.5	0.5	0.5	0.5	-0.5	0.5	-0.5	3.0	4.0	3.0	6.0	6.0	4.0	6.0	51.0	1.0	0.75	1.0	0.6666666666666666	3	2	4	2.0	0.1263166294286626	False	True	False	False	False	False	supported_shared_full_matrix_only	9.126316629428663	True	regional_identity_or_specificity_warning	specificity_warning_or_branch_context	1.6140724797352592	True	regional_identity_or_specificity_warning	specificity_warning_or_branch_context	0.7807391464019258	shared_positive_both_screens	1.6140724797352592			True	True	True	2115	14009	HGNC:3490	MGI:99254	True	same_symbol
STK39	STK39	STK39	Stk39	51630463	True	False	True	False	True	True	True	False	0.9460304822565969	0.6637414095135427	0.8891423357664233	0.40647658610271903	0.125	0.3125	0.125	0.34375	0.2471994025392083	0.1185001397819401	0.2471994025392083	0.15503328991170928	0.5	0.5	0.5	0.5	0.5	-0.5	0.5	-0.5	3.0	4.0	3.0	6.0	6.0	4.0	6.0	51.0	1.0	0.75	1.0	0.6666666666666666	3	2	4	2.0	0.1185001397819401	False	True	False	False	False	False	supported_shared_full_matrix_only	9.11850013978194	False	unclassified_shared_neuronal_or_context	exploratory_context	2.0633807130215316	False	unclassified_shared_neuronal_or_context	exploratory_context	1.0633807130215316	shared_positive_both_screens	3.126761426043063			True	True	True	27347	53416	HGNC:17717	MGI:1858416	True	same_symbol
CDK19	CDK19	CDK19	Cdk19	51617584	True	False	True	False	True	True	True	False	0.9460304822565969	0.6637414095135427	0.8891423357664233	0.40647658610271903	0.125	0.3125	0.125	0.34375	0.2232109751575825	0.11225138382414895	0.2232109751575825	0.15239829365190985	0.5	0.5	0.5	0.5	0.25	-0.5	0.25	-0.5	3.0	4.0	3.0	6.0	6.0	4.0	6.0	51.0	1.0	0.75	1.0	0.6666666666666666	3	2	4	2.0	0.11225138382414895	False	True	False	False	False	False	supported_shared_full_matrix_only	9.112251383824148	False	unclassified_shared_neuronal_or_context	exploratory_context	1.8923946475911435	False	unclassified_shared_neuronal_or_context	exploratory_context	1.0590613142578102	shared_positive_both_screens	2.9514559618489535			True	True	True	23097	78334	HGNC:19338	MGI:1925584	True	same_symbol
SV2B	SV2B	SV2B	Sv2b	51626863	True	False	True	False	True	True	True	False	0.9460304822565969	0.6637414095135427	0.8891423357664233	0.40647658610271903	0.125	0.3125	0.125	0.34375	0.328513162773452	0.09629290363770106	0.328513162773452	0.29593645969025906	0.5	0.5	0.5	0.5	0.5	-0.5	0.5	-0.5	3.0	4.0	3.0	6.0	6.0	4.0	6.0	51.0	1.0	0.75	1.0	0.6666666666666666	3	2	4	2.0	0.09629290363770106	False	True	False	False	False	False	supported_shared_full_matrix_only	9.096292903637702	False	unclassified_shared_neuronal_or_context	exploratory_context	2.0914363835791505	False	unclassified_shared_neuronal_or_context	exploratory_context	1.0914363835791503	shared_positive_both_screens	3.182872767158301			True	True	True	9899	64176	HGNC:16874	MGI:1927338	True	same_symbol
RIMS2	RIMS2	RIMS2	Rims2	51624096	True	False	True	False	True	True	True	False	0.9460304822565969	0.6637414095135427	0.8891423357664233	0.40647658610271903	0.125	0.3125	0.125	0.34375	0.0675869773380146	0.1464865164952603	0.0675869773380146	0.19118179186568246	0.5	0.5	0.5	0.5	0.25	-0.5	0.25	-0.5	3.0	4.0	3.0	6.0	6.0	4.0	6.0	51.0	1.0	0.75	1.0	0.6666666666666666	3	2	4	2.0	0.0675869773380146	False	True	False	False	False	False	supported_shared_full_matrix_only	9.067586977338015	False	unclassified_shared_neuronal_or_context	exploratory_context	2.0237581704381453	False	unclassified_shared_neuronal_or_context	exploratory_context	1.023758170438145	shared_positive_both_screens	3.04751634087629			True	True	True	9699	116838	HGNC:17283	MGI:2152972	True	same_symbol
MAP3K13	MAP3K13	MAP3K13	Map3k13	51625425	True	False	True	False	True	True	True	False	0.9460304822565969	0.6637414095135427	0.8891423357664233	0.40647658610271903	0.125	0.3125	0.125	0.34375	0.3633236152151035	0.0654119998334513	0.3633236152151035	0.12527956388034667	0.5	0.5	0.5	0.5	0.5	-0.5	0.5	-0.5	3.0	4.0	3.0	6.0	6.0	4.0	6.0	51.0	1.0	0.75	1.0	0.6666666666666666	3	2	4	2.0	0.0654119998334513	False	True	False	False	False	False	supported_shared_full_matrix_only	9.06541199983345	False	cytoskeleton_morphogenesis	mechanism_figure_candidate	2.5455722061432327	False	cytoskeleton_morphogenesis	mechanism_followup_candidate	1.5455722061432329	selected_figure_genome_followup	4.091144412286465			True	True	True	9175	71751	HGNC:6852	MGI:2444243	True	same_symbol
KIAA1328	KIAA1328	KIAA1328	AW554918	51620665	True	False	False	True	True	True	False	True	0.9460304822565969	0.6637414095135427	1.0	0.40647658610271903	0.125	0.3125	0.5	0.25	0.0673874880306415	0.05844124300842455	0.0673874880306415	0.6127689251784361	0.5	0.5	0.5	0.5	0.5	-0.5	0.5	0.5	3.0	4.0	1.0	2.0	6.0	4.0	1.0	47.0	1.0	0.75	1.0	1.0	3	2	4	2.0	0.05844124300842455	False	True	False	False	False	False	supported_shared_full_matrix_only	9.058441243008424	False	unclassified_shared_neuronal_or_context	not_prioritized	1.0168468720076604	False	unclassified_shared_neuronal_or_context	not_prioritized	0.5168468720076603	screen_specific_or_low_priority	1.5336937440153209			True	False	False	57536	225289	HGNC:29248	MGI:2147376	False	nonidentical_symbol
MTR	MTR	MTR	Mtr	51617329	True	False	True	False	True	True	True	False	0.9460304822565969	0.6637414095135427	0.8891423357664233	0.40647658610271903	0.125	0.3125	0.125	0.34375	0.0417331631024577	0.0406899279676895	0.0417331631024577	0.07499301090299129	0.5	0.5	0.5	0.5	0.25	-0.5	0.25	-0.5	3.0	4.0	3.0	6.0	6.0	4.0	6.0	51.0	1.0	0.75	1.0	0.6666666666666666	3	2	4	2.0	0.0406899279676895	False	True	False	False	False	False	supported_shared_full_matrix_only	9.040689927967689	False	unclassified_shared_neuronal_or_context	exploratory_context	2.0088189508633114	False	unclassified_shared_neuronal_or_context	not_prioritized	1.0088189508633114	screen_specific_or_low_priority	3.017637901726623			True	True	True	4548	238505	HGNC:7468	MGI:894292	True	same_symbol
SLC17A6	SLC17A6	SLC17A6	Slc17a6	51616516	True	False	True	False	True	True	True	False	0.9460304822565969	0.6637414095135427	0.8891423357664233	0.40647658610271903	0.125	0.3125	0.125	0.34375	0.2285287528005974	0.10872137131844455	0.2285287528005974	0.039282715066362446	0.5	0.5	0.5	0.5	0.5	-0.5	0.5	-0.5	3.0	4.0	3.0	6.0	6.0	4.0	6.0	51.0	1.0	0.75	1.0	0.6666666666666666	3	2	4	2.0	0.039282715066362446	False	True	False	False	False	False	supported_shared_full_matrix_only	9.039282715066362	False	synaptic_wiring	mechanism_figure_candidate	2.3351274690725172	False	synaptic_wiring	mechanism_followup_candidate	1.5018876403521717	selected_figure_genome_followup	3.837015109424689			True	True	True	57084	140919	HGNC:16703	MGI:2156052	True	same_symbol
CADPS2	CADPS2	CADPS2	Cadps2	51617899	True	False	True	False	True	True	True	False	0.9460304822565969	0.6637414095135427	0.8891423357664233	0.7130934203220433	0.125	0.3125	0.125	0.65625	0.5372636262513905	0.1737588652482269	0.5372636262513905	0.1737588652482269	0.5	0.5	0.5	0.25	0.5	-0.5	0.5	-0.5	3.0	4.0	3.0	6.0	6.0	4.0	6.0	51.0	1.0	0.75	1.0	0.5	3	2	4	1.75	0.1737588652482269	False	True	False	False	False	False	supported_shared_full_matrix_only	8.923758865248226	False	unclassified_shared_neuronal_or_context	branch_specific_cerebellar_context	0.5308422301304864	False	unclassified_shared_neuronal_or_context	exploratory_context	1.0179789814845206	screen_specific_or_low_priority	1.548821211615007			True	True	True	93664	320405	HGNC:16018	MGI:2443963	True	same_symbol
ADARB2	ADARB2	ADARB2	Adarb2	51626194	True	False	True	False	True	True	True	False	0.9460304822565969	0.6637414095135427	0.8891423357664233	0.7130934203220433	0.125	0.3125	0.125	0.65625	0.0360230547550432	0.19060283687943255	0.0360230547550432	0.19060283687943255	0.5	0.5	0.5	0.25	0.5	-0.5	0.5	-0.5	3.0	4.0	3.0	6.0	6.0	4.0	6.0	51.0	1.0	0.75	1.0	0.5	3	2	4	1.75	0.0360230547550432	False	True	False	False	False	False	supported_shared_full_matrix_only	8.786023054755043	False	unclassified_shared_neuronal_or_context	branch_specific_cerebellar_context	0.5097306637711915	False	unclassified_shared_neuronal_or_context	not_prioritized	1.0097306637711914	screen_specific_or_low_priority	1.5194613275423827			True	True	True	105	94191	HGNC:227	MGI:2151118	True	same_symbol
ZNF536	ZNF536	ZNF536	Zfp536	51624606	True	True	False	False	True	True	False	False	0.9460304822565969	0.6637414095135427	1.0	0.7950975081256771	0.125	0.0625	0.5	0.75	0.3926585094549499	0.2176340370015683	0.2314075965528247	0.6921361131885787	0.5	0.5	0.5	0.25	0.5	0.5	0.5	0.0	3.0	4.0	1.0	2.0	6.0	4.0	1.0	47.0	1.0	1.0	1.0	0.5	2	2	4	1.75	0.2176340370015683	False	True	False	True	False	False	strict_shared_full_matrix_only	7.967634037001568	False	unclassified_shared_neuronal_or_context	not_prioritized	0.8911852324715396	False	unclassified_shared_neuronal_or_context	not_prioritized	0.5578518991382062	screen_specific_or_low_priority	1.449037131609746			True	False	False	9745	243937	HGNC:29025	MGI:1926102	False	nonidentical_symbol
TMEM178A	TMEM178A	TMEM178A	Tmem178	51627046	True	True	False	False	True	True	False	False	0.9460304822565969	0.6637414095135427	1.0	0.7950975081256771	0.125	0.0625	0.5	0.75	0.4946236559139785	0.4172946940361688	0.1379269071177785	0.5710059972345605	0.5	0.5	0.5	0.25	0.5	0.5	0.5	0.0	3.0	4.0	1.0	2.0	6.0	4.0	1.0	47.0	1.0	1.0	1.0	0.5	2	2	4	1.75	0.1379269071177785	False	True	False	True	False	False	strict_shared_full_matrix_only	7.887926907117778	False	unclassified_shared_neuronal_or_context	not_prioritized	1.0344817267794446	False	unclassified_shared_neuronal_or_context	not_prioritized	0.5344817267794446	screen_specific_or_low_priority	1.5689634535588892			True	False	False	130733	68027	HGNC:28517	MGI:1915277	False	nonidentical_symbol
TAGLN3	TAGLN3	TAGLN3	Tagln3	51620328	True	True	False	False	True	True	False	False	0.9460304822565969	0.6637414095135427			0.125	0.0625			0.7352377912543888	0.8066383374388766			0.5	0.5			0.25	0.5			3.0	4.0			6.0	4.0			1.0	1.0			2	2	2	1.0	0.7352377912543888	False	True	False	True	False	False	strict_shared_full_matrix_only	7.735237791254389					False	unclassified_shared_neuronal_or_context	exploratory_context	2.1118950201537134	shared_positive_both_screens	2.1118950201537134			True	True	True	29114	56370	HGNC:29868	MGI:1926784	True	same_symbol
MIR124-1HG	MIR124-1HG	MIR124-1HG	Mir124a-1hg	51633788	True	True	False	False	True	True	False	False	1.0	0.6637414095135427			0.25	0.25			0.5794159658921558	0.5921976082205485			0.5	0.5			0.5	0.5			2.0	2.0			5.0	2.0			1.0	1.0			2	2	2	1.0	0.5794159658921558	False	True	False	True	False	False	strict_shared_full_matrix_only	7.579415965892156													True	False	False	157627	268755	HGNC:27231	MGI:2442197	False	nonidentical_symbol
CALD1	CALD1	CALD1	Cald1	51616709	True	True	False	False	True	True	False	False	0.9460304822565969	0.6637414095135427			0.125	0.0625			0.6016198531758697	0.4956318143695834			0.5	0.5			0.5	0.5			3.0	4.0			6.0	4.0			1.0	1.0			2	2	2	1.0	0.4956318143695834	False	True	False	True	False	False	strict_shared_full_matrix_only	7.495631814369584					False	unclassified_shared_neuronal_or_context	exploratory_context	2.0868860098775386	shared_positive_both_screens	2.0868860098775386			True	True	True	800	109624	HGNC:1441	MGI:88250	True	same_symbol
BCL7A	BCL7A	BCL7A	Bcl7a	51617213	True	True	False	False	True	True	False	False	0.9460304822565969	0.6637414095135427			0.125	0.0625			0.459144589849984	0.5005169949063858			0.5	0.5			0.5	0.5			3.0	4.0			6.0	4.0			1.0	1.0			2	2	2	1.0	0.459144589849984	False	True	False	True	False	False	strict_shared_full_matrix_only	7.459144589849984					False	regulatory_morphogenesis_candidate	mechanism_figure_candidate	2.561118245302275	shared_positive_both_screens	2.561118245302275			True	True	True	605	77045	HGNC:1004	MGI:1924295	True	same_symbol
PPP1CB	PPP1CB	PPP1CB	Ppp1cb	51622043	True	True	False	False	True	True	False	False	0.9460304822565969	0.6637414095135427			0.125	0.0625			0.4303033916850813	0.8093663676817235			0.5	0.5			0.5	0.5			3.0	4.0			6.0	4.0			1.0	1.0			2	2	2	1.0	0.4303033916850813	False	True	False	True	False	False	strict_shared_full_matrix_only	7.430303391685081					False	unclassified_shared_neuronal_or_context	exploratory_context	2.1239080293937516	shared_positive_both_screens	2.1239080293937516			True	True	True	5500	19046	HGNC:9282	MGI:104871	True	same_symbol
SLC39A6	SLC39A6	SLC39A6	Slc39a6	51622994	True	True	False	False	True	True	False	False	0.9460304822565969	0.6637414095135427			0.125	0.0625			0.4298994573890839	0.5472927782519237			0.5	0.5			0.5	0.5			3.0	4.0			6.0	4.0			1.0	1.0			2	2	2	1.0	0.4298994573890839	False	True	False	True	False	False	strict_shared_full_matrix_only	7.429899457389084					False	unclassified_shared_neuronal_or_context	exploratory_context	2.0505380699664952	shared_positive_both_screens	2.0505380699664952			True	True	True	25800	106957	HGNC:18607	MGI:2147279	True	same_symbol
LRPAP1	LRPAP1	LRPAP1	Lrpap1	51627948	True	True	False	False	True	True	False	False	0.9460304822565969	0.6637414095135427			0.125	0.0625			0.4287574056732557	0.8293778018348115			0.5	0.5			0.5	0.5			3.0	4.0			6.0	4.0			1.0	1.0			2	2	2	1.0	0.4287574056732557	False	True	False	True	False	False	strict_shared_full_matrix_only	7.428757405673256					False	unclassified_shared_neuronal_or_context	exploratory_context	2.0801511656716656	shared_positive_both_screens	2.0801511656716656			True	True	True	4043	16976	HGNC:6701	MGI:96829	True	same_symbol
NAPA	NAPA	NAPA	Napa	51616110	True	True	False	False	True	True	False	False	0.9460304822565969	0.6637414095135427			0.125	0.0625			0.4175710181934248	0.8011894352611345			0.5	0.5			0.25	0.5			3.0	4.0			6.0	4.0			1.0	1.0			2	2	2	1.0	0.4175710181934248	False	True	False	True	False	False	strict_shared_full_matrix_only	7.417571018193425					False	unclassified_shared_neuronal_or_context	exploratory_context	2.119491657406673	shared_positive_both_screens	2.119491657406673			True	True	True	8775	108124	HGNC:7641	MGI:104563	True	same_symbol
TMEM132A	TMEM132A	TMEM132A	Tmem132a	51630466	True	True	False	False	True	True	False	False	0.9460304822565969	0.6637414095135427			0.125	0.0625			0.3614425149322459	0.40778753938182677			0.5	0.5			0.5	0.5			3.0	4.0			6.0	4.0			1.0	1.0			2	2	2	1.0	0.3614425149322459	False	True	False	True	False	False	strict_shared_full_matrix_only	7.3614425149322456					False	unclassified_shared_neuronal_or_context	exploratory_context	2.070312381089286	shared_positive_both_screens	2.070312381089286			True	True	True	54972	98170	HGNC:31092	MGI:2147810	True	same_symbol
KPNA4	KPNA4	KPNA4	Kpna4	51627433	True	True	False	False	True	True	False	False	0.9460304822565969	0.6637414095135427			0.125	0.0625			0.3611420096403411	0.35337964973223335			0.5	0.5			0.25	0.5			3.0	4.0			6.0	4.0			1.0	1.0			2	2	2	1.0	0.35337964973223335	False	True	False	True	False	False	strict_shared_full_matrix_only	7.353379649732234					False	unclassified_shared_neuronal_or_context	exploratory_context	2.0904898252103794	shared_positive_both_screens	2.0904898252103794			True	True	True	3840	16649	HGNC:6397	MGI:1100848	True	same_symbol
ARHGEF2	ARHGEF2	ARHGEF2	Arhgef2	51616241	True	True	False	False	True	True	False	False	0.9460304822565969	0.6637414095135427			0.125	0.0625			0.3492259814873922	0.7003788982803847			0.5	0.5			0.5	0.5			3.0	4.0			6.0	4.0			1.0	1.0			2	2	2	1.0	0.3492259814873922	False	True	False	True	False	False	strict_shared_full_matrix_only	7.349225981487392					False	unclassified_shared_neuronal_or_context	exploratory_context	2.068328864098154	shared_positive_both_screens	2.068328864098154			True	True	True	9181	16800	HGNC:682	MGI:103264	True	same_symbol
BHLHE22	BHLHE22	BHLHE22	Bhlhe22	51616472	True	True	False	False	True	True	False	False	0.9460304822565969	0.6637414095135427			0.125	0.0625			0.337655601659751	0.6245571451401674			0.5	0.5			0.5	0.5			3.0	4.0			6.0	4.0			1.0	1.0			2	2	2	1.0	0.337655601659751	False	True	False	True	False	False	strict_shared_full_matrix_only	7.337655601659751					False	unclassified_shared_neuronal_or_context	exploratory_context	2.0569653209008703	shared_positive_both_screens	2.0569653209008703			True	True	True	27319	59058	HGNC:11963	MGI:1930001	True	same_symbol
B3GALT2	B3GALT2	B3GALT2	B3galt2	51629903	True	True	False	False	True	True	False	False	0.9460304822565969	0.6637414095135427			0.125	0.0625			0.4141150112023898	0.32810315907184784			0.5	0.5			0.25	0.5			3.0	4.0			6.0	4.0			1.0	1.0			2	2	2	1.0	0.32810315907184784	False	True	False	True	False	False	strict_shared_full_matrix_only	7.328103159071848					False	unclassified_shared_neuronal_or_context	exploratory_context	2.033428838624867	shared_positive_both_screens	2.033428838624867			True	True	True	8707	26878	HGNC:917	MGI:1349461	True	same_symbol
CCT6A	CCT6A	CCT6A	Cct6a	51619236	True	True	False	False	True	True	False	False	1.0	0.6637414095135427			0.25	0.125			0.43991037511232495	0.851063829787234			0.375	0.5			0.25	0.5			2.0	3.0			3.0	3.0			1.0	1.0			2	2	2	0.875	0.43991037511232495	False	True	False	True	False	False	strict_shared_full_matrix_only	7.314910375112325					False	unclassified_shared_neuronal_or_context	exploratory_context	1.0607181280258202	shared_positive_both_screens	1.0607181280258202			True	True	True	908	12466	HGNC:1620	MGI:107943	True	same_symbol
WBP2	WBP2	WBP2	Wbp2	51628405	True	True	False	False	True	True	False	False	0.9460304822565969	0.6637414095135427			0.125	0.0625			0.302226300670284	0.6831758060262869			0.5	0.5			0.25	0.5			3.0	4.0			6.0	4.0			1.0	1.0			2	2	2	1.0	0.302226300670284	False	True	False	True	False	False	strict_shared_full_matrix_only	7.302226300670284					False	unclassified_shared_neuronal_or_context	exploratory_context	2.106836500412854	shared_positive_both_screens	2.106836500412854			True	True	True	23558	22378	HGNC:12738	MGI:104709	True	same_symbol
SMPD3	SMPD3	SMPD3	Smpd3	51623396	True	True	False	False	True	True	False	False	0.9460304822565969	0.6637414095135427			0.125	0.0625			0.3018168335187245	0.6194848093711398			0.5	0.5			0.5	0.5			3.0	4.0			6.0	4.0			1.0	1.0			2	2	2	1.0	0.3018168335187245	False	True	False	True	False	False	strict_shared_full_matrix_only	7.301816833518725					False	unclassified_shared_neuronal_or_context	exploratory_context	2.0828159610582366	shared_positive_both_screens	2.0828159610582366			True	True	True	55512	58994	HGNC:14240	MGI:1927578	True	same_symbol
OTUB1	OTUB1	OTUB1	Otub1	51619165	True	True	False	False	True	True	False	False	0.9460304822565969	0.6637414095135427			0.125	0.0625			0.2849505266517714	0.7628936447793924			0.5	0.5			0.25	0.5			3.0	4.0			6.0	4.0			1.0	1.0			2	2	2	1.0	0.2849505266517714	False	True	False	True	False	False	strict_shared_full_matrix_only	7.284950526651771					False	unclassified_shared_neuronal_or_context	exploratory_context	2.0767399828801096	shared_positive_both_screens	2.0767399828801096			True	True	True	55611	107260	HGNC:23077	MGI:2147616	True	same_symbol
DDIT4	DDIT4	DDIT4	Ddit4	51624071	True	True	False	False	True	True	False	False	0.9460304822565969	0.6637414095135427			0.125	0.0625			0.3695339929779764	0.2812508404025029			0.5	0.5			0.5	0.5			3.0	4.0			6.0	4.0			1.0	1.0			2	2	2	1.0	0.2812508404025029	False	True	False	True	False	False	strict_shared_full_matrix_only	7.281250840402503					False	unclassified_shared_neuronal_or_context	exploratory_context	2.0400812964696	shared_positive_both_screens	2.0400812964696			True	True	True	54541	74747	HGNC:24944	MGI:1921997	True	same_symbol
NFYB	NFYB	NFYB	Nfyb	51623406	True	True	False	False	True	True	False	False	0.9460304822565969	0.6637414095135427			0.125	0.0625			0.2651611873603575	0.26730273111990643			0.5	0.5			0.5	0.5			3.0	4.0			6.0	4.0			1.0	1.0			2	2	2	1.0	0.2651611873603575	False	True	False	True	False	False	strict_shared_full_matrix_only	7.265161187360357					False	unclassified_shared_neuronal_or_context	exploratory_context	2.0314423225434695	shared_positive_both_screens	2.0314423225434695			True	True	True	4801	18045	HGNC:7805	MGI:97317	True	same_symbol
PURB	PURB	PURB	Purb	51623987	True	True	False	False	True	True	False	False	0.9460304822565969	0.6637414095135427			0.125	0.125			0.2636609831442803	0.6428571428571429			0.5	0.5			0.5	0.5			3.0	3.0			6.0	3.0			1.0	1.0			2	2	2	1.0	0.2636609831442803	False	True	False	True	False	False	strict_shared_full_matrix_only	7.26366098314428					False	unclassified_shared_neuronal_or_context	exploratory_context	1.075292176783389	shared_positive_both_screens	1.075292176783389			True	True	True	5814	19291	HGNC:9702	MGI:1338779	True	same_symbol
PACSIN1	PACSIN1	PACSIN1	Pacsin1	51620520	True	True	False	False	True	True	False	False	0.9460304822565969	0.6637414095135427			0.125	0.0625			0.2576937337782721	0.4959750732120304			0.5	0.5			0.5	0.5			3.0	4.0			6.0	4.0			1.0	1.0			2	2	2	1.0	0.2576937337782721	False	True	False	True	False	False	strict_shared_full_matrix_only	7.257693733778272					False	unclassified_shared_neuronal_or_context	exploratory_context	2.0660133497674327	shared_positive_both_screens	2.0660133497674327			True	True	True	29993	23969	HGNC:8570	MGI:1345181	True	same_symbol
PWWP2A	PWWP2A	PWWP2A	Pwwp2a	51625569	True	True	False	False	True	True	False	False	0.9460304822565969	0.6637414095135427			0.125	0.0625			0.2740081572117167	0.2574783337992731			0.5	0.5			0.25	0.5			3.0	4.0			6.0	4.0			1.0	1.0			2	2	2	1.0	0.2574783337992731	False	True	False	True	False	False	strict_shared_full_matrix_only	7.257478333799273					False	unclassified_shared_neuronal_or_context	exploratory_context	2.0709945355016086	shared_positive_both_screens	2.0709945355016086			True	True	True	114825	70802	HGNC:29406	MGI:1918052	True	same_symbol
MBTPS2	MBTPS2	MBTPS2	Mbtps2	51619750	True	True	False	False	True	True	False	False	0.9460304822565969	0.6637414095135427			0.125	0.0625			0.2558398220244716	0.3597843392676219			0.5	0.5			0.5	0.5			3.0	4.0			6.0	4.0			1.0	1.0			2	2	2	1.0	0.2558398220244716	False	True	False	True	False	False	strict_shared_full_matrix_only	7.2558398220244715					False	unclassified_shared_neuronal_or_context	exploratory_context	2.0476720186168347	shared_positive_both_screens	2.0476720186168347			True	True	True	51360	270669	HGNC:15455	MGI:2444506	True	same_symbol
HPCAL1	HPCAL1	HPCAL1	Hpcal1	51629665	True	True	False	False	True	True	False	False	0.9460304822565969	0.6637414095135427			0.125	0.0625			0.2483767205564845	0.2448441145447102			0.5	0.5			0.5	0.5			3.0	4.0			6.0	4.0			1.0	1.0			2	2	2	1.0	0.2448441145447102	False	True	False	True	False	False	strict_shared_full_matrix_only	7.24484411454471					False	unclassified_shared_neuronal_or_context	exploratory_context	2.057934511731059	shared_positive_both_screens	2.057934511731059			True	True	True	3241	53602	HGNC:5145	MGI:1855689	True	same_symbol
PORCN	PORCN	PORCN	Porcn	51623875	True	True	False	False	True	True	False	False	0.9460304822565969	0.6637414095135427			0.125	0.0625			0.242862439747868	0.4397857073461853			0.5	0.5			0.5	0.5			3.0	4.0			6.0	4.0			1.0	1.0			2	2	2	1.0	0.242862439747868	False	True	False	True	False	False	strict_shared_full_matrix_only	7.242862439747868					False	unclassified_shared_neuronal_or_context	exploratory_context	2.028076677809792	shared_positive_both_screens	2.028076677809792			True	True	True	64840	53627	HGNC:17652	MGI:1890212	True	same_symbol
RUNDC3A	RUNDC3A	RUNDC3A	Rundc3a	51624039	True	True	False	False	True	True	False	False	0.9460304822565969	0.6637414095135427			0.125	0.0625			0.235955952760932	0.4845501507833887			0.5	0.5			0.25	0.5			3.0	4.0			6.0	4.0			1.0	1.0			2	2	2	1.0	0.235955952760932	False	True	False	True	False	False	strict_shared_full_matrix_only	7.235955952760932					False	unclassified_shared_neuronal_or_context	exploratory_context	2.1209330147483345	shared_positive_both_screens	2.1209330147483345			True	True	True	10900	51799	HGNC:16984	MGI:1858752	True	same_symbol
VPS37B	VPS37B	VPS37B	Vps37b	51624840	True	True	False	False	True	True	False	False	0.9460304822565969	0.6637414095135427			0.125	0.0625			0.23327615458310724	0.2660456472121923			0.5	0.5			0.25	0.5			3.0	4.0			6.0	4.0			1.0	1.0			2	2	2	1.0	0.23327615458310724	False	True	False	True	False	False	strict_shared_full_matrix_only	7.233276154583107					False	unclassified_shared_neuronal_or_context	exploratory_context	2.0849571232488247	shared_positive_both_screens	2.0849571232488247			True	True	True	79720	330192	HGNC:25754	MGI:1916724	True	same_symbol
MPP3	MPP3	MPP3	Mpp3	51623265	True	True	False	False	True	True	False	False	0.9460304822565969	0.6637414095135427			0.125	0.0625			0.23270018059783446	0.6246743378202344			0.5	0.5			0.5	0.5			3.0	4.0			6.0	4.0			1.0	1.0			2	2	2	1.0	0.23270018059783446	False	True	False	True	False	False	strict_shared_full_matrix_only	7.232700180597835					False	unclassified_shared_neuronal_or_context	exploratory_context	2.0299890978781265	shared_positive_both_screens	2.0299890978781265			True	True	True	4356	13384	HGNC:7221	MGI:1328354	True	same_symbol
SSTR2	SSTR2	SSTR2	Sstr2	51630367	True	True	False	False	True	True	False	False	0.9460304822565969	0.6637414095135427			0.125	0.0625			0.4599026492180019	0.2205419547539805			0.5	0.5			0.5	0.5			3.0	4.0			6.0	4.0			1.0	1.0			2	2	2	1.0	0.2205419547539805	False	True	False	True	False	False	strict_shared_full_matrix_only	7.220541954753981					False	unclassified_shared_neuronal_or_context	exploratory_context	2.0725917429767255	shared_positive_both_screens	2.0725917429767255			True	True	True	6752	20606	HGNC:11331	MGI:98328	True	same_symbol
MAPK14	MAPK14	MAPK14	Mapk14	51618979	True	True	False	False	True	True	False	False	0.9460304822565969	0.6637414095135427			0.125	0.0625			0.2161383285302593	0.239624172663065			0.5	0.5			0.25	0.5			3.0	4.0			6.0	4.0			1.0	1.0			2	2	2	1.0	0.2161383285302593	False	True	False	True	False	False	strict_shared_full_matrix_only	7.216138328530259					False	cytoskeleton_morphogenesis	mechanism_figure_candidate	2.5541770982594603	shared_positive_both_screens	2.5541770982594603			True	True	True	1432	26416	HGNC:6876	MGI:1346865	True	same_symbol
VPS28	VPS28	VPS28	Vps28	51629783	True	True	False	False	True	True	False	False	1.0	0.6637414095135427			0.25	0.25			0.33318867222528253	0.8304385584020842			0.375	0.5			0.25	0.5			2.0	2.0			3.0	2.0			1.0	1.0			2	2	2	0.875	0.33318867222528253	False	True	False	True	False	False	strict_shared_full_matrix_only	7.208188672225282					False	unclassified_shared_neuronal_or_context	not_prioritized	1.0123018042646257	screen_specific_or_low_priority	1.0123018042646257			True	True	True	51160	66914	HGNC:18178	MGI:1914164	True	same_symbol
MPHOSPH9	MPHOSPH9	MPHOSPH9	Mphosph9	51634126	True	True	False	False	True	True	False	False	0.9460304822565969	0.6637414095135427			0.125	0.0625			0.2061549870226177	0.3259154725720075			0.5	0.5			0.5	0.5			3.0	4.0			6.0	4.0			1.0	1.0			2	2	2	1.0	0.2061549870226177	False	True	False	True	False	False	strict_shared_full_matrix_only	7.206154987022618					False	unclassified_shared_neuronal_or_context	exploratory_context	2.0662953099772507	shared_positive_both_screens	2.0662953099772507			True	True	True	10198	269702	HGNC:7215	MGI:2443138	True	same_symbol
MTIF2	MTIF2	MTIF2	Mtif2	51619693	True	True	False	False	True	True	False	False	0.9460304822565969	0.6637414095135427			0.125	0.0625			0.2017055988134964	0.4282095817050224			0.5	0.5			0.25	0.5			3.0	4.0			6.0	4.0			1.0	1.0			2	2	2	1.0	0.2017055988134964	False	True	False	True	False	False	strict_shared_full_matrix_only	7.201705598813496					False	unclassified_shared_neuronal_or_context	exploratory_context	2.0286370362011845	shared_positive_both_screens	2.0286370362011845			True	True	True	4528	76784	HGNC:7441	MGI:1924034	True	same_symbol
MGAT5B	MGAT5B	MGAT5B	Mgat5b	51633761	True	True	False	False	True	True	False	False	0.9460304822565969	0.6637414095135427			0.125	0.0625			0.2747497219132369	0.19961245402064526			0.5	0.5			0.5	0.5			3.0	4.0			6.0	4.0			1.0	1.0			2	2	2	1.0	0.19961245402064526	False	True	False	True	False	False	strict_shared_full_matrix_only	7.199612454020645					False	unclassified_shared_neuronal_or_context	exploratory_context	2.0602879354855914	shared_positive_both_screens	2.0602879354855914			True	True	True	146664	268510	HGNC:24140	MGI:3606200	True	same_symbol
FOXN2	FOXN2	FOXN2	Foxn2	51628495	True	True	False	False	True	True	False	False	0.9460304822565969	0.6637414095135427			0.125	0.0625			0.1978866474543708	0.25493920972644374			0.5	0.5			0.5	0.5			3.0	4.0			6.0	4.0			1.0	1.0			2	2	2	1.0	0.1978866474543708	False	True	False	True	False	False	strict_shared_full_matrix_only	7.197886647454371					False	regulatory_morphogenesis_candidate	mechanism_figure_candidate	2.55036129769804	shared_positive_both_screens	2.55036129769804			True	True	True	3344	14236	HGNC:5281	MGI:1347478	True	same_symbol
LURAP1L	LURAP1L	LURAP1L	Lurap1l	51633671	True	True	False	False	True	True	False	False	0.9460304822565969	0.6637414095135427			0.125	0.125			0.1956591126715608	0.3059777102330294			0.5	0.5			0.5	0.5			3.0	3.0			6.0	3.0			1.0	1.0			2	2	2	1.0	0.1956591126715608	False	True	False	True	False	False	strict_shared_full_matrix_only	7.195659112671561					False	unclassified_shared_neuronal_or_context	exploratory_context	1.0309978483055406	shared_positive_both_screens	1.0309978483055406			True	True	True	286343	52829	HGNC:31452	MGI:106510	True	same_symbol
ZFHX2	ZFHX2	ZFHX2	Zfhx2	51627375	True	True	False	False	True	True	False	False	0.9460304822565969	0.6637414095135427			0.125	0.0625			0.1946607341490545	0.3177377333912288			0.5	0.5			0.5	0.5			3.0	4.0			6.0	4.0			1.0	1.0			2	2	2	1.0	0.1946607341490545	False	True	False	True	False	False	strict_shared_full_matrix_only	7.194660734149054					False	unclassified_shared_neuronal_or_context	exploratory_context	2.0521303823546067	shared_positive_both_screens	2.0521303823546067			True	True	True	85446	239102	HGNC:20152	MGI:2686934	True	same_symbol
TSGA10	TSGA10	TSGA10	Tsga10	51628852	True	True	False	False	True	True	False	False	0.9460304822565969	0.6637414095135427			0.125	0.0625			0.1879866518353726	0.2330363214944969			0.5	0.5			0.5	0.5			3.0	4.0			6.0	4.0			1.0	1.0			2	2	2	1.0	0.1879866518353726	False	True	False	True	False	False	strict_shared_full_matrix_only	7.187986651835373					False	unclassified_shared_neuronal_or_context	exploratory_context	2.0547183122671258	shared_positive_both_screens	2.0547183122671258			True	True	True	80705	211484	HGNC:14927	MGI:2685063	True	same_symbol
CBFA2T3	CBFA2T3	CBFA2T3	Cbfa2t3	51619044	True	True	False	False	True	True	False	False	0.9460304822565969	0.6637414095135427			0.125	0.0625			0.18617235179321934	0.28804943720420256			0.5	0.5			0.5	0.5			3.0	4.0			6.0	4.0			1.0	1.0			2	2	2	1.0	0.18617235179321934	False	True	False	True	False	False	strict_shared_full_matrix_only	7.1861723517932194					False	unclassified_shared_neuronal_or_context	exploratory_context	2.0354613082333417	shared_positive_both_screens	2.0354613082333417			True	True	True	863	12398	HGNC:1537	MGI:1338013	True	same_symbol
SNHG8	SNHG8	SNHG8	Snhg8	51635520	True	True	False	False	True	True	False	False	1.0	0.6637414095135427			0.25	0.25			0.3023521578890594	0.6514329135909682			0.375	0.5			0.25	0.5			2.0	2.0			3.0	2.0			1.0	1.0			2	2	2	0.875	0.3023521578890594	False	True	False	True	False	False	strict_shared_full_matrix_only	7.177352157889059					False	unclassified_shared_neuronal_or_context	exploratory_context	1.0315438269392534	shared_positive_both_screens	1.0315438269392534			True	True	True	100093630	69895	HGNC:33098	MGI:1917145	True	same_symbol
SENP3	SENP3	SENP3	Senp3	51619081	True	True	False	False	True	True	False	False	0.9460304822565969	0.6637414095135427			0.125	0.0625			0.1769287146800709	0.36839530332681014			0.5	0.5			0.25	0.5			3.0	4.0			6.0	4.0			1.0	1.0			2	2	2	1.0	0.1769287146800709	False	True	False	True	False	False	strict_shared_full_matrix_only	7.176928714680071					False	unclassified_shared_neuronal_or_context	exploratory_context	2.0008596969622188	shared_positive_both_screens	2.0008596969622188			True	True	True	26168	80886	HGNC:17862	MGI:2158736	True	same_symbol
EIF4E3	EIF4E3	EIF4E3	Eif4e3	51627770	True	True	False	False	True	True	False	False	0.9460304822565969	0.6637414095135427			0.125	0.0625			0.3260736979079244	0.1757304945992193			0.5	0.5			0.5	0.5			3.0	4.0			6.0	4.0			1.0	1.0			2	2	2	1.0	0.1757304945992193	False	True	False	True	False	False	strict_shared_full_matrix_only	7.175730494599219					False	metabolic_or_housekeeping_support	supporting_context_not_core_executor	1.5007744318779244	shared_positive_both_screens	1.5007744318779244			True	True	True	317649	66892	HGNC:31837	MGI:1914142	True	same_symbol
COG1	COG1	COG1	Cog1	51621231	True	True	False	False	True	True	False	False	0.9460304822565969	0.6637414095135427			0.125	0.0625			0.17310301260100086	0.18134030062039386			0.5	0.5			0.5	0.5			3.0	4.0			6.0	4.0			1.0	1.0			2	2	2	1.0	0.17310301260100086	False	True	False	True	False	False	strict_shared_full_matrix_only	7.1731030126010005					False	unclassified_shared_neuronal_or_context	exploratory_context	2.059676902364518	shared_positive_both_screens	2.059676902364518			True	True	True	9382	16834	HGNC:6545	MGI:1333873	True	same_symbol
AHDC1	AHDC1	AHDC1	Ahdc1	51624988	True	True	False	False	True	True	False	False	0.9460304822565969	0.6637414095135427			0.125	0.0625			0.1930545182972367	0.17301286588666354			0.5	0.5			0.5	0.5			3.0	4.0			6.0	4.0			1.0	1.0			2	2	2	1.0	0.17301286588666354	False	True	False	True	False	False	strict_shared_full_matrix_only	7.173012865886664					False	unclassified_shared_neuronal_or_context	exploratory_context	2.0488676457189507	shared_positive_both_screens	2.0488676457189507			True	True	True	27245	230793	HGNC:25230	MGI:2444218	True	same_symbol
RCC2	RCC2	RCC2	Rcc2	51627567	True	True	False	False	True	True	False	False	0.9460304822565969	0.6637414095135427			0.125	0.0625			0.17121404799024165	0.2900419142537519			0.5	0.5			0.25	0.5			3.0	4.0			6.0	4.0			1.0	1.0			2	2	2	1.0	0.17121404799024165	False	True	False	True	False	False	strict_shared_full_matrix_only	7.171214047990242					False	unclassified_shared_neuronal_or_context	exploratory_context	2.0469870916442927	shared_positive_both_screens	2.0469870916442927			True	True	True	55920	108911	HGNC:30297	MGI:1919784	True	same_symbol
COG7	COG7	COG7	Cog7	51628848	True	True	False	False	True	True	False	False	0.9460304822565969	0.6637414095135427			0.125	0.0625			0.16989190187854142	0.38963373166229476			0.5	0.5			0.25	0.5			3.0	4.0			6.0	4.0			1.0	1.0			2	2	2	1.0	0.16989190187854142	False	True	False	True	False	False	strict_shared_full_matrix_only	7.169891901878541					False	unclassified_shared_neuronal_or_context	exploratory_context	2.091668774267694	shared_positive_both_screens	2.091668774267694			True	True	True	91949	233824	HGNC:18622	MGI:2685013	True	same_symbol
CELSR3	CELSR3	CELSR3	Celsr3	51630869	True	True	False	False	True	True	False	False	0.9460304822565969	0.6637414095135427			0.125	0.0625			0.1666666666666666	0.37056390612205237			0.5	0.5			0.25	0.5			3.0	4.0			6.0	4.0			1.0	1.0			2	2	2	1.0	0.1666666666666666	False	True	False	True	False	False	strict_shared_full_matrix_only	7.166666666666667					False	unclassified_shared_neuronal_or_context	exploratory_context	2.030587389668338	shared_positive_both_screens	2.030587389668338			True	True	True	1951	107934	HGNC:3230	MGI:1858236	True	same_symbol
GLCE	GLCE	GLCE	Glce	51621430	True	True	False	False	True	True	False	False	0.9460304822565969	0.6637414095135427			0.125	0.0625			0.4568038561364479	0.16500811924886535			0.5	0.5			0.5	0.5			3.0	4.0			6.0	4.0			1.0	1.0			2	2	2	1.0	0.16500811924886535	False	True	False	True	False	False	strict_shared_full_matrix_only	7.165008119248865					False	unclassified_shared_neuronal_or_context	exploratory_context	2.0757853659199994	shared_positive_both_screens	2.0757853659199994			True	True	True	26035	93683	HGNC:17855	MGI:2136405	True	same_symbol
CEMIP	CEMIP	CEMIP	Cemip	51621334	True	True	False	False	True	True	False	False	1.0	0.6637414095135427			0.25	0.25			0.18490659933724568	0.15469540302646026			0.5	0.5			0.5	0.5			2.0	2.0			5.0	2.0			1.0	1.0			2	2	2	1.0	0.15469540302646026	False	True	False	True	False	False	strict_shared_full_matrix_only	7.1546954030264605					False	unclassified_shared_neuronal_or_context	exploratory_context	1.0254912866147572	shared_positive_both_screens	1.0254912866147572			True	True	True	57214	80982	HGNC:29213	MGI:2443629	True	same_symbol
NECAB3	NECAB3	NECAB3	Necab3	51626091	True	True	False	False	True	True	False	False	0.9460304822565969	0.6637414095135427			0.125	0.0625			0.1542052345994254	0.19692301286588665			0.5	0.5			0.5	0.5			3.0	4.0			6.0	4.0			1.0	1.0			2	2	2	1.0	0.1542052345994254	False	True	False	True	False	False	strict_shared_full_matrix_only	7.154205234599425					False	unclassified_shared_neuronal_or_context	exploratory_context	2.038210093863105	shared_positive_both_screens	2.038210093863105			True	True	True	63941	56846	HGNC:15851	MGI:1861721	True	same_symbol
BRPF1	BRPF1	BRPF1	Brpf1	51629449	True	True	False	False	True	True	False	False	0.9460304822565969	0.6637414095135427			0.125	0.0625			0.1535451333778274	0.25019901577652337			0.5	0.5			0.25	0.5			3.0	4.0			6.0	4.0			1.0	1.0			2	2	2	1.0	0.1535451333778274	False	True	False	True	False	False	strict_shared_full_matrix_only	7.153545133377827					False	unclassified_shared_neuronal_or_context	exploratory_context	2.020971198155581	shared_positive_both_screens	2.020971198155581			True	True	True	7862	78783	HGNC:14255	MGI:1926033	True	same_symbol
HCFC2	HCFC2	HCFC2	Hcfc2	51625659	True	True	False	False	True	True	False	False	0.9460304822565969	0.6637414095135427			0.125	0.0625			0.1486837226548016	0.32891880156317843			0.5	0.5			0.25	0.5			3.0	4.0			6.0	4.0			1.0	1.0			2	2	2	1.0	0.1486837226548016	False	True	False	True	False	False	strict_shared_full_matrix_only	7.148683722654802					False	unclassified_shared_neuronal_or_context	exploratory_context	2.0417713820342973	shared_positive_both_screens	2.0417713820342973			True	True	True	29915	67933	HGNC:24972	MGI:1915183	True	same_symbol
RNF19A	RNF19A	RNF19A	Rnf19a	51621004	True	True	False	False	True	True	False	False	0.9460304822565969	0.6637414095135427			0.125	0.0625			0.1445108289768484	0.325963553593982			0.5	0.5			0.25	0.5			3.0	4.0			6.0	4.0			1.0	1.0			2	2	2	1.0	0.1445108289768484	False	True	False	True	False	False	strict_shared_full_matrix_only	7.144510828976848					False	unclassified_shared_neuronal_or_context	exploratory_context	2.03823676428493	shared_positive_both_screens	2.03823676428493			True	True	True	25897	30945	HGNC:13432	MGI:1353623	True	same_symbol
LIN7C	LIN7C	LIN7C	Lin7c	51619779	True	True	False	False	True	True	False	False	0.9460304822565969	0.6637414095135427			0.125	0.0625			0.14413000696521222	0.82911409973491			0.5	0.5			0.5	0.5			3.0	4.0			6.0	4.0			1.0	1.0			2	2	2	1.0	0.14413000696521222	False	True	False	True	False	False	strict_shared_full_matrix_only	7.144130006965212					False	unclassified_shared_neuronal_or_context	exploratory_context	2.0776819995336933	shared_positive_both_screens	2.0776819995336933			True	True	True	55327	22343	HGNC:17789	MGI:1330839	True	same_symbol
EHD1	EHD1	EHD1	Ehd1	51617347	True	True	False	False	True	True	False	False	0.9460304822565969	0.6637414095135427			0.125	0.0625			0.1427146504947334	0.3853665741695844			0.5	0.5			2.7755575615628914e-17	0.5			3.0	4.0			6.0	4.0			1.0	1.0			2	2	2	1.0	0.1427146504947334	False	True	False	True	False	False	strict_shared_full_matrix_only	7.142714650494733					False	unclassified_shared_neuronal_or_context	exploratory_context	1.8871127961167584	shared_positive_both_screens	1.8871127961167584			True	True	True	10938	13660	HGNC:3242	MGI:1341878	True	same_symbol
RCOR2	RCOR2	RCOR2	Rcor2	51629942	True	True	False	False	True	True	False	False	0.9460304822565969	0.6637414095135427			0.125	0.0625			0.19918934038477926	0.14129534657349155			0.5	0.5			0.5	0.5			3.0	4.0			6.0	4.0			1.0	1.0			2	2	2	1.0	0.14129534657349155	False	True	False	True	False	False	strict_shared_full_matrix_only	7.141295346573491					False	unclassified_shared_neuronal_or_context	exploratory_context	2.005257728266717	shared_positive_both_screens	2.005257728266717			True	True	True	283248	104383	HGNC:27455	MGI:1859854	True	same_symbol
MINPP1	MINPP1	MINPP1	Minpp1	51623221	True	True	False	False	True	True	False	False	0.9460304822565969	0.6637414095135427			0.125	0.0625			0.13957996507299386	0.3400681461742377			0.5	0.5			0.25	0.5			3.0	4.0			6.0	4.0			1.0	1.0			2	2	2	1.0	0.13957996507299386	False	True	False	True	False	False	strict_shared_full_matrix_only	7.139579965072993					False	unclassified_shared_neuronal_or_context	exploratory_context	2.060359909842166	shared_positive_both_screens	2.060359909842166			True	True	True	9562	17330	HGNC:7102	MGI:1336159	True	same_symbol
CECR2	CECR2	CECR2	Cecr2	51625347	True	True	False	False	True	True	False	False	0.9460304822565969	0.6637414095135427			0.125	0.0625			0.2569521690767519	0.13826168765378488			0.5	0.5			0.5	0.5			3.0	4.0			6.0	4.0			1.0	1.0			2	2	2	1.0	0.13826168765378488	False	True	False	True	False	False	strict_shared_full_matrix_only	7.1382616876537845					False	unclassified_shared_neuronal_or_context	exploratory_context	2.0749864562930957	shared_positive_both_screens	2.0749864562930957			True	True	True	27443	330409	HGNC:1840	MGI:1923799	True	same_symbol
SLC29A4	SLC29A4	SLC29A4	Slc29a4	51624823	True	True	False	False	True	True	False	False	0.9460304822565969	0.6637414095135427			0.125	0.0625			0.1363040616788673	0.34731995392152776			0.5	0.5			0.25	0.5			3.0	4.0			6.0	4.0			1.0	1.0			2	2	2	1.0	0.1363040616788673	False	True	False	True	False	False	strict_shared_full_matrix_only	7.136304061678867					False	unclassified_shared_neuronal_or_context	exploratory_context	2.0528466922223525	shared_positive_both_screens	2.0528466922223525			True	True	True	222962	243328	HGNC:23097	MGI:2385330	True	same_symbol
SEMA7A	SEMA7A	SEMA7A	Sema7a	51620218	True	True	False	False	True	True	False	False	0.9460304822565969	0.6637414095135427			0.125	0.0625			0.13244889771467325	0.1330920245653432			0.5	0.5			0.25	0.5			3.0	4.0			6.0	4.0			1.0	1.0			2	2	2	1.0	0.13244889771467325	False	True	False	True	False	False	strict_shared_full_matrix_only	7.132448897714673					False	axon_guidance_adhesion	mechanism_figure_candidate	2.5284878426339548	shared_positive_both_screens	2.5284878426339548			True	True	True	8482	20361	HGNC:10741	MGI:1306826	True	same_symbol
UBALD1	UBALD1	UBALD1	Ubald1	51619059	True	True	False	False	True	True	False	False	0.9460304822565969	0.6637414095135427			0.125	0.125			0.1271943823811043	0.2786220871327254			0.5	0.5			0.25	0.5			3.0	3.0			6.0	3.0			1.0	1.0			2	2	2	1.0	0.1271943823811043	False	True	False	True	False	False	strict_shared_full_matrix_only	7.127194382381104					False	unclassified_shared_neuronal_or_context	exploratory_context	1.032006455083378	shared_positive_both_screens	1.032006455083378			True	True	True	124402	207740	HGNC:29576	MGI:1916255	True	same_symbol
ELMO2	ELMO2	ELMO2	Elmo2	51630436	True	True	False	False	True	True	False	False	0.9460304822565969	0.6637414095135427			0.125	0.0625			0.12689503892372794	0.6575411861042872			0.5	0.5			0.25	0.5			3.0	4.0			6.0	4.0			1.0	1.0			2	2	2	1.0	0.12689503892372794	False	True	False	True	False	False	strict_shared_full_matrix_only	7.1268950389237276					False	unclassified_shared_neuronal_or_context	exploratory_context	2.0408504741614975	shared_positive_both_screens	2.0408504741614975			True	True	True	63916	140579	HGNC:17233	MGI:2153045	True	same_symbol
BMP1	BMP1	BMP1	Bmp1	51621219	True	True	False	False	True	True	False	False	0.9460304822565969	0.6637414095135427			0.125	0.0625			0.1219873934000741	0.3677313391109869			0.5	0.5			0.5	0.5			3.0	4.0			6.0	4.0			1.0	1.0			2	2	2	1.0	0.1219873934000741	False	True	False	True	False	False	strict_shared_full_matrix_only	7.121987393400074					False	unclassified_shared_neuronal_or_context	exploratory_context	2.0105829966703377	shared_positive_both_screens	2.0105829966703377			True	True	True	649	12153	HGNC:1067	MGI:88176	True	same_symbol
ZFP37	ZFP37	ZFP37	Zfp37	51636291	True	True	False	False	True	True	False	False	0.9460304822565969	0.6637414095135427			0.125	0.0625			0.1161577663994125	0.2524605586915617			0.5	0.5			0.25	0.5			3.0	4.0			6.0	4.0			1.0	1.0			2	2	2	1.0	0.1161577663994125	False	True	False	True	False	False	strict_shared_full_matrix_only	7.116157766399413					False	unclassified_shared_neuronal_or_context	exploratory_context	2.01807085869198	shared_positive_both_screens	2.01807085869198			True	True	True	7539	22696	HGNC:12863	MGI:99181	True	same_symbol
PKIB	PKIB	PKIB	Pkib	51634933	True	True	False	False	True	True	False	False	0.9460304822565969	0.6637414095135427			0.125	0.0625			0.1147934678194044	0.33818208134317557			0.5	0.5			0.5	0.5			3.0	4.0			6.0	4.0			1.0	1.0			2	2	2	1.0	0.1147934678194044	False	True	False	True	False	False	strict_shared_full_matrix_only	7.114793467819404					False	unclassified_shared_neuronal_or_context	exploratory_context	2.0295657630143937	shared_positive_both_screens	2.0295657630143937			True	True	True	5570	18768	HGNC:9018	MGI:101937	True	same_symbol
ABCB7	ABCB7	ABCB7	Abcb7	51620070	True	True	False	False	True	True	False	False	0.9460304822565969	0.6637414095135427			0.125	0.0625			0.1128722382324687	0.2714575191778839			0.5	0.5			0.25	0.5			3.0	4.0			6.0	4.0			1.0	1.0			2	2	2	1.0	0.1128722382324687	False	True	False	True	False	False	strict_shared_full_matrix_only	7.112872238232469					False	unclassified_shared_neuronal_or_context	exploratory_context	2.028615889252547	shared_positive_both_screens	2.028615889252547			True	True	True	22	11306	HGNC:48	MGI:109533	True	same_symbol
HACE1	HACE1	HACE1	Hace1	51625703	True	True	False	False	True	True	False	False	0.9460304822565969	0.6637414095135427			0.125	0.0625			0.1123470522803114	0.419163410044869			0.5	0.5			0.25	0.5			3.0	4.0			6.0	4.0			1.0	1.0			2	2	2	1.0	0.1123470522803114	False	True	False	True	False	False	strict_shared_full_matrix_only	7.112347052280311					False	unclassified_shared_neuronal_or_context	exploratory_context	2.0309742172699092	shared_positive_both_screens	2.0309742172699092			True	True	True	57531	209462	HGNC:21033	MGI:2446110	True	same_symbol
SP4	SP4	SP4	Sp4	51630536	True	True	False	False	True	True	False	False	0.9460304822565969	0.6637414095135427			0.125	0.0625			0.1119116234390009	0.1631620511522009			0.5	0.5			0.25	0.5			3.0	4.0			6.0	4.0			1.0	1.0			2	2	2	1.0	0.1119116234390009	False	True	False	True	False	False	strict_shared_full_matrix_only	7.111911623439001					False	unclassified_shared_neuronal_or_context	exploratory_context	2.0289129425479695	shared_positive_both_screens	2.0289129425479695			True	True	True	6671	20688	HGNC:11209	MGI:107595	True	same_symbol
QSOX2	QSOX2	QSOX2	Qsox2	51631301	True	True	False	False	True	True	False	False	0.9460304822565969	0.6637414095135427			0.125	0.0625			0.12829899752121074	0.1102552358745888			0.5	0.5			0.25	0.5			3.0	4.0			6.0	4.0			1.0	1.0			2	2	2	1.0	0.1102552358745888	False	True	False	True	False	False	strict_shared_full_matrix_only	7.110255235874589					False	unclassified_shared_neuronal_or_context	exploratory_context	2.0320907024043384	shared_positive_both_screens	2.0320907024043384			True	True	True	169714	227638	HGNC:30249	MGI:2387194	True	same_symbol
RBBP5	RBBP5	RBBP5	Rbbp5	51629502	True	True	False	False	True	True	False	False	0.9460304822565969	0.6637414095135427			0.125	0.0625			0.1092004468560485	0.22039900172804786			0.5	0.5			0.25	0.5			3.0	4.0			6.0	4.0			1.0	1.0			2	2	2	1.0	0.1092004468560485	False	True	False	True	False	False	strict_shared_full_matrix_only	7.109200446856049					False	unclassified_shared_neuronal_or_context	exploratory_context	2.0298853914058252	shared_positive_both_screens	2.0298853914058252			True	True	True	5929	213464	HGNC:9888	MGI:1918367	True	same_symbol
ZNF667	ZNF667	ZNF667	Zfp667	51624148	True	True	False	False	True	True	False	False	0.9460304822565969	0.6637414095135427			0.125	0.0625			0.1055697414618576	0.27270960847177694			0.5	0.5			0.25	0.5			3.0	4.0			6.0	4.0			1.0	1.0			2	2	2	1.0	0.1055697414618576	False	True	False	True	False	False	strict_shared_full_matrix_only	7.105569741461857					False	unclassified_shared_neuronal_or_context	not_prioritized	0.5263924353654644	screen_specific_or_low_priority	0.5263924353654644			True	False	False	63934	384763	HGNC:28854	MGI:2442757	False	nonidentical_symbol
TSIX	TSIX	TSIX	Tsix	51636115	True	True	False	False	True	True	False	False	0.9460304822565969	0.6637414095135427			0.125	0.25			0.1049141652300489	0.30265783055239315			0.5	0.5			0.25	0.5			3.0	2.0			5.0	2.0			1.0	1.0			2	2	2	1.0	0.1049141652300489	False	True	False	True	False	False	strict_shared_full_matrix_only	7.104914165230049					False	unclassified_shared_neuronal_or_context	exploratory_context	1.005819476002315	shared_positive_both_screens	1.005819476002315			True	True	True	9383	22097	HGNC:12377	MGI:1336196	True	same_symbol
ACOT13	ACOT13	ACOT13	Acot13	51626071	True	True	False	False	True	True	False	False	0.9460304822565969	0.6637414095135427			0.125	0.0625			0.104891477816789	0.5703217165618798			0.5	0.5			0.25	0.5			3.0	4.0			6.0	4.0			1.0	1.0			2	2	2	1.0	0.104891477816789	False	True	False	True	False	False	strict_shared_full_matrix_only	7.104891477816789					False	unclassified_shared_neuronal_or_context	exploratory_context	2.027925886549503	shared_positive_both_screens	2.027925886549503			True	True	True	55856	66834	HGNC:20999	MGI:1914084	True	same_symbol
FGF9	FGF9	FGF9	Fgf9	51626268	True	True	False	False	True	True	False	False	0.9460304822565969	0.6637414095135427			0.125	0.0625			0.2297733594601174	0.102129047480257			0.5	0.5			0.5	0.5			3.0	4.0			6.0	4.0			1.0	1.0			2	2	2	1.0	0.102129047480257	False	True	False	True	False	False	strict_shared_full_matrix_only	7.102129047480257					False	unclassified_shared_neuronal_or_context	exploratory_context	2.0595216117408697	shared_positive_both_screens	2.0595216117408697			True	True	True	2254	14180	HGNC:3687	MGI:104723	True	same_symbol
DNAJC12	DNAJC12	DNAJC12	Dnajc12	51632652	True	True	False	False	True	True	False	False	0.9460304822565969	0.6637414095135427			0.125	0.0625			0.1018251681075888	0.1047546678245766			0.5	0.5			0.25	0.5			3.0	4.0			6.0	4.0			1.0	1.0			2	2	2	1.0	0.1018251681075888	False	True	False	True	False	False	strict_shared_full_matrix_only	7.101825168107589					False	unclassified_shared_neuronal_or_context	exploratory_context	2.0234808341854915	shared_positive_both_screens	2.0234808341854915			True	True	True	56521	30045	HGNC:28908	MGI:1353428	True	same_symbol
GPRIN1	GPRIN1	GPRIN1	Gprin1	51633014	True	True	False	False	True	True	False	False	0.9460304822565969	0.6637414095135427			0.125	0.0625			0.10122258606802614	0.33892215809489595			0.5	0.5			0.5	0.5			3.0	4.0			6.0	4.0			1.0	1.0			2	2	2	1.0	0.10122258606802614	False	True	False	True	False	False	strict_shared_full_matrix_only	7.101222586068026					False	unclassified_shared_neuronal_or_context	exploratory_context	2.050442110819932	shared_positive_both_screens	2.050442110819932			True	True	True	114787	26913	HGNC:24835	MGI:1349455	True	same_symbol
DDI2	DDI2	DDI2	Ddi2	51629623	True	True	False	False	True	True	False	False	0.9460304822565969	0.6637414095135427			0.125	0.0625			0.201059759267054	0.0992762812437087			0.5	0.5			0.25	0.5			3.0	4.0			6.0	4.0			1.0	1.0			2	2	2	1.0	0.0992762812437087	False	True	False	True	False	False	strict_shared_full_matrix_only	7.099276281243709					False	unclassified_shared_neuronal_or_context	exploratory_context	2.0557391137673373	shared_positive_both_screens	2.0557391137673373			True	True	True	84301	68817	HGNC:24578	MGI:1917244	True	same_symbol
KCTD6	KCTD6	KCTD6	Kctd6	51622867	True	True	False	False	True	True	False	False	0.9460304822565969	0.6637414095135427			0.125	0.0625			0.0980290456431535	0.2658850774352294			0.5	0.5			0.25	0.5			3.0	4.0			6.0	4.0			1.0	1.0			2	2	2	1.0	0.0980290456431535	False	True	False	True	False	False	strict_shared_full_matrix_only	7.098029045643154					False	unclassified_shared_neuronal_or_context	exploratory_context	2.0250430257763425	shared_positive_both_screens	2.0250430257763425			True	True	True	200845	71393	HGNC:22235	MGI:1918643	True	same_symbol
NIP7	NIP7	NIP7	Nip7	51628481	True	True	False	False	True	True	False	False	0.9460304822565969	0.6637414095135427			0.125	0.0625			0.0978295563357804	0.48988638008394847			0.5	0.5			0.25	0.5			3.0	4.0			6.0	4.0			1.0	1.0			2	2	2	1.0	0.0978295563357804	False	True	False	True	False	False	strict_shared_full_matrix_only	7.09782955633578					False	unclassified_shared_neuronal_or_context	exploratory_context	2.0145332065386015	shared_positive_both_screens	2.0145332065386015			True	True	True	51388	66164	HGNC:24328	MGI:1913414	True	same_symbol
PAPOLG	PAPOLG	PAPOLG	Papolg	51629675	True	True	False	False	True	True	False	False	0.9460304822565969	0.6637414095135427			0.125	0.0625			0.0971449758991472	0.19556013894919663			0.5	0.5			0.25	0.5			3.0	4.0			6.0	4.0			1.0	1.0			2	2	2	1.0	0.0971449758991472	False	True	False	True	False	False	strict_shared_full_matrix_only	7.097144975899147					False	unclassified_shared_neuronal_or_context	exploratory_context	2.030875110460016	shared_positive_both_screens	2.030875110460016			True	True	True	64895	216578	HGNC:14982	MGI:2442119	True	same_symbol
ZNF226	ZNF226	ZNF226	Zfp61	51630703	True	True	False	False	True	True	False	False	0.9460304822565969	0.6637414095135427			0.125	0.0625			0.0935205872965209	0.1489342124935253			0.5	0.5			0.25	0.5			3.0	4.0			6.0	4.0			1.0	1.0			2	2	2	1.0	0.0935205872965209	False	True	False	True	False	False	strict_shared_full_matrix_only	7.093520587296521					False	unclassified_shared_neuronal_or_context	not_prioritized	0.5233801468241303	screen_specific_or_low_priority	0.5233801468241303			True	False	False	7769	22719	HGNC:13019	MGI:99663	False	nonidentical_symbol
VASH1	VASH1	VASH1	Vash1	51631369	True	True	False	False	True	True	False	False	0.9460304822565969	0.6637414095135427			0.125	0.0625			0.0926993275696445	0.17294520547945205			0.5	0.5			0.25	0.5			3.0	4.0			6.0	4.0			1.0	1.0			2	2	2	1.0	0.0926993275696445	False	True	False	True	False	False	strict_shared_full_matrix_only	7.092699327569645					False	unclassified_shared_neuronal_or_context	exploratory_context	2.0247965371920342	shared_positive_both_screens	2.0247965371920342			True	True	True	22846	238328	HGNC:19964	MGI:2442543	True	same_symbol
SMARCD2	SMARCD2	SMARCD2	Smarcd2	51635474	True	True	False	False	True	True	False	False	0.9460304822565969	0.6637414095135427			0.125	0.0625			0.09147997495622384	0.17887899840787375			0.5	0.5			0.5	0.5			3.0	4.0			6.0	4.0			1.0	1.0			2	2	2	1.0	0.09147997495622384	False	True	False	True	False	False	strict_shared_full_matrix_only	7.091479974956224					False	unclassified_shared_neuronal_or_context	exploratory_context	2.021559130415385	shared_positive_both_screens	2.021559130415385			True	True	True	6603	83796	HGNC:11107	MGI:1933621	True	same_symbol
NTF3	NTF3	NTF3	Ntf3	51623531	True	True	False	False	True	True	False	False	0.9460304822565969	0.6637414095135427			0.125	0.0625			0.0903686562400255	0.2724164777725194			0.5	0.5			0.5	0.5			3.0	4.0			6.0	4.0			1.0	1.0			2	2	2	1.0	0.0903686562400255	False	True	False	True	False	False	strict_shared_full_matrix_only	7.090368656240026					False	unclassified_shared_neuronal_or_context	exploratory_context	2.01746825892996	shared_positive_both_screens	2.01746825892996			True	True	True	4908	18205	HGNC:8023	MGI:97380	True	same_symbol
FAM53B	FAM53B	FAM53B	Fam53b	51626692	True	True	False	False	True	True	False	False	0.9460304822565969	0.6637414095135427			0.125	0.0625			0.08301150234251331	0.1837639311043566			0.5	0.5			0.25	0.5			3.0	4.0			6.0	4.0			1.0	1.0			2	2	2	1.0	0.08301150234251331	False	True	False	True	False	False	strict_shared_full_matrix_only	7.083011502342513					False	unclassified_shared_neuronal_or_context	exploratory_context	2.0	shared_positive_both_screens	2.0			True	True	True	9679	77938	HGNC:28968	MGI:1925188	True	same_symbol
FAM131A	FAM131A	FAM131A	Fam131a	51619303	True	True	False	False	True	True	False	False	0.9460304822565969	0.6637414095135427			0.125	0.0625			0.0825242718446602	0.7529805276817809			0.5	0.5			0.5	0.5			3.0	4.0			6.0	4.0			1.0	1.0			2	2	2	1.0	0.0825242718446602	False	True	False	True	False	False	strict_shared_full_matrix_only	7.08252427184466					False	unclassified_shared_neuronal_or_context	exploratory_context	2.019200170393923	shared_positive_both_screens	2.019200170393923			True	True	True	131408	78408	HGNC:28308	MGI:1925658	True	same_symbol
RWDD3	RWDD3	RWDD3	Rwdd3	51629868	True	True	False	False	True	True	False	False	0.9460304822565969	0.6637414095135427			0.125	0.0625			0.0807874234607221	0.3295697211311372			0.5	0.5			0.5	0.5			3.0	4.0			6.0	4.0			1.0	1.0			2	2	2	1.0	0.0807874234607221	False	True	False	True	False	False	strict_shared_full_matrix_only	7.080787423460722					False	unclassified_shared_neuronal_or_context	exploratory_context	2.0	shared_positive_both_screens	2.0			True	True	True	25950	66568	HGNC:21393	MGI:1920420	True	same_symbol
YTHDF1	YTHDF1	YTHDF1	Ythdf1	51619641	True	True	False	False	True	True	False	False	0.9460304822565969	0.6637414095135427			0.125	0.0625			0.08039209426112995	0.26069331842325966			0.5	0.5			0.25	0.5			3.0	4.0			6.0	4.0			1.0	1.0			2	2	2	1.0	0.08039209426112995	False	True	False	True	False	False	strict_shared_full_matrix_only	7.08039209426113					False	unclassified_shared_neuronal_or_context	exploratory_context	2.043120141190536	shared_positive_both_screens	2.043120141190536			True	True	True	54915	228994	HGNC:15867	MGI:1917431	True	same_symbol
EGFEM1P	EGFEM1P	EGFEM1P	Egfem1	51632703	True	True	False	False	True	True	False	False	1.0	0.6637414095135427			0.25	0.125			0.2548274365296727	0.2036474164133738			0.375	0.5			0.25	0.5			2.0	3.0			5.0	3.0			1.0	1.0			2	2	2	0.875	0.2036474164133738	False	True	False	True	False	False	strict_shared_full_matrix_only	7.078647416413374													True	False	False	93556	75740	HGNC:25149	MGI:1922990	False	nonidentical_symbol
RBM12B	RBM12B	RBM12B	Rbm12b2	51620513	True	True	False	False	True	True	False	False	0.9460304822565969	0.6637414095135427			0.125	0.125			0.07654784645357546	0.1275510204081632			0.5	0.5			0.25	0.5			3.0	3.0			6.0	3.0			1.0	1.0			2	2	2	1.0	0.07654784645357546	False	True	False	True	False	False	strict_shared_full_matrix_only	7.076547846453575					False	unclassified_shared_neuronal_or_context	not_prioritized	1.02419805298436	screen_specific_or_low_priority	1.02419805298436			True	False	False	389677	77604	HGNC:32310	MGI:1924854	False	nonidentical_symbol
DUSP14	DUSP14	DUSP14	Dusp14	51628278	True	True	False	False	True	True	False	False	0.9460304822565969	0.6637414095135427			0.125	0.0625			0.0756463453558889	0.31344117361313517			0.5	0.5			0.25	0.5			3.0	4.0			6.0	4.0			1.0	1.0			2	2	2	1.0	0.0756463453558889	False	True	False	True	False	False	strict_shared_full_matrix_only	7.075646345355889					False	unclassified_shared_neuronal_or_context	exploratory_context	2.0248124025794936	shared_positive_both_screens	2.0248124025794936			True	True	True	11072	56405	HGNC:17007	MGI:1927168	True	same_symbol
CCSAP	CCSAP	CCSAP	Ccsap	51617979	True	True	False	False	True	True	False	False	0.9460304822565969	0.6637414095135427			0.125	0.125			0.0753271624640919	0.2462006079027355			0.5	0.5			0.5	0.5			3.0	3.0			6.0	3.0			1.0	1.0			2	2	2	1.0	0.0753271624640919	False	True	False	True	False	False	strict_shared_full_matrix_only	7.075327162464092					False	unclassified_shared_neuronal_or_context	exploratory_context	1.019031279923396	shared_positive_both_screens	1.019031279923396			True	True	True	126731	73420	HGNC:29578	MGI:1920670	True	same_symbol
SIRT1	SIRT1	SIRT1	Sirt1	51622550	True	True	False	False	True	True	False	False	0.9460304822565969	0.6637414095135427			0.125	0.0625			0.0784167289021657	0.07213417281806335			0.5	0.5			0.25	0.5			3.0	4.0			6.0	4.0			1.0	1.0			2	2	2	1.0	0.07213417281806335	False	True	False	True	False	False	strict_shared_full_matrix_only	7.072134172818063					False	unclassified_shared_neuronal_or_context	exploratory_context	2.0199522579648286	shared_positive_both_screens	2.0199522579648286			True	True	True	23411	93759	HGNC:14929	MGI:2135607	True	same_symbol
CYGB	CYGB	CYGB	Cygb	51618072	True	True	False	False	True	True	False	False	0.9460304822565969	0.6637414095135427			0.125	0.0625			0.07108190380588865	0.4659937470447455			0.5	0.5			0.5	0.5			3.0	4.0			6.0	4.0			1.0	1.0			2	2	2	1.0	0.07108190380588865	False	True	False	True	False	False	strict_shared_full_matrix_only	7.071081903805888					False	unclassified_shared_neuronal_or_context	exploratory_context	2.010344520803798	shared_positive_both_screens	2.010344520803798			True	True	True	114757	114886	HGNC:16505	MGI:2149481	True	same_symbol
FAM131B	FAM131B	FAM131B	Fam131b	51617919	True	True	False	False	True	True	False	False	0.9460304822565969	0.6637414095135427			0.125	0.0625			0.0692227896584743	0.14722861584377464			0.5	0.5			0.25	0.5			3.0	4.0			6.0	4.0			1.0	1.0			2	2	2	1.0	0.0692227896584743	False	True	False	True	False	False	strict_shared_full_matrix_only	7.0692227896584745					False	unclassified_shared_neuronal_or_context	exploratory_context	2.0173347008357636	shared_positive_both_screens	2.0173347008357636			True	True	True	9715	76156	HGNC:22202	MGI:1923406	True	same_symbol
ATXN7L2	ATXN7L2	ATXN7L2	Atxn7l2	51616368	True	True	False	False	True	True	False	False	0.9460304822565969	0.6637414095135427			0.125	0.0625			0.06535960754421449	0.11307268462616755			0.5	0.5			0.25	0.5			3.0	4.0			6.0	4.0			1.0	1.0			2	2	2	1.0	0.06535960754421449	False	True	False	True	False	False	strict_shared_full_matrix_only	7.065359607544215					False	unclassified_shared_neuronal_or_context	exploratory_context	2.0194131425344706	shared_positive_both_screens	2.0194131425344706			True	True	True	127002	72522	HGNC:28713	MGI:1919772	True	same_symbol
ZNF189	ZNF189	ZNF189	Zfp189	51626056	True	True	False	False	True	True	False	False	0.9460304822565969	0.6637414095135427			0.125	0.0625			0.0638536221060493	0.13586903720975418			0.5	0.5			0.5	0.5			3.0	4.0			6.0	4.0			1.0	1.0			2	2	2	1.0	0.0638536221060493	False	True	False	True	False	False	strict_shared_full_matrix_only	7.063853622106049					False	unclassified_shared_neuronal_or_context	not_prioritized	0.5228016278327482	screen_specific_or_low_priority	0.5228016278327482			True	False	False	7743	230162	HGNC:12980	MGI:2444707	False	nonidentical_symbol
CBX8	CBX8	CBX8	Cbx8	51617445	True	True	False	False	True	True	False	False	0.9460304822565969	0.6637414095135427			0.125	0.0625			0.0722550271305458	0.06196104118103635			0.5	0.5			0.25	0.5			3.0	4.0			6.0	4.0			1.0	1.0			2	2	2	1.0	0.06196104118103635	False	True	False	True	False	False	strict_shared_full_matrix_only	7.0619610411810365					False	unclassified_shared_neuronal_or_context	exploratory_context	2.0017931174888335	shared_positive_both_screens	2.0017931174888335			True	True	True	57332	30951	HGNC:15962	MGI:1353589	True	same_symbol
RECQL5	RECQL5	RECQL5	Recql5	51624070	True	True	False	False	True	True	False	False	0.9460304822565969	0.6637414095135427			0.125	0.0625			0.060808305524657	0.1593558729233459			0.5	0.5			0.25	0.5			3.0	4.0			6.0	4.0			1.0	1.0			2	2	2	1.0	0.060808305524657	False	True	False	True	False	False	strict_shared_full_matrix_only	7.060808305524657					False	unclassified_shared_neuronal_or_context	exploratory_context	2.0169670324268933	shared_positive_both_screens	2.0169670324268933			True	True	True	9400	170472	HGNC:9950	MGI:2156841	True	same_symbol
CCNJ	CCNJ	CCNJ	Ccnj	51631233	True	True	False	False	True	True	False	False	0.9460304822565969	0.6637414095135427			0.125	0.0625			0.06077247419502735	0.10800682849648166			0.5	0.5			0.25	0.5			3.0	4.0			6.0	4.0			1.0	1.0			2	2	2	1.0	0.06077247419502735	False	True	False	True	False	False	strict_shared_full_matrix_only	7.060772474195027					False	unclassified_shared_neuronal_or_context	exploratory_context	2.0157696023221296	shared_positive_both_screens	2.0157696023221296			True	True	True	54619	240665	HGNC:23434	MGI:2443297	True	same_symbol
INAFM2	INAFM2	INAFM2	Inafm2	51630835	True	True	False	False	True	True	False	False	1.0	0.6637414095135427			0.25	0.25			0.058233052402431575	0.27646673944671935			0.5	0.5			0.5	0.5			2.0	2.0			5.0	2.0			1.0	1.0			2	2	2	1.0	0.058233052402431575	False	True	False	True	False	False	strict_shared_full_matrix_only	7.058233052402431					False	cytoskeleton_morphogenesis	not_prioritized	1.5083320460631149	screen_specific_or_low_priority	1.5083320460631149			True	True	True	100505573	100043272	HGNC:35165	MGI:1915354	True	same_symbol
IER5L	IER5L	IER5L	Ier5l	51620538	True	True	False	False	True	True	False	False	0.9460304822565969	0.6637414095135427			0.125	0.125			0.0590778097982708	0.0553239092850605			0.5	0.5			0.25	0.5			3.0	3.0			6.0	3.0			1.0	1.0			2	2	2	1.0	0.0553239092850605	False	True	False	True	False	False	strict_shared_full_matrix_only	7.05532390928506					False	unclassified_shared_neuronal_or_context	exploratory_context	1.012158054711246	shared_positive_both_screens	1.012158054711246			True	True	True	389792	72500	HGNC:23679	MGI:1919750	True	same_symbol
MTG1	MTG1	MTG1	Mtg1	51621552	True	True	False	False	True	True	False	False	0.9460304822565969	0.6637414095135427			0.125	0.0625			0.0545403766358123	0.31818087188241656			0.5	0.5			0.25	0.5			3.0	4.0			6.0	4.0			1.0	1.0			2	2	2	1.0	0.0545403766358123	False	True	False	True	False	False	strict_shared_full_matrix_only	7.054540376635813					False	unclassified_shared_neuronal_or_context	exploratory_context	2.0029738492686633	shared_positive_both_screens	2.0029738492686633			True	True	True	92170	212508	HGNC:32159	MGI:2685015	True	same_symbol
KLHL15	KLHL15	KLHL15	Klhl15	51627437	True	True	False	False	True	True	False	False	0.9460304822565969	0.6637414095135427			0.125	0.0625			0.0774935113088617	0.049112785559662656			0.5	0.5			0.25	0.5			3.0	4.0			6.0	4.0			1.0	1.0			2	2	2	1.0	0.049112785559662656	False	True	False	True	False	False	strict_shared_full_matrix_only	7.049112785559663					False	unclassified_shared_neuronal_or_context	exploratory_context	2.0158354578869284	shared_positive_both_screens	2.0158354578869284			True	True	True	80311	236904	HGNC:29347	MGI:1923400	True	same_symbol
SNTB2	SNTB2	SNTB2	Sntb2	51624839	True	True	False	False	True	True	False	False	0.9460304822565969	0.6637414095135427			0.125	0.0625			0.0456062291434927	0.17229338543928205			0.5	0.5			0.25	0.5			3.0	4.0			6.0	4.0			1.0	1.0			2	2	2	1.0	0.0456062291434927	False	True	False	True	False	False	strict_shared_full_matrix_only	7.045606229143493					False	unclassified_shared_neuronal_or_context	exploratory_context	2.01548704185139	shared_positive_both_screens	2.01548704185139			True	True	True	6645	20650	HGNC:11169	MGI:101771	True	same_symbol
ABCC8	ABCC8	ABCC8	Abcc8	51625643	True	True	False	False	True	True	False	False	0.9460304822565969	0.6637414095135427			0.125	0.0625			0.0437280561761889	0.29364269753369143			0.5	0.5			0.5	0.5			3.0	4.0			6.0	4.0			1.0	1.0			2	2	2	1.0	0.0437280561761889	False	True	False	True	False	False	strict_shared_full_matrix_only	7.043728056176189					False	unclassified_shared_neuronal_or_context	not_prioritized	1.0112897342074223	screen_specific_or_low_priority	1.0112897342074223			True	True	True	6833	20927	HGNC:59	MGI:1352629	True	same_symbol
PIM2	PIM2	PIM2	Pim2	51616861	True	True	False	False	True	True	False	False	0.9460304822565969	0.6637414095135427			0.125	0.0625			0.0432996982680402	0.2536224341091726			0.5	0.5			0.25	0.5			3.0	4.0			6.0	4.0			1.0	1.0			2	2	2	1.0	0.0432996982680402	False	True	False	True	False	False	strict_shared_full_matrix_only	7.04329969826804					False	unclassified_shared_neuronal_or_context	not_prioritized	1.0108030885804666	screen_specific_or_low_priority	1.0108030885804666			True	True	True	11040	18715	HGNC:8987	MGI:97587	True	same_symbol
ZNHIT2	ZNHIT2	ZNHIT2	Znhit2	51628850	True	True	False	False	True	True	False	False	0.9460304822565969	0.6637414095135427			0.125	0.0625			0.0406559208426428	0.16576462176709716			0.5	0.5			0.25	0.5			3.0	4.0			6.0	4.0			1.0	1.0			2	2	2	1.0	0.0406559208426428	False	True	False	True	False	False	strict_shared_full_matrix_only	7.040655920842643					False	unclassified_shared_neuronal_or_context	not_prioritized	1.0098337250137082	screen_specific_or_low_priority	1.0098337250137082			True	True	True	741	29805	HGNC:1177	MGI:1352481	True	same_symbol
NPHP4	NPHP4	NPHP4	Nphp4	51625442	True	True	False	False	True	True	False	False	0.9460304822565969	0.6637414095135427			0.125	0.0625			0.0367074527252502	0.1172259926996155			0.5	0.5			0.25	0.5			3.0	4.0			6.0	4.0			1.0	1.0			2	2	2	1.0	0.0367074527252502	False	True	False	True	False	False	strict_shared_full_matrix_only	7.03670745272525					False	unclassified_shared_neuronal_or_context	not_prioritized	1.0100519282285043	screen_specific_or_low_priority	1.0100519282285043			True	True	True	261734	260305	HGNC:19104	MGI:2384210	True	same_symbol
UNCX	UNCX	UNCX	Uncx	51630741	True	True	False	False	True	True	False	False	0.9460304822565969	0.6637414095135427			0.125	0.25			0.3357266322060426	0.0343482737051221			0.5	0.5			0.5	0.5			3.0	2.0			6.0	2.0			1.0	1.0			2	2	2	1.0	0.0343482737051221	False	True	False	True	False	False	strict_shared_full_matrix_only	7.034348273705122					False	unclassified_shared_neuronal_or_context	not_prioritized	1.0	screen_specific_or_low_priority	1.0			True	True	True	340260	22255	HGNC:33194	MGI:108013	True	same_symbol
TRAIP	TRAIP	TRAIP	Traip	51628155	True	True	False	False	True	True	False	False	0.9460304822565969	0.6637414095135427			0.125	0.0625			0.0341525694222789	0.20466405740378335			0.5	0.5			0.25	0.5			3.0	4.0			6.0	4.0			1.0	1.0			2	2	2	1.0	0.0341525694222789	False	True	False	True	False	False	strict_shared_full_matrix_only	7.034152569422279					False	unclassified_shared_neuronal_or_context	not_prioritized	1.0109632203555965	screen_specific_or_low_priority	1.0109632203555965			True	True	True	10293	22036	HGNC:30764	MGI:1096377	True	same_symbol
KLHDC9	KLHDC9	KLHDC9	Klhdc9	51633372	True	True	False	False	True	True	False	False	0.9460304822565969	0.6637414095135427			0.125	0.0625			0.0341018251681075	0.20185007841667707			0.5	0.5			0.25	0.5			3.0	4.0			6.0	4.0			1.0	1.0			2	2	2	1.0	0.0341018251681075	False	True	False	True	False	False	strict_shared_full_matrix_only	7.034101825168108					False	unclassified_shared_neuronal_or_context	not_prioritized	1.008370271088508	screen_specific_or_low_priority	1.008370271088508			True	True	True	126823	68874	HGNC:28489	MGI:1916124	True	same_symbol
MUTYH	MUTYH	MUTYH	Mutyh	51625233	True	True	False	False	True	True	False	False	0.9460304822565969	0.6637414095135427			0.125	0.0625			0.1078976640711902	0.033036618902880246			0.5	0.5			0.5	0.5			3.0	4.0			6.0	4.0			1.0	1.0			2	2	2	1.0	0.033036618902880246	False	True	False	True	False	False	strict_shared_full_matrix_only	7.03303661890288					False	unclassified_shared_neuronal_or_context	not_prioritized	1.0090439098082422	screen_specific_or_low_priority	1.0090439098082422			True	True	True	4595	70603	HGNC:7527	MGI:1917853	True	same_symbol
FGF5	FGF5	FGF5	Fgf5	51630695	True	True	False	False	True	True	False	False	0.9460304822565969	0.6637414095135427			0.125	0.0625			0.0316390041493775	0.05033587320092705			0.5	0.5			0.5	0.5			3.0	4.0			6.0	4.0			1.0	1.0			2	2	2	1.0	0.0316390041493775	False	True	False	True	False	False	strict_shared_full_matrix_only	7.031639004149378					False	unclassified_shared_neuronal_or_context	not_prioritized	1.004081103603564	screen_specific_or_low_priority	1.004081103603564			True	True	True	2250	14176	HGNC:3683	MGI:95519	True	same_symbol
YOD1	YOD1	YOD1	Yod1	51620496	True	True	False	False	True	True	False	False	0.9460304822565969	0.6637414095135427			0.125	0.0625			0.0291660924924778	0.2097809507941694			0.5	0.5			0.25	0.5			3.0	4.0			6.0	4.0			1.0	1.0			2	2	2	1.0	0.0291660924924778	False	True	False	True	False	False	strict_shared_full_matrix_only	7.029166092492478					False	unclassified_shared_neuronal_or_context	not_prioritized	1.025246155342193	screen_specific_or_low_priority	1.025246155342193			True	True	True	55432	226418	HGNC:25035	MGI:2442596	True	same_symbol
ADAMTS20	ADAMTS20	ADAMTS20	Adamts20	51631746	True	True	False	False	True	True	False	False	0.9460304822565969	0.6637414095135427			0.125	0.0625			0.0283381364073006	0.08532349109856704			0.5	0.5			0.5	0.5			3.0	4.0			6.0	4.0			1.0	1.0			2	2	2	1.0	0.0283381364073006	False	True	False	True	False	False	strict_shared_full_matrix_only	7.0283381364073					False	unclassified_shared_neuronal_or_context	not_prioritized	1.0045265670521462	screen_specific_or_low_priority	1.0045265670521462			True	True	True	80070	223838	HGNC:17178	MGI:2660628	True	same_symbol
TMEM132E	TMEM132E	TMEM132E	Tmem132e	51631470	True	True	False	False	True	True	False	False	0.9460304822565969	0.6637414095135427			0.125	0.0625			0.0281794586577678	0.04877447918835265			0.5	0.5			0.5	0.5			3.0	4.0			6.0	4.0			1.0	1.0			2	2	2	1.0	0.0281794586577678	False	True	False	True	False	False	strict_shared_full_matrix_only	7.0281794586577675					False	unclassified_shared_neuronal_or_context	exploratory_context	2.0119709013389424	shared_positive_both_screens	2.0119709013389424			True	True	True	124842	270893	HGNC:26991	MGI:2685490	True	same_symbol
ARSJ	ARSJ	ARSJ	Arsj	51631869	True	True	False	False	True	True	False	False	0.9460304822565969	0.6637414095135427			0.125	0.0625			0.0266500944540994	0.07978723404255314			0.5	0.5			0.5	0.5			3.0	4.0			6.0	4.0			1.0	1.0			2	2	2	1.0	0.0266500944540994	False	True	False	True	False	False	strict_shared_full_matrix_only	7.0266500944541					False	unclassified_shared_neuronal_or_context	not_prioritized	1.0011958316314358	screen_specific_or_low_priority	1.0011958316314358			True	True	True	79642	271970	HGNC:26286	MGI:2443513	True	same_symbol
VIPR1	VIPR1	VIPR1	Vipr1	51626283	True	True	False	False	True	True	False	False	0.9460304822565969	0.6637414095135427			0.125	0.0625			0.02510716027101175	0.11076182148755741			0.5	0.5			0.5	0.5			3.0	4.0			6.0	4.0			1.0	1.0			2	2	2	1.0	0.02510716027101175	False	True	False	True	False	False	strict_shared_full_matrix_only	7.025107160271012					False	unclassified_shared_neuronal_or_context	not_prioritized	1.0076913583372362	screen_specific_or_low_priority	1.0076913583372362			True	True	True	7433	22354	HGNC:12694	MGI:109272	True	same_symbol
CYB561D1	CYB561D1	CYB561D1	Cyb561d1	51630158	True	True	False	False	True	True	False	False	0.9460304822565969	0.6637414095135427			0.125	0.0625			0.024246896700996598	0.1186034891951534			0.5	0.5			0.25	0.5			3.0	4.0			6.0	4.0			1.0	1.0			2	2	2	1.0	0.024246896700996598	False	True	False	True	False	False	strict_shared_full_matrix_only	7.024246896700997					False	unclassified_shared_neuronal_or_context	not_prioritized	1.0063590744267013	screen_specific_or_low_priority	1.0063590744267013			True	True	True	284613	72023	HGNC:26804	MGI:1919273	True	same_symbol
HPDL	HPDL	HPDL	Hpdl	51620869	True	True	False	False	True	True	False	False	0.9460304822565969	0.6637414095135427			0.125	0.0625			0.0241382061921481	0.056636965482783005			0.5	0.5			2.7755575615628914e-17	0.5			3.0	4.0			6.0	4.0			1.0	1.0			2	2	2	1.0	0.0241382061921481	False	True	False	True	False	False	strict_shared_full_matrix_only	7.0241382061921485					False	unclassified_shared_neuronal_or_context	not_prioritized	0.8335628683513094	screen_specific_or_low_priority	0.8335628683513094			True	True	True	84842	242642	HGNC:28242	MGI:2444646	True	same_symbol
PDXP	PDXP	PDXP	Pdxp	51629396	True	True	False	False	True	True	False	False	1.0	0.6637414095135427			0.25	0.25			0.02391967887478765	0.7425821392386742			0.5	0.5			0.5	0.5			2.0	2.0			3.0	2.0			1.0	1.0			2	2	2	1.0	0.02391967887478765	False	True	False	True	False	False	strict_shared_full_matrix_only	7.023919678874788					False	unclassified_shared_neuronal_or_context	not_prioritized	1.0	screen_specific_or_low_priority	1.0			True	True	True	57026	57028	HGNC:30259	MGI:1919282	True	same_symbol
RASD1	RASD1	RASD1	Rasd1	51629767	True	True	False	False	True	True	False	False	0.9460304822565969	0.6637414095135427			0.125	0.0625			0.0211345939933259	0.11430792077833755			0.5	0.5			0.25	0.5			3.0	4.0			6.0	4.0			1.0	1.0			2	2	2	1.0	0.0211345939933259	False	True	False	True	False	False	strict_shared_full_matrix_only	7.021134593993326					False	unclassified_shared_neuronal_or_context	not_prioritized	1.0035753567360963	screen_specific_or_low_priority	1.0035753567360963			True	True	True	51655	19416	HGNC:15828	MGI:1270848	True	same_symbol
SLC35G1	SLC35G1	SLC35G1	Slc35g1	51624965	True	True	False	False	True	True	False	False	0.9460304822565969	0.6637414095135427			0.125	0.125			0.0385413341844877	0.0153061224489795			0.5	0.5			0.25	0.5			3.0	3.0			6.0	3.0			1.0	1.0			2	2	2	1.0	0.0153061224489795	False	True	False	True	False	False	strict_shared_full_matrix_only	7.01530612244898					False	unclassified_shared_neuronal_or_context	not_prioritized	1.007291527863427	screen_specific_or_low_priority	1.007291527863427			True	True	True	159371	240660	HGNC:26607	MGI:2444789	True	same_symbol
CPNE6	CPNE6	CPNE6	Cpne6	51632424	True	True	False	False	True	True	False	False	0.9460304822565969	0.6637414095135427			0.125	0.0625			0.014876491317195099	0.8651649526030173			0.5	0.5			0.5	0.5			3.0	4.0			6.0	4.0			1.0	1.0			2	2	2	1.0	0.014876491317195099	False	True	False	True	False	False	strict_shared_full_matrix_only	7.014876491317195					False	unclassified_shared_neuronal_or_context	not_prioritized	1.006057804086596	screen_specific_or_low_priority	1.006057804086596			True	True	True	9362	12891	HGNC:2319	MGI:1334445	True	same_symbol
TBC1D8B	TBC1D8B	TBC1D8B	Tbc1d8b	51620131	True	True	False	False	True	True	False	False	0.9460304822565969	0.6637414095135427			0.125	0.0625			0.0129773822766036	0.14745259806050076			0.5	0.5			0.25	0.5			3.0	4.0			6.0	4.0			1.0	1.0			2	2	2	1.0	0.0129773822766036	False	True	False	True	False	False	strict_shared_full_matrix_only	7.0129773822766035					False	unclassified_shared_neuronal_or_context	not_prioritized	0.8363509548083339	screen_specific_or_low_priority	0.8363509548083339			True	True	True	54885	245638	HGNC:24715	MGI:1918101	True	same_symbol
PTPN3	PTPN3	PTPN3	Ptpn3	51620089	True	True	False	False	True	True	False	False	0.9460304822565969	0.6637414095135427			0.125	0.0625			0.0129682997118155	0.24397648887593504			0.5	0.5			0.5	0.5			3.0	4.0			6.0	4.0			1.0	1.0			2	2	2	1.0	0.0129682997118155	False	True	False	True	False	False	strict_shared_full_matrix_only	7.012968299711815					False	unclassified_shared_neuronal_or_context	not_prioritized	1.0053084907873526	screen_specific_or_low_priority	1.0053084907873526			True	True	True	5774	545622	HGNC:9655	MGI:105307	True	same_symbol
RASD2	RASD2	RASD2	Rasd2	51629768	True	True	False	False	True	True	False	False	0.9460304822565969	0.6637414095135427			0.125	0.0625			0.0129668049792531	0.1495884859335748			0.5	0.5			2.7755575615628914e-17	0.5			3.0	4.0			6.0	4.0			1.0	1.0			2	2	2	1.0	0.0129668049792531	False	True	False	True	False	False	strict_shared_full_matrix_only	7.0129668049792535					False	unclassified_shared_neuronal_or_context	not_prioritized	0.8370546320513337	screen_specific_or_low_priority	0.8370546320513337			True	True	True	23551	75141	HGNC:18229	MGI:1922391	True	same_symbol
ITGAE	ITGAE	ITGAE	Itgae	51622804	True	True	False	False	True	True	False	False	0.9460304822565969	0.6637414095135427			0.125	0.125			0.0346737043402404	0.0121580547112462			0.5	0.5			0.5	0.5			3.0	3.0			6.0	3.0			1.0	1.0			2	2	2	1.0	0.0121580547112462	False	True	False	True	False	False	strict_shared_full_matrix_only	7.0121580547112465					False	unclassified_shared_neuronal_or_context	not_prioritized	1.0040511662382063	screen_specific_or_low_priority	1.0040511662382063			True	True	True	3682	16407	HGNC:6147	MGI:1298377	True	same_symbol
BCL2L15	BCL2L15	BCL2L15	Bcl2l15	51631928	True	True	False	False	True	True	False	False	0.9460304822565969	0.6637414095135427			0.125	0.0625			0.0110470701248799	0.07736286003763204			0.5	0.5			0.25	0.5			3.0	4.0			6.0	4.0			1.0	1.0			2	2	2	1.0	0.0110470701248799	False	True	False	True	False	False	strict_shared_full_matrix_only	7.01104707012488					False	regulatory_morphogenesis_candidate	not_prioritized	1.5024543058351678	screen_specific_or_low_priority	1.5024543058351678			True	True	True	440603	229672	HGNC:33624	MGI:2685412	True	same_symbol
SYNPO	SYNPO	SYNPO	Synpo	51635717	True	True	False	False	True	True	False	False	0.9460304822565969	0.6637414095135427			0.125	0.0625			0.0080822989003322	0.4771342521269656			0.5	0.5			0.5	0.5			3.0	4.0			6.0	4.0			1.0	1.0			2	2	2	1.0	0.0080822989003322	False	True	False	True	False	False	strict_shared_full_matrix_only	7.008082298900332					False	synaptic_wiring	not_prioritized	1.5024687825511396	screen_specific_or_low_priority	1.5024687825511396			True	True	True	11346	104027	HGNC:30672	MGI:1099446	True	same_symbol
ACTC1	ACTC1	ACTC1	Actc1	51615940	True	True	False	False	True	True	False	False	0.9460304822565969	0.6637414095135427			0.125	0.125			0.0081572117167222	0.0068493150684931			0.5	0.5			0.5	0.5			3.0	3.0			6.0	3.0			1.0	1.0			2	2	2	1.0	0.0068493150684931	False	True	False	True	False	False	strict_shared_full_matrix_only	7.006849315068493					False	cytoskeleton_morphogenesis	not_prioritized	1.5001271229533204	screen_specific_or_low_priority	1.5001271229533204			True	True	True	70	11464	HGNC:143	MGI:87905	True	same_symbol
LRRC26	LRRC26	LRRC26	Lrrc26	51633636	True	True	False	False	True	True	False	False	0.9460304822565969	0.6637414095135427			0.125	0.25			0.005016502177010249	0.01405457440628355			0.5	0.5			0.5	0.5			3.0	2.0			6.0	2.0			1.0	1.0			2	2	2	1.0	0.005016502177010249	False	True	False	True	False	False	strict_shared_full_matrix_only	7.0050165021770106					False	unclassified_shared_neuronal_or_context	not_prioritized	0.91677016069947	screen_specific_or_low_priority	0.91677016069947			True	True	True	389816	227618	HGNC:31409	MGI:2385129	True	same_symbol
MYH3	MYH3	MYH3	Myh3	51621191	True	True	False	False	True	True	False	False	0.9460304822565969	0.6637414095135427			0.125	0.0625			0.0041892754548356	0.01140858558521045			0.5	0.5			0.25	0.5			3.0	4.0			6.0	4.0			1.0	1.0			2	2	2	1.0	0.0041892754548356	False	True	False	True	False	False	strict_shared_full_matrix_only	7.004189275454835					False	unclassified_shared_neuronal_or_context	not_prioritized	1.0009439284039967	screen_specific_or_low_priority	1.0009439284039967			True	True	True	4621	17883	HGNC:7573	MGI:1339709	True	same_symbol
SLC1A7	SLC1A7	SLC1A7	Slc1a7	51618800	True	True	False	False	True	True	False	False	0.9460304822565969	0.6637414095135427			0.125	0.25			0.0026138909634055	0.2979960546607802			0.5	0.5			0.5	0.5			3.0	2.0			4.0	2.0			1.0	1.0			2	2	2	1.0	0.0026138909634055	False	True	False	True	False	False	strict_shared_full_matrix_only	7.0026138909634055					False	unclassified_shared_neuronal_or_context	not_prioritized	1.0007561051982488	screen_specific_or_low_priority	1.0007561051982488			True	True	True	6512	242607	HGNC:10945	MGI:2444087	True	same_symbol
PCDHGB2	PCDHGB2	PCDHGB2	Pcdhgb2	51618705	True	True	False	False	True	True	False	False	0.9460304822565969	0.6637414095135427			0.125	0.125			0.0023539738270028	0.0020263424518743			0.5	0.5			0.25	0.5			3.0	3.0			6.0	3.0			1.0	1.0			2	2	2	1.0	0.0020263424518743	False	True	False	True	False	False	strict_shared_full_matrix_only	7.002026342451875					False	axon_guidance_adhesion	not_prioritized	1.5	screen_specific_or_low_priority	1.5			True	True	True	56103	93700	HGNC:8709	MGI:1935170	True	same_symbol
TH	TH	TH	Th	51627001	True	True	False	False	True	True	False	False	0.9460304822565969	0.6637414095135427			0.125	0.25			0.0014409221902017	0.1405635064480941			0.5	0.5			0.5	0.5			3.0	2.0			6.0	2.0			1.0	1.0			2	2	2	1.0	0.0014409221902017	False	True	False	True	False	False	strict_shared_full_matrix_only	7.001440922190202					False	unclassified_shared_neuronal_or_context	not_prioritized	0.9169858253219773	screen_specific_or_low_priority	0.9169858253219773			True	True	True	7054	21823	HGNC:11782	MGI:98735	True	same_symbol
TMEM223	TMEM223	TMEM223	Tmem223	51628196	True	True	False	False	True	True	False	False	1.0	0.6637414095135427			0.25	0.25			0.1124370737232805	0.812201476335215			0.375	0.5			0.25	0.5			2.0	2.0			3.0	2.0			1.0	1.0			2	2	2	0.875	0.1124370737232805	False	True	False	True	False	False	strict_shared_full_matrix_only	6.987437073723281					False	unclassified_shared_neuronal_or_context	exploratory_context	1.0210600566866244	shared_positive_both_screens	1.0210600566866244			True	True	True	79064	66836	HGNC:28464	MGI:1914086	True	same_symbol
TMEM134	TMEM134	TMEM134	Tmem134	51629707	True	True	False	False	True	True	False	False	1.0	0.6637414095135427			0.25	0.125			0.08472552439633182	0.3724489795918367			0.375	0.5			0.25	0.5			2.0	3.0			3.0	3.0			1.0	1.0			2	2	2	0.875	0.08472552439633182	False	True	False	True	False	False	strict_shared_full_matrix_only	6.959725524396331					False	unclassified_shared_neuronal_or_context	not_prioritized	1.0113449972662658	screen_specific_or_low_priority	1.0113449972662658			True	True	True	80194	66990	HGNC:26142	MGI:1914240	True	same_symbol
SNHG10	SNHG10	SNHG10	Snhg10	51635508	True	True	False	False	True	True	False	False	1.0	0.6637414095135427			0.25	0.25			0.03809968782750997	0.3057606021131857			0.375	0.5			0.25	0.5			2.0	2.0			3.0	2.0			1.0	1.0			2	2	2	0.875	0.03809968782750997	False	True	False	True	False	False	strict_shared_full_matrix_only	6.91309968782751					False	unclassified_shared_neuronal_or_context	not_prioritized	1.0071077091306724	screen_specific_or_low_priority	1.0071077091306724			True	True	True	283596	69434	HGNC:27510	MGI:1916684	True	same_symbol
ITPRIP	ITPRIP	ITPRIP	Itprip	51628517	True	True	False	False	True	True	False	False	1.0	0.6637414095135427			0.25	0.25			0.0312385099934004	0.026469098277608898			0.375	0.5			0.25	0.5			2.0	2.0			3.0	2.0			1.0	1.0			2	2	2	0.875	0.026469098277608898	False	True	False	True	False	False	strict_shared_full_matrix_only	6.901469098277609					False	unclassified_shared_neuronal_or_context	not_prioritized	1.003143794423182	screen_specific_or_low_priority	1.003143794423182			True	True	True	85450	414801	HGNC:29370	MGI:3042776	True	same_symbol
FRAT1	FRAT1	FRAT1	Frat1	51631684	True	True	False	False	True	True	False	False	1.0	0.6637414095135427			0.25	0.25			0.01185573622992525	0.3752532928064843			0.375	0.5			0.25	0.5			2.0	2.0			3.0	2.0			1.0	1.0			2	2	2	0.875	0.01185573622992525	False	True	False	True	False	False	strict_shared_full_matrix_only	6.886855736229926					False	unclassified_shared_neuronal_or_context	not_prioritized	1.002361528553027	screen_specific_or_low_priority	1.002361528553027			True	True	True	10023	14296	HGNC:3944	MGI:109450	True	same_symbol
BHMT2	BHMT2	BHMT2	Bhmt2	51621707	True	True	False	False	True	True	False	False	1.0	0.6637414095135427			0.25	0.125			0.0015394395688722751	0.0040526849037487			0.375	0.5			0.25	0.5			2.0	3.0			3.0	3.0			1.0	1.0			2	2	2	0.875	0.0015394395688722751	False	True	False	True	False	False	strict_shared_full_matrix_only	6.876539439568872					False	unclassified_shared_neuronal_or_context	not_prioritized	1.0003890041493777	screen_specific_or_low_priority	1.0003890041493777			True	True	True	23743	64918	HGNC:1048	MGI:1891379	True	same_symbol
FGF16	FGF16	FGF16	Fgf16	51630788	True	True	False	False	True	True	False	False	1.0	0.6637414095135427			0.25	0.0625			0.0010653069833361749	0.007983928050963849			0.375	0.5			0.25	0.5			2.0	4.0			3.0	4.0			1.0	1.0			2	2	2	0.875	0.0010653069833361749	False	True	False	True	False	False	strict_shared_full_matrix_only	6.876065306983336					False	unclassified_shared_neuronal_or_context	not_prioritized	1.0002940954936448	screen_specific_or_low_priority	1.0002940954936448			True	True	True	8823	80903	HGNC:3672	MGI:1931627	True	same_symbol
CETN4P	CETN4P	CETN4P	Cetn4	51617278	True	True	False	False	True	True	False	False	1.0	0.6637414095135427			0.25	0.0625			0.042542914223426105	0.0735465954916493			0.25	0.5			2.7755575615628914e-17	0.5			2.0	4.0			5.0	4.0			1.0	1.0			2	2	2	0.75	0.042542914223426105	False	True	False	True	False	False	strict_shared_full_matrix_only	6.792542914223426													True	False	False	729338	207175	HGNC:35450	MGI:2677454	False	nonidentical_symbol
F12	F12	F12	F12	51632772	True	True	False	False	True	True	False	False	1.0	0.6637414095135427			0.25	0.125			0.026928100694262023	0.0068493150684931			0.25	0.5			2.7755575615628914e-17	0.5			2.0	3.0			3.0	3.0			1.0	1.0			2	2	2	0.75	0.0068493150684931	False	True	False	True	False	False	strict_shared_full_matrix_only	6.756849315068493					False	unclassified_shared_neuronal_or_context	not_prioritized	0.9168033533807184	screen_specific_or_low_priority	0.9168033533807184			True	True	True	2161	58992	HGNC:3530	MGI:1891012	True	same_symbol
RPS29	RPS29	RPS29	Rps29	51628690	True	False	False	False	True	True	False	False	0.9460304822565969	0.6637414095135427			0.125	0.3125			0.98404085541015	0.992871616731799			0.5	0.5			0.25	-0.5			3.0	4.0			6.0	4.0			1.0	0.75			2	1	2	1.0	0.98404085541015	False	True	False	False	False	False	supported_shared_full_matrix_only	5.98404085541015					False	metabolic_or_housekeeping_support	supporting_context_not_core_executor	0.5958721924062358	shared_positive_both_screens	0.5958721924062358			True	True	True	6235	20090	HGNC:10419	MGI:107681	True	same_symbol
RPL18A	RPL18A	RPL18A	Rpl18a	51629586	True	False	False	False	True	True	False	False	0.9460304822565969	0.6637414095135427			0.125	0.3125			0.9883099265879348	0.9832953999471005			0.5	0.5			0.25	-0.5			3.0	4.0			6.0	4.0			1.0	0.75			2	1	2	1.0	0.9832953999471005	False	True	False	False	False	False	supported_shared_full_matrix_only	5.9832953999471					False	metabolic_or_housekeeping_support	supporting_context_not_core_executor	0.5199276632585161	shared_positive_both_screens	0.5199276632585161			True	True	True	6142	76808	HGNC:10311	MGI:1924058	True	same_symbol
RPS28	RPS28	RPS28	Rps28	51619455	True	False	False	False	True	True	False	False	0.9460304822565969	0.6637414095135427			0.125	0.3125			0.9851579955314396	0.981523303401867			0.5	0.5			0.25	-0.5			3.0	4.0			6.0	4.0			1.0	0.75			2	1	2	1.0	0.981523303401867	False	True	False	False	False	False	supported_shared_full_matrix_only	5.981523303401867					False	metabolic_or_housekeeping_support	supporting_context_not_core_executor	0.5425016298500831	shared_positive_both_screens	0.5425016298500831			True	True	True	6234	54127	HGNC:10418	MGI:1859516	True	same_symbol
FAU	FAU	FAU	Fau	51619423	True	False	False	False	True	True	False	False	0.9460304822565969	0.6637414095135427			0.125	0.3125			0.970954356846473	0.9717958601656786			0.5	0.5			0.25	-0.5			3.0	4.0			6.0	4.0			1.0	0.75			2	1	2	1.0	0.970954356846473	False	True	False	False	False	False	supported_shared_full_matrix_only	5.970954356846473					False	unclassified_shared_neuronal_or_context	exploratory_context	1.0664883720073393	shared_positive_both_screens	1.0664883720073393			True	True	True	2197	14109	HGNC:3597	MGI:102547	True	same_symbol
RPL35	RPL35	RPL35	Rpl35	51617710	True	False	False	False	True	True	False	False	0.9460304822565969	0.6637414095135427			0.125	0.3125			0.9666453878072137	0.9815160631526079			0.5	0.5			0.25	-0.5			3.0	4.0			6.0	4.0			1.0	0.75			2	1	2	1.0	0.9666453878072137	False	True	False	False	False	False	supported_shared_full_matrix_only	5.966645387807214					False	metabolic_or_housekeeping_support	supporting_context_not_core_executor	0.5520680458755292	shared_positive_both_screens	0.5520680458755292			True	True	True	11224	66489	HGNC:10344	MGI:1913739	True	same_symbol
RPL32	RPL32	RPL32	Rpl32	51628832	True	False	False	False	True	True	False	False	0.9460304822565969	0.6637414095135427			0.125	0.3125			0.9934966485796362	0.9637864701198979			0.5	0.5			0.25	-0.5			3.0	4.0			6.0	4.0			1.0	0.75			2	1	2	1.0	0.9637864701198979	False	True	False	False	False	False	supported_shared_full_matrix_only	5.9637864701198975					False	metabolic_or_housekeeping_support	supporting_context_not_core_executor	0.6011858856405672	shared_positive_both_screens	0.6011858856405672			True	True	True	6161	19951	HGNC:10336	MGI:98038	True	same_symbol
RPS3	RPS3	RPS3	Rps3	51619484	True	False	False	False	True	True	False	False	0.9460304822565969	0.6637414095135427			0.125	0.3125			0.9890679859559528	0.9636243915743474			0.5	0.5			0.25	-0.5			3.0	4.0			6.0	4.0			1.0	0.75			2	1	2	1.0	0.9636243915743474	False	True	False	False	False	False	supported_shared_full_matrix_only	5.963624391574347					False	metabolic_or_housekeeping_support	supporting_context_not_core_executor	0.6117061073518613	shared_positive_both_screens	0.6117061073518613			True	True	True	6188	27050	HGNC:10420	MGI:1350917	True	same_symbol
RPS6	RPS6	RPS6	Rps6	51627445	True	False	False	False	True	True	False	False	0.9460304822565969	0.6637414095135427			0.125	0.3125			0.9891876795403768	0.9570483096073217			0.5	0.5			0.25	-0.5			3.0	4.0			6.0	4.0			1.0	0.75			2	1	2	1.0	0.9570483096073217	False	True	False	False	False	False	supported_shared_full_matrix_only	5.9570483096073215					False	metabolic_or_housekeeping_support	supporting_context_not_core_executor	0.5825565660301237	shared_positive_both_screens	0.5825565660301237			True	True	True	6194	20104	HGNC:10429	MGI:98159	True	same_symbol
RPL24	RPL24	RPL24	Rpl24	51617734	True	False	False	False	True	True	False	False	0.9460304822565969	0.6637414095135427			0.125	0.3125			0.9839610596872008	0.9380637394230353			0.5	0.5			0.25	-0.5			3.0	4.0			6.0	4.0			1.0	0.75			2	1	2	1.0	0.9380637394230353	False	True	False	False	False	False	supported_shared_full_matrix_only	5.938063739423035					False	metabolic_or_housekeeping_support	supporting_context_not_core_executor	0.5821392367039315	shared_positive_both_screens	0.5821392367039315			True	True	True	6152	68193	HGNC:10325	MGI:1915443	True	same_symbol
RPL23	RPL23	RPL23	Rpl23	51619444	True	False	False	False	True	True	False	False	0.9460304822565969	0.6637414095135427			0.125	0.3125			0.9363629109479732	0.9310147652215506			0.5	0.5			0.25	-0.5			3.0	4.0			6.0	4.0			1.0	0.75			2	1	2	1.0	0.9310147652215506	False	True	False	False	False	False	supported_shared_full_matrix_only	5.93101476522155					False	metabolic_or_housekeeping_support	supporting_context_not_core_executor	0.5613053856678438	shared_positive_both_screens	0.5613053856678438			True	True	True	9349	65019	HGNC:10316	MGI:1929455	True	same_symbol
RPS5	RPS5	RPS5	Rps5	51617751	True	False	False	False	True	True	False	False	0.9460304822565969	0.6637414095135427			0.125	0.3125			0.9756623045004787	0.9293214926352147			0.5	0.5			0.25	-0.5			3.0	4.0			6.0	4.0			1.0	0.75			2	1	2	1.0	0.9293214926352147	False	True	False	False	False	False	supported_shared_full_matrix_only	5.929321492635214					False	metabolic_or_housekeeping_support	supporting_context_not_core_executor	0.5625192452417827	shared_positive_both_screens	0.5625192452417827			True	True	True	6193	20103	HGNC:10426	MGI:1097682	True	same_symbol
RPL8	RPL8	RPL8	Rpl8	51629845	True	False	False	False	True	True	False	False	0.9460304822565969	0.6637414095135427			0.125	0.3125			0.9809288222151292	0.9286731784530124			0.5	0.5			0.25	-0.5			3.0	4.0			6.0	4.0			1.0	0.75			2	1	2	1.0	0.9286731784530124	False	True	False	False	False	False	supported_shared_full_matrix_only	5.928673178453012					False	metabolic_or_housekeeping_support	supporting_context_not_core_executor	0.5642153711572822	shared_positive_both_screens	0.5642153711572822			True	True	True	6132	26961	HGNC:10368	MGI:1350927	True	same_symbol
RPL13	RPL13	RPL13	Rpl13	51630189	True	False	False	False	True	True	False	False	0.9460304822565969	0.6637414095135427			0.125	0.3125			0.994773380146824	0.9266728530594669			0.5	0.5			0.25	-0.5			3.0	4.0			6.0	4.0			1.0	0.75			2	1	2	1.0	0.9266728530594669	False	True	False	False	False	False	supported_shared_full_matrix_only	5.926672853059467					False	metabolic_or_housekeeping_support	supporting_context_not_core_executor	0.6470205171083099	shared_positive_both_screens	0.6470205171083099			True	True	True	6137	270106	HGNC:10303	MGI:105922	True	same_symbol
EIF4A1	EIF4A1	EIF4A1	Eif4a1	51618864	True	False	False	False	True	True	False	False	0.9460304822565969	0.6637414095135427			0.125	0.3125			0.9129827641238428	0.9315767402851551			0.5	0.5			0.25	-0.5			3.0	4.0			6.0	4.0			1.0	0.75			2	1	2	1.0	0.9129827641238428	False	True	False	False	False	False	supported_shared_full_matrix_only	5.912982764123843					False	metabolic_or_housekeeping_support	supporting_context_not_core_executor	0.5635891652297103	shared_positive_both_screens	0.5635891652297103			True	True	True	1973	13681	HGNC:3282	MGI:95303	True	same_symbol
RPS24	RPS24	RPS24	Rps24	51627436	True	False	False	False	True	True	False	False	0.9460304822565969	0.6637414095135427			0.125	0.3125			0.9908234918608364	0.9123079850937196			0.5	0.5			0.25	-0.5			3.0	4.0			6.0	4.0			1.0	0.75			2	1	2	1.0	0.9123079850937196	False	True	False	False	False	False	supported_shared_full_matrix_only	5.91230798509372					False	metabolic_or_housekeeping_support	supporting_context_not_core_executor	0.5933673746964767	shared_positive_both_screens	0.5933673746964767			True	True	True	6229	20088	HGNC:10411	MGI:98147	True	same_symbol
RPS14	RPS14	RPS14	Rps14	51619213	True	False	False	False	True	True	False	False	0.9460304822565969	0.6637414095135427			0.125	0.3125			0.9908633897223108	0.9121248868257963			0.5	0.5			0.25	-0.5			3.0	4.0			6.0	4.0			1.0	0.75			2	1	2	1.0	0.9121248868257963	False	True	False	False	False	False	supported_shared_full_matrix_only	5.912124886825796					False	metabolic_or_housekeeping_support	supporting_context_not_core_executor	0.5847811929025304	shared_positive_both_screens	0.5847811929025304			True	True	True	6208	20044	HGNC:10387	MGI:98107	True	same_symbol
RPL39	RPL39	RPL39	Rpl39	51619469	True	False	False	False	True	True	False	False	0.9460304822565969	0.6637414095135427			0.125	0.3125			0.9903596588802372	0.8988638008394847			0.5	0.5			0.5	-0.5			3.0	4.0			6.0	4.0			1.0	0.75			2	1	2	1.0	0.8988638008394847	False	True	False	False	False	False	supported_shared_full_matrix_only	5.898863800839485					False	metabolic_or_housekeeping_support	supporting_context_not_core_executor	0.5054971788519167	shared_positive_both_screens	0.5054971788519167			True	True	True	6170	67248	HGNC:10350	MGI:1914498	True	same_symbol
RPS9	RPS9	RPS9	Rps9	51621684	True	False	False	False	True	True	False	False	0.9460304822565969	0.6637414095135427			0.125	0.3125			0.9801308649856368	0.8972477146461408			0.5	0.5			0.25	-0.5			3.0	4.0			6.0	4.0			1.0	0.75			2	1	2	1.0	0.8972477146461408	False	True	False	False	False	False	supported_shared_full_matrix_only	5.897247714646141					False	metabolic_or_housekeeping_support	supporting_context_not_core_executor	0.6072179153413475	shared_positive_both_screens	0.6072179153413475			True	True	True	6203	76846	HGNC:10442	MGI:1924096	True	same_symbol
UBA52	UBA52	UBA52	Uba52	51627442	True	False	False	False	True	True	False	False	0.9460304822565969	0.6637414095135427			0.125	0.3125			0.8939562476826103	0.9364130962790245			0.5	0.5			0.25	-0.5			3.0	4.0			6.0	4.0			1.0	0.75			2	1	2	1.0	0.8939562476826103	False	True	False	False	False	False	supported_shared_full_matrix_only	5.893956247682611					False	unclassified_shared_neuronal_or_context	exploratory_context	1.084366936430698	shared_positive_both_screens	1.084366936430698			True	True	True	7311	22186	HGNC:12458	MGI:98887	True	same_symbol
COX4I1	COX4I1	COX4I1	Cox4i1	51617891	True	False	False	False	True	True	False	False	0.9460304822565969	0.6637414095135427			0.125	0.3125			0.8874082349186083	0.9769191267296775			0.5	0.5			0.25	-0.5			3.0	4.0			6.0	4.0			1.0	0.75			2	1	2	1.0	0.8874082349186083	False	True	False	False	False	False	supported_shared_full_matrix_only	5.887408234918608					False	metabolic_or_housekeeping_support	supporting_context_not_core_executor	0.6038443081892528	shared_positive_both_screens	0.6038443081892528			True	True	True	1327	12857	HGNC:2265	MGI:88473	True	same_symbol
RPS23	RPS23	RPS23	Rps23	51629277	True	False	False	False	True	True	False	False	0.9460304822565969	0.6637414095135427			0.125	0.3125			0.991062879029684	0.8768310728373565			0.5	0.5			0.25	-0.5			3.0	4.0			6.0	4.0			1.0	0.75			2	1	2	1.0	0.8768310728373565	False	True	False	False	False	False	supported_shared_full_matrix_only	5.876831072837357					False	metabolic_or_housekeeping_support	supporting_context_not_core_executor	0.6178137031325106	shared_positive_both_screens	0.6178137031325106			True	True	True	6228	66475	HGNC:10410	MGI:1913725	True	same_symbol
HNRNPK	HNRNPK	HNRNPK	Hnrnpk	51621718	True	False	False	False	True	True	False	False	0.9460304822565969	0.6637414095135427			0.125	0.3125			0.914458984998404	0.8551928495093752			0.5	0.5			0.25	-0.5			3.0	4.0			6.0	4.0			1.0	0.75			2	1	2	1.0	0.8551928495093752	False	True	False	False	False	False	supported_shared_full_matrix_only	5.8551928495093755					False	rna_processing_neuronal_state	supporting_context_not_core_executor	1.1540351507389457	shared_positive_both_screens	1.1540351507389457			True	True	True	3190	15387	HGNC:5044	MGI:99894	True	same_symbol
EEF2	EEF2	EEF2	Eef2	51618829	True	False	False	False	True	True	False	False	0.9460304822565969	0.6637414095135427			0.125	0.3125			0.9419885094158952	0.8454431350491991			0.5	0.5			0.25	-0.5			3.0	4.0			6.0	4.0			1.0	0.75			2	1	2	1.0	0.8454431350491991	False	True	False	False	False	False	supported_shared_full_matrix_only	5.845443135049199					False	metabolic_or_housekeeping_support	supporting_context_not_core_executor	0.6036244445754457	shared_positive_both_screens	0.6036244445754457			True	True	True	1938	13629	HGNC:3214	MGI:95288	True	same_symbol
RPL23A	RPL23A	RPL23A	Rpl23a	51627450	True	False	False	False	True	True	False	False	0.9460304822565969	0.6637414095135427			0.125	0.3125			0.9717523140759656	0.8255174410189607			0.5	0.5			0.25	-0.5			3.0	4.0			6.0	4.0			1.0	0.75			2	1	2	1.0	0.8255174410189607	False	True	False	False	False	False	supported_shared_full_matrix_only	5.8255174410189605					False	metabolic_or_housekeeping_support	supporting_context_not_core_executor	0.5784329972625648	shared_positive_both_screens	0.5784329972625648			True	True	True	6147	268449	HGNC:10317	MGI:3040672	True	same_symbol
RPL5	RPL5	RPL5	Rpl5	51620750	True	False	False	False	True	True	False	False	0.9460304822565969	0.6637414095135427			0.125	0.3125			0.9705952760932014	0.8160841782179831			0.5	0.5			0.25	-0.5			3.0	4.0			6.0	4.0			1.0	0.75			2	1	2	1.0	0.8160841782179831	False	True	False	False	False	False	supported_shared_full_matrix_only	5.816084178217983					False	metabolic_or_housekeeping_support	supporting_context_not_core_executor	0.6072031687399579	shared_positive_both_screens	0.6072031687399579			True	True	True	6125	100503670	HGNC:10360	MGI:102854	True	same_symbol
NACA	NACA	NACA	Naca	51622037	True	False	False	False	True	True	False	False	0.9460304822565969	0.6637414095135427			0.125	0.3125			0.9557931694861156	0.8133789708599674			0.5	0.5			0.25	-0.5			3.0	4.0			6.0	4.0			1.0	0.75			2	1	2	1.0	0.8133789708599674	False	True	False	False	False	False	supported_shared_full_matrix_only	5.813378970859968					False	unclassified_shared_neuronal_or_context	exploratory_context	1.0937520252160566	shared_positive_both_screens	1.0937520252160566			True	True	True	4666	17938	HGNC:7629	MGI:106095	True	same_symbol
EIF4G2	EIF4G2	EIF4G2	Eif4g2	51618869	True	False	False	False	True	True	False	False	0.9460304822565969	0.6637414095135427			0.125	0.3125			0.8366581551228854	0.8028906961041695			0.5	0.5			0.5	-0.5			3.0	4.0			6.0	4.0			1.0	0.75			2	1	2	1.0	0.8028906961041695	False	True	False	False	False	False	supported_shared_full_matrix_only	5.8028906961041695					False	metabolic_or_housekeeping_support	supporting_context_not_core_executor	0.6023031228233442	shared_positive_both_screens	0.6023031228233442			True	True	True	1982	13690	HGNC:3297	MGI:109207	True	same_symbol
BTF3	BTF3	BTF3	Btf3	51627480	True	False	False	False	True	True	False	False	0.9460304822565969	0.6637414095135427			0.125	0.3125			0.9517235876157036	0.7968689062768703			0.5	0.5			0.25	-0.5			3.0	4.0			6.0	4.0			1.0	0.75			2	1	2	1.0	0.7968689062768703	False	True	False	False	False	False	supported_shared_full_matrix_only	5.79686890627687					False	unclassified_shared_neuronal_or_context	exploratory_context	1.0727214697841674	shared_positive_both_screens	1.0727214697841674			True	True	True	689	218490	HGNC:1125	MGI:1202875	True	same_symbol
RPL27	RPL27	RPL27	Rpl27	51620359	True	False	False	False	True	True	False	False	0.9460304822565969	0.6637414095135427			0.125	0.3125			0.9541972550271306	0.7960895794623299			0.5	0.5			0.25	-0.5			3.0	4.0			6.0	4.0			1.0	0.75			2	1	2	1.0	0.7960895794623299	False	True	False	False	False	False	supported_shared_full_matrix_only	5.79608957946233					False	metabolic_or_housekeeping_support	supporting_context_not_core_executor	0.5712034655269682	shared_positive_both_screens	0.5712034655269682			True	True	True	6155	19942	HGNC:10328	MGI:98036	True	same_symbol
RPL10A	RPL10A	RPL10A	Rpl10a	51627701	True	False	False	False	True	True	False	False	0.9460304822565969	0.6637414095135427			0.125	0.3125			0.9774577082668368	0.7872621203686159			0.5	0.5			0.25	-0.5			3.0	4.0			6.0	4.0			1.0	0.75			2	1	2	1.0	0.7872621203686159	False	True	False	False	False	False	supported_shared_full_matrix_only	5.787262120368616					False	metabolic_or_housekeeping_support	supporting_context_not_core_executor	0.5985245288783123	shared_positive_both_screens	0.5985245288783123			True	True	True	4736	19896	HGNC:10299	MGI:1343877	True	same_symbol
SRP14	SRP14	SRP14	Srp14	51628605	True	False	False	False	True	True	False	False	0.9460304822565969	0.6637414095135427			0.125	0.3125			0.8491411501120238	0.786074918205975			0.5	0.5			0.25	-0.5			3.0	4.0			6.0	4.0			1.0	0.75			2	1	2	1.0	0.786074918205975	False	True	False	False	False	False	supported_shared_full_matrix_only	5.7860749182059745					False	unclassified_shared_neuronal_or_context	exploratory_context	1.0868059615969314	shared_positive_both_screens	1.0868059615969314			True	True	True	6727	20813	HGNC:11299	MGI:107169	True	same_symbol
RPS19	RPS19	RPS19	Rps19	51629866	True	False	False	False	True	True	False	False	0.9460304822565969	0.6637414095135427			0.125	0.3125			0.9939754229173317	0.7850945645367815			0.5	0.5			0.25	-0.5			3.0	4.0			6.0	4.0			1.0	0.75			2	1	2	1.0	0.7850945645367815	False	True	False	False	False	False	supported_shared_full_matrix_only	5.785094564536782					False	metabolic_or_housekeeping_support	supporting_context_not_core_executor	0.6136413883983909	shared_positive_both_screens	0.6136413883983909			True	True	True	6223	20085	HGNC:10402	MGI:1333780	True	same_symbol
PSMA7	PSMA7	PSMA7	Psma7	51628060	True	False	False	False	True	True	False	False	0.9460304822565969	0.6637414095135427			0.125	0.3125			0.7769709543568465	0.8515253084620615			0.5	0.5			0.25	-0.5			3.0	4.0			6.0	4.0			1.0	0.75			2	1	2	1.0	0.7769709543568465	False	True	False	False	False	False	supported_shared_full_matrix_only	5.776970954356846					False	unclassified_shared_neuronal_or_context	exploratory_context	1.0771674191309577	shared_positive_both_screens	1.0771674191309577			True	True	True	5688	26444	HGNC:9536	MGI:1347070	True	same_symbol
RPL18	RPL18	RPL18	Rpl18	51619258	True	False	False	False	True	True	False	False	0.9460304822565969	0.6637414095135427			0.125	0.3125			0.9753830194701564	0.7720518783234216			0.5	0.5			0.25	-0.5			3.0	4.0			6.0	4.0			1.0	0.75			2	1	2	1.0	0.7720518783234216	False	True	False	False	False	False	supported_shared_full_matrix_only	5.772051878323421					False	metabolic_or_housekeeping_support	supporting_context_not_core_executor	0.5964591914934381	shared_positive_both_screens	0.5964591914934381			True	True	True	6141	19899	HGNC:10310	MGI:98003	True	same_symbol
RPL11	RPL11	RPL11	Rpl11	51630063	True	False	False	False	True	True	False	False	0.9460304822565969	0.6637414095135427			0.125	0.3125			0.9954915416533674	0.768861620264084			0.5	0.5			0.25	-0.5			3.0	4.0			6.0	4.0			1.0	0.75			2	1	2	1.0	0.768861620264084	False	True	False	False	False	False	supported_shared_full_matrix_only	5.768861620264084					False	metabolic_or_housekeeping_support	supporting_context_not_core_executor	0.593735861833967	shared_positive_both_screens	0.593735861833967			True	True	True	6135	67025	HGNC:10301	MGI:1914275	True	same_symbol
RPS4X	RPS4X	RPS4X	Rps4x	51627443	True	False	False	False	True	True	False	False	0.9460304822565969	0.6637414095135427			0.125	0.3125			0.9912623683370572	0.7686919169172806			0.5	0.5			0.25	-0.5			3.0	4.0			6.0	4.0			1.0	0.75			2	1	2	1.0	0.7686919169172806	False	True	False	False	False	False	supported_shared_full_matrix_only	5.76869191691728					False	metabolic_or_housekeeping_support	supporting_context_not_core_executor	0.5928965088687401	shared_positive_both_screens	0.5928965088687401			True	True	True	6191	20102	HGNC:10424	MGI:98158	True	same_symbol
ATP6V1G1	ATP6V1G1	ATP6V1G1	Atp6v1g1	51627397	True	False	False	False	True	True	False	False	0.9460304822565969	0.6637414095135427			0.125	0.3125			0.8009096712416215	0.7657775151146597			0.5	0.5			0.25	-0.5			3.0	4.0			6.0	4.0			1.0	0.75			2	1	2	1.0	0.7657775151146597	False	True	False	False	False	False	supported_shared_full_matrix_only	5.76577751511466					False	unclassified_shared_neuronal_or_context	exploratory_context	1.076164088808978	shared_positive_both_screens	1.076164088808978			True	True	True	9550	66290	HGNC:864	MGI:1913540	True	same_symbol
PARK7	PARK7	PARK7	Park7	51618223	True	False	False	False	True	True	False	False	0.9460304822565969	0.6637414095135427			0.125	0.3125			0.75957548675391	0.9106153974268227			0.5	0.5			0.25	-0.5			3.0	4.0			6.0	4.0			1.0	0.75			2	1	2	1.0	0.75957548675391	False	True	False	False	False	False	supported_shared_full_matrix_only	5.75957548675391					False	unclassified_shared_neuronal_or_context	exploratory_context	1.104290095310698	shared_positive_both_screens	1.104290095310698			True	True	True	11315	57320	HGNC:16369	MGI:2135637	True	same_symbol
RPL10	RPL10	RPL10	Rpl10	51619221	True	False	False	False	True	True	False	False	0.9460304822565969	0.6637414095135427			0.125	0.3125			0.9984439834024896	0.7590471100406164			0.5	0.5			0.25	-0.5			3.0	4.0			6.0	4.0			1.0	0.75			2	1	2	1.0	0.7590471100406164	False	True	False	False	False	False	supported_shared_full_matrix_only	5.759047110040616					False	metabolic_or_housekeeping_support	supporting_context_not_core_executor	0.6048685043180464	shared_positive_both_screens	0.6048685043180464			True	True	True	6134	110954	HGNC:10298	MGI:105943	True	same_symbol
HSBP1	HSBP1	HSBP1	Hsbp1	51621758	True	False	False	False	True	True	False	False	0.9460304822565969	0.6637414095135427			0.125	0.3125			0.7515161187360357	0.8377504116104704			0.5	0.5			0.25	-0.5			3.0	4.0			6.0	4.0			1.0	0.75			2	1	2	1.0	0.7515161187360357	False	True	False	False	False	False	supported_shared_full_matrix_only	5.751516118736036					False	unclassified_shared_neuronal_or_context	exploratory_context	1.0781884739295675	shared_positive_both_screens	1.0781884739295675			True	True	True	3281	68196	HGNC:5203	MGI:1915446	True	same_symbol
YWHAQ	YWHAQ	YWHAQ	Ywhaq	51627438	True	False	False	False	True	True	False	False	0.9460304822565969	0.6637414095135427			0.125	0.3125			0.891597510373444	0.747386264497555			0.5	0.5			0.25	-0.5			3.0	4.0			6.0	4.0			1.0	0.75			2	1	2	1.0	0.747386264497555	False	True	False	False	False	False	supported_shared_full_matrix_only	5.747386264497555					False	unclassified_shared_neuronal_or_context	exploratory_context	1.1491790983616863	shared_positive_both_screens	1.1491790983616863			True	True	True	10971	22630	HGNC:12854	MGI:891963	True	same_symbol
SNRPD2	SNRPD2	SNRPD2	Snrpd2	51622197	True	False	False	False	True	True	False	False	0.9460304822565969	0.6637414095135427			0.125	0.3125			0.7756543249281839	0.7423439009987562			0.5	0.5			0.25	-0.5			3.0	4.0			6.0	4.0			1.0	0.75			2	1	2	1.0	0.7423439009987562	False	True	False	False	False	False	supported_shared_full_matrix_only	5.7423439009987565					False	unclassified_shared_neuronal_or_context	exploratory_context	1.0376354209214107	shared_positive_both_screens	1.0376354209214107			True	True	True	6633	107686	HGNC:11159	MGI:98345	True	same_symbol
RPS15	RPS15	RPS15	Rps15	51627449	True	False	False	False	True	True	False	False	0.9460304822565969	0.6637414095135427			0.125	0.3125			0.9905841046919884	0.740157849871991			0.5	0.5			0.25	-0.5			3.0	4.0			6.0	4.0			1.0	0.75			2	1	2	1.0	0.740157849871991	False	True	False	False	False	False	supported_shared_full_matrix_only	5.740157849871991					False	metabolic_or_housekeeping_support	supporting_context_not_core_executor	0.6126821018812589	shared_positive_both_screens	0.6126821018812589			True	True	True	6209	20054	HGNC:10388	MGI:98117	True	same_symbol
RPS10	RPS10	RPS10	Rps10	51629771	True	False	False	False	True	True	False	False	0.9460304822565969	0.6637414095135427			0.125	0.3125			0.9509256303862113	0.739551575134534			0.5	0.5			0.5	-0.5			3.0	4.0			6.0	4.0			1.0	0.75			2	1	2	1.0	0.739551575134534	False	True	False	False	False	False	supported_shared_full_matrix_only	5.739551575134534					False	metabolic_or_housekeeping_support	supporting_context_not_core_executor	0.5000432941273409	shared_positive_both_screens	0.5000432941273409			True	True	True	6204	67097	HGNC:10383	MGI:1914347	True	same_symbol
PTMS	PTMS	PTMS	Ptms	51635114	True	False	False	False	True	True	False	False	0.9460304822565969	0.6637414095135427			0.125	0.3125			0.8048595595276093	0.7211911567555069			0.5	0.5			0.25	-0.5			3.0	4.0			6.0	4.0			1.0	0.75			2	1	2	1.0	0.7211911567555069	False	True	False	False	False	False	supported_shared_full_matrix_only	5.721191156755507					False	unclassified_shared_neuronal_or_context	exploratory_context	1.139786576455459	shared_positive_both_screens	1.139786576455459			True	True	True	5763	69202	HGNC:9629	MGI:1916452	True	same_symbol
UQCRQ	UQCRQ	UQCRQ	Uqcrq	51623201	True	False	False	False	True	True	False	False	0.9460304822565969	0.6637414095135427			0.125	0.3125			0.7195978295563358	0.9182669218296102			0.5	0.5			0.25	-0.5			3.0	4.0			6.0	4.0			1.0	0.75			2	1	2	1.0	0.7195978295563358	False	True	False	False	False	False	supported_shared_full_matrix_only	5.719597829556336					False	unclassified_shared_neuronal_or_context	exploratory_context	1.0334351828495223	shared_positive_both_screens	1.0334351828495223			True	True	True	27089	22272	HGNC:29594	MGI:107807	True	same_symbol
RPS7	RPS7	RPS7	Rps7	51629867	True	False	False	False	True	True	False	False	0.9460304822565969	0.6637414095135427			0.125	0.3125			0.9711139482923716	0.7159605946149739			0.5	0.5			0.25	-0.5			3.0	4.0			6.0	4.0			1.0	0.75			2	1	2	1.0	0.7159605946149739	False	True	False	False	False	False	supported_shared_full_matrix_only	5.715960594614974					False	metabolic_or_housekeeping_support	supporting_context_not_core_executor	0.5792380998222315	shared_positive_both_screens	0.5792380998222315			True	True	True	6201	20115	HGNC:10440	MGI:1333818	True	same_symbol
TUBB	TUBB	TUBB	Tubb5	51630534	True	False	False	False	True	True	False	False	0.9460304822565969	0.6637414095135427			0.125	0.3125			0.9912224704755824	0.7121045059381231			0.5	0.5			0.5	-0.5			3.0	4.0			6.0	4.0			1.0	0.75			2	1	2	1.0	0.7121045059381231	False	True	False	False	False	False	supported_shared_full_matrix_only	5.7121045059381235					False	cytoskeleton_morphogenesis	not_prioritized	1.0525981885634037	screen_specific_or_low_priority	1.0525981885634037			True	False	False	203068	22154	HGNC:20778	MGI:107812	False	nonidentical_symbol
EIF3K	EIF3K	EIF3K	Eif3k	51628527	True	False	False	False	True	True	False	False	0.9460304822565969	0.6637414095135427			0.125	0.3125			0.7100622406639004	0.713783198668009			0.5	0.5			0.25	-0.5			3.0	4.0			6.0	4.0			1.0	0.75			2	1	2	1.0	0.7100622406639004	False	True	False	False	False	False	supported_shared_full_matrix_only	5.7100622406639					False	metabolic_or_housekeeping_support	supporting_context_not_core_executor	0.5479467437973613	shared_positive_both_screens	0.5479467437973613			True	True	True	27335	73830	HGNC:24656	MGI:1921080	True	same_symbol
TPI1	TPI1	TPI1	Tpi1	51616931	True	False	False	False	True	True	False	False	0.9460304822565969	0.6637414095135427			0.125	0.3125			0.7885413341844877	0.7073794475130835			0.5	0.5			0.25	-0.5			3.0	4.0			6.0	4.0			1.0	0.75			2	1	2	1.0	0.7073794475130835	False	True	False	False	False	False	supported_shared_full_matrix_only	5.707379447513084					False	unclassified_shared_neuronal_or_context	exploratory_context	1.105612643415594	shared_positive_both_screens	1.105612643415594			True	True	True	7167	21991	HGNC:12009	MGI:98797	True	same_symbol
COX8A	COX8A	COX8A	Cox8a	51617897	True	False	False	False	True	True	False	False	0.9460304822565969	0.6637414095135427			0.125	0.3125			0.7002872646026173	0.9558317416560719			0.5	0.5			0.25	-0.5			3.0	4.0			6.0	4.0			1.0	0.75			2	1	2	1.0	0.7002872646026173	False	True	False	False	False	False	supported_shared_full_matrix_only	5.7002872646026175					False	metabolic_or_housekeeping_support	supporting_context_not_core_executor	0.5	shared_positive_both_screens	0.5			True	True	True	1351	12868	HGNC:2294	MGI:105959	True	same_symbol
MARCKSL1	MARCKSL1	MARCKSL1	Marcksl1	51617208	True	False	False	False	True	True	False	False	0.9460304822565969	0.6637414095135427			0.125	0.3125			0.967124162144909	0.6981895527652218			0.5	0.5			0.25	-0.5			3.0	4.0			6.0	4.0			1.0	0.75			2	1	2	1.0	0.6981895527652218	False	True	False	False	False	False	supported_shared_full_matrix_only	5.698189552765221					False	cytoskeleton_morphogenesis	mechanism_followup_candidate	1.5377516679209544	shared_positive_both_screens	1.5377516679209544			True	True	True	65108	17357	HGNC:7142	MGI:97143	True	same_symbol
TOMM7	TOMM7	TOMM7	Tomm7	51619240	True	False	False	False	True	True	False	False	0.9460304822565969	0.6637414095135427			0.125	0.3125			0.6980130864985636	0.7638543264351403			0.5	0.5			0.5	-0.5			3.0	4.0			6.0	4.0			1.0	0.75			2	1	2	1.0	0.6980130864985636	False	True	False	False	False	False	supported_shared_full_matrix_only	5.698013086498563					False	unclassified_shared_neuronal_or_context	exploratory_context	1.055838235571516	shared_positive_both_screens	1.055838235571516			True	True	True	54543	66169	HGNC:21648	MGI:1913419	True	same_symbol
RPL31	RPL31	RPL31	Rpl31	51620529	True	False	False	False	True	True	False	False	0.9460304822565969	0.6637414095135427			0.125	0.3125			0.9749042451324608	0.6937077151963629			0.5	0.5			0.25	-0.5			3.0	4.0			6.0	4.0			1.0	0.75			2	1	2	1.0	0.6937077151963629	False	True	False	False	False	False	supported_shared_full_matrix_only	5.693707715196362					False	metabolic_or_housekeeping_support	supporting_context_not_core_executor	0.5885747476457541	shared_positive_both_screens	0.5885747476457541			True	True	True	6160	114641	HGNC:10334	MGI:2149632	True	same_symbol
RBX1	RBX1	RBX1	Rbx1	51622296	True	False	False	False	True	True	False	False	0.9460304822565969	0.6637414095135427			0.125	0.3125			0.6832907756144271	0.7503990913709815			0.5	0.5			0.25	-0.5			3.0	4.0			6.0	4.0			1.0	0.75			2	1	2	1.0	0.6832907756144271	False	True	False	False	False	False	supported_shared_full_matrix_only	5.683290775614427					False	unclassified_shared_neuronal_or_context	exploratory_context	1.0790081727114984	shared_positive_both_screens	1.0790081727114984			True	True	True	9978	56438	HGNC:9928	MGI:1891829	True	same_symbol
CBX3	CBX3	CBX3	Cbx3	51617444	True	False	False	False	True	True	False	False	0.9460304822565969	0.6637414095135427			0.125	0.3125			0.6814155761251197	0.8661364866552859			0.5	0.5			0.25	-0.5			3.0	4.0			6.0	4.0			1.0	0.75			2	1	2	1.0	0.6814155761251197	False	True	False	False	False	False	supported_shared_full_matrix_only	5.6814155761251195					False	unclassified_shared_neuronal_or_context	exploratory_context	1.08132022846468	shared_positive_both_screens	1.08132022846468			True	True	True	11335	12417	HGNC:1553	MGI:108515	True	same_symbol
COX5A	COX5A	COX5A	Cox5a	51616819	True	False	False	False	True	True	False	False	0.9460304822565969	0.6637414095135427			0.125	0.3125			0.6791015001595915	0.7541994365684026			0.5	0.5			0.25	-0.5			3.0	4.0			6.0	4.0			1.0	0.75			2	1	2	1.0	0.6791015001595915	False	True	False	False	False	False	supported_shared_full_matrix_only	5.679101500159591					False	metabolic_or_housekeeping_support	supporting_context_not_core_executor	0.544732612082597	shared_positive_both_screens	0.544732612082597			True	True	True	9377	12858	HGNC:2267	MGI:88474	True	same_symbol
DBN1	DBN1	DBN1	Dbn1	51626284	True	False	False	False	True	True	False	False	0.9460304822565969	0.6637414095135427			0.125	0.3125			0.6765081391637409	0.7274083635202842			0.5	0.5			0.5	-0.5			3.0	4.0			6.0	4.0			1.0	0.75			2	1	2	1.0	0.6765081391637409	False	True	False	False	False	False	supported_shared_full_matrix_only	5.676508139163741					False	unclassified_shared_neuronal_or_context	exploratory_context	1.0897914114998573	shared_positive_both_screens	1.0897914114998573			True	True	True	1627	56320	HGNC:2695	MGI:1931838	True	same_symbol
NDUFB4	NDUFB4	NDUFB4	Ndufb4	51620922	True	False	False	False	True	True	False	False	0.9460304822565969	0.6637414095135427			0.125	0.3125			0.6639004149377593	0.7747075759922211			0.5	0.5			0.5	-0.5			3.0	4.0			6.0	4.0			1.0	0.75			2	1	2	1.0	0.6639004149377593	False	True	False	False	False	False	supported_shared_full_matrix_only	5.66390041493776					False	metabolic_or_housekeeping_support	supporting_context_not_core_executor	0.5549165941954985	shared_positive_both_screens	0.5549165941954985			True	True	True	4710	68194	HGNC:7699	MGI:1915444	True	same_symbol
VDAC2	VDAC2	VDAC2	Vdac2	51627370	True	False	False	False	True	True	False	False	0.9460304822565969	0.6637414095135427			0.125	0.3125			0.7346792211937441	0.6551032434152886			0.5	0.5			0.25	-0.5			3.0	4.0			6.0	4.0			1.0	0.75			2	1	2	1.0	0.6551032434152886	False	True	False	False	False	False	supported_shared_full_matrix_only	5.655103243415288					False	unclassified_shared_neuronal_or_context	exploratory_context	1.0703242111808755	shared_positive_both_screens	1.0703242111808755			True	True	True	7417	22334	HGNC:12672	MGI:106915	True	same_symbol
NDUFB9	NDUFB9	NDUFB9	Ndufb9	51627490	True	False	False	False	True	True	False	False	0.9460304822565969	0.6637414095135427			0.125	0.3125			0.6484998404085541	0.8123601325520179			0.5	0.5			0.5	-0.5			3.0	4.0			6.0	4.0			1.0	0.75			2	1	2	1.0	0.6484998404085541	False	True	False	False	False	False	supported_shared_full_matrix_only	5.6484998404085545					False	metabolic_or_housekeeping_support	supporting_context_not_core_executor	0.5514206400921249	shared_positive_both_screens	0.5514206400921249			True	True	True	4715	66218	HGNC:7704	MGI:1913468	True	same_symbol
PPIB	PPIB	PPIB	Ppib	51617350	True	False	False	False	True	True	False	False	0.9460304822565969	0.6637414095135427			0.125	0.3125			0.6463054580274498	0.7501630789302023			0.5	0.5			0.25	-0.5			3.0	4.0			6.0	4.0			1.0	0.75			2	1	2	1.0	0.6463054580274498	False	True	False	False	False	False	supported_shared_full_matrix_only	5.64630545802745					False	unclassified_shared_neuronal_or_context	exploratory_context	1.0361288883193822	shared_positive_both_screens	1.0361288883193822			True	True	True	5479	19035	HGNC:9255	MGI:97750	True	same_symbol
CNBP	CNBP	CNBP	Cnbp	51617619	True	False	False	False	True	True	False	False	0.9460304822565969	0.6637414095135427			0.125	0.3125			0.6443105649537185	0.7817344658644572			0.5	0.5			0.25	-0.5			3.0	4.0			6.0	4.0			1.0	0.75			2	1	2	1.0	0.6443105649537185	False	True	False	False	False	False	supported_shared_full_matrix_only	5.644310564953718					False	unclassified_shared_neuronal_or_context	exploratory_context	1.102935423798599	shared_positive_both_screens	1.102935423798599			True	True	True	7555	12785	HGNC:13164	MGI:88431	True	same_symbol
GABARAP	GABARAP	GABARAP	Gabarap	51621269	True	False	False	False	True	True	False	False	0.9460304822565969	0.6637414095135427			0.125	0.3125			0.6432333226939037	0.6389503080368187			0.5	0.5			0.5	-0.5			3.0	4.0			6.0	4.0			1.0	0.75			2	1	2	1.0	0.6389503080368187	False	True	False	False	False	False	supported_shared_full_matrix_only	5.638950308036819					False	unclassified_shared_neuronal_or_context	exploratory_context	1.0018064668140791	shared_positive_both_screens	1.0018064668140791			True	True	True	11337	56486	HGNC:4067	MGI:1861742	True	same_symbol
HNRNPH1	HNRNPH1	HNRNPH1	Hnrnph1	51619528	True	False	False	False	True	True	False	False	0.9460304822565969	0.6637414095135427			0.125	0.3125			0.6359457065582157	0.7164523343584008			0.5	0.5			0.25	-0.5			3.0	4.0			6.0	4.0			1.0	0.75			2	1	2	1.0	0.6359457065582157	False	True	False	False	False	False	supported_shared_full_matrix_only	5.635945706558216					False	rna_processing_neuronal_state	supporting_context_not_core_executor	1.124678129630992	shared_positive_both_screens	1.124678129630992			True	True	True	3187	59013	HGNC:5041	MGI:1891925	True	same_symbol
DYNLRB1	DYNLRB1	DYNLRB1	Dynlrb1	51622920	True	False	False	False	True	True	False	False	0.9460304822565969	0.6637414095135427			0.125	0.3125			0.6338174273858921	0.7428555869855359			0.5	0.5			0.25	-0.5			3.0	4.0			6.0	4.0			1.0	0.75			2	1	2	1.0	0.6338174273858921	False	True	False	False	False	False	supported_shared_full_matrix_only	5.6338174273858925					False	cytoskeleton_morphogenesis	mechanism_followup_candidate	1.5879647881096774	shared_positive_both_screens	1.5879647881096774			True	True	True	83658	67068	HGNC:15468	MGI:1914318	True	same_symbol
CALR	CALR	CALR	Calr	51616731	True	False	False	False	True	True	False	False	0.9460304822565969	0.6637414095135427			0.125	0.3125			0.6293847442837488	0.7237824596466391			0.5	0.5			0.25	-0.5			3.0	4.0			6.0	4.0			1.0	0.75			2	1	2	1.0	0.6293847442837488	False	True	False	False	False	False	supported_shared_full_matrix_only	5.629384744283749					False	unclassified_shared_neuronal_or_context	exploratory_context	1.0908217840200911	shared_positive_both_screens	1.0908217840200911			True	True	True	811	12317	HGNC:1455	MGI:88252	True	same_symbol
TRA2B	TRA2B	TRA2B	Tra2b	51624394	True	False	False	False	True	True	False	False	0.9460304822565969	0.6637414095135427			0.125	0.3125			0.628511011809767	0.7471478536036974			0.5	0.5			0.25	-0.5			3.0	4.0			6.0	4.0			1.0	0.75			2	1	2	1.0	0.628511011809767	False	True	False	False	False	False	supported_shared_full_matrix_only	5.628511011809767					False	unclassified_shared_neuronal_or_context	exploratory_context	1.1284101159618452	shared_positive_both_screens	1.1284101159618452			True	True	True	6434	20462	HGNC:10781	MGI:106016	True	same_symbol
NDUFB7	NDUFB7	NDUFB7	Ndufb7	51629997	True	False	False	False	True	True	False	False	0.9460304822565969	0.6637414095135427			0.125	0.3125			0.6268353016278327	0.6645185849893835			0.5	0.5			0.25	-0.5			3.0	4.0			6.0	4.0			1.0	0.75			2	1	2	1.0	0.6268353016278327	False	True	False	False	False	False	supported_shared_full_matrix_only	5.626835301627833					False	metabolic_or_housekeeping_support	supporting_context_not_core_executor	0.5474227656527402	shared_positive_both_screens	0.5474227656527402			True	True	True	4713	66916	HGNC:7702	MGI:1914166	True	same_symbol
TUBB2B	TUBB2B	TUBB2B	Tubb2b	51627127	True	False	False	False	True	True	False	False	0.9460304822565969	0.6637414095135427			0.125	0.3125			0.991701244813278	0.624490027017556			0.5	0.5			0.5	-0.5			3.0	4.0			6.0	4.0			1.0	0.75			2	1	2	1.0	0.624490027017556	False	True	False	False	False	False	supported_shared_full_matrix_only	5.624490027017556					False	cytoskeleton_morphogenesis	mechanism_followup_candidate	1.511960033015321	shared_positive_both_screens	1.511960033015321			True	True	True	347733	73710	HGNC:30829	MGI:1920960	True	same_symbol
RBBP4	RBBP4	RBBP4	Rbbp4	51624048	True	False	False	False	True	True	False	False	0.9460304822565969	0.6637414095135427			0.125	0.3125			0.6206910309607405	0.7190427613773578			0.5	0.5			0.25	-0.5			3.0	4.0			6.0	4.0			1.0	0.75			2	1	2	1.0	0.6206910309607405	False	True	False	False	False	False	supported_shared_full_matrix_only	5.6206910309607405					False	unclassified_shared_neuronal_or_context	exploratory_context	1.0849572339340403	shared_positive_both_screens	1.0849572339340403			True	True	True	5928	19646	HGNC:9887	MGI:1194912	True	same_symbol
MARCKS	MARCKS	MARCKS	Marcks	51620164	True	False	False	False	True	True	False	False	0.9460304822565969	0.6637414095135427			0.125	0.3125			0.9389562719438238	0.6201327474954184			0.5	0.5			0.5	-0.5			3.0	4.0			6.0	4.0			1.0	0.75			2	1	2	1.0	0.6201327474954184	False	True	False	False	False	False	supported_shared_full_matrix_only	5.620132747495418					False	cytoskeleton_morphogenesis	mechanism_followup_candidate	1.5688325768014917	shared_positive_both_screens	1.5688325768014917			True	True	True	4082	17118	HGNC:6759	MGI:96907	True	same_symbol
TCP1	TCP1	TCP1	Tcp1	51617547	True	False	False	False	True	True	False	False	0.9460304822565969	0.6637414095135427			0.125	0.3125			0.6171800191509735	0.903061224489796			0.5	0.5			0.25	-0.5			3.0	4.0			6.0	4.0			1.0	0.75			2	1	2	1.0	0.6171800191509735	False	True	False	False	False	False	supported_shared_full_matrix_only	5.6171800191509735					False	unclassified_shared_neuronal_or_context	exploratory_context	1.0909471525744046	shared_positive_both_screens	1.0909471525744046			True	True	True	6950	21454	HGNC:11655	MGI:98535	True	same_symbol
PSMA4	PSMA4	PSMA4	Psma4	51627894	True	False	False	False	True	True	False	False	0.9460304822565969	0.6637414095135427			0.125	0.3125			0.6292291733163102	0.615984973371412			0.5	0.5			0.25	-0.5			3.0	4.0			6.0	4.0			1.0	0.75			2	1	2	1.0	0.615984973371412	False	True	False	False	False	False	supported_shared_full_matrix_only	5.615984973371412					False	unclassified_shared_neuronal_or_context	exploratory_context	1.058709394171889	shared_positive_both_screens	1.058709394171889			True	True	True	5685	26441	HGNC:9533	MGI:1347060	True	same_symbol
NDUFA1	NDUFA1	NDUFA1	Ndufa1	51630056	True	False	False	False	True	True	False	False	0.9460304822565969	0.6637414095135427			0.125	0.3125			0.6159830833067348	0.7618893687852442			0.5	0.5			0.25	-0.5			3.0	4.0			6.0	4.0			1.0	0.75			2	1	2	1.0	0.6159830833067348	False	True	False	False	False	False	supported_shared_full_matrix_only	5.615983083306735					False	metabolic_or_housekeeping_support	supporting_context_not_core_executor	0.5335832858571297	shared_positive_both_screens	0.5335832858571297			True	True	True	4694	54405	HGNC:7683	MGI:1929511	True	same_symbol
PSMB6	PSMB6	PSMB6	Psmb6	51616466	True	False	False	False	True	True	False	False	0.9460304822565969	0.6637414095135427			0.125	0.3125			0.6096792211937441	0.7270281997092065			0.5	0.5			0.25	-0.5			3.0	4.0			6.0	4.0			1.0	0.75			2	1	2	1.0	0.6096792211937441	False	True	False	False	False	False	supported_shared_full_matrix_only	5.609679221193744					False	unclassified_shared_neuronal_or_context	exploratory_context	1.0428065562936737	shared_positive_both_screens	1.0428065562936737			True	True	True	5694	19175	HGNC:9543	MGI:104880	True	same_symbol
HNRNPA3	HNRNPA3	HNRNPA3	Hnrnpa3	51621714	True	False	False	False	True	True	False	False	0.9460304822565969	0.6637414095135427			0.125	0.3125			0.7205952760932014	0.6049732589031344			0.5	0.5			0.25	-0.5			3.0	4.0			6.0	4.0			1.0	0.75			2	1	2	1.0	0.6049732589031344	False	True	False	False	False	False	supported_shared_full_matrix_only	5.604973258903135					False	rna_processing_neuronal_state	supporting_context_not_core_executor	1.1207938102555368	shared_positive_both_screens	1.1207938102555368			True	True	True	220988	229279	HGNC:24941	MGI:1917171	True	same_symbol
CAPRIN1	CAPRIN1	CAPRIN1	Caprin1	51616770	True	False	False	False	True	True	False	False	0.9460304822565969	0.6637414095135427			0.125	0.3125			0.6350498774456006	0.603209670391176			0.5	0.5			0.25	-0.5			3.0	4.0			6.0	4.0			1.0	0.75			2	1	2	1.0	0.603209670391176	False	True	False	False	False	False	supported_shared_full_matrix_only	5.603209670391176					False	unclassified_shared_neuronal_or_context	exploratory_context	1.1174528265831722	shared_positive_both_screens	1.1174528265831722			True	True	True	4076	53872	HGNC:6743	MGI:1858234	True	same_symbol
TALDO1	TALDO1	TALDO1	Taldo1	51627772	True	False	False	False	True	True	False	False	0.9460304822565969	0.6637414095135427			0.125	0.3125			0.6024577082668369	0.6514378703973575			0.5	0.5			0.25	-0.5			3.0	4.0			6.0	4.0			1.0	0.75			2	1	2	1.0	0.6024577082668369	False	True	False	False	False	False	supported_shared_full_matrix_only	5.6024577082668365					False	unclassified_shared_neuronal_or_context	exploratory_context	1.0441573169644978	shared_positive_both_screens	1.0441573169644978			True	True	True	6888	21351	HGNC:11559	MGI:1274789	True	same_symbol
EIF3F	EIF3F	EIF3F	Eif3f	51626386	True	False	False	False	True	True	False	False	0.9460304822565969	0.6637414095135427			0.125	0.3125			0.7204755825087775	0.5956514831114259			0.5	0.5			0.25	-0.5			3.0	4.0			6.0	4.0			1.0	0.75			2	1	2	1.0	0.5956514831114259	False	True	False	False	False	False	supported_shared_full_matrix_only	5.595651483111426					False	metabolic_or_housekeeping_support	supporting_context_not_core_executor	0.5876350900090481	shared_positive_both_screens	0.5876350900090481			True	True	True	8665	66085	HGNC:3275	MGI:1913335	True	same_symbol
VDAC3	VDAC3	VDAC3	Vdac3	51627471	True	False	False	False	True	True	False	False	0.9460304822565969	0.6637414095135427			0.125	0.3125			0.5948372167251835	0.6714996057256487			0.5	0.5			0.25	-0.5			3.0	4.0			6.0	4.0			1.0	0.75			2	1	2	1.0	0.5948372167251835	False	True	False	False	False	False	supported_shared_full_matrix_only	5.594837216725184					False	unclassified_shared_neuronal_or_context	exploratory_context	1.100522593937581	shared_positive_both_screens	1.100522593937581			True	True	True	7419	22335	HGNC:12674	MGI:106922	True	same_symbol
RPL7A	RPL7A	RPL7A	Rpl7a	51627453	True	False	False	False	True	True	False	False	0.9460304822565969	0.6637414095135427			0.125	0.3125			0.9647302904564315	0.5937909800868011			0.5	0.5			0.25	-0.5			3.0	4.0			6.0	4.0			1.0	0.75			2	1	2	1.0	0.5937909800868011	False	True	False	False	False	False	supported_shared_full_matrix_only	5.593790980086801					False	metabolic_or_housekeeping_support	supporting_context_not_core_executor	0.5860793645476465	shared_positive_both_screens	0.5860793645476465			True	True	True	6130	27176	HGNC:10364	MGI:1353472	True	same_symbol
SNRPE	SNRPE	SNRPE	Snrpe	51629606	True	False	False	False	True	True	False	False	0.9460304822565969	0.6637414095135427			0.125	0.3125			0.7763724864347271	0.5885327007633353			0.5	0.5			0.5	-0.5			3.0	4.0			6.0	4.0			1.0	0.75			2	1	2	1.0	0.5885327007633353	False	True	False	False	False	False	supported_shared_full_matrix_only	5.588532700763335					False	unclassified_shared_neuronal_or_context	exploratory_context	1.0203781094175264	shared_positive_both_screens	1.0203781094175264			True	True	True	6635	20643	HGNC:11161	MGI:98346	True	same_symbol
CCT2	CCT2	CCT2	Cct2	51617660	True	False	False	False	True	True	False	False	0.9460304822565969	0.6637414095135427			0.125	0.3125			0.6764283434407916	0.5859947238436087			0.5	0.5			0.25	-0.5			3.0	4.0			6.0	4.0			1.0	0.75			2	1	2	1.0	0.5859947238436087	False	True	False	False	False	False	supported_shared_full_matrix_only	5.5859947238436085					False	unclassified_shared_neuronal_or_context	exploratory_context	1.0743891251004	shared_positive_both_screens	1.0743891251004			True	True	True	10576	12461	HGNC:1615	MGI:107186	True	same_symbol
ANAPC11	ANAPC11	ANAPC11	Anapc11	51626133	True	False	False	False	True	True	False	False	0.9460304822565969	0.6637414095135427			0.125	0.3125			0.6242419406319821	0.5820503427649917			0.5	0.5			0.25	-0.5			3.0	4.0			6.0	4.0			1.0	0.75			2	1	2	1.0	0.5820503427649917	False	True	False	False	False	False	supported_shared_full_matrix_only	5.582050342764992					False	unclassified_shared_neuronal_or_context	exploratory_context	1.057563819075539	shared_positive_both_screens	1.057563819075539			True	True	True	51529	66156	HGNC:14452	MGI:1913406	True	same_symbol
NONO	NONO	NONO	Nono	51627588	True	False	False	False	True	True	False	False	0.9460304822565969	0.6637414095135427			0.125	0.3125			0.6519310564953719	0.5811176330638583			0.5	0.5			0.25	-0.5			3.0	4.0			6.0	4.0			1.0	0.75			2	1	2	1.0	0.5811176330638583	False	True	False	False	False	False	supported_shared_full_matrix_only	5.581117633063858					False	unclassified_shared_neuronal_or_context	exploratory_context	1.0654438422483734	shared_positive_both_screens	1.0654438422483734			True	True	True	4841	53610	HGNC:7871	MGI:1855692	True	same_symbol
ILF2	ILF2	ILF2	Ilf2	51627566	True	False	False	False	True	True	False	False	0.9460304822565969	0.6637414095135427			0.125	0.3125			0.6640999042451324	0.5732814256568264			0.5	0.5			0.25	-0.5			3.0	4.0			6.0	4.0			1.0	0.75			2	1	2	1.0	0.5732814256568264	False	True	False	False	False	False	supported_shared_full_matrix_only	5.573281425656827					False	unclassified_shared_neuronal_or_context	exploratory_context	1.035529106741087	shared_positive_both_screens	1.035529106741087			True	True	True	3608	67781	HGNC:6037	MGI:1915031	True	same_symbol
TMEM59	TMEM59	TMEM59	Tmem59	51625908	True	False	False	False	True	True	False	False	0.9460304822565969	0.6637414095135427			0.125	0.3125			0.5723747207149696	0.6832937780183481			0.5	0.5			0.25	-0.5			3.0	4.0			6.0	4.0			1.0	0.75			2	1	2	1.0	0.5723747207149696	False	True	False	False	False	False	supported_shared_full_matrix_only	5.572374720714969					False	unclassified_shared_neuronal_or_context	exploratory_context	1.0975723881444055	shared_positive_both_screens	1.0975723881444055			True	True	True	9528	56374	HGNC:1239	MGI:1929278	True	same_symbol
TIMM13	TIMM13	TIMM13	Timm13	51620457	True	False	False	False	True	True	False	False	0.9460304822565969	0.6637414095135427			0.125	0.3125			0.5695020746887967	0.757125763162751			0.5	0.5			0.25	-0.5			3.0	4.0			6.0	4.0			1.0	0.75			2	1	2	1.0	0.5695020746887967	False	True	False	False	False	False	supported_shared_full_matrix_only	5.569502074688796					False	unclassified_shared_neuronal_or_context	exploratory_context	1.042419496836528	shared_positive_both_screens	1.042419496836528			True	True	True	26517	30055	HGNC:11816	MGI:1353432	True	same_symbol
CCNI	CCNI	CCNI	Ccni	51622075	True	False	False	False	True	True	False	False	0.9460304822565969	0.6637414095135427			0.125	0.3125			0.8379387602688574	0.5638358664674739			0.5	0.5			0.5	-0.5			3.0	4.0			6.0	4.0			1.0	0.75			2	1	2	1.0	0.5638358664674739	False	True	False	False	False	False	supported_shared_full_matrix_only	5.563835866467474					False	unclassified_shared_neuronal_or_context	exploratory_context	1.1066855005997418	shared_positive_both_screens	1.1066855005997418			True	True	True	10983	12453	HGNC:1595	MGI:1341077	True	same_symbol
NDUFS6	NDUFS6	NDUFS6	Ndufs6	51628383	True	False	False	False	True	True	False	False	0.9460304822565969	0.6637414095135427			0.125	0.3125			0.5599265879348867	0.7398955670126781			0.5	0.5			0.5	-0.5			3.0	4.0			6.0	4.0			1.0	0.75			2	1	2	1.0	0.5599265879348867	False	True	False	False	False	False	supported_shared_full_matrix_only	5.5599265879348865					False	metabolic_or_housekeeping_support	supporting_context_not_core_executor	0.5413859717413989	shared_positive_both_screens	0.5413859717413989			True	True	True	4726	407785	HGNC:7713	MGI:107932	True	same_symbol
SF3B5	SF3B5	SF3B5	Sf3b5	51625499	True	False	False	False	True	True	False	False	0.9460304822565969	0.6637414095135427			0.125	0.3125			0.5584902649218002	0.6212474497231129			0.5	0.5			0.5	-0.5			3.0	4.0			6.0	4.0			1.0	0.75			2	1	2	1.0	0.5584902649218002	False	True	False	False	False	False	supported_shared_full_matrix_only	5.5584902649218					False	unclassified_shared_neuronal_or_context	exploratory_context	1.0376344239891817	shared_positive_both_screens	1.0376344239891817			True	True	True	83443	66125	HGNC:21083	MGI:1913375	True	same_symbol
VBP1	VBP1	VBP1	Vbp1	51622370	True	False	False	False	True	True	False	False	0.9460304822565969	0.6637414095135427			0.125	0.3125			0.5568943504628152	0.6096938775510203			0.5	0.5			0.25	-0.5			3.0	4.0			6.0	4.0			1.0	0.75			2	1	2	1.0	0.5568943504628152	False	True	False	False	False	False	supported_shared_full_matrix_only	5.556894350462815					False	unclassified_shared_neuronal_or_context	exploratory_context	1.0588176543017953	shared_positive_both_screens	1.0588176543017953			True	True	True	7411	22327	HGNC:12662	MGI:1333804	True	same_symbol
SSB	SSB	SSB	Ssb	51627515	True	False	False	False	True	True	False	False	0.9460304822565969	0.6637414095135427			0.125	0.3125			0.5543408873284392	0.6265527196013935			0.5	0.5			0.25	-0.5			3.0	4.0			6.0	4.0			1.0	0.75			2	1	2	1.0	0.5543408873284392	False	True	False	False	False	False	supported_shared_full_matrix_only	5.554340887328439					False	unclassified_shared_neuronal_or_context	exploratory_context	1.0893192861889445	shared_positive_both_screens	1.0893192861889445			True	True	True	6741	20823	HGNC:11316	MGI:98423	True	same_symbol
EIF3I	EIF3I	EIF3I	Eif3i	51618859	True	False	False	False	True	True	False	False	0.9460304822565969	0.6637414095135427			0.125	0.3125			0.5527050750079796	0.6261294083357621			0.5	0.5			0.25	-0.5			3.0	4.0			6.0	4.0			1.0	0.75			2	1	2	1.0	0.5527050750079796	False	True	False	False	False	False	supported_shared_full_matrix_only	5.55270507500798					False	metabolic_or_housekeeping_support	supporting_context_not_core_executor	0.5444022364483252	shared_positive_both_screens	0.5444022364483252			True	True	True	8668	54709	HGNC:3272	MGI:1860763	True	same_symbol
OXCT1	OXCT1	OXCT1	Oxct1	51623677	True	False	False	False	True	True	False	False	0.9460304822565969	0.6637414095135427			0.125	0.3125			0.546587926355147	0.6848322919812541			0.5	0.5			0.25	-0.5			3.0	4.0			6.0	4.0			1.0	0.75			2	1	2	1.0	0.546587926355147	False	True	False	False	False	False	supported_shared_full_matrix_only	5.546587926355147					False	unclassified_shared_neuronal_or_context	exploratory_context	1.1007063931853185	shared_positive_both_screens	1.1007063931853185			True	True	True	5019	67041	HGNC:8527	MGI:1914291	True	same_symbol
UBE2I	UBE2I	UBE2I	Ube2i	51627142	True	False	False	False	True	True	False	False	0.9460304822565969	0.6637414095135427			0.125	0.3125			0.684048834982445	0.5457419050394859			0.5	0.5			0.25	-0.5			3.0	4.0			6.0	4.0			1.0	0.75			2	1	2	1.0	0.5457419050394859	False	True	False	False	False	False	supported_shared_full_matrix_only	5.545741905039486					False	unclassified_shared_neuronal_or_context	exploratory_context	1.0785947300827532	shared_positive_both_screens	1.0785947300827532			True	True	True	7329	22196	HGNC:12485	MGI:107365	True	same_symbol
CAPZA2	CAPZA2	CAPZA2	Capza2	51616774	True	False	False	False	True	True	False	False	0.9460304822565969	0.6637414095135427			0.125	0.3125			0.5428902010852218	0.8089271688257735			0.5	0.5			0.25	-0.5			3.0	4.0			6.0	4.0			1.0	0.75			2	1	2	1.0	0.5428902010852218	False	True	False	False	False	False	supported_shared_full_matrix_only	5.542890201085222					False	cytoskeleton_morphogenesis	mechanism_followup_candidate	1.661752894102736	shared_positive_both_screens	1.661752894102736			True	True	True	830	12343	HGNC:1490	MGI:106222	True	same_symbol
DCTN2	DCTN2	DCTN2	Dctn2	51623694	True	False	False	False	True	True	False	False	0.9460304822565969	0.6637414095135427			0.125	0.3125			0.6845276093201405	0.5410465719769388			0.5	0.5			0.25	-0.5			3.0	4.0			6.0	4.0			1.0	0.75			2	1	2	1.0	0.5410465719769388	False	True	False	False	False	False	supported_shared_full_matrix_only	5.541046571976938					False	unclassified_shared_neuronal_or_context	exploratory_context	1.0632272100923312	shared_positive_both_screens	1.0632272100923312			True	True	True	10540	69654	HGNC:2712	MGI:107733	True	same_symbol
BANF1	BANF1	BANF1	Banf1	51619066	True	False	False	False	True	True	False	False	0.9460304822565969	0.6637414095135427			0.125	0.3125			0.6030162783274816	0.5378112863750675			0.5	0.5			0.5	-0.5			3.0	4.0			6.0	4.0			1.0	0.75			2	1	2	1.0	0.5378112863750675	False	True	False	False	False	False	supported_shared_full_matrix_only	5.537811286375067					False	unclassified_shared_neuronal_or_context	exploratory_context	1.0584681990876763	shared_positive_both_screens	1.0584681990876763			True	True	True	8815	23825	HGNC:17397	MGI:1346330	True	same_symbol
PRPF40A	PRPF40A	PRPF40A	Prpf40a	51619527	True	False	False	False	True	True	False	False	0.9460304822565969	0.6637414095135427			0.125	0.3125			0.6255961336616476	0.5371924053795228			0.5	0.5			0.25	-0.5			3.0	4.0			6.0	4.0			1.0	0.75			2	1	2	1.0	0.5371924053795228	False	True	False	False	False	False	supported_shared_full_matrix_only	5.537192405379523					False	unclassified_shared_neuronal_or_context	exploratory_context	1.1121198505905152	shared_positive_both_screens	1.1121198505905152			True	True	True	55660	56194	HGNC:16463	MGI:1860512	True	same_symbol
NDUFAB1	NDUFAB1	NDUFAB1	Ndufab1	51623380	True	False	False	False	True	True	False	False	0.9460304822565969	0.6637414095135427			0.125	0.3125			0.5313996169805298	0.8825519423741517			0.5	0.5			0.25	-0.5			3.0	4.0			6.0	4.0			1.0	0.75			2	1	2	1.0	0.5313996169805298	False	True	False	False	False	False	supported_shared_full_matrix_only	5.53139961698053					False	metabolic_or_housekeeping_support	supporting_context_not_core_executor	0.5440184532884706	shared_positive_both_screens	0.5440184532884706			True	True	True	4706	70316	HGNC:7694	MGI:1917566	True	same_symbol
PFDN2	PFDN2	PFDN2	Pfdn2	51622105	True	False	False	False	True	True	False	False	0.9460304822565969	0.6637414095135427			0.125	0.3125			0.5714570699010533	0.5310144458042007			0.5	0.5			0.25	-0.5			3.0	4.0			6.0	4.0			1.0	0.75			2	1	2	1.0	0.5310144458042007	False	True	False	False	False	False	supported_shared_full_matrix_only	5.5310144458042005					False	unclassified_shared_neuronal_or_context	exploratory_context	1.0665579152143958	shared_positive_both_screens	1.0665579152143958			True	True	True	5202	18637	HGNC:8867	MGI:1276111	True	same_symbol
SRP9	SRP9	SRP9	Srp9	51629603	True	False	False	False	True	True	False	False	0.9460304822565969	0.6637414095135427			0.125	0.3125			0.7947255027130545	0.5293715562587612			0.5	0.5			0.25	-0.5			3.0	4.0			6.0	4.0			1.0	0.75			2	1	2	1.0	0.5293715562587612	False	True	False	False	False	False	supported_shared_full_matrix_only	5.529371556258761					False	unclassified_shared_neuronal_or_context	exploratory_context	1.098689673037408	shared_positive_both_screens	1.098689673037408			True	True	True	6726	27058	HGNC:11304	MGI:1350930	True	same_symbol
EIF3M	EIF3M	EIF3M	Eif3m	51619151	True	False	False	False	True	True	False	False	0.9460304822565969	0.6637414095135427			0.125	0.3125			0.5283673795084584	0.5658883455751873			0.5	0.5			0.25	-0.5			3.0	4.0			6.0	4.0			1.0	0.75			2	1	2	1.0	0.5283673795084584	False	True	False	False	False	False	supported_shared_full_matrix_only	5.528367379508459					False	metabolic_or_housekeeping_support	supporting_context_not_core_executor	0.5752152493630509	shared_positive_both_screens	0.5752152493630509			True	True	True	10480	98221	HGNC:24460	MGI:1351744	True	same_symbol
RHOA	RHOA	RHOA	Rhoa	51616229	True	False	False	False	True	True	False	False	0.9460304822565969	0.6637414095135427			0.125	0.3125			0.5279285030322375	0.6942825221023997			0.5	0.5			0.25	-0.5			3.0	4.0			6.0	4.0			1.0	0.75			2	1	2	1.0	0.5279285030322375	False	True	False	False	False	False	supported_shared_full_matrix_only	5.527928503032237					False	unclassified_shared_neuronal_or_context	exploratory_context	1.086301034742028	shared_positive_both_screens	1.086301034742028			True	True	True	387	11848	HGNC:667	MGI:1096342	True	same_symbol
ARF4	ARF4	ARF4	Arf4	51628199	True	False	False	False	True	True	False	False	0.9460304822565969	0.6637414095135427			0.125	0.3125			0.5224225981487393	0.6189157679976682			0.5	0.5			0.25	-0.5			3.0	4.0			6.0	4.0			1.0	0.75			2	1	2	1.0	0.5224225981487393	False	True	False	False	False	False	supported_shared_full_matrix_only	5.522422598148739					False	unclassified_shared_neuronal_or_context	exploratory_context	1.0820768502263247	shared_positive_both_screens	1.0820768502263247			True	True	True	378	11843	HGNC:655	MGI:99433	True	same_symbol
HSPA5	HSPA5	HSPA5	Hspa5	51616503	True	False	False	False	True	True	False	False	0.9460304822565969	0.6637414095135427			0.125	0.3125			0.5185525055857007	0.8213314180233446			0.5	0.5			0.25	-0.5			3.0	4.0			6.0	4.0			1.0	0.75			2	1	2	1.0	0.5185525055857007	False	True	False	False	False	False	supported_shared_full_matrix_only	5.518552505585701					False	metabolic_or_housekeeping_support	supporting_context_not_core_executor	0.5798101971564176	shared_positive_both_screens	0.5798101971564176			True	True	True	3309	14828	HGNC:5238	MGI:95835	True	same_symbol
PDIA3	PDIA3	PDIA3	Pdia3	51618953	True	False	False	False	True	True	False	False	0.9460304822565969	0.6637414095135427			0.125	0.3125			0.5152808809447813	0.8109186548417093			0.5	0.5			0.25	-0.5			3.0	4.0			6.0	4.0			1.0	0.75			2	1	2	1.0	0.5152808809447813	False	True	False	False	False	False	supported_shared_full_matrix_only	5.515280880944781					False	unclassified_shared_neuronal_or_context	exploratory_context	1.0850502097672885	shared_positive_both_screens	1.0850502097672885			True	True	True	2923	14827	HGNC:4606	MGI:95834	True	same_symbol
MRPL51	MRPL51	MRPL51	Mrpl51	51625294	True	False	False	False	True	True	False	False	0.9460304822565969	0.6637414095135427			0.125	0.3125			0.5135253750398978	0.5418475900998697			0.5	0.5			0.25	-0.5			3.0	4.0			6.0	4.0			1.0	0.75			2	1	2	1.0	0.5135253750398978	False	True	False	False	False	False	supported_shared_full_matrix_only	5.513525375039897					False	unclassified_shared_neuronal_or_context	exploratory_context	1.0368047077097398	shared_positive_both_screens	1.0368047077097398			True	True	True	51258	66493	HGNC:14044	MGI:1913743	True	same_symbol
TIMM8B	TIMM8B	TIMM8B	Timm8b	51630532	True	False	False	False	True	True	False	False	0.9460304822565969	0.6637414095135427			0.125	0.3125			0.5112910947973188	0.8189488881751801			0.5	0.5			2.7755575615628914e-17	-0.5			3.0	4.0			6.0	4.0			1.0	0.75			2	1	2	1.0	0.5112910947973188	False	True	False	False	False	False	supported_shared_full_matrix_only	5.511291094797318					False	unclassified_shared_neuronal_or_context	exploratory_context	0.8753570709202744	shared_positive_both_screens	0.8753570709202744			True	True	True	26521	30057	HGNC:11818	MGI:1353424	True	same_symbol
NME1	NME1	NME1	Nme1	51623372	True	False	False	False	True	True	False	False	0.9460304822565969	0.6637414095135427			0.125	0.3125			0.5097350781998085	0.8195127113164724			0.5	0.5			0.25	-0.5			3.0	4.0			6.0	4.0			1.0	0.75			2	1	2	1.0	0.5097350781998085	False	True	False	False	False	False	supported_shared_full_matrix_only	5.5097350781998085					False	unclassified_shared_neuronal_or_context	exploratory_context	1.000534248562339	shared_positive_both_screens	1.000534248562339			True	True	True	4830	18102	HGNC:7849	MGI:97355	True	same_symbol
SNRPB	SNRPB	SNRPB	Snrpb	51629952	True	False	False	False	True	True	False	False	0.9460304822565969	0.6637414095135427			0.125	0.3125			0.5005984679221194	0.534082088816364			0.5	0.5			0.25	-0.5			3.0	4.0			6.0	4.0			1.0	0.75			2	1	2	1.0	0.5005984679221194	False	True	False	False	False	False	supported_shared_full_matrix_only	5.500598467922119					False	unclassified_shared_neuronal_or_context	exploratory_context	1.0246791158799344	shared_positive_both_screens	1.0246791158799344			True	True	True	6628	20638	HGNC:11153	MGI:98342	True	same_symbol
ESD	ESD	ESD	Esd	51619687	True	False	False	False	True	True	False	False	0.9460304822565969	0.6637414095135427			0.125	0.3125			0.6180178742419407	0.49815459202109885			0.5	0.5			0.25	-0.5			3.0	4.0			6.0	4.0			1.0	0.75			2	1	2	1.0	0.49815459202109885	False	True	False	False	False	False	supported_shared_full_matrix_only	5.498154592021099					False	unclassified_shared_neuronal_or_context	exploratory_context	1.0492578708352722	shared_positive_both_screens	1.0492578708352722			True	True	True	2098	13885	HGNC:3465	MGI:95421	True	same_symbol
MLF2	MLF2	MLF2	Mlf2	51620871	True	False	False	False	True	True	False	False	0.9460304822565969	0.6637414095135427			0.125	0.3125			0.4962097031599106	0.674744278358385			0.5	0.5			0.25	-0.5			3.0	4.0			6.0	4.0			1.0	0.75			2	1	2	1.0	0.4962097031599106	False	True	False	False	False	False	supported_shared_full_matrix_only	5.49620970315991					False	unclassified_shared_neuronal_or_context	exploratory_context	1.134802362717194	shared_positive_both_screens	1.134802362717194			True	True	True	8079	30853	HGNC:7126	MGI:1353554	True	same_symbol
AURKAIP1	AURKAIP1	AURKAIP1	Aurkaip1	51629276	True	False	False	False	True	True	False	False	0.9460304822565969	0.6637414095135427			0.125	0.3125			0.5128870092563038	0.4955911647512445			0.5	0.5			0.25	-0.5			3.0	4.0			6.0	4.0			1.0	0.75			2	1	2	1.0	0.4955911647512445	False	True	False	False	False	False	supported_shared_full_matrix_only	5.495591164751245					False	unclassified_shared_neuronal_or_context	exploratory_context	1.0361164125653062	shared_positive_both_screens	1.0361164125653062			True	True	True	54998	66077	HGNC:24114	MGI:1913327	True	same_symbol
SEC11A	SEC11A	SEC11A	Sec11a	51624363	True	False	False	False	True	True	False	False	0.9460304822565969	0.6637414095135427			0.125	0.3125			0.5169964889881903	0.4945385907204619			0.5	0.5			0.25	-0.5			3.0	4.0			6.0	4.0			1.0	0.75			2	1	2	1.0	0.4945385907204619	False	True	False	False	False	False	supported_shared_full_matrix_only	5.494538590720462					False	unclassified_shared_neuronal_or_context	exploratory_context	1.0452634780829086	shared_positive_both_screens	1.0452634780829086			True	True	True	23478	56529	HGNC:17718	MGI:1929464	True	same_symbol
ZFAND5	ZFAND5	ZFAND5	Zfand5	51621839	True	False	False	False	True	True	False	False	0.9460304822565969	0.6637414095135427			0.125	0.3125			0.49122880945109104	0.6712261947780209			0.5	0.5			0.5	-0.5			3.0	4.0			6.0	4.0			1.0	0.75			2	1	2	1.0	0.49122880945109104	False	True	False	False	False	False	supported_shared_full_matrix_only	5.491228809451091					False	unclassified_shared_neuronal_or_context	exploratory_context	1.1293771921049094	shared_positive_both_screens	1.1293771921049094			True	True	True	7763	22682	HGNC:13008	MGI:1278334	True	same_symbol
PSMC3	PSMC3	PSMC3	Psmc3	51627581	True	False	False	False	True	True	False	False	0.9460304822565969	0.6637414095135427			0.125	0.3125			0.4859958506224066	0.6715798531595676			0.5	0.5			0.25	-0.5			3.0	4.0			6.0	4.0			1.0	0.75			2	1	2	1.0	0.4859958506224066	False	True	False	False	False	False	supported_shared_full_matrix_only	5.485995850622406					False	unclassified_shared_neuronal_or_context	exploratory_context	1.030358657480553	shared_positive_both_screens	1.030358657480553			True	True	True	5702	19182	HGNC:9549	MGI:1098754	True	same_symbol
CBX5	CBX5	CBX5	Cbx5	51620292	True	False	False	False	True	True	False	False	0.9460304822565969	0.6637414095135427			0.125	0.3125			0.4815671879987233	0.6300321498462399			0.5	0.5			0.25	-0.5			3.0	4.0			6.0	4.0			1.0	0.75			2	1	2	1.0	0.4815671879987233	False	True	False	False	False	False	supported_shared_full_matrix_only	5.481567187998723					False	unclassified_shared_neuronal_or_context	exploratory_context	1.1150973804170965	shared_positive_both_screens	1.1150973804170965			True	True	True	23468	12419	HGNC:1555	MGI:109372	True	same_symbol
TOMM22	TOMM22	TOMM22	Tomm22	51617096	True	False	False	False	True	True	False	False	0.9460304822565969	0.6637414095135427			0.125	0.3125			0.4768193424832429	0.5400486503535075			0.5	0.5			0.25	-0.5			3.0	4.0			6.0	4.0			1.0	0.75			2	1	2	1.0	0.4768193424832429	False	True	False	False	False	False	supported_shared_full_matrix_only	5.4768193424832425					False	unclassified_shared_neuronal_or_context	exploratory_context	1.0274755218737173	shared_positive_both_screens	1.0274755218737173			True	True	True	56993	223696	HGNC:18002	MGI:2450248	True	same_symbol
NDUFA6	NDUFA6	NDUFA6	Ndufa6	51629613	True	False	False	False	True	True	False	False	0.9460304822565969	0.6637414095135427			0.125	0.3125			0.4765799553143952	0.8163568679006274			0.5	0.5			0.25	-0.5			3.0	4.0			6.0	4.0			1.0	0.75			2	1	2	1.0	0.4765799553143952	False	True	False	False	False	False	supported_shared_full_matrix_only	5.476579955314395					False	metabolic_or_housekeeping_support	supporting_context_not_core_executor	0.5245551153803873	shared_positive_both_screens	0.5245551153803873			True	True	True	4700	67130	HGNC:7690	MGI:1914380	True	same_symbol
MTCH1	MTCH1	MTCH1	Mtch1	51634215	True	False	False	False	True	True	False	False	0.9460304822565969	0.6637414095135427			0.125	0.3125			0.4762607724225981	0.673061442589277			0.5	0.5			0.25	-0.5			3.0	4.0			6.0	4.0			1.0	0.75			2	1	2	1.0	0.4762607724225981	False	True	False	False	False	False	supported_shared_full_matrix_only	5.476260772422598					False	unclassified_shared_neuronal_or_context	exploratory_context	1.1345938648024754	shared_positive_both_screens	1.1345938648024754			True	True	True	23787	56462	HGNC:17586	MGI:1929261	True	same_symbol
BRD8	BRD8	BRD8	Brd8	51616551	True	False	False	False	True	True	False	False	0.9460304822565969	0.6637414095135427			0.125	0.3125			0.5138756088691777	0.4746164423216095			0.5	0.5			0.25	-0.5			3.0	4.0			6.0	4.0			1.0	0.75			2	1	2	1.0	0.4746164423216095	False	True	False	False	False	False	supported_shared_full_matrix_only	5.47461644232161					False	unclassified_shared_neuronal_or_context	exploratory_context	1.061617376898721	shared_positive_both_screens	1.061617376898721			True	True	True	10902	78656	HGNC:19874	MGI:1925906	True	same_symbol
RPS27L	RPS27L	RPS27L	Rps27l	51624134	True	False	False	False	True	True	False	False	0.9460304822565969	0.6637414095135427			0.125	0.3125			0.4723906798595595	0.47480013489715944			0.5	0.5			0.5	-0.5			3.0	4.0			6.0	4.0			1.0	0.75			2	1	2	1.0	0.4723906798595595	False	True	False	False	False	False	supported_shared_full_matrix_only	5.47239067985956					False	metabolic_or_housekeeping_support	supporting_context_not_core_executor	0.5488973314666381	shared_positive_both_screens	0.5488973314666381			True	True	True	51065	67941	HGNC:18476	MGI:1915191	True	same_symbol
TMED9	TMED9	TMED9	Tmed9	51623684	True	False	False	False	True	True	False	False	0.9460304822565969	0.6637414095135427			0.125	0.3125			0.4658081324662696	0.5575202683813252			0.5	0.5			0.5	-0.5			3.0	4.0			6.0	4.0			1.0	0.75			2	1	2	1.0	0.4658081324662696	False	True	False	False	False	False	supported_shared_full_matrix_only	5.46580813246627					False	unclassified_shared_neuronal_or_context	exploratory_context	1.058604932180646	shared_positive_both_screens	1.058604932180646			True	True	True	54732	67511	HGNC:24878	MGI:1914761	True	same_symbol
POLR2G	POLR2G	POLR2G	Polr2g	51623870	True	False	False	False	True	True	False	False	0.9460304822565969	0.6637414095135427			0.125	0.3125			0.4654085541015001	0.6116939103906567			0.5	0.5			0.25	-0.5			3.0	4.0			6.0	4.0			1.0	0.75			2	1	2	1.0	0.4654085541015001	False	True	False	False	False	False	supported_shared_full_matrix_only	5.4654085541015					False	unclassified_shared_neuronal_or_context	exploratory_context	1.0099537479515723	shared_positive_both_screens	1.0099537479515723			True	True	True	5436	67710	HGNC:9194	MGI:1914960	True	same_symbol
PTOV1	PTOV1	PTOV1	Ptov1	51629633	True	False	False	False	True	True	False	False	0.9460304822565969	0.6637414095135427			0.125	0.3125			0.5354691988509416	0.46053495605590045			0.5	0.5			0.25	-0.5			3.0	4.0			6.0	4.0			1.0	0.75			2	1	2	1.0	0.46053495605590045	False	True	False	False	False	False	supported_shared_full_matrix_only	5.4605349560559					False	unclassified_shared_neuronal_or_context	exploratory_context	1.064996734732108	shared_positive_both_screens	1.064996734732108			True	True	True	53635	84113	HGNC:9632	MGI:1933946	True	same_symbol
CUEDC2	CUEDC2	CUEDC2	Cuedc2	51627977	True	False	False	False	True	True	False	False	0.9460304822565969	0.6637414095135427			0.125	0.3125			0.4575087775295244	0.530731143222515			0.5	0.5			0.25	-0.5			3.0	4.0			6.0	4.0			1.0	0.75			2	1	2	1.0	0.4575087775295244	False	True	False	False	False	False	supported_shared_full_matrix_only	5.457508777529524					False	unclassified_shared_neuronal_or_context	exploratory_context	1.040685753322239	shared_positive_both_screens	1.040685753322239			True	True	True	79004	67116	HGNC:28352	MGI:1914366	True	same_symbol
SF1	SF1	SF1	Sf1	51627723	True	False	False	False	True	True	False	False	0.9460304822565969	0.6637414095135427			0.125	0.3125			0.5237791254388765	0.4515967856101928			0.5	0.5			0.25	-0.5			3.0	4.0			6.0	4.0			1.0	0.75			2	1	2	1.0	0.4515967856101928	False	True	False	False	False	False	supported_shared_full_matrix_only	5.451596785610192					False	unclassified_shared_neuronal_or_context	exploratory_context	1.1029828416286165	shared_positive_both_screens	1.1029828416286165			True	True	True	7536	22668	HGNC:12950	MGI:1095403	True	same_symbol
HNRNPAB	HNRNPAB	HNRNPAB	Hnrnpab	51620447	True	False	False	False	True	True	False	False	0.9460304822565969	0.6637414095135427			0.125	0.3125			0.4490903287583785	0.5051536683014506			0.5	0.5			0.25	-0.5			3.0	4.0			6.0	4.0			1.0	0.75			2	1	2	1.0	0.4490903287583785	False	True	False	False	False	False	supported_shared_full_matrix_only	5.449090328758379					False	rna_processing_neuronal_state	supporting_context_not_core_executor	1.0318594041991866	shared_positive_both_screens	1.0318594041991866			True	True	True	3182	15384	HGNC:5034	MGI:1330294	True	same_symbol
TRMT112	TRMT112	TRMT112	Trmt112	51628512	True	False	False	False	True	True	False	False	0.9460304822565969	0.6637414095135427			0.125	0.3125			0.568185445260134	0.4486884878174738			0.5	0.5			2.7755575615628914e-17	-0.5			3.0	4.0			6.0	4.0			1.0	0.75			2	1	2	1.0	0.4486884878174738	False	True	False	False	False	False	supported_shared_full_matrix_only	5.448688487817474					False	unclassified_shared_neuronal_or_context	exploratory_context	0.8746719341424294	shared_positive_both_screens	0.8746719341424294			True	True	True	51504	67674	HGNC:26940	MGI:1914924	True	same_symbol
BRD3	BRD3	BRD3	Brd3	51619186	True	False	False	False	True	True	False	False	0.9460304822565969	0.6637414095135427			0.125	0.3125			0.4900255346313437	0.4457398231808025			0.5	0.5			0.25	-0.5			3.0	4.0			6.0	4.0			1.0	0.75			2	1	2	1.0	0.4457398231808025	False	True	False	False	False	False	supported_shared_full_matrix_only	5.445739823180802					False	unclassified_shared_neuronal_or_context	exploratory_context	1.0415767877829547	shared_positive_both_screens	1.0415767877829547			True	True	True	8019	67382	HGNC:1104	MGI:1914632	True	same_symbol
PSMC5	PSMC5	PSMC5	Psmc5	51627408	True	False	False	False	True	True	False	False	0.9460304822565969	0.6637414095135427			0.125	0.3125			0.4455394190871369	0.6430479799031241			0.5	0.5			0.25	-0.5			3.0	4.0			6.0	4.0			1.0	0.75			2	1	2	1.0	0.4455394190871369	False	True	False	False	False	False	supported_shared_full_matrix_only	5.445539419087137					False	unclassified_shared_neuronal_or_context	exploratory_context	1.0318464358169968	shared_positive_both_screens	1.0318464358169968			True	True	True	5705	19184	HGNC:9552	MGI:105047	True	same_symbol
CWC15	CWC15	CWC15	Cwc15	51628041	True	False	False	False	True	True	False	False	0.9460304822565969	0.6637414095135427			0.125	0.3125			0.4520826683689754	0.43975551796047696			0.5	0.5			0.25	-0.5			3.0	4.0			6.0	4.0			1.0	0.75			2	1	2	1.0	0.43975551796047696	False	True	False	False	False	False	supported_shared_full_matrix_only	5.439755517960477					False	unclassified_shared_neuronal_or_context	exploratory_context	1.0478403212451208	shared_positive_both_screens	1.0478403212451208			True	True	True	51503	66070	HGNC:26939	MGI:1913320	True	same_symbol
EIF3L	EIF3L	EIF3L	Eif3l	51627644	True	False	False	False	True	True	False	False	0.9460304822565969	0.6637414095135427			0.125	0.3125			0.7738227660363367	0.43787733688637215			0.5	0.5			0.25	-0.5			3.0	4.0			6.0	4.0			1.0	0.75			2	1	2	1.0	0.43787733688637215	False	True	False	False	False	False	supported_shared_full_matrix_only	5.437877336886372					False	metabolic_or_housekeeping_support	supporting_context_not_core_executor	0.5688740484819184	shared_positive_both_screens	0.5688740484819184			True	True	True	51386	223691	HGNC:18138	MGI:2386251	True	same_symbol
CDK4	CDK4	CDK4	Cdk4	51628987	True	False	False	False	True	True	False	False	0.9460304822565969	0.6637414095135427			0.125	0.3125			0.4372007660389403	0.4924324436857226			0.5	0.5			0.25	-0.5			3.0	4.0			6.0	4.0			1.0	0.75			2	1	2	1.0	0.4372007660389403	False	True	False	False	False	False	supported_shared_full_matrix_only	5.4372007660389405					False	unclassified_shared_neuronal_or_context	exploratory_context	1.018314770523867	shared_positive_both_screens	1.018314770523867			True	True	True	1019	12567	HGNC:1773	MGI:88357	True	same_symbol
POLR1D	POLR1D	POLR1D	Polr1d	51622747	True	False	False	False	True	True	False	False	0.9460304822565969	0.6637414095135427			0.125	0.3125			0.4973667411426747	0.4355553343676273			0.5	0.5			0.25	-0.5			3.0	4.0			6.0	4.0			1.0	0.75			2	1	2	1.0	0.4355553343676273	False	True	False	False	False	False	supported_shared_full_matrix_only	5.435555334367628					False	unclassified_shared_neuronal_or_context	exploratory_context	1.0864936559249394	shared_positive_both_screens	1.0864936559249394			True	True	True	51082	20018	HGNC:20422	MGI:108403	True	same_symbol
TCEAL8	TCEAL8	TCEAL8	Tceal8	51635749	True	False	False	False	True	True	False	False	0.9460304822565969	0.6637414095135427			0.125	0.3125			0.4345675071816151	0.4914574398689817			0.5	0.5			0.25	-0.5			3.0	4.0			6.0	4.0			1.0	0.75			2	1	2	1.0	0.4345675071816151	False	True	False	False	False	False	supported_shared_full_matrix_only	5.434567507181615					False	unclassified_shared_neuronal_or_context	exploratory_context	1.053912776368827	shared_positive_both_screens	1.053912776368827			True	True	True	90843	66684	HGNC:28683	MGI:1913934	True	same_symbol
ZFAND6	ZFAND6	ZFAND6	Zfand6	51616379	True	False	False	False	True	True	False	False	0.9460304822565969	0.6637414095135427			0.125	0.3125			0.4330513884455793	0.5760504889609879			0.5	0.5			0.5	-0.5			3.0	4.0			6.0	4.0			1.0	0.75			2	1	2	1.0	0.4330513884455793	False	True	False	False	False	False	supported_shared_full_matrix_only	5.4330513884455796					False	unclassified_shared_neuronal_or_context	exploratory_context	1.1162898881695444	shared_positive_both_screens	1.1162898881695444			True	True	True	54469	65098	HGNC:30164	MGI:1929510	True	same_symbol
NDUFA2	NDUFA2	NDUFA2	Ndufa2	51628614	True	False	False	False	True	True	False	False	0.9460304822565969	0.6637414095135427			0.125	0.3125			0.4329316948611554	0.8459135856544928			0.5	0.5			0.25	-0.5			3.0	4.0			6.0	4.0			1.0	0.75			2	1	2	1.0	0.4329316948611554	False	True	False	False	False	False	supported_shared_full_matrix_only	5.432931694861155					False	metabolic_or_housekeeping_support	supporting_context_not_core_executor	0.5337854630812906	shared_positive_both_screens	0.5337854630812906			True	True	True	4695	17991	HGNC:7685	MGI:1343103	True	same_symbol
CCND2	CCND2	CCND2	Ccnd2	51617526	True	False	False	False	True	True	False	False	0.9460304822565969	0.6637414095135427			0.125	0.3125			0.4261889562719438	0.5371299496190198			0.5	0.5			0.5	-0.5			3.0	4.0			6.0	4.0			1.0	0.75			2	1	2	1.0	0.4261889562719438	False	True	False	False	False	False	supported_shared_full_matrix_only	5.426188956271944					False	unclassified_shared_neuronal_or_context	exploratory_context	1.0	shared_positive_both_screens	1.0			True	True	True	894	12444	HGNC:1583	MGI:88314	True	same_symbol
PSMD8	PSMD8	PSMD8	Psmd8	51619225	True	False	False	False	True	True	False	False	0.9460304822565969	0.6637414095135427			0.125	0.3125			0.5988669007341206	0.42122415978038924			0.5	0.5			0.25	-0.5			3.0	4.0			6.0	4.0			1.0	0.75			2	1	2	1.0	0.42122415978038924	False	True	False	False	False	False	supported_shared_full_matrix_only	5.421224159780389					False	unclassified_shared_neuronal_or_context	exploratory_context	1.0631756283758391	shared_positive_both_screens	1.0631756283758391			True	True	True	5714	57296	HGNC:9566	MGI:1888669	True	same_symbol
SARNP	SARNP	SARNP	Sarnp	51627495	True	False	False	False	True	True	False	False	0.9460304822565969	0.6637414095135427			0.125	0.3125			0.4206410671446925	0.568353233696611			0.5	0.5			0.25	-0.5			3.0	4.0			6.0	4.0			1.0	0.75			2	1	2	1.0	0.4206410671446925	False	True	False	False	False	False	supported_shared_full_matrix_only	5.420641067144692					False	unclassified_shared_neuronal_or_context	exploratory_context	1.00567121435934	shared_positive_both_screens	1.00567121435934			True	True	True	84324	66118	HGNC:24432	MGI:1913368	True	same_symbol
CCNL1	CCNL1	CCNL1	Ccnl1	51617528	True	False	False	False	True	True	False	False	0.9460304822565969	0.6637414095135427			0.125	0.3125			0.41888802629080024	0.453362895726638			0.5	0.5			0.25	-0.5			3.0	4.0			6.0	4.0			1.0	0.75			2	1	2	1.0	0.41888802629080024	False	True	False	False	False	False	supported_shared_full_matrix_only	5.418888026290801					False	unclassified_shared_neuronal_or_context	exploratory_context	1.091906291890921	shared_positive_both_screens	1.091906291890921			True	True	True	57018	56706	HGNC:20569	MGI:1922664	True	same_symbol
NUDC	NUDC	NUDC	Nudc	51629508	True	False	False	False	True	True	False	False	0.9460304822565969	0.6637414095135427			0.125	0.3125			0.4932173635493138	0.41640677943747717			0.5	0.5			0.25	-0.5			3.0	4.0			6.0	4.0			1.0	0.75			2	1	2	1.0	0.41640677943747717	False	True	False	False	False	False	supported_shared_full_matrix_only	5.4164067794374775					False	unclassified_shared_neuronal_or_context	exploratory_context	1.0759379582482849	shared_positive_both_screens	1.0759379582482849			True	True	True	10726	18221	HGNC:8045	MGI:106014	True	same_symbol
TSG101	TSG101	TSG101	Tsg101	51627110	True	False	False	False	True	True	False	False	0.9460304822565969	0.6637414095135427			0.125	0.3125			0.4158953080114906	0.42156944386615036			0.5	0.5			0.25	-0.5			3.0	4.0			6.0	4.0			1.0	0.75			2	1	2	1.0	0.4158953080114906	False	True	False	False	False	False	supported_shared_full_matrix_only	5.415895308011491					False	unclassified_shared_neuronal_or_context	exploratory_context	1.0917689538659634	shared_positive_both_screens	1.0917689538659634			True	True	True	7251	22088	HGNC:15971	MGI:106581	True	same_symbol
SSRP1	SSRP1	SSRP1	Ssrp1	51622393	True	False	False	False	True	True	False	False	0.9460304822565969	0.6637414095135427			0.125	0.3125			0.4156160229811682	0.4947571858822223			0.5	0.5			0.25	-0.5			3.0	4.0			6.0	4.0			1.0	0.75			2	1	2	1.0	0.4156160229811682	False	True	False	False	False	False	supported_shared_full_matrix_only	5.415616022981168					False	unclassified_shared_neuronal_or_context	exploratory_context	1.0531009534864293	shared_positive_both_screens	1.0531009534864293			True	True	True	6749	20833	HGNC:11327	MGI:107912	True	same_symbol
NDUFB3	NDUFB3	NDUFB3	Ndufb3	51626568	True	False	False	False	True	True	False	False	0.9460304822565969	0.6637414095135427			0.125	0.3125			0.4144190871369295	0.6794631580408321			0.5	0.5			0.25	-0.5			3.0	4.0			6.0	4.0			1.0	0.75			2	1	2	1.0	0.4144190871369295	False	True	False	False	False	False	supported_shared_full_matrix_only	5.414419087136929					False	metabolic_or_housekeeping_support	supporting_context_not_core_executor	0.5272868331501275	shared_positive_both_screens	0.5272868331501275			True	True	True	4709	66495	HGNC:7698	MGI:1913745	True	same_symbol
RPL34	RPL34	RPL34	Rpl34	51629564	True	False	False	False	True	True	False	False	0.9460304822565969	0.6637414095135427			0.125	0.3125			0.9962496010213852	0.412845960301929			0.5	0.5			0.25	-0.5			3.0	4.0			6.0	4.0			1.0	0.75			2	1	2	1.0	0.412845960301929	False	True	False	False	False	False	supported_shared_full_matrix_only	5.412845960301929					False	metabolic_or_housekeeping_support	supporting_context_not_core_executor	0.555149720020989	shared_positive_both_screens	0.555149720020989			True	True	True	6164	68436	HGNC:10340	MGI:1915686	True	same_symbol
PPP1CA	PPP1CA	PPP1CA	Ppp1ca	51619518	True	False	False	False	True	True	False	False	0.9460304822565969	0.6637414095135427			0.125	0.3125			0.411905521864028	0.5930213903495363			0.5	0.5			0.5	-0.5			3.0	4.0			6.0	4.0			1.0	0.75			2	1	2	1.0	0.411905521864028	False	True	False	False	False	False	supported_shared_full_matrix_only	5.411905521864028					False	unclassified_shared_neuronal_or_context	exploratory_context	1.050039100282101	shared_positive_both_screens	1.050039100282101			True	True	True	5499	19045	HGNC:9281	MGI:103016	True	same_symbol
IMMP1L	IMMP1L	IMMP1L	Immp1l	51633265	True	False	False	False	True	True	False	False	0.9460304822565969	0.6637414095135427			0.125	0.3125			0.7208431216827502	0.41133015585196797			0.5	0.5			0.5	-0.5			3.0	4.0			6.0	4.0			1.0	0.75			2	1	2	1.0	0.41133015585196797	False	True	False	False	False	False	supported_shared_full_matrix_only	5.411330155851968					False	unclassified_shared_neuronal_or_context	exploratory_context	1.074314105677783	shared_positive_both_screens	1.074314105677783			True	True	True	196294	66541	HGNC:26317	MGI:1913791	True	same_symbol
GHITM	GHITM	GHITM	Ghitm	51627203	True	False	False	False	True	True	False	False	0.9460304822565969	0.6637414095135427			0.125	0.3125			0.4103096074050431	0.6881549180441632			0.5	0.5			0.25	-0.5			3.0	4.0			6.0	4.0			1.0	0.75			2	1	2	1.0	0.4103096074050431	False	True	False	False	False	False	supported_shared_full_matrix_only	5.410309607405043					False	unclassified_shared_neuronal_or_context	exploratory_context	1.0848311469370655	shared_positive_both_screens	1.0848311469370655			True	True	True	27069	66092	HGNC:17281	MGI:1913342	True	same_symbol
PDCD6	PDCD6	PDCD6	Pdcd6	51629693	True	False	False	False	True	True	False	False	0.9460304822565969	0.6637414095135427			0.125	0.3125			0.4082349186083626	0.4586889841917531			0.5	0.5			0.25	-0.5			3.0	4.0			6.0	4.0			1.0	0.75			2	1	2	1.0	0.4082349186083626	False	True	False	False	False	False	supported_shared_full_matrix_only	5.408234918608363					False	unclassified_shared_neuronal_or_context	exploratory_context	1.0	shared_positive_both_screens	1.0			True	True	True	10016	18570	HGNC:8765	MGI:109283	True	same_symbol
PDCD5	PDCD5	PDCD5	Pdcd5	51629542	True	False	False	False	True	True	False	False	0.9460304822565969	0.6637414095135427			0.125	0.3125			0.4071576763485477	0.5651604696094484			0.5	0.5			0.25	-0.5			3.0	4.0			6.0	4.0			1.0	0.75			2	1	2	1.0	0.4071576763485477	False	True	False	False	False	False	supported_shared_full_matrix_only	5.407157676348548					False	unclassified_shared_neuronal_or_context	exploratory_context	1.0399942943693306	shared_positive_both_screens	1.0399942943693306			True	True	True	9141	56330	HGNC:8764	MGI:1913538	True	same_symbol
EIF4H	EIF4H	EIF4H	Eif4h	51627341	True	False	False	False	True	True	False	False	0.9460304822565969	0.6637414095135427			0.125	0.3125			0.4067586977338014	0.5316559594879884			0.5	0.5			0.25	-0.5			3.0	4.0			6.0	4.0			1.0	0.75			2	1	2	1.0	0.4067586977338014	False	True	False	False	False	False	supported_shared_full_matrix_only	5.406758697733801					False	metabolic_or_housekeeping_support	supporting_context_not_core_executor	0.5931539587829073	shared_positive_both_screens	0.5931539587829073			True	True	True	7458	22384	HGNC:12741	MGI:1341822	True	same_symbol
SMC1A	SMC1A	SMC1A	Smc1a	51622718	True	False	False	False	True	True	False	False	0.9460304822565969	0.6637414095135427			0.125	0.3125			0.5239888997946118	0.40645093653899916			0.5	0.5			0.5	-0.5			3.0	4.0			6.0	4.0			1.0	0.75			2	1	2	1.0	0.40645093653899916	False	True	False	False	False	False	supported_shared_full_matrix_only	5.406450936538999					False	unclassified_shared_neuronal_or_context	exploratory_context	1.0391713277177452	shared_positive_both_screens	1.0391713277177452			True	True	True	8243	24061	HGNC:11111	MGI:1344345	True	same_symbol
IMPDH2	IMPDH2	IMPDH2	Impdh2	51617233	True	False	False	False	True	True	False	False	0.9460304822565969	0.6637414095135427			0.125	0.3125			0.4772183210979892	0.4059472007242324			0.5	0.5			0.5	-0.5			3.0	4.0			6.0	4.0			1.0	0.75			2	1	2	1.0	0.4059472007242324	False	True	False	False	False	False	supported_shared_full_matrix_only	5.405947200724232					False	unclassified_shared_neuronal_or_context	exploratory_context	1.0121902467358703	shared_positive_both_screens	1.0121902467358703			True	True	True	3615	23918	HGNC:6053	MGI:109367	True	same_symbol
DHX36	DHX36	DHX36	Dhx36	51625760	True	False	False	False	True	True	False	False	0.9460304822565969	0.6637414095135427			0.125	0.3125			0.4260293648260453	0.4053326810176125			0.5	0.5			0.25	-0.5			3.0	4.0			6.0	4.0			1.0	0.75			2	1	2	1.0	0.4053326810176125	False	True	False	False	False	False	supported_shared_full_matrix_only	5.4053326810176126					False	unclassified_shared_neuronal_or_context	exploratory_context	1.1109505966359166	shared_positive_both_screens	1.1109505966359166			True	True	True	170506	72162	HGNC:14410	MGI:1919412	True	same_symbol
SNRPF	SNRPF	SNRPF	Snrpf	51626804	True	False	False	False	True	True	False	False	0.9460304822565969	0.6637414095135427			0.125	0.3125			0.6717203957867858	0.4032503771894752			0.5	0.5			0.25	-0.5			3.0	4.0			6.0	4.0			1.0	0.75			2	1	2	1.0	0.4032503771894752	False	True	False	False	False	False	supported_shared_full_matrix_only	5.403250377189475					False	unclassified_shared_neuronal_or_context	exploratory_context	1.05400570166641	shared_positive_both_screens	1.05400570166641			True	True	True	6636	69878	HGNC:11162	MGI:1917128	True	same_symbol
CBX1	CBX1	CBX1	Cbx1	51617443	True	False	False	False	True	True	False	False	0.9460304822565969	0.6637414095135427			0.125	0.3125			0.677345994254708	0.40254702511534457			0.5	0.5			0.25	-0.5			3.0	4.0			6.0	4.0			1.0	0.75			2	1	2	1.0	0.40254702511534457	False	True	False	False	False	False	supported_shared_full_matrix_only	5.402547025115345					False	unclassified_shared_neuronal_or_context	exploratory_context	1.0662685309780235	shared_positive_both_screens	1.0662685309780235			True	True	True	10951	12412	HGNC:1551	MGI:105369	True	same_symbol
HNRNPL	HNRNPL	HNRNPL	Hnrnpl	51619664	True	False	False	False	True	True	False	False	0.9460304822565969	0.6637414095135427			0.125	0.3125			0.40049629777960677	0.847463453466493			0.5	0.5			0.25	-0.5			3.0	4.0			6.0	4.0			1.0	0.75			2	1	2	1.0	0.40049629777960677	False	True	False	False	False	False	supported_shared_full_matrix_only	5.400496297779607					False	rna_processing_neuronal_state	supporting_context_not_core_executor	1.0995336521774917	shared_positive_both_screens	1.0995336521774917			True	True	True	3191	15388	HGNC:5045	MGI:104816	True	same_symbol
APEX1	APEX1	APEX1	Apex1	51621703	True	False	False	False	True	True	False	False	0.9460304822565969	0.6637414095135427			0.125	0.3125			0.7341206511330992	0.39995905275651505			0.5	0.5			0.5	-0.5			3.0	4.0			6.0	4.0			1.0	0.75			2	1	2	1.0	0.39995905275651505	False	True	False	False	False	False	supported_shared_full_matrix_only	5.399959052756515					False	unclassified_shared_neuronal_or_context	exploratory_context	1.0396313190576514	shared_positive_both_screens	1.0396313190576514			True	True	True	328	11792	HGNC:587	MGI:88042	True	same_symbol
HTATSF1	HTATSF1	HTATSF1	Htatsf1	51629799	True	False	False	False	True	True	False	False	0.9460304822565969	0.6637414095135427			0.125	0.3125			0.3977417810405362	0.40499884030894456			0.5	0.5			0.5	-0.5			3.0	4.0			6.0	4.0			1.0	0.75			2	1	2	1.0	0.3977417810405362	False	True	False	False	False	False	supported_shared_full_matrix_only	5.397741781040536					False	unclassified_shared_neuronal_or_context	exploratory_context	1.0482800260856109	shared_positive_both_screens	1.0482800260856109			True	True	True	27336	72459	HGNC:5276	MGI:1919709	True	same_symbol
CNPY2	CNPY2	CNPY2	Cnpy2	51627059	True	False	False	False	True	True	False	False	0.9460304822565969	0.6637414095135427			0.125	0.3125			0.4477338014682413	0.39714132806109237			0.5	0.5			0.5	-0.5			3.0	4.0			6.0	4.0			1.0	0.75			2	1	2	1.0	0.39714132806109237	False	True	False	False	False	False	supported_shared_full_matrix_only	5.3971413280610925					False	unclassified_shared_neuronal_or_context	exploratory_context	1.0000940797180682	shared_positive_both_screens	1.0000940797180682			True	True	True	10330	56530	HGNC:13529	MGI:1928477	True	same_symbol
FAM32A	FAM32A	FAM32A	Fam32a	51619360	True	False	False	False	True	True	False	False	0.9460304822565969	0.6637414095135427			0.125	0.3125			0.3965448451962974	0.5756503506518035			0.5	0.5			0.25	-0.5			3.0	4.0			6.0	4.0			1.0	0.75			2	1	2	1.0	0.3965448451962974	False	True	False	False	False	False	supported_shared_full_matrix_only	5.396544845196297					False	unclassified_shared_neuronal_or_context	exploratory_context	1.0433608875544509	shared_positive_both_screens	1.0433608875544509			True	True	True	26017	67922	HGNC:24563	MGI:1915172	True	same_symbol
MRPL52	MRPL52	MRPL52	Mrpl52	51631326	True	False	False	False	True	True	False	False	0.9460304822565969	0.6637414095135427			0.125	0.3125			0.3964650494733482	0.4700653909137716			0.5	0.5			0.25	-0.5			3.0	4.0			6.0	4.0			1.0	0.75			2	1	2	1.0	0.3964650494733482	False	True	False	False	False	False	supported_shared_full_matrix_only	5.396465049473348					False	unclassified_shared_neuronal_or_context	exploratory_context	1.0123232908210016	shared_positive_both_screens	1.0123232908210016			True	True	True	122704	68836	HGNC:16655	MGI:1916086	True	same_symbol
PELI1	PELI1	PELI1	Peli1	51623786	True	False	False	False	True	True	False	False	0.9460304822565969	0.6637414095135427			0.125	0.3125			0.41743629483576583	0.39514038444041844			0.5	0.5			0.25	-0.5			3.0	4.0			6.0	4.0			1.0	0.75			2	1	2	1.0	0.39514038444041844	False	True	False	False	False	False	supported_shared_full_matrix_only	5.395140384440419					False	unclassified_shared_neuronal_or_context	exploratory_context	1.133971404559148	shared_positive_both_screens	1.133971404559148			True	True	True	57162	67245	HGNC:8827	MGI:1914495	True	same_symbol
HNRNPD	HNRNPD	HNRNPD	Hnrnpd	51627427	True	False	False	False	True	True	False	False	0.9460304822565969	0.6637414095135427			0.125	0.3125			0.5860995850622407	0.39451233559629484			0.5	0.5			0.25	-0.5			3.0	4.0			6.0	4.0			1.0	0.75			2	1	2	1.0	0.39451233559629484	False	True	False	False	False	False	supported_shared_full_matrix_only	5.3945123355962945					False	rna_processing_neuronal_state	supporting_context_not_core_executor	1.113130719788428	shared_positive_both_screens	1.113130719788428			True	True	True	3184	11991	HGNC:5036	MGI:101947	True	same_symbol
ZMIZ1	ZMIZ1	ZMIZ1	Zmiz1	51619826	True	False	False	False	True	True	False	False	0.9460304822565969	0.6637414095135427			0.125	0.3125			0.5840179238237491	0.39417218359217776			0.5	0.5			0.5	-0.5			3.0	4.0			6.0	4.0			1.0	0.75			2	1	2	1.0	0.39417218359217776	False	True	False	False	False	False	supported_shared_full_matrix_only	5.394172183592178					False	unclassified_shared_neuronal_or_context	exploratory_context	1.0944597701928012	shared_positive_both_screens	1.0944597701928012			True	True	True	57178	328365	HGNC:16493	MGI:3040693	True	same_symbol
UFC1	UFC1	UFC1	Ufc1	51628140	True	False	False	False	True	True	False	False	0.9460304822565969	0.6637414095135427			0.125	0.3125			0.3940312799233961	0.4271384158443325			0.5	0.5			0.25	-0.5			3.0	4.0			6.0	4.0			1.0	0.75			2	1	2	1.0	0.3940312799233961	False	True	False	False	False	False	supported_shared_full_matrix_only	5.3940312799233965					False	unclassified_shared_neuronal_or_context	exploratory_context	1.0404896308230882	shared_positive_both_screens	1.0404896308230882			True	True	True	51506	66155	HGNC:26941	MGI:1913405	True	same_symbol
MAP1LC3A	MAP1LC3A	MAP1LC3A	Map1lc3a	51629924	True	False	False	False	True	True	False	False	0.9460304822565969	0.6637414095135427			0.125	0.3125			0.3925151611873603	0.43011879955541227			0.5	0.5			0.5	-0.5			3.0	4.0			6.0	4.0			1.0	0.75			2	1	2	1.0	0.3925151611873603	False	True	False	False	False	False	supported_shared_full_matrix_only	5.39251516118736					False	cytoskeleton_morphogenesis	mechanism_followup_candidate	1.5653029136301002	shared_positive_both_screens	1.5653029136301002			True	True	True	84557	66734	HGNC:6838	MGI:1915661	True	same_symbol
SSR2	SSR2	SSR2	Ssr2	51635645	True	False	False	False	True	True	False	False	0.9460304822565969	0.6637414095135427			0.125	0.3125			0.7532716246409192	0.3909487723973296			0.5	0.5			0.25	-0.5			3.0	4.0			6.0	4.0			1.0	0.75			2	1	2	1.0	0.3909487723973296	False	True	False	False	False	False	supported_shared_full_matrix_only	5.39094877239733					False	unclassified_shared_neuronal_or_context	exploratory_context	1.0423757539549094	shared_positive_both_screens	1.0423757539549094			True	True	True	6746	66256	HGNC:11324	MGI:1913506	True	same_symbol
KLHDC2	KLHDC2	KLHDC2	Klhdc2	51629179	True	False	False	False	True	True	False	False	0.9460304822565969	0.6637414095135427			0.125	0.3125			0.3888046600702202	0.5729845129541178			0.5	0.5			0.25	-0.5			3.0	4.0			6.0	4.0			1.0	0.75			2	1	2	1.0	0.3888046600702202	False	True	False	False	False	False	supported_shared_full_matrix_only	5.38880466007022					False	unclassified_shared_neuronal_or_context	exploratory_context	1.0718681376513324	shared_positive_both_screens	1.0718681376513324			True	True	True	23588	69554	HGNC:20231	MGI:1916804	True	same_symbol
DHX15	DHX15	DHX15	Dhx15	51622072	True	False	False	False	True	True	False	False	0.9460304822565969	0.6637414095135427			0.125	0.3125			0.4085785966799389	0.38813132364575087			0.5	0.5			0.25	-0.5			3.0	4.0			6.0	4.0			1.0	0.75			2	1	2	1.0	0.38813132364575087	False	True	False	False	False	False	supported_shared_full_matrix_only	5.388131323645751					False	unclassified_shared_neuronal_or_context	exploratory_context	1.1141956757591065	shared_positive_both_screens	1.1141956757591065			True	True	True	1665	13204	HGNC:2738	MGI:1099786	True	same_symbol
SDHC	SDHC	SDHC	Sdhc	51619205	True	False	False	False	True	True	False	False	0.9460304822565969	0.6637414095135427			0.125	0.3125			0.3876077242259815	0.5118839433179276			0.5	0.5			0.25	-0.5			3.0	4.0			6.0	4.0			1.0	0.75			2	1	2	1.0	0.3876077242259815	False	True	False	False	False	False	supported_shared_full_matrix_only	5.387607724225981					False	unclassified_shared_neuronal_or_context	exploratory_context	1.081147362775816	shared_positive_both_screens	1.081147362775816			True	True	True	6391	66052	HGNC:10682	MGI:1913302	True	same_symbol
BUD31	BUD31	BUD31	Bud31	51621255	True	False	False	False	True	True	False	False	0.9460304822565969	0.6637414095135427			0.125	0.3125			0.4277848707309288	0.3840425892547385			0.5	0.5			0.25	-0.5			3.0	4.0			6.0	4.0			1.0	0.75			2	1	2	1.0	0.3840425892547385	False	True	False	False	False	False	supported_shared_full_matrix_only	5.384042589254738					False	unclassified_shared_neuronal_or_context	exploratory_context	1.032317327035451	shared_positive_both_screens	1.032317327035451			True	True	True	8896	231889	HGNC:29629	MGI:2141291	True	same_symbol
PHPT1	PHPT1	PHPT1	Phpt1	51627594	True	False	False	False	True	True	False	False	0.9460304822565969	0.6637414095135427			0.125	0.3125			0.5665554319614386	0.38395232809396146			0.5	0.5			0.25	-0.5			3.0	4.0			6.0	4.0			1.0	0.75			2	1	2	1.0	0.38395232809396146	False	True	False	False	False	False	supported_shared_full_matrix_only	5.383952328093962					False	unclassified_shared_neuronal_or_context	exploratory_context	1.031969545922305	shared_positive_both_screens	1.031969545922305			True	True	True	29085	75454	HGNC:30033	MGI:1922704	True	same_symbol
PRELID1	PRELID1	PRELID1	Prelid1	51623906	True	False	False	False	True	True	False	False	0.9460304822565969	0.6637414095135427			0.125	0.3125			0.4133019470156399	0.38394150911921077			0.5	0.5			2.7755575615628914e-17	-0.5			3.0	4.0			6.0	4.0			1.0	0.75			2	1	2	1.0	0.38394150911921077	False	True	False	False	False	False	supported_shared_full_matrix_only	5.383941509119211					False	unclassified_shared_neuronal_or_context	exploratory_context	0.8704293379609502	shared_positive_both_screens	0.8704293379609502			True	True	True	27166	66494	HGNC:30255	MGI:1913744	True	same_symbol
COPZ1	COPZ1	COPZ1	Copz1	51617714	True	False	False	False	True	True	False	False	0.9460304822565969	0.6637414095135427			0.125	0.3125			0.4151372486434727	0.38322854644626725			0.5	0.5			0.25	-0.5			3.0	4.0			6.0	4.0			1.0	0.75			2	1	2	1.0	0.38322854644626725	False	True	False	False	False	False	supported_shared_full_matrix_only	5.383228546446267					False	unclassified_shared_neuronal_or_context	exploratory_context	1.0524913454939324	shared_positive_both_screens	1.0524913454939324			True	True	True	22818	56447	HGNC:2243	MGI:1929063	True	same_symbol
TARDBP	TARDBP	TARDBP	Tardbp	51626970	True	False	False	False	True	True	False	False	0.9460304822565969	0.6637414095135427			0.125	0.3125			0.3806419216567392	0.4954221414593235			0.5	0.5			0.25	-0.5			3.0	4.0			6.0	4.0			1.0	0.75			2	1	2	1.0	0.3806419216567392	False	True	False	False	False	False	supported_shared_full_matrix_only	5.380641921656739					False	unclassified_shared_neuronal_or_context	exploratory_context	1.006267627134689	shared_positive_both_screens	1.006267627134689			True	True	True	23435	230908	HGNC:11571	MGI:2387629	True	same_symbol
ATF4	ATF4	ATF4	Atf4	51616315	True	False	False	False	True	True	False	False	0.9460304822565969	0.6637414095135427			0.125	0.3125			0.4733083306734759	0.3757585867663448			0.5	0.5			0.5	-0.5			3.0	4.0			6.0	4.0			1.0	0.75			2	1	2	1.0	0.3757585867663448	False	True	False	False	False	False	supported_shared_full_matrix_only	5.375758586766345					False	unclassified_shared_neuronal_or_context	exploratory_context	1.039804161923259	shared_positive_both_screens	1.039804161923259			True	True	True	468	11911	HGNC:786	MGI:88096	True	same_symbol
SCAND1	SCAND1	SCAND1	Scand1	51635308	True	False	False	False	True	True	False	False	0.9460304822565969	0.6637414095135427			0.125	0.3125			0.4794924992020428	0.3755518578704074			0.5	0.5			0.25	-0.5			3.0	4.0			6.0	4.0			1.0	0.75			2	1	2	1.0	0.3755518578704074	False	True	False	False	False	False	supported_shared_full_matrix_only	5.375551857870407					False	unclassified_shared_neuronal_or_context	exploratory_context	1.029194775965547	shared_positive_both_screens	1.029194775965547			True	True	True	51282	19018	HGNC:10566	MGI:1343132	True	same_symbol
CUTA	CUTA	CUTA	Cuta	51632474	True	False	False	False	True	True	False	False	0.9460304822565969	0.6637414095135427			0.125	0.3125			0.7385984427141268	0.37459097835576516			0.5	0.5			0.25	-0.5			3.0	4.0			6.0	4.0			1.0	0.75			2	1	2	1.0	0.37459097835576516	False	True	False	False	False	False	supported_shared_full_matrix_only	5.374590978355765					False	unclassified_shared_neuronal_or_context	exploratory_context	1.0294927354293926	shared_positive_both_screens	1.0294927354293926			True	True	True	51596	67675	HGNC:21101	MGI:1914925	True	same_symbol
RSL24D1	RSL24D1	RSL24D1	Rsl24d1	51616620	True	False	False	False	True	True	False	False	0.9460304822565969	0.6637414095135427			0.125	0.3125			0.5843529847979236	0.3730551970132267			0.5	0.5			0.25	-0.5			3.0	4.0			6.0	4.0			1.0	0.75			2	1	2	1.0	0.3730551970132267	False	True	False	False	False	False	supported_shared_full_matrix_only	5.373055197013227					False	unclassified_shared_neuronal_or_context	exploratory_context	1.0651203090536103	shared_positive_both_screens	1.0651203090536103			True	True	True	51187	225215	HGNC:18479	MGI:2681840	True	same_symbol
RNF7	RNF7	RNF7	Rnf7	51620979	True	False	False	False	True	True	False	False	0.9460304822565969	0.6637414095135427			0.125	0.3125			0.3692946058091286	0.5481221814638815			0.5	0.5			0.25	-0.5			3.0	4.0			6.0	4.0			1.0	0.75			2	1	2	1.0	0.3692946058091286	False	True	False	False	False	False	supported_shared_full_matrix_only	5.369294605809128					False	unclassified_shared_neuronal_or_context	exploratory_context	1.001169702868894	shared_positive_both_screens	1.001169702868894			True	True	True	9616	19823	HGNC:10070	MGI:1337096	True	same_symbol
YAF2	YAF2	YAF2	Yaf2	51624797	True	False	False	False	True	True	False	False	0.9460304822565969	0.6637414095135427			0.125	0.3125			0.36593844555337984	0.38422749068512035			0.5	0.5			0.25	-0.5			3.0	4.0			6.0	4.0			1.0	0.75			2	1	2	1.0	0.36593844555337984	False	True	False	False	False	False	supported_shared_full_matrix_only	5.36593844555338					False	unclassified_shared_neuronal_or_context	exploratory_context	1.1224112720500474	shared_positive_both_screens	1.1224112720500474			True	True	True	10138	67057	HGNC:17363	MGI:1914307	True	same_symbol
RNF187	RNF187	RNF187	Rnf187	51635249	True	False	False	False	True	True	False	False	0.9460304822565969	0.6637414095135427			0.125	0.3125			0.3649058410469198	0.6608173622082496			0.5	0.5			0.25	-0.5			3.0	4.0			6.0	4.0			1.0	0.75			2	1	2	1.0	0.3649058410469198	False	True	False	False	False	False	supported_shared_full_matrix_only	5.3649058410469195					False	unclassified_shared_neuronal_or_context	exploratory_context	1.07218124341412	shared_positive_both_screens	1.07218124341412			True	True	True	149603	108660	HGNC:27146	MGI:1914224	True	same_symbol
RPL30	RPL30	RPL30	Rpl30	51619222	True	False	False	False	True	True	False	False	0.9460304822565969	0.6637414095135427			0.125	0.3125			0.9740452354467928	0.3642367906066536			0.5	0.5			0.25	-0.5			3.0	4.0			6.0	4.0			1.0	0.75			2	1	2	1.0	0.3642367906066536	False	True	False	False	False	False	supported_shared_full_matrix_only	5.364236790606654					False	metabolic_or_housekeeping_support	supporting_context_not_core_executor	0.5832156581802521	shared_positive_both_screens	0.5832156581802521			True	True	True	6156	19946	HGNC:10333	MGI:98037	True	same_symbol
PCBP4	PCBP4	PCBP4	Pcbp4	51627819	True	False	False	False	True	True	False	False	0.9460304822565969	0.6637414095135427			0.125	0.3125			0.3628311522502394	0.3681102064044003			0.5	0.5			0.25	-0.5			3.0	4.0			6.0	4.0			1.0	0.75			2	1	2	1.0	0.3628311522502394	False	True	False	False	False	False	supported_shared_full_matrix_only	5.362831152250239					False	unclassified_shared_neuronal_or_context	exploratory_context	1.017532322531536	shared_positive_both_screens	1.017532322531536			True	True	True	57060	59092	HGNC:8652	MGI:1890471	True	same_symbol
RIOK3	RIOK3	RIOK3	Riok3	51619474	True	False	False	False	True	True	False	False	0.9460304822565969	0.6637414095135427			0.125	0.3125			0.3625840179238238	0.4761000144738746			0.5	0.5			0.25	-0.5			3.0	4.0			6.0	4.0			1.0	0.75			2	1	2	1.0	0.3625840179238238	False	True	False	False	False	False	supported_shared_full_matrix_only	5.362584017923824					False	unclassified_shared_neuronal_or_context	exploratory_context	1.0559244974196296	shared_positive_both_screens	1.0559244974196296			True	True	True	8780	66878	HGNC:11451	MGI:1914128	True	same_symbol
HNRNPA0	HNRNPA0	HNRNPA0	Hnrnpa0	51619604	True	False	False	False	True	True	False	False	0.9460304822565969	0.6637414095135427			0.125	0.3125			0.5874159462055716	0.3609251541560385			0.5	0.5			0.5	-0.5			3.0	4.0			6.0	4.0			1.0	0.75			2	1	2	1.0	0.3609251541560385	False	True	False	False	False	False	supported_shared_full_matrix_only	5.360925154156038					False	rna_processing_neuronal_state	supporting_context_not_core_executor	1.0657418138631418	shared_positive_both_screens	1.0657418138631418			True	True	True	10949	77134	HGNC:5030	MGI:1924384	True	same_symbol
SPAG7	SPAG7	SPAG7	Spag7	51629828	True	False	False	False	True	True	False	False	0.9460304822565969	0.6637414095135427			0.125	0.3125			0.3608761570379827	0.38257970048993073			0.5	0.5			0.5	-0.5			3.0	4.0			6.0	4.0			1.0	0.75			2	1	2	1.0	0.3608761570379827	False	True	False	False	False	False	supported_shared_full_matrix_only	5.360876157037983					False	unclassified_shared_neuronal_or_context	exploratory_context	1.0417608509390304	shared_positive_both_screens	1.0417608509390304			True	True	True	9552	216873	HGNC:11216	MGI:107380	True	same_symbol
POLR2E	POLR2E	POLR2E	Polr2e	51621155	True	False	False	False	True	True	False	False	0.9460304822565969	0.6637414095135427			0.125	0.3125			0.3603973827002872	0.5748333543015368			0.5	0.5			0.25	-0.5			3.0	4.0			6.0	4.0			1.0	0.75			2	1	2	1.0	0.3603973827002872	False	True	False	False	False	False	supported_shared_full_matrix_only	5.360397382700287					False	unclassified_shared_neuronal_or_context	exploratory_context	1.0707691939251476	shared_positive_both_screens	1.0707691939251476			True	True	True	5434	66420	HGNC:9192	MGI:1913670	True	same_symbol
G3BP1	G3BP1	G3BP1	G3bp1	51620799	True	False	False	False	True	True	False	False	0.9460304822565969	0.6637414095135427			0.125	0.3125			0.3602377912543887	0.4109693134030062			0.5	0.5			0.25	-0.5			3.0	4.0			6.0	4.0			1.0	0.75			2	1	2	1.0	0.3602377912543887	False	True	False	False	False	False	supported_shared_full_matrix_only	5.360237791254389					False	unclassified_shared_neuronal_or_context	exploratory_context	1.078413999408209	shared_positive_both_screens	1.078413999408209			True	True	True	10146	27041	HGNC:30292	MGI:1351465	True	same_symbol
ZMAT2	ZMAT2	ZMAT2	Zmat2	51620138	True	False	False	False	True	True	False	False	0.9460304822565969	0.6637414095135427			0.125	0.3125			0.3594398340248962	0.682908634161913			0.5	0.5			0.25	-0.5			3.0	4.0			6.0	4.0			1.0	0.75			2	1	2	1.0	0.3594398340248962	False	True	False	False	False	False	supported_shared_full_matrix_only	5.359439834024896					False	unclassified_shared_neuronal_or_context	exploratory_context	1.0810023770759982	shared_positive_both_screens	1.0810023770759982			True	True	True	153527	66492	HGNC:26433	MGI:1913742	True	same_symbol
DEK	DEK	DEK	Dek	51627694	True	False	False	False	True	True	False	False	0.9460304822565969	0.6637414095135427			0.125	0.3125			0.648619533992978	0.358242772480604			0.5	0.5			0.5	-0.5			3.0	4.0			6.0	4.0			1.0	0.75			2	1	2	1.0	0.358242772480604	False	True	False	False	False	False	supported_shared_full_matrix_only	5.358242772480604					False	unclassified_shared_neuronal_or_context	exploratory_context	1.0333655577981686	shared_positive_both_screens	1.0333655577981686			True	True	True	7913	110052	HGNC:2768	MGI:1926209	True	same_symbol
HNRNPH2	HNRNPH2	HNRNPH2	Hnrnph2	51619530	True	False	False	False	True	True	False	False	0.9460304822565969	0.6637414095135427			0.125	0.3125			0.3564474944142994	0.6433741377635287			0.5	0.5			0.5	-0.5			3.0	4.0			6.0	4.0			1.0	0.75			2	1	2	1.0	0.3564474944142994	False	True	False	False	False	False	supported_shared_full_matrix_only	5.356447494414299					False	rna_processing_neuronal_state	supporting_context_not_core_executor	1.0643344528692402	shared_positive_both_screens	1.0643344528692402			True	True	True	3188	56258	HGNC:5042	MGI:1201779	True	same_symbol
RPS17	RPS17	RPS17	Rps17	51629985	True	False	False	False	True	True	False	False	0.9460304822565969	0.6637414095135427			0.125	0.3125			0.3513289892507549	0.7443777136951013			0.5	0.5			0.25	-0.5			3.0	4.0			6.0	4.0			1.0	0.75			2	1	2	1.0	0.3513289892507549	False	True	False	False	False	False	supported_shared_full_matrix_only	5.351328989250755					False	metabolic_or_housekeeping_support	supporting_context_not_core_executor	0.5080263335229331	shared_positive_both_screens	0.5080263335229331			True	True	True	6218	20068	HGNC:10397	MGI:1309526	True	same_symbol
CREB1	CREB1	CREB1	Creb1	51617927	True	False	False	False	True	True	False	False	0.9460304822565969	0.6637414095135427			0.125	0.3125			0.3733778272154245	0.3512628455637574			0.5	0.5			0.5	-0.5			3.0	4.0			6.0	4.0			1.0	0.75			2	1	2	1.0	0.3512628455637574	False	True	False	False	False	False	supported_shared_full_matrix_only	5.351262845563758					False	regulatory_morphogenesis_candidate	mechanism_followup_candidate	1.5953940362726622	shared_positive_both_screens	1.5953940362726622			True	True	True	1385	12912	HGNC:2345	MGI:88494	True	same_symbol
COMMD3	COMMD3	COMMD3	Commd3	51628382	True	False	False	False	True	True	False	False	0.9460304822565969	0.6637414095135427			0.125	0.3125			0.3500638365783594	0.6240725176300345			0.5	0.5			0.25	-0.5			3.0	4.0			6.0	4.0			1.0	0.75			2	1	2	1.0	0.3500638365783594	False	True	False	False	False	False	supported_shared_full_matrix_only	5.350063836578359					False	unclassified_shared_neuronal_or_context	exploratory_context	1.0000130643812708	shared_positive_both_screens	1.0000130643812708			True	True	True	23412	12238	HGNC:23332	MGI:88218	True	same_symbol
ING4	ING4	ING4	Ing4	51627496	True	False	False	False	True	True	False	False	0.9460304822565969	0.6637414095135427			0.125	0.3125			0.3500638365783594	0.40000361846866406			0.5	0.5			0.25	-0.5			3.0	4.0			6.0	4.0			1.0	0.75			2	1	2	1.0	0.3500638365783594	False	True	False	False	False	False	supported_shared_full_matrix_only	5.350063836578359					False	unclassified_shared_neuronal_or_context	exploratory_context	1.0434272462956626	shared_positive_both_screens	1.0434272462956626			True	True	True	51147	28019	HGNC:19423	MGI:107307	True	same_symbol
ADRM1	ADRM1	ADRM1	Adrm1	51615998	True	False	False	False	True	True	False	False	0.9460304822565969	0.6637414095135427			0.125	0.3125			0.3512208745611235	0.3480104370515329			0.5	0.5			0.5	-0.5			3.0	4.0			6.0	4.0			1.0	0.75			2	1	2	1.0	0.3480104370515329	False	True	False	False	False	False	supported_shared_full_matrix_only	5.348010437051533					False	unclassified_shared_neuronal_or_context	exploratory_context	1.0250042929816905	shared_positive_both_screens	1.0250042929816905			True	True	True	11047	56436	HGNC:15759	MGI:1929289	True	same_symbol
SSNA1	SSNA1	SSNA1	Ssna1	51625580	True	False	False	False	True	True	False	False	0.9460304822565969	0.6637414095135427			0.125	0.3125			0.3476699648898819	0.6013483504739698			0.5	0.5			0.25	-0.5			3.0	4.0			6.0	4.0			1.0	0.75			2	1	2	1.0	0.3476699648898819	False	True	False	False	False	False	supported_shared_full_matrix_only	5.3476699648898816					False	unclassified_shared_neuronal_or_context	exploratory_context	1.050624515006898	shared_positive_both_screens	1.050624515006898			True	True	True	8636	68475	HGNC:11321	MGI:1915725	True	same_symbol
BRD2	BRD2	BRD2	Brd2	51616550	True	False	False	False	True	True	False	False	0.9460304822565969	0.6637414095135427			0.125	0.3125			0.3473906798595595	0.42507535415913844			0.5	0.5			0.25	-0.5			3.0	4.0			6.0	4.0			1.0	0.75			2	1	2	1.0	0.3473906798595595	False	True	False	False	False	False	supported_shared_full_matrix_only	5.34739067985956					False	unclassified_shared_neuronal_or_context	exploratory_context	1.060587931973152	shared_positive_both_screens	1.060587931973152			True	True	True	6046	14312	HGNC:1103	MGI:99495	True	same_symbol
APBB1	APBB1	APBB1	Apbb1	51625341	True	False	False	False	True	True	False	False	0.9460304822565969	0.6637414095135427			0.125	0.3125			0.3473108841366102	0.48741016515834706			0.5	0.5			0.5	-0.5			3.0	4.0			6.0	4.0			1.0	0.75			2	1	2	1.0	0.3473108841366102	False	True	False	False	False	False	supported_shared_full_matrix_only	5.34731088413661					False	unclassified_shared_neuronal_or_context	exploratory_context	1.099716384581227	shared_positive_both_screens	1.099716384581227			True	True	True	322	11785	HGNC:581	MGI:107765	True	same_symbol
ZNHIT3	ZNHIT3	ZNHIT3	Znhit3	51629607	True	False	False	False	True	True	False	False	0.9460304822565969	0.6637414095135427			0.125	0.3125			0.3471911905521864	0.4850557244174265			0.5	0.5			0.25	-0.5			3.0	4.0			6.0	4.0			1.0	0.75			2	1	2	1.0	0.3471911905521864	False	True	False	False	False	False	supported_shared_full_matrix_only	5.347191190552186					False	unclassified_shared_neuronal_or_context	exploratory_context	1.0353550478576607	shared_positive_both_screens	1.0353550478576607			True	True	True	9326	448850	HGNC:12309	MGI:3051596	True	same_symbol
NAA38	NAA38	NAA38	Naa38	51620838	True	False	False	False	True	True	False	False	0.9460304822565969	0.6637414095135427			0.125	0.3125			0.3451165017555059	0.5686839877309129			0.5	0.5			0.25	-0.5			3.0	4.0			6.0	4.0			1.0	0.75			2	1	2	1.0	0.3451165017555059	False	True	False	False	False	False	supported_shared_full_matrix_only	5.345116501755506					False	unclassified_shared_neuronal_or_context	exploratory_context	1.085115923514677	shared_positive_both_screens	1.085115923514677			True	True	True	84316	78304	HGNC:28212	MGI:1925554	True	same_symbol
HNRNPH3	HNRNPH3	HNRNPH3	Hnrnph3	51628834	True	False	False	False	True	True	False	False	0.9460304822565969	0.6637414095135427			0.125	0.3125			0.6625837855090967	0.34389851831143414			0.5	0.5			0.25	-0.5			3.0	4.0			6.0	4.0			1.0	0.75			2	1	2	1.0	0.34389851831143414	False	True	False	False	False	False	supported_shared_full_matrix_only	5.343898518311434					False	rna_processing_neuronal_state	supporting_context_not_core_executor	1.08960666749941	shared_positive_both_screens	1.08960666749941			True	True	True	3189	432467	HGNC:5043	MGI:1926462	True	same_symbol
LSM3	LSM3	LSM3	Lsm3	51631646	True	False	False	False	True	True	False	False	0.9460304822565969	0.6637414095135427			0.125	0.3125			0.5189514842004469	0.3433523736985159			0.5	0.5			0.25	-0.5			3.0	4.0			6.0	4.0			1.0	0.75			2	1	2	1.0	0.3433523736985159	False	True	False	False	False	False	supported_shared_full_matrix_only	5.343352373698516					False	unclassified_shared_neuronal_or_context	exploratory_context	1.037763803635774	shared_positive_both_screens	1.037763803635774			True	True	True	27258	67678	HGNC:17874	MGI:1914928	True	same_symbol
UBTF	UBTF	UBTF	Ubtf	51626680	True	False	False	False	True	True	False	False	0.9460304822565969	0.6637414095135427			0.125	0.3125			0.3423236514522821	0.47909466905386466			0.5	0.5			0.5	-0.5			3.0	4.0			6.0	4.0			1.0	0.75			2	1	2	1.0	0.3423236514522821	False	True	False	False	False	False	supported_shared_full_matrix_only	5.342323651452282					False	unclassified_shared_neuronal_or_context	exploratory_context	1.0620239767333488	shared_positive_both_screens	1.0620239767333488			True	True	True	7343	21429	HGNC:12511	MGI:98512	True	same_symbol
GLYR1	GLYR1	GLYR1	Glyr1	51619907	True	False	False	False	True	True	False	False	0.9460304822565969	0.6637414095135427			0.125	0.3125			0.3410104041536797	0.5191357510652177			0.5	0.5			0.25	-0.5			3.0	4.0			6.0	4.0			1.0	0.75			2	1	2	1.0	0.3410104041536797	False	True	False	False	False	False	supported_shared_full_matrix_only	5.34101040415368					False	unclassified_shared_neuronal_or_context	exploratory_context	1.1128343975637711	shared_positive_both_screens	1.1128343975637711			True	True	True	84656	74022	HGNC:24434	MGI:1921272	True	same_symbol
C5ORF34	C5orf34	C5orf34	4833420G17Rik	51626566	True	False	False	False	True	True	False	False	0.9460304822565969	0.6637414095135427			0.125	0.3125			0.339265850945495	0.34839558090796796			0.5	0.5			0.25	-0.5			3.0	4.0			6.0	4.0			1.0	0.75			2	1	2	1.0	0.339265850945495	False	True	False	False	False	False	supported_shared_full_matrix_only	5.339265850945495					False	unclassified_shared_neuronal_or_context	not_prioritized	0.5087775295244175	screen_specific_or_low_priority	0.5087775295244175			True	False	False	375444	67392	HGNC:24738	MGI:1914642	False	nonidentical_symbol
MRPL14	MRPL14	MRPL14	Mrpl14	51629583	True	False	False	False	True	True	False	False	0.9460304822565969	0.6637414095135427			0.125	0.3125			0.3387727417810405	0.3766071200600174			0.5	0.5			0.25	-0.5			3.0	4.0			6.0	4.0			1.0	0.75			2	1	2	1.0	0.3387727417810405	False	True	False	False	False	False	supported_shared_full_matrix_only	5.338772741781041					False	unclassified_shared_neuronal_or_context	exploratory_context	1.0244571024339202	shared_positive_both_screens	1.0244571024339202			True	True	True	64928	68463	HGNC:14279	MGI:1333864	True	same_symbol
PPP1R14C	PPP1R14C	PPP1R14C	Ppp1r14c	51622386	True	False	False	False	True	True	False	False	0.9460304822565969	0.6637414095135427			0.125	0.3125			0.5585020309920251	0.3368207525658229			0.5	0.5			0.5	-0.5			3.0	4.0			6.0	4.0			1.0	0.75			2	1	2	1.0	0.3368207525658229	False	True	False	False	False	False	supported_shared_full_matrix_only	5.3368207525658224					False	unclassified_shared_neuronal_or_context	exploratory_context	1.092080552089369	shared_positive_both_screens	1.092080552089369			True	True	True	81706	76142	HGNC:14952	MGI:1923392	True	same_symbol
STIP1	STIP1	STIP1	Stip1	51619592	True	False	False	False	True	True	False	False	0.9460304822565969	0.6637414095135427			0.125	0.3125			0.3363389722310884	0.41783597729386124			0.5	0.5			0.25	-0.5			3.0	4.0			6.0	4.0			1.0	0.75			2	1	2	1.0	0.3363389722310884	False	True	False	False	False	False	supported_shared_full_matrix_only	5.336338972231088					False	unclassified_shared_neuronal_or_context	exploratory_context	1.0496476082077544	shared_positive_both_screens	1.0496476082077544			True	True	True	10963	20867	HGNC:11387	MGI:109130	True	same_symbol
RNMT	RNMT	RNMT	Rnmt	51620583	True	False	False	False	True	True	False	False	0.9460304822565969	0.6637414095135427			0.125	0.3125			0.334144589849984	0.5165056695951479			0.5	0.5			0.5	-0.5			3.0	4.0			6.0	4.0			1.0	0.75			2	1	2	1.0	0.334144589849984	False	True	False	False	False	False	supported_shared_full_matrix_only	5.334144589849984					False	unclassified_shared_neuronal_or_context	exploratory_context	1.112836659582908	shared_positive_both_screens	1.112836659582908			True	True	True	8731	67897	HGNC:10075	MGI:1915147	True	same_symbol
ANAPC13	ANAPC13	ANAPC13	Anapc13	51626242	True	False	False	False	True	True	False	False	0.9460304822565969	0.6637414095135427			0.125	0.3125			0.3318305138844558	0.46382366678546927			0.5	0.5			0.25	-0.5			3.0	4.0			6.0	4.0			1.0	0.75			2	1	2	1.0	0.3318305138844558	False	True	False	False	False	False	supported_shared_full_matrix_only	5.331830513884456					False	unclassified_shared_neuronal_or_context	exploratory_context	1.020053680158554	shared_positive_both_screens	1.020053680158554			True	True	True	25847	69010	HGNC:24540	MGI:1916260	True	same_symbol
SRCIN1	SRCIN1	SRCIN1	Srcin1	51625353	True	False	False	False	True	True	False	False	0.9460304822565969	0.6637414095135427			0.125	0.3125			0.4365994236311239	0.3300098896468991			0.5	0.5			0.5	-0.5			3.0	4.0			6.0	4.0			1.0	0.75			2	1	2	1.0	0.3300098896468991	False	True	False	False	False	False	supported_shared_full_matrix_only	5.330009889646899					False	unclassified_shared_neuronal_or_context	exploratory_context	1.10568458036177	shared_positive_both_screens	1.10568458036177			True	True	True	80725	56013	HGNC:29506	MGI:1933179	True	same_symbol
CYTH2	CYTH2	CYTH2	Cyth2	51626270	True	False	False	False	True	True	False	False	0.9460304822565969	0.6637414095135427			0.125	0.3125			0.3591605489945739	0.32964658737079433			0.5	0.5			0.25	-0.5			3.0	4.0			6.0	4.0			1.0	0.75			2	1	2	1.0	0.32964658737079433	False	True	False	False	False	False	supported_shared_full_matrix_only	5.329646587370794					False	unclassified_shared_neuronal_or_context	exploratory_context	1.0199675196908011	shared_positive_both_screens	1.0199675196908011			True	True	True	9266	19158	HGNC:9502	MGI:1334255	True	same_symbol
PRDM8	PRDM8	PRDM8	Prdm8	51625446	True	False	False	False	True	True	False	False	0.9460304822565969	0.6637414095135427			0.125	0.3125			0.4633508234420825	0.32793682872769575			0.5	0.5			0.5	-0.5			3.0	4.0			6.0	4.0			1.0	0.75			2	1	2	1.0	0.32793682872769575	False	True	False	False	False	False	supported_shared_full_matrix_only	5.327936828727696					False	unclassified_shared_neuronal_or_context	exploratory_context	1.0569235191021351	shared_positive_both_screens	1.0569235191021351			True	True	True	56978	77630	HGNC:13993	MGI:1924880	True	same_symbol
PARP6	PARP6	PARP6	Parp6	51630291	True	False	False	False	True	True	False	False	0.9460304822565969	0.6637414095135427			0.125	0.3125			0.32595784579391085	0.36827386157027664			0.5	0.5			0.25	-0.5			3.0	4.0			6.0	4.0			1.0	0.75			2	1	2	1.0	0.32595784579391085	False	True	False	False	False	False	supported_shared_full_matrix_only	5.325957845793911					False	unclassified_shared_neuronal_or_context	exploratory_context	1.0625709974793585	shared_positive_both_screens	1.0625709974793585			True	True	True	56965	67287	HGNC:26921	MGI:1914537	True	same_symbol
MAF1	MAF1	MAF1	Maf1	51623074	True	False	False	False	True	True	False	False	0.9460304822565969	0.6637414095135427			0.125	0.3125			0.3651851260772422	0.3253905057417329			0.5	0.5			0.5	-0.5			3.0	4.0			6.0	4.0			1.0	0.75			2	1	2	1.0	0.3253905057417329	False	True	False	False	False	False	supported_shared_full_matrix_only	5.325390505741733					False	unclassified_shared_neuronal_or_context	exploratory_context	1.036983809604961	shared_positive_both_screens	1.036983809604961			True	True	True	84232	68877	HGNC:24966	MGI:1916127	True	same_symbol
RPN1	RPN1	RPN1	Rpn1	51627405	True	False	False	False	True	True	False	False	0.9460304822565969	0.6637414095135427			0.125	0.3125			0.32336156118411896	0.6167089977932299			0.5	0.5			0.25	-0.5			3.0	4.0			6.0	4.0			1.0	0.75			2	1	2	1.0	0.32336156118411896	False	True	False	False	False	False	supported_shared_full_matrix_only	5.323361561184119					False	unclassified_shared_neuronal_or_context	exploratory_context	1.0503030894044048	shared_positive_both_screens	1.0503030894044048			True	True	True	6184	103963	HGNC:10381	MGI:98084	True	same_symbol
GSPT1	GSPT1	GSPT1	Gspt1	51621540	True	False	False	False	True	True	False	False	0.9460304822565969	0.6637414095135427			0.125	0.3125			0.33995857964134435	0.3223133613690302			0.5	0.5			0.25	-0.5			3.0	4.0			6.0	4.0			1.0	0.75			2	1	2	1.0	0.3223133613690302	False	True	False	False	False	False	supported_shared_full_matrix_only	5.32231336136903					False	unclassified_shared_neuronal_or_context	exploratory_context	1.099109734625654	shared_positive_both_screens	1.099109734625654			True	True	True	2935	14852	HGNC:4621	MGI:1316728	True	same_symbol
STAG2	STAG2	STAG2	Stag2	51620059	True	False	False	False	True	True	False	False	0.9460304822565969	0.6637414095135427			0.125	0.3125			0.3218390804597701	0.42218483137936025			0.5	0.5			0.25	-0.5			3.0	4.0			6.0	4.0			1.0	0.75			2	1	2	1.0	0.3218390804597701	False	True	False	False	False	False	supported_shared_full_matrix_only	5.32183908045977					False	unclassified_shared_neuronal_or_context	exploratory_context	1.0887485626014817	shared_positive_both_screens	1.0887485626014817			True	True	True	10735	20843	HGNC:11355	MGI:1098583	True	same_symbol
MRPS34	MRPS34	MRPS34	Mrps34	51619161	True	False	False	False	True	True	False	False	0.9460304822565969	0.6637414095135427			0.125	0.3125			0.3814634535588892	0.32150490624696393			0.5	0.5			0.25	-0.5			3.0	4.0			6.0	4.0			1.0	0.75			2	1	2	1.0	0.32150490624696393	False	True	False	False	False	False	supported_shared_full_matrix_only	5.321504906246964					False	unclassified_shared_neuronal_or_context	exploratory_context	1.0486194405074043	shared_positive_both_screens	1.0486194405074043			True	True	True	65993	79044	HGNC:16618	MGI:1930188	True	same_symbol
SMC6	SMC6	SMC6	Smc6	51630922	True	False	False	False	True	True	False	False	0.9460304822565969	0.6637414095135427			0.125	0.3125			0.4094929715210385	0.3196083304456974			0.5	0.5			0.25	-0.5			3.0	4.0			6.0	4.0			1.0	0.75			2	1	2	1.0	0.3196083304456974	False	True	False	False	False	False	supported_shared_full_matrix_only	5.319608330445697					False	unclassified_shared_neuronal_or_context	exploratory_context	1.0969504424999914	shared_positive_both_screens	1.0969504424999914			True	True	True	79677	67241	HGNC:20466	MGI:1914491	True	same_symbol
NOVA2	NOVA2	NOVA2	Nova2	51621793	True	False	False	False	True	True	False	False	0.9460304822565969	0.6637414095135427			0.125	0.3125			0.4520899275331528	0.3179586336721203			0.5	0.5			0.25	-0.5			3.0	4.0			6.0	4.0			1.0	0.75			2	1	2	1.0	0.3179586336721203	False	True	False	False	False	False	supported_shared_full_matrix_only	5.31795863367212					False	rna_processing_neuronal_state	supporting_context_not_core_executor	1.0949816766782885	shared_positive_both_screens	1.0949816766782885			True	True	True	4858	384569	HGNC:7887	MGI:104296	True	same_symbol
KRTCAP2	KRTCAP2	KRTCAP2	Krtcap2	51628908	True	False	False	False	True	True	False	False	0.9460304822565969	0.6637414095135427			0.125	0.3125			0.3177864666453878	0.5550307150693172			0.5	0.5			0.5	-0.5			3.0	4.0			6.0	4.0			1.0	0.75			2	1	2	1.0	0.3177864666453878	False	True	False	False	False	False	supported_shared_full_matrix_only	5.317786466645388					False	unclassified_shared_neuronal_or_context	exploratory_context	1.0006762151591748	shared_positive_both_screens	1.0006762151591748			True	True	True	200185	66059	HGNC:28942	MGI:1913309	True	same_symbol
UHRF2	UHRF2	UHRF2	Uhrf2	51636155	True	False	False	False	True	True	False	False	0.9460304822565969	0.6637414095135427			0.125	0.3125			0.4557672637843474	0.3145534809668548			0.5	0.5			0.25	-0.5			3.0	4.0			6.0	4.0			1.0	0.75			2	1	2	1.0	0.3145534809668548	False	True	False	False	False	False	supported_shared_full_matrix_only	5.314553480966855					False	unclassified_shared_neuronal_or_context	exploratory_context	1.0850635151268015	shared_positive_both_screens	1.0850635151268015			True	True	True	115426	109113	HGNC:12557	MGI:1923718	True	same_symbol
CDC5L	CDC5L	CDC5L	Cdc5l	51629480	True	False	False	False	True	True	False	False	0.9460304822565969	0.6637414095135427			0.125	0.3125			0.3109240344717523	0.3584440188200025			0.5	0.5			0.25	-0.5			3.0	4.0			6.0	4.0			1.0	0.75			2	1	2	1.0	0.3109240344717523	False	True	False	False	False	False	supported_shared_full_matrix_only	5.3109240344717525					False	unclassified_shared_neuronal_or_context	exploratory_context	1.054513123862439	shared_positive_both_screens	1.054513123862439			True	True	True	988	71702	HGNC:1743	MGI:1918952	True	same_symbol
CDC123	CDC123	CDC123	Cdc123	51616607	True	False	False	False	True	True	False	False	0.9460304822565969	0.6637414095135427			0.125	0.3125			0.3104851579955314	0.7192130276768242			0.5	0.5			0.25	-0.5			3.0	4.0			6.0	4.0			1.0	0.75			2	1	2	1.0	0.3104851579955314	False	True	False	False	False	False	supported_shared_full_matrix_only	5.310485157995531					False	unclassified_shared_neuronal_or_context	exploratory_context	1.0924400192109025	shared_positive_both_screens	1.0924400192109025			True	True	True	8872	98828	HGNC:16827	MGI:2138811	True	same_symbol
CCDC12	CCDC12	CCDC12	Ccdc12	51628201	True	False	False	False	True	True	False	False	0.9460304822565969	0.6637414095135427			0.125	0.3125			0.3078917969996808	0.43146452545761427			0.5	0.5			0.5	-0.5			3.0	4.0			6.0	4.0			1.0	0.75			2	1	2	1.0	0.3078917969996808	False	True	False	False	False	False	supported_shared_full_matrix_only	5.307891796999681					False	unclassified_shared_neuronal_or_context	exploratory_context	1.0679582619512595	shared_positive_both_screens	1.0679582619512595			True	True	True	151903	72654	HGNC:28332	MGI:1919904	True	same_symbol
TUFM	TUFM	TUFM	Tufm	51620582	True	False	False	False	True	True	False	False	0.9460304822565969	0.6637414095135427			0.125	0.3125			0.382276603633667	0.3077438203494747			0.5	0.5			2.7755575615628914e-17	-0.5			3.0	4.0			6.0	4.0			1.0	0.75			2	1	2	1.0	0.3077438203494747	False	True	False	False	False	False	supported_shared_full_matrix_only	5.307743820349475					False	unclassified_shared_neuronal_or_context	exploratory_context	0.8736015146569234	shared_positive_both_screens	0.8736015146569234			True	True	True	7284	233870	HGNC:12420	MGI:1923686	True	same_symbol
MRPS18C	MRPS18C	MRPS18C	Mrps18c	51625489	True	False	False	False	True	True	False	False	0.9460304822565969	0.6637414095135427			0.125	0.3125			0.3067746568783913	0.6576024026631929			0.5	0.5			0.5	-0.5			3.0	4.0			6.0	4.0			1.0	0.75			2	1	2	1.0	0.3067746568783913	False	True	False	False	False	False	supported_shared_full_matrix_only	5.306774656878392					False	unclassified_shared_neuronal_or_context	exploratory_context	1.046856846297596	shared_positive_both_screens	1.046856846297596			True	True	True	51023	68735	HGNC:16633	MGI:1915985	True	same_symbol
HSD17B10	HSD17B10	HSD17B10	Hsd17b10	51621594	True	False	False	False	True	True	False	False	0.9460304822565969	0.6637414095135427			0.125	0.3125			0.4149776571975742	0.30673205036778844			0.5	0.5			0.5	-0.5			3.0	4.0			6.0	4.0			1.0	0.75			2	1	2	1.0	0.30673205036778844	False	True	False	False	False	False	supported_shared_full_matrix_only	5.306732050367788					False	unclassified_shared_neuronal_or_context	exploratory_context	1.0090624518259157	shared_positive_both_screens	1.0090624518259157			True	True	True	3028	15108	HGNC:4800	MGI:1333871	True	same_symbol
VPS72	VPS72	VPS72	Vps72	51625068	True	False	False	False	True	True	False	False	0.9460304822565969	0.6637414095135427			0.125	0.3125			0.3333466326204915	0.3064322493789121			0.5	0.5			0.25	-0.5			3.0	4.0			6.0	4.0			1.0	0.75			2	1	2	1.0	0.3064322493789121	False	True	False	False	False	False	supported_shared_full_matrix_only	5.306432249378912					False	unclassified_shared_neuronal_or_context	exploratory_context	1.028603398948555	shared_positive_both_screens	1.028603398948555			True	True	True	6944	21427	HGNC:11644	MGI:1202305	True	same_symbol
MRPS7	MRPS7	MRPS7	Mrps7	51628516	True	False	False	False	True	True	False	False	0.9460304822565969	0.6637414095135427			0.125	0.3125			0.3059368017874242	0.4598687041123648			0.5	0.5			0.25	-0.5			3.0	4.0			6.0	4.0			1.0	0.75			2	1	2	1.0	0.3059368017874242	False	True	False	False	False	False	supported_shared_full_matrix_only	5.305936801787424					False	unclassified_shared_neuronal_or_context	exploratory_context	1.0335438059754405	shared_positive_both_screens	1.0335438059754405			True	True	True	51081	50529	HGNC:14499	MGI:1354367	True	same_symbol
ZC3H7A	ZC3H7A	ZC3H7A	Zc3h7a	51619134	True	False	False	False	True	True	False	False	0.9460304822565969	0.6637414095135427			0.125	0.3125			0.3040415276232851	0.35936821537125485			0.5	0.5			0.25	-0.5			3.0	4.0			6.0	4.0			1.0	0.75			2	1	2	1.0	0.3040415276232851	False	True	False	False	False	False	supported_shared_full_matrix_only	5.304041527623285					False	unclassified_shared_neuronal_or_context	exploratory_context	1.0740600220507872	shared_positive_both_screens	1.0740600220507872			True	True	True	29066	106205	HGNC:30959	MGI:2445044	True	same_symbol
CNOT1	CNOT1	CNOT1	Cnot1	51617585	True	False	False	False	True	True	False	False	0.9460304822565969	0.6637414095135427			0.125	0.3125			0.3029291805710048	0.3509076903859766			0.5	0.5			0.25	-0.5			3.0	4.0			6.0	4.0			1.0	0.75			2	1	2	1.0	0.3029291805710048	False	True	False	False	False	False	supported_shared_full_matrix_only	5.302929180571005					False	unclassified_shared_neuronal_or_context	exploratory_context	1.0755427699489637	shared_positive_both_screens	1.0755427699489637			True	True	True	23019	234594	HGNC:7877	MGI:2442402	True	same_symbol
PSMC4	PSMC4	PSMC4	Psmc4	51627906	True	False	False	False	True	True	False	False	0.9460304822565969	0.6637414095135427			0.125	0.3125			0.3026252792850303	0.7705930521436204			0.5	0.5			0.25	-0.5			3.0	4.0			6.0	4.0			1.0	0.75			2	1	2	1.0	0.3026252792850303	False	True	False	False	False	False	supported_shared_full_matrix_only	5.302625279285031					False	unclassified_shared_neuronal_or_context	exploratory_context	1.0299422219952867	shared_positive_both_screens	1.0299422219952867			True	True	True	5704	23996	HGNC:9551	MGI:1346093	True	same_symbol
HBS1L	HBS1L	HBS1L	Hbs1l	51627750	True	False	False	False	True	True	False	False	0.9460304822565969	0.6637414095135427			0.125	0.3125			0.30237354806313343	0.347805720947662			0.5	0.5			0.25	-0.5			3.0	4.0			6.0	4.0			1.0	0.75			2	1	2	1.0	0.30237354806313343	False	True	False	False	False	False	supported_shared_full_matrix_only	5.302373548063134					False	unclassified_shared_neuronal_or_context	exploratory_context	1.0829101132243732	shared_positive_both_screens	1.0829101132243732			True	True	True	10767	56422	HGNC:4834	MGI:1891704	True	same_symbol
DDOST	DDOST	DDOST	Ddost	51627395	True	False	False	False	True	True	False	False	0.9460304822565969	0.6637414095135427			0.125	0.3125			0.30158793488669	0.65575772716548			0.5	0.5			0.25	-0.5			3.0	4.0			6.0	4.0			1.0	0.75			2	1	2	1.0	0.30158793488669	False	True	False	False	False	False	supported_shared_full_matrix_only	5.30158793488669					False	unclassified_shared_neuronal_or_context	exploratory_context	1.0320022119530643	shared_positive_both_screens	1.0320022119530643			True	True	True	1650	13200	HGNC:2728	MGI:1194508	True	same_symbol
AMN1	AMN1	AMN1	Amn1	51628886	True	False	False	False	True	True	False	False	0.9460304822565969	0.6637414095135427			0.125	0.3125			0.44308867604861424	0.3002062527138515			0.5	0.5			0.25	-0.5			3.0	4.0			6.0	4.0			1.0	0.75			2	1	2	1.0	0.3002062527138515	False	True	False	False	False	False	supported_shared_full_matrix_only	5.300206252713852					False	unclassified_shared_neuronal_or_context	exploratory_context	1.0827294634423803	shared_positive_both_screens	1.0827294634423803			True	True	True	196394	232566	HGNC:27281	MGI:2442933	True	same_symbol
PSMB4	PSMB4	PSMB4	Psmb4	51622207	True	False	False	False	True	True	False	False	0.9460304822565969	0.6637414095135427			0.125	0.3125			0.3000718161506543	0.5603247485283875			0.5	0.5			0.5	-0.5			3.0	4.0			6.0	4.0			1.0	0.75			2	1	2	1.0	0.3000718161506543	False	True	False	False	False	False	supported_shared_full_matrix_only	5.300071816150655					False	unclassified_shared_neuronal_or_context	exploratory_context	1.0399861811521192	shared_positive_both_screens	1.0399861811521192			True	True	True	5692	19172	HGNC:9541	MGI:1098257	True	same_symbol
MRPL28	MRPL28	MRPL28	Mrpl28	51627456	True	False	False	False	True	True	False	False	0.9460304822565969	0.6637414095135427			0.125	0.3125			0.2999521225662304	0.42597410184735535			0.5	0.5			0.25	-0.5			3.0	4.0			6.0	4.0			1.0	0.75			2	1	2	1.0	0.2999521225662304	False	True	False	False	False	False	supported_shared_full_matrix_only	5.29995212256623					False	unclassified_shared_neuronal_or_context	exploratory_context	1.0371210546568883	shared_positive_both_screens	1.0371210546568883			True	True	True	10573	68611	HGNC:14484	MGI:1915861	True	same_symbol
DDX3X	DDX3X	DDX3X	Ddx3x	51618168	True	False	False	False	True	True	False	False	0.9460304822565969	0.6637414095135427			0.125	0.3125			0.299389563825594	0.4447090389089633			0.5	0.5			0.25	-0.5			3.0	4.0			6.0	4.0			1.0	0.75			2	1	2	1.0	0.299389563825594	False	True	False	False	False	False	supported_shared_full_matrix_only	5.299389563825594					False	rna_processing_neuronal_state	supporting_context_not_core_executor	1.0759121238575362	shared_positive_both_screens	1.0759121238575362			True	True	True	1654	13205	HGNC:2745	MGI:103064	True	same_symbol
OS9	OS9	OS9	Os9	51628997	True	False	False	False	True	True	False	False	0.9460304822565969	0.6637414095135427			0.125	0.3125			0.380134428678118	0.2979382659505073			0.5	0.5			0.5	-0.5			3.0	4.0			6.0	4.0			1.0	0.75			2	1	2	1.0	0.2979382659505073	False	True	False	False	False	False	supported_shared_full_matrix_only	5.297938265950507					False	unclassified_shared_neuronal_or_context	exploratory_context	1.0589826390479682	shared_positive_both_screens	1.0589826390479682			True	True	True	10956	216440	HGNC:16994	MGI:1924301	True	same_symbol
PJA1	PJA1	PJA1	Pja1	51626473	True	False	False	False	True	True	False	False	0.9460304822565969	0.6637414095135427			0.125	0.3125			0.2979173316310246	0.5507453054086688			0.5	0.5			0.5	-0.5			3.0	4.0			6.0	4.0			1.0	0.75			2	1	2	1.0	0.2979173316310246	False	True	False	False	False	False	supported_shared_full_matrix_only	5.297917331631025					False	unclassified_shared_neuronal_or_context	exploratory_context	1.0607433406309248	shared_positive_both_screens	1.0607433406309248			True	True	True	64219	18744	HGNC:16648	MGI:1101765	True	same_symbol
FZD3	FZD3	FZD3	Fzd3	51621252	True	False	False	False	True	True	False	False	0.9460304822565969	0.6637414095135427			0.125	0.3125			0.3980575344839041	0.2968001832035641			0.5	0.5			0.5	-0.5			3.0	4.0			6.0	4.0			1.0	0.75			2	1	2	1.0	0.2968001832035641	False	True	False	False	False	False	supported_shared_full_matrix_only	5.2968001832035645					False	unclassified_shared_neuronal_or_context	exploratory_context	1.0722338294791192	shared_positive_both_screens	1.0722338294791192			True	True	True	7976	14365	HGNC:4041	MGI:108476	True	same_symbol
FMR1	FMR1	FMR1	Fmr1	51628132	True	False	False	False	True	True	False	False	0.9460304822565969	0.6637414095135427			0.125	0.3125			0.29655699724466816	0.31173751925719284			0.5	0.5			0.25	-0.5			3.0	4.0			6.0	4.0			1.0	0.75			2	1	2	1.0	0.29655699724466816	False	True	False	False	False	False	supported_shared_full_matrix_only	5.296556997244668					False	unclassified_shared_neuronal_or_context	exploratory_context	1.0818432371823794	shared_positive_both_screens	1.0818432371823794			True	True	True	2332	14265	HGNC:3775	MGI:95564	True	same_symbol
ZNF280D	ZNF280D	ZNF280D	Zfp280d	51619943	True	False	False	False	True	True	False	False	0.9460304822565969	0.6637414095135427			0.125	0.3125			0.2953696788648245	0.41395281516862065			0.5	0.5			0.5	-0.5			3.0	4.0			6.0	4.0			1.0	0.75			2	1	2	1.0	0.2953696788648245	False	True	False	False	False	False	supported_shared_full_matrix_only	5.295369678864825					False	unclassified_shared_neuronal_or_context	not_prioritized	0.5386809766996489	screen_specific_or_low_priority	0.5386809766996489			True	False	False	54816	235469	HGNC:25953	MGI:2384583	False	nonidentical_symbol
NARF	NARF	NARF	Narf	51619079	True	False	False	False	True	True	False	False	0.9460304822565969	0.6637414095135427			0.125	0.3125			0.2949962658700523	0.3726110671607611			0.5	0.5			0.25	-0.5			3.0	4.0			6.0	4.0			1.0	0.75			2	1	2	1.0	0.2949962658700523	False	True	False	False	False	False	supported_shared_full_matrix_only	5.2949962658700525					False	unclassified_shared_neuronal_or_context	exploratory_context	1.0657870945942407	shared_positive_both_screens	1.0657870945942407			True	True	True	26502	67608	HGNC:29916	MGI:1914858	True	same_symbol
IP6K2	IP6K2	IP6K2	Ip6k2	51616876	True	False	False	False	True	True	False	False	0.9460304822565969	0.6637414095135427			0.125	0.3125			0.5569741461857645	0.29409007131423537			0.5	0.5			0.25	-0.5			3.0	4.0			6.0	4.0			1.0	0.75			2	1	2	1.0	0.29409007131423537	False	True	False	False	False	False	supported_shared_full_matrix_only	5.294090071314235					False	unclassified_shared_neuronal_or_context	exploratory_context	1.0912704175311043	shared_positive_both_screens	1.0912704175311043			True	True	True	51447	76500	HGNC:17313	MGI:1923750	True	same_symbol
ATP6V1E1	ATP6V1E1	ATP6V1E1	Atp6v1e1	51616347	True	False	False	False	True	True	False	False	0.9460304822565969	0.6637414095135427			0.125	0.3125			0.29362712427821314	0.7290882355395902			0.5	0.5			0.25	-0.5			3.0	4.0			6.0	4.0			1.0	0.75			2	1	2	1.0	0.29362712427821314	False	True	False	False	False	False	supported_shared_full_matrix_only	5.293627124278213					False	unclassified_shared_neuronal_or_context	exploratory_context	1.1066548704193593	shared_positive_both_screens	1.1066548704193593			True	True	True	529	11973	HGNC:857	MGI:894326	True	same_symbol
TRAPPC2L	TRAPPC2L	TRAPPC2L	Trappc2l	51629334	True	False	False	False	True	True	False	False	0.9460304822565969	0.6637414095135427			0.125	0.3125			0.2930497925311203	0.6260600497699333			0.5	0.5			0.25	-0.5			3.0	4.0			6.0	4.0			1.0	0.75			2	1	2	1.0	0.2930497925311203	False	True	False	False	False	False	supported_shared_full_matrix_only	5.293049792531121					False	unclassified_shared_neuronal_or_context	exploratory_context	1.0148979221599204	shared_positive_both_screens	1.0148979221599204			True	True	True	51693	59005	HGNC:30887	MGI:1916295	True	same_symbol
PCNA	PCNA	PCNA	Pcna	51616924	True	False	False	False	True	True	False	False	0.9460304822565969	0.6637414095135427			0.125	0.3125			0.3119214810086179	0.29098485794784246			0.5	0.5			2.7755575615628914e-17	-0.5			3.0	4.0			6.0	4.0			1.0	0.75			2	1	2	1.0	0.29098485794784246	False	True	False	False	False	False	supported_shared_full_matrix_only	5.2909848579478425					False	unclassified_shared_neuronal_or_context	exploratory_context	0.8459383325105119	shared_positive_both_screens	0.8459383325105119			True	True	True	5111	18538	HGNC:8729	MGI:97503	True	same_symbol
GIT2	GIT2	GIT2	Git2	51621425	True	False	False	False	True	True	False	False	0.9460304822565969	0.6637414095135427			0.125	0.3125			0.4304783092324805	0.2898561590811449			0.5	0.5			0.5	-0.5			3.0	4.0			6.0	4.0			1.0	0.75			2	1	2	1.0	0.2898561590811449	False	True	False	False	False	False	supported_shared_full_matrix_only	5.289856159081145					False	unclassified_shared_neuronal_or_context	exploratory_context	1.110466431628363	shared_positive_both_screens	1.110466431628363			True	True	True	9815	26431	HGNC:4273	MGI:1347053	True	same_symbol
RHOB	RHOB	RHOB	Rhob	51635201	True	False	False	False	True	True	False	False	0.9460304822565969	0.6637414095135427			0.125	0.3125			0.2890999042451325	0.5279292863567268			0.5	0.5			0.25	-0.5			3.0	4.0			6.0	4.0			1.0	0.75			2	1	2	1.0	0.2890999042451325	False	True	False	False	False	False	supported_shared_full_matrix_only	5.289099904245132					False	unclassified_shared_neuronal_or_context	exploratory_context	1.059981706912687	shared_positive_both_screens	1.059981706912687			True	True	True	388	11852	HGNC:668	MGI:107949	True	same_symbol
CNOT3	CNOT3	CNOT3	Cnot3	51617838	True	False	False	False	True	True	False	False	0.9460304822565969	0.6637414095135427			0.125	0.3125			0.28785834631729956	0.44361285755922886			0.5	0.5			0.25	-0.5			3.0	4.0			6.0	4.0			1.0	0.75			2	1	2	1.0	0.28785834631729956	False	True	False	False	False	False	supported_shared_full_matrix_only	5.287858346317299					False	unclassified_shared_neuronal_or_context	exploratory_context	1.0329639800744357	shared_positive_both_screens	1.0329639800744357			True	True	True	4849	232791	HGNC:7879	MGI:2385261	True	same_symbol
TTC9B	TTC9B	TTC9B	Ttc9b	51624825	True	False	False	False	True	True	False	False	0.9460304822565969	0.6637414095135427			0.125	0.3125			0.2875039897861474	0.30912118910630215			0.5	0.5			0.5	-0.5			3.0	4.0			6.0	4.0			1.0	0.75			2	1	2	1.0	0.2875039897861474	False	True	False	False	False	False	supported_shared_full_matrix_only	5.287503989786147					False	unclassified_shared_neuronal_or_context	exploratory_context	1.0469705274970944	shared_positive_both_screens	1.0469705274970944			True	True	True	148014	73032	HGNC:26395	MGI:1920282	True	same_symbol
NT5C	NT5C	NT5C	Nt5c	51634346	True	False	False	False	True	True	False	False	0.9460304822565969	0.6637414095135427			0.125	0.3125			0.2840727736993297	0.32474033687814463			0.5	0.5			0.25	-0.5			3.0	4.0			6.0	4.0			1.0	0.75			2	1	2	1.0	0.2840727736993297	False	True	False	False	False	False	supported_shared_full_matrix_only	5.28407277369933					False	unclassified_shared_neuronal_or_context	exploratory_context	1.0051480057359028	shared_positive_both_screens	1.0051480057359028			True	True	True	30833	50773	HGNC:17144	MGI:1354954	True	same_symbol
LYPLA1	LYPLA1	LYPLA1	Lypla1	51628457	True	False	False	False	True	True	False	False	0.9460304822565969	0.6637414095135427			0.125	0.3125			0.3031040536227258	0.28312708061948183			0.5	0.5			0.25	-0.5			3.0	4.0			6.0	4.0			1.0	0.75			2	1	2	1.0	0.28312708061948183	False	True	False	False	False	False	supported_shared_full_matrix_only	5.283127080619482					False	unclassified_shared_neuronal_or_context	exploratory_context	1.040768269669294	shared_positive_both_screens	1.040768269669294			True	True	True	10434	18777	HGNC:6737	MGI:1344588	True	same_symbol
CETN3	CETN3	CETN3	Cetn3	51622096	True	False	False	False	True	True	False	False	0.9460304822565969	0.6637414095135427			0.125	0.3125			0.2821515439553719	0.5983638497603863			0.5	0.5			0.25	-0.5			3.0	4.0			6.0	4.0			1.0	0.75			2	1	2	1.0	0.2821515439553719	False	True	False	False	False	False	supported_shared_full_matrix_only	5.282151543955372					False	unclassified_shared_neuronal_or_context	exploratory_context	1.0246680495348346	shared_positive_both_screens	1.0246680495348346			True	True	True	1070	12626	HGNC:1868	MGI:1097706	True	same_symbol
STX16	STX16	STX16	Stx16	51622716	True	False	False	False	True	True	False	False	0.9460304822565969	0.6637414095135427			0.125	0.3125			0.3833540583805447	0.2816926229679483			0.5	0.5			0.5	-0.5			3.0	4.0			6.0	4.0			1.0	0.75			2	1	2	1.0	0.2816926229679483	False	True	False	False	False	False	supported_shared_full_matrix_only	5.281692622967948					False	synaptic_wiring	mechanism_followup_candidate	1.5028553018829391	shared_positive_both_screens	1.5028553018829391			True	True	True	8675	228960	HGNC:11431	MGI:1923396	True	same_symbol
NDUFAF3	NDUFAF3	NDUFAF3	Ndufaf3	51619968	True	False	False	False	True	True	False	False	0.9460304822565969	0.6637414095135427			0.125	0.3125			0.2804819661666135	0.3934210947957537			0.5	0.5			0.5	-0.5			3.0	4.0			6.0	4.0			1.0	0.75			2	1	2	1.0	0.2804819661666135	False	True	False	False	False	False	supported_shared_full_matrix_only	5.280481966166613					False	metabolic_or_housekeeping_support	supporting_context_not_core_executor	0.5265351271413765	shared_positive_both_screens	0.5265351271413765			True	True	True	25915	66706	HGNC:29918	MGI:1913956	True	same_symbol
SF3A3	SF3A3	SF3A3	Sf3a3	51627937	True	False	False	False	True	True	False	False	0.9460304822565969	0.6637414095135427			0.125	0.3125			0.2802824768592403	0.45644404657811827			0.5	0.5			0.25	-0.5			3.0	4.0			6.0	4.0			1.0	0.75			2	1	2	1.0	0.2802824768592403	False	True	False	False	False	False	supported_shared_full_matrix_only	5.280282476859241					False	unclassified_shared_neuronal_or_context	exploratory_context	1.039713382089362	shared_positive_both_screens	1.039713382089362			True	True	True	10946	75062	HGNC:10767	MGI:1922312	True	same_symbol
NOL7	NOL7	NOL7	Nol7	51619262	True	False	False	False	True	True	False	False	0.9460304822565969	0.6637414095135427			0.125	0.3125			0.2801627832748165	0.34547021376542464			0.5	0.5			0.25	-0.5			3.0	4.0			6.0	4.0			1.0	0.75			2	1	2	1.0	0.2801627832748165	False	True	False	False	False	False	supported_shared_full_matrix_only	5.280162783274816					False	unclassified_shared_neuronal_or_context	exploratory_context	1.069886410693876	shared_positive_both_screens	1.069886410693876			True	True	True	51406	70078	HGNC:21040	MGI:1917328	True	same_symbol
ANP32E	ANP32E	ANP32E	Anp32e	51627526	True	False	False	False	True	True	False	False	0.9460304822565969	0.6637414095135427			0.125	0.3125			0.3423635493137568	0.2794979732969156			0.5	0.5			0.25	-0.5			3.0	4.0			6.0	4.0			1.0	0.75			2	1	2	1.0	0.2794979732969156	False	True	False	False	False	False	supported_shared_full_matrix_only	5.279497973296916					False	unclassified_shared_neuronal_or_context	exploratory_context	1.03801737174964	shared_positive_both_screens	1.03801737174964			True	True	True	81611	66471	HGNC:16673	MGI:1913721	True	same_symbol
GANAB	GANAB	GANAB	Ganab	51621292	True	False	False	False	True	True	False	False	0.9460304822565969	0.6637414095135427			0.125	0.3125			0.27859768939003565	0.35967925497217246			0.5	0.5			0.5	-0.5			3.0	4.0			6.0	4.0			1.0	0.75			2	1	2	1.0	0.27859768939003565	False	True	False	False	False	False	supported_shared_full_matrix_only	5.278597689390035					False	unclassified_shared_neuronal_or_context	exploratory_context	1.0466706558606371	shared_positive_both_screens	1.0466706558606371			True	True	True	23193	14376	HGNC:4138	MGI:1097667	True	same_symbol
DKC1	DKC1	DKC1	Dkc1	51632631	True	False	False	False	True	True	False	False	0.9460304822565969	0.6637414095135427			0.125	0.3125			0.2776891158633897	0.2917028513533073			0.5	0.5			0.25	-0.5			3.0	4.0			6.0	4.0			1.0	0.75			2	1	2	1.0	0.2776891158633897	False	True	False	False	False	False	supported_shared_full_matrix_only	5.27768911586339					False	unclassified_shared_neuronal_or_context	exploratory_context	1.02428822213677	shared_positive_both_screens	1.02428822213677			True	True	True	1736	245474	HGNC:2890	MGI:1861727	True	same_symbol
PRKCSH	PRKCSH	PRKCSH	Prkcsh	51629460	True	False	False	False	True	True	False	False	0.9460304822565969	0.6637414095135427			0.125	0.3125			0.3013086498563677	0.2765992144453234			0.5	0.5			0.25	-0.5			3.0	4.0			6.0	4.0			1.0	0.75			2	1	2	1.0	0.2765992144453234	False	True	False	False	False	False	supported_shared_full_matrix_only	5.276599214445324					False	unclassified_shared_neuronal_or_context	exploratory_context	1.0427463103145551	shared_positive_both_screens	1.0427463103145551			True	True	True	5589	19089	HGNC:9411	MGI:107877	True	same_symbol
TRIM28	TRIM28	TRIM28	Trim28	51636095	True	False	False	False	True	True	False	False	0.9460304822565969	0.6637414095135427			0.125	0.3125			0.2760533035429301	0.395122899057612			0.5	0.5			0.25	-0.5			3.0	4.0			6.0	4.0			1.0	0.75			2	1	2	1.0	0.2760533035429301	False	True	False	False	False	False	supported_shared_full_matrix_only	5.2760533035429305					False	unclassified_shared_neuronal_or_context	exploratory_context	1.049516561460741	shared_positive_both_screens	1.049516561460741			True	True	True	10155	21849	HGNC:16384	MGI:109274	True	same_symbol
SMARCE1	SMARCE1	SMARCE1	Smarce1	51616410	True	False	False	False	True	True	False	False	0.9460304822565969	0.6637414095135427			0.125	0.3125			0.5890919246728376	0.27603364283632426			0.5	0.5			0.25	-0.5			3.0	4.0			6.0	4.0			1.0	0.75			2	1	2	1.0	0.27603364283632426	False	True	False	False	False	False	supported_shared_full_matrix_only	5.276033642836325					False	unclassified_shared_neuronal_or_context	exploratory_context	1.0069661433348531	shared_positive_both_screens	1.0069661433348531			True	True	True	6605	57376	HGNC:11109	MGI:1927347	True	same_symbol
PAICS	PAICS	PAICS	Paics	51617021	True	False	False	False	True	True	False	False	0.9460304822565969	0.6637414095135427			0.125	0.3125			0.2734998404085541	0.348270669386962			0.5	0.5			0.25	-0.5			3.0	4.0			6.0	4.0			1.0	0.75			2	1	2	1.0	0.2734998404085541	False	True	False	False	False	False	supported_shared_full_matrix_only	5.2734998404085545					False	unclassified_shared_neuronal_or_context	exploratory_context	1.03625767364565	shared_positive_both_screens	1.03625767364565			True	True	True	10606	67054	HGNC:8587	MGI:1914304	True	same_symbol
CXXC5	CXXC5	CXXC5	Cxxc5	51618066	True	False	False	False	True	True	False	False	0.9460304822565969	0.6637414095135427			0.125	0.3125			0.673196616661347	0.26961400267960245			0.5	0.5			0.5	-0.5			3.0	4.0			6.0	4.0			1.0	0.75			2	1	2	1.0	0.26961400267960245	False	True	False	False	False	False	supported_shared_full_matrix_only	5.269614002679602					False	unclassified_shared_neuronal_or_context	exploratory_context	1.0791354348378417	shared_positive_both_screens	1.0791354348378417			True	True	True	51523	67393	HGNC:26943	MGI:1914643	True	same_symbol
ANP32B	ANP32B	ANP32B	Anp32b	51617378	True	False	False	False	True	True	False	False	0.9460304822565969	0.6637414095135427			0.125	0.3125			0.5406559208426428	0.26939978697953904			0.5	0.5			0.25	-0.5			3.0	4.0			6.0	4.0			1.0	0.75			2	1	2	1.0	0.26939978697953904	False	True	False	False	False	False	supported_shared_full_matrix_only	5.269399786979539					False	unclassified_shared_neuronal_or_context	exploratory_context	1.0502883371395604	shared_positive_both_screens	1.0502883371395604			True	True	True	10541	67628	HGNC:16677	MGI:1914878	True	same_symbol
YIPF4	YIPF4	YIPF4	Yipf4	51629921	True	False	False	False	True	True	False	False	0.9460304822565969	0.6637414095135427			0.125	0.3125			0.291812958825407	0.2693845373770333			0.5	0.5			0.25	-0.5			3.0	4.0			6.0	4.0			1.0	0.75			2	1	2	1.0	0.2693845373770333	False	True	False	False	False	False	supported_shared_full_matrix_only	5.269384537377033					False	unclassified_shared_neuronal_or_context	exploratory_context	1.101048869190126	shared_positive_both_screens	1.101048869190126			True	True	True	84272	67864	HGNC:28145	MGI:1915114	True	same_symbol
CALU	CALU	CALU	Calu	51616733	True	False	False	False	True	True	False	False	0.9460304822565969	0.6637414095135427			0.125	0.3125			0.2688581301069713	0.5026595744680851			0.5	0.5			0.5	-0.5			3.0	4.0			6.0	4.0			1.0	0.75			2	1	2	1.0	0.2688581301069713	False	True	False	False	False	False	supported_shared_full_matrix_only	5.268858130106971					False	unclassified_shared_neuronal_or_context	exploratory_context	1.0845823052056098	shared_positive_both_screens	1.0845823052056098			True	True	True	813	12321	HGNC:1458	MGI:1097158	True	same_symbol
ZFP91	ZFP91	ZFP91	Zfp91	51624599	True	False	False	False	True	True	False	False	0.9460304822565969	0.6637414095135427			0.125	0.3125			0.284048138137976	0.26868939064987696			0.5	0.5			0.25	-0.5			3.0	4.0			6.0	4.0			1.0	0.75			2	1	2	1.0	0.26868939064987696	False	True	False	False	False	False	supported_shared_full_matrix_only	5.268689390649877					False	unclassified_shared_neuronal_or_context	exploratory_context	1.0004065486183429	shared_positive_both_screens	1.0004065486183429			True	True	True	80829	109910	HGNC:14983	MGI:104854	True	same_symbol
APRT	APRT	APRT	Aprt	51629773	True	False	False	False	True	True	False	False	0.9460304822565969	0.6637414095135427			0.125	0.3125			0.2675949569103096	0.46654350551886203			0.5	0.5			0.25	-0.5			3.0	4.0			6.0	4.0			1.0	0.75			2	1	2	1.0	0.2675949569103096	False	True	False	False	False	False	supported_shared_full_matrix_only	5.26759495691031					False	unclassified_shared_neuronal_or_context	exploratory_context	1.0187840274211095	shared_positive_both_screens	1.0187840274211095			True	True	True	353	11821	HGNC:626	MGI:88061	True	same_symbol
NIPA2	NIPA2	NIPA2	Nipa2	51619753	True	False	False	False	True	True	False	False	0.9460304822565969	0.6637414095135427			0.125	0.3125			0.2659699263405921	0.33897517036543556			0.5	0.5			0.25	-0.5			3.0	4.0			6.0	4.0			1.0	0.75			2	1	2	1.0	0.2659699263405921	False	True	False	False	False	False	supported_shared_full_matrix_only	5.265969926340592					False	unclassified_shared_neuronal_or_context	exploratory_context	1.0382508761021263	shared_positive_both_screens	1.0382508761021263			True	True	True	81614	93790	HGNC:17044	MGI:1913918	True	same_symbol
SCHIP1	SCHIP1	SCHIP1	Schip1	51628498	True	False	False	False	True	True	False	False	1.0	0.6637414095135427			0.25	0.3125			0.2653614343048768	0.8615031118830511			0.5	0.5			0.5	0.0			2.0	4.0			3.0	4.0			1.0	0.75			2	1	2	1.0	0.2653614343048768	False	True	False	False	False	False	supported_shared_full_matrix_only	5.265361434304877					False	unclassified_shared_neuronal_or_context	not_prioritized	1.0	screen_specific_or_low_priority	1.0			True	True	True	29970	30953	HGNC:15678	MGI:1353557	True	same_symbol
DDX6	DDX6	DDX6	Ddx6	51621091	True	False	False	False	True	True	False	False	0.9460304822565969	0.6637414095135427			0.125	0.3125			0.2706711160548758	0.2653110517063532			0.5	0.5			0.25	-0.5			3.0	4.0			6.0	4.0			1.0	0.75			2	1	2	1.0	0.2653110517063532	False	True	False	False	False	False	supported_shared_full_matrix_only	5.2653110517063535					False	rna_processing_neuronal_state	supporting_context_not_core_executor	1.0855191621560651	shared_positive_both_screens	1.0855191621560651			True	True	True	1656	13209	HGNC:2747	MGI:104976	True	same_symbol
SLU7	SLU7	SLU7	Slu7	51620361	True	False	False	False	True	True	False	False	0.9460304822565969	0.6637414095135427			0.125	0.3125			0.2636849664857963	0.29560385798154876			0.5	0.5			0.25	-0.5			3.0	4.0			6.0	4.0			1.0	0.75			2	1	2	1.0	0.2636849664857963	False	True	False	False	False	False	supported_shared_full_matrix_only	5.263684966485796					False	unclassified_shared_neuronal_or_context	exploratory_context	1.0419113463363323	shared_positive_both_screens	1.0419113463363323			True	True	True	10569	193116	HGNC:16939	MGI:2385598	True	same_symbol
SGCB	SGCB	SGCB	Sgcb	51619075	True	False	False	False	True	True	False	False	0.9460304822565969	0.6637414095135427			0.125	0.3125			0.2625139043381535	0.2935802417731884			0.5	0.5			0.5	-0.5			3.0	4.0			6.0	4.0			1.0	0.75			2	1	2	1.0	0.2625139043381535	False	True	False	False	False	False	supported_shared_full_matrix_only	5.262513904338154					False	unclassified_shared_neuronal_or_context	exploratory_context	1.0576462021946216	shared_positive_both_screens	1.0576462021946216			True	True	True	6443	24051	HGNC:10806	MGI:1346523	True	same_symbol
GTF3C2	GTF3C2	GTF3C2	Gtf3c2	51625255	True	False	False	False	True	True	False	False	0.9460304822565969	0.6637414095135427			0.125	0.3125			0.2615743539337251	0.42851938210434276			0.5	0.5			0.25	-0.5			3.0	4.0			6.0	4.0			1.0	0.75			2	1	2	1.0	0.2615743539337251	False	True	False	False	False	False	supported_shared_full_matrix_only	5.261574353933725					False	unclassified_shared_neuronal_or_context	exploratory_context	1.05618383374405	shared_positive_both_screens	1.05618383374405			True	True	True	2976	71752	HGNC:4665	MGI:1919002	True	same_symbol
CEBPZ	CEBPZ	CEBPZ	Cebpz	51627950	True	False	False	False	True	True	False	False	0.9460304822565969	0.6637414095135427			0.125	0.3125			0.2615703798276412	0.44541713508487046			0.5	0.5			0.25	-0.5			3.0	4.0			6.0	4.0			1.0	0.75			2	1	2	1.0	0.2615703798276412	False	True	False	False	False	False	supported_shared_full_matrix_only	5.261570379827641					False	unclassified_shared_neuronal_or_context	exploratory_context	1.037728169534921	shared_positive_both_screens	1.037728169534921			True	True	True	10153	12607	HGNC:24218	MGI:109386	True	same_symbol
GADD45GIP1	GADD45GIP1	GADD45GIP1	Gadd45gip1	51625960	True	False	False	False	True	True	False	False	0.9460304822565969	0.6637414095135427			0.125	0.3125			0.5455633578040217	0.2607782850312548			0.5	0.5			0.25	-0.5			3.0	4.0			6.0	4.0			1.0	0.75			2	1	2	1.0	0.2607782850312548	False	True	False	False	False	False	supported_shared_full_matrix_only	5.260778285031255					False	unclassified_shared_neuronal_or_context	exploratory_context	1.0341303763126506	shared_positive_both_screens	1.0341303763126506			True	True	True	90480	102060	HGNC:29996	MGI:1914947	True	same_symbol
HDGF	HDGF	HDGF	Hdgf	51633088	True	False	False	False	True	True	False	False	0.9460304822565969	0.6637414095135427			0.125	0.3125			0.2601340568145547	0.41798909129399753			0.5	0.5			0.25	-0.5			3.0	4.0			6.0	4.0			1.0	0.75			2	1	2	1.0	0.2601340568145547	False	True	False	False	False	False	supported_shared_full_matrix_only	5.260134056814555					False	unclassified_shared_neuronal_or_context	exploratory_context	1.0494359770078308	shared_positive_both_screens	1.0494359770078308			True	True	True	3068	15191	HGNC:4856	MGI:1194494	True	same_symbol
BAX	BAX	BAX	Bax	51616436	True	False	False	False	True	True	False	False	0.9460304822565969	0.6637414095135427			0.125	0.3125			0.2600143632301309	0.5656479417003575			0.5	0.5			0.25	-0.5			3.0	4.0			6.0	4.0			1.0	0.75			2	1	2	1.0	0.2600143632301309	False	True	False	False	False	False	supported_shared_full_matrix_only	5.260014363230131					False	unclassified_shared_neuronal_or_context	exploratory_context	1.0232323322663757	shared_positive_both_screens	1.0232323322663757			True	True	True	581	12028	HGNC:959	MGI:99702	True	same_symbol
AP1S2	AP1S2	AP1S2	Ap1s2	51620873	True	False	False	False	True	True	False	False	0.9460304822565969	0.6637414095135427			0.125	0.3125			0.4957360029662588	0.2597104677496151			0.5	0.5			0.5	-0.5			3.0	4.0			6.0	4.0			1.0	0.75			2	1	2	1.0	0.2597104677496151	False	True	False	False	False	False	supported_shared_full_matrix_only	5.259710467749615					False	unclassified_shared_neuronal_or_context	exploratory_context	1.0243593212665858	shared_positive_both_screens	1.0243593212665858			True	True	True	8905	108012	HGNC:560	MGI:1889383	True	same_symbol
RNF146	RNF146	RNF146	Rnf146	51627956	True	False	False	False	True	True	False	False	0.9460304822565969	0.6637414095135427			0.125	0.3125			0.2790057452920523	0.2590837399979866			0.5	0.5			0.25	-0.5			3.0	4.0			6.0	4.0			1.0	0.75			2	1	2	1.0	0.2590837399979866	False	True	False	False	False	False	supported_shared_full_matrix_only	5.259083739997987					False	unclassified_shared_neuronal_or_context	exploratory_context	1.0939691553138982	shared_positive_both_screens	1.0939691553138982			True	True	True	81847	68031	HGNC:21336	MGI:1915281	True	same_symbol
DGCR2	DGCR2	DGCR2	Dgcr2	51630130	True	False	False	False	True	True	False	False	0.9460304822565969	0.6637414095135427			0.125	0.3125			0.3309573281568058	0.2569608510761944			0.5	0.5			0.25	-0.5			3.0	4.0			6.0	4.0			1.0	0.75			2	1	2	1.0	0.2569608510761944	False	True	False	False	False	False	supported_shared_full_matrix_only	5.256960851076195					False	unclassified_shared_neuronal_or_context	exploratory_context	1.101048613717017	shared_positive_both_screens	1.101048613717017			True	True	True	9993	13356	HGNC:2845	MGI:892866	True	same_symbol
LARP7	LARP7	LARP7	Larp7	51619109	True	False	False	False	True	True	False	False	0.9460304822565969	0.6637414095135427			0.125	0.3125			0.3141158633897223	0.2566046966731898			0.5	0.5			0.25	-0.5			3.0	4.0			6.0	4.0			1.0	0.75			2	1	2	1.0	0.2566046966731898	False	True	False	False	False	False	supported_shared_full_matrix_only	5.25660469667319					False	unclassified_shared_neuronal_or_context	exploratory_context	1.038416474467883	shared_positive_both_screens	1.038416474467883			True	True	True	51574	28036	HGNC:24912	MGI:107634	True	same_symbol
PRPF6	PRPF6	PRPF6	Prpf6	51635061	True	False	False	False	True	True	False	False	0.9460304822565969	0.6637414095135427			0.125	0.3125			0.2558398220244716	0.2862035225048923			0.5	0.5			0.25	-0.5			3.0	4.0			6.0	4.0			1.0	0.75			2	1	2	1.0	0.2558398220244716	False	True	False	False	False	False	supported_shared_full_matrix_only	5.2558398220244715					False	unclassified_shared_neuronal_or_context	exploratory_context	1.03903899420705	shared_positive_both_screens	1.03903899420705			True	True	True	24148	68879	HGNC:15860	MGI:1922946	True	same_symbol
CNRIP1	CNRIP1	CNRIP1	Cnrip1	51617842	True	False	False	False	True	True	False	False	0.9460304822565969	0.6637414095135427			0.125	0.3125			0.2557006400154375	0.6371736686513719			0.5	0.5			0.25	-0.5			3.0	4.0			6.0	4.0			1.0	0.75			2	1	2	1.0	0.2557006400154375	False	True	False	False	False	False	supported_shared_full_matrix_only	5.255700640015437					False	unclassified_shared_neuronal_or_context	exploratory_context	1.1035716081270464	shared_positive_both_screens	1.1035716081270464			True	True	True	25927	380686	HGNC:24546	MGI:1917505	True	same_symbol
PPP1R7	PPP1R7	PPP1R7	Ppp1r7	51622263	True	False	False	False	True	True	False	False	0.9460304822565969	0.6637414095135427			0.125	0.3125			0.2549074369613788	0.5274493067410584			0.5	0.5			0.25	-0.5			3.0	4.0			6.0	4.0			1.0	0.75			2	1	2	1.0	0.2549074369613788	False	True	False	False	False	False	supported_shared_full_matrix_only	5.254907436961378					False	unclassified_shared_neuronal_or_context	exploratory_context	1.0671509576261469	shared_positive_both_screens	1.0671509576261469			True	True	True	5510	66385	HGNC:9295	MGI:1913635	True	same_symbol
AZI2	AZI2	AZI2	Azi2	51623353	True	False	False	False	True	True	False	False	0.9460304822565969	0.6637414095135427			0.125	0.3125			0.2536307053941908	0.3784298621809552			0.5	0.5			0.25	-0.5			3.0	4.0			6.0	4.0			1.0	0.75			2	1	2	1.0	0.2536307053941908	False	True	False	False	False	False	supported_shared_full_matrix_only	5.25363070539419					False	unclassified_shared_neuronal_or_context	exploratory_context	1.0676222446772543	shared_positive_both_screens	1.0676222446772543			True	True	True	64343	27215	HGNC:24002	MGI:1351332	True	same_symbol
ZNF32	ZNF32	ZNF32	Zfp637	51636378	True	False	False	False	True	True	False	False	0.9460304822565969	0.6637414095135427			0.125	0.3125			0.253511011809767	0.47468881169489074			0.5	0.5			0.5	-0.5			3.0	4.0			6.0	4.0			1.0	0.75			2	1	2	1.0	0.253511011809767	False	True	False	False	False	False	supported_shared_full_matrix_only	5.253511011809767					False	unclassified_shared_neuronal_or_context	not_prioritized	0.5254689996851554	screen_specific_or_low_priority	0.5254689996851554			True	False	False	7580	232337	HGNC:13095	MGI:2448537	False	nonidentical_symbol
PPIL2	PPIL2	PPIL2	Ppil2	51626655	True	False	False	False	True	True	False	False	0.9460304822565969	0.6637414095135427			0.125	0.3125			0.252888145077365	0.6109422492401215			0.5	0.5			0.25	-0.5			3.0	4.0			6.0	4.0			1.0	0.75			2	1	2	1.0	0.252888145077365	False	True	False	False	False	False	supported_shared_full_matrix_only	5.252888145077365					False	unclassified_shared_neuronal_or_context	exploratory_context	1.0679116540731424	shared_positive_both_screens	1.0679116540731424			True	True	True	23759	66053	HGNC:9261	MGI:2447857	True	same_symbol
EXOC7	EXOC7	EXOC7	Exoc7	51629593	True	False	False	False	True	True	False	False	0.9460304822565969	0.6637414095135427			0.125	0.3125			0.3188728216536893	0.25163425906649456			0.5	0.5			0.25	-0.5			3.0	4.0			6.0	4.0			1.0	0.75			2	1	2	1.0	0.25163425906649456	False	True	False	False	False	False	supported_shared_full_matrix_only	5.251634259066495					False	unclassified_shared_neuronal_or_context	exploratory_context	1.0784139944169426	shared_positive_both_screens	1.0784139944169426			True	True	True	23265	53413	HGNC:23214	MGI:1859270	True	same_symbol
VPS26A	VPS26A	VPS26A	Vps26a	51627335	True	False	False	False	True	True	False	False	0.9460304822565969	0.6637414095135427			0.125	0.3125			0.2513565272901372	0.2719810913171957			0.5	0.5			0.25	-0.5			3.0	4.0			6.0	4.0			1.0	0.75			2	1	2	1.0	0.2513565272901372	False	True	False	False	False	False	supported_shared_full_matrix_only	5.251356527290137					False	unclassified_shared_neuronal_or_context	exploratory_context	1.0725326954825278	shared_positive_both_screens	1.0725326954825278			True	True	True	9559	30930	HGNC:12711	MGI:1353654	True	same_symbol
COMMD2	COMMD2	COMMD2	Commd2	51627498	True	False	False	False	True	True	False	False	0.9460304822565969	0.6637414095135427			0.125	0.3125			0.3097669964889882	0.25094724570096183			0.5	0.5			0.25	-0.5			3.0	4.0			6.0	4.0			1.0	0.75			2	1	2	1.0	0.25094724570096183	False	True	False	False	False	False	supported_shared_full_matrix_only	5.250947245700962					False	unclassified_shared_neuronal_or_context	exploratory_context	1.0278228379871954	shared_positive_both_screens	1.0278228379871954			True	True	True	51122	52245	HGNC:24993	MGI:1098806	True	same_symbol
MBTPS1	MBTPS1	MBTPS1	Mbtps1	51621477	True	False	False	False	True	True	False	False	0.9460304822565969	0.6637414095135427			0.125	0.3125			0.25052661652433794	0.2828487559407324			0.5	0.5			0.5	-0.5			3.0	4.0			6.0	4.0			1.0	0.75			2	1	2	1.0	0.25052661652433794	False	True	False	False	False	False	supported_shared_full_matrix_only	5.250526616524338					False	unclassified_shared_neuronal_or_context	exploratory_context	1.0669553845990516	shared_positive_both_screens	1.0669553845990516			True	True	True	8720	56453	HGNC:15456	MGI:1927235	True	same_symbol
TP53I11	TP53I11	TP53I11	Trp53i11	51620719	True	False	False	False	True	True	False	False	0.9460304822565969	0.6637414095135427			0.125	0.3125			0.2755580679670431	0.24997571164869326			0.5	0.5			0.5	-0.5			3.0	4.0			6.0	4.0			1.0	0.75			2	1	2	1.0	0.24997571164869326	False	True	False	False	False	False	supported_shared_full_matrix_only	5.249975711648693					False	unclassified_shared_neuronal_or_context	not_prioritized	0.511749920204277	screen_specific_or_low_priority	0.511749920204277			True	False	False	9537	277414	HGNC:16842	MGI:2670995	False	nonidentical_symbol
PSENEN	PSENEN	PSENEN	Psenen	51623788	True	False	False	False	True	True	False	False	0.9460304822565969	0.6637414095135427			0.125	0.3125			0.2498404085541015	0.41566377346674266			0.5	0.5			0.25	-0.5			3.0	4.0			6.0	4.0			1.0	0.75			2	1	2	1.0	0.2498404085541015	False	True	False	False	False	False	supported_shared_full_matrix_only	5.2498404085541015					False	unclassified_shared_neuronal_or_context	exploratory_context	1.0001545392102085	shared_positive_both_screens	1.0001545392102085			True	True	True	55851	66340	HGNC:30100	MGI:1913590	True	same_symbol
MPHOSPH10	MPHOSPH10	MPHOSPH10	Mphosph10	51619914	True	False	False	False	True	True	False	False	0.9460304822565969	0.6637414095135427			0.125	0.3125			0.2496010213852537	0.26594009798614865			0.5	0.5			0.25	-0.5			3.0	4.0			6.0	4.0			1.0	0.75			2	1	2	1.0	0.2496010213852537	False	True	False	False	False	False	supported_shared_full_matrix_only	5.249601021385254					False	unclassified_shared_neuronal_or_context	exploratory_context	1.0319031952581386	shared_positive_both_screens	1.0319031952581386			True	True	True	10199	67973	HGNC:7213	MGI:1915223	True	same_symbol
CNIH4	CNIH4	CNIH4	Cnih4	51619647	True	False	False	False	True	True	False	False	0.9460304822565969	0.6637414095135427			0.125	0.3125			0.2492419406319821	0.3232558981039224			0.5	0.5			0.25	-0.5			3.0	4.0			6.0	4.0			1.0	0.75			2	1	2	1.0	0.2492419406319821	False	True	False	False	False	False	supported_shared_full_matrix_only	5.249241940631982					False	unclassified_shared_neuronal_or_context	exploratory_context	1.0315556773802237	shared_positive_both_screens	1.0315556773802237			True	True	True	29097	98417	HGNC:25013	MGI:1925828	True	same_symbol
CNOT6	CNOT6	CNOT6	Cnot6	51617839	True	False	False	False	True	True	False	False	0.9460304822565969	0.6637414095135427			0.125	0.3125			0.3468670982578518	0.24753525723554998			0.5	0.5			0.25	-0.5			3.0	4.0			6.0	4.0			1.0	0.75			2	1	2	1.0	0.24753525723554998	False	True	False	False	False	False	supported_shared_full_matrix_only	5.24753525723555					False	unclassified_shared_neuronal_or_context	exploratory_context	1.0658029729938037	shared_positive_both_screens	1.0658029729938037			True	True	True	57472	104625	HGNC:14099	MGI:2144529	True	same_symbol
RBM22	RBM22	RBM22	Rbm22	51619593	True	False	False	False	True	True	False	False	0.9460304822565969	0.6637414095135427			0.125	0.3125			0.2475263325885732	0.50130810120609			0.5	0.5			0.5	-0.5			3.0	4.0			6.0	4.0			1.0	0.75			2	1	2	1.0	0.2475263325885732	False	True	False	False	False	False	supported_shared_full_matrix_only	5.247526332588573					False	unclassified_shared_neuronal_or_context	exploratory_context	1.0317424692320052	shared_positive_both_screens	1.0317424692320052			True	True	True	55696	66810	HGNC:25503	MGI:1914060	True	same_symbol
SAR1A	SAR1A	SAR1A	Sar1a	51620407	True	False	False	False	True	True	False	False	0.9460304822565969	0.6637414095135427			0.125	0.3125			0.2449329715927226	0.5078069700628721			0.5	0.5			0.25	-0.5			3.0	4.0			6.0	4.0			1.0	0.75			2	1	2	1.0	0.2449329715927226	False	True	False	False	False	False	supported_shared_full_matrix_only	5.244932971592722					False	unclassified_shared_neuronal_or_context	exploratory_context	1.0617174018154	shared_positive_both_screens	1.0617174018154			True	True	True	56681	20224	HGNC:10534	MGI:98230	True	same_symbol
SRM	SRM	SRM	Srm	51635637	True	False	False	False	True	True	False	False	0.9460304822565969	0.6637414095135427			0.125	0.3125			0.2443744015320778	0.26580130740725316			0.5	0.5			0.25	-0.5			3.0	4.0			6.0	4.0			1.0	0.75			2	1	2	1.0	0.2443744015320778	False	True	False	False	False	False	supported_shared_full_matrix_only	5.2443744015320775					False	unclassified_shared_neuronal_or_context	exploratory_context	1.054525932618807	shared_positive_both_screens	1.054525932618807			True	True	True	6723	20810	HGNC:11296	MGI:102690	True	same_symbol
ACYP1	ACYP1	ACYP1	Acyp1	51622563	True	False	False	False	True	True	False	False	0.9460304822565969	0.6637414095135427			0.125	0.3125			0.2442946058091286	0.3068483469865115			0.5	0.5			0.5	-0.5			3.0	4.0			6.0	4.0			1.0	0.75			2	1	2	1.0	0.2442946058091286	False	True	False	False	False	False	supported_shared_full_matrix_only	5.244294605809128					False	unclassified_shared_neuronal_or_context	exploratory_context	1.0326183721121915	shared_positive_both_screens	1.0326183721121915			True	True	True	97	66204	HGNC:179	MGI:1913454	True	same_symbol
PPP2R2D	PPP2R2D	PPP2R2D	Ppp2r2d	51623878	True	False	False	False	True	True	False	False	0.9460304822565969	0.6637414095135427			0.125	0.3125			0.24412622739269824	0.2613426600602351			0.5	0.5			0.25	-0.5			3.0	4.0			6.0	4.0			1.0	0.75			2	1	2	1.0	0.24412622739269824	False	True	False	False	False	False	supported_shared_full_matrix_only	5.244126227392698					False	unclassified_shared_neuronal_or_context	exploratory_context	1.076171208449935	shared_positive_both_screens	1.076171208449935			True	True	True	55844	52432	HGNC:23732	MGI:1289252	True	same_symbol
LEPROTL1	LEPROTL1	LEPROTL1	Leprotl1	51630653	True	False	False	False	True	True	False	False	0.9460304822565969	0.6637414095135427			0.125	0.3125			0.2440153207788062	0.24751243435071874			0.5	0.5			0.25	-0.5			3.0	4.0			6.0	4.0			1.0	0.75			2	1	2	1.0	0.2440153207788062	False	True	False	False	False	False	supported_shared_full_matrix_only	5.244015320778806					False	unclassified_shared_neuronal_or_context	exploratory_context	1.0497359759749632	shared_positive_both_screens	1.0497359759749632			True	True	True	23484	68192	HGNC:6555	MGI:1915442	True	same_symbol
PTBP1	PTBP1	PTBP1	Ptbp1	51616548	True	False	False	False	True	True	False	False	0.9460304822565969	0.6637414095135427			0.125	0.3125			0.2827162464091924	0.24252166620072685			0.5	0.5			0.25	-0.5			3.0	4.0			6.0	4.0			1.0	0.75			2	1	2	1.0	0.24252166620072685	False	True	False	False	False	False	supported_shared_full_matrix_only	5.242521666200727					False	unclassified_shared_neuronal_or_context	exploratory_context	1.038910816410182	shared_positive_both_screens	1.038910816410182			True	True	True	5725	19205	HGNC:9583	MGI:97791	True	same_symbol
PDRG1	PDRG1	PDRG1	Pdrg1	51628644	True	False	False	False	True	True	False	False	0.9460304822565969	0.6637414095135427			0.125	0.3125			0.2411426747526332	0.3401425384467723			0.5	0.5			0.25	-0.5			3.0	4.0			6.0	4.0			1.0	0.75			2	1	2	1.0	0.2411426747526332	False	True	False	False	False	False	supported_shared_full_matrix_only	5.241142674752633					False	unclassified_shared_neuronal_or_context	exploratory_context	1.025688291803072	shared_positive_both_screens	1.025688291803072			True	True	True	81572	68559	HGNC:16119	MGI:1915809	True	same_symbol
ATP1B3	ATP1B3	ATP1B3	Atp1b3	51616325	True	False	False	False	True	True	False	False	0.9460304822565969	0.6637414095135427			0.125	0.3125			0.5806734759016917	0.24110224332987024			0.5	0.5			0.5	-0.5			3.0	4.0			6.0	4.0			1.0	0.75			2	1	2	1.0	0.24110224332987024	False	True	False	False	False	False	supported_shared_full_matrix_only	5.241102243329871					False	unclassified_shared_neuronal_or_context	exploratory_context	1.1097624296797497	shared_positive_both_screens	1.1097624296797497			True	True	True	483	11933	HGNC:806	MGI:107788	True	same_symbol
LMAN1	LMAN1	LMAN1	Lman1	51620257	True	False	False	False	True	True	False	False	0.9460304822565969	0.6637414095135427			0.125	0.3125			0.2783673795084583	0.2408328822639519			0.5	0.5			0.5	-0.5			3.0	4.0			6.0	4.0			1.0	0.75			2	1	2	1.0	0.2408328822639519	False	True	False	False	False	False	supported_shared_full_matrix_only	5.240832882263952					False	unclassified_shared_neuronal_or_context	exploratory_context	1.053560874415085	shared_positive_both_screens	1.053560874415085			True	True	True	3998	70361	HGNC:6631	MGI:1917611	True	same_symbol
EEF1E1	EEF1E1	EEF1E1	Eef1e1	51620516	True	False	False	False	True	True	False	False	0.9460304822565969	0.6637414095135427			0.125	0.3125			0.2403447175231407	0.35319934084623544			0.5	0.5			0.5	-0.5			3.0	4.0			6.0	4.0			1.0	0.75			2	1	2	1.0	0.2403447175231407	False	True	False	False	False	False	supported_shared_full_matrix_only	5.240344717523141					False	metabolic_or_housekeeping_support	supporting_context_not_core_executor	0.501056224420984	shared_positive_both_screens	0.501056224420984			True	True	True	9521	66143	HGNC:3212	MGI:1913393	True	same_symbol
EIF2S1	EIF2S1	EIF2S1	Eif2s1	51618854	True	False	False	False	True	True	False	False	0.9460304822565969	0.6637414095135427			0.125	0.3125			0.239466964570699	0.4734007855546765			0.5	0.5			0.25	-0.5			3.0	4.0			6.0	4.0			1.0	0.75			2	1	2	1.0	0.239466964570699	False	True	False	False	False	False	supported_shared_full_matrix_only	5.239466964570699					False	metabolic_or_housekeeping_support	supporting_context_not_core_executor	0.5557764299012706	shared_positive_both_screens	0.5557764299012706			True	True	True	1965	13665	HGNC:3265	MGI:95299	True	same_symbol
SYF2	SYF2	SYF2	Syf2	51621664	True	False	False	False	True	True	False	False	0.9460304822565969	0.6637414095135427			0.125	0.3125			0.5455563853622106	0.23763177382449005			0.5	0.5			0.25	-0.5			3.0	4.0			6.0	4.0			1.0	0.75			2	1	2	1.0	0.23763177382449005	False	True	False	False	False	False	supported_shared_full_matrix_only	5.23763177382449					False	unclassified_shared_neuronal_or_context	exploratory_context	1.0360347425290015	shared_positive_both_screens	1.0360347425290015			True	True	True	25949	68592	HGNC:19824	MGI:1915842	True	same_symbol
SRPRB	SRPRB	SRPRB	Srprb	51628069	True	False	False	False	True	True	False	False	0.9460304822565969	0.6637414095135427			0.125	0.3125			0.23760235657520018	0.32003546099290775			0.5	0.5			0.5	-0.5			3.0	4.0			6.0	4.0			1.0	0.75			2	1	2	1.0	0.23760235657520018	False	True	False	False	False	False	supported_shared_full_matrix_only	5.2376023565752					False	unclassified_shared_neuronal_or_context	exploratory_context	1.0323265936823116	shared_positive_both_screens	1.0323265936823116			True	True	True	58477	20818	HGNC:24085	MGI:102964	True	same_symbol
DPM3	DPM3	DPM3	Dpm3	51629893	True	False	False	False	True	True	False	False	0.9460304822565969	0.6637414095135427			0.125	0.3125			0.2374321736354931	0.38895317101721194			0.5	0.5			0.25	-0.5			3.0	4.0			6.0	4.0			1.0	0.75			2	1	2	1.0	0.2374321736354931	False	True	False	False	False	False	supported_shared_full_matrix_only	5.237432173635493					False	unclassified_shared_neuronal_or_context	exploratory_context	1.0154689301954674	shared_positive_both_screens	1.0154689301954674			True	True	True	54344	68563	HGNC:3007	MGI:1915813	True	same_symbol
ABCF1	ABCF1	ABCF1	Abcf1	51627685	True	False	False	False	True	True	False	False	0.9460304822565969	0.6637414095135427			0.125	0.3125			0.2373505807043198	0.4645043094474747			0.5	0.5			0.25	-0.5			3.0	4.0			6.0	4.0			1.0	0.75			2	1	2	1.0	0.2373505807043198	False	True	False	False	False	False	supported_shared_full_matrix_only	5.2373505807043195					False	unclassified_shared_neuronal_or_context	exploratory_context	1.0337337932164046	shared_positive_both_screens	1.0337337932164046			True	True	True	23	224742	HGNC:70	MGI:1351658	True	same_symbol
MRPS33	MRPS33	MRPS33	Mrps33	51628468	True	False	False	False	True	True	False	False	0.9460304822565969	0.6637414095135427			0.125	0.3125			0.2372725821895946	0.6429127317797904			0.5	0.5			0.25	-0.5			3.0	4.0			6.0	4.0			1.0	0.75			2	1	2	1.0	0.2372725821895946	False	True	False	False	False	False	supported_shared_full_matrix_only	5.237272582189594					False	unclassified_shared_neuronal_or_context	exploratory_context	1.0377997525681462	shared_positive_both_screens	1.0377997525681462			True	True	True	51650	14548	HGNC:16634	MGI:1338046	True	same_symbol
BAZ2A	BAZ2A	BAZ2A	Baz2a	51628240	True	False	False	False	True	True	False	False	0.9460304822565969	0.6637414095135427			0.125	0.3125			0.2513904338153503	0.2352530053117137			0.5	0.5			0.5	-0.5			3.0	4.0			6.0	4.0			1.0	0.75			2	1	2	1.0	0.2352530053117137	False	True	False	False	False	False	supported_shared_full_matrix_only	5.235253005311714					False	unclassified_shared_neuronal_or_context	exploratory_context	1.0667930614188466	shared_positive_both_screens	1.0667930614188466			True	True	True	11176	116848	HGNC:962	MGI:2151152	True	same_symbol
ERP44	ERP44	ERP44	Erp44	51627137	True	False	False	False	True	True	False	False	0.9460304822565969	0.6637414095135427			0.125	0.3125			0.2596552824768592	0.23522227311210114			0.5	0.5			0.25	-0.5			3.0	4.0			6.0	4.0			1.0	0.75			2	1	2	1.0	0.23522227311210114	False	True	False	False	False	False	supported_shared_full_matrix_only	5.235222273112101					False	unclassified_shared_neuronal_or_context	exploratory_context	1.0700782695329083	shared_positive_both_screens	1.0700782695329083			True	True	True	23071	76299	HGNC:18311	MGI:1923549	True	same_symbol
MRPL32	MRPL32	MRPL32	Mrpl32	51628919	True	False	False	False	True	True	False	False	0.9460304822565969	0.6637414095135427			0.125	0.3125			0.233083306734759	0.46343215222550693			0.5	0.5			0.25	-0.5			3.0	4.0			6.0	4.0			1.0	0.75			2	1	2	1.0	0.233083306734759	False	True	False	False	False	False	supported_shared_full_matrix_only	5.233083306734759					False	unclassified_shared_neuronal_or_context	exploratory_context	1.037875065568398	shared_positive_both_screens	1.037875065568398			True	True	True	64983	75398	HGNC:14035	MGI:2137226	True	same_symbol
MAZ	MAZ	MAZ	Maz	51624869	True	False	False	False	True	True	False	False	0.9460304822565969	0.6637414095135427			0.125	0.3125			0.2683131184168528	0.2319347077964932			0.5	0.5			0.25	-0.5			3.0	4.0			6.0	4.0			1.0	0.75			2	1	2	1.0	0.2319347077964932	False	True	False	False	False	False	supported_shared_full_matrix_only	5.231934707796493					False	unclassified_shared_neuronal_or_context	exploratory_context	1.044920844801463	shared_positive_both_screens	1.044920844801463			True	True	True	4150	17188	HGNC:6914	MGI:1338823	True	same_symbol
CRIPT	CRIPT	CRIPT	Cript	51622316	True	False	False	False	True	True	False	False	0.9460304822565969	0.6637414095135427			0.125	0.3125			0.2315671879987232	0.4896947995170088			0.5	0.5			0.25	-0.5			3.0	4.0			6.0	4.0			1.0	0.75			2	1	2	1.0	0.2315671879987232	False	True	False	False	False	False	supported_shared_full_matrix_only	5.231567187998723					False	unclassified_shared_neuronal_or_context	exploratory_context	1.0443434843920845	shared_positive_both_screens	1.0443434843920845			True	True	True	9419	56724	HGNC:14312	MGI:1929655	True	same_symbol
MKKS	MKKS	MKKS	Mkks	51616446	True	False	False	False	True	True	False	False	0.9460304822565969	0.6637414095135427			0.125	0.3125			0.2314075965528247	0.3674359248428345			0.5	0.5			2.7755575615628914e-17	-0.5			3.0	4.0			6.0	4.0			1.0	0.75			2	1	2	1.0	0.2314075965528247	False	True	False	False	False	False	supported_shared_full_matrix_only	5.231407596552825					False	unclassified_shared_neuronal_or_context	exploratory_context	0.876181889863991	shared_positive_both_screens	0.876181889863991			True	True	True	8195	59030	HGNC:7108	MGI:1891836	True	same_symbol
BCL2L1	BCL2L1	BCL2L1	Bcl2l1	51616458	True	False	False	False	True	True	False	False	0.9460304822565969	0.6637414095135427			0.125	0.3125			0.29035427271282455	0.2311487696215181			0.5	0.5			0.25	-0.5			3.0	4.0			6.0	4.0			1.0	0.75			2	1	2	1.0	0.2311487696215181	False	True	False	False	False	False	supported_shared_full_matrix_only	5.231148769621518					False	regulatory_morphogenesis_candidate	mechanism_followup_candidate	1.5572030527881735	shared_positive_both_screens	1.5572030527881735			True	True	True	598	12048	HGNC:992	MGI:88139	True	same_symbol
SNX17	SNX17	SNX17	Snx17	51624566	True	False	False	False	True	True	False	False	0.9460304822565969	0.6637414095135427			0.125	0.3125			0.2302904564315352	0.32974643105206486			0.5	0.5			0.5	-0.5			3.0	4.0			6.0	4.0			1.0	0.75			2	1	2	1.0	0.2302904564315352	False	True	False	False	False	False	supported_shared_full_matrix_only	5.230290456431535					False	unclassified_shared_neuronal_or_context	exploratory_context	1.02742903829574	shared_positive_both_screens	1.02742903829574			True	True	True	9784	266781	HGNC:14979	MGI:2387801	True	same_symbol
RER1	RER1	RER1	Rer1	51629776	True	False	False	False	True	True	False	False	0.9460304822565969	0.6637414095135427			0.125	0.3125			0.2292132141717204	0.36505045037542844			0.5	0.5			0.25	-0.5			3.0	4.0			6.0	4.0			1.0	0.75			2	1	2	1.0	0.2292132141717204	False	True	False	False	False	False	supported_shared_full_matrix_only	5.22921321417172					False	unclassified_shared_neuronal_or_context	exploratory_context	1.0472568741369317	shared_positive_both_screens	1.0472568741369317			True	True	True	11079	67830	HGNC:30309	MGI:1915080	True	same_symbol
UBXN2A	UBXN2A	UBXN2A	Ubxn2a	51625701	True	False	False	False	True	True	False	False	0.9460304822565969	0.6637414095135427			0.125	0.3125			0.2290149800187382	0.31562092922275287			0.5	0.5			0.25	-0.5			3.0	4.0			6.0	4.0			1.0	0.75			2	1	2	1.0	0.2290149800187382	False	True	False	False	False	False	supported_shared_full_matrix_only	5.229014980018738					False	unclassified_shared_neuronal_or_context	exploratory_context	1.0546306926032818	shared_positive_both_screens	1.0546306926032818			True	True	True	165324	217379	HGNC:27265	MGI:2442310	True	same_symbol
CGGBP1	CGGBP1	CGGBP1	Cggbp1	51632319	True	False	False	False	True	True	False	False	0.9460304822565969	0.6637414095135427			0.125	0.3125			0.2282556654963294	0.2772922290601577			0.5	0.5			0.25	-0.5			3.0	4.0			6.0	4.0			1.0	0.75			2	1	2	1.0	0.2282556654963294	False	True	False	False	False	False	supported_shared_full_matrix_only	5.228255665496329					False	unclassified_shared_neuronal_or_context	exploratory_context	1.0767426503557036	shared_positive_both_screens	1.0767426503557036			True	True	True	8545	106143	HGNC:1888	MGI:2146370	True	same_symbol
BLMH	BLMH	BLMH	Blmh	51627499	True	False	False	False	True	True	False	False	0.9460304822565969	0.6637414095135427			0.125	0.3125			0.22789683692036675	0.6495364394664891			0.5	0.5			0.5	-0.5			3.0	4.0			6.0	4.0			1.0	0.75			2	1	2	1.0	0.22789683692036675	False	True	False	False	False	False	supported_shared_full_matrix_only	5.227896836920367					False	unclassified_shared_neuronal_or_context	exploratory_context	1.0630963402222924	shared_positive_both_screens	1.0630963402222924			True	True	True	642	104184	HGNC:1059	MGI:1345186	True	same_symbol
RPS19BP1	RPS19BP1	RPS19BP1	Rps19bp1	51631321	True	False	False	False	True	True	False	False	0.9460304822565969	0.6637414095135427			0.125	0.3125			0.2892195978295563	0.22771546220051148			0.5	0.5			0.5	-0.5			3.0	4.0			6.0	4.0			1.0	0.75			2	1	2	1.0	0.22771546220051148	False	True	False	False	False	False	supported_shared_full_matrix_only	5.2277154622005115					False	metabolic_or_housekeeping_support	supporting_context_not_core_executor	0.5356926205065837	shared_positive_both_screens	0.5356926205065837			True	True	True	91582	66538	HGNC:28749	MGI:1913788	True	same_symbol
TAF3	TAF3	TAF3	Taf3	51635730	True	False	False	False	True	True	False	False	0.9460304822565969	0.6637414095135427			0.125	0.3125			0.2940425251206587	0.22691416992328842			0.5	0.5			0.25	-0.5			3.0	4.0			6.0	4.0			1.0	0.75			2	1	2	1.0	0.22691416992328842	False	True	False	False	False	False	supported_shared_full_matrix_only	5.226914169923289					False	unclassified_shared_neuronal_or_context	exploratory_context	1.075946874498526	shared_positive_both_screens	1.075946874498526			True	True	True	83860	209361	HGNC:17303	MGI:2388097	True	same_symbol
SNRNP25	SNRNP25	SNRNP25	Snrnp25	51628568	True	False	False	False	True	True	False	False	0.9460304822565969	0.6637414095135427			0.125	0.3125			0.226699648898819	0.22971264493948634			0.5	0.5			2.7755575615628914e-17	-0.5			3.0	4.0			6.0	4.0			1.0	0.75			2	1	2	1.0	0.226699648898819	False	True	False	False	False	False	supported_shared_full_matrix_only	5.226699648898819					False	unclassified_shared_neuronal_or_context	exploratory_context	0.856469804408245	shared_positive_both_screens	0.856469804408245			True	True	True	79622	78372	HGNC:14161	MGI:1925622	True	same_symbol
TMX1	TMX1	TMX1	Tmx1	51627136	True	False	False	False	True	True	False	False	0.9460304822565969	0.6637414095135427			0.125	0.3125			0.226699648898819	0.3471568749913256			0.5	0.5			0.25	-0.5			3.0	4.0			6.0	4.0			1.0	0.75			2	1	2	1.0	0.226699648898819	False	True	False	False	False	False	supported_shared_full_matrix_only	5.226699648898819					False	unclassified_shared_neuronal_or_context	exploratory_context	1.0373027603747995	shared_positive_both_screens	1.0373027603747995			True	True	True	81542	72736	HGNC:15487	MGI:1919986	True	same_symbol
CTCF	CTCF	CTCF	Ctcf	51622620	True	False	False	False	True	True	False	False	0.9460304822565969	0.6637414095135427			0.125	0.3125			0.43883818288482795	0.22635954107057243			0.5	0.5			0.25	-0.5			3.0	4.0			6.0	4.0			1.0	0.75			2	1	2	1.0	0.22635954107057243	False	True	False	False	False	False	supported_shared_full_matrix_only	5.226359541070573					False	unclassified_shared_neuronal_or_context	exploratory_context	1.0651018891255497	shared_positive_both_screens	1.0651018891255497			True	True	True	10664	13018	HGNC:13723	MGI:109447	True	same_symbol
PCGF2	PCGF2	PCGF2	Pcgf2	51634874	True	False	False	False	True	True	False	False	0.9460304822565969	0.6637414095135427			0.125	0.3125			0.22561864676749127	0.25971558836300473			0.5	0.5			0.25	-0.5			3.0	4.0			6.0	4.0			1.0	0.75			2	1	2	1.0	0.22561864676749127	False	True	False	False	False	False	supported_shared_full_matrix_only	5.225618646767491					False	unclassified_shared_neuronal_or_context	exploratory_context	1.0162400572019472	shared_positive_both_screens	1.0162400572019472			True	True	True	7703	22658	HGNC:12929	MGI:99161	True	same_symbol
KDM2B	KDM2B	KDM2B	Kdm2b	51619930	True	False	False	False	True	True	False	False	0.9460304822565969	0.6637414095135427			0.125	0.3125			0.3856970412050873	0.2256164244248818			0.5	0.5			0.25	-0.5			3.0	4.0			6.0	4.0			1.0	0.75			2	1	2	1.0	0.2256164244248818	False	True	False	False	False	False	supported_shared_full_matrix_only	5.2256164244248815					False	unclassified_shared_neuronal_or_context	exploratory_context	1.0417297431713777	shared_positive_both_screens	1.0417297431713777			True	True	True	84678	30841	HGNC:13610	MGI:1354737	True	same_symbol
U2AF2	U2AF2	U2AF2	U2af2	51627674	True	False	False	False	True	True	False	False	0.9460304822565969	0.6637414095135427			0.125	0.3125			0.2255027130545802	0.284159831230656			0.5	0.5			0.25	-0.5			3.0	4.0			6.0	4.0			1.0	0.75			2	1	2	1.0	0.2255027130545802	False	True	False	False	False	False	supported_shared_full_matrix_only	5.22550271305458					False	unclassified_shared_neuronal_or_context	exploratory_context	1.0437555816892623	shared_positive_both_screens	1.0437555816892623			True	True	True	11338	22185	HGNC:23156	MGI:98886	True	same_symbol
NCSTN	NCSTN	NCSTN	Ncstn	51630693	True	False	False	False	True	True	False	False	0.9460304822565969	0.6637414095135427			0.125	0.3125			0.22548119709625536	0.4370748299319728			0.5	0.5			0.5	-0.5			3.0	4.0			6.0	4.0			1.0	0.75			2	1	2	1.0	0.22548119709625536	False	True	False	False	False	False	supported_shared_full_matrix_only	5.225481197096255					False	unclassified_shared_neuronal_or_context	exploratory_context	1.022839434325825	shared_positive_both_screens	1.022839434325825			True	True	True	23385	59287	HGNC:17091	MGI:1891700	True	same_symbol
TBPL1	TBPL1	TBPL1	Tbpl1	51627029	True	False	False	False	True	True	False	False	0.9460304822565969	0.6637414095135427			0.125	0.3125			0.2253830194701564	0.38102084960687443			0.5	0.5			0.5	-0.5			3.0	4.0			6.0	4.0			1.0	0.75			2	1	2	1.0	0.2253830194701564	False	True	False	False	False	False	supported_shared_full_matrix_only	5.225383019470156					False	unclassified_shared_neuronal_or_context	exploratory_context	1.0999471273869226	shared_positive_both_screens	1.0999471273869226			True	True	True	9519	237336	HGNC:11589	MGI:1339946	True	same_symbol
ARIH2	ARIH2	ARIH2	Arih2	51627388	True	False	False	False	True	True	False	False	0.9460304822565969	0.6637414095135427			0.125	0.3125			0.225064886911383	0.27675857577073376			0.5	0.5			0.25	-0.5			3.0	4.0			6.0	4.0			1.0	0.75			2	1	2	1.0	0.225064886911383	False	True	False	False	False	False	supported_shared_full_matrix_only	5.225064886911383					False	unclassified_shared_neuronal_or_context	exploratory_context	1.05773205418765	shared_positive_both_screens	1.05773205418765			True	True	True	10425	23807	HGNC:690	MGI:1344361	True	same_symbol
LMAN2	LMAN2	LMAN2	Lman2	51627510	True	False	False	False	True	True	False	False	0.9460304822565969	0.6637414095135427			0.125	0.3125			0.3699728694541973	0.2248060401659935			0.5	0.5			0.25	-0.5			3.0	4.0			6.0	4.0			1.0	0.75			2	1	2	1.0	0.2248060401659935	False	True	False	False	False	False	supported_shared_full_matrix_only	5.224806040165993					False	unclassified_shared_neuronal_or_context	exploratory_context	1.035711914797451	shared_positive_both_screens	1.035711914797451			True	True	True	10960	66890	HGNC:16986	MGI:1914140	True	same_symbol
SAP30BP	SAP30BP	SAP30BP	Sap30bp	51619571	True	False	False	False	True	True	False	False	0.9460304822565969	0.6637414095135427			0.125	0.3125			0.2247047558250877	0.2668942832160553			0.5	0.5			0.25	-0.5			3.0	4.0			6.0	4.0			1.0	0.75			2	1	2	1.0	0.2247047558250877	False	True	False	False	False	False	supported_shared_full_matrix_only	5.224704755825088					False	unclassified_shared_neuronal_or_context	exploratory_context	1.0484428881870889	shared_positive_both_screens	1.0484428881870889			True	True	True	29115	57230	HGNC:30785	MGI:1927479	True	same_symbol
KDM1A	KDM1A	KDM1A	Kdm1a	51616172	True	False	False	False	True	True	False	False	0.9460304822565969	0.6637414095135427			0.125	0.3125			0.4843166542195668	0.223301649426894			0.5	0.5			0.25	-0.5			3.0	4.0			6.0	4.0			1.0	0.75			2	1	2	1.0	0.223301649426894	False	True	False	False	False	False	supported_shared_full_matrix_only	5.223301649426894					False	unclassified_shared_neuronal_or_context	exploratory_context	1.101775469250192	shared_positive_both_screens	1.101775469250192			True	True	True	23028	99982	HGNC:29079	MGI:1196256	True	same_symbol
FARSA	FARSA	FARSA	Farsa	51619417	True	False	False	False	True	True	False	False	0.9460304822565969	0.6637414095135427			0.125	0.3125			0.2225901691669326	0.5821605529416664			0.5	0.5			0.25	-0.5			3.0	4.0			6.0	4.0			1.0	0.75			2	1	2	1.0	0.2225901691669326	False	True	False	False	False	False	supported_shared_full_matrix_only	5.222590169166932					False	unclassified_shared_neuronal_or_context	exploratory_context	1.0345548018777488	shared_positive_both_screens	1.0345548018777488			True	True	True	2193	66590	HGNC:3592	MGI:1913840	True	same_symbol
CDC16	CDC16	CDC16	Cdc16	51627330	True	False	False	False	True	True	False	False	0.9460304822565969	0.6637414095135427			0.125	0.3125			0.221831562059759	0.2225159956142177			0.5	0.5			0.25	-0.5			3.0	4.0			6.0	4.0			1.0	0.75			2	1	2	1.0	0.221831562059759	False	True	False	False	False	False	supported_shared_full_matrix_only	5.221831562059759					False	unclassified_shared_neuronal_or_context	exploratory_context	1.0756590219254998	shared_positive_both_screens	1.0756590219254998			True	True	True	8881	69957	HGNC:1720	MGI:1917207	True	same_symbol
ARID2	ARID2	ARID2	Arid2	51620713	True	False	False	False	True	True	False	False	0.9460304822565969	0.6637414095135427			0.125	0.3125			0.393371757925072	0.22176404808498734			0.5	0.5			0.5	-0.5			3.0	4.0			6.0	4.0			1.0	0.75			2	1	2	1.0	0.22176404808498734	False	True	False	False	False	False	supported_shared_full_matrix_only	5.221764048084987					False	unclassified_shared_neuronal_or_context	exploratory_context	1.0891209973917273	shared_positive_both_screens	1.0891209973917273			True	True	True	196528	77044	HGNC:18037	MGI:1924294	True	same_symbol
NOSIP	NOSIP	NOSIP	Nosip	51627687	True	False	False	False	True	True	False	False	0.9460304822565969	0.6637414095135427			0.125	0.3125			0.3062662217278457	0.22154446156194915			0.5	0.5			0.25	-0.5			3.0	4.0			6.0	4.0			1.0	0.75			2	1	2	1.0	0.22154446156194915	False	True	False	False	False	False	supported_shared_full_matrix_only	5.221544461561949					False	unclassified_shared_neuronal_or_context	exploratory_context	1.0249333668709752	shared_positive_both_screens	1.0249333668709752			True	True	True	51070	66394	HGNC:17946	MGI:1913644	True	same_symbol
DNTTIP2	DNTTIP2	DNTTIP2	Dnttip2	51617362	True	False	False	False	True	True	False	False	0.9460304822565969	0.6637414095135427			0.125	0.3125			0.2211538461538461	0.2844408821529194			0.5	0.5			0.25	-0.5			3.0	4.0			6.0	4.0			1.0	0.75			2	1	2	1.0	0.2211538461538461	False	True	False	False	False	False	supported_shared_full_matrix_only	5.221153846153846					False	unclassified_shared_neuronal_or_context	exploratory_context	1.0236906743345464	shared_positive_both_screens	1.0236906743345464			True	True	True	30836	99480	HGNC:24013	MGI:1923173	True	same_symbol
GTF2F1	GTF2F1	GTF2F1	Gtf2f1	51620406	True	False	False	False	True	True	False	False	0.9460304822565969	0.6637414095135427			0.125	0.3125			0.2207149696776252	0.3537633065467516			0.5	0.5			0.25	-0.5			3.0	4.0			6.0	4.0			1.0	0.75			2	1	2	1.0	0.2207149696776252	False	True	False	False	False	False	supported_shared_full_matrix_only	5.220714969677625					False	unclassified_shared_neuronal_or_context	exploratory_context	1.0297555992498064	shared_positive_both_screens	1.0297555992498064			True	True	True	2962	98053	HGNC:4652	MGI:1923848	True	same_symbol
AACS	AACS	AACS	Aacs	51629510	True	False	False	False	True	True	False	False	0.9460304822565969	0.6637414095135427			0.125	0.3125			0.21925382317845143	0.31901361535578965			0.5	0.5			0.5	-0.5			3.0	4.0			6.0	4.0			1.0	0.75			2	1	2	1.0	0.21925382317845143	False	True	False	False	False	False	supported_shared_full_matrix_only	5.219253823178452					False	unclassified_shared_neuronal_or_context	exploratory_context	1.0581114923675397	shared_positive_both_screens	1.0581114923675397			True	True	True	65985	78894	HGNC:21298	MGI:1926144	True	same_symbol
PSMF1	PSMF1	PSMF1	Psmf1	51630288	True	False	False	False	True	True	False	False	0.9460304822565969	0.6637414095135427			0.125	0.3125			0.2791991101223581	0.21913297525363976			0.5	0.5			0.25	-0.5			3.0	4.0			6.0	4.0			1.0	0.75			2	1	2	1.0	0.21913297525363976	False	True	False	False	False	False	supported_shared_full_matrix_only	5.21913297525364					False	unclassified_shared_neuronal_or_context	exploratory_context	1.066966729691359	shared_positive_both_screens	1.066966729691359			True	True	True	9491	228769	HGNC:9571	MGI:1346072	True	same_symbol
GLE1	GLE1	GLE1	Gle1	51621432	True	False	False	False	True	True	False	False	0.9460304822565969	0.6637414095135427			0.125	0.3125			0.21844919679388955	0.21771384158443324			0.5	0.5			0.25	-0.5			3.0	4.0			6.0	4.0			1.0	0.75			2	1	2	1.0	0.21771384158443324	False	True	False	False	False	False	supported_shared_full_matrix_only	5.217713841584433					False	unclassified_shared_neuronal_or_context	exploratory_context	1.0413329615618494	shared_positive_both_screens	1.0413329615618494			True	True	True	2733	74412	HGNC:4315	MGI:1921662	True	same_symbol
NUDT21	NUDT21	NUDT21	Nudt21	51617913	True	False	False	False	True	True	False	False	0.9460304822565969	0.6637414095135427			0.125	0.3125			0.2154484519629748	0.3855012421756811			0.5	0.5			0.25	-0.5			3.0	4.0			6.0	4.0			1.0	0.75			2	1	2	1.0	0.2154484519629748	False	True	False	False	False	False	supported_shared_full_matrix_only	5.215448451962975					False	unclassified_shared_neuronal_or_context	exploratory_context	1.0785921481237228	shared_positive_both_screens	1.0785921481237228			True	True	True	11051	68219	HGNC:13870	MGI:1915469	True	same_symbol
COPS2	COPS2	COPS2	Cops2	51616087	True	False	False	False	True	True	False	False	0.9460304822565969	0.6637414095135427			0.125	0.3125			0.2154085541015001	0.3838947412249657			0.5	0.5			0.25	-0.5			3.0	4.0			6.0	4.0			1.0	0.75			2	1	2	1.0	0.2154085541015001	False	True	False	False	False	False	supported_shared_full_matrix_only	5.2154085541015					False	unclassified_shared_neuronal_or_context	exploratory_context	1.0809309236316196	shared_positive_both_screens	1.0809309236316196			True	True	True	9318	12848	HGNC:30747	MGI:1330276	True	same_symbol
FAM50A	FAM50A	FAM50A	Fam50a	51618152	True	False	False	False	True	True	False	False	0.9460304822565969	0.6637414095135427			0.125	0.3125			0.2153686562400255	0.2898378529493989			0.5	0.5			0.5	-0.5			3.0	4.0			6.0	4.0			1.0	0.75			2	1	2	1.0	0.2153686562400255	False	True	False	False	False	False	supported_shared_full_matrix_only	5.215368656240026					False	unclassified_shared_neuronal_or_context	exploratory_context	1.0263470745943863	shared_positive_both_screens	1.0263470745943863			True	True	True	9130	108160	HGNC:18786	MGI:1351626	True	same_symbol
DDRGK1	DDRGK1	DDRGK1	Ddrgk1	51629575	True	False	False	False	True	True	False	False	0.9460304822565969	0.6637414095135427			0.125	0.3125			0.2153287583785509	0.27522171794978556			0.5	0.5			0.25	-0.5			3.0	4.0			6.0	4.0			1.0	0.75			2	1	2	1.0	0.2153287583785509	False	True	False	False	False	False	supported_shared_full_matrix_only	5.215328758378551					False	unclassified_shared_neuronal_or_context	exploratory_context	1.051451441917477	shared_positive_both_screens	1.051451441917477			True	True	True	65992	77006	HGNC:16110	MGI:1924256	True	same_symbol
EFTUD2	EFTUD2	EFTUD2	Eftud2	51627947	True	False	False	False	True	True	False	False	0.9460304822565969	0.6637414095135427			0.125	0.3125			0.21493853734299806	0.712205094803879			0.5	0.5			0.25	-0.5			3.0	4.0			6.0	4.0			1.0	0.75			2	1	2	1.0	0.21493853734299806	False	True	False	False	False	False	supported_shared_full_matrix_only	5.214938537342998					False	unclassified_shared_neuronal_or_context	exploratory_context	1.0535739023992363	shared_positive_both_screens	1.0535739023992363			True	True	True	9343	20624	HGNC:30858	MGI:1336880	True	same_symbol
TIMM50	TIMM50	TIMM50	Timm50	51629818	True	False	False	False	True	True	False	False	0.9460304822565969	0.6637414095135427			0.125	0.3125			0.263405681455474	0.21358135209781953			0.5	0.5			0.25	-0.5			3.0	4.0			6.0	4.0			1.0	0.75			2	1	2	1.0	0.21358135209781953	False	True	False	False	False	False	supported_shared_full_matrix_only	5.21358135209782					False	unclassified_shared_neuronal_or_context	exploratory_context	1.0254182160969902	shared_positive_both_screens	1.0254182160969902			True	True	True	92609	66525	HGNC:23656	MGI:1913775	True	same_symbol
MRPL50	MRPL50	MRPL50	Mrpl50	51634165	True	False	False	False	True	True	False	False	0.9460304822565969	0.6637414095135427			0.125	0.3125			0.2131742738589211	0.30855574523601337			0.5	0.5			0.25	-0.5			3.0	4.0			6.0	4.0			1.0	0.75			2	1	2	1.0	0.2131742738589211	False	True	False	False	False	False	supported_shared_full_matrix_only	5.213174273858921					False	unclassified_shared_neuronal_or_context	exploratory_context	1.033621835796052	shared_positive_both_screens	1.033621835796052			True	True	True	54534	28028	HGNC:16654	MGI:107329	True	same_symbol
CSNK1G1	CSNK1G1	CSNK1G1	Csnk1g1	51628229	True	False	False	False	True	True	False	False	0.9460304822565969	0.6637414095135427			0.125	0.3125			0.2128454070201643	0.43890215660732373			0.5	0.5			0.25	-0.5			3.0	4.0			6.0	4.0			1.0	0.75			2	1	2	1.0	0.2128454070201643	False	True	False	False	False	False	supported_shared_full_matrix_only	5.212845407020164					False	unclassified_shared_neuronal_or_context	exploratory_context	1.056384734475023	shared_positive_both_screens	1.056384734475023			True	True	True	53944	214897	HGNC:2454	MGI:2660884	True	same_symbol
CTBP2	CTBP2	CTBP2	Ctbp2	51618011	True	False	False	False	True	True	False	False	0.9460304822565969	0.6637414095135427			0.125	0.3125			0.29216752849527705	0.21243360357841767			0.5	0.5			0.5	-0.5			3.0	4.0			6.0	4.0			1.0	0.75			2	1	2	1.0	0.21243360357841767	False	True	False	False	False	False	supported_shared_full_matrix_only	5.212433603578417					False	unclassified_shared_neuronal_or_context	exploratory_context	1.0930005581799496	shared_positive_both_screens	1.0930005581799496			True	True	True	1488	13017	HGNC:2495	MGI:1201686	True	same_symbol
EBP	EBP	EBP	Ebp	51630097	True	False	False	False	True	True	False	False	0.9460304822565969	0.6637414095135427			0.125	0.3125			0.2441749122247047	0.2116348142288101			0.5	0.5			0.5	-0.5			3.0	4.0			6.0	4.0			1.0	0.75			2	1	2	1.0	0.2116348142288101	False	True	False	False	False	False	supported_shared_full_matrix_only	5.21163481422881					False	unclassified_shared_neuronal_or_context	exploratory_context	1.0000256305105597	shared_positive_both_screens	1.0000256305105597			True	True	True	10682	13595	HGNC:3133	MGI:107822	True	same_symbol
DNMT1	DNMT1	DNMT1	Dnmt1	51616867	True	False	False	False	True	True	False	False	0.9460304822565969	0.6637414095135427			0.125	0.3125			0.2431375678263645	0.21062164300287295			0.5	0.5			0.25	-0.5			3.0	4.0			6.0	4.0			1.0	0.75			2	1	2	1.0	0.21062164300287295	False	True	False	False	False	False	supported_shared_full_matrix_only	5.210621643002873					False	cytoskeleton_morphogenesis	mechanism_followup_candidate	1.5387815475875994	shared_positive_both_screens	1.5387815475875994			True	True	True	1786	13433	HGNC:2976	MGI:94912	True	same_symbol
TBC1D16	TBC1D16	TBC1D16	Tbc1d16	51620655	True	False	False	False	True	True	False	False	0.9460304822565969	0.6637414095135427			0.125	0.3125			0.3189380528064969	0.21050118539900015			0.5	0.5			0.25	-0.5			3.0	4.0			6.0	4.0			1.0	0.75			2	1	2	1.0	0.21050118539900015	False	True	False	False	False	False	supported_shared_full_matrix_only	5.210501185399					False	unclassified_shared_neuronal_or_context	exploratory_context	1.0202332549348645	shared_positive_both_screens	1.0202332549348645			True	True	True	125058	207592	HGNC:28356	MGI:2652878	True	same_symbol
UBAP2	UBAP2	UBAP2	Ubap2	51627140	True	False	False	False	True	True	False	False	0.9460304822565969	0.6637414095135427			0.125	0.3125			0.2947719688542825	0.21023649914643788			0.5	0.5			0.25	-0.5			3.0	4.0			6.0	4.0			1.0	0.75			2	1	2	1.0	0.21023649914643788	False	True	False	False	False	False	supported_shared_full_matrix_only	5.210236499146438					False	unclassified_shared_neuronal_or_context	exploratory_context	1.0692805971284771	shared_positive_both_screens	1.0692805971284771			True	True	True	55833	68926	HGNC:14185	MGI:1916176	True	same_symbol
ARCN1	ARCN1	ARCN1	Arcn1	51616218	True	False	False	False	True	True	False	False	0.9460304822565969	0.6637414095135427			0.125	0.3125			0.2100564330084857	0.559433347807208			0.5	0.5			0.25	-0.5			3.0	4.0			6.0	4.0			1.0	0.75			2	1	2	1.0	0.2100564330084857	False	True	False	False	False	False	supported_shared_full_matrix_only	5.210056433008486					False	unclassified_shared_neuronal_or_context	exploratory_context	1.0464890315662636	shared_positive_both_screens	1.0464890315662636			True	True	True	372	213827	HGNC:649	MGI:2387591	True	same_symbol
ITGB1BP1	ITGB1BP1	ITGB1BP1	Itgb1bp1	51626267	True	False	False	False	True	True	False	False	0.9460304822565969	0.6637414095135427			0.125	0.3125			0.209144589849984	0.26637357070487766			0.5	0.5			0.25	-0.5			3.0	4.0			6.0	4.0			1.0	0.75			2	1	2	1.0	0.209144589849984	False	True	False	False	False	False	supported_shared_full_matrix_only	5.209144589849984					False	unclassified_shared_neuronal_or_context	exploratory_context	1.0536356054713525	shared_positive_both_screens	1.0536356054713525			True	True	True	9270	16413	HGNC:23927	MGI:1306802	True	same_symbol
ZNF821	ZNF821	ZNF821	Zfp821	51631671	True	False	False	False	True	True	False	False	0.9460304822565969	0.6637414095135427			0.125	0.3125			0.2668767954037663	0.2090125459922344			0.5	0.5			0.25	-0.5			3.0	4.0			6.0	4.0			1.0	0.75			2	1	2	1.0	0.2090125459922344	False	True	False	False	False	False	supported_shared_full_matrix_only	5.209012545992234					False	unclassified_shared_neuronal_or_context	not_prioritized	0.5667191988509416	screen_specific_or_low_priority	0.5667191988509416			True	False	False	55565	75871	HGNC:28043	MGI:1923121	False	nonidentical_symbol
BCL2L13	BCL2L13	BCL2L13	Bcl2l13	51625218	True	False	False	False	True	True	False	False	0.9460304822565969	0.6637414095135427			0.125	0.3125			0.27969576084555375	0.20877919806803513			0.5	0.5			0.5	-0.5			3.0	4.0			6.0	4.0			1.0	0.75			2	1	2	1.0	0.20877919806803513	False	True	False	False	False	False	supported_shared_full_matrix_only	5.208779198068035					False	regulatory_morphogenesis_candidate	mechanism_followup_candidate	1.5713325882192342	shared_positive_both_screens	1.5713325882192342			True	True	True	23786	94044	HGNC:17164	MGI:2136959	True	same_symbol
NCAPD3	NCAPD3	NCAPD3	Ncapd3	51621823	True	False	False	False	True	True	False	False	0.9460304822565969	0.6637414095135427			0.125	0.3125			0.2124582869855394	0.2084946773812993			0.5	0.5			0.25	-0.5			3.0	4.0			6.0	4.0			1.0	0.75			2	1	2	1.0	0.2084946773812993	False	True	False	False	False	False	supported_shared_full_matrix_only	5.2084946773812995					False	unclassified_shared_neuronal_or_context	exploratory_context	1.0530674541475384	shared_positive_both_screens	1.0530674541475384			True	True	True	23310	78658	HGNC:28952	MGI:2142989	True	same_symbol
MRPL36	MRPL36	MRPL36	Mrpl36	51626212	True	False	False	False	True	True	False	False	0.9460304822565969	0.6637414095135427			0.125	0.3125			0.208187041174593	0.36188630782497283			0.5	0.5			0.5	-0.5			3.0	4.0			6.0	4.0			1.0	0.75			2	1	2	1.0	0.208187041174593	False	True	False	False	False	False	supported_shared_full_matrix_only	5.208187041174593					False	unclassified_shared_neuronal_or_context	exploratory_context	1.026394885692858	shared_positive_both_screens	1.026394885692858			True	True	True	64979	94066	HGNC:14490	MGI:2137228	True	same_symbol
MCRS1	MCRS1	MCRS1	Mcrs1	51628055	True	False	False	False	True	True	False	False	0.9460304822565969	0.6637414095135427			0.125	0.3125			0.2075087775295244	0.22781082373509956			0.5	0.5			0.25	-0.5			3.0	4.0			6.0	4.0			1.0	0.75			2	1	2	1.0	0.2075087775295244	False	True	False	False	False	False	supported_shared_full_matrix_only	5.207508777529524					False	unclassified_shared_neuronal_or_context	exploratory_context	1.0333201945370918	shared_positive_both_screens	1.0333201945370918			True	True	True	10445	51812	HGNC:6960	MGI:1858420	True	same_symbol
MRPS14	MRPS14	MRPS14	Mrps14	51628972	True	False	False	False	True	True	False	False	0.9460304822565969	0.6637414095135427			0.125	0.3125			0.2073092882221513	0.7120511859654967			0.5	0.5			0.25	-0.5			3.0	4.0			6.0	4.0			1.0	0.75			2	1	2	1.0	0.2073092882221513	False	True	False	False	False	False	supported_shared_full_matrix_only	5.2073092882221514					False	unclassified_shared_neuronal_or_context	exploratory_context	1.0342735884708725	shared_positive_both_screens	1.0342735884708725			True	True	True	63931	64659	HGNC:14049	MGI:1928141	True	same_symbol
MRPS25	MRPS25	MRPS25	Mrps25	51628524	True	False	False	False	True	True	False	False	0.9460304822565969	0.6637414095135427			0.125	0.3125			0.20720379478470635	0.34837154039698065			0.5	0.5			0.25	-0.5			3.0	4.0			6.0	4.0			1.0	0.75			2	1	2	1.0	0.20720379478470635	False	True	False	False	False	False	supported_shared_full_matrix_only	5.207203794784706					False	unclassified_shared_neuronal_or_context	exploratory_context	1.059365928810211	shared_positive_both_screens	1.059365928810211			True	True	True	64432	64658	HGNC:14511	MGI:1928140	True	same_symbol
UROD	UROD	UROD	Urod	51627790	True	False	False	False	True	True	False	False	0.9460304822565969	0.6637414095135427			0.125	0.3125			0.2069901053303542	0.48789622231871477			0.5	0.5			0.25	-0.5			3.0	4.0			6.0	4.0			1.0	0.75			2	1	2	1.0	0.2069901053303542	False	True	False	False	False	False	supported_shared_full_matrix_only	5.2069901053303544					False	unclassified_shared_neuronal_or_context	exploratory_context	1.0186573257143878	shared_positive_both_screens	1.0186573257143878			True	True	True	7389	22275	HGNC:12591	MGI:98916	True	same_symbol
MPND	MPND	MPND	Mpnd	51620940	True	False	False	False	True	True	False	False	0.9460304822565969	0.6637414095135427			0.125	0.3125			0.20664460585749225	0.2781753757131857			0.5	0.5			0.25	-0.5			3.0	4.0			6.0	4.0			1.0	0.75			2	1	2	1.0	0.20664460585749225	False	True	False	False	False	False	supported_shared_full_matrix_only	5.206644605857492					False	unclassified_shared_neuronal_or_context	exploratory_context	1.0107332916827385	shared_positive_both_screens	1.0107332916827385			True	True	True	84954	68047	HGNC:25934	MGI:1915297	True	same_symbol
NGRN	NGRN	NGRN	Ngrn	51624998	True	False	False	False	True	True	False	False	0.9460304822565969	0.6637414095135427			0.125	0.3125			0.206271943823811	0.22121830370154474			0.5	0.5			2.7755575615628914e-17	-0.5			3.0	4.0			6.0	4.0			1.0	0.75			2	1	2	1.0	0.206271943823811	False	True	False	False	False	False	supported_shared_full_matrix_only	5.206271943823811					False	unclassified_shared_neuronal_or_context	exploratory_context	0.8333333333333334	shared_positive_both_screens	0.8333333333333334			True	True	True	51335	83485	HGNC:18077	MGI:1933212	True	same_symbol
MSH2	MSH2	MSH2	Msh2	51627716	True	False	False	False	True	True	False	False	0.9460304822565969	0.6637414095135427			0.125	0.3125			0.20560522341616538	0.23192574902301344			0.5	0.5			0.25	-0.5			3.0	4.0			6.0	4.0			1.0	0.75			2	1	2	1.0	0.20560522341616538	False	True	False	False	False	False	supported_shared_full_matrix_only	5.205605223416166					False	unclassified_shared_neuronal_or_context	exploratory_context	1.0559601430116643	shared_positive_both_screens	1.0559601430116643			True	True	True	4436	17685	HGNC:7325	MGI:101816	True	same_symbol
MPDU1	MPDU1	MPDU1	Mpdu1	51619520	True	False	False	False	True	True	False	False	0.9460304822565969	0.6637414095135427			0.125	0.3125			0.2048755186721991	0.35745513594537204			0.5	0.5			0.25	-0.5			3.0	4.0			6.0	4.0			1.0	0.75			2	1	2	1.0	0.2048755186721991	False	True	False	False	False	False	supported_shared_full_matrix_only	5.204875518672199					False	unclassified_shared_neuronal_or_context	exploratory_context	1.0214064084459862	shared_positive_both_screens	1.0214064084459862			True	True	True	9526	24070	HGNC:7207	MGI:1346040	True	same_symbol
PDCD6IP	PDCD6IP	PDCD6IP	Pdcd6ip	51627667	True	False	False	False	True	True	False	False	0.9460304822565969	0.6637414095135427			0.125	0.3125			0.22164786544534043	0.20466405740378335			0.5	0.5			0.25	-0.5			3.0	4.0			6.0	4.0			1.0	0.75			2	1	2	1.0	0.20466405740378335	False	True	False	False	False	False	supported_shared_full_matrix_only	5.204664057403783					False	unclassified_shared_neuronal_or_context	exploratory_context	1.0559055289173012	shared_positive_both_screens	1.0559055289173012			True	True	True	10015	18571	HGNC:8766	MGI:1333753	True	same_symbol
YIPF3	YIPF3	YIPF3	Yipf3	51621049	True	False	False	False	True	True	False	False	0.9460304822565969	0.6637414095135427			0.125	0.3125			0.3965049473348228	0.20464323881694907			0.5	0.5			0.25	-0.5			3.0	4.0			6.0	4.0			1.0	0.75			2	1	2	1.0	0.20464323881694907	False	True	False	False	False	False	supported_shared_full_matrix_only	5.204643238816949					False	unclassified_shared_neuronal_or_context	exploratory_context	1.0362796365944704	shared_positive_both_screens	1.0362796365944704			True	True	True	25844	28064	HGNC:21023	MGI:106280	True	same_symbol
C16ORF87	C16orf87	C16orf87	4921524J17Rik	51630652	True	False	False	False	True	True	False	False	0.9460304822565969	0.6637414095135427			0.125	0.3125			0.2045164379189275	0.4050808069224128			0.5	0.5			0.25	-0.5			3.0	4.0			6.0	4.0			1.0	0.75			2	1	2	1.0	0.2045164379189275	False	True	False	False	False	False	supported_shared_full_matrix_only	5.204516437918928					False	unclassified_shared_neuronal_or_context	not_prioritized	0.5511291094797319	screen_specific_or_low_priority	0.5511291094797319			True	False	False	388272	66714	HGNC:33754	MGI:1913964	False	nonidentical_symbol
RPAP3	RPAP3	RPAP3	Rpap3	51635264	True	False	False	False	True	True	False	False	0.9460304822565969	0.6637414095135427			0.125	0.3125			0.2043989294184787	0.20577785179941985			0.5	0.5			0.25	-0.5			3.0	4.0			6.0	4.0			1.0	0.75			2	1	2	1.0	0.2043989294184787	False	True	False	False	False	False	supported_shared_full_matrix_only	5.2043989294184785					False	unclassified_shared_neuronal_or_context	exploratory_context	1.0327623940695103	shared_positive_both_screens	1.0327623940695103			True	True	True	79657	71919	HGNC:26151	MGI:1277218	True	same_symbol
SLC35A1	SLC35A1	SLC35A1	Slc35a1	51628090	True	False	False	False	True	True	False	False	0.9460304822565969	0.6637414095135427			0.125	0.3125			0.2043943516753718	0.25736977973935127			0.5	0.5			0.25	-0.5			3.0	4.0			6.0	4.0			1.0	0.75			2	1	2	1.0	0.2043943516753718	False	True	False	False	False	False	supported_shared_full_matrix_only	5.204394351675372					False	unclassified_shared_neuronal_or_context	exploratory_context	1.0348362271012224	shared_positive_both_screens	1.0348362271012224			True	True	True	10559	24060	HGNC:11021	MGI:1345622	True	same_symbol
RBM42	RBM42	RBM42	Rbm42	51623203	True	False	False	False	True	True	False	False	0.9460304822565969	0.6637414095135427			0.125	0.3125			0.2819980849026492	0.2037931465212141			0.5	0.5			0.25	-0.5			3.0	4.0			6.0	4.0			1.0	0.75			2	1	2	1.0	0.2037931465212141	False	True	False	False	False	False	supported_shared_full_matrix_only	5.203793146521214					False	unclassified_shared_neuronal_or_context	exploratory_context	1.0263368825370949	shared_positive_both_screens	1.0263368825370949			True	True	True	79171	68035	HGNC:28117	MGI:1915285	True	same_symbol
IFT81	IFT81	IFT81	Ift81	51617610	True	False	False	False	True	True	False	False	0.9460304822565969	0.6637414095135427			0.125	0.3125			0.203559510567297	0.2054445065697512			0.5	0.5			0.25	-0.5			3.0	4.0			6.0	4.0			1.0	0.75			2	1	2	1.0	0.203559510567297	False	True	False	False	False	False	supported_shared_full_matrix_only	5.203559510567297					False	unclassified_shared_neuronal_or_context	exploratory_context	1.052709859387679	shared_positive_both_screens	1.052709859387679			True	True	True	28981	12589	HGNC:14313	MGI:1098597	True	same_symbol
C1D	C1D	C1D	C1d	51628329	True	False	False	False	True	True	False	False	0.9460304822565969	0.6637414095135427			0.125	0.3125			0.2030402170443664	0.5785992848554652			0.5	0.5			0.25	-0.5			3.0	4.0			6.0	4.0			1.0	0.75			2	1	2	1.0	0.2030402170443664	False	True	False	False	False	False	supported_shared_full_matrix_only	5.203040217044366					False	unclassified_shared_neuronal_or_context	exploratory_context	1.0822014686550545	shared_positive_both_screens	1.0822014686550545			True	True	True	10438	57316	HGNC:29911	MGI:1927354	True	same_symbol
PNRC1	PNRC1	PNRC1	Pnrc1	51626444	True	False	False	False	True	True	False	False	0.9460304822565969	0.6637414095135427			0.125	0.3125			0.4314155761251197	0.20285716758622793			0.5	0.5			0.25	-0.5			3.0	4.0			6.0	4.0			1.0	0.75			2	1	2	1.0	0.20285716758622793	False	True	False	False	False	False	supported_shared_full_matrix_only	5.202857167586228					False	unclassified_shared_neuronal_or_context	exploratory_context	1.028546545942028	shared_positive_both_screens	1.028546545942028			True	True	True	10957	108767	HGNC:17278	MGI:1917838	True	same_symbol
RSBN1L	RSBN1L	RSBN1L	Rsbn1l	51635277	True	False	False	False	True	True	False	False	0.9460304822565969	0.6637414095135427			0.125	0.3125			0.43512375517666446	0.20267935212557764			0.5	0.5			0.5	-0.5			3.0	4.0			6.0	4.0			1.0	0.75			2	1	2	1.0	0.20267935212557764	False	True	False	False	False	False	supported_shared_full_matrix_only	5.202679352125577					False	unclassified_shared_neuronal_or_context	exploratory_context	1.0885506835500245	shared_positive_both_screens	1.0885506835500245			True	True	True	222194	242860	HGNC:24765	MGI:3036237	True	same_symbol
TMUB2	TMUB2	TMUB2	Tmub2	51624444	True	False	False	False	True	True	False	False	0.9460304822565969	0.6637414095135427			0.125	0.3125			0.2012049154165336	0.281706707748678			0.5	0.5			0.25	-0.5			3.0	4.0			6.0	4.0			1.0	0.75			2	1	2	1.0	0.2012049154165336	False	True	False	False	False	False	supported_shared_full_matrix_only	5.201204915416533					False	unclassified_shared_neuronal_or_context	exploratory_context	1.0332015543847133	shared_positive_both_screens	1.0332015543847133			True	True	True	79089	72053	HGNC:28459	MGI:1919303	True	same_symbol
SEC22A	SEC22A	SEC22A	Sec22a	51620205	True	False	False	False	True	True	False	False	0.9460304822565969	0.6637414095135427			0.125	0.3125			0.2009640341119762	0.21033712231613716			0.5	0.5			0.25	-0.5			3.0	4.0			6.0	4.0			1.0	0.75			2	1	2	1.0	0.2009640341119762	False	True	False	False	False	False	supported_shared_full_matrix_only	5.200964034111976					False	unclassified_shared_neuronal_or_context	exploratory_context	1.056695135209869	shared_positive_both_screens	1.056695135209869			True	True	True	26984	317717	HGNC:20260	MGI:2447876	True	same_symbol
EPC2	EPC2	EPC2	Epc2	51629471	True	False	False	False	True	True	False	False	0.9460304822565969	0.6637414095135427			0.125	0.3125			0.3084909158324064	0.19874843560937033			0.5	0.5			0.5	-0.5			3.0	4.0			6.0	4.0			1.0	0.75			2	1	2	1.0	0.19874843560937033	False	True	False	False	False	False	supported_shared_full_matrix_only	5.19874843560937					False	unclassified_shared_neuronal_or_context	exploratory_context	1.0817890301851028	shared_positive_both_screens	1.0817890301851028			True	True	True	26122	227867	HGNC:24543	MGI:1278321	True	same_symbol
ALG5	ALG5	ALG5	Alg5	51628062	True	False	False	False	True	True	False	False	0.9460304822565969	0.6637414095135427			0.125	0.3125			0.1987312480051069	0.32902735562310026			0.5	0.5			0.25	-0.5			3.0	4.0			6.0	4.0			1.0	0.75			2	1	2	1.0	0.1987312480051069	False	True	False	False	False	False	supported_shared_full_matrix_only	5.198731248005107					False	unclassified_shared_neuronal_or_context	exploratory_context	1.051599829413897	shared_positive_both_screens	1.051599829413897			True	True	True	29880	66248	HGNC:20266	MGI:1913498	True	same_symbol
SIVA1	SIVA1	SIVA1	Siva1	51622138	True	False	False	False	True	True	False	False	0.9460304822565969	0.6637414095135427			0.125	0.3125			0.3313517395467603	0.19731465834038364			0.5	0.5			2.7755575615628914e-17	-0.5			3.0	4.0			6.0	4.0			1.0	0.75			2	1	2	1.0	0.19731465834038364	False	True	False	False	False	False	supported_shared_full_matrix_only	5.1973146583403835					False	unclassified_shared_neuronal_or_context	exploratory_context	0.8637551611919296	shared_positive_both_screens	0.8637551611919296			True	True	True	10572	30954	HGNC:17712	MGI:1353606	True	same_symbol
G2E3	G2E3	G2E3	G2e3	51624216	True	False	False	False	True	True	False	False	0.9460304822565969	0.6637414095135427			0.125	0.3125			0.2313681868743047	0.1972065421913446			0.5	0.5			0.5	-0.5			3.0	4.0			6.0	4.0			1.0	0.75			2	1	2	1.0	0.1972065421913446	False	True	False	False	False	False	supported_shared_full_matrix_only	5.197206542191345					False	unclassified_shared_neuronal_or_context	exploratory_context	1.057635063719958	shared_positive_both_screens	1.057635063719958			True	True	True	55632	217558	HGNC:20338	MGI:2444298	True	same_symbol
CTPS2	CTPS2	CTPS2	Ctps2	51618020	True	False	False	False	True	True	False	False	0.9460304822565969	0.6637414095135427			0.125	0.3125			0.3207267334074898	0.19677232595165725			0.5	0.5			0.5	-0.5			3.0	4.0			6.0	4.0			1.0	0.75			2	1	2	1.0	0.19677232595165725	False	True	False	False	False	False	supported_shared_full_matrix_only	5.196772325951657					False	unclassified_shared_neuronal_or_context	exploratory_context	1.015529001162846	shared_positive_both_screens	1.015529001162846			True	True	True	56474	55936	HGNC:2520	MGI:1933185	True	same_symbol
DPF2	DPF2	DPF2	Dpf2	51622489	True	False	False	False	True	True	False	False	0.9460304822565969	0.6637414095135427			0.125	0.3125			0.1966565592084264	0.377297727601679			0.5	0.5			0.5	-0.5			3.0	4.0			6.0	4.0			1.0	0.75			2	1	2	1.0	0.1966565592084264	False	True	False	False	False	False	supported_shared_full_matrix_only	5.196656559208426					False	unclassified_shared_neuronal_or_context	exploratory_context	1.042271740255006	shared_positive_both_screens	1.042271740255006			True	True	True	5977	19708	HGNC:9964	MGI:109529	True	same_symbol
MANBAL	MANBAL	MANBAL	Manbal	51631648	True	False	False	False	True	True	False	False	0.9460304822565969	0.6637414095135427			0.125	0.3125			0.1965368656240025	0.44736002075594544			0.5	0.5			0.25	-0.5			3.0	4.0			6.0	4.0			1.0	0.75			2	1	2	1.0	0.1965368656240025	False	True	False	False	False	False	supported_shared_full_matrix_only	5.196536865624003					False	unclassified_shared_neuronal_or_context	exploratory_context	1.0345566569510851	shared_positive_both_screens	1.0345566569510851			True	True	True	63905	69161	HGNC:15799	MGI:1916411	True	same_symbol
RAB8A	RAB8A	RAB8A	Rab8a	51624012	True	False	False	False	True	True	False	False	0.9460304822565969	0.6637414095135427			0.125	0.3125			0.1961777848707309	0.48866427946870966			0.5	0.5			0.25	-0.5			3.0	4.0			6.0	4.0			1.0	0.75			2	1	2	1.0	0.1961777848707309	False	True	False	False	False	False	supported_shared_full_matrix_only	5.196177784870731					False	unclassified_shared_neuronal_or_context	exploratory_context	1.0168789876758904	shared_positive_both_screens	1.0168789876758904			True	True	True	4218	17274	HGNC:7007	MGI:96960	True	same_symbol
OXA1L	OXA1L	OXA1L	Oxa1l	51629218	True	False	False	False	True	True	False	False	0.9460304822565969	0.6637414095135427			0.125	0.3125			0.1961378870092563	0.21859635445887554			0.5	0.5			0.25	-0.5			3.0	4.0			6.0	4.0			1.0	0.75			2	1	2	1.0	0.1961378870092563	False	True	False	False	False	False	supported_shared_full_matrix_only	5.1961378870092565					False	unclassified_shared_neuronal_or_context	exploratory_context	1.0296376320088485	shared_positive_both_screens	1.0296376320088485			True	True	True	5018	69089	HGNC:8526	MGI:1916339	True	same_symbol
ZNF281	ZNF281	ZNF281	Zfp281	51620220	True	False	False	False	True	True	False	False	0.9460304822565969	0.6637414095135427			0.125	0.3125			0.1959782955633578	0.40943925666018655			0.5	0.5			0.25	-0.5			3.0	4.0			6.0	4.0			1.0	0.75			2	1	2	1.0	0.1959782955633578	False	True	False	False	False	False	supported_shared_full_matrix_only	5.195978295563358					False	unclassified_shared_neuronal_or_context	not_prioritized	0.5304673230355949	screen_specific_or_low_priority	0.5304673230355949			True	False	False	23528	226442	HGNC:13075	MGI:3029290	False	nonidentical_symbol
C14ORF119	C14orf119	C14orf119	1700123O20Rik	51626746	True	False	False	False	True	True	False	False	0.9460304822565969	0.6637414095135427			0.125	0.3125			0.1947015639961698	0.21771384158443324			0.5	0.5			0.25	-0.5			3.0	4.0			6.0	4.0			1.0	0.75			2	1	2	1.0	0.1947015639961698	False	True	False	False	False	False	supported_shared_full_matrix_only	5.19470156399617					False	unclassified_shared_neuronal_or_context	not_prioritized	0.5041339607717804	screen_specific_or_low_priority	0.5041339607717804			True	False	False	55017	58248	HGNC:20270	MGI:1920893	False	nonidentical_symbol
RNF2	RNF2	RNF2	Rnf2	51619164	True	False	False	False	True	True	False	False	0.9460304822565969	0.6637414095135427			0.125	0.3125			0.1945775576496317	0.24478054018831816			0.5	0.5			0.5	-0.5			3.0	4.0			6.0	4.0			1.0	0.75			2	1	2	1.0	0.1945775576496317	False	True	False	False	False	False	supported_shared_full_matrix_only	5.194577557649632					False	unclassified_shared_neuronal_or_context	exploratory_context	1.0650610294593426	shared_positive_both_screens	1.0650610294593426			True	True	True	6045	19821	HGNC:10061	MGI:1101759	True	same_symbol
ARL16	ARL16	ARL16	Arl16	51629207	True	False	False	False	True	True	False	False	0.9460304822565969	0.6637414095135427			0.125	0.3125			0.1945481702763256	0.3936170212765957			0.5	0.5			0.25	-0.5			3.0	4.0			6.0	4.0			1.0	0.75			2	1	2	1.0	0.1945481702763256	False	True	False	False	False	False	supported_shared_full_matrix_only	5.194548170276326					False	unclassified_shared_neuronal_or_context	exploratory_context	1.0379305556642076	shared_positive_both_screens	1.0379305556642076			True	True	True	339231	70317	HGNC:27902	MGI:1917567	True	same_symbol
MXI1	MXI1	MXI1	Mxi1	51618998	True	False	False	False	True	True	False	False	0.9460304822565969	0.6637414095135427			0.125	0.3125			0.3407571023684304	0.1940023390623411			0.5	0.5			0.5	-0.5			3.0	4.0			6.0	4.0			1.0	0.75			2	1	2	1.0	0.1940023390623411	False	True	False	False	False	False	supported_shared_full_matrix_only	5.194002339062341					False	unclassified_shared_neuronal_or_context	exploratory_context	1.068139721203892	shared_positive_both_screens	1.068139721203892			True	True	True	4601	17859	HGNC:7534	MGI:97245	True	same_symbol
SEMA4F	SEMA4F	SEMA4F	Sema4f	51630395	True	False	False	False	True	True	False	False	0.9460304822565969	0.6637414095135427			0.125	0.3125			0.19377293126506984	0.2193966773535412			0.5	0.5			0.5	-0.5			3.0	4.0			6.0	4.0			1.0	0.75			2	1	2	1.0	0.19377293126506984	False	True	False	False	False	False	supported_shared_full_matrix_only	5.19377293126507					False	axon_guidance_adhesion	mechanism_followup_candidate	1.5484432328162674	shared_positive_both_screens	1.5484432328162674			True	True	True	10505	20355	HGNC:10734	MGI:1340055	True	same_symbol
NRAS	NRAS	NRAS	Nras	51618978	True	False	False	False	True	True	False	False	0.9460304822565969	0.6637414095135427			0.125	0.3125			0.19350413558007395	0.39499203936893906			0.5	0.5			0.25	-0.5			3.0	4.0			6.0	4.0			1.0	0.75			2	1	2	1.0	0.19350413558007395	False	True	False	False	False	False	supported_shared_full_matrix_only	5.193504135580074					False	unclassified_shared_neuronal_or_context	exploratory_context	1.0192270767327525	shared_positive_both_screens	1.0192270767327525			True	True	True	4893	18176	HGNC:7989	MGI:97376	True	same_symbol
PPIH	PPIH	PPIH	Ppih	51628801	True	False	False	False	True	True	False	False	0.9460304822565969	0.6637414095135427			0.125	0.3125			0.1933051388445579	0.2450104786887066			0.5	0.5			0.25	-0.5			3.0	4.0			6.0	4.0			1.0	0.75			2	1	2	1.0	0.1933051388445579	False	True	False	False	False	False	supported_shared_full_matrix_only	5.193305138844558					False	unclassified_shared_neuronal_or_context	exploratory_context	1.026087254806045	shared_positive_both_screens	1.026087254806045			True	True	True	10465	66101	HGNC:14651	MGI:106499	True	same_symbol
GPS2	GPS2	GPS2	Gps2	51629639	True	False	False	False	True	True	False	False	0.9460304822565969	0.6637414095135427			0.125	0.3125			0.29591752174604036	0.192864675700639			0.5	0.5			0.25	-0.5			3.0	4.0			6.0	4.0			1.0	0.75			2	1	2	1.0	0.192864675700639	False	True	False	False	False	False	supported_shared_full_matrix_only	5.192864675700639					False	unclassified_shared_neuronal_or_context	exploratory_context	1.0389180295356557	shared_positive_both_screens	1.0389180295356557			True	True	True	2874	56310	HGNC:4550	MGI:1891751	True	same_symbol
YEATS4	YEATS4	YEATS4	Yeats4	51628147	True	False	False	False	True	True	False	False	0.9460304822565969	0.6637414095135427			0.125	0.3125			0.2342004468560485	0.19169389184384278			0.5	0.5			0.25	-0.5			3.0	4.0			6.0	4.0			1.0	0.75			2	1	2	1.0	0.19169389184384278	False	True	False	False	False	False	supported_shared_full_matrix_only	5.191693891843843					False	unclassified_shared_neuronal_or_context	exploratory_context	1.0142439639222292	shared_positive_both_screens	1.0142439639222292			True	True	True	8089	64050	HGNC:24859	MGI:1927224	True	same_symbol
ACTR6	ACTR6	ACTR6	Actr6	51627791	True	False	False	False	True	True	False	False	0.9460304822565969	0.6637414095135427			0.125	0.3125			0.1916693265240983	0.25733855185909976			0.5	0.5			0.25	-0.5			3.0	4.0			6.0	4.0			1.0	0.75			2	1	2	1.0	0.1916693265240983	False	True	False	False	False	False	supported_shared_full_matrix_only	5.1916693265240985					False	cytoskeleton_morphogenesis	mechanism_followup_candidate	1.543282788294975	shared_positive_both_screens	1.543282788294975			True	True	True	64431	67019	HGNC:24025	MGI:1914269	True	same_symbol
RAB40C	RAB40C	RAB40C	Rab40c	51617146	True	False	False	False	True	True	False	False	0.9460304822565969	0.6637414095135427			0.125	0.3125			0.2017291066282421	0.19157263604946495			0.5	0.5			0.25	-0.5			3.0	4.0			6.0	4.0			1.0	0.75			2	1	2	1.0	0.19157263604946495	False	True	False	False	False	False	supported_shared_full_matrix_only	5.1915726360494645					False	unclassified_shared_neuronal_or_context	exploratory_context	1.0507099124805268	shared_positive_both_screens	1.0507099124805268			True	True	True	57799	224624	HGNC:18285	MGI:2183454	True	same_symbol
CDC7	CDC7	CDC7	Cdc7	51622324	True	False	False	False	True	True	False	False	0.9460304822565969	0.6637414095135427			0.125	0.3125			0.21077924690726502	0.19116369952236212			0.5	0.5			0.25	-0.5			3.0	4.0			6.0	4.0			1.0	0.75			2	1	2	1.0	0.19116369952236212	False	True	False	False	False	False	supported_shared_full_matrix_only	5.191163699522362					False	unclassified_shared_neuronal_or_context	exploratory_context	1.0309869799554183	shared_positive_both_screens	1.0309869799554183			True	True	True	8317	12545	HGNC:1745	MGI:1309511	True	same_symbol
STT3A	STT3A	STT3A	Stt3a	51617134	True	False	False	False	True	True	False	False	0.9460304822565969	0.6637414095135427			0.125	0.3125			0.19080749275601494	0.26867129830655667			0.5	0.5			0.25	-0.5			3.0	4.0			6.0	4.0			1.0	0.75			2	1	2	1.0	0.19080749275601494	False	True	False	False	False	False	supported_shared_full_matrix_only	5.190807492756015					False	unclassified_shared_neuronal_or_context	exploratory_context	1.022023897802281	shared_positive_both_screens	1.022023897802281			True	True	True	3703	16430	HGNC:6172	MGI:105124	True	same_symbol
NSMCE1	NSMCE1	NSMCE1	Nsmce1	51630285	True	False	False	False	True	True	False	False	0.9460304822565969	0.6637414095135427			0.125	0.3125			0.3374561123523779	0.19042209560243706			0.5	0.5			0.25	-0.5			3.0	4.0			6.0	4.0			1.0	0.75			2	1	2	1.0	0.19042209560243706	False	True	False	False	False	False	supported_shared_full_matrix_only	5.190422095602437					False	unclassified_shared_neuronal_or_context	exploratory_context	1.018192713248987	shared_positive_both_screens	1.018192713248987			True	True	True	197370	67711	HGNC:29897	MGI:1914961	True	same_symbol
SPG21	SPG21	SPG21	Spg21	51627840	True	False	False	False	True	True	False	False	0.9460304822565969	0.6637414095135427			0.125	0.3125			0.2823571656559208	0.1903165333202269			0.5	0.5			0.25	-0.5			3.0	4.0			6.0	4.0			1.0	0.75			2	1	2	1.0	0.1903165333202269	False	True	False	False	False	False	supported_shared_full_matrix_only	5.190316533320227					False	unclassified_shared_neuronal_or_context	exploratory_context	1.042887433956981	shared_positive_both_screens	1.042887433956981			True	True	True	51324	27965	HGNC:20373	MGI:106403	True	same_symbol
RPA3	RPA3	RPA3	Rpa3	51622192	True	False	False	False	True	True	False	False	0.9460304822565969	0.6637414095135427			0.125	0.3125			0.2317267794446217	0.19024650437821822			0.5	0.5			0.5	-0.5			3.0	4.0			6.0	4.0			1.0	0.75			2	1	2	1.0	0.19024650437821822	False	True	False	False	False	False	supported_shared_full_matrix_only	5.190246504378218					False	unclassified_shared_neuronal_or_context	exploratory_context	1.036127631221775	shared_positive_both_screens	1.036127631221775			True	True	True	6119	68240	HGNC:10291	MGI:1915490	True	same_symbol
ALG2	ALG2	ALG2	Alg2	51622465	True	False	False	False	True	True	False	False	0.9460304822565969	0.6637414095135427			0.125	0.3125			0.19014336787142688	0.3761571664515413			0.5	0.5			0.25	-0.5			3.0	4.0			6.0	4.0			1.0	0.75			2	1	2	1.0	0.19014336787142688	False	True	False	False	False	False	supported_shared_full_matrix_only	5.190143367871427					False	unclassified_shared_neuronal_or_context	exploratory_context	1.0234609172800968	shared_positive_both_screens	1.0234609172800968			True	True	True	85365	56737	HGNC:23159	MGI:1914731	True	same_symbol
ELP4	ELP4	ELP4	Elp4	51620692	True	False	False	False	True	True	False	False	0.9460304822565969	0.6637414095135427			0.125	0.3125			0.353726362625139	0.1894449269069329			0.5	0.5			0.5	-0.5			3.0	4.0			6.0	4.0			1.0	0.75			2	1	2	1.0	0.1894449269069329	False	True	False	False	False	False	supported_shared_full_matrix_only	5.1894449269069325					False	unclassified_shared_neuronal_or_context	exploratory_context	1.1047392136202308	shared_positive_both_screens	1.1047392136202308			True	True	True	26610	77766	HGNC:1171	MGI:1925016	True	same_symbol
TECPR1	TECPR1	TECPR1	Tecpr1	51624642	True	False	False	False	True	True	False	False	0.9460304822565969	0.6637414095135427			0.125	0.3125			0.1893448451443409	0.42725068750904616			0.5	0.5			0.25	-0.5			3.0	4.0			6.0	4.0			1.0	0.75			2	1	2	1.0	0.1893448451443409	False	True	False	False	False	False	supported_shared_full_matrix_only	5.1893448451443405					False	unclassified_shared_neuronal_or_context	exploratory_context	1.0582599624190092	shared_positive_both_screens	1.0582599624190092			True	True	True	25851	70381	HGNC:22214	MGI:1917631	True	same_symbol
PAFAH1B3	PAFAH1B3	PAFAH1B3	Pafah1b3	51629560	True	False	False	False	True	True	False	False	0.9460304822565969	0.6637414095135427			0.125	0.3125			0.7205553782317268	0.18905164061509067			0.5	0.5			0.5	-0.5			3.0	4.0			6.0	4.0			1.0	0.75			2	1	2	1.0	0.18905164061509067	False	True	False	False	False	False	supported_shared_full_matrix_only	5.189051640615091					False	unclassified_shared_neuronal_or_context	exploratory_context	1.027296860147229	shared_positive_both_screens	1.027296860147229			True	True	True	5050	18476	HGNC:8576	MGI:108414	True	same_symbol
TSSC4	TSSC4	TSSC4	Tssc4	51628897	True	False	False	False	True	True	False	False	0.9460304822565969	0.6637414095135427			0.125	0.3125			0.1888764762208745	0.2711898516328711			0.5	0.5			0.5	-0.5			3.0	4.0			6.0	4.0			1.0	0.75			2	1	2	1.0	0.1888764762208745	False	True	False	False	False	False	supported_shared_full_matrix_only	5.188876476220875					False	unclassified_shared_neuronal_or_context	exploratory_context	1.022537592860121	shared_positive_both_screens	1.022537592860121			True	True	True	10078	56844	HGNC:12386	MGI:1861712	True	same_symbol
MED19	MED19	MED19	Med19	51622945	True	False	False	False	True	True	False	False	0.9460304822565969	0.6637414095135427			0.125	0.3125			0.262448132780083	0.1887649893031251			0.5	0.5			0.25	-0.5			3.0	4.0			6.0	4.0			1.0	0.75			2	1	2	1.0	0.1887649893031251	False	True	False	False	False	False	supported_shared_full_matrix_only	5.188764989303125					False	unclassified_shared_neuronal_or_context	exploratory_context	1.0249480498426755	shared_positive_both_screens	1.0249480498426755			True	True	True	219541	381379	HGNC:29600	MGI:1914234	True	same_symbol
DDX27	DDX27	DDX27	Ddx27	51617334	True	False	False	False	True	True	False	False	0.9460304822565969	0.6637414095135427			0.125	0.3125			0.1885971911905521	0.3117129830655666			0.5	0.5			0.25	-0.5			3.0	4.0			6.0	4.0			1.0	0.75			2	1	2	1.0	0.1885971911905521	False	True	False	False	False	False	supported_shared_full_matrix_only	5.188597191190552					False	rna_processing_neuronal_state	supporting_context_not_core_executor	1.0311542575645916	shared_positive_both_screens	1.0311542575645916			True	True	True	55661	228889	HGNC:15837	MGI:2385884	True	same_symbol
NUMBL	NUMBL	NUMBL	Numbl	51628732	True	False	False	False	True	True	False	False	0.9460304822565969	0.6637414095135427			0.125	0.3125			0.18848915931743265	0.34876610218555504			0.5	0.5			0.5	-0.5			3.0	4.0			6.0	4.0			1.0	0.75			2	1	2	1.0	0.18848915931743265	False	True	False	False	False	False	supported_shared_full_matrix_only	5.188489159317433					False	unclassified_shared_neuronal_or_context	exploratory_context	1.080119429358415	shared_positive_both_screens	1.080119429358415			True	True	True	9253	18223	HGNC:8061	MGI:894702	True	same_symbol
ARL6IP4	ARL6IP4	ARL6IP4	Arl6ip4	51628562	True	False	False	False	True	True	False	False	0.9460304822565969	0.6637414095135427			0.125	0.3125			0.4512448132780083	0.1882749412658468			0.5	0.5			0.25	-0.5			3.0	4.0			6.0	4.0			1.0	0.75			2	1	2	1.0	0.1882749412658468	False	True	False	False	False	False	supported_shared_full_matrix_only	5.188274941265846					False	unclassified_shared_neuronal_or_context	exploratory_context	1.0451780268209023	shared_positive_both_screens	1.0451780268209023			True	True	True	51329	65105	HGNC:18076	MGI:1929500	True	same_symbol
METTL5	METTL5	METTL5	Mettl5	51622301	True	False	False	False	True	True	False	False	0.9460304822565969	0.6637414095135427			0.125	0.3125			0.250319182891797	0.1864235055724417			0.5	0.5			0.25	-0.5			3.0	4.0			6.0	4.0			1.0	0.75			2	1	2	1.0	0.1864235055724417	False	True	False	False	False	False	supported_shared_full_matrix_only	5.186423505572442					False	unclassified_shared_neuronal_or_context	exploratory_context	1.0327820717408582	shared_positive_both_screens	1.0327820717408582			True	True	True	29081	75422	HGNC:25006	MGI:1922672	True	same_symbol
CTBP1	CTBP1	CTBP1	Ctbp1	51618010	True	False	False	False	True	True	False	False	0.9460304822565969	0.6637414095135427			0.125	0.3125			0.1864028088094478	0.43661358465502564			0.5	0.5			0.25	-0.5			3.0	4.0			6.0	4.0			1.0	0.75			2	1	2	1.0	0.1864028088094478	False	True	False	False	False	False	supported_shared_full_matrix_only	5.186402808809448					False	unclassified_shared_neuronal_or_context	exploratory_context	1.0656336849377968	shared_positive_both_screens	1.0656336849377968			True	True	True	1487	13016	HGNC:2494	MGI:1201685	True	same_symbol
RPAIN	RPAIN	RPAIN	Rpain	51628904	True	False	False	False	True	True	False	False	0.9460304822565969	0.6637414095135427			0.125	0.3125			0.3129403040415276	0.1862638964067119			0.5	0.5			0.5	-0.5			3.0	4.0			6.0	4.0			1.0	0.75			2	1	2	1.0	0.1862638964067119	False	True	False	False	False	False	supported_shared_full_matrix_only	5.186263896406712					False	unclassified_shared_neuronal_or_context	exploratory_context	1.0615784312320158	shared_positive_both_screens	1.0615784312320158			True	True	True	84268	69723	HGNC:28641	MGI:1916973	True	same_symbol
COMMD9	COMMD9	COMMD9	Commd9	51622419	True	False	False	False	True	True	False	False	0.9460304822565969	0.6637414095135427			0.125	0.3125			0.1975742100223428	0.18519668535464234			0.5	0.5			0.25	-0.5			3.0	4.0			6.0	4.0			1.0	0.75			2	1	2	1.0	0.18519668535464234	False	True	False	False	False	False	supported_shared_full_matrix_only	5.185196685354643					False	unclassified_shared_neuronal_or_context	exploratory_context	1.028738326530909	shared_positive_both_screens	1.028738326530909			True	True	True	29099	76501	HGNC:25014	MGI:1923751	True	same_symbol
UBXN7	UBXN7	UBXN7	Ubxn7	51622695	True	False	False	False	True	True	False	False	0.9460304822565969	0.6637414095135427			0.125	0.3125			0.1961438635520949	0.1851917391847441			0.5	0.5			0.25	-0.5			3.0	4.0			6.0	4.0			1.0	0.75			2	1	2	1.0	0.1851917391847441	False	True	False	False	False	False	supported_shared_full_matrix_only	5.185191739184744					False	unclassified_shared_neuronal_or_context	exploratory_context	1.0499142365463174	shared_positive_both_screens	1.0499142365463174			True	True	True	26043	224111	HGNC:29119	MGI:2146388	True	same_symbol
HAT1	HAT1	HAT1	Hat1	51630258	True	False	False	False	True	True	False	False	0.9460304822565969	0.6637414095135427			0.125	0.3125			0.1952202361953399	0.18512928342424112			0.5	0.5			0.25	-0.5			3.0	4.0			6.0	4.0			1.0	0.75			2	1	2	1.0	0.18512928342424112	False	True	False	False	False	False	supported_shared_full_matrix_only	5.185129283424241					False	unclassified_shared_neuronal_or_context	exploratory_context	1.032715179307738	shared_positive_both_screens	1.032715179307738			True	True	True	8520	107435	HGNC:4821	MGI:96013	True	same_symbol
MRPS2	MRPS2	MRPS2	Mrps2	51629114	True	False	False	False	True	True	False	False	0.9460304822565969	0.6637414095135427			0.125	0.3125			0.1952601340568145	0.1848274139151434			0.5	0.5			0.25	-0.5			3.0	4.0			6.0	4.0			1.0	0.75			2	1	2	1.0	0.1848274139151434	False	True	False	False	False	False	supported_shared_full_matrix_only	5.184827413915143					False	unclassified_shared_neuronal_or_context	exploratory_context	1.0181593614977946	shared_positive_both_screens	1.0181593614977946			True	True	True	51116	118451	HGNC:14495	MGI:2153089	True	same_symbol
ACTL6A	ACTL6A	ACTL6A	Actl6a	51616409	True	False	False	False	True	True	False	False	0.9460304822565969	0.6637414095135427			0.125	0.3125			0.3134774976061283	0.18456371181524195			0.5	0.5			0.5	-0.5			3.0	4.0			6.0	4.0			1.0	0.75			2	1	2	1.0	0.18456371181524195	False	True	False	False	False	False	supported_shared_full_matrix_only	5.184563711815242					False	cytoskeleton_morphogenesis	mechanism_followup_candidate	1.509836839581823	shared_positive_both_screens	1.509836839581823			True	True	True	86	56456	HGNC:24124	MGI:1861453	True	same_symbol
CCNG1	CCNG1	CCNG1	Ccng1	51616901	True	False	False	False	True	True	False	False	0.9460304822565969	0.6637414095135427			0.125	0.3125			0.1842788283277716	0.2557910369044149			0.5	0.5			0.25	-0.5			3.0	4.0			6.0	4.0			1.0	0.75			2	1	2	1.0	0.1842788283277716	False	True	False	False	False	False	supported_shared_full_matrix_only	5.184278828327772					False	unclassified_shared_neuronal_or_context	exploratory_context	1.0248970235695665	shared_positive_both_screens	1.0248970235695665			True	True	True	900	12450	HGNC:1592	MGI:102890	True	same_symbol
CCDC25	CCDC25	CCDC25	Ccdc25	51629734	True	False	False	False	True	True	False	False	0.9460304822565969	0.6637414095135427			0.125	0.3125			0.1838094478135972	0.390136847510791			0.5	0.5			0.25	-0.5			3.0	4.0			6.0	4.0			1.0	0.75			2	1	2	1.0	0.1838094478135972	False	True	False	False	False	False	supported_shared_full_matrix_only	5.183809447813597					False	unclassified_shared_neuronal_or_context	exploratory_context	1.043439959412087	shared_positive_both_screens	1.043439959412087			True	True	True	55246	67179	HGNC:25591	MGI:1914429	True	same_symbol
CNOT8	CNOT8	CNOT8	Cnot8	51627913	True	False	False	False	True	True	False	False	0.9460304822565969	0.6637414095135427			0.125	0.3125			0.1835301627832748	0.23337635841279095			0.5	0.5			0.25	-0.5			3.0	4.0			6.0	4.0			1.0	0.75			2	1	2	1.0	0.1835301627832748	False	True	False	False	False	False	supported_shared_full_matrix_only	5.183530162783275					False	unclassified_shared_neuronal_or_context	exploratory_context	1.032309386957314	shared_positive_both_screens	1.032309386957314			True	True	True	9337	69125	HGNC:9207	MGI:1916375	True	same_symbol
DGCR8	DGCR8	DGCR8	Dgcr8	51624299	True	False	False	False	True	True	False	False	0.9460304822565969	0.6637414095135427			0.125	0.3125			0.182424916573971	0.30377044434795186			0.5	0.5			0.25	-0.5			3.0	4.0			6.0	4.0			1.0	0.75			2	1	2	1.0	0.182424916573971	False	True	False	False	False	False	supported_shared_full_matrix_only	5.182424916573971					False	unclassified_shared_neuronal_or_context	exploratory_context	1.0509611357052715	shared_positive_both_screens	1.0509611357052715			True	True	True	54487	94223	HGNC:2847	MGI:2151114	True	same_symbol
HOMER2	HOMER2	HOMER2	Homer2	51628561	True	False	False	False	True	True	False	False	0.9460304822565969	0.6637414095135427			0.125	0.3125			0.44720782319864044	0.18159284990591978			0.5	0.5			0.5	-0.5			3.0	4.0			6.0	4.0			1.0	0.75			2	1	2	1.0	0.18159284990591978	False	True	False	False	False	False	supported_shared_full_matrix_only	5.18159284990592					False	synaptic_wiring	mechanism_followup_candidate	1.5414310814603456	shared_positive_both_screens	1.5414310814603456			True	True	True	9455	26557	HGNC:17513	MGI:1347354	True	same_symbol
RNF114	RNF114	RNF114	Rnf114	51628210	True	False	False	False	True	True	False	False	0.9460304822565969	0.6637414095135427			0.125	0.3125			0.1811362910947973	0.23759212224674187			0.5	0.5			0.25	-0.5			3.0	4.0			6.0	4.0			1.0	0.75			2	1	2	1.0	0.1811362910947973	False	True	False	False	False	False	supported_shared_full_matrix_only	5.181136291094798					False	unclassified_shared_neuronal_or_context	exploratory_context	1.0469833591276918	shared_positive_both_screens	1.0469833591276918			True	True	True	55905	81018	HGNC:13094	MGI:1933159	True	same_symbol
ATG5	ATG5	ATG5	Atg5	51616189	True	False	False	False	True	True	False	False	0.9460304822565969	0.6637414095135427			0.125	0.3125			0.18055827807371383	0.20049494932723416			0.5	0.5			0.25	-0.5			3.0	4.0			6.0	4.0			1.0	0.75			2	1	2	1.0	0.18055827807371383	False	True	False	False	False	False	supported_shared_full_matrix_only	5.180558278073714					False	unclassified_shared_neuronal_or_context	exploratory_context	1.057163960970686	shared_positive_both_screens	1.057163960970686			True	True	True	9474	11793	HGNC:589	MGI:1277186	True	same_symbol
SPRED2	SPRED2	SPRED2	Spred2	51619862	True	False	False	False	True	True	False	False	0.9460304822565969	0.6637414095135427			0.125	0.3125			0.1803584764749813	0.2650726568680518			0.5	0.5			0.5	-0.5			3.0	4.0			6.0	4.0			1.0	0.75			2	1	2	1.0	0.1803584764749813	False	True	False	False	False	False	supported_shared_full_matrix_only	5.180358476474981					False	unclassified_shared_neuronal_or_context	exploratory_context	1.0481211784354534	shared_positive_both_screens	1.0481211784354534			True	True	True	200734	114716	HGNC:17722	MGI:2150019	True	same_symbol
SDHD	SDHD	SDHD	Sdhd	51624358	True	False	False	False	True	True	False	False	0.9460304822565969	0.6637414095135427			0.125	0.3125			0.1800590488349824	0.5060719177436441			0.5	0.5			0.25	-0.5			3.0	4.0			6.0	4.0			1.0	0.75			2	1	2	1.0	0.1800590488349824	False	True	False	False	False	False	supported_shared_full_matrix_only	5.180059048834982					False	unclassified_shared_neuronal_or_context	exploratory_context	1.0002520094081344	shared_positive_both_screens	1.0002520094081344			True	True	True	6392	66925	HGNC:10683	MGI:1914175	True	same_symbol
GTF2E2	GTF2E2	GTF2E2	Gtf2e2	51627384	True	False	False	False	True	True	False	False	0.9460304822565969	0.6637414095135427			0.125	0.3125			0.18444419508134408	0.17970687997151205			0.5	0.5			0.25	-0.5			3.0	4.0			6.0	4.0			1.0	0.75			2	1	2	1.0	0.17970687997151205	False	True	False	False	False	False	supported_shared_full_matrix_only	5.179706879971512					False	unclassified_shared_neuronal_or_context	exploratory_context	1.0767206153472073	shared_positive_both_screens	1.0767206153472073			True	True	True	2961	68153	HGNC:4651	MGI:1915403	True	same_symbol
YPEL1	YPEL1	YPEL1	Ypel1	51628178	True	False	False	False	True	True	False	False	0.9460304822565969	0.6637414095135427			0.125	0.3125			0.25917573392372917	0.1795183648563666			0.5	0.5			0.5	-0.5			3.0	4.0			6.0	4.0			1.0	0.75			2	1	2	1.0	0.1795183648563666	False	True	False	False	False	False	supported_shared_full_matrix_only	5.179518364856366					False	unclassified_shared_neuronal_or_context	exploratory_context	1.063105713371456	shared_positive_both_screens	1.063105713371456			True	True	True	29799	106369	HGNC:12845	MGI:1913303	True	same_symbol
ANKRD13A	ANKRD13A	ANKRD13A	Ankrd13a	51616148	True	False	False	False	True	True	False	False	0.9460304822565969	0.6637414095135427			0.125	0.3125			0.3110863922877271	0.17919251641198597			0.5	0.5			0.25	-0.5			3.0	4.0			6.0	4.0			1.0	0.75			2	1	2	1.0	0.17919251641198597	False	True	False	False	False	False	supported_shared_full_matrix_only	5.179192516411986					False	unclassified_shared_neuronal_or_context	exploratory_context	1.0507401523414677	shared_positive_both_screens	1.0507401523414677			True	True	True	88455	68420	HGNC:21268	MGI:1915670	True	same_symbol
IRS1	IRS1	IRS1	Irs1	51619648	True	False	False	False	True	True	False	False	0.9460304822565969	0.6637414095135427			0.125	0.3125			0.1796349663784822	0.17901152900860787			0.5	0.5			0.25	-0.5			3.0	4.0			6.0	4.0			1.0	0.75			2	1	2	1.0	0.17901152900860787	False	True	False	False	False	False	supported_shared_full_matrix_only	5.179011529008608					False	unclassified_shared_neuronal_or_context	exploratory_context	1.037009093593575	shared_positive_both_screens	1.037009093593575			True	True	True	3667	16367	HGNC:6125	MGI:99454	True	same_symbol
FUNDC1	FUNDC1	FUNDC1	Fundc1	51630249	True	False	False	False	True	True	False	False	0.9460304822565969	0.6637414095135427			0.125	0.3125			0.1789419087136929	0.19465401485455536			0.5	0.5			0.5	-0.5			3.0	4.0			6.0	4.0			1.0	0.75			2	1	2	1.0	0.1789419087136929	False	True	False	False	False	False	supported_shared_full_matrix_only	5.178941908713693					False	unclassified_shared_neuronal_or_context	exploratory_context	1.015404511189548	shared_positive_both_screens	1.015404511189548			True	True	True	139341	72018	HGNC:28746	MGI:1919268	True	same_symbol
MED17	MED17	MED17	Med17	51617963	True	False	False	False	True	True	False	False	0.9460304822565969	0.6637414095135427			0.125	0.3125			0.17871709306637	0.20661456071790416			0.5	0.5			0.25	-0.5			3.0	4.0			6.0	4.0			1.0	0.75			2	1	2	1.0	0.17871709306637	False	True	False	False	False	False	supported_shared_full_matrix_only	5.17871709306637					False	unclassified_shared_neuronal_or_context	exploratory_context	1.0038121036635177	shared_positive_both_screens	1.0038121036635177			True	True	True	9440	234959	HGNC:2375	MGI:2182585	True	same_symbol
NAA16	NAA16	NAA16	Naa16	51634253	True	False	False	False	True	True	False	False	0.9460304822565969	0.6637414095135427			0.125	0.3125			0.2061549870226177	0.17853524388478795			0.5	0.5			0.5	-0.5			3.0	4.0			6.0	4.0			1.0	0.75			2	1	2	1.0	0.17853524388478795	False	True	False	False	False	False	supported_shared_full_matrix_only	5.178535243884788					False	unclassified_shared_neuronal_or_context	exploratory_context	1.055428355126146	shared_positive_both_screens	1.055428355126146			True	True	True	79612	66897	HGNC:26164	MGI:1914147	True	same_symbol
SMC2	SMC2	SMC2	Smc2	51619852	True	False	False	False	True	True	False	False	0.9460304822565969	0.6637414095135427			0.125	0.3125			0.2124162144909032	0.17828086182098174			0.5	0.5			0.25	-0.5			3.0	4.0			6.0	4.0			1.0	0.75			2	1	2	1.0	0.17828086182098174	False	True	False	False	False	False	supported_shared_full_matrix_only	5.178280861820982					False	unclassified_shared_neuronal_or_context	exploratory_context	1.0207383905631977	shared_positive_both_screens	1.0207383905631977			True	True	True	10592	14211	HGNC:14011	MGI:106067	True	same_symbol
CBY1	CBY1	CBY1	Cby1	51620528	True	False	False	False	True	True	False	False	0.9460304822565969	0.6637414095135427			0.125	0.3125			0.1779843600383019	0.4183880428278903			0.5	0.5			0.25	-0.5			3.0	4.0			6.0	4.0			1.0	0.75			2	1	2	1.0	0.1779843600383019	False	True	False	False	False	False	supported_shared_full_matrix_only	5.177984360038302					False	unclassified_shared_neuronal_or_context	exploratory_context	1.0418416424048311	shared_positive_both_screens	1.0418416424048311			True	True	True	25776	73739	HGNC:1307	MGI:1920989	True	same_symbol
UBE2G2	UBE2G2	UBE2G2	Ube2g2	51628103	True	False	False	False	True	True	False	False	0.9460304822565969	0.6637414095135427			0.125	0.3125			0.1778247685924034	0.2872383701430917			0.5	0.5			0.25	-0.5			3.0	4.0			6.0	4.0			1.0	0.75			2	1	2	1.0	0.1778247685924034	False	True	False	False	False	False	supported_shared_full_matrix_only	5.177824768592403					False	unclassified_shared_neuronal_or_context	exploratory_context	1.07142525813529	shared_positive_both_screens	1.07142525813529			True	True	True	7327	22213	HGNC:12483	MGI:1343188	True	same_symbol
TOPORS	TOPORS	TOPORS	Topors	51624718	True	False	False	False	True	True	False	False	0.9460304822565969	0.6637414095135427			0.125	0.3125			0.1977338014682413	0.17691589359940174			0.5	0.5			0.25	-0.5			3.0	4.0			6.0	4.0			1.0	0.75			2	1	2	1.0	0.17691589359940174	False	True	False	False	False	False	supported_shared_full_matrix_only	5.176915893599402					False	unclassified_shared_neuronal_or_context	exploratory_context	1.028991173710405	shared_positive_both_screens	1.028991173710405			True	True	True	10210	106021	HGNC:21653	MGI:2146189	True	same_symbol
ALKBH5	ALKBH5	ALKBH5	Alkbh5	51629035	True	False	False	False	True	True	False	False	0.9460304822565969	0.6637414095135427			0.125	0.3125			0.1765081391637408	0.4082177901764028			0.5	0.5			0.5	-0.5			3.0	4.0			6.0	4.0			1.0	0.75			2	1	2	1.0	0.1765081391637408	False	True	False	False	False	False	supported_shared_full_matrix_only	5.176508139163741					False	unclassified_shared_neuronal_or_context	exploratory_context	1.066011085081604	shared_positive_both_screens	1.066011085081604			True	True	True	54890	268420	HGNC:25996	MGI:2144489	True	same_symbol
UBE2J1	UBE2J1	UBE2J1	Ube2j1	51629631	True	False	False	False	True	True	False	False	0.9460304822565969	0.6637414095135427			0.125	0.3125			0.1763884455793169	0.20598385128917354			0.5	0.5			0.25	-0.5			3.0	4.0			6.0	4.0			1.0	0.75			2	1	2	1.0	0.1763884455793169	False	True	False	False	False	False	supported_shared_full_matrix_only	5.176388445579317					False	unclassified_shared_neuronal_or_context	exploratory_context	1.0582696161903198	shared_positive_both_screens	1.0582696161903198			True	True	True	51465	56228	HGNC:17598	MGI:1926245	True	same_symbol
ZNF410	ZNF410	ZNF410	Zfp410	51629949	True	False	False	False	True	True	False	False	0.9460304822565969	0.6637414095135427			0.125	0.3125			0.17601586575334038	0.22132239663571635			0.5	0.5			0.25	-0.5			3.0	4.0			6.0	4.0			1.0	0.75			2	1	2	1.0	0.17601586575334038	False	True	False	False	False	False	supported_shared_full_matrix_only	5.176015865753341					False	unclassified_shared_neuronal_or_context	not_prioritized	0.5002183891822065	screen_specific_or_low_priority	0.5002183891822065			True	False	False	57862	52708	HGNC:20144	MGI:1289280	False	nonidentical_symbol
VANGL2	VANGL2	VANGL2	Vangl2	51626847	True	False	False	False	True	True	False	False	0.9460304822565969	0.6637414095135427			0.125	0.3125			0.22833078349129676	0.17571073920778366			0.5	0.5			0.5	-0.5			3.0	4.0			6.0	4.0			1.0	0.75			2	1	2	1.0	0.17571073920778366	False	True	False	False	False	False	supported_shared_full_matrix_only	5.1757107392077835					False	unclassified_shared_neuronal_or_context	exploratory_context	1.0123511829536584	shared_positive_both_screens	1.0123511829536584			True	True	True	57216	93840	HGNC:15511	MGI:2135272	True	same_symbol
GDAP1L1	GDAP1L1	GDAP1L1	Gdap1l1	51631060	True	False	False	False	True	True	False	False	0.9460304822565969	0.6637414095135427			0.125	0.3125			0.2948850941589531	0.17447322669533585			0.5	0.5			0.25	-0.5			3.0	4.0			6.0	4.0			1.0	0.75			2	1	2	1.0	0.17447322669533585	False	True	False	False	False	False	supported_shared_full_matrix_only	5.174473226695336					False	unclassified_shared_neuronal_or_context	exploratory_context	1.045534063183584	shared_positive_both_screens	1.045534063183584			True	True	True	78997	228858	HGNC:4213	MGI:2385163	True	same_symbol
PHF12	PHF12	PHF12	Phf12	51620274	True	False	False	False	True	True	False	False	0.9460304822565969	0.6637414095135427			0.125	0.3125			0.212471994025392	0.17439036238220146			0.5	0.5			0.25	-0.5			3.0	4.0			6.0	4.0			1.0	0.75			2	1	2	1.0	0.17439036238220146	False	True	False	False	False	False	supported_shared_full_matrix_only	5.174390362382201					False	unclassified_shared_neuronal_or_context	exploratory_context	1.0461736002395692	shared_positive_both_screens	1.0461736002395692			True	True	True	57649	268448	HGNC:20816	MGI:1924057	True	same_symbol
MRPL24	MRPL24	MRPL24	Mrpl24	51630268	True	False	False	False	True	True	False	False	0.9460304822565969	0.6637414095135427			0.125	0.3125			0.1739147781678902	0.4685916919959473			0.5	0.5			0.25	-0.5			3.0	4.0			6.0	4.0			1.0	0.75			2	1	2	1.0	0.1739147781678902	False	True	False	False	False	False	supported_shared_full_matrix_only	5.17391477816789					False	unclassified_shared_neuronal_or_context	exploratory_context	1.0170982305760463	shared_positive_both_screens	1.0170982305760463			True	True	True	79590	67707	HGNC:14037	MGI:1914957	True	same_symbol
MBD6	MBD6	MBD6	Mbd6	51630679	True	False	False	False	True	True	False	False	0.9460304822565969	0.6637414095135427			0.125	0.3125			0.17390458715682475	0.19619436232668525			0.5	0.5			0.5	-0.5			3.0	4.0			6.0	4.0			1.0	0.75			2	1	2	1.0	0.17390458715682475	False	True	False	False	False	False	supported_shared_full_matrix_only	5.173904587156825					False	unclassified_shared_neuronal_or_context	exploratory_context	1.0145125318048531	shared_positive_both_screens	1.0145125318048531			True	True	True	114785	110962	HGNC:20445	MGI:106378	True	same_symbol
RCOR3	RCOR3	RCOR3	Rcor3	51625367	True	False	False	False	True	True	False	False	0.9460304822565969	0.6637414095135427			0.125	0.3125			0.1738969225064887	0.3004052684903748			0.5	0.5			0.25	-0.5			3.0	4.0			6.0	4.0			1.0	0.75			2	1	2	1.0	0.1738969225064887	False	True	False	False	False	False	supported_shared_full_matrix_only	5.173896922506489					False	unclassified_shared_neuronal_or_context	exploratory_context	1.05415786459285	shared_positive_both_screens	1.05415786459285			True	True	True	55758	214742	HGNC:25594	MGI:2441920	True	same_symbol
ACD	ACD	ACD	Acd	51631705	True	False	False	False	True	True	False	False	0.9460304822565969	0.6637414095135427			0.125	0.3125			0.1736354931375678	0.30333027994059764			0.5	0.5			0.25	-0.5			3.0	4.0			6.0	4.0			1.0	0.75			2	1	2	1.0	0.1736354931375678	False	True	False	False	False	False	supported_shared_full_matrix_only	5.173635493137568					False	unclassified_shared_neuronal_or_context	exploratory_context	1.0159770524344822	shared_positive_both_screens	1.0159770524344822			True	True	True	65057	497652	HGNC:25070	MGI:87873	True	same_symbol
MRPS28	MRPS28	MRPS28	Mrps28	51628855	True	False	False	False	True	True	False	False	0.9460304822565969	0.6637414095135427			0.125	0.3125			0.1735556974146185	0.2457117448007871			0.5	0.5			0.25	-0.5			3.0	4.0			6.0	4.0			1.0	0.75			2	1	2	1.0	0.1735556974146185	False	True	False	False	False	False	supported_shared_full_matrix_only	5.173555697414619					False	unclassified_shared_neuronal_or_context	exploratory_context	1.004331626656294	shared_positive_both_screens	1.004331626656294			True	True	True	28957	66230	HGNC:14513	MGI:1913480	True	same_symbol
NCK1	NCK1	NCK1	Nck1	51623366	True	False	False	False	True	True	False	False	0.9460304822565969	0.6637414095135427			0.125	0.3125			0.2412247946228528	0.17333555398259565			0.5	0.5			0.5	-0.5			3.0	4.0			6.0	4.0			1.0	0.75			2	1	2	1.0	0.17333555398259565	False	True	False	False	False	False	supported_shared_full_matrix_only	5.173335553982596					False	unclassified_shared_neuronal_or_context	exploratory_context	1.0519456070567752	shared_positive_both_screens	1.0519456070567752			True	True	True	4690	17973	HGNC:7664	MGI:109601	True	same_symbol
ITFG2	ITFG2	ITFG2	Itfg2	51622340	True	False	False	False	True	True	False	False	0.9460304822565969	0.6637414095135427			0.125	0.3125			0.17302272602958718	0.2036836011000144			0.5	0.5			0.25	-0.5			3.0	4.0			6.0	4.0			1.0	0.75			2	1	2	1.0	0.17302272602958718	False	True	False	False	False	False	supported_shared_full_matrix_only	5.173022726029587					False	unclassified_shared_neuronal_or_context	exploratory_context	1.051780478277328	shared_positive_both_screens	1.051780478277328			True	True	True	55846	101142	HGNC:30879	MGI:1915450	True	same_symbol
CCNDBP1	CCNDBP1	CCNDBP1	Ccndbp1	51621394	True	False	False	False	True	True	False	False	0.9460304822565969	0.6637414095135427			0.125	0.3125			0.1729971273539738	0.31939875921222466			0.5	0.5			0.25	-0.5			3.0	4.0			6.0	4.0			1.0	0.75			2	1	2	1.0	0.1729971273539738	False	True	False	False	False	False	supported_shared_full_matrix_only	5.172997127353974					False	unclassified_shared_neuronal_or_context	exploratory_context	1.0317346481894556	shared_positive_both_screens	1.0317346481894556			True	True	True	23582	17151	HGNC:1587	MGI:109595	True	same_symbol
DPM2	DPM2	DPM2	Dpm2	51627467	True	False	False	False	True	True	False	False	0.9460304822565969	0.6637414095135427			0.125	0.3125			0.1727178423236514	0.32925251909523284			0.5	0.5			0.25	-0.5			3.0	4.0			6.0	4.0			1.0	0.75			2	1	2	1.0	0.1727178423236514	False	True	False	False	False	False	supported_shared_full_matrix_only	5.172717842323651					False	unclassified_shared_neuronal_or_context	exploratory_context	1.0382658042694923	shared_positive_both_screens	1.0382658042694923			True	True	True	8818	13481	HGNC:3006	MGI:1330238	True	same_symbol
MPHOSPH6	MPHOSPH6	MPHOSPH6	Mphosph6	51628179	True	False	False	False	True	True	False	False	0.9460304822565969	0.6637414095135427			0.125	0.3125			0.2280162783274816	0.1726915991485363			0.5	0.5			0.25	-0.5			3.0	4.0			6.0	4.0			1.0	0.75			2	1	2	1.0	0.1726915991485363	False	True	False	False	False	False	supported_shared_full_matrix_only	5.1726915991485365					False	unclassified_shared_neuronal_or_context	exploratory_context	1.061132143537507	shared_positive_both_screens	1.061132143537507			True	True	True	10200	68533	HGNC:7214	MGI:1915783	True	same_symbol
SS18	SS18	SS18	Ss18	51627892	True	False	False	False	True	True	False	False	0.9460304822565969	0.6637414095135427			0.125	0.3125			0.17261648067335544	0.24328600574592996			0.5	0.5			0.5	-0.5			3.0	4.0			6.0	4.0			1.0	0.75			2	1	2	1.0	0.17261648067335544	False	True	False	False	False	False	supported_shared_full_matrix_only	5.172616480673355					False	unclassified_shared_neuronal_or_context	exploratory_context	1.0671577095185811	shared_positive_both_screens	1.0671577095185811			True	True	True	6760	268996	HGNC:11340	MGI:107708	True	same_symbol
SLC25A39	SLC25A39	SLC25A39	Slc25a39	51629671	True	False	False	False	True	True	False	False	0.9460304822565969	0.6637414095135427			0.125	0.3125			0.2622885413341845	0.17145147187408916			0.5	0.5			0.5	-0.5			3.0	4.0			6.0	4.0			1.0	0.75			2	1	2	1.0	0.17145147187408916	False	True	False	False	False	False	supported_shared_full_matrix_only	5.171451471874089					False	unclassified_shared_neuronal_or_context	exploratory_context	1.030082117241722	shared_positive_both_screens	1.030082117241722			True	True	True	51629	68066	HGNC:24279	MGI:1196386	True	same_symbol
PMPCA	PMPCA	PMPCA	Pmpca	51627944	True	False	False	False	True	True	False	False	0.9460304822565969	0.6637414095135427			0.125	0.3125			0.1711219278646664	0.33662267005315677			0.5	0.5			0.25	-0.5			3.0	4.0			6.0	4.0			1.0	0.75			2	1	2	1.0	0.1711219278646664	False	True	False	False	False	False	supported_shared_full_matrix_only	5.171121927864666					False	unclassified_shared_neuronal_or_context	exploratory_context	1.0557886771532543	shared_positive_both_screens	1.0557886771532543			True	True	True	23203	66865	HGNC:18667	MGI:1918568	True	same_symbol
HES6	HES6	HES6	Hes6	51621630	True	False	False	False	True	True	False	False	0.9460304822565969	0.6637414095135427			0.125	0.3125			0.5811123523779126	0.17056793744283325			0.5	0.5			0.5	-0.5			3.0	4.0			6.0	4.0			1.0	0.75			2	1	2	1.0	0.17056793744283325	False	True	False	False	False	False	supported_shared_full_matrix_only	5.170567937442833					False	unclassified_shared_neuronal_or_context	exploratory_context	1.0045496418670763	shared_positive_both_screens	1.0045496418670763			True	True	True	55502	55927	HGNC:18254	MGI:1859852	True	same_symbol
COQ7	COQ7	COQ7	Coq7	51622735	True	False	False	False	True	True	False	False	0.9460304822565969	0.6637414095135427			0.125	0.3125			0.1702441749122247	0.3857406559242758			0.5	0.5			0.25	-0.5			3.0	4.0			6.0	4.0			1.0	0.75			2	1	2	1.0	0.1702441749122247	False	True	False	False	False	False	supported_shared_full_matrix_only	5.1702441749122245					False	unclassified_shared_neuronal_or_context	exploratory_context	1.0263943409394995	shared_positive_both_screens	1.0263943409394995			True	True	True	10229	12850	HGNC:2244	MGI:107207	True	same_symbol
ASF1A	ASF1A	ASF1A	Asf1a	51616288	True	False	False	False	True	True	False	False	0.9460304822565969	0.6637414095135427			0.125	0.3125			0.2366741142674752	0.169599948316212			0.5	0.5			0.5	-0.5			3.0	4.0			6.0	4.0			1.0	0.75			2	1	2	1.0	0.169599948316212	False	True	False	False	False	False	supported_shared_full_matrix_only	5.169599948316212					False	unclassified_shared_neuronal_or_context	exploratory_context	1.0160096752562506	shared_positive_both_screens	1.0160096752562506			True	True	True	25842	66403	HGNC:20995	MGI:1913653	True	same_symbol
CHMP1A	CHMP1A	CHMP1A	Chmp1a	51623763	True	False	False	False	True	True	False	False	0.9460304822565969	0.6637414095135427			0.125	0.3125			0.1694063198212576	0.36657020721433425			0.5	0.5			0.25	-0.5			3.0	4.0			6.0	4.0			1.0	0.75			2	1	2	1.0	0.1694063198212576	False	True	False	False	False	False	supported_shared_full_matrix_only	5.169406319821258					False	unclassified_shared_neuronal_or_context	exploratory_context	1.0518290674818145	shared_positive_both_screens	1.0518290674818145			True	True	True	5119	234852	HGNC:8740	MGI:1920159	True	same_symbol
SNX1	SNX1	SNX1	Snx1	51618126	True	False	False	False	True	True	False	False	0.9460304822565969	0.6637414095135427			0.125	0.3125			0.1692958562504152	0.24624571484087654			0.5	0.5			0.25	-0.5			3.0	4.0			6.0	4.0			1.0	0.75			2	1	2	1.0	0.1692958562504152	False	True	False	False	False	False	supported_shared_full_matrix_only	5.169295856250415					False	unclassified_shared_neuronal_or_context	exploratory_context	1.0589760552234742	shared_positive_both_screens	1.0589760552234742			True	True	True	6642	56440	HGNC:11172	MGI:1928395	True	same_symbol
RAB3IP	RAB3IP	RAB3IP	Rab3ip	51624016	True	False	False	False	True	True	False	False	0.9460304822565969	0.6637414095135427			0.125	0.3125			0.1691584065791793	0.2667340431198997			0.5	0.5			0.25	-0.5			3.0	4.0			6.0	4.0			1.0	0.75			2	1	2	1.0	0.1691584065791793	False	True	False	False	False	False	supported_shared_full_matrix_only	5.16915840657918					False	unclassified_shared_neuronal_or_context	exploratory_context	1.0492919499125242	shared_positive_both_screens	1.0492919499125242			True	True	True	117177	216363	HGNC:16508	MGI:105933	True	same_symbol
RNF38	RNF38	RNF38	Rnf38	51619232	True	False	False	False	True	True	False	False	0.9460304822565969	0.6637414095135427			0.125	0.3125			0.218020022246941	0.16881965552178313			0.5	0.5			0.25	-0.5			3.0	4.0			6.0	4.0			1.0	0.75			2	1	2	1.0	0.16881965552178313	False	True	False	False	False	False	supported_shared_full_matrix_only	5.168819655521784					False	unclassified_shared_neuronal_or_context	exploratory_context	1.0567054527435262	shared_positive_both_screens	1.0567054527435262			True	True	True	152006	73469	HGNC:18052	MGI:1920719	True	same_symbol
TXLNA	TXLNA	TXLNA	Txlna	51620078	True	False	False	False	True	True	False	False	0.9460304822565969	0.6637414095135427			0.125	0.3125			0.16796913239560804	0.24952811203175523			0.5	0.5			0.25	-0.5			3.0	4.0			6.0	4.0			1.0	0.75			2	1	2	1.0	0.16796913239560804	False	True	False	False	False	False	supported_shared_full_matrix_only	5.167969132395608					False	unclassified_shared_neuronal_or_context	exploratory_context	1.0353222377760556	shared_positive_both_screens	1.0353222377760556			True	True	True	200081	109658	HGNC:30685	MGI:105968	True	same_symbol
CBFB	CBFB	CBFB	Cbfb	51627209	True	False	False	False	True	True	False	False	0.9460304822565969	0.6637414095135427			0.125	0.3125			0.1679320409386392	0.19622154261887803			0.5	0.5			2.7755575615628914e-17	-0.5			3.0	4.0			6.0	4.0			1.0	0.75			2	1	2	1.0	0.1679320409386392	False	True	False	False	False	False	supported_shared_full_matrix_only	5.16793204093864					False	unclassified_shared_neuronal_or_context	exploratory_context	0.8772424104906343	shared_positive_both_screens	0.8772424104906343			True	True	True	865	12400	HGNC:1539	MGI:99851	True	same_symbol
TAF6	TAF6	TAF6	Taf6	51627695	True	False	False	False	True	True	False	False	0.9460304822565969	0.6637414095135427			0.125	0.3125			0.1676109160548994	0.30755174410189606			0.5	0.5			0.25	-0.5			3.0	4.0			6.0	4.0			1.0	0.75			2	1	2	1.0	0.1676109160548994	False	True	False	False	False	False	supported_shared_full_matrix_only	5.167610916054899					False	unclassified_shared_neuronal_or_context	exploratory_context	1.0321577369182742	shared_positive_both_screens	1.0321577369182742			True	True	True	6878	21343	HGNC:11540	MGI:109129	True	same_symbol
HMG20A	HMG20A	HMG20A	Hmg20a	51620533	True	False	False	False	True	True	False	False	0.9460304822565969	0.6637414095135427			0.125	0.3125			0.1672890216579537	0.3471985121649942			0.5	0.5			0.5	-0.5			3.0	4.0			6.0	4.0			1.0	0.75			2	1	2	1.0	0.1672890216579537	False	True	False	False	False	False	supported_shared_full_matrix_only	5.167289021657954					False	unclassified_shared_neuronal_or_context	exploratory_context	1.0452266896668985	shared_positive_both_screens	1.0452266896668985			True	True	True	10363	66867	HGNC:5001	MGI:1914117	True	same_symbol
C9ORF85	C9orf85	C9orf85	1110059E24Rik	51630660	True	False	False	False	True	True	False	False	0.9460304822565969	0.6637414095135427			0.125	0.3125			0.1665420503265339	0.29298685206061803			0.5	0.5			0.5	-0.5			3.0	4.0			6.0	4.0			1.0	0.75			2	1	2	1.0	0.1665420503265339	False	True	False	False	False	False	supported_shared_full_matrix_only	5.166542050326534					False	unclassified_shared_neuronal_or_context	not_prioritized	0.5147821576763485	screen_specific_or_low_priority	0.5147821576763485			True	False	False	138241	66206	HGNC:28784	MGI:1913456	False	nonidentical_symbol
DERL2	DERL2	DERL2	Derl2	51628485	True	False	False	False	True	True	False	False	0.9460304822565969	0.6637414095135427			0.125	0.3125			0.1665336737950845	0.31835287306411925			0.5	0.5			0.25	-0.5			3.0	4.0			6.0	4.0			1.0	0.75			2	1	2	1.0	0.1665336737950845	False	True	False	False	False	False	supported_shared_full_matrix_only	5.166533673795085					False	unclassified_shared_neuronal_or_context	exploratory_context	1.0232088299019255	shared_positive_both_screens	1.0232088299019255			True	True	True	51009	116891	HGNC:17943	MGI:2151483	True	same_symbol
ISCA2	ISCA2	ISCA2	Isca2	51625979	True	False	False	False	True	True	False	False	0.9460304822565969	0.6637414095135427			0.125	0.3125			0.1661346951803383	0.37167770051768884			0.5	0.5			0.25	-0.5			3.0	4.0			6.0	4.0			1.0	0.75			2	1	2	1.0	0.1661346951803383	False	True	False	False	False	False	supported_shared_full_matrix_only	5.166134695180339					False	unclassified_shared_neuronal_or_context	exploratory_context	1.0128668954522364	shared_positive_both_screens	1.0128668954522364			True	True	True	122961	74316	HGNC:19857	MGI:1921566	True	same_symbol
LY6E	LY6E	LY6E	Ly6e	51633674	True	False	False	False	True	True	False	False	0.9460304822565969	0.6637414095135427			0.125	0.3125			0.1661346951803383	0.4516176041970271			0.5	0.5			0.5	-0.5			3.0	4.0			6.0	4.0			1.0	0.75			2	1	2	1.0	0.1661346951803383	False	True	False	False	False	False	supported_shared_full_matrix_only	5.166134695180339					False	unclassified_shared_neuronal_or_context	exploratory_context	1.0757146907935249	shared_positive_both_screens	1.0757146907935249			True	True	True	4061	17069	HGNC:6727	MGI:106651	True	same_symbol
NGLY1	NGLY1	NGLY1	Ngly1	51622101	True	False	False	False	True	True	False	False	0.9460304822565969	0.6637414095135427			0.125	0.3125			0.1658809772706838	0.18683293778018345			0.5	0.5			0.25	-0.5			3.0	4.0			6.0	4.0			1.0	0.75			2	1	2	1.0	0.1658809772706838	False	True	False	False	False	False	supported_shared_full_matrix_only	5.1658809772706835					False	unclassified_shared_neuronal_or_context	exploratory_context	1.0422761453477891	shared_positive_both_screens	1.0422761453477891			True	True	True	55768	59007	HGNC:17646	MGI:1913276	True	same_symbol
RAD1	RAD1	RAD1	Rad1	51629576	True	False	False	False	True	True	False	False	0.9460304822565969	0.6637414095135427			0.125	0.3125			0.1875997446536865	0.1649840787378781			0.5	0.5			0.25	-0.5			3.0	4.0			6.0	4.0			1.0	0.75			2	1	2	1.0	0.1649840787378781	False	True	False	False	False	False	supported_shared_full_matrix_only	5.164984078737878					False	unclassified_shared_neuronal_or_context	exploratory_context	1.0141068198777583	shared_positive_both_screens	1.0141068198777583			True	True	True	5810	19355	HGNC:9806	MGI:1316678	True	same_symbol
RALGDS	RALGDS	RALGDS	Ralgds	51624030	True	False	False	False	True	True	False	False	0.9460304822565969	0.6637414095135427			0.125	0.3125			0.1648461725724639	0.26270871476659197			0.5	0.5			0.25	-0.5			3.0	4.0			6.0	4.0			1.0	0.75			2	1	2	1.0	0.1648461725724639	False	True	False	False	False	False	supported_shared_full_matrix_only	5.164846172572464					False	unclassified_shared_neuronal_or_context	exploratory_context	1.0562067452989017	shared_positive_both_screens	1.0562067452989017			True	True	True	5900	19730	HGNC:9842	MGI:107485	True	same_symbol
SUZ12	SUZ12	SUZ12	Suz12	51620149	True	False	False	False	True	True	False	False	0.9460304822565969	0.6637414095135427			0.125	0.3125			0.31247439691755907	0.16302068772714562			0.5	0.5			0.25	-0.5			3.0	4.0			6.0	4.0			1.0	0.75			2	1	2	1.0	0.16302068772714562	False	True	False	False	False	False	supported_shared_full_matrix_only	5.163020687727146					False	unclassified_shared_neuronal_or_context	exploratory_context	1.074286657900983	shared_positive_both_screens	1.074286657900983			True	True	True	23512	52615	HGNC:17101	MGI:1261758	True	same_symbol
ASNSD1	ASNSD1	ASNSD1	Asnsd1	51624446	True	False	False	False	True	True	False	False	0.9460304822565969	0.6637414095135427			0.125	0.3125			0.2341206511330992	0.1617673592316553			0.5	0.5			0.25	-0.5			3.0	4.0			6.0	4.0			1.0	0.75			2	1	2	1.0	0.1617673592316553	False	True	False	False	False	False	supported_shared_full_matrix_only	5.161767359231655					False	unclassified_shared_neuronal_or_context	exploratory_context	1.020189796323566	shared_positive_both_screens	1.020189796323566			True	True	True	54529	70396	HGNC:24910	MGI:1917646	True	same_symbol
ERICH1	ERICH1	ERICH1	Erich1	51632743	True	False	False	False	True	True	False	False	0.9460304822565969	0.6637414095135427			0.125	0.3125			0.1612903225806451	0.21142712404110575			0.5	0.5			0.25	-0.5			3.0	4.0			6.0	4.0			1.0	0.75			2	1	2	1.0	0.1612903225806451	False	True	False	False	False	False	supported_shared_full_matrix_only	5.161290322580645					False	unclassified_shared_neuronal_or_context	exploratory_context	1.039065323182924	shared_positive_both_screens	1.039065323182924			True	True	True	157697	234086	HGNC:27234	MGI:3588201	True	same_symbol
GPBP1L1	GPBP1L1	GPBP1L1	Gpbp1l1	51620221	True	False	False	False	True	True	False	False	0.9460304822565969	0.6637414095135427			0.125	0.3125			0.1997759522031366	0.16071428571428564			0.5	0.5			0.25	-0.5			3.0	4.0			6.0	4.0			1.0	0.75			2	1	2	1.0	0.16071428571428564	False	True	False	False	False	False	supported_shared_full_matrix_only	5.160714285714286					False	unclassified_shared_neuronal_or_context	exploratory_context	1.0476360652156034	shared_positive_both_screens	1.0476360652156034			True	True	True	60313	77110	HGNC:28843	MGI:1924360	True	same_symbol
WDR48	WDR48	WDR48	Wdr48	51621095	True	False	False	False	True	True	False	False	0.9460304822565969	0.6637414095135427			0.125	0.3125			0.1602298116820938	0.2114717352986079			0.5	0.5			0.25	-0.5			3.0	4.0			6.0	4.0			1.0	0.75			2	1	2	1.0	0.1602298116820938	False	True	False	False	False	False	supported_shared_full_matrix_only	5.160229811682094					False	unclassified_shared_neuronal_or_context	exploratory_context	1.0426668892683275	shared_positive_both_screens	1.0426668892683275			True	True	True	57599	67561	HGNC:30914	MGI:1914811	True	same_symbol
HINT2	HINT2	HINT2	Hint2	51626509	True	False	False	False	True	True	False	False	0.9460304822565969	0.6637414095135427			0.125	0.3125			0.1698850941589531	0.16019442497934686			0.5	0.5			0.25	-0.5			3.0	4.0			6.0	4.0			1.0	0.75			2	1	2	1.0	0.16019442497934686	False	True	False	False	False	False	supported_shared_full_matrix_only	5.1601944249793466					False	unclassified_shared_neuronal_or_context	exploratory_context	1.0	shared_positive_both_screens	1.0			True	True	True	84681	68917	HGNC:18344	MGI:1916167	True	same_symbol
LDB1	LDB1	LDB1	Ldb1	51622950	True	False	False	False	True	True	False	False	0.9460304822565969	0.6637414095135427			0.125	0.3125			0.17685605768050217	0.1599006259455108			0.5	0.5			0.25	-0.5			3.0	4.0			6.0	4.0			1.0	0.75			2	1	2	1.0	0.1599006259455108	False	True	False	False	False	False	supported_shared_full_matrix_only	5.159900625945511					False	unclassified_shared_neuronal_or_context	exploratory_context	1.01975715009178	shared_positive_both_screens	1.01975715009178			True	True	True	8861	16825	HGNC:6532	MGI:894762	True	same_symbol
PEF1	PEF1	PEF1	Pef1	51628138	True	False	False	False	True	True	False	False	0.9460304822565969	0.6637414095135427			0.125	0.3125			0.200526651771465	0.15965774243244366			0.5	0.5			0.5	-0.5			3.0	4.0			6.0	4.0			1.0	0.75			2	1	2	1.0	0.15965774243244366	False	True	False	False	False	False	supported_shared_full_matrix_only	5.159657742432444					False	unclassified_shared_neuronal_or_context	exploratory_context	1.0279765369548577	shared_positive_both_screens	1.0279765369548577			True	True	True	553115	67898	HGNC:30009	MGI:1915148	True	same_symbol
TMEM128	TMEM128	TMEM128	Tmem128	51628484	True	False	False	False	True	True	False	False	0.9460304822565969	0.6637414095135427			0.125	0.3125			0.1589929779763804	0.39922564770589086			0.5	0.5			0.25	-0.5			3.0	4.0			6.0	4.0			1.0	0.75			2	1	2	1.0	0.1589929779763804	False	True	False	False	False	False	supported_shared_full_matrix_only	5.15899297797638					False	unclassified_shared_neuronal_or_context	exploratory_context	1.0308756920306792	shared_positive_both_screens	1.0308756920306792			True	True	True	85013	66309	HGNC:28201	MGI:1913559	True	same_symbol
TMEM60	TMEM60	TMEM60	Tmem60	51630084	True	False	False	False	True	True	False	False	0.9460304822565969	0.6637414095135427			0.125	0.3125			0.1588732843919565	0.2664734603851905			0.5	0.5			0.25	-0.5			3.0	4.0			6.0	4.0			1.0	0.75			2	1	2	1.0	0.1588732843919565	False	True	False	False	False	False	supported_shared_full_matrix_only	5.158873284391957					False	unclassified_shared_neuronal_or_context	exploratory_context	1.0113150069630863	shared_positive_both_screens	1.0113150069630863			True	True	True	85025	212090	HGNC:21754	MGI:2673965	True	same_symbol
MED24	MED24	MED24	Med24	51617959	True	False	False	False	True	True	False	False	0.9460304822565969	0.6637414095135427			0.125	0.3125			0.1587934886690073	0.2458189338107729			0.5	0.5			0.25	-0.5			3.0	4.0			6.0	4.0			1.0	0.75			2	1	2	1.0	0.1587934886690073	False	True	False	False	False	False	supported_shared_full_matrix_only	5.158793488669008					False	unclassified_shared_neuronal_or_context	exploratory_context	1.0455983152111998	shared_positive_both_screens	1.0455983152111998			True	True	True	9862	23989	HGNC:22963	MGI:1344385	True	same_symbol
PANK2	PANK2	PANK2	Pank2	51629107	True	False	False	False	True	True	False	False	0.9460304822565969	0.6637414095135427			0.125	0.3125			0.24233304325309912	0.15828024593690576			0.5	0.5			0.25	-0.5			3.0	4.0			6.0	4.0			1.0	0.75			2	1	2	1.0	0.15828024593690576	False	True	False	False	False	False	supported_shared_full_matrix_only	5.158280245936906					False	unclassified_shared_neuronal_or_context	exploratory_context	1.0690504261987757	shared_positive_both_screens	1.0690504261987757			True	True	True	80025	74450	HGNC:15894	MGI:1921700	True	same_symbol
LLPH	LLPH	LLPH	Llph	51619242	True	False	False	False	True	True	False	False	0.9460304822565969	0.6637414095135427			0.125	0.3125			0.1572773699329716	0.40819350182509606			0.5	0.5			0.25	-0.5			3.0	4.0			6.0	4.0			1.0	0.75			2	1	2	1.0	0.1572773699329716	False	True	False	False	False	False	supported_shared_full_matrix_only	5.157277369932972					False	unclassified_shared_neuronal_or_context	exploratory_context	1.0215035940712622	shared_positive_both_screens	1.0215035940712622			True	True	True	84298	66225	HGNC:28229	MGI:1913475	True	same_symbol
ECD	ECD	ECD	Ecd	51627979	True	False	False	False	True	True	False	False	0.9460304822565969	0.6637414095135427			0.125	0.3125			0.15701564954301211	0.3816914407849995			0.5	0.5			0.25	-0.5			3.0	4.0			6.0	4.0			1.0	0.75			2	1	2	1.0	0.15701564954301211	False	True	False	False	False	False	supported_shared_full_matrix_only	5.157015649543012					False	unclassified_shared_neuronal_or_context	exploratory_context	1.0554321025336142	shared_positive_both_screens	1.0554321025336142			True	True	True	11319	70601	HGNC:17029	MGI:1917851	True	same_symbol
TMEM11	TMEM11	TMEM11	Tmem11	51628420	True	False	False	False	True	True	False	False	0.9460304822565969	0.6637414095135427			0.125	0.3125			0.2632859878710501	0.15688445881066904			0.5	0.5			2.7755575615628914e-17	-0.5			3.0	4.0			6.0	4.0			1.0	0.75			2	1	2	1.0	0.15688445881066904	False	True	False	False	False	False	supported_shared_full_matrix_only	5.156884458810669					False	unclassified_shared_neuronal_or_context	exploratory_context	0.8539387835988153	shared_positive_both_screens	0.8539387835988153			True	True	True	8834	216821	HGNC:16823	MGI:2144726	True	same_symbol
ARHGAP33	ARHGAP33	ARHGAP33	Arhgap33	51626805	True	False	False	False	True	True	False	False	0.9460304822565969	0.6637414095135427			0.125	0.3125			0.18926761040166523	0.1568387100031519			0.5	0.5			0.5	-0.5			3.0	4.0			6.0	4.0			1.0	0.75			2	1	2	1.0	0.1568387100031519	False	True	False	False	False	False	supported_shared_full_matrix_only	5.156838710003152					False	unclassified_shared_neuronal_or_context	exploratory_context	1.0250425887798753	shared_positive_both_screens	1.0250425887798753			True	True	True	115703	233071	HGNC:23085	MGI:2673998	True	same_symbol
MUS81	MUS81	MUS81	Mus81	51627759	True	False	False	False	True	True	False	False	0.9460304822565969	0.6637414095135427			0.125	0.3125			0.1565592084264283	0.17072282133488775			0.5	0.5			0.25	-0.5			3.0	4.0			6.0	4.0			1.0	0.75			2	1	2	1.0	0.1565592084264283	False	True	False	False	False	False	supported_shared_full_matrix_only	5.156559208426429					False	unclassified_shared_neuronal_or_context	exploratory_context	1.0178509701962597	shared_positive_both_screens	1.0178509701962597			True	True	True	80198	71711	HGNC:29814	MGI:1918961	True	same_symbol
BCKDK	BCKDK	BCKDK	Bckdk	51616983	True	False	False	False	True	True	False	False	0.9460304822565969	0.6637414095135427			0.125	0.3125			0.1562001276731567	0.3391382492956378			0.5	0.5			0.5	-0.5			3.0	4.0			6.0	4.0			1.0	0.75			2	1	2	1.0	0.1562001276731567	False	True	False	False	False	False	supported_shared_full_matrix_only	5.156200127673157					False	unclassified_shared_neuronal_or_context	exploratory_context	1.0185402497570837	shared_positive_both_screens	1.0185402497570837			True	True	True	10295	12041	HGNC:16902	MGI:1276121	True	same_symbol
FBXW5	FBXW5	FBXW5	Fbxw5	51627846	True	False	False	False	True	True	False	False	0.9460304822565969	0.6637414095135427			0.125	0.3125			0.1550430896903926	0.27816060845789786			0.5	0.5			0.25	-0.5			3.0	4.0			6.0	4.0			1.0	0.75			2	1	2	1.0	0.1550430896903926	False	True	False	False	False	False	supported_shared_full_matrix_only	5.155043089690393					False	unclassified_shared_neuronal_or_context	exploratory_context	1.046850000817768	shared_positive_both_screens	1.046850000817768			True	True	True	54461	30839	HGNC:13613	MGI:1354731	True	same_symbol
ZBTB8OS	ZBTB8OS	ZBTB8OS	Zbtb8os	51628634	True	False	False	False	True	True	False	False	0.9460304822565969	0.6637414095135427			0.125	0.3125			0.1550430896903926	0.21110146186134027			0.5	0.5			0.5	-0.5			3.0	4.0			6.0	4.0			1.0	0.75			2	1	2	1.0	0.1550430896903926	False	True	False	False	False	False	supported_shared_full_matrix_only	5.155043089690393					False	unclassified_shared_neuronal_or_context	exploratory_context	1.046032738713166	shared_positive_both_screens	1.046032738713166			True	True	True	339487	67106	HGNC:24094	MGI:1914356	True	same_symbol
BRCC3	BRCC3	BRCC3	Brcc3	51631189	True	False	False	False	True	True	False	False	0.9460304822565969	0.6637414095135427			0.125	0.3125			0.15461550361864718	0.37060554329572104			0.5	0.5			0.5	-0.5			3.0	4.0			6.0	4.0			1.0	0.75			2	1	2	1.0	0.15461550361864718	False	True	False	False	False	False	supported_shared_full_matrix_only	5.154615503618647					False	unclassified_shared_neuronal_or_context	exploratory_context	1.051436236413504	shared_positive_both_screens	1.051436236413504			True	True	True	79184	210766	HGNC:24185	MGI:2389572	True	same_symbol
C17ORF75	C17orf75	C17orf75	5730455P16Rik	51628035	True	False	False	False	True	True	False	False	0.9460304822565969	0.6637414095135427			0.125	0.3125			0.15459543197579378	0.558024871271738			0.5	0.5			0.25	-0.5			3.0	4.0			6.0	4.0			1.0	0.75			2	1	2	1.0	0.15459543197579378	False	True	False	False	False	False	supported_shared_full_matrix_only	5.154595431975793					False	unclassified_shared_neuronal_or_context	not_prioritized	0.5246124380997925	screen_specific_or_low_priority	0.5246124380997925			True	False	False	64149	70591	HGNC:30173	MGI:1917841	False	nonidentical_symbol
ZNF780A	ZNF780A	ZNF780A	Zfp60	51627859	True	False	False	False	True	True	False	False	0.9460304822565969	0.6637414095135427			0.125	0.3125			0.1545929798356982	0.23055073093067013			0.5	0.5			0.25	-0.5			3.0	4.0			6.0	4.0			1.0	0.75			2	1	2	1.0	0.1545929798356982	False	True	False	False	False	False	supported_shared_full_matrix_only	5.154592979835698					False	unclassified_shared_neuronal_or_context	not_prioritized	0.5053163900414938	screen_specific_or_low_priority	0.5053163900414938			True	False	False	284323	22718	HGNC:27603	MGI:99207	False	nonidentical_symbol
GABPB2	GABPB2	GABPB2	Gabpb2	51620598	True	False	False	False	True	True	False	False	0.9460304822565969	0.6637414095135427			0.125	0.3125			0.1542454579162032	0.22145028224055574			0.5	0.5			0.25	-0.5			3.0	4.0			6.0	4.0			1.0	0.75			2	1	2	1.0	0.1542454579162032	False	True	False	False	False	False	supported_shared_full_matrix_only	5.154245457916203					False	unclassified_shared_neuronal_or_context	exploratory_context	1.0448281274949998	shared_positive_both_screens	1.0448281274949998			True	True	True	126626	213054	HGNC:28441	MGI:95612	True	same_symbol
PDCL	PDCL	PDCL	Pdcl	51619971	True	False	False	False	True	True	False	False	0.9460304822565969	0.6637414095135427			0.125	0.3125			0.2066310245770826	0.15421680875071644			0.5	0.5			0.25	-0.5			3.0	4.0			6.0	4.0			1.0	0.75			2	1	2	1.0	0.15421680875071644	False	True	False	False	False	False	supported_shared_full_matrix_only	5.154216808750716					False	unclassified_shared_neuronal_or_context	exploratory_context	1.0206418632603904	shared_positive_both_screens	1.0206418632603904			True	True	True	5082	67466	HGNC:8770	MGI:1914716	True	same_symbol
UBA6	UBA6	UBA6	Uba6	51626494	True	False	False	False	True	True	False	False	0.9460304822565969	0.6637414095135427			0.125	0.3125			0.1881184168528566	0.1534780919071213			0.5	0.5			0.25	-0.5			3.0	4.0			6.0	4.0			1.0	0.75			2	1	2	1.0	0.1534780919071213	False	True	False	False	False	False	supported_shared_full_matrix_only	5.153478091907122					False	unclassified_shared_neuronal_or_context	exploratory_context	1.044708365987491	shared_positive_both_screens	1.044708365987491			True	True	True	55236	231380	HGNC:25581	MGI:1913894	True	same_symbol
RAVER1	RAVER1	RAVER1	Raver1	51628601	True	False	False	False	True	True	False	False	1.0	0.6637414095135427			0.25	0.3125			0.21031479397910055	0.1533726241939011			0.5	0.5			0.5	-0.5			2.0	4.0			4.0	4.0			1.0	0.75			2	1	2	1.0	0.1533726241939011	False	True	False	False	False	False	supported_shared_full_matrix_only	5.153372624193901					False	unclassified_shared_neuronal_or_context	not_prioritized	1.0099516241972948	screen_specific_or_low_priority	1.0099516241972948			True	True	True	125950	71766	HGNC:30296	MGI:1919016	True	same_symbol
RFK	RFK	RFK	Rfk	51625851	True	False	False	False	True	True	False	False	0.9460304822565969	0.6637414095135427			0.125	0.3125			0.1532077880625598	0.20442117389071623			0.5	0.5			0.5	-0.5			3.0	4.0			6.0	4.0			1.0	0.75			2	1	2	1.0	0.1532077880625598	False	True	False	False	False	False	supported_shared_full_matrix_only	5.15320778806256					False	unclassified_shared_neuronal_or_context	exploratory_context	1.0426084952123518	shared_positive_both_screens	1.0426084952123518			True	True	True	55312	54391	HGNC:30324	MGI:1914688	True	same_symbol
DCAF11	DCAF11	DCAF11	Dcaf11	51627345	True	False	False	False	True	True	False	False	0.9460304822565969	0.6637414095135427			0.125	0.3125			0.1529684008937121	0.3936066119831786			0.5	0.5			0.5	-0.5			3.0	4.0			6.0	4.0			1.0	0.75			2	1	2	1.0	0.1529684008937121	False	True	False	False	False	False	supported_shared_full_matrix_only	5.152968400893712					False	unclassified_shared_neuronal_or_context	exploratory_context	1.0047430781211455	shared_positive_both_screens	1.0047430781211455			True	True	True	80344	28199	HGNC:20258	MGI:90168	True	same_symbol
LETMD1	LETMD1	LETMD1	Letmd1	51629398	True	False	False	False	True	True	False	False	0.9460304822565969	0.6637414095135427			0.125	0.3125			0.1522502393871688	0.29812216346754383			0.5	0.5			0.25	-0.5			3.0	4.0			6.0	4.0			1.0	0.75			2	1	2	1.0	0.1522502393871688	False	True	False	False	False	False	supported_shared_full_matrix_only	5.152250239387169					False	unclassified_shared_neuronal_or_context	exploratory_context	1.042836358340125	shared_positive_both_screens	1.042836358340125			True	True	True	25875	68614	HGNC:24241	MGI:1915864	True	same_symbol
NKAP	NKAP	NKAP	Nkap	51616674	True	False	False	False	True	True	False	False	0.9460304822565969	0.6637414095135427			0.125	0.3125			0.1522103415256942	0.2632616876537849			0.5	0.5			0.25	-0.5			3.0	4.0			6.0	4.0			1.0	0.75			2	1	2	1.0	0.1522103415256942	False	True	False	False	False	False	supported_shared_full_matrix_only	5.152210341525694					False	unclassified_shared_neuronal_or_context	exploratory_context	1.0284373209357531	shared_positive_both_screens	1.0284373209357531			True	True	True	79576	67050	HGNC:29873	MGI:1914300	True	same_symbol
SART3	SART3	SART3	Sart3	51618802	True	False	False	False	True	True	False	False	0.9460304822565969	0.6637414095135427			0.125	0.3125			0.15190184098047277	0.1971867149657881			0.5	0.5			0.25	-0.5			3.0	4.0			6.0	4.0			1.0	0.75			2	1	2	1.0	0.15190184098047277	False	True	False	False	False	False	supported_shared_full_matrix_only	5.151901840980472					False	unclassified_shared_neuronal_or_context	exploratory_context	1.0483656086835975	shared_positive_both_screens	1.0483656086835975			True	True	True	9733	53890	HGNC:16860	MGI:1858230	True	same_symbol
SLC39A7	SLC39A7	SLC39A7	Slc39a7	51621869	True	False	False	False	True	True	False	False	0.9460304822565969	0.6637414095135427			0.125	0.3125			0.1508139163740823	0.43512234389529636			0.5	0.5			0.25	-0.5			3.0	4.0			6.0	4.0			1.0	0.75			2	1	2	1.0	0.1508139163740823	False	True	False	False	False	False	supported_shared_full_matrix_only	5.150813916374083					False	unclassified_shared_neuronal_or_context	exploratory_context	1.0157279807440258	shared_positive_both_screens	1.0157279807440258			True	True	True	7922	14977	HGNC:4927	MGI:95909	True	same_symbol
NXF1	NXF1	NXF1	Nxf1	51622684	True	False	False	False	True	True	False	False	0.9460304822565969	0.6637414095135427			0.125	0.3125			0.150695546982786	0.5716099268746979			0.5	0.5			0.25	-0.5			3.0	4.0			6.0	4.0			1.0	0.75			2	1	2	1.0	0.150695546982786	False	True	False	False	False	False	supported_shared_full_matrix_only	5.150695546982786					False	unclassified_shared_neuronal_or_context	exploratory_context	1.0510078457212573	shared_positive_both_screens	1.0510078457212573			True	True	True	10482	53319	HGNC:8071	MGI:1858330	True	same_symbol
SENP1	SENP1	SENP1	Senp1	51621058	True	False	False	False	True	True	False	False	0.9460304822565969	0.6637414095135427			0.125	0.3125			0.1790878754171301	0.15061875814155445			0.5	0.5			0.25	-0.5			3.0	4.0			6.0	4.0			1.0	0.75			2	1	2	1.0	0.15061875814155445	False	True	False	False	False	False	supported_shared_full_matrix_only	5.150618758141555					False	unclassified_shared_neuronal_or_context	exploratory_context	1.031657141142796	shared_positive_both_screens	1.031657141142796			True	True	True	29843	223870	HGNC:17927	MGI:2445054	True	same_symbol
TAOK2	TAOK2	TAOK2	Taok2	51628043	True	False	False	False	True	True	False	False	0.9460304822565969	0.6637414095135427			0.125	0.3125			0.15020443731203376	0.47685989289332753			0.5	0.5			0.25	-0.5			3.0	4.0			6.0	4.0			1.0	0.75			2	1	2	1.0	0.15020443731203376	False	True	False	False	False	False	supported_shared_full_matrix_only	5.150204437312034					False	unclassified_shared_neuronal_or_context	exploratory_context	1.0285649963714387	shared_positive_both_screens	1.0285649963714387			True	True	True	9344	381921	HGNC:16835	MGI:1915919	True	same_symbol
MRPL34	MRPL34	MRPL34	Mrpl34	51622135	True	False	False	False	True	True	False	False	0.9460304822565969	0.6637414095135427			0.125	0.3125			0.1501755505904883	0.331179069384764			0.5	0.5			0.5	-0.5			3.0	4.0			6.0	4.0			1.0	0.75			2	1	2	1.0	0.1501755505904883	False	True	False	False	False	False	supported_shared_full_matrix_only	5.150175550590489					False	unclassified_shared_neuronal_or_context	exploratory_context	1.0430595435005034	shared_positive_both_screens	1.0430595435005034			True	True	True	64981	94065	HGNC:14488	MGI:2137227	True	same_symbol
SIPA1L2	SIPA1L2	SIPA1L2	Sipa1l2	51622298	True	False	False	False	True	True	False	False	0.9460304822565969	0.6637414095135427			0.125	0.3125			0.150166852057842	0.24557352687846212			0.5	0.5			0.5	-0.5			3.0	4.0			6.0	4.0			1.0	0.75			2	1	2	1.0	0.150166852057842	False	True	False	False	False	False	supported_shared_full_matrix_only	5.150166852057842					False	unclassified_shared_neuronal_or_context	exploratory_context	1.040522163452712	shared_positive_both_screens	1.040522163452712			True	True	True	57568	244668	HGNC:23800	MGI:2676970	True	same_symbol
CHST10	CHST10	CHST10	Chst10	51621712	True	False	False	False	True	True	False	False	0.9460304822565969	0.6637414095135427			0.125	0.3125			0.14939981092747184	0.35954913880445794			0.5	0.5			0.5	-0.5			3.0	4.0			6.0	4.0			1.0	0.75			2	1	2	1.0	0.14939981092747184	False	True	False	False	False	False	supported_shared_full_matrix_only	5.149399810927472					False	unclassified_shared_neuronal_or_context	exploratory_context	1.0385560516258363	shared_positive_both_screens	1.0385560516258363			True	True	True	9486	98388	HGNC:19650	MGI:2138283	True	same_symbol
STRADA	STRADA	STRADA	Strada	51621062	True	False	False	False	True	True	False	False	0.9460304822565969	0.6637414095135427			0.125	0.3125			0.1490545050055617	0.33099124231447163			0.5	0.5			0.25	-0.5			3.0	4.0			6.0	4.0			1.0	0.75			2	1	2	1.0	0.1490545050055617	False	True	False	False	False	False	supported_shared_full_matrix_only	5.149054505005561					False	unclassified_shared_neuronal_or_context	exploratory_context	1.0028325126732396	shared_positive_both_screens	1.0028325126732396			True	True	True	92335	72149	HGNC:30172	MGI:1919399	True	same_symbol
NSMCE4A	NSMCE4A	NSMCE4A	Nsmce4a	51628389	True	False	False	False	True	True	False	False	0.9460304822565969	0.6637414095135427			0.125	0.3125			0.1640999042451324	0.14893128511447284			0.5	0.5			0.25	-0.5			3.0	4.0			6.0	4.0			1.0	0.75			2	1	2	1.0	0.14893128511447284	False	True	False	False	False	False	supported_shared_full_matrix_only	5.148931285114473					False	unclassified_shared_neuronal_or_context	exploratory_context	1.0129691848703135	shared_positive_both_screens	1.0129691848703135			True	True	True	54780	67872	HGNC:25935	MGI:1915122	True	same_symbol
SRP68	SRP68	SRP68	Srp68	51630245	True	False	False	False	True	True	False	False	0.9460304822565969	0.6637414095135427			0.125	0.3125			0.1483665321436209	0.2647464990076473			0.5	0.5			0.25	-0.5			3.0	4.0			6.0	4.0			1.0	0.75			2	1	2	1.0	0.1483665321436209	False	True	False	False	False	False	supported_shared_full_matrix_only	5.148366532143621					False	unclassified_shared_neuronal_or_context	exploratory_context	1.0418257187600335	shared_positive_both_screens	1.0418257187600335			True	True	True	6730	217337	HGNC:11302	MGI:1917447	True	same_symbol
TM2D2	TM2D2	TM2D2	Tm2d2	51630170	True	False	False	False	True	True	False	False	0.9460304822565969	0.6637414095135427			0.125	0.3125			0.1479412703479093	0.5202778498184113			0.5	0.5			0.25	-0.5			3.0	4.0			6.0	4.0			1.0	0.75			2	1	2	1.0	0.1479412703479093	False	True	False	False	False	False	supported_shared_full_matrix_only	5.14794127034791					False	unclassified_shared_neuronal_or_context	exploratory_context	1.034129196308296	shared_positive_both_screens	1.034129196308296			True	True	True	83877	69742	HGNC:24127	MGI:1916992	True	same_symbol
IMP4	IMP4	IMP4	Imp4	51630062	True	False	False	False	True	True	False	False	0.9460304822565969	0.6637414095135427			0.125	0.3125			0.1470635173954676	0.24741279490519608			0.5	0.5			0.25	-0.5			3.0	4.0			6.0	4.0			1.0	0.75			2	1	2	1.0	0.1470635173954676	False	True	False	False	False	False	supported_shared_full_matrix_only	5.147063517395468					False	unclassified_shared_neuronal_or_context	exploratory_context	1.0214376380607244	shared_positive_both_screens	1.0214376380607244			True	True	True	92856	27993	HGNC:30856	MGI:106572	True	same_symbol
ZNF260	ZNF260	ZNF260	Zfp260	51626470	True	False	False	False	True	True	False	False	0.9460304822565969	0.6637414095135427			0.125	0.3125			0.14682664978927118	0.46660153423071354			0.5	0.5			0.25	-0.5			3.0	4.0			6.0	4.0			1.0	0.75			2	1	2	1.0	0.14682664978927118	False	True	False	False	False	False	supported_shared_full_matrix_only	5.146826649789271					False	unclassified_shared_neuronal_or_context	not_prioritized	0.5184727098627514	screen_specific_or_low_priority	0.5184727098627514			True	False	False	339324	26466	HGNC:13499	MGI:1347071	False	nonidentical_symbol
PPP1R10	PPP1R10	PPP1R10	Ppp1r10	51617718	True	False	False	False	True	True	False	False	0.9460304822565969	0.6637414095135427			0.125	0.3125			0.2432572614107883	0.14675021859516174			0.5	0.5			0.5	-0.5			3.0	4.0			6.0	4.0			1.0	0.75			2	1	2	1.0	0.14675021859516174	False	True	False	False	False	False	supported_shared_full_matrix_only	5.1467502185951615					False	unclassified_shared_neuronal_or_context	exploratory_context	1.0514157738991223	shared_positive_both_screens	1.0514157738991223			True	True	True	5514	52040	HGNC:9284	MGI:1289273	True	same_symbol
SETD1B	SETD1B	SETD1B	Setd1b	51622676	True	False	False	False	True	True	False	False	0.9460304822565969	0.6637414095135427			0.125	0.3125			0.1463169943900345	0.2625379939209726			0.5	0.5			0.25	-0.5			3.0	4.0			6.0	4.0			1.0	0.75			2	1	2	1.0	0.1463169943900345	False	True	False	False	False	False	supported_shared_full_matrix_only	5.146316994390035					False	unclassified_shared_neuronal_or_context	exploratory_context	1.0300880924723383	shared_positive_both_screens	1.0300880924723383			True	True	True	23067	208043	HGNC:29187	MGI:2652820	True	same_symbol
CEP78	CEP78	CEP78	Cep78	51630954	True	False	False	False	True	True	False	False	0.9460304822565969	0.6637414095135427			0.125	0.3125			0.2365591397849462	0.14604238664279465			0.5	0.5			0.25	-0.5			3.0	4.0			6.0	4.0			1.0	0.75			2	1	2	1.0	0.14604238664279465	False	True	False	False	False	False	supported_shared_full_matrix_only	5.146042386642795					False	unclassified_shared_neuronal_or_context	exploratory_context	1.0647781363546125	shared_positive_both_screens	1.0647781363546125			True	True	True	84131	208518	HGNC:25740	MGI:1924386	True	same_symbol
BAG5	BAG5	BAG5	Bag5	51628710	True	False	False	False	True	True	False	False	0.9460304822565969	0.6637414095135427			0.125	0.3125			0.1455872965209065	0.20051248968204677			0.5	0.5			0.25	-0.5			3.0	4.0			6.0	4.0			1.0	0.75			2	1	2	1.0	0.1455872965209065	False	True	False	False	False	False	supported_shared_full_matrix_only	5.145587296520906					False	unclassified_shared_neuronal_or_context	exploratory_context	1.0306615891175777	shared_positive_both_screens	1.0306615891175777			True	True	True	9529	70369	HGNC:941	MGI:1917619	True	same_symbol
RPF2	RPF2	RPF2	Rpf2	51616595	True	False	False	False	True	True	False	False	0.9460304822565969	0.6637414095135427			0.125	0.3125			0.1455872965209065	0.27585072947194844			0.5	0.5			0.25	-0.5			3.0	4.0			6.0	4.0			1.0	0.75			2	1	2	1.0	0.1455872965209065	False	True	False	False	False	False	supported_shared_full_matrix_only	5.145587296520906					False	unclassified_shared_neuronal_or_context	exploratory_context	1.0367972455816086	shared_positive_both_screens	1.0367972455816086			True	True	True	84154	67239	HGNC:20870	MGI:1914489	True	same_symbol
DOCK11	DOCK11	DOCK11	Dock11	51632658	True	False	False	False	True	True	False	False	0.9460304822565969	0.6637414095135427			0.125	0.3125			0.1504854368932038	0.1454733452693231			0.5	0.5			0.5	-0.5			3.0	4.0			6.0	4.0			1.0	0.75			2	1	2	1.0	0.1454733452693231	False	True	False	False	False	False	supported_shared_full_matrix_only	5.145473345269323					False	unclassified_shared_neuronal_or_context	exploratory_context	1.0410849351351856	shared_positive_both_screens	1.0410849351351856			True	True	True	139818	75974	HGNC:23483	MGI:1923224	True	same_symbol
MYT1	MYT1	MYT1	Myt1	51620073	True	False	False	False	True	True	False	False	0.9460304822565969	0.6637414095135427			0.125	0.3125			0.2079731027857829	0.1441501258037461			0.5	0.5			0.5	-0.5			3.0	4.0			6.0	4.0			1.0	0.75			2	1	2	1.0	0.1441501258037461	False	True	False	False	False	False	supported_shared_full_matrix_only	5.144150125803746					False	unclassified_shared_neuronal_or_context	exploratory_context	1.0247901855726904	shared_positive_both_screens	1.0247901855726904			True	True	True	4661	17932	HGNC:7622	MGI:1100535	True	same_symbol
UTP6	UTP6	UTP6	Utp6	51629459	True	False	False	False	True	True	False	False	0.9460304822565969	0.6637414095135427			0.125	0.3125			0.1437120970315991	0.16981473440440004			0.5	0.5			0.25	-0.5			3.0	4.0			6.0	4.0			1.0	0.75			2	1	2	1.0	0.1437120970315991	False	True	False	False	False	False	supported_shared_full_matrix_only	5.1437120970315995					False	unclassified_shared_neuronal_or_context	exploratory_context	1.036121218999749	shared_positive_both_screens	1.036121218999749			True	True	True	55813	216987	HGNC:18279	MGI:2445193	True	same_symbol
NUP210	NUP210	NUP210	Nup210	51622401	True	False	False	False	True	True	False	False	0.9460304822565969	0.6637414095135427			0.125	0.3125			0.1542454579162032	0.14371070491735022			0.5	0.5			0.25	-0.5			3.0	4.0			6.0	4.0			1.0	0.75			2	1	2	1.0	0.14371070491735022	False	True	False	False	False	False	supported_shared_full_matrix_only	5.14371070491735					False	unclassified_shared_neuronal_or_context	exploratory_context	1.039393554477758	shared_positive_both_screens	1.039393554477758			True	True	True	23225	54563	HGNC:30052	MGI:1859555	True	same_symbol
ZNF277	ZNF277	ZNF277	Zfp277	51629829	True	False	False	False	True	True	False	False	0.9460304822565969	0.6637414095135427			0.125	0.3125			0.14362645522345135	0.383195831524099			0.5	0.5			0.25	-0.5			3.0	4.0			6.0	4.0			1.0	0.75			2	1	2	1.0	0.14362645522345135	False	True	False	False	False	False	supported_shared_full_matrix_only	5.143626455223451					False	unclassified_shared_neuronal_or_context	not_prioritized	0.5356287902968401	screen_specific_or_low_priority	0.5356287902968401			True	False	False	11179	246196	HGNC:13070	MGI:1890393	False	nonidentical_symbol
KIN	KIN	KIN	Kin	51620231	True	False	False	False	True	True	False	False	0.9460304822565969	0.6637414095135427			0.125	0.3125			0.1482205553782317	0.14313670673748952			0.5	0.5			0.25	-0.5			3.0	4.0			6.0	4.0			1.0	0.75			2	1	2	1.0	0.14313670673748952	False	True	False	False	False	False	supported_shared_full_matrix_only	5.143136706737489					False	unclassified_shared_neuronal_or_context	exploratory_context	1.044727746906614	shared_positive_both_screens	1.044727746906614			True	True	True	22944	16588	HGNC:6327	MGI:96676	True	same_symbol
ANAPC2	ANAPC2	ANAPC2	Anapc2	51625581	True	False	False	False	True	True	False	False	0.9460304822565969	0.6637414095135427			0.125	0.3125			0.1429562266813874	0.17892881431208446			0.5	0.5			0.25	-0.5			3.0	4.0			6.0	4.0			1.0	0.75			2	1	2	1.0	0.1429562266813874	False	True	False	False	False	False	supported_shared_full_matrix_only	5.142956226681387					False	unclassified_shared_neuronal_or_context	exploratory_context	1.0141851497957906	shared_positive_both_screens	1.0141851497957906			True	True	True	29882	99152	HGNC:19989	MGI:2139135	True	same_symbol
DAGLB	DAGLB	DAGLB	Daglb	51630907	True	False	False	False	True	True	False	False	0.9460304822565969	0.6637414095135427			0.125	0.3125			0.1427512050426399	0.3332604682794132			0.5	0.5			0.5	-0.5			3.0	4.0			6.0	4.0			1.0	0.75			2	1	2	1.0	0.1427512050426399	False	True	False	False	False	False	supported_shared_full_matrix_only	5.14275120504264					False	unclassified_shared_neuronal_or_context	exploratory_context	1.041193087321503	shared_positive_both_screens	1.041193087321503			True	True	True	221955	231871	HGNC:28923	MGI:2442032	True	same_symbol
TATDN1	TATDN1	TATDN1	Tatdn1	51630212	True	False	False	False	True	True	False	False	0.9460304822565969	0.6637414095135427			0.125	0.3125			0.23514504755101306	0.14265589651774435			0.5	0.5			0.25	-0.5			3.0	4.0			6.0	4.0			1.0	0.75			2	1	2	1.0	0.14265589651774435	False	True	False	False	False	False	supported_shared_full_matrix_only	5.142655896517744					False	unclassified_shared_neuronal_or_context	exploratory_context	1.045191842487221	shared_positive_both_screens	1.045191842487221			True	True	True	83940	69694	HGNC:24220	MGI:1916944	True	same_symbol
TERF1	TERF1	TERF1	Terf1	51627675	True	False	False	False	True	True	False	False	0.9460304822565969	0.6637414095135427			0.125	0.3125			0.299962921764924	0.14195252569112746			0.5	0.5			0.25	-0.5			3.0	4.0			6.0	4.0			1.0	0.75			2	1	2	1.0	0.14195252569112746	False	True	False	False	False	False	supported_shared_full_matrix_only	5.141952525691128					False	unclassified_shared_neuronal_or_context	exploratory_context	1.0682498758821792	shared_positive_both_screens	1.0682498758821792			True	True	True	7013	21749	HGNC:11728	MGI:109634	True	same_symbol
RBCK1	RBCK1	RBCK1	Rbck1	51626696	True	False	False	False	True	True	False	False	0.9460304822565969	0.6637414095135427			0.125	0.3125			0.1413182253431216	0.24740114641018165			0.5	0.5			0.25	-0.5			3.0	4.0			6.0	4.0			1.0	0.75			2	1	2	1.0	0.1413182253431216	False	True	False	False	False	False	supported_shared_full_matrix_only	5.141318225343122					False	unclassified_shared_neuronal_or_context	exploratory_context	1.053310033660833	shared_positive_both_screens	1.053310033660833			True	True	True	10616	24105	HGNC:15864	MGI:1344372	True	same_symbol
ING2	ING2	ING2	Ing2	51620510	True	False	False	False	True	True	False	False	0.9460304822565969	0.6637414095135427			0.125	0.3125			0.1408793488669007	0.14445655715759295			0.5	0.5			0.5	-0.5			3.0	4.0			6.0	4.0			1.0	0.75			2	1	2	1.0	0.1408793488669007	False	True	False	False	False	False	supported_shared_full_matrix_only	5.140879348866901					False	unclassified_shared_neuronal_or_context	exploratory_context	1.0239088176477165	shared_positive_both_screens	1.0239088176477165			True	True	True	3622	69260	HGNC:6063	MGI:1916510	True	same_symbol
SMG6	SMG6	SMG6	Smg6	51625875	True	False	False	False	True	True	False	False	0.9460304822565969	0.6637414095135427			0.125	0.3125			0.1407766990291262	0.3572333188594587			0.5	0.5			0.25	-0.5			3.0	4.0			6.0	4.0			1.0	0.75			2	1	2	1.0	0.1407766990291262	False	True	False	False	False	False	supported_shared_full_matrix_only	5.140776699029126					False	unclassified_shared_neuronal_or_context	exploratory_context	1.042392956735029	shared_positive_both_screens	1.042392956735029			True	True	True	23293	103677	HGNC:17809	MGI:2144117	True	same_symbol
PGP	PGP	PGP	Pgp	51616988	True	False	False	False	True	True	False	False	0.9460304822565969	0.6637414095135427			0.125	0.3125			0.1405202681136291	0.20919049236741935			0.5	0.5			0.5	-0.5			3.0	4.0			6.0	4.0			1.0	0.75			2	1	2	1.0	0.1405202681136291	False	True	False	False	False	False	supported_shared_full_matrix_only	5.1405202681136295					False	unclassified_shared_neuronal_or_context	exploratory_context	1.0598233450940688	shared_positive_both_screens	1.0598233450940688			True	True	True	283871	67078	HGNC:8909	MGI:1914328	True	same_symbol
GRPEL1	GRPEL1	GRPEL1	Grpel1	51628766	True	False	False	False	True	True	False	False	0.9460304822565969	0.6637414095135427			0.125	0.3125			0.1403207788062559	0.4698338676770621			0.5	0.5			0.25	-0.5			3.0	4.0			6.0	4.0			1.0	0.75			2	1	2	1.0	0.1403207788062559	False	True	False	False	False	False	supported_shared_full_matrix_only	5.140320778806256					False	unclassified_shared_neuronal_or_context	exploratory_context	1.0274834411240328	shared_positive_both_screens	1.0274834411240328			True	True	True	80273	17713	HGNC:19696	MGI:1334417	True	same_symbol
TUBGCP5	TUBGCP5	TUBGCP5	Tubgcp5	51619076	True	False	False	False	True	True	False	False	0.9460304822565969	0.6637414095135427			0.125	0.3125			0.1401557285873192	0.21657922860196244			0.5	0.5			0.25	-0.5			3.0	4.0			6.0	4.0			1.0	0.75			2	1	2	1.0	0.1401557285873192	False	True	False	False	False	False	supported_shared_full_matrix_only	5.140155728587319					False	cytoskeleton_morphogenesis	mechanism_followup_candidate	1.5405141826920508	shared_positive_both_screens	1.5405141826920508			True	True	True	114791	233276	HGNC:18600	MGI:2178836	True	same_symbol
ARMCX2	ARMCX2	ARMCX2	Armcx2	51631858	True	False	False	False	True	True	False	False	0.9460304822565969	0.6637414095135427			0.125	0.3125			0.1399616980529843	0.2383544813378352			0.5	0.5			0.25	-0.5			3.0	4.0			6.0	4.0			1.0	0.75			2	1	2	1.0	0.1399616980529843	False	True	False	False	False	False	supported_shared_full_matrix_only	5.139961698052984					False	unclassified_shared_neuronal_or_context	exploratory_context	1.0511457275959502	shared_positive_both_screens	1.0511457275959502			True	True	True	9823	67416	HGNC:16869	MGI:1914666	True	same_symbol
SURF1	SURF1	SURF1	Surf1	51622118	True	False	False	False	True	True	False	False	0.9460304822565969	0.6637414095135427			0.125	0.3125			0.1399616980529843	0.34480784444351914			0.5	0.5			0.25	-0.5			3.0	4.0			6.0	4.0			1.0	0.75			2	1	2	1.0	0.1399616980529843	False	True	False	False	False	False	supported_shared_full_matrix_only	5.139961698052984					False	unclassified_shared_neuronal_or_context	exploratory_context	1.0134014285872253	shared_positive_both_screens	1.0134014285872253			True	True	True	6834	20930	HGNC:11474	MGI:98443	True	same_symbol
ZC3H4	ZC3H4	ZC3H4	Zc3h4	51628120	True	False	False	False	True	True	False	False	0.9460304822565969	0.6637414095135427			0.125	0.3125			0.1709894332372718	0.1392823990427371			0.5	0.5			0.25	-0.5			3.0	4.0			6.0	4.0			1.0	0.75			2	1	2	1.0	0.1392823990427371	False	True	False	False	False	False	supported_shared_full_matrix_only	5.139282399042737													True	True	True	23211	330474	HGNC:17808	MGI:2682314	True	same_symbol
PCIF1	PCIF1	PCIF1	Pcif1	51631468	True	False	False	False	True	True	False	False	0.9460304822565969	0.6637414095135427			0.125	0.3125			0.1385482122035119	0.26063131000029255			0.5	0.5			0.25	-0.5			3.0	4.0			6.0	4.0			1.0	0.75			2	1	2	1.0	0.1385482122035119	False	True	False	False	False	False	supported_shared_full_matrix_only	5.138548212203512					False	unclassified_shared_neuronal_or_context	exploratory_context	1.0124614364639788	shared_positive_both_screens	1.0124614364639788			True	True	True	63935	228866	HGNC:16200	MGI:2443858	True	same_symbol
ERAL1	ERAL1	ERAL1	Eral1	51625080	True	False	False	False	True	True	False	False	0.9460304822565969	0.6637414095135427			0.125	0.3125			0.1379310344827586	0.14932478383367337			0.5	0.5			0.25	-0.5			3.0	4.0			6.0	4.0			1.0	0.75			2	1	2	1.0	0.1379310344827586	False	True	False	False	False	False	supported_shared_full_matrix_only	5.137931034482759					False	unclassified_shared_neuronal_or_context	exploratory_context	1.0232083498314894	shared_positive_both_screens	1.0232083498314894			True	True	True	26284	57837	HGNC:3424	MGI:1889295	True	same_symbol
IMPDH1	IMPDH1	IMPDH1	Impdh1	51621855	True	False	False	False	True	True	False	False	0.9460304822565969	0.6637414095135427			0.125	0.3125			0.1431136291094797	0.13688220843569135			0.5	0.5			0.25	-0.5			3.0	4.0			6.0	4.0			1.0	0.75			2	1	2	1.0	0.13688220843569135	False	True	False	False	False	False	supported_shared_full_matrix_only	5.136882208435692					False	unclassified_shared_neuronal_or_context	exploratory_context	1.0211585784172137	shared_positive_both_screens	1.0211585784172137			True	True	True	3614	23917	HGNC:6052	MGI:96567	True	same_symbol
OTUD5	OTUD5	OTUD5	Otud5	51623674	True	False	False	False	True	True	False	False	0.9460304822565969	0.6637414095135427			0.125	0.3125			0.13669328722098362	0.1986683043954976			0.5	0.5			0.25	-0.5			3.0	4.0			6.0	4.0			1.0	0.75			2	1	2	1.0	0.13669328722098362	False	True	False	False	False	False	supported_shared_full_matrix_only	5.136693287220984					False	unclassified_shared_neuronal_or_context	exploratory_context	1.0489392284131969	shared_positive_both_screens	1.0489392284131969			True	True	True	55593	54644	HGNC:25402	MGI:1859615	True	same_symbol
NPM3	NPM3	NPM3	Npm3	51617211	True	False	False	False	True	True	False	False	0.9460304822565969	0.6637414095135427			0.125	0.3125			0.1525295244174912	0.13665146909827758			0.5	0.5			2.7755575615628914e-17	-0.5			3.0	4.0			6.0	4.0			1.0	0.75			2	1	2	1.0	0.13665146909827758	False	True	False	False	False	False	supported_shared_full_matrix_only	5.136651469098277					False	unclassified_shared_neuronal_or_context	exploratory_context	0.84066424086758	shared_positive_both_screens	0.84066424086758			True	True	True	10360	18150	HGNC:7931	MGI:894653	True	same_symbol
TMEM222	TMEM222	TMEM222	Tmem222	51627053	True	False	False	False	True	True	False	False	0.9460304822565969	0.6637414095135427			0.125	0.3125			0.1365304819661666	0.3811813854075585			0.5	0.5			0.25	-0.5			3.0	4.0			6.0	4.0			1.0	0.75			2	1	2	1.0	0.1365304819661666	False	True	False	False	False	False	supported_shared_full_matrix_only	5.136530481966167					False	unclassified_shared_neuronal_or_context	exploratory_context	1.0528900495596765	shared_positive_both_screens	1.0528900495596765			True	True	True	84065	52174	HGNC:25363	MGI:1098568	True	same_symbol
PMS2	PMS2	PMS2	Pms2	51627584	True	False	False	False	True	True	False	False	0.9460304822565969	0.6637414095135427			0.125	0.3125			0.1360771227289581	0.2139664959542546			0.5	0.5			0.25	-0.5			3.0	4.0			6.0	4.0			1.0	0.75			2	1	2	1.0	0.1360771227289581	False	True	False	False	False	False	supported_shared_full_matrix_only	5.136077122728958					False	unclassified_shared_neuronal_or_context	exploratory_context	1.042181387872249	shared_positive_both_screens	1.042181387872249			True	True	True	5395	18861	HGNC:9122	MGI:104288	True	same_symbol
RNF139	RNF139	RNF139	Rnf139	51629356	True	False	False	False	True	True	False	False	0.9460304822565969	0.6637414095135427			0.125	0.3125			0.1359719119055218	0.20458425282091852			0.5	0.5			0.25	-0.5			3.0	4.0			6.0	4.0			1.0	0.75			2	1	2	1.0	0.1359719119055218	False	True	False	False	False	False	supported_shared_full_matrix_only	5.135971911905521					False	unclassified_shared_neuronal_or_context	exploratory_context	1.0336485314112038	shared_positive_both_screens	1.0336485314112038			True	True	True	11236	75841	HGNC:17023	MGI:1923091	True	same_symbol
PARN	PARN	PARN	Parn	51629498	True	False	False	False	True	True	False	False	0.9460304822565969	0.6637414095135427			0.125	0.3125			0.1359223300970873	0.24922624252265757			0.5	0.5			0.25	-0.5			3.0	4.0			6.0	4.0			1.0	0.75			2	1	2	1.0	0.1359223300970873	False	True	False	False	False	False	supported_shared_full_matrix_only	5.135922330097087					False	unclassified_shared_neuronal_or_context	exploratory_context	1.0397448541824048	shared_positive_both_screens	1.0397448541824048			True	True	True	5073	74108	HGNC:8609	MGI:1921358	True	same_symbol
HCFC1	HCFC1	HCFC1	Hcfc1	51619037	True	False	False	False	True	True	False	False	0.9460304822565969	0.6637414095135427			0.125	0.3125			0.1355426304087502	0.35344061845081953			0.5	0.5			0.25	-0.5			3.0	4.0			6.0	4.0			1.0	0.75			2	1	2	1.0	0.1355426304087502	False	True	False	False	False	False	supported_shared_full_matrix_only	5.13554263040875					False	unclassified_shared_neuronal_or_context	exploratory_context	1.0299405389513283	shared_positive_both_screens	1.0299405389513283			True	True	True	3054	15161	HGNC:4839	MGI:105942	True	same_symbol
BRMS1	BRMS1	BRMS1	Brms1	51626748	True	False	False	False	True	True	False	False	0.9460304822565969	0.6637414095135427			0.125	0.3125			0.1398819023300351	0.13531263569257485			0.5	0.5			0.5	-0.5			3.0	4.0			6.0	4.0			1.0	0.75			2	1	2	1.0	0.13531263569257485	False	True	False	False	False	False	supported_shared_full_matrix_only	5.135312635692575					False	unclassified_shared_neuronal_or_context	exploratory_context	1.0148291352624876	shared_positive_both_screens	1.0148291352624876			True	True	True	25855	107392	HGNC:17262	MGI:2388804	True	same_symbol
TPPP3	TPPP3	TPPP3	Tppp3	51630006	True	False	False	False	True	True	False	False	0.9460304822565969	0.6637414095135427			0.125	0.3125			0.1352936482604532	0.26600602351112407			0.5	0.5			0.5	-0.5			3.0	4.0			6.0	4.0			1.0	0.75			2	1	2	1.0	0.1352936482604532	False	True	False	False	False	False	supported_shared_full_matrix_only	5.135293648260453					False	unclassified_shared_neuronal_or_context	exploratory_context	1.0041530735631616	shared_positive_both_screens	1.0041530735631616			True	True	True	51673	67971	HGNC:24162	MGI:1915221	True	same_symbol
MRPL46	MRPL46	MRPL46	Mrpl46	51621142	True	False	False	False	True	True	False	False	0.9460304822565969	0.6637414095135427			0.125	0.3125			0.1351739546760293	0.2529111323923332			0.5	0.5			0.25	-0.5			3.0	4.0			6.0	4.0			1.0	0.75			2	1	2	1.0	0.1351739546760293	False	True	False	False	False	False	supported_shared_full_matrix_only	5.135173954676029					False	unclassified_shared_neuronal_or_context	exploratory_context	1.0002984877613026	shared_positive_both_screens	1.0002984877613026			True	True	True	26589	67308	HGNC:1192	MGI:1914558	True	same_symbol
PIAS4	PIAS4	PIAS4	Pias4	51623824	True	False	False	False	True	True	False	False	0.9460304822565969	0.6637414095135427			0.125	0.3125			0.1346951803383338	0.248226764518479			0.5	0.5			0.5	-0.5			3.0	4.0			6.0	4.0			1.0	0.75			2	1	2	1.0	0.1346951803383338	False	True	False	False	False	False	supported_shared_full_matrix_only	5.134695180338333					False	unclassified_shared_neuronal_or_context	exploratory_context	1.0307232139622806	shared_positive_both_screens	1.0307232139622806			True	True	True	51588	59004	HGNC:17002	MGI:2136940	True	same_symbol
YY1	YY1	YY1	Yy1	51619699	True	False	False	False	True	True	False	False	0.9460304822565969	0.6637414095135427			0.125	0.3125			0.2811602298116821	0.13394789930616804			0.5	0.5			0.25	-0.5			3.0	4.0			6.0	4.0			1.0	0.75			2	1	2	1.0	0.13394789930616804	False	True	False	False	False	False	supported_shared_full_matrix_only	5.133947899306168					False	unclassified_shared_neuronal_or_context	exploratory_context	1.07627765382909	shared_positive_both_screens	1.07627765382909			True	True	True	7528	22632	HGNC:12856	MGI:99150	True	same_symbol
TBC1D7	TBC1D7	TBC1D7	Tbc1d7	51629877	True	False	False	False	True	True	False	False	0.9460304822565969	0.6637414095135427			0.125	0.3125			0.1336977338014682	0.15744637575164822			0.5	0.5			0.5	-0.5			3.0	4.0			6.0	4.0			1.0	0.75			2	1	2	1.0	0.1336977338014682	False	True	False	False	False	False	supported_shared_full_matrix_only	5.133697733801468					False	unclassified_shared_neuronal_or_context	exploratory_context	1.0277023699081316	shared_positive_both_screens	1.0277023699081316			True	True	True	51256	67046	HGNC:21066	MGI:1914296	True	same_symbol
TOB1	TOB1	TOB1	Tob1	51627071	True	False	False	False	True	True	False	False	0.9460304822565969	0.6637414095135427			0.125	0.3125			0.1330593680178742	0.22865747873034376			0.5	0.5			0.5	-0.5			3.0	4.0			6.0	4.0			1.0	0.75			2	1	2	1.0	0.1330593680178742	False	True	False	False	False	False	supported_shared_full_matrix_only	5.133059368017874					False	unclassified_shared_neuronal_or_context	exploratory_context	1.0315356743526216	shared_positive_both_screens	1.0315356743526216			True	True	True	10140	22057	HGNC:11979	MGI:1349721	True	same_symbol
PRR14	PRR14	PRR14	Prr14	51620251	True	False	False	False	True	True	False	False	0.9460304822565969	0.6637414095135427			0.125	0.3125			0.1579532814238042	0.13282952353194266			0.5	0.5			0.25	-0.5			3.0	4.0			6.0	4.0			1.0	0.75			2	1	2	1.0	0.13282952353194266	False	True	False	False	False	False	supported_shared_full_matrix_only	5.132829523531942					False	unclassified_shared_neuronal_or_context	exploratory_context	1.0273722385681725	shared_positive_both_screens	1.0273722385681725			True	True	True	78994	233895	HGNC:28458	MGI:2384565	True	same_symbol
STK11	STK11	STK11	Stk11	51622995	True	False	False	False	True	True	False	False	0.9460304822565969	0.6637414095135427			0.125	0.3125			0.15500778098950146	0.1326892459111304			0.5	0.5			0.25	-0.5			3.0	4.0			6.0	4.0			1.0	0.75			2	1	2	1.0	0.1326892459111304	False	True	False	False	False	False	supported_shared_full_matrix_only	5.132689245911131					False	unclassified_shared_neuronal_or_context	exploratory_context	1.0331723114777829	shared_positive_both_screens	1.0331723114777829			True	True	True	6794	20869	HGNC:11389	MGI:1341870	True	same_symbol
HMGXB4	HMGXB4	HMGXB4	Hmgxb4	51619568	True	False	False	False	True	True	False	False	0.9460304822565969	0.6637414095135427			0.125	0.3125			0.28047268601541736	0.1323560914073538			0.5	0.5			0.5	-0.5			3.0	4.0			6.0	4.0			1.0	0.75			2	1	2	1.0	0.1323560914073538	False	True	False	False	False	False	supported_shared_full_matrix_only	5.132356091407353					False	unclassified_shared_neuronal_or_context	exploratory_context	1.04246214560033	shared_positive_both_screens	1.04246214560033			True	True	True	10042	70823	HGNC:5003	MGI:1918073	True	same_symbol
UAP1	UAP1	UAP1	Uap1	51619716	True	False	False	False	True	True	False	False	0.9460304822565969	0.6637414095135427			0.125	0.3125			0.1522103415256942	0.13207238973041568			0.5	0.5			0.25	-0.5			3.0	4.0			6.0	4.0			1.0	0.75			2	1	2	1.0	0.13207238973041568	False	True	False	False	False	False	supported_shared_full_matrix_only	5.132072389730416					False	unclassified_shared_neuronal_or_context	exploratory_context	1.0293417342517903	shared_positive_both_screens	1.0293417342517903			True	True	True	6675	107652	HGNC:12457	MGI:1334459	True	same_symbol
SLC7A6OS	SLC7A6OS	SLC7A6OS	Slc7a6os	51622304	True	False	False	False	True	True	False	False	0.9460304822565969	0.6637414095135427			0.125	0.3125			0.2191323692992213	0.131856106568739			0.5	0.5			0.25	-0.5			3.0	4.0			6.0	4.0			1.0	0.75			2	1	2	1.0	0.131856106568739	False	True	False	False	False	False	supported_shared_full_matrix_only	5.131856106568739					False	unclassified_shared_neuronal_or_context	exploratory_context	1.039302106309909	shared_positive_both_screens	1.039302106309909			True	True	True	84138	66432	HGNC:25807	MGI:1916951	True	same_symbol
TBCC	TBCC	TBCC	Tbcc	51622294	True	False	False	False	True	True	False	False	0.9460304822565969	0.6637414095135427			0.125	0.3125			0.3258857325247367	0.13181635230600547			0.5	0.5			0.5	-0.5			3.0	4.0			6.0	4.0			1.0	0.75			2	1	2	1.0	0.13181635230600547	False	True	False	False	False	False	supported_shared_full_matrix_only	5.131816352306005					False	unclassified_shared_neuronal_or_context	exploratory_context	1.0244375868759648	shared_positive_both_screens	1.0244375868759648			True	True	True	6903	72726	HGNC:11580	MGI:1919976	True	same_symbol
SMAD4	SMAD4	SMAD4	Smad4	51621340	True	False	False	False	True	True	False	False	0.9460304822565969	0.6637414095135427			0.125	0.3125			0.2142170989433237	0.13163400212113724			0.5	0.5			0.25	-0.5			3.0	4.0			6.0	4.0			1.0	0.75			2	1	2	1.0	0.13163400212113724	False	True	False	False	False	False	supported_shared_full_matrix_only	5.131634002121137					False	unclassified_shared_neuronal_or_context	exploratory_context	1.057552072481004	shared_positive_both_screens	1.057552072481004			True	True	True	4089	17128	HGNC:6770	MGI:894293	True	same_symbol
CLN8	CLN8	CLN8	Cln8	51632389	True	False	False	False	True	True	False	False	0.9460304822565969	0.6637414095135427			0.125	0.3125			0.1311043728056176	0.20563757417860756			0.5	0.5			0.25	-0.5			3.0	4.0			6.0	4.0			1.0	0.75			2	1	2	1.0	0.1311043728056176	False	True	False	False	False	False	supported_shared_full_matrix_only	5.131104372805618					False	unclassified_shared_neuronal_or_context	exploratory_context	1.001903886342221	shared_positive_both_screens	1.001903886342221			True	True	True	2055	26889	HGNC:2079	MGI:1349447	True	same_symbol
MRPL17	MRPL17	MRPL17	Mrpl17	51628337	True	False	False	False	True	True	False	False	0.9460304822565969	0.6637414095135427			0.125	0.3125			0.1309447813597191	0.41092767622933757			0.5	0.5			0.25	-0.5			3.0	4.0			6.0	4.0			1.0	0.75			2	1	2	1.0	0.1309447813597191	False	True	False	False	False	False	supported_shared_full_matrix_only	5.1309447813597195					False	unclassified_shared_neuronal_or_context	exploratory_context	1.0145625825667215	shared_positive_both_screens	1.0145625825667215			True	True	True	63875	27397	HGNC:14053	MGI:1351608	True	same_symbol
AIMP2	AIMP2	AIMP2	Aimp2	51627721	True	False	False	False	True	True	False	False	0.9460304822565969	0.6637414095135427			0.125	0.3125			0.1308649856367698	0.20093406059596675			0.5	0.5			0.25	-0.5			3.0	4.0			6.0	4.0			1.0	0.75			2	1	2	1.0	0.1308649856367698	False	True	False	False	False	False	supported_shared_full_matrix_only	5.130864985636769					False	unclassified_shared_neuronal_or_context	exploratory_context	1.0216940660918612	shared_positive_both_screens	1.0216940660918612			True	True	True	7965	231872	HGNC:20609	MGI:2385237	True	same_symbol
EMG1	EMG1	EMG1	Emg1	51628774	True	False	False	False	True	True	False	False	0.9460304822565969	0.6637414095135427			0.125	0.3125			0.1306255984679221	0.5389845784273146			0.5	0.5			0.25	-0.5			3.0	4.0			6.0	4.0			1.0	0.75			2	1	2	1.0	0.1306255984679221	False	True	False	False	False	False	supported_shared_full_matrix_only	5.1306255984679225					False	unclassified_shared_neuronal_or_context	exploratory_context	1.022788848901934	shared_positive_both_screens	1.022788848901934			True	True	True	10436	14791	HGNC:16912	MGI:1315195	True	same_symbol
UBLCP1	UBLCP1	UBLCP1	Ublcp1	51619574	True	False	False	False	True	True	False	False	0.9460304822565969	0.6637414095135427			0.125	0.3125			0.1295882540695818	0.18167923058748783			0.5	0.5			0.25	-0.5			3.0	4.0			6.0	4.0			1.0	0.75			2	1	2	1.0	0.1295882540695818	False	True	False	False	False	False	supported_shared_full_matrix_only	5.129588254069581					False	unclassified_shared_neuronal_or_context	exploratory_context	1.044904655731812	shared_positive_both_screens	1.044904655731812			True	True	True	134510	79560	HGNC:28110	MGI:1933105	True	same_symbol
PRPF4	PRPF4	PRPF4	Prpf4	51623191	True	False	False	False	True	True	False	False	0.9460304822565969	0.6637414095135427			0.125	0.3125			0.1295084583466326	0.24044724272687795			0.5	0.5			0.25	-0.5			3.0	4.0			6.0	4.0			1.0	0.75			2	1	2	1.0	0.1295084583466326	False	True	False	False	False	False	supported_shared_full_matrix_only	5.129508458346633					False	unclassified_shared_neuronal_or_context	exploratory_context	1.0211688094637497	shared_positive_both_screens	1.0211688094637497			True	True	True	9128	70052	HGNC:17349	MGI:1917302	True	same_symbol
KIAA1143	KIAA1143	KIAA1143	1110059G10Rik	51619166	True	False	False	False	True	True	False	False	0.9460304822565969	0.6637414095135427			0.125	0.3125			0.129468560485158	0.2719185021720726			0.5	0.5			0.5	-0.5			3.0	4.0			6.0	4.0			1.0	0.75			2	1	2	1.0	0.129468560485158	False	True	False	False	False	False	supported_shared_full_matrix_only	5.129468560485158					False	unclassified_shared_neuronal_or_context	not_prioritized	0.5206092586968403	screen_specific_or_low_priority	0.5206092586968403			True	False	False	57456	66202	HGNC:29198	MGI:1913452	False	nonidentical_symbol
GDAP2	GDAP2	GDAP2	Gdap2	51620176	True	False	False	False	True	True	False	False	0.9460304822565969	0.6637414095135427			0.125	0.3125			0.12939249123362195	0.20563559145605192			0.5	0.5			0.25	-0.5			3.0	4.0			6.0	4.0			1.0	0.75			2	1	2	1.0	0.12939249123362195	False	True	False	False	False	False	supported_shared_full_matrix_only	5.129392491233622					False	unclassified_shared_neuronal_or_context	exploratory_context	1.0340444343089163	shared_positive_both_screens	1.0340444343089163			True	True	True	54834	14547	HGNC:18010	MGI:1338001	True	same_symbol
PAK1IP1	PAK1IP1	PAK1IP1	Pak1ip1	51619477	True	False	False	False	True	True	False	False	0.9460304822565969	0.6637414095135427			0.125	0.3125			0.1293089690392595	0.4157090116722877			0.5	0.5			0.25	-0.5			3.0	4.0			6.0	4.0			1.0	0.75			2	1	2	1.0	0.1293089690392595	False	True	False	False	False	False	supported_shared_full_matrix_only	5.1293089690392595					False	unclassified_shared_neuronal_or_context	exploratory_context	1.0230315991879384	shared_positive_both_screens	1.0230315991879384			True	True	True	55003	68083	HGNC:20882	MGI:1915333	True	same_symbol
ZNF3	ZNF3	ZNF3	Zfp113	51636375	True	False	False	False	True	True	False	False	0.9460304822565969	0.6637414095135427			0.125	0.3125			0.2091212458286985	0.12923360833695174			0.5	0.5			0.5	-0.5			3.0	4.0			6.0	4.0			1.0	0.75			2	1	2	1.0	0.12923360833695174	False	True	False	False	False	False	supported_shared_full_matrix_only	5.129233608336952					False	unclassified_shared_neuronal_or_context	not_prioritized	0.5176072312199506	screen_specific_or_low_priority	0.5176072312199506			True	False	False	7551	56314	HGNC:13089	MGI:1929116	False	nonidentical_symbol
CDC73	CDC73	CDC73	Cdc73	51621755	True	False	False	False	True	True	False	False	0.9460304822565969	0.6637414095135427			0.125	0.3125			0.2298850574712643	0.1290658590294655			0.5	0.5			0.25	-0.5			3.0	4.0			6.0	4.0			1.0	0.75			2	1	2	1.0	0.1290658590294655	False	True	False	False	False	False	supported_shared_full_matrix_only	5.129065859029465					False	unclassified_shared_neuronal_or_context	exploratory_context	1.0637380337208917	shared_positive_both_screens	1.0637380337208917			True	True	True	79577	214498	HGNC:16783	MGI:2384876	True	same_symbol
C1ORF174	C1orf174	C1orf174	A430005L14Rik	51629082	True	False	False	False	True	True	False	False	0.9460304822565969	0.6637414095135427			0.125	0.3125			0.1284711139482923	0.19623667630379715			0.5	0.5			0.25	-0.5			3.0	4.0			6.0	4.0			1.0	0.75			2	1	2	1.0	0.1284711139482923	False	True	False	False	False	False	supported_shared_full_matrix_only	5.128471113948292					False	unclassified_shared_neuronal_or_context	not_prioritized	0.5076535925702608	screen_specific_or_low_priority	0.5076535925702608			True	False	False	339448	97159	HGNC:27915	MGI:2140680	False	nonidentical_symbol
NRIP1	NRIP1	NRIP1	Nrip1	51620323	True	False	False	False	True	True	False	False	0.9460304822565969	0.6637414095135427			0.125	0.3125			0.2172784575454208	0.12800655091532387			0.5	0.5			0.5	-0.5			3.0	4.0			6.0	4.0			1.0	0.75			2	1	2	1.0	0.12800655091532387	False	True	False	False	False	False	supported_shared_full_matrix_only	5.128006550915324					False	unclassified_shared_neuronal_or_context	exploratory_context	1.04732185516347	shared_positive_both_screens	1.04732185516347			True	True	True	8204	268903	HGNC:8001	MGI:1315213	True	same_symbol
ERCC5	ERCC5	ERCC5	Ercc5	51628540	True	False	False	False	True	True	False	False	0.9460304822565969	0.6637414095135427			0.125	0.3125			0.1280806572068708	0.12784347198512158			0.5	0.5			0.25	-0.5			3.0	4.0			6.0	4.0			1.0	0.75			2	1	2	1.0	0.12784347198512158	False	True	False	False	False	False	supported_shared_full_matrix_only	5.127843471985122					False	unclassified_shared_neuronal_or_context	exploratory_context	1.0002215926676723	shared_positive_both_screens	1.0002215926676723			True	True	True	2073	22592	HGNC:3437	MGI:103582	True	same_symbol
LMNB2	LMNB2	LMNB2	Lmnb2	51620041	True	False	False	False	True	True	False	False	0.9460304822565969	0.6637414095135427			0.125	0.3125			0.1275933609958506	0.12993227019749895			0.5	0.5			0.25	-0.5			3.0	4.0			6.0	4.0			1.0	0.75			2	1	2	1.0	0.1275933609958506	False	True	False	False	False	False	supported_shared_full_matrix_only	5.127593360995851					False	unclassified_shared_neuronal_or_context	exploratory_context	1.01323926005616	shared_positive_both_screens	1.01323926005616			True	True	True	84823	16907	HGNC:6638	MGI:96796	True	same_symbol
SUMF2	SUMF2	SUMF2	Sumf2	51628347	True	False	False	False	True	True	False	False	0.9460304822565969	0.6637414095135427			0.125	0.3125			0.1275491286614757	0.19375090461716596			0.5	0.5			0.25	-0.5			3.0	4.0			6.0	4.0			1.0	0.75			2	1	2	1.0	0.1275491286614757	False	True	False	False	False	False	supported_shared_full_matrix_only	5.127549128661475					False	unclassified_shared_neuronal_or_context	exploratory_context	1.0285930062805932	shared_positive_both_screens	1.0285930062805932			True	True	True	25870	67902	HGNC:20415	MGI:1915152	True	same_symbol
NFXL1	NFXL1	NFXL1	Nfxl1	51624740	True	False	False	False	True	True	False	False	0.9460304822565969	0.6637414095135427			0.125	0.3125			0.1757508342602892	0.1274967433782023			0.5	0.5			0.5	-0.5			3.0	4.0			6.0	4.0			1.0	0.75			2	1	2	1.0	0.1274967433782023	False	True	False	False	False	False	supported_shared_full_matrix_only	5.127496743378202					False	unclassified_shared_neuronal_or_context	exploratory_context	1.0458575390358025	shared_positive_both_screens	1.0458575390358025			True	True	True	152518	100978	HGNC:18726	MGI:1923646	True	same_symbol
SEPHS2	SEPHS2	SEPHS2	Sephs2	51617268	True	False	False	False	True	True	False	False	0.9460304822565969	0.6637414095135427			0.125	0.3125			0.1273938716884775	0.22567325191900275			0.5	0.5			0.25	-0.5			3.0	4.0			6.0	4.0			1.0	0.75			2	1	2	1.0	0.1273938716884775	False	True	False	False	False	False	supported_shared_full_matrix_only	5.1273938716884775					False	unclassified_shared_neuronal_or_context	exploratory_context	1.0225160500035082	shared_positive_both_screens	1.0225160500035082			True	True	True	22928	20768	HGNC:19686	MGI:108388	True	same_symbol
RBM15B	RBM15B	RBM15B	Rbm15b	51629355	True	False	False	False	True	True	False	False	0.9460304822565969	0.6637414095135427			0.125	0.3125			0.127234280242579	0.1322188449848024			0.5	0.5			0.25	-0.5			3.0	4.0			6.0	4.0			1.0	0.75			2	1	2	1.0	0.127234280242579	False	True	False	False	False	False	supported_shared_full_matrix_only	5.127234280242579					False	unclassified_shared_neuronal_or_context	exploratory_context	1.018991047754083	shared_positive_both_screens	1.018991047754083			True	True	True	29890	109095	HGNC:24303	MGI:1923598	True	same_symbol
GPN3	GPN3	GPN3	Gpn3	51616357	True	False	False	False	True	True	False	False	0.9460304822565969	0.6637414095135427			0.125	0.3125			0.1268751994893073	0.2359092864776339			0.5	0.5			0.25	-0.5			3.0	4.0			6.0	4.0			1.0	0.75			2	1	2	1.0	0.1268751994893073	False	True	False	False	False	False	supported_shared_full_matrix_only	5.126875199489307					False	unclassified_shared_neuronal_or_context	exploratory_context	1.0117995094867849	shared_positive_both_screens	1.0117995094867849			True	True	True	51184	68080	HGNC:30186	MGI:1289326	True	same_symbol
PLXNC1	PLXNC1	PLXNC1	Plxnc1	51619788	True	False	False	False	True	True	False	False	0.9460304822565969	0.6637414095135427			0.125	0.3125			0.1968854282536151	0.1268303007591844			0.5	0.5			0.5	-0.5			3.0	4.0			6.0	4.0			1.0	0.75			2	1	2	1.0	0.1268303007591844	False	True	False	False	False	False	supported_shared_full_matrix_only	5.126830300759185					False	axon_guidance_adhesion	mechanism_followup_candidate	1.5520098570231131	shared_positive_both_screens	1.5520098570231131			True	True	True	10154	54712	HGNC:9106	MGI:1890127	True	same_symbol
CIZ1	CIZ1	CIZ1	Ciz1	51617770	True	False	False	False	True	True	False	False	0.9460304822565969	0.6637414095135427			0.125	0.3125			0.1664139802106607	0.1266082358329516			0.5	0.5			0.25	-0.5			3.0	4.0			6.0	4.0			1.0	0.75			2	1	2	1.0	0.1266082358329516	False	True	False	False	False	False	supported_shared_full_matrix_only	5.126608235832951					False	unclassified_shared_neuronal_or_context	exploratory_context	1.0483876325151302	shared_positive_both_screens	1.0483876325151302			True	True	True	25792	68379	HGNC:16744	MGI:1920234	True	same_symbol
NCLN	NCLN	NCLN	Ncln	51623008	True	False	False	False	True	True	False	False	0.9460304822565969	0.6637414095135427			0.125	0.3125			0.12632974633903796	0.21730787914116384			0.5	0.5			0.25	-0.5			3.0	4.0			6.0	4.0			1.0	0.75			2	1	2	1.0	0.12632974633903796	False	True	False	False	False	False	supported_shared_full_matrix_only	5.126329746339038					False	unclassified_shared_neuronal_or_context	exploratory_context	1.0465876612964888	shared_positive_both_screens	1.0465876612964888			True	True	True	56926	103425	HGNC:26923	MGI:1926081	True	same_symbol
S100PBP	S100PBP	S100PBP	S100pbp	51635298	True	False	False	False	True	True	False	False	0.9460304822565969	0.6637414095135427			0.125	0.3125			0.1258401792382374	0.1789348964440856			0.5	0.5			0.5	-0.5			3.0	4.0			6.0	4.0			1.0	0.75			2	1	2	1.0	0.1258401792382374	False	True	False	False	False	False	supported_shared_full_matrix_only	5.125840179238238					False	unclassified_shared_neuronal_or_context	exploratory_context	1.0339216650560763	shared_positive_both_screens	1.0339216650560763			True	True	True	64766	74648	HGNC:25768	MGI:1921898	True	same_symbol
MRPL49	MRPL49	MRPL49	Mrpl49	51622745	True	False	False	False	True	True	False	False	0.9460304822565969	0.6637414095135427			0.125	0.3125			0.1257580593680178	0.31619195581407067			0.5	0.5			0.25	-0.5			3.0	4.0			6.0	4.0			1.0	0.75			2	1	2	1.0	0.1257580593680178	False	True	False	False	False	False	supported_shared_full_matrix_only	5.125758059368017					False	unclassified_shared_neuronal_or_context	exploratory_context	1.0206031980762238	shared_positive_both_screens	1.0206031980762238			True	True	True	740	18120	HGNC:1176	MGI:108180	True	same_symbol
NUP155	NUP155	NUP155	Nup155	51629442	True	False	False	False	True	True	False	False	0.9460304822565969	0.6637414095135427			0.125	0.3125			0.125324434556915	0.1484476769431176			0.5	0.5			0.25	-0.5			3.0	4.0			6.0	4.0			1.0	0.75			2	1	2	1.0	0.125324434556915	False	True	False	False	False	False	supported_shared_full_matrix_only	5.125324434556915					False	unclassified_shared_neuronal_or_context	exploratory_context	1.035577533709911	shared_positive_both_screens	1.035577533709911			True	True	True	9631	170762	HGNC:8063	MGI:2181182	True	same_symbol
TSPAN31	TSPAN31	TSPAN31	Tspan31	51624170	True	False	False	False	True	True	False	False	0.9460304822565969	0.6637414095135427			0.125	0.3125			0.1247606128311522	0.45808524517355764			0.5	0.5			0.5	-0.5			3.0	4.0			6.0	4.0			1.0	0.75			2	1	2	1.0	0.1247606128311522	False	True	False	False	False	False	supported_shared_full_matrix_only	5.124760612831152					False	unclassified_shared_neuronal_or_context	exploratory_context	1.0345261268258514	shared_positive_both_screens	1.0345261268258514			True	True	True	6302	67125	HGNC:10539	MGI:1914375	True	same_symbol
MED31	MED31	MED31	Med31	51619090	True	False	False	False	True	True	False	False	0.9460304822565969	0.6637414095135427			0.125	0.3125			0.1247207149696776	0.21211692199962265			0.5	0.5			0.25	-0.5			3.0	4.0			6.0	4.0			1.0	0.75			2	1	2	1.0	0.1247207149696776	False	True	False	False	False	False	supported_shared_full_matrix_only	5.124720714969677					False	unclassified_shared_neuronal_or_context	exploratory_context	1.0407715800901167	shared_positive_both_screens	1.0407715800901167			True	True	True	51003	67279	HGNC:24260	MGI:1914529	True	same_symbol
POLE3	POLE3	POLE3	Pole3	51629887	True	False	False	False	True	True	False	False	0.9460304822565969	0.6637414095135427			0.125	0.3125			0.2229492499202043	0.12465875150473905			0.5	0.5			0.25	-0.5			3.0	4.0			6.0	4.0			1.0	0.75			2	1	2	1.0	0.12465875150473905	False	True	False	False	False	False	supported_shared_full_matrix_only	5.1246587515047395					False	unclassified_shared_neuronal_or_context	exploratory_context	1.0164065788935146	shared_positive_both_screens	1.0164065788935146			True	True	True	54107	59001	HGNC:13546	MGI:1933378	True	same_symbol
RUVBL2	RUVBL2	RUVBL2	Ruvbl2	51622976	True	False	False	False	True	True	False	False	0.9460304822565969	0.6637414095135427			0.125	0.3125			0.2828359399936163	0.12446045162454371			0.5	0.5			0.25	-0.5			3.0	4.0			6.0	4.0			1.0	0.75			2	1	2	1.0	0.12446045162454371	False	True	False	False	False	False	supported_shared_full_matrix_only	5.124460451624544					False	unclassified_shared_neuronal_or_context	exploratory_context	1.022220401541347	shared_positive_both_screens	1.022220401541347			True	True	True	10856	20174	HGNC:10475	MGI:1342299	True	same_symbol
CLK2	CLK2	CLK2	Clk2	51619533	True	False	False	False	True	True	False	False	0.9460304822565969	0.6637414095135427			0.125	0.3125			0.1299206923613431	0.1244029526704298			0.5	0.5			0.25	-0.5			3.0	4.0			6.0	4.0			1.0	0.75			2	1	2	1.0	0.1244029526704298	False	True	False	False	False	False	supported_shared_full_matrix_only	5.12440295267043					False	unclassified_shared_neuronal_or_context	exploratory_context	1.0235940368431302	shared_positive_both_screens	1.0235940368431302			True	True	True	1196	12748	HGNC:2069	MGI:1098669	True	same_symbol
PPIL1	PPIL1	PPIL1	Ppil1	51628746	True	False	False	False	True	True	False	False	0.9460304822565969	0.6637414095135427			0.125	0.3125			0.1242419406319821	0.356219899793202			0.5	0.5			0.25	-0.5			3.0	4.0			6.0	4.0			1.0	0.75			2	1	2	1.0	0.1242419406319821	False	True	False	False	False	False	supported_shared_full_matrix_only	5.124241940631982					False	unclassified_shared_neuronal_or_context	exploratory_context	1.0130902288411998	shared_positive_both_screens	1.0130902288411998			True	True	True	51645	68816	HGNC:9260	MGI:1916066	True	same_symbol
CLK3	CLK3	CLK3	Clk3	51632387	True	False	False	False	True	True	False	False	0.9460304822565969	0.6637414095135427			0.125	0.3125			0.1231248005106926	0.2434282660892978			0.5	0.5			0.25	-0.5			3.0	4.0			6.0	4.0			1.0	0.75			2	1	2	1.0	0.1231248005106926	False	True	False	False	False	False	supported_shared_full_matrix_only	5.123124800510692					False	unclassified_shared_neuronal_or_context	exploratory_context	1.0253952310209309	shared_positive_both_screens	1.0253952310209309			True	True	True	1198	102414	HGNC:2071	MGI:1098670	True	same_symbol
PNRC2	PNRC2	PNRC2	Pnrc2	51619832	True	False	False	False	True	True	False	False	0.9460304822565969	0.6637414095135427			0.125	0.3125			0.1230450047877433	0.28486766318302315			0.5	0.5			0.5	-0.5			3.0	4.0			6.0	4.0			1.0	0.75			2	1	2	1.0	0.1230450047877433	False	True	False	False	False	False	supported_shared_full_matrix_only	5.123045004787743					False	unclassified_shared_neuronal_or_context	exploratory_context	1.042321380107038	shared_positive_both_screens	1.042321380107038			True	True	True	55629	52830	HGNC:23158	MGI:106512	True	same_symbol
FIG4	FIG4	FIG4	Fig4	51620743	True	False	False	False	True	True	False	False	0.9460304822565969	0.6637414095135427			0.125	0.3125			0.1228528752800597	0.13013351653689745			0.5	0.5			0.5	-0.5			3.0	4.0			6.0	4.0			1.0	0.75			2	1	2	1.0	0.1228528752800597	False	True	False	False	False	False	supported_shared_full_matrix_only	5.12285287528006					False	unclassified_shared_neuronal_or_context	exploratory_context	1.032947867815387	shared_positive_both_screens	1.032947867815387			True	True	True	9896	103199	HGNC:16873	MGI:2143585	True	same_symbol
EXOG	EXOG	EXOG	Exog	51632768	True	False	False	False	True	True	False	False	0.9460304822565969	0.6637414095135427			0.125	0.3125			0.1420096403411197	0.12252504360819605			0.5	0.5			0.25	-0.5			3.0	4.0			6.0	4.0			1.0	0.75			2	1	2	1.0	0.12252504360819605	False	True	False	False	False	False	supported_shared_full_matrix_only	5.122525043608196					False	unclassified_shared_neuronal_or_context	exploratory_context	1.0320342520926773	shared_positive_both_screens	1.0320342520926773			True	True	True	9941	208194	HGNC:3347	MGI:2143333	True	same_symbol
RCOR1	RCOR1	RCOR1	Rcor1	51617881	True	False	False	False	True	True	False	False	0.9460304822565969	0.6637414095135427			0.125	0.3125			0.1446051167964405	0.122467071935157			0.5	0.5			0.25	-0.5			3.0	4.0			6.0	4.0			1.0	0.75			2	1	2	1.0	0.122467071935157	False	True	False	False	False	False	supported_shared_full_matrix_only	5.122467071935157					False	unclassified_shared_neuronal_or_context	exploratory_context	1.0413705483411495	shared_positive_both_screens	1.0413705483411495			True	True	True	23186	217864	HGNC:17441	MGI:106340	True	same_symbol
PRR12	PRR12	PRR12	Prr12	51621044	True	False	False	False	True	True	False	False	0.9460304822565969	0.6637414095135427			0.125	0.3125			0.14378245062317163	0.1222472535517406			0.5	0.5			0.25	-0.5			3.0	4.0			6.0	4.0			1.0	0.75			2	1	2	1.0	0.1222472535517406	False	True	False	False	False	False	supported_shared_full_matrix_only	5.12224725355174					False	unclassified_shared_neuronal_or_context	exploratory_context	1.0318506106904253	shared_positive_both_screens	1.0318506106904253			True	True	True	57479	233210	HGNC:29217	MGI:2679002	True	same_symbol
POT1	POT1	POT1	Pot1a	51631324	True	False	False	False	True	True	False	False	0.9460304822565969	0.6637414095135427			0.125	0.3125			0.12814452803585946	0.12215950209871176			0.5	0.5			0.5	-0.5			3.0	4.0			6.0	4.0			1.0	0.75			2	1	2	1.0	0.12215950209871176	False	True	False	False	False	False	supported_shared_full_matrix_only	5.122159502098712					False	unclassified_shared_neuronal_or_context	not_prioritized	0.5133657835939993	screen_specific_or_low_priority	0.5133657835939993			True	False	False	25913	101185	HGNC:17284	MGI:2141503	False	nonidentical_symbol
NOC4L	NOC4L	NOC4L	Noc4l	51617189	True	False	False	False	True	True	False	False	0.9460304822565969	0.6637414095135427			0.125	0.3125			0.1219278646664538	0.2865539687166035			0.5	0.5			0.25	-0.5			3.0	4.0			6.0	4.0			1.0	0.75			2	1	2	1.0	0.1219278646664538	False	True	False	False	False	False	supported_shared_full_matrix_only	5.1219278646664534					False	unclassified_shared_neuronal_or_context	exploratory_context	1.006946216201324	shared_positive_both_screens	1.006946216201324			True	True	True	79050	100608	HGNC:28461	MGI:2140843	True	same_symbol
SLC39A11	SLC39A11	SLC39A11	Slc39a11	51630327	True	False	False	False	True	True	False	False	0.9460304822565969	0.6637414095135427			0.125	0.3125			0.2247946228528752	0.12161418897204385			0.5	0.5			0.5	-0.5			3.0	4.0			6.0	4.0			1.0	0.75			2	1	2	1.0	0.12161418897204385	False	True	False	False	False	False	supported_shared_full_matrix_only	5.1216141889720435					False	unclassified_shared_neuronal_or_context	exploratory_context	1.062681460421451	shared_positive_both_screens	1.062681460421451			True	True	True	201266	69806	HGNC:14463	MGI:1917056	True	same_symbol
PRKACA	PRKACA	PRKACA	Prkaca	51623909	True	False	False	False	True	True	False	False	0.9460304822565969	0.6637414095135427			0.125	0.3125			0.1213874270759654	0.6085411722252294			0.5	0.5			0.25	-0.5			3.0	4.0			6.0	4.0			1.0	0.75			2	1	2	1.0	0.1213874270759654	False	True	False	False	False	False	supported_shared_full_matrix_only	5.121387427075965					False	unclassified_shared_neuronal_or_context	exploratory_context	1.06923221004875	shared_positive_both_screens	1.06923221004875			True	True	True	5566	18747	HGNC:9380	MGI:97592	True	same_symbol
EIF3B	EIF3B	EIF3B	Eif3b	51618855	True	False	False	False	True	True	False	False	0.9460304822565969	0.6637414095135427			0.125	0.3125			0.12129317251917425	0.23268248110797252			0.5	0.5			0.25	-0.5			3.0	4.0			6.0	4.0			1.0	0.75			2	1	2	1.0	0.12129317251917425	False	True	False	False	False	False	supported_shared_full_matrix_only	5.121293172519175					False	metabolic_or_housekeeping_support	supporting_context_not_core_executor	0.5581846348160373	shared_positive_both_screens	0.5581846348160373			True	True	True	8662	27979	HGNC:3280	MGI:106478	True	same_symbol
MED29	MED29	MED29	Med29	51617712	True	False	False	False	True	True	False	False	0.9460304822565969	0.6637414095135427			0.125	0.3125			0.1199728694541972	0.23359753269674483			0.5	0.5			0.25	-0.5			3.0	4.0			6.0	4.0			1.0	0.75			2	1	2	1.0	0.1199728694541972	False	True	False	False	False	False	supported_shared_full_matrix_only	5.119972869454197					False	unclassified_shared_neuronal_or_context	exploratory_context	1.0257816971251184	shared_positive_both_screens	1.0257816971251184			True	True	True	55588	67224	HGNC:23074	MGI:1914474	True	same_symbol
NUAK1	NUAK1	NUAK1	Nuak1	51624633	True	False	False	False	True	True	False	False	0.9460304822565969	0.6637414095135427			0.125	0.3125			0.18257377619906934	0.11992104886294999			0.5	0.5			0.5	-0.5			3.0	4.0			6.0	4.0			1.0	0.75			2	1	2	1.0	0.11992104886294999	False	True	False	False	False	False	supported_shared_full_matrix_only	5.11992104886295					False	unclassified_shared_neuronal_or_context	exploratory_context	1.0508924499118222	shared_positive_both_screens	1.0508924499118222			True	True	True	9891	77976	HGNC:14311	MGI:1925226	True	same_symbol
MEX3B	MEX3B	MEX3B	Mex3b	51620024	True	False	False	False	True	True	False	False	0.9460304822565969	0.6637414095135427			0.125	0.3125			0.1959782955633578	0.1198364731838021			0.5	0.5			0.5	-0.5			3.0	4.0			6.0	4.0			1.0	0.75			2	1	2	1.0	0.1198364731838021	False	True	False	False	False	False	supported_shared_full_matrix_only	5.119836473183802					False	unclassified_shared_neuronal_or_context	exploratory_context	1.0078552649817532	shared_positive_both_screens	1.0078552649817532			True	True	True	84206	108797	HGNC:25297	MGI:1918252	True	same_symbol
TMEM107	TMEM107	TMEM107	Tmem107	51626149	True	False	False	False	True	True	False	False	0.9460304822565969	0.6637414095135427			0.125	0.3125			0.119573890839451	0.16727734521380686			0.5	0.5			0.25	-0.5			3.0	4.0			6.0	4.0			1.0	0.75			2	1	2	1.0	0.119573890839451	False	True	False	False	False	False	supported_shared_full_matrix_only	5.119573890839451					False	unclassified_shared_neuronal_or_context	exploratory_context	1.018709267573525	shared_positive_both_screens	1.018709267573525			True	True	True	84314	66910	HGNC:28128	MGI:1914160	True	same_symbol
LBR	LBR	LBR	Lbr	51624195	True	False	False	False	True	True	False	False	0.9460304822565969	0.6637414095135427			0.125	0.3125			0.2934487711458666	0.11953685583822565			0.5	0.5			0.5	-0.5			3.0	4.0			6.0	4.0			1.0	0.75			2	1	2	1.0	0.11953685583822565	False	True	False	False	False	False	supported_shared_full_matrix_only	5.119536855838225					False	unclassified_shared_neuronal_or_context	exploratory_context	1.043358401401673	shared_positive_both_screens	1.043358401401673			True	True	True	3930	98386	HGNC:6518	MGI:2138281	True	same_symbol
VHL	VHL	VHL	Vhl	51627327	True	False	False	False	True	True	False	False	0.9460304822565969	0.6637414095135427			0.125	0.3125			0.1193345036706032	0.22059027633204253			0.5	0.5			0.25	-0.5			3.0	4.0			6.0	4.0			1.0	0.75			2	1	2	1.0	0.1193345036706032	False	True	False	False	False	False	supported_shared_full_matrix_only	5.119334503670603					False	unclassified_shared_neuronal_or_context	exploratory_context	1.0363758415090665	shared_positive_both_screens	1.0363758415090665			True	True	True	7428	22346	HGNC:12687	MGI:103223	True	same_symbol
ZNF800	ZNF800	ZNF800	Zfp800	51622331	True	False	False	False	True	True	False	False	0.9460304822565969	0.6637414095135427			0.125	0.3125			0.1193919169447534	0.1178540200691177			0.5	0.5			0.25	-0.5			3.0	4.0			6.0	4.0			1.0	0.75			2	1	2	1.0	0.1178540200691177	False	True	False	False	False	False	supported_shared_full_matrix_only	5.117854020069117					False	unclassified_shared_neuronal_or_context	not_prioritized	0.5217842323651453	screen_specific_or_low_priority	0.5217842323651453			True	False	False	168850	627049	HGNC:27267	MGI:1889334	False	nonidentical_symbol
TOR1A	TOR1A	TOR1A	Tor1a	51629393	True	False	False	False	True	True	False	False	0.9460304822565969	0.6637414095135427			0.125	0.3125			0.1178183849345675	0.3265499437898155			0.5	0.5			0.25	-0.5			3.0	4.0			6.0	4.0			1.0	0.75			2	1	2	1.0	0.1178183849345675	False	True	False	False	False	False	supported_shared_full_matrix_only	5.1178183849345675					False	unclassified_shared_neuronal_or_context	exploratory_context	1.0232184857742943	shared_positive_both_screens	1.0232184857742943			True	True	True	1861	30931	HGNC:3098	MGI:1353568	True	same_symbol
CCNK	CCNK	CCNK	Ccnk	51620535	True	False	False	False	True	True	False	False	0.9460304822565969	0.6637414095135427			0.125	0.3125			0.12605484699656622	0.1173474344561491			0.5	0.5			0.25	-0.5			3.0	4.0			6.0	4.0			1.0	0.75			2	1	2	1.0	0.1173474344561491	False	True	False	False	False	False	supported_shared_full_matrix_only	5.117347434456149					False	unclassified_shared_neuronal_or_context	exploratory_context	1.0390888528973297	shared_positive_both_screens	1.0390888528973297			True	True	True	8812	12454	HGNC:1596	MGI:1276106	True	same_symbol
MRPS30	MRPS30	MRPS30	Mrps30	51622186	True	False	False	False	True	True	False	False	0.9460304822565969	0.6637414095135427			0.125	0.3125			0.1605489945738908	0.11710455094308195			0.5	0.5			0.25	-0.5			3.0	4.0			6.0	4.0			1.0	0.75			2	1	2	1.0	0.11710455094308195	False	True	False	False	False	False	supported_shared_full_matrix_only	5.117104550943082					False	unclassified_shared_neuronal_or_context	exploratory_context	1.0387930474711344	shared_positive_both_screens	1.0387930474711344			True	True	True	10884	59054	HGNC:8769	MGI:1926237	True	same_symbol
TOR2A	TOR2A	TOR2A	Tor2a	51628708	True	False	False	False	True	True	False	False	0.9460304822565969	0.6637414095135427			0.125	0.3125			0.1170603255665496	0.375886524822695			0.5	0.5			0.25	-0.5			3.0	4.0			6.0	4.0			1.0	0.75			2	1	2	1.0	0.1170603255665496	False	True	False	False	False	False	supported_shared_full_matrix_only	5.117060325566549					False	unclassified_shared_neuronal_or_context	exploratory_context	1.0120642542277738	shared_positive_both_screens	1.0120642542277738			True	True	True	27433	30933	HGNC:11996	MGI:1353596	True	same_symbol
MITD1	MITD1	MITD1	Mitd1	51629514	True	False	False	False	True	True	False	False	0.9460304822565969	0.6637414095135427			0.125	0.3125			0.1164256581386726	0.14067119123953864			0.5	0.5			0.25	-0.5			3.0	4.0			6.0	4.0			1.0	0.75			2	1	2	1.0	0.1164256581386726	False	True	False	False	False	False	supported_shared_full_matrix_only	5.116425658138673					False	unclassified_shared_neuronal_or_context	exploratory_context	1.0268291594704708	shared_positive_both_screens	1.0268291594704708			True	True	True	129531	69028	HGNC:25207	MGI:1916278	True	same_symbol
SLC25A27	SLC25A27	SLC25A27	Slc25a27	51627155	True	False	False	False	True	True	False	False	0.9460304822565969	0.6637414095135427			0.125	0.3125			0.1160548757879125	0.22749312490953827			0.5	0.5			0.25	-0.5			3.0	4.0			6.0	4.0			1.0	0.75			2	1	2	1.0	0.1160548757879125	False	True	False	False	False	False	supported_shared_full_matrix_only	5.1160548757879125					False	unclassified_shared_neuronal_or_context	exploratory_context	1.0302369267165246	shared_positive_both_screens	1.0302369267165246			True	True	True	9481	74011	HGNC:21065	MGI:1921261	True	same_symbol
SLC9A8	SLC9A8	SLC9A8	Slc9a8	51620969	True	False	False	False	True	True	False	False	0.9460304822565969	0.6637414095135427			0.125	0.3125			0.1157580283793876	0.20601751338833402			0.5	0.5			0.25	-0.5			3.0	4.0			6.0	4.0			1.0	0.75			2	1	2	1.0	0.1157580283793876	False	True	False	False	False	False	supported_shared_full_matrix_only	5.115758028379387					False	unclassified_shared_neuronal_or_context	exploratory_context	1.0315206661314773	shared_positive_both_screens	1.0315206661314773			True	True	True	23315	77031	HGNC:20728	MGI:1924281	True	same_symbol
C3ORF38	C3orf38	C3orf38	4930453N24Rik	51631085	True	False	False	False	True	True	False	False	0.9460304822565969	0.6637414095135427			0.125	0.3125			0.1147063517395467	0.1625689836597712			0.5	0.5			0.25	-0.5			3.0	4.0			6.0	4.0			1.0	0.75			2	1	2	1.0	0.1147063517395467	False	True	False	False	False	False	supported_shared_full_matrix_only	5.114706351739547					False	unclassified_shared_neuronal_or_context	not_prioritized	0.5286765879348867	screen_specific_or_low_priority	0.5286765879348867			True	False	False	285237	67609	HGNC:28384	MGI:1914859	False	nonidentical_symbol
HMGN5	HMGN5	HMGN5	Hmgn5	51633108	True	False	False	False	True	True	False	False	0.9460304822565969	0.6637414095135427			0.125	0.3125			0.1988908394510054	0.11458292256188546			0.5	0.5			0.25	-0.5			3.0	4.0			6.0	4.0			1.0	0.75			2	1	2	1.0	0.11458292256188546	False	True	False	False	False	False	supported_shared_full_matrix_only	5.114582922561885					False	unclassified_shared_neuronal_or_context	exploratory_context	1.0346947027679678	shared_positive_both_screens	1.0346947027679678			True	True	True	79366	50887	HGNC:8013	MGI:1355295	True	same_symbol
RBMX2	RBMX2	RBMX2	Rbmx2	51622400	True	False	False	False	True	True	False	False	0.9460304822565969	0.6637414095135427			0.125	0.3125			0.2176029364826045	0.11452770899142324			0.5	0.5			0.25	-0.5			3.0	4.0			6.0	4.0			1.0	0.75			2	1	2	1.0	0.11452770899142324	False	True	False	False	False	False	supported_shared_full_matrix_only	5.114527708991424					False	unclassified_shared_neuronal_or_context	exploratory_context	1.0284669160715574	shared_positive_both_screens	1.0284669160715574			True	True	True	51634	209003	HGNC:24282	MGI:1919414	True	same_symbol
SAAL1	SAAL1	SAAL1	Saal1	51629446	True	False	False	False	True	True	False	False	0.9460304822565969	0.6637414095135427			0.125	0.3125			0.1139482923715288	0.22689607757996816			0.5	0.5			0.25	-0.5			3.0	4.0			6.0	4.0			1.0	0.75			2	1	2	1.0	0.1139482923715288	False	True	False	False	False	False	supported_shared_full_matrix_only	5.1139482923715285					False	unclassified_shared_neuronal_or_context	exploratory_context	1.0249911540959789	shared_positive_both_screens	1.0249911540959789			True	True	True	113174	78935	HGNC:25158	MGI:1926185	True	same_symbol
ZC4H2	ZC4H2	ZC4H2	Zc4h2	51627169	True	False	False	False	True	True	False	False	0.9460304822565969	0.6637414095135427			0.125	0.3125			0.1221672518353016	0.1138762006357229			0.5	0.5			0.25	-0.5			3.0	4.0			6.0	4.0			1.0	0.75			2	1	2	1.0	0.1138762006357229	False	True	False	False	False	False	supported_shared_full_matrix_only	5.113876200635723					False	unclassified_shared_neuronal_or_context	exploratory_context	1.0456750592417412	shared_positive_both_screens	1.0456750592417412			True	True	True	55906	245522	HGNC:24931	MGI:2679294	True	same_symbol
DDX19A	DDX19A	DDX19A	Ddx19a	51617739	True	False	False	False	True	True	False	False	0.9460304822565969	0.6637414095135427			0.125	0.3125			0.1233010410726849	0.1137007119956697			0.5	0.5			0.5	-0.5			3.0	4.0			6.0	4.0			1.0	0.75			2	1	2	1.0	0.1137007119956697	False	True	False	False	False	False	supported_shared_full_matrix_only	5.11370071199567					False	rna_processing_neuronal_state	supporting_context_not_core_executor	1.020349267339654	shared_positive_both_screens	1.020349267339654			True	True	True	55308	13680	HGNC:25628	MGI:99526	True	same_symbol
TSHZ1	TSHZ1	TSHZ1	Tshz1	51624357	True	False	False	False	True	True	False	False	0.9460304822565969	0.6637414095135427			0.125	0.3125			0.18124857825863122	0.11324268342544985			0.5	0.5			0.5	-0.5			3.0	4.0			6.0	4.0			1.0	0.75			2	1	2	1.0	0.11324268342544985	False	True	False	False	False	False	supported_shared_full_matrix_only	5.11324268342545					False	unclassified_shared_neuronal_or_context	exploratory_context	1.0638177699012714	shared_positive_both_screens	1.0638177699012714			True	True	True	10194	110796	HGNC:10669	MGI:1346031	True	same_symbol
TIPIN	TIPIN	TIPIN	Tipin	51630108	True	False	False	False	True	True	False	False	0.9460304822565969	0.6637414095135427			0.125	0.3125			0.11319232789035764	0.1693571396114504			0.5	0.5			0.25	-0.5			3.0	4.0			6.0	4.0			1.0	0.75			2	1	2	1.0	0.11319232789035764	False	True	False	False	False	False	supported_shared_full_matrix_only	5.113192327890357					False	unclassified_shared_neuronal_or_context	exploratory_context	1.03161193202402	shared_positive_both_screens	1.03161193202402			True	True	True	54962	66131	HGNC:30750	MGI:1921571	True	same_symbol
GOLM1	GOLM1	GOLM1	Golm1	51629580	True	False	False	False	True	True	False	False	0.9460304822565969	0.6637414095135427			0.125	0.3125			0.1130886169818316	0.4136826692204133			0.5	0.5			0.25	-0.5			3.0	4.0			6.0	4.0			1.0	0.75			2	1	2	1.0	0.1130886169818316	False	True	False	False	False	False	supported_shared_full_matrix_only	5.113088616981831					False	unclassified_shared_neuronal_or_context	exploratory_context	1.0266920890719449	shared_positive_both_screens	1.0266920890719449			True	True	True	51280	105348	HGNC:15451	MGI:1917329	True	same_symbol
SLC7A1	SLC7A1	SLC7A1	Slc7a1	51625475	True	False	False	False	True	True	False	False	0.9460304822565969	0.6637414095135427			0.125	0.3125			0.14052051521442266	0.11293042428279965			0.5	0.5			0.25	-0.5			3.0	4.0			6.0	4.0			1.0	0.75			2	1	2	1.0	0.11293042428279965	False	True	False	False	False	False	supported_shared_full_matrix_only	5.1129304242827995					False	unclassified_shared_neuronal_or_context	exploratory_context	0.8760878452198714	shared_positive_both_screens	0.8760878452198714			True	True	True	6541	11987	HGNC:11057	MGI:88117	True	same_symbol
UPF1	UPF1	UPF1	Upf1	51624072	True	False	False	False	True	True	False	False	0.9460304822565969	0.6637414095135427			0.125	0.3125			0.1128000505195034	0.2531118830510927			0.5	0.5			0.25	-0.5			3.0	4.0			6.0	4.0			1.0	0.75			2	1	2	1.0	0.1128000505195034	False	True	False	False	False	False	supported_shared_full_matrix_only	5.112800050519503					False	unclassified_shared_neuronal_or_context	exploratory_context	1.042974777575294	shared_positive_both_screens	1.042974777575294			True	True	True	5976	19704	HGNC:9962	MGI:107995	True	same_symbol
ST6GALNAC4	ST6GALNAC4	ST6GALNAC4	St6galnac4	51628900	True	False	False	False	True	True	False	False	0.9460304822565969	0.6637414095135427			0.125	0.3125			0.112446390519987	0.15528236943276286			0.5	0.5			0.5	-0.5			3.0	4.0			6.0	4.0			1.0	0.75			2	1	2	1.0	0.112446390519987	False	True	False	False	False	False	supported_shared_full_matrix_only	5.112446390519987					False	unclassified_shared_neuronal_or_context	exploratory_context	1.0097817539171832	shared_positive_both_screens	1.0097817539171832			True	True	True	27090	20448	HGNC:17846	MGI:1341894	True	same_symbol
C1ORF50	C1orf50	C1orf50	AU022252	51626034	True	False	False	False	True	True	False	False	0.9460304822565969	0.6637414095135427			0.125	0.3125			0.1124321736354931	0.18453634886274245			0.5	0.5			0.25	-0.5			3.0	4.0			6.0	4.0			1.0	0.75			2	1	2	1.0	0.1124321736354931	False	True	False	False	False	False	supported_shared_full_matrix_only	5.112432173635493					False	unclassified_shared_neuronal_or_context	not_prioritized	0.5000592507364877	screen_specific_or_low_priority	0.5000592507364877			True	False	False	79078	230696	HGNC:28795	MGI:2140466	False	nonidentical_symbol
DCAF12	DCAF12	DCAF12	Dcaf12	51627700	True	False	False	False	True	True	False	False	0.9460304822565969	0.6637414095135427			0.125	0.3125			0.1123124800510692	0.18076708797815094			0.5	0.5			0.25	-0.5			3.0	4.0			6.0	4.0			1.0	0.75			2	1	2	1.0	0.1123124800510692	False	True	False	False	False	False	supported_shared_full_matrix_only	5.112312480051069					False	unclassified_shared_neuronal_or_context	exploratory_context	1.0278474532123922	shared_positive_both_screens	1.0278474532123922			True	True	True	25853	68970	HGNC:19911	MGI:1916220	True	same_symbol
RNF185	RNF185	RNF185	Rnf185	51629839	True	False	False	False	True	True	False	False	0.9460304822565969	0.6637414095135427			0.125	0.3125			0.13446615651045452	0.1118756158831938			0.5	0.5			0.25	-0.5			3.0	4.0			6.0	4.0			1.0	0.75			2	1	2	1.0	0.1118756158831938	False	True	False	False	False	False	supported_shared_full_matrix_only	5.111875615883194					False	unclassified_shared_neuronal_or_context	exploratory_context	1.0372501409741242	shared_positive_both_screens	1.0372501409741242			True	True	True	91445	193670	HGNC:26783	MGI:1922078	True	same_symbol
AAAS	AAAS	AAAS	Aaas	51630033	True	False	False	False	True	True	False	False	0.9460304822565969	0.6637414095135427			0.125	0.3125			0.1830912863070539	0.1117749927134946			0.5	0.5			0.25	-0.5			3.0	4.0			6.0	4.0			1.0	0.75			2	1	2	1.0	0.1117749927134946	False	True	False	False	False	False	supported_shared_full_matrix_only	5.111774992713495					False	unclassified_shared_neuronal_or_context	exploratory_context	1.0117273540939324	shared_positive_both_screens	1.0117273540939324			True	True	True	8086	223921	HGNC:13666	MGI:2443767	True	same_symbol
METTL8	METTL8	METTL8	Mettl8	51628336	True	False	False	False	True	True	False	False	0.9460304822565969	0.6637414095135427			0.125	0.3125			0.1116054875787912	0.15161383702417136			0.5	0.5			0.25	-0.5			3.0	4.0			6.0	4.0			1.0	0.75			2	1	2	1.0	0.1116054875787912	False	True	False	False	False	False	supported_shared_full_matrix_only	5.1116054875787915					False	unclassified_shared_neuronal_or_context	exploratory_context	1.0304813858185382	shared_positive_both_screens	1.0304813858185382			True	True	True	79828	228019	HGNC:25856	MGI:2385142	True	same_symbol
SASS6	SASS6	SASS6	Sass6	51617612	True	False	False	False	True	True	False	False	0.9460304822565969	0.6637414095135427			0.125	0.3125			0.1423804226918798	0.11141265016644955			0.5	0.5			0.5	-0.5			3.0	4.0			6.0	4.0			1.0	0.75			2	1	2	1.0	0.11141265016644955	False	True	False	False	False	False	supported_shared_full_matrix_only	5.111412650166449					False	unclassified_shared_neuronal_or_context	exploratory_context	1.013093415832457	shared_positive_both_screens	1.013093415832457			True	True	True	163786	72776	HGNC:25403	MGI:1920026	True	same_symbol
GMPR2	GMPR2	GMPR2	Gmpr2	51627634	True	False	False	False	True	True	False	False	0.9460304822565969	0.6637414095135427			0.125	0.3125			0.1109958506224066	0.15977918418897719			0.5	0.5			0.25	-0.5			3.0	4.0			6.0	4.0			1.0	0.75			2	1	2	1.0	0.1109958506224066	False	True	False	False	False	False	supported_shared_full_matrix_only	5.110995850622406					False	unclassified_shared_neuronal_or_context	exploratory_context	1.0199453817503563	shared_positive_both_screens	1.0199453817503563			True	True	True	51292	105446	HGNC:4377	MGI:1917903	True	same_symbol
EPHA3	EPHA3	EPHA3	Epha3	51618924	True	False	False	False	True	True	False	False	0.9460304822565969	0.6637414095135427			0.125	0.3125			0.1104707012487992	0.1211909421302767			0.5	0.5			0.5	-0.5			3.0	4.0			6.0	4.0			1.0	0.75			2	1	2	1.0	0.1104707012487992	False	True	False	False	False	False	supported_shared_full_matrix_only	5.110470701248799					False	axon_guidance_adhesion	mechanism_followup_candidate	1.5197212984593405	shared_positive_both_screens	1.5197212984593405			True	True	True	2042	13837	HGNC:3387	MGI:99612	True	same_symbol
ZNF687	ZNF687	ZNF687	Zfp687	51622460	True	False	False	False	True	True	False	False	0.9460304822565969	0.6637414095135427			0.125	0.3125			0.10963542149628344	0.2468563933880168			0.5	0.5			0.25	-0.5			3.0	4.0			6.0	4.0			1.0	0.75			2	1	2	1.0	0.10963542149628344	False	True	False	False	False	False	supported_shared_full_matrix_only	5.109635421496283					False	unclassified_shared_neuronal_or_context	not_prioritized	0.5041341323655798	screen_specific_or_low_priority	0.5041341323655798			True	False	False	57592	78266	HGNC:29277	MGI:1925516	False	nonidentical_symbol
AHCY	AHCY	AHCY	Ahcy	51616869	True	False	False	False	True	True	False	False	0.9460304822565969	0.6637414095135427			0.125	0.3125			0.110863922877271	0.109585571331418			0.5	0.5			0.25	-0.5			3.0	4.0			6.0	4.0			1.0	0.75			2	1	2	1.0	0.109585571331418	False	True	False	False	False	False	supported_shared_full_matrix_only	5.109585571331418					False	unclassified_shared_neuronal_or_context	exploratory_context	1.0136260336408514	shared_positive_both_screens	1.0136260336408514			True	True	True	191	269378	HGNC:343	MGI:87968	True	same_symbol
KLF10	KLF10	KLF10	Klf10	51620104	True	False	False	False	True	True	False	False	0.9460304822565969	0.6637414095135427			0.125	0.3125			0.1090716548259624	0.24928522851868812			0.5	0.5			0.5	-0.5			3.0	4.0			6.0	4.0			1.0	0.75			2	1	2	1.0	0.1090716548259624	False	True	False	False	False	False	supported_shared_full_matrix_only	5.1090716548259625					False	unclassified_shared_neuronal_or_context	exploratory_context	1.017197477627715	shared_positive_both_screens	1.017197477627715			True	True	True	7071	21847	HGNC:11810	MGI:1101353	True	same_symbol
CMC1	CMC1	CMC1	Cmc1	51629975	True	False	False	False	True	True	False	False	0.9460304822565969	0.6637414095135427			0.125	0.3125			0.2385493137567826	0.10897623545221405			0.5	0.5			0.5	-0.5			3.0	4.0			6.0	4.0			1.0	0.75			2	1	2	1.0	0.10897623545221405	False	True	False	False	False	False	supported_shared_full_matrix_only	5.108976235452214					False	unclassified_shared_neuronal_or_context	exploratory_context	1.0587755102040817	shared_positive_both_screens	1.0587755102040817			True	True	True	152100	67899	HGNC:28783	MGI:1915149	True	same_symbol
DHX16	DHX16	DHX16	Dhx16	51619204	True	False	False	False	True	True	False	False	0.9460304822565969	0.6637414095135427			0.125	0.3125			0.10887704205490424	0.18076060211318568			0.5	0.5			0.25	-0.5			3.0	4.0			6.0	4.0			1.0	0.75			2	1	2	1.0	0.10887704205490424	False	True	False	False	False	False	supported_shared_full_matrix_only	5.108877042054904					False	unclassified_shared_neuronal_or_context	exploratory_context	1.0117892698129347	shared_positive_both_screens	1.0117892698129347			True	True	True	8449	69192	HGNC:2739	MGI:1916442	True	same_symbol
SLC19A1	SLC19A1	SLC19A1	Slc19a1	51621020	True	False	False	False	True	True	False	False	0.9460304822565969	0.6637414095135427			0.125	0.3125			0.1121927864666453	0.10877711620935171			0.5	0.5			0.25	-0.5			3.0	4.0			6.0	4.0			1.0	0.75			2	1	2	1.0	0.10877711620935171	False	True	False	False	False	False	supported_shared_full_matrix_only	5.108777116209351					False	unclassified_shared_neuronal_or_context	exploratory_context	1.0241376655169274	shared_positive_both_screens	1.0241376655169274			True	True	True	6573	20509	HGNC:10937	MGI:103182	True	same_symbol
EID2B	EID2B	EID2B	Eid2b	51632708	True	False	False	False	True	True	False	False	0.9460304822565969	0.6637414095135427			0.125	0.3125			0.108721672518353	0.1180852454840826			0.5	0.5			0.25	-0.5			3.0	4.0			6.0	4.0			1.0	0.75			2	1	2	1.0	0.108721672518353	False	True	False	False	False	False	supported_shared_full_matrix_only	5.108721672518353					False	unclassified_shared_neuronal_or_context	exploratory_context	1.0250352726813174	shared_positive_both_screens	1.0250352726813174			True	True	True	126272	434156	HGNC:26796	MGI:1924095	True	same_symbol
ANKRD54	ANKRD54	ANKRD54	Ankrd54	51620668	True	False	False	False	True	True	False	False	0.9460304822565969	0.6637414095135427			0.125	0.3125			0.1086817746568784	0.173315802472723			0.5	0.5			0.25	-0.5			3.0	4.0			6.0	4.0			1.0	0.75			2	1	2	1.0	0.1086817746568784	False	True	False	False	False	False	supported_shared_full_matrix_only	5.108681774656878					False	unclassified_shared_neuronal_or_context	exploratory_context	1.0335007631640696	shared_positive_both_screens	1.0335007631640696			True	True	True	129138	223690	HGNC:25185	MGI:2444209	True	same_symbol
UNK	UNK	UNK	Unk	51628119	True	False	False	False	True	True	False	False	0.9460304822565969	0.6637414095135427			0.125	0.3125			0.1742677048572488	0.10760086605321226			0.5	0.5			0.25	-0.5			3.0	4.0			6.0	4.0			1.0	0.75			2	1	2	1.0	0.10760086605321226	False	True	False	False	False	False	supported_shared_full_matrix_only	5.107600866053212					False	unclassified_shared_neuronal_or_context	exploratory_context	1.0488873703634891	shared_positive_both_screens	1.0488873703634891			True	True	True	85451	217331	HGNC:29369	MGI:2442456	True	same_symbol
NUP50	NUP50	NUP50	Nup50	51627434	True	False	False	False	True	True	False	False	0.9460304822565969	0.6637414095135427			0.125	0.3125			0.1075646345355889	0.1897301911146271			0.5	0.5			0.25	-0.5			3.0	4.0			6.0	4.0			1.0	0.75			2	1	2	1.0	0.1075646345355889	False	True	False	False	False	False	supported_shared_full_matrix_only	5.1075646345355885					False	unclassified_shared_neuronal_or_context	exploratory_context	1.0454555557219247	shared_positive_both_screens	1.0454555557219247			True	True	True	10762	18141	HGNC:8065	MGI:1351502	True	same_symbol
NACC1	NACC1	NACC1	Nacc1	51621840	True	False	False	False	True	True	False	False	0.9460304822565969	0.6637414095135427			0.125	0.3125			0.1074298883429767	0.1382329584919214			0.5	0.5			0.25	-0.5			3.0	4.0			6.0	4.0			1.0	0.75			2	1	2	1.0	0.1074298883429767	False	True	False	False	False	False	supported_shared_full_matrix_only	5.107429888342977					False	unclassified_shared_neuronal_or_context	exploratory_context	1.0378307116714585	shared_positive_both_screens	1.0378307116714585			True	True	True	112939	66830	HGNC:20967	MGI:1914080	True	same_symbol
KAT5	KAT5	KAT5	Kat5	51621772	True	False	False	False	True	True	False	False	0.9460304822565969	0.6637414095135427			0.125	0.3125			0.2085461219278646	0.10729249386744444			0.5	0.5			0.25	-0.5			3.0	4.0			6.0	4.0			1.0	0.75			2	1	2	1.0	0.10729249386744444	False	True	False	False	False	False	supported_shared_full_matrix_only	5.107292493867444					False	unclassified_shared_neuronal_or_context	exploratory_context	1.0199080816015418	shared_positive_both_screens	1.0199080816015418			True	True	True	10524	81601	HGNC:5275	MGI:1932051	True	same_symbol
MCM6	MCM6	MCM6	Mcm6	51617319	True	False	False	False	True	True	False	False	0.9460304822565969	0.6637414095135427			0.125	0.3125			0.1072055537823172	0.1823326532594967			0.5	0.5			2.7755575615628914e-17	-0.5			3.0	4.0			6.0	4.0			1.0	0.75			2	1	2	1.0	0.1072055537823172	False	True	False	False	False	False	supported_shared_full_matrix_only	5.107205553782317					False	unclassified_shared_neuronal_or_context	exploratory_context	0.8450735360900031	shared_positive_both_screens	0.8450735360900031			True	True	True	4175	17219	HGNC:6949	MGI:1298227	True	same_symbol
APTX	APTX	APTX	Aptx	51620561	True	False	False	False	True	True	False	False	0.9460304822565969	0.6637414095135427			0.125	0.3125			0.1070459623364187	0.2457366508247134			0.5	0.5			0.25	-0.5			3.0	4.0			6.0	4.0			1.0	0.75			2	1	2	1.0	0.1070459623364187	False	True	False	False	False	False	supported_shared_full_matrix_only	5.107045962336419					False	unclassified_shared_neuronal_or_context	exploratory_context	1.0417455951252004	shared_positive_both_screens	1.0417455951252004			True	True	True	54840	66408	HGNC:15984	MGI:1913658	True	same_symbol
RNF149	RNF149	RNF149	Rnf149	51635246	True	False	False	False	True	True	False	False	0.9460304822565969	0.6637414095135427			0.125	0.3125			0.1069047390439935	0.1895443108750349			0.5	0.5			0.25	-0.5			3.0	4.0			6.0	4.0			1.0	0.75			2	1	2	1.0	0.1069047390439935	False	True	False	False	False	False	supported_shared_full_matrix_only	5.106904739043993					False	unclassified_shared_neuronal_or_context	exploratory_context	1.0575097566033822	shared_positive_both_screens	1.0575097566033822			True	True	True	284996	67702	HGNC:23137	MGI:2677438	True	same_symbol
TMEM167B	TMEM167B	TMEM167B	Tmem167b	51622184	True	False	False	False	True	True	False	False	0.9460304822565969	0.6637414095135427			0.125	0.3125			0.1067267794446217	0.35259052615508457			0.5	0.5			0.25	-0.5			3.0	4.0			6.0	4.0			1.0	0.75			2	1	2	1.0	0.1067267794446217	False	True	False	False	False	False	supported_shared_full_matrix_only	5.106726779444622					False	unclassified_shared_neuronal_or_context	exploratory_context	1.0365147443530842	shared_positive_both_screens	1.0365147443530842			True	True	True	56900	67495	HGNC:30187	MGI:1914745	True	same_symbol
PEX19	PEX19	PEX19	Pex19	51623988	True	False	False	False	True	True	False	False	0.9460304822565969	0.6637414095135427			0.125	0.3125			0.1066868815831471	0.5306518993490722			0.5	0.5			0.25	-0.5			3.0	4.0			6.0	4.0			1.0	0.75			2	1	2	1.0	0.1066868815831471	False	True	False	False	False	False	supported_shared_full_matrix_only	5.106686881583147					False	unclassified_shared_neuronal_or_context	exploratory_context	1.001666311086365	shared_positive_both_screens	1.001666311086365			True	True	True	5824	19298	HGNC:9713	MGI:1334458	True	same_symbol
DDIT3	DDIT3	DDIT3	Ddit3	51617687	True	False	False	False	True	True	False	False	0.9460304822565969	0.6637414095135427			0.125	0.3125			0.105529843600383	0.1856358690372097			0.5	0.5			0.25	-0.5			3.0	4.0			6.0	4.0			1.0	0.75			2	1	2	1.0	0.105529843600383	False	True	False	False	False	False	supported_shared_full_matrix_only	5.105529843600383					False	unclassified_shared_neuronal_or_context	exploratory_context	1.0247383181869878	shared_positive_both_screens	1.0247383181869878			True	True	True	1649	13198	HGNC:2726	MGI:109247	True	same_symbol
SYNE2	SYNE2	SYNE2	Syne2	51621883	True	False	False	False	True	True	False	False	0.9460304822565969	0.6637414095135427			0.125	0.3125			0.509838274204934	0.10545048613775065			0.5	0.5			0.5	-0.5			3.0	4.0			6.0	4.0			1.0	0.75			2	1	2	1.0	0.10545048613775065	False	True	False	False	False	False	supported_shared_full_matrix_only	5.105450486137751					False	synaptic_wiring	mechanism_followup_candidate	1.5256707666336298	shared_positive_both_screens	1.5256707666336298			True	True	True	23224	319565	HGNC:17084	MGI:2449316	True	same_symbol
THOP1	THOP1	THOP1	Thop1	51619773	True	False	False	False	True	True	False	False	0.9460304822565969	0.6637414095135427			0.125	0.3125			0.1054500478774337	0.12697256110255234			0.5	0.5			0.25	-0.5			3.0	4.0			6.0	4.0			1.0	0.75			2	1	2	1.0	0.1054500478774337	False	True	False	False	False	False	supported_shared_full_matrix_only	5.105450047877434					False	unclassified_shared_neuronal_or_context	exploratory_context	1.040575939875853	shared_positive_both_screens	1.040575939875853			True	True	True	7064	50492	HGNC:11793	MGI:1354165	True	same_symbol
PSMD5	PSMD5	PSMD5	Psmd5	51622303	True	False	False	False	True	True	False	False	0.9460304822565969	0.6637414095135427			0.125	0.3125			0.1051656661754787	0.23252626611705596			0.5	0.5			0.25	-0.5			3.0	4.0			6.0	4.0			1.0	0.75			2	1	2	1.0	0.1051656661754787	False	True	False	False	False	False	supported_shared_full_matrix_only	5.105165666175479					False	unclassified_shared_neuronal_or_context	exploratory_context	1.0573912957818827	shared_positive_both_screens	1.0573912957818827			True	True	True	5711	66998	HGNC:9563	MGI:1914248	True	same_symbol
POLR2D	POLR2D	POLR2D	Polr2d	51624100	True	False	False	False	True	True	False	False	0.9460304822565969	0.6637414095135427			0.125	0.3125			0.1049313756782636	0.28058985256416397			0.5	0.5			0.25	-0.5			3.0	4.0			6.0	4.0			1.0	0.75			2	1	2	1.0	0.1049313756782636	False	True	False	False	False	False	supported_shared_full_matrix_only	5.104931375678263					False	unclassified_shared_neuronal_or_context	exploratory_context	1.0201643723339875	shared_positive_both_screens	1.0201643723339875			True	True	True	5433	69241	HGNC:9191	MGI:1916491	True	same_symbol
TELO2	TELO2	TELO2	Telo2	51624781	True	False	False	False	True	True	False	False	0.9460304822565969	0.6637414095135427			0.125	0.3125			0.1048737470188915	0.27116804168475894			0.5	0.5			0.25	-0.5			3.0	4.0			6.0	4.0			1.0	0.75			2	1	2	1.0	0.1048737470188915	False	True	False	False	False	False	supported_shared_full_matrix_only	5.104873747018892					False	unclassified_shared_neuronal_or_context	exploratory_context	1.018099487248869	shared_positive_both_screens	1.018099487248869			True	True	True	9894	71718	HGNC:29099	MGI:1918968	True	same_symbol
DPP9	DPP9	DPP9	Dpp9	51622468	True	False	False	False	True	True	False	False	0.9460304822565969	0.6637414095135427			0.125	0.3125			0.10477644063336244	0.2389904373291141			0.5	0.5			0.25	-0.5			3.0	4.0			6.0	4.0			1.0	0.75			2	1	2	1.0	0.10477644063336244	False	True	False	False	False	False	supported_shared_full_matrix_only	5.104776440633362					False	unclassified_shared_neuronal_or_context	exploratory_context	1.0358133226978343	shared_positive_both_screens	1.0358133226978343			True	True	True	91039	224897	HGNC:18648	MGI:2443967	True	same_symbol
TSTD2	TSTD2	TSTD2	Tstd2	51636126	True	False	False	False	True	True	False	False	0.9460304822565969	0.6637414095135427			0.125	0.3125			0.1043728056176189	0.13183717089283975			0.5	0.5			0.25	-0.5			3.0	4.0			6.0	4.0			1.0	0.75			2	1	2	1.0	0.1043728056176189	False	True	False	False	False	False	supported_shared_full_matrix_only	5.1043728056176185					False	unclassified_shared_neuronal_or_context	exploratory_context	1.029505476895232	shared_positive_both_screens	1.029505476895232			True	True	True	158427	272027	HGNC:30087	MGI:3039624	True	same_symbol
SLC44A2	SLC44A2	SLC44A2	Slc44a2	51617103	True	False	False	False	True	True	False	False	0.9460304822565969	0.6637414095135427			0.125	0.3125			0.1531331108639228	0.10393332500589855			0.5	0.5			0.25	-0.5			3.0	4.0			6.0	4.0			1.0	0.75			2	1	2	1.0	0.10393332500589855	False	True	False	False	False	False	supported_shared_full_matrix_only	5.103933325005898					False	unclassified_shared_neuronal_or_context	exploratory_context	1.032713440405748	shared_positive_both_screens	1.032713440405748			True	True	True	57153	68682	HGNC:17292	MGI:1915932	True	same_symbol
FAM171A2	FAM171A2	FAM171A2	Fam171a2	51619322	True	False	False	False	True	True	False	False	0.9460304822565969	0.6637414095135427			0.125	0.3125			0.3568353099402053	0.10365570785543225			0.5	0.5			0.5	-0.5			3.0	4.0			6.0	4.0			1.0	0.75			2	1	2	1.0	0.10365570785543225	False	True	False	False	False	False	supported_shared_full_matrix_only	5.103655707855432					False	unclassified_shared_neuronal_or_context	exploratory_context	1.026572735613905	shared_positive_both_screens	1.026572735613905			True	True	True	284069	217219	HGNC:30480	MGI:2448496	True	same_symbol
ZYX	ZYX	ZYX	Zyx	51629273	True	False	False	False	True	True	False	False	0.9460304822565969	0.6637414095135427			0.125	0.3125			0.1552026811362911	0.10340592080609565			0.5	0.5			0.25	-0.5			3.0	4.0			6.0	4.0			1.0	0.75			2	1	2	1.0	0.10340592080609565	False	True	False	False	False	False	supported_shared_full_matrix_only	5.103405920806096					False	unclassified_shared_neuronal_or_context	exploratory_context	1.0256609133524377	shared_positive_both_screens	1.0256609133524377			True	True	True	7791	22793	HGNC:13200	MGI:103072	True	same_symbol
RFWD3	RFWD3	RFWD3	Rfwd3	51631443	True	False	False	False	True	True	False	False	0.9460304822565969	0.6637414095135427			0.125	0.3125			0.2148056654148691	0.10314221870619421			0.5	0.5			0.5	-0.5			3.0	4.0			6.0	4.0			1.0	0.75			2	1	2	1.0	0.10314221870619421	False	True	False	False	False	False	supported_shared_full_matrix_only	5.1031422187061946					False	unclassified_shared_neuronal_or_context	exploratory_context	1.0199035804734058	shared_positive_both_screens	1.0199035804734058			True	True	True	55159	234736	HGNC:25539	MGI:2384584	True	same_symbol
LCA5	LCA5	LCA5	Lca5	51626148	True	False	False	False	True	True	False	False	0.9460304822565969	0.6637414095135427			0.125	0.3125			0.1086392287727104	0.1027987120234278			0.5	0.5			0.25	-0.5			3.0	4.0			6.0	4.0			1.0	0.75			2	1	2	1.0	0.1027987120234278	False	True	False	False	False	False	supported_shared_full_matrix_only	5.102798712023428					False	unclassified_shared_neuronal_or_context	exploratory_context	1.0348335059020644	shared_positive_both_screens	1.0348335059020644			True	True	True	167691	75782	HGNC:31923	MGI:1923032	True	same_symbol
BOLA1	BOLA1	BOLA1	Bola1	51628219	True	False	False	False	True	True	False	False	0.9460304822565969	0.6637414095135427			0.125	0.3125			0.1024577082668369	0.22262992584056474			0.5	0.5			0.25	-0.5			3.0	4.0			6.0	4.0			1.0	0.75			2	1	2	1.0	0.1024577082668369	False	True	False	False	False	False	supported_shared_full_matrix_only	5.1024577082668365					False	unclassified_shared_neuronal_or_context	exploratory_context	1.0107793355374977	shared_positive_both_screens	1.0107793355374977			True	True	True	51027	69168	HGNC:24263	MGI:1916418	True	same_symbol
MMP24	MMP24	MMP24	Mmp24	51625226	True	False	False	False	True	True	False	False	0.9460304822565969	0.6637414095135427			0.125	0.3125			0.2543566926214312	0.1014467430807939			0.5	0.5			0.5	-0.5			3.0	4.0			6.0	4.0			1.0	0.75			2	1	2	1.0	0.1014467430807939	False	True	False	False	False	False	supported_shared_full_matrix_only	5.1014467430807935					False	unclassified_shared_neuronal_or_context	exploratory_context	1.0511879056338376	shared_positive_both_screens	1.0511879056338376			True	True	True	10893	17391	HGNC:7172	MGI:1341867	True	same_symbol
RNF166	RNF166	RNF166	Rnf166	51635247	True	False	False	False	True	True	False	False	0.9460304822565969	0.6637414095135427			0.125	0.3125			0.1006758392118206	0.1144293625348711			0.5	0.5			0.25	-0.5			3.0	4.0			6.0	4.0			1.0	0.75			2	1	2	1.0	0.1006758392118206	False	True	False	False	False	False	supported_shared_full_matrix_only	5.100675839211821					False	unclassified_shared_neuronal_or_context	exploratory_context	1.0180408740462337	shared_positive_both_screens	1.0180408740462337			True	True	True	115992	68718	HGNC:28856	MGI:1915968	True	same_symbol
JOSD2	JOSD2	JOSD2	Josd2	51629488	True	False	False	False	True	True	False	False	0.9460304822565969	0.6637414095135427			0.125	0.3125			0.1005027130545802	0.13568478082457275			0.5	0.5			0.25	-0.5			3.0	4.0			6.0	4.0			1.0	0.75			2	1	2	1.0	0.1005027130545802	False	True	False	False	False	False	supported_shared_full_matrix_only	5.10050271305458					False	unclassified_shared_neuronal_or_context	exploratory_context	1.009461934911893	shared_positive_both_screens	1.009461934911893			True	True	True	126119	66124	HGNC:28853	MGI:1913374	True	same_symbol
BRD1	BRD1	BRD1	Brd1	51616549	True	False	False	False	True	True	False	False	0.9460304822565969	0.6637414095135427			0.125	0.3125			0.100111234705228	0.24231199329046682			0.5	0.5			0.25	-0.5			3.0	4.0			6.0	4.0			1.0	0.75			2	1	2	1.0	0.100111234705228	False	True	False	False	False	False	supported_shared_full_matrix_only	5.100111234705228					False	unclassified_shared_neuronal_or_context	exploratory_context	1.0281839331565974	shared_positive_both_screens	1.0281839331565974			True	True	True	23774	223770	HGNC:1102	MGI:1924161	True	same_symbol
HMBS	HMBS	HMBS	Hmbs	51621654	True	False	False	False	True	True	False	False	0.9460304822565969	0.6637414095135427			0.125	0.3125			0.10007345517016175	0.2828031533219525			0.5	0.5			0.25	-0.5			3.0	4.0			6.0	4.0			1.0	0.75			2	1	2	1.0	0.10007345517016175	False	True	False	False	False	False	supported_shared_full_matrix_only	5.100073455170162					False	unclassified_shared_neuronal_or_context	exploratory_context	1.008142371158666	shared_positive_both_screens	1.008142371158666			True	True	True	3145	15288	HGNC:4982	MGI:96112	True	same_symbol
SF3A2	SF3A2	SF3A2	Sf3a2	51629507	True	False	False	False	True	True	False	False	0.9460304822565969	0.6637414095135427			0.125	0.3125			0.2044765400574529	0.09896469673687565			0.5	0.5			0.5	-0.5			3.0	4.0			6.0	4.0			1.0	0.75			2	1	2	1.0	0.09896469673687565	False	True	False	False	False	False	supported_shared_full_matrix_only	5.098964696736876					False	unclassified_shared_neuronal_or_context	exploratory_context	1.0144671804256538	shared_positive_both_screens	1.0144671804256538			True	True	True	8175	20222	HGNC:10766	MGI:104912	True	same_symbol
KIAA0586	KIAA0586	KIAA0586	2700049A03Rik	51622879	True	False	False	False	True	True	False	False	0.9460304822565969	0.6637414095135427			0.125	0.3125			0.1690767519466073	0.09889572267263065			0.5	0.5			0.5	-0.5			3.0	4.0			6.0	4.0			1.0	0.75			2	1	2	1.0	0.09889572267263065	False	True	False	False	False	False	supported_shared_full_matrix_only	5.098895722672631					False	unclassified_shared_neuronal_or_context	not_prioritized	0.5219338493456751	screen_specific_or_low_priority	0.5219338493456751			True	False	False	9786	76967	HGNC:19960	MGI:1924217	False	nonidentical_symbol
RPF1	RPF1	RPF1	Rpf1	51616596	True	False	False	False	True	True	False	False	0.9460304822565969	0.6637414095135427			0.125	0.3125			0.2083067347590169	0.09878033060932151			0.5	0.5			0.25	-0.5			3.0	4.0			6.0	4.0			1.0	0.75			2	1	2	1.0	0.09878033060932151	False	True	False	False	False	False	supported_shared_full_matrix_only	5.098780330609322					False	unclassified_shared_neuronal_or_context	exploratory_context	1.0355421816170791	shared_positive_both_screens	1.0355421816170791			True	True	True	80135	70285	HGNC:30350	MGI:1917535	True	same_symbol
NIT2	NIT2	NIT2	Nit2	51628387	True	False	False	False	True	True	False	False	0.9460304822565969	0.6637414095135427			0.125	0.3125			0.098507819980849	0.19030834181077283			0.5	0.5			0.25	-0.5			3.0	4.0			6.0	4.0			1.0	0.75			2	1	2	1.0	0.098507819980849	False	True	False	False	False	False	supported_shared_full_matrix_only	5.098507819980849					False	unclassified_shared_neuronal_or_context	exploratory_context	1.0208618775508491	shared_positive_both_screens	1.0208618775508491			True	True	True	56954	52633	HGNC:29878	MGI:1261838	True	same_symbol
SLC35A4	SLC35A4	SLC35A4	Slc35a4	51620276	True	False	False	False	True	True	False	False	0.9460304822565969	0.6637414095135427			0.125	0.3125			0.0981088413661027	0.1177533968994184			0.5	0.5			0.25	-0.5			3.0	4.0			6.0	4.0			1.0	0.75			2	1	2	1.0	0.0981088413661027	False	True	False	False	False	False	supported_shared_full_matrix_only	5.098108841366103					False	unclassified_shared_neuronal_or_context	exploratory_context	1.0112172521925102	shared_positive_both_screens	1.0112172521925102			True	True	True	113829	67843	HGNC:20753	MGI:1915093	True	same_symbol
TYMS	TYMS	TYMS	Tyms	51629567	True	False	False	False	True	True	False	False	0.9460304822565969	0.6637414095135427			0.125	0.3125			0.2150095754867539	0.09809668548270364			0.5	0.5			0.25	-0.5			3.0	4.0			6.0	4.0			1.0	0.75			2	1	2	1.0	0.09809668548270364	False	True	False	False	False	False	supported_shared_full_matrix_only	5.0980966854827034					False	unclassified_shared_neuronal_or_context	exploratory_context	1.0082233690409674	shared_positive_both_screens	1.0082233690409674			True	True	True	7298	22171	HGNC:12441	MGI:98878	True	same_symbol
TP53INP2	TP53INP2	TP53INP2	Trp53inp2	51627075	True	False	False	False	True	True	False	False	0.9460304822565969	0.6637414095135427			0.125	0.3125			0.09778305770233445	0.2050075640865498			0.5	0.5			0.25	-0.5			3.0	4.0			6.0	4.0			1.0	0.75			2	1	2	1.0	0.09778305770233445	False	True	False	False	False	False	supported_shared_full_matrix_only	5.097783057702334					False	unclassified_shared_neuronal_or_context	not_prioritized	0.5073711299074369	screen_specific_or_low_priority	0.5073711299074369			True	False	False	58476	68728	HGNC:16104	MGI:1915978	False	nonidentical_symbol
POC5	POC5	POC5	Poc5	51625284	True	False	False	False	True	True	False	False	0.9460304822565969	0.6637414095135427			0.125	0.3125			0.0977258946025122	0.13265675586756784			0.5	0.5			0.25	-0.5			3.0	4.0			6.0	4.0			1.0	0.75			2	1	2	1.0	0.0977258946025122	False	True	False	False	False	False	supported_shared_full_matrix_only	5.097725894602513					False	unclassified_shared_neuronal_or_context	exploratory_context	1.0338197280883743	shared_positive_both_screens	1.0338197280883743			True	True	True	134359	67463	HGNC:26658	MGI:1914713	True	same_symbol
IRF2	IRF2	IRF2	Irf2	51622787	True	False	False	False	True	True	False	False	0.9460304822565969	0.6637414095135427			0.125	0.3125			0.1227289581015943	0.09769121872007325			0.5	0.5			2.7755575615628914e-17	-0.5			3.0	4.0			6.0	4.0			1.0	0.75			2	1	2	1.0	0.09769121872007325	False	True	False	False	False	False	supported_shared_full_matrix_only	5.097691218720073					False	unclassified_shared_neuronal_or_context	exploratory_context	0.8626826111037613	shared_positive_both_screens	0.8626826111037613			True	True	True	3660	16363	HGNC:6117	MGI:96591	True	same_symbol
TMEM209	TMEM209	TMEM209	Tmem209	51620075	True	False	False	False	True	True	False	False	0.9460304822565969	0.6637414095135427			0.125	0.3125			0.09747564464600075	0.28070270661456065			0.5	0.5			0.25	-0.5			3.0	4.0			6.0	4.0			1.0	0.75			2	1	2	1.0	0.09747564464600075	False	True	False	False	False	False	supported_shared_full_matrix_only	5.097475644646001					False	unclassified_shared_neuronal_or_context	exploratory_context	1.02890023135681	shared_positive_both_screens	1.02890023135681			True	True	True	84928	72649	HGNC:21898	MGI:1919899	True	same_symbol
METTL13	METTL13	METTL13	Mettl13	51625971	True	False	False	False	True	True	False	False	1.0	0.6637414095135427			0.25	0.3125			0.10247862559227015	0.09734505009163226			0.5	0.5			0.5	-0.5			2.0	4.0			4.0	4.0			1.0	0.75			2	1	2	1.0	0.09734505009163226	False	True	False	False	False	False	supported_shared_full_matrix_only	5.097345050091632													True	True	True	51603	71449	HGNC:24248	MGI:1918699	True	same_symbol
EXOSC5	EXOSC5	EXOSC5	Exosc5	51624943	True	False	False	False	True	True	False	False	0.9460304822565969	0.6637414095135427			0.125	0.3125			0.1311442706670922	0.09718463310710465			0.5	0.5			0.25	-0.5			3.0	4.0			6.0	4.0			1.0	0.75			2	1	2	1.0	0.09718463310710465	False	True	False	False	False	False	supported_shared_full_matrix_only	5.097184633107105					False	unclassified_shared_neuronal_or_context	exploratory_context	1.0149003380640491	shared_positive_both_screens	1.0149003380640491			True	True	True	56915	27998	HGNC:24662	MGI:107889	True	same_symbol
LYPLAL1	LYPLAL1	LYPLAL1	Lyplal1	51626251	True	False	False	False	True	True	False	False	0.9460304822565969	0.6637414095135427			0.125	0.3125			0.0967523140759655	0.0996994688286273			0.5	0.5			0.25	-0.5			3.0	4.0			6.0	4.0			1.0	0.75			2	1	2	1.0	0.0967523140759655	False	True	False	False	False	False	supported_shared_full_matrix_only	5.096752314075966					False	unclassified_shared_neuronal_or_context	exploratory_context	1.0204024783931775	shared_positive_both_screens	1.0204024783931775			True	True	True	127018	226791	HGNC:20440	MGI:2385115	True	same_symbol
COQ3	COQ3	COQ3	Coq3	51619497	True	False	False	False	True	True	False	False	0.9460304822565969	0.6637414095135427			0.125	0.3125			0.0967297072756301	0.1375102358051935			0.5	0.5			0.5	-0.5			3.0	4.0			6.0	4.0			1.0	0.75			2	1	2	1.0	0.0967297072756301	False	True	False	False	False	False	supported_shared_full_matrix_only	5.09672970727563					False	unclassified_shared_neuronal_or_context	exploratory_context	1.0205441078254986	shared_positive_both_screens	1.0205441078254986			True	True	True	51805	230027	HGNC:18175	MGI:101813	True	same_symbol
GSK3A	GSK3A	GSK3A	Gsk3a	51621539	True	False	False	False	True	True	False	False	0.9460304822565969	0.6637414095135427			0.125	0.3125			0.0966153810759856	0.2575061789225558			0.5	0.5			0.25	-0.5			3.0	4.0			6.0	4.0			1.0	0.75			2	1	2	1.0	0.0966153810759856	False	True	False	False	False	False	supported_shared_full_matrix_only	5.096615381075986					False	unclassified_shared_neuronal_or_context	exploratory_context	1.0471433113433128	shared_positive_both_screens	1.0471433113433128			True	True	True	2931	606496	HGNC:4616	MGI:2152453	True	same_symbol
POLR3D	POLR3D	POLR3D	Polr3d	51629554	True	False	False	False	True	True	False	False	0.9460304822565969	0.6637414095135427			0.125	0.3125			0.1204117459304181	0.0964351639810689			0.5	0.5			0.25	-0.5			3.0	4.0			6.0	4.0			1.0	0.75			2	1	2	1.0	0.0964351639810689	False	True	False	False	False	False	supported_shared_full_matrix_only	5.096435163981069					False	unclassified_shared_neuronal_or_context	exploratory_context	1.010102682835237	shared_positive_both_screens	1.010102682835237			True	True	True	661	67065	HGNC:1080	MGI:1914315	True	same_symbol
CDKN2AIP	CDKN2AIP	CDKN2AIP	Cdkn2aip	51616792	True	False	False	False	True	True	False	False	0.9460304822565969	0.6637414095135427			0.125	0.3125			0.098188637089052	0.09594939695493465			0.5	0.5			0.25	-0.5			3.0	4.0			6.0	4.0			1.0	0.75			2	1	2	1.0	0.09594939695493465	False	True	False	False	False	False	supported_shared_full_matrix_only	5.095949396954935					False	unclassified_shared_neuronal_or_context	exploratory_context	1.0183544140891456	shared_positive_both_screens	1.0183544140891456			True	True	True	55602	70925	HGNC:24325	MGI:1918175	True	same_symbol
TTC33	TTC33	TTC33	Ttc33	51619609	True	False	False	False	True	True	False	False	0.9460304822565969	0.6637414095135427			0.125	0.3125			0.0958745611235237	0.25739623753151797			0.5	0.5			0.25	-0.5			3.0	4.0			6.0	4.0			1.0	0.75			2	1	2	1.0	0.0958745611235237	False	True	False	False	False	False	supported_shared_full_matrix_only	5.095874561123524					False	unclassified_shared_neuronal_or_context	exploratory_context	1.0458182096473	shared_positive_both_screens	1.0458182096473			True	True	True	23548	67515	HGNC:29959	MGI:1914765	True	same_symbol
RMND5B	RMND5B	RMND5B	Rmnd5b	51629876	True	False	False	False	True	True	False	False	0.9460304822565969	0.6637414095135427			0.125	0.3125			0.0954755825087775	0.29653995086813506			0.5	0.5			0.25	-0.5			3.0	4.0			6.0	4.0			1.0	0.75			2	1	2	1.0	0.0954755825087775	False	True	False	False	False	False	supported_shared_full_matrix_only	5.095475582508778					False	unclassified_shared_neuronal_or_context	exploratory_context	1.0385868003154644	shared_positive_both_screens	1.0385868003154644			True	True	True	64777	66089	HGNC:26181	MGI:1913339	True	same_symbol
HIRIP3	HIRIP3	HIRIP3	Hirip3	51620606	True	False	False	False	True	True	False	False	0.9460304822565969	0.6637414095135427			0.125	0.3125			0.1885173954676029	0.09531114907712596			0.5	0.5			0.25	-0.5			3.0	4.0			6.0	4.0			1.0	0.75			2	1	2	1.0	0.09531114907712596	False	True	False	False	False	False	supported_shared_full_matrix_only	5.095311149077126					False	unclassified_shared_neuronal_or_context	exploratory_context	1.0097583051308283	shared_positive_both_screens	1.0097583051308283			True	True	True	8479	233876	HGNC:4917	MGI:2142364	True	same_symbol
PATZ1	PATZ1	PATZ1	Patz1	51631391	True	False	False	False	True	True	False	False	0.9460304822565969	0.6637414095135427			0.125	0.3125			0.22161077398837153	0.09512109575400571			0.5	0.5			0.5	-0.5			3.0	4.0			6.0	4.0			1.0	0.75			2	1	2	1.0	0.09512109575400571	False	True	False	False	False	False	supported_shared_full_matrix_only	5.095121095754005					False	unclassified_shared_neuronal_or_context	exploratory_context	1.0103725187211643	shared_positive_both_screens	1.0103725187211643			True	True	True	23598	56218	HGNC:13071	MGI:1891832	True	same_symbol
C1ORF159	C1orf159	C1orf159	9430015G10Rik	51622355	True	False	False	False	True	True	False	False	0.9460304822565969	0.6637414095135427			0.125	0.3125			0.0948407426648709	0.14947894051237515			0.5	0.5			0.25	-0.5			3.0	4.0			6.0	4.0			1.0	0.75			2	1	2	1.0	0.0948407426648709	False	True	False	False	False	False	supported_shared_full_matrix_only	5.0948407426648705					False	unclassified_shared_neuronal_or_context	not_prioritized	0.5075406958187041	screen_specific_or_low_priority	0.5075406958187041			True	False	False	54991	230996	HGNC:26062	MGI:2444364	False	nonidentical_symbol
TRUB1	TRUB1	TRUB1	Trub1	51629423	True	False	False	False	True	True	False	False	0.9460304822565969	0.6637414095135427			0.125	0.3125			0.0934322063242812	0.2772651613837024			0.5	0.5			0.25	-0.5			3.0	4.0			6.0	4.0			1.0	0.75			2	1	2	1.0	0.0934322063242812	False	True	False	False	False	False	supported_shared_full_matrix_only	5.093432206324281					False	unclassified_shared_neuronal_or_context	exploratory_context	1.0255579655790392	shared_positive_both_screens	1.0255579655790392			True	True	True	142940	72133	HGNC:16060	MGI:1919383	True	same_symbol
TOPBP1	TOPBP1	TOPBP1	Topbp1	51630823	True	False	False	False	True	True	False	False	0.9460304822565969	0.6637414095135427			0.125	0.3125			0.212677367004238	0.09304892169633805			0.5	0.5			0.25	-0.5			3.0	4.0			6.0	4.0			1.0	0.75			2	1	2	1.0	0.09304892169633805	False	True	False	False	False	False	supported_shared_full_matrix_only	5.093048921696338					False	unclassified_shared_neuronal_or_context	exploratory_context	1.0571584996269954	shared_positive_both_screens	1.0571584996269954			True	True	True	11073	235559	HGNC:17008	MGI:1920018	True	same_symbol
POP1	POP1	POP1	Pop1	51631462	True	False	False	False	True	True	False	False	0.9460304822565969	0.6637414095135427			0.125	0.3125			0.0926955876900259	0.09734771203730691			0.5	0.5			0.25	-0.5			3.0	4.0			6.0	4.0			1.0	0.75			2	1	2	1.0	0.0926955876900259	False	True	False	False	False	False	supported_shared_full_matrix_only	5.0926955876900255					False	unclassified_shared_neuronal_or_context	exploratory_context	1.0235019334333442	shared_positive_both_screens	1.0235019334333442			True	True	True	10940	67724	HGNC:30129	MGI:1914974	True	same_symbol
ZC3HC1	ZC3HC1	ZC3HC1	Zc3hc1	51629043	True	False	False	False	True	True	False	False	0.9460304822565969	0.6637414095135427			0.125	0.3125			0.0926029364826045	0.2985960341583442			0.5	0.5			0.25	-0.5			3.0	4.0			6.0	4.0			1.0	0.75			2	1	2	1.0	0.0926029364826045	False	True	False	False	False	False	supported_shared_full_matrix_only	5.092602936482605					False	unclassified_shared_neuronal_or_context	exploratory_context	1.0379241346972945	shared_positive_both_screens	1.0379241346972945			True	True	True	51530	232679	HGNC:29913	MGI:1916023	True	same_symbol
PPM1D	PPM1D	PPM1D	Ppm1d	51623882	True	False	False	False	True	True	False	False	0.9460304822565969	0.6637414095135427			0.125	0.3125			0.1410888596278506	0.0925247394206881			0.5	0.5			0.5	-0.5			3.0	4.0			6.0	4.0			1.0	0.75			2	1	2	1.0	0.0925247394206881	False	True	False	False	False	False	supported_shared_full_matrix_only	5.092524739420688					False	unclassified_shared_neuronal_or_context	exploratory_context	1.0520399960266589	shared_positive_both_screens	1.0520399960266589			True	True	True	8493	53892	HGNC:9277	MGI:1858214	True	same_symbol
MYNN	MYNN	MYNN	Mynn	51627849	True	False	False	False	True	True	False	False	0.9460304822565969	0.6637414095135427			0.125	0.3125			0.09251630556881274	0.14953321754233606			0.5	0.5			0.25	-0.5			3.0	4.0			6.0	4.0			1.0	0.75			2	1	2	1.0	0.09251630556881274	False	True	False	False	False	False	supported_shared_full_matrix_only	5.092516305568813					False	unclassified_shared_neuronal_or_context	exploratory_context	1.0282788978422723	shared_positive_both_screens	1.0282788978422723			True	True	True	55892	80732	HGNC:14955	MGI:1931415	True	same_symbol
POLR1C	POLR1C	POLR1C	Polr1c	51629777	True	False	False	False	True	True	False	False	0.9460304822565969	0.6637414095135427			0.125	0.3125			0.09241899918328365	0.2887572691565696			0.5	0.5			0.25	-0.5			3.0	4.0			6.0	4.0			1.0	0.75			2	1	2	1.0	0.09241899918328365	False	True	False	False	False	False	supported_shared_full_matrix_only	5.092418999183284					False	unclassified_shared_neuronal_or_context	exploratory_context	1.0587652577122082	shared_positive_both_screens	1.0587652577122082			True	True	True	9533	20016	HGNC:20194	MGI:103288	True	same_symbol
DCTN5	DCTN5	DCTN5	Dctn5	51630301	True	False	False	False	True	True	False	False	0.9460304822565969	0.6637414095135427			0.125	0.3125			0.0920483193696518	0.5867822792188866			0.5	0.5			0.25	-0.5			3.0	4.0			6.0	4.0			1.0	0.75			2	1	2	1.0	0.0920483193696518	False	True	False	False	False	False	supported_shared_full_matrix_only	5.092048319369652					False	unclassified_shared_neuronal_or_context	exploratory_context	1.0597735390037937	shared_positive_both_screens	1.0597735390037937			True	True	True	84516	59288	HGNC:24594	MGI:1891689	True	same_symbol
CENPT	CENPT	CENPT	Cenpt	51620150	True	False	False	False	True	True	False	False	0.9460304822565969	0.6637414095135427			0.125	0.3125			0.1788621129907437	0.09139012643821734			0.5	0.5			0.25	-0.5			3.0	4.0			6.0	4.0			1.0	0.75			2	1	2	1.0	0.09139012643821734	False	True	False	False	False	False	supported_shared_full_matrix_only	5.091390126438218					False	unclassified_shared_neuronal_or_context	exploratory_context	1.0261127212528098	shared_positive_both_screens	1.0261127212528098			True	True	True	80152	320394	HGNC:25787	MGI:2443939	True	same_symbol
C2ORF49	C2orf49	C2orf49	AI597479	51619809	True	False	False	False	True	True	False	False	0.9460304822565969	0.6637414095135427			0.125	0.3125			0.0910469198850941	0.1255518321109437			0.5	0.5			0.25	-0.5			3.0	4.0			6.0	4.0			1.0	0.75			2	1	2	1.0	0.0910469198850941	False	True	False	False	False	False	supported_shared_full_matrix_only	5.091046919885094					False	unclassified_shared_neuronal_or_context	not_prioritized	0.5227617299712736	screen_specific_or_low_priority	0.5227617299712736			True	False	False	79074	98404	HGNC:28772	MGI:2138299	False	nonidentical_symbol
ALG14	ALG14	ALG14	Alg14	51628249	True	False	False	False	True	True	False	False	0.9460304822565969	0.6637414095135427			0.125	0.3125			0.10450154129089065	0.09050082682726554			0.5	0.5			0.5	-0.5			3.0	4.0			6.0	4.0			1.0	0.75			2	1	2	1.0	0.09050082682726554	False	True	False	False	False	False	supported_shared_full_matrix_only	5.090500826827266					False	unclassified_shared_neuronal_or_context	exploratory_context	1.0375137401282384	shared_positive_both_screens	1.0375137401282384			True	True	True	199857	66789	HGNC:28287	MGI:1914039	True	same_symbol
GTPBP1	GTPBP1	GTPBP1	Gtpbp1	51617342	True	False	False	False	True	True	False	False	0.9460304822565969	0.6637414095135427			0.125	0.3125			0.09046219007211939	0.13128894810620256			0.5	0.5			0.25	-0.5			3.0	4.0			6.0	4.0			1.0	0.75			2	1	2	1.0	0.09046219007211939	False	True	False	False	False	False	supported_shared_full_matrix_only	5.090462190072119					False	unclassified_shared_neuronal_or_context	exploratory_context	1.0308796834150438	shared_positive_both_screens	1.0308796834150438			True	True	True	9567	14904	HGNC:4669	MGI:109443	True	same_symbol
DNAJC30	DNAJC30	DNAJC30	Dnajc30	51625205	True	False	False	False	True	True	False	False	0.9460304822565969	0.6637414095135427			0.125	0.3125			0.0900095754867539	0.19642162925310636			0.5	0.5			0.5	-0.5			3.0	4.0			6.0	4.0			1.0	0.75			2	1	2	1.0	0.0900095754867539	False	True	False	False	False	False	supported_shared_full_matrix_only	5.090009575486754					False	unclassified_shared_neuronal_or_context	exploratory_context	1.0203577376259148	shared_positive_both_screens	1.0203577376259148			True	True	True	84277	66114	HGNC:16410	MGI:1913364	True	same_symbol
ADO	ADO	ADO	Ado	51616606	True	False	False	False	True	True	False	False	0.9460304822565969	0.6637414095135427			0.125	0.3125			0.0894111075646345	0.19066042216051626			0.5	0.5			0.5	-0.5			3.0	4.0			6.0	4.0			1.0	0.75			2	1	2	1.0	0.0894111075646345	False	True	False	False	False	False	supported_shared_full_matrix_only	5.089411107564635					False	unclassified_shared_neuronal_or_context	exploratory_context	1.0255117266697584	shared_positive_both_screens	1.0255117266697584			True	True	True	84890	211488	HGNC:23506	MGI:2685083	True	same_symbol
ONECUT2	ONECUT2	ONECUT2	Onecut2	51624546	True	False	False	False	True	True	False	False	0.9460304822565969	0.6637414095135427			0.125	0.3125			0.0893371757925072	0.15711490075482246			0.5	0.5			0.5	-0.5			3.0	4.0			6.0	4.0			1.0	0.75			2	1	2	1.0	0.0893371757925072	False	True	False	False	False	False	supported_shared_full_matrix_only	5.089337175792507					False	unclassified_shared_neuronal_or_context	exploratory_context	1.0224438008833034	shared_positive_both_screens	1.0224438008833034			True	True	True	9480	225631	HGNC:8139	MGI:1891408	True	same_symbol
DNAJC14	DNAJC14	DNAJC14	Dnajc14	51631494	True	False	False	False	True	True	False	False	0.9460304822565969	0.6637414095135427			0.125	0.3125			0.0891385180460502	0.18691274236304833			0.5	0.5			0.25	-0.5			3.0	4.0			6.0	4.0			1.0	0.75			2	1	2	1.0	0.0891385180460502	False	True	False	False	False	False	supported_shared_full_matrix_only	5.08913851804605					False	unclassified_shared_neuronal_or_context	exploratory_context	1.00062966842316	shared_positive_both_screens	1.00062966842316			True	True	True	85406	74330	HGNC:24581	MGI:1921580	True	same_symbol
KBTBD2	KBTBD2	KBTBD2	Kbtbd2	51622490	True	False	False	False	True	True	False	False	0.9460304822565969	0.6637414095135427			0.125	0.3125			0.08904121166052109	0.2661745549283543			0.5	0.5			0.25	-0.5			3.0	4.0			6.0	4.0			1.0	0.75			2	1	2	1.0	0.08904121166052109	False	True	False	False	False	False	supported_shared_full_matrix_only	5.089041211660521					False	unclassified_shared_neuronal_or_context	exploratory_context	1.0308217452038329	shared_positive_both_screens	1.0308217452038329			True	True	True	25948	210973	HGNC:21751	MGI:2384811	True	same_symbol
TBL2	TBL2	TBL2	Tbl2	51627459	True	False	False	False	True	True	False	False	0.9460304822565969	0.6637414095135427			0.125	0.3125			0.0888126396425151	0.1537834311806914			0.5	0.5			0.25	-0.5			3.0	4.0			6.0	4.0			1.0	0.75			2	1	2	1.0	0.0888126396425151	False	True	False	False	False	False	supported_shared_full_matrix_only	5.088812639642515					False	unclassified_shared_neuronal_or_context	exploratory_context	1.0127102368870369	shared_positive_both_screens	1.0127102368870369			True	True	True	26608	27368	HGNC:11586	MGI:1351652	True	same_symbol
COASY	COASY	COASY	Coasy	51630209	True	False	False	False	True	True	False	False	0.9460304822565969	0.6637414095135427			0.125	0.3125			0.1242020427705075	0.08879101666523954			0.5	0.5			0.25	-0.5			3.0	4.0			6.0	4.0			1.0	0.75			2	1	2	1.0	0.08879101666523954	False	True	False	False	False	False	supported_shared_full_matrix_only	5.0887910166652395					False	unclassified_shared_neuronal_or_context	exploratory_context	1.0171345338530473	shared_positive_both_screens	1.0171345338530473			True	True	True	80347	71743	HGNC:29932	MGI:1918993	True	same_symbol
CHMP6	CHMP6	CHMP6	Chmp6	51617685	True	False	False	False	True	True	False	False	0.9460304822565969	0.6637414095135427			0.125	0.3125			0.0887727417810405	0.1580953081609793			0.5	0.5			0.25	-0.5			3.0	4.0			6.0	4.0			1.0	0.75			2	1	2	1.0	0.0887727417810405	False	True	False	False	False	False	supported_shared_full_matrix_only	5.088772741781041					False	unclassified_shared_neuronal_or_context	exploratory_context	1.0151864064686127	shared_positive_both_screens	1.0151864064686127			True	True	True	79643	208092	HGNC:25675	MGI:3583942	True	same_symbol
RTN2	RTN2	RTN2	Rtn2	51624147	True	False	False	False	True	True	False	False	0.9460304822565969	0.6637414095135427			0.125	0.3125			0.0878102682768741	0.19231428276740298			0.5	0.5			0.25	-0.5			3.0	4.0			6.0	4.0			1.0	0.75			2	1	2	1.0	0.0878102682768741	False	True	False	False	False	False	supported_shared_full_matrix_only	5.087810268276874					False	cytoskeleton_morphogenesis	mechanism_followup_candidate	1.533763941658201	shared_positive_both_screens	1.533763941658201			True	True	True	6253	20167	HGNC:10468	MGI:107612	True	same_symbol
MOSPD3	MOSPD3	MOSPD3	Mospd3	51634124	True	False	False	False	True	True	False	False	0.9460304822565969	0.6637414095135427			0.125	0.3125			0.2125359080753271	0.0876737405075723			0.5	0.5			0.25	-0.5			3.0	4.0			6.0	4.0			1.0	0.75			2	1	2	1.0	0.0876737405075723	False	True	False	False	False	False	supported_shared_full_matrix_only	5.087673740507572					False	unclassified_shared_neuronal_or_context	exploratory_context	1.0099025456019035	shared_positive_both_screens	1.0099025456019035			True	True	True	64598	68929	HGNC:25078	MGI:1916179	True	same_symbol
PHKA2	PHKA2	PHKA2	Phka2	51631539	True	False	False	False	True	True	False	False	0.9460304822565969	0.6637414095135427			0.125	0.3125			0.087378640776699	0.1540054961069242			0.5	0.5			0.25	-0.5			3.0	4.0			6.0	4.0			1.0	0.75			2	1	2	1.0	0.087378640776699	False	True	False	False	False	False	supported_shared_full_matrix_only	5.087378640776699					False	unclassified_shared_neuronal_or_context	exploratory_context	1.023230207138394	shared_positive_both_screens	1.023230207138394			True	True	True	5256	110094	HGNC:8926	MGI:97577	True	same_symbol
INTS9	INTS9	INTS9	Ints9	51622453	True	False	False	False	True	True	False	False	0.9460304822565969	0.6637414095135427			0.125	0.3125			0.1153133110863922	0.0871951811911007			0.5	0.5			0.25	-0.5			3.0	4.0			6.0	4.0			1.0	0.75			2	1	2	1.0	0.0871951811911007	False	True	False	False	False	False	supported_shared_full_matrix_only	5.087195181191101					False	unclassified_shared_neuronal_or_context	exploratory_context	1.028261308583094	shared_positive_both_screens	1.028261308583094			True	True	True	55756	210925	HGNC:25592	MGI:1098533	True	same_symbol
PIGH	PIGH	PIGH	Pigh	51630280	True	False	False	False	True	True	False	False	0.9460304822565969	0.6637414095135427			0.125	0.3125			0.0866318147871545	0.14850195397307855			0.5	0.5			0.25	-0.5			3.0	4.0			6.0	4.0			1.0	0.75			2	1	2	1.0	0.0866318147871545	False	True	False	False	False	False	supported_shared_full_matrix_only	5.086631814787155					False	unclassified_shared_neuronal_or_context	exploratory_context	1.020469317968157	shared_positive_both_screens	1.020469317968157			True	True	True	5283	110417	HGNC:8964	MGI:99463	True	same_symbol
UTP3	UTP3	UTP3	Utp3	51624171	True	False	False	False	True	True	False	False	0.9460304822565969	0.6637414095135427			0.125	0.3125			0.0864985636769869	0.2182016679561854			0.5	0.5			0.5	-0.5			3.0	4.0			6.0	4.0			1.0	0.75			2	1	2	1.0	0.0864985636769869	False	True	False	False	False	False	supported_shared_full_matrix_only	5.086498563676987					False	unclassified_shared_neuronal_or_context	exploratory_context	1.0240349382821032	shared_positive_both_screens	1.0240349382821032			True	True	True	57050	65961	HGNC:24477	MGI:1919230	True	same_symbol
NUP188	NUP188	NUP188	Nup188	51621146	True	False	False	False	True	True	False	False	0.9460304822565969	0.6637414095135427			0.125	0.3125			0.0960326288468668	0.08591830786526211			0.5	0.5			0.25	-0.5			3.0	4.0			6.0	4.0			1.0	0.75			2	1	2	1.0	0.08591830786526211	False	True	False	False	False	False	supported_shared_full_matrix_only	5.085918307865262					False	unclassified_shared_neuronal_or_context	exploratory_context	1.0263532620832838	shared_positive_both_screens	1.0263532620832838			True	True	True	23511	227699	HGNC:17859	MGI:2446190	True	same_symbol
DARS2	DARS2	DARS2	Dars2	51626083	True	False	False	False	True	True	False	False	0.9460304822565969	0.6637414095135427			0.125	0.3125			0.08570204150909641	0.1251085540599218			0.5	0.5			0.25	-0.5			3.0	4.0			6.0	4.0			1.0	0.75			2	1	2	1.0	0.08570204150909641	False	True	False	False	False	False	supported_shared_full_matrix_only	5.085702041509096					False	unclassified_shared_neuronal_or_context	exploratory_context	1.0148137919677849	shared_positive_both_screens	1.0148137919677849			True	True	True	55157	226539	HGNC:25538	MGI:2442510	True	same_symbol
METTL14	METTL14	METTL14	Mettl14	51629947	True	False	False	False	True	True	False	False	0.9460304822565969	0.6637414095135427			0.125	0.3125			0.0851819342483242	0.15560505752869497			0.5	0.5			0.5	-0.5			3.0	4.0			6.0	4.0			1.0	0.75			2	1	2	1.0	0.0851819342483242	False	True	False	False	False	False	supported_shared_full_matrix_only	5.085181934248324					False	unclassified_shared_neuronal_or_context	exploratory_context	1.0257513583944018	shared_positive_both_screens	1.0257513583944018			True	True	True	57721	210529	HGNC:29330	MGI:2442926	True	same_symbol
MLH1	MLH1	MLH1	Mlh1	51629809	True	False	False	False	True	True	False	False	0.9460304822565969	0.6637414095135427			0.125	0.3125			0.1097515758249907	0.08466225312625775			0.5	0.5			0.25	-0.5			3.0	4.0			6.0	4.0			1.0	0.75			2	1	2	1.0	0.08466225312625775	False	True	False	False	False	False	supported_shared_full_matrix_only	5.0846622531262575					False	unclassified_shared_neuronal_or_context	exploratory_context	1.028532171538021	shared_positive_both_screens	1.028532171538021			True	True	True	4292	17350	HGNC:7127	MGI:101938	True	same_symbol
ZSCAN21	ZSCAN21	ZSCAN21	Zscan21	51636497	True	False	False	False	True	True	False	False	0.9460304822565969	0.6637414095135427			0.125	0.3125			0.1336135225122842	0.08458197181687985			0.5	0.5			0.25	-0.5			3.0	4.0			6.0	4.0			1.0	0.75			2	1	2	1.0	0.08458197181687985	False	True	False	False	False	False	supported_shared_full_matrix_only	5.084581971816879					False	unclassified_shared_neuronal_or_context	exploratory_context	1.0101463999646296	shared_positive_both_screens	1.0101463999646296			True	True	True	7589	22697	HGNC:13104	MGI:99182	True	same_symbol
GPSM2	GPSM2	GPSM2	Gpsm2	51629637	True	False	False	False	True	True	False	False	0.9460304822565969	0.6637414095135427			0.125	0.3125			0.1352936482604532	0.08413484892645484			0.5	0.5			0.25	-0.5			3.0	4.0			6.0	4.0			1.0	0.75			2	1	2	1.0	0.08413484892645484	False	True	False	False	False	False	supported_shared_full_matrix_only	5.084134848926455					False	unclassified_shared_neuronal_or_context	exploratory_context	1.0457578598787105	shared_positive_both_screens	1.0457578598787105			True	True	True	29899	76123	HGNC:29501	MGI:1923373	True	same_symbol
FAM98C	FAM98C	FAM98C	Fam98c	51632822	True	False	False	False	True	True	False	False	0.9460304822565969	0.6637414095135427			0.125	0.3125			0.083825406958187	0.130396804721033			0.5	0.5			0.5	-0.5			3.0	4.0			6.0	4.0			1.0	0.75			2	1	2	1.0	0.083825406958187	False	True	False	False	False	False	supported_shared_full_matrix_only	5.083825406958187					False	unclassified_shared_neuronal_or_context	exploratory_context	1.0220314594546047	shared_positive_both_screens	1.0220314594546047			True	True	True	147965	73833	HGNC:27119	MGI:1921083	True	same_symbol
AKT1S1	AKT1S1	AKT1S1	Akt1s1	51627559	True	False	False	False	True	True	False	False	0.9460304822565969	0.6637414095135427			0.125	0.3125			0.0837855090967124	0.18590391037170056			0.5	0.5			0.25	-0.5			3.0	4.0			6.0	4.0			1.0	0.75			2	1	2	1.0	0.0837855090967124	False	True	False	False	False	False	supported_shared_full_matrix_only	5.083785509096712					False	unclassified_shared_neuronal_or_context	exploratory_context	1.0	shared_positive_both_screens	1.0			True	True	True	84335	67605	HGNC:28426	MGI:1914855	True	same_symbol
ABCF3	ABCF3	ABCF3	Abcf3	51622136	True	False	False	False	True	True	False	False	0.9460304822565969	0.6637414095135427			0.125	0.3125			0.08376988178389244	0.3503594675993393			0.5	0.5			0.25	-0.5			3.0	4.0			6.0	4.0			1.0	0.75			2	1	2	1.0	0.08376988178389244	False	True	False	False	False	False	supported_shared_full_matrix_only	5.083769881783892					False	unclassified_shared_neuronal_or_context	exploratory_context	1.021788556220786	shared_positive_both_screens	1.021788556220786			True	True	True	55324	27406	HGNC:72	MGI:1351656	True	same_symbol
MLST8	MLST8	MLST8	Mlst8	51620689	True	False	False	False	True	True	False	False	0.9460304822565969	0.6637414095135427			0.125	0.3125			0.125324434556915	0.0837497050700198			0.5	0.5			0.25	-0.5			3.0	4.0			6.0	4.0			1.0	0.75			2	1	2	1.0	0.0837497050700198	False	True	False	False	False	False	supported_shared_full_matrix_only	5.08374970507002					False	unclassified_shared_neuronal_or_context	exploratory_context	1.0223359586390866	shared_positive_both_screens	1.0223359586390866			True	True	True	64223	56716	HGNC:24825	MGI:1929514	True	same_symbol
LONP1	LONP1	LONP1	Lonp1	51633627	True	False	False	False	True	True	False	False	0.9460304822565969	0.6637414095135427			0.125	0.3125			0.0833466326204915	0.2794756491929328			0.5	0.5			0.25	-0.5			3.0	4.0			6.0	4.0			1.0	0.75			2	1	2	1.0	0.0833466326204915	False	True	False	False	False	False	supported_shared_full_matrix_only	5.083346632620492					False	unclassified_shared_neuronal_or_context	exploratory_context	1.043710598331601	shared_positive_both_screens	1.043710598331601			True	True	True	9361	74142	HGNC:9479	MGI:1921392	True	same_symbol
MSL3	MSL3	MSL3	Msl3	51634186	True	False	False	False	True	True	False	False	0.9460304822565969	0.6637414095135427			0.125	0.3125			0.1111554420683051	0.08327895510547931			0.5	0.5			0.25	-0.5			3.0	4.0			6.0	4.0			1.0	0.75			2	1	2	1.0	0.08327895510547931	False	True	False	False	False	False	supported_shared_full_matrix_only	5.083278955105479					False	unclassified_shared_neuronal_or_context	exploratory_context	1.0265001112921153	shared_positive_both_screens	1.0265001112921153			True	True	True	10943	17692	HGNC:7370	MGI:1341851	True	same_symbol
ZNF25	ZNF25	ZNF25	Zfp9	51636360	True	False	False	False	True	True	False	False	0.9460304822565969	0.6637414095135427			0.125	0.3125			0.0831471433131184	0.22081705022434506			0.5	0.5			0.5	-0.5			3.0	4.0			6.0	4.0			1.0	0.75			2	1	2	1.0	0.0831471433131184	False	True	False	False	False	False	supported_shared_full_matrix_only	5.083147143313118					False	unclassified_shared_neuronal_or_context	not_prioritized	0.5207867858282796	screen_specific_or_low_priority	0.5207867858282796			True	False	False	219749	22750	HGNC:13043	MGI:99210	False	nonidentical_symbol
ITGB3BP	ITGB3BP	ITGB3BP	Itgb3bp	51625810	True	False	False	False	True	True	False	False	0.9460304822565969	0.6637414095135427			0.125	0.3125			0.31392307654385554	0.0828086553770444			0.5	0.5			0.25	-0.5			3.0	4.0			6.0	4.0			1.0	0.75			2	1	2	1.0	0.0828086553770444	False	True	False	False	False	False	supported_shared_full_matrix_only	5.082808655377044					False	unclassified_shared_neuronal_or_context	exploratory_context	1.0627960675912038	shared_positive_both_screens	1.0627960675912038			True	True	True	23421	67733	HGNC:6157	MGI:1914983	True	same_symbol
MED30	MED30	MED30	Med30	51627016	True	False	False	False	True	True	False	False	0.9460304822565969	0.6637414095135427			0.125	0.3125			0.2924114267475263	0.08251745383981379			0.5	0.5			0.5	-0.5			3.0	4.0			6.0	4.0			1.0	0.75			2	1	2	1.0	0.08251745383981379	False	True	False	False	False	False	supported_shared_full_matrix_only	5.082517453839814					False	unclassified_shared_neuronal_or_context	exploratory_context	1.014699941769142	shared_positive_both_screens	1.014699941769142			True	True	True	90390	69790	HGNC:23032	MGI:1917040	True	same_symbol
BCL9L	BCL9L	BCL9L	Bcl9l	51616461	True	False	False	False	True	True	False	False	0.9460304822565969	0.6637414095135427			0.125	0.3125			0.09337504322445894	0.0824936503310155			0.5	0.5			0.5	-0.5			3.0	4.0			6.0	4.0			1.0	0.75			2	1	2	1.0	0.0824936503310155	False	True	False	False	False	False	supported_shared_full_matrix_only	5.082493650331015					False	regulatory_morphogenesis_candidate	mechanism_followup_candidate	1.5141874019850488	shared_positive_both_screens	1.5141874019850488			True	True	True	283149	80288	HGNC:23688	MGI:1933114	True	same_symbol
UTP23	UTP23	UTP23	Utp23	51619959	True	False	False	False	True	True	False	False	0.9460304822565969	0.6637414095135427			0.125	0.3125			0.0818704117459304	0.18052540165002165			0.5	0.5			0.25	-0.5			3.0	4.0			6.0	4.0			1.0	0.75			2	1	2	1.0	0.0818704117459304	False	True	False	False	False	False	supported_shared_full_matrix_only	5.08187041174593					False	unclassified_shared_neuronal_or_context	exploratory_context	1.0315183421702576	shared_positive_both_screens	1.0315183421702576			True	True	True	84294	78581	HGNC:28224	MGI:1925831	True	same_symbol
POLA1	POLA1	POLA1	Pola1	51617253	True	False	False	False	True	True	False	False	0.9460304822565969	0.6637414095135427			0.125	0.3125			0.0804597701149425	0.08145172962802136			0.5	0.5			0.25	-0.5			3.0	4.0			6.0	4.0			1.0	0.75			2	1	2	1.0	0.0804597701149425	False	True	False	False	False	False	supported_shared_full_matrix_only	5.080459770114943					False	unclassified_shared_neuronal_or_context	exploratory_context	1.0301103050780085	shared_positive_both_screens	1.0301103050780085			True	True	True	5422	18968	HGNC:9173	MGI:99660	True	same_symbol
RFXAP	RFXAP	RFXAP	Rfxap	51624882	True	False	False	False	True	True	False	False	0.9460304822565969	0.6637414095135427			0.125	0.3125			0.0799154165336737	0.1578487559407324			0.5	0.5			0.25	-0.5			3.0	4.0			6.0	4.0			1.0	0.75			2	1	2	1.0	0.0799154165336737	False	True	False	False	False	False	supported_shared_full_matrix_only	5.079915416533674					False	regulatory_morphogenesis_candidate	mechanism_followup_candidate	1.546244772659117	shared_positive_both_screens	1.546244772659117			True	True	True	5994	170767	HGNC:9988	MGI:2180854	True	same_symbol
SFT2D3	SFT2D3	SFT2D3	Sft2d3	51620878	True	False	False	False	True	True	False	False	0.9460304822565969	0.6637414095135427			0.125	0.3125			0.07980520411921754	0.15538299260246213			0.5	0.5			0.25	-0.5			3.0	4.0			6.0	4.0			1.0	0.75			2	1	2	1.0	0.07980520411921754	False	True	False	False	False	False	supported_shared_full_matrix_only	5.079805204119218					False	unclassified_shared_neuronal_or_context	exploratory_context	1.0067892757326289	shared_positive_both_screens	1.0067892757326289			True	True	True	84826	67158	HGNC:28767	MGI:1914408	True	same_symbol
MCAT	MCAT	MCAT	Mcat	51633742	True	False	False	False	True	True	False	False	0.9460304822565969	0.6637414095135427			0.125	0.3125			0.0794765400574529	0.08861621294462504			0.5	0.5			0.25	-0.5			3.0	4.0			6.0	4.0			1.0	0.75			2	1	2	1.0	0.0794765400574529	False	True	False	False	False	False	supported_shared_full_matrix_only	5.079476540057453					False	unclassified_shared_neuronal_or_context	exploratory_context	1.0180973703419331	shared_positive_both_screens	1.0180973703419331			True	True	True	27349	223722	HGNC:29622	MGI:2388651	True	same_symbol
BTBD2	BTBD2	BTBD2	Btbd2	51616578	True	False	False	False	True	True	False	False	0.9460304822565969	0.6637414095135427			0.125	0.3125			0.07931714627720321	0.16063714900025974			0.5	0.5			0.25	-0.5			3.0	4.0			6.0	4.0			1.0	0.75			2	1	2	1.0	0.07931714627720321	False	True	False	False	False	False	supported_shared_full_matrix_only	5.079317146277203					False	unclassified_shared_neuronal_or_context	exploratory_context	1.0500884481039965	shared_positive_both_screens	1.0500884481039965			True	True	True	55643	208198	HGNC:15504	MGI:1933831	True	same_symbol
GOSR2	GOSR2	GOSR2	Gosr2	51627773	True	False	False	False	True	True	False	False	0.9460304822565969	0.6637414095135427			0.125	0.3125			0.079037663581232	0.2762140705888884			0.5	0.5			0.25	-0.5			3.0	4.0			6.0	4.0			1.0	0.75			2	1	2	1.0	0.079037663581232	False	True	False	False	False	False	supported_shared_full_matrix_only	5.079037663581232					False	unclassified_shared_neuronal_or_context	exploratory_context	1.00037248178127	shared_positive_both_screens	1.00037248178127			True	True	True	9570	56494	HGNC:4431	MGI:1927204	True	same_symbol
TMEM120B	TMEM120B	TMEM120B	Tmem120b	51628506	True	False	False	False	True	True	False	False	0.9460304822565969	0.6637414095135427			0.125	0.3125			0.1150112023898431	0.07846178401410105			0.5	0.5			0.25	-0.5			3.0	4.0			6.0	4.0			1.0	0.75			2	1	2	1.0	0.07846178401410105	False	True	False	False	False	False	supported_shared_full_matrix_only	5.078461784014101					False	unclassified_shared_neuronal_or_context	exploratory_context	1.0314273128827842	shared_positive_both_screens	1.0314273128827842			True	True	True	144404	330189	HGNC:32008	MGI:3603158	True	same_symbol
MRPS24	MRPS24	MRPS24	Mrps24	51628612	True	False	False	False	True	True	False	False	0.9460304822565969	0.6637414095135427			0.125	0.3125			0.07828386749335225	0.39423718565802324			0.5	0.5			0.25	-0.5			3.0	4.0			6.0	4.0			1.0	0.75			2	1	2	1.0	0.07828386749335225	False	True	False	False	False	False	supported_shared_full_matrix_only	5.078283867493353					False	unclassified_shared_neuronal_or_context	exploratory_context	1.0	shared_positive_both_screens	1.0			True	True	True	64951	64660	HGNC:14510	MGI:1928142	True	same_symbol
UBE2Q1	UBE2Q1	UBE2Q1	Ube2q1	51636144	True	False	False	False	True	True	False	False	0.9460304822565969	0.6637414095135427			0.125	0.3125			0.07803209162247185	0.16605993561870996			0.5	0.5			0.25	-0.5			3.0	4.0			6.0	4.0			1.0	0.75			2	1	2	1.0	0.07803209162247185	False	True	False	False	False	False	supported_shared_full_matrix_only	5.078032091622472					False	unclassified_shared_neuronal_or_context	exploratory_context	1.042596066543431	shared_positive_both_screens	1.042596066543431			True	True	True	55585	70093	HGNC:15698	MGI:1917343	True	same_symbol
PARD6A	PARD6A	PARD6A	Pard6a	51625564	True	False	False	False	True	True	False	False	0.9460304822565969	0.6637414095135427			0.125	0.3125			0.0776811362910948	0.18494305767513008			0.5	0.5			0.25	-0.5			3.0	4.0			6.0	4.0			1.0	0.75			2	1	2	1.0	0.0776811362910948	False	True	False	False	False	False	supported_shared_full_matrix_only	5.077681136291095					False	unclassified_shared_neuronal_or_context	exploratory_context	1.0160589542175422	shared_positive_both_screens	1.0160589542175422			True	True	True	50855	56513	HGNC:15943	MGI:1927223	True	same_symbol
CLN6	CLN6	CLN6	Cln6	51617808	True	False	False	False	True	True	False	False	0.9460304822565969	0.6637414095135427			0.125	0.3125			0.0772023619533993	0.11964466637718915			0.5	0.5			0.25	-0.5			3.0	4.0			6.0	4.0			1.0	0.75			2	1	2	1.0	0.0772023619533993	False	True	False	False	False	False	supported_shared_full_matrix_only	5.0772023619533995					False	unclassified_shared_neuronal_or_context	exploratory_context	1.003730203899473	shared_positive_both_screens	1.003730203899473			True	True	True	54982	76524	HGNC:2077	MGI:2159324	True	same_symbol
MBD4	MBD4	MBD4	Mbd4	51630545	True	False	False	False	True	True	False	False	0.9460304822565969	0.6637414095135427			0.125	0.3125			0.0771227289581016	0.12650166449558545			0.5	0.5			0.25	-0.5			3.0	4.0			6.0	4.0			1.0	0.75			2	1	2	1.0	0.0771227289581016	False	True	False	False	False	False	supported_shared_full_matrix_only	5.077122728958102					False	unclassified_shared_neuronal_or_context	exploratory_context	1.0196868146025402	shared_positive_both_screens	1.0196868146025402			True	True	True	8930	17193	HGNC:6919	MGI:1333850	True	same_symbol
HAUS8	HAUS8	HAUS8	Haus8	51619102	True	False	False	False	True	True	False	False	0.9460304822565969	0.6637414095135427			0.125	0.3125			0.0771116131238965	0.10019539730785926			0.5	0.5			0.25	-0.5			3.0	4.0			6.0	4.0			1.0	0.75			2	1	2	1.0	0.0771116131238965	False	True	False	False	False	False	supported_shared_full_matrix_only	5.077111613123897					False	unclassified_shared_neuronal_or_context	exploratory_context	1.0082944977098685	shared_positive_both_screens	1.0082944977098685			True	True	True	93323	76478	HGNC:30532	MGI:1923728	True	same_symbol
SLC37A4	SLC37A4	SLC37A4	Slc37a4	51620112	True	False	False	False	True	True	False	False	0.9460304822565969	0.6637414095135427			0.125	0.3125			0.0768432812001276	0.11898466291835551			0.5	0.5			0.25	-0.5			3.0	4.0			6.0	4.0			1.0	0.75			2	1	2	1.0	0.0768432812001276	False	True	False	False	False	False	supported_shared_full_matrix_only	5.076843281200127					False	unclassified_shared_neuronal_or_context	exploratory_context	1.0042204184238184	shared_positive_both_screens	1.0042204184238184			True	True	True	2542	14385	HGNC:4061	MGI:1316650	True	same_symbol
RPS6KA3	RPS6KA3	RPS6KA3	Rps6ka3	51629081	True	False	False	False	True	True	False	False	0.9460304822565969	0.6637414095135427			0.125	0.3125			0.2324687800192122	0.07656330100432315			0.5	0.5			0.5	-0.5			3.0	4.0			6.0	4.0			1.0	0.75			2	1	2	1.0	0.07656330100432315	False	True	False	False	False	False	supported_shared_full_matrix_only	5.076563301004323					False	metabolic_or_housekeeping_support	supporting_context_not_core_executor	0.5588849604598325	shared_positive_both_screens	0.5588849604598325			True	True	True	6197	110651	HGNC:10432	MGI:104557	True	same_symbol
GTF2H3	GTF2H3	GTF2H3	Gtf2h3	51633034	True	False	False	False	True	True	False	False	0.9460304822565969	0.6637414095135427			0.125	0.3125			0.076165017555059	0.3196555217831813			0.5	0.5			0.25	-0.5			3.0	4.0			6.0	4.0			1.0	0.75			2	1	2	1.0	0.076165017555059	False	True	False	False	False	False	supported_shared_full_matrix_only	5.076165017555059					False	unclassified_shared_neuronal_or_context	exploratory_context	1.0398137563952785	shared_positive_both_screens	1.0398137563952785			True	True	True	2967	209357	HGNC:4657	MGI:1277143	True	same_symbol
SLC15A4	SLC15A4	SLC15A4	Slc15a4	51629573	True	False	False	False	True	True	False	False	0.9460304822565969	0.6637414095135427			0.125	0.3125			0.07611695171138336	0.1486286003763207			0.5	0.5			0.25	-0.5			3.0	4.0			6.0	4.0			1.0	0.75			2	1	2	1.0	0.07611695171138336	False	True	False	False	False	False	supported_shared_full_matrix_only	5.076116951711383					False	unclassified_shared_neuronal_or_context	exploratory_context	1.0235509983336266	shared_positive_both_screens	1.0235509983336266			True	True	True	121260	100561	HGNC:23090	MGI:2140796	True	same_symbol
UNC119B	UNC119B	UNC119B	Unc119b	51621822	True	False	False	False	True	True	False	False	0.9460304822565969	0.6637414095135427			0.125	0.3125			0.07578336335472036	0.0842562906829884			0.5	0.5			0.25	-0.5			3.0	4.0			6.0	4.0			1.0	0.75			2	1	2	1.0	0.07578336335472036	False	True	False	False	False	False	supported_shared_full_matrix_only	5.07578336335472					False	unclassified_shared_neuronal_or_context	exploratory_context	1.0165870550814415	shared_positive_both_screens	1.0165870550814415			True	True	True	84747	106840	HGNC:16488	MGI:2147162	True	same_symbol
ELK4	ELK4	ELK4	Elk4	51626979	True	False	False	False	True	True	False	False	0.9460304822565969	0.6637414095135427			0.125	0.3125			0.08461007371105425	0.075385727361218			0.5	0.5			0.25	-0.5			3.0	4.0			6.0	4.0			1.0	0.75			2	1	2	1.0	0.075385727361218	False	True	False	False	False	False	supported_shared_full_matrix_only	5.075385727361218					False	unclassified_shared_neuronal_or_context	exploratory_context	1.0216904920762535	shared_positive_both_screens	1.0216904920762535			True	True	True	2005	13714	HGNC:3326	MGI:102853	True	same_symbol
PTCH1	PTCH1	PTCH1	Ptch1	51616511	True	False	False	False	True	True	False	False	0.9460304822565969	0.6637414095135427			0.125	0.3125			0.329490874159462	0.07529207147111866			0.5	0.5			0.5	-0.5			3.0	4.0			6.0	4.0			1.0	0.75			2	1	2	1.0	0.07529207147111866	False	True	False	False	False	False	supported_shared_full_matrix_only	5.075292071471119					False	unclassified_shared_neuronal_or_context	exploratory_context	1.037215302048997	shared_positive_both_screens	1.037215302048997			True	True	True	5727	19206	HGNC:9585	MGI:105373	True	same_symbol
GET4	GET4	GET4	Get4	51617617	True	False	False	False	True	True	False	False	0.9460304822565969	0.6637414095135427			0.125	0.3125			0.07482731931354511	0.3110296873048257			0.5	0.5			0.25	-0.5			3.0	4.0			6.0	4.0			1.0	0.75			2	1	2	1.0	0.07482731931354511	False	True	False	False	False	False	supported_shared_full_matrix_only	5.074827319313545					False	unclassified_shared_neuronal_or_context	exploratory_context	1.0002974177171389	shared_positive_both_screens	1.0002974177171389			True	True	True	51608	67604	HGNC:21690	MGI:1914854	True	same_symbol
R3HCC1	R3HCC1	R3HCC1	R3hcc1	51625950	True	False	False	False	True	True	False	False	0.9460304822565969	0.6637414095135427			0.125	0.3125			0.200526651771465	0.0747013112906511			0.5	0.5			0.5	-0.5			3.0	4.0			6.0	4.0			1.0	0.75			2	1	2	1.0	0.0747013112906511	False	True	False	False	False	False	supported_shared_full_matrix_only	5.074701311290651					False	unclassified_shared_neuronal_or_context	exploratory_context	1.0156709537327222	shared_positive_both_screens	1.0156709537327222			True	True	True	203069	71843	HGNC:27329	MGI:1919093	True	same_symbol
TCHP	TCHP	TCHP	Tchp	51628793	True	False	False	False	True	True	False	False	0.9460304822565969	0.6637414095135427			0.125	0.3125			0.07451685442847344	0.08845346649298015			0.5	0.5			0.25	-0.5			3.0	4.0			6.0	4.0			1.0	0.75			2	1	2	1.0	0.07451685442847344	False	True	False	False	False	False	supported_shared_full_matrix_only	5.074516854428474					False	unclassified_shared_neuronal_or_context	exploratory_context	1.0250879837780738	shared_positive_both_screens	1.0250879837780738			True	True	True	84260	77832	HGNC:28135	MGI:1925082	True	same_symbol
ERI1	ERI1	ERI1	Eri1	51623207	True	False	False	False	True	True	False	False	0.9460304822565969	0.6637414095135427			0.125	0.3125			0.07381411217254755	0.1176183239253148			0.5	0.5			0.5	-0.5			3.0	4.0			6.0	4.0			1.0	0.75			2	1	2	1.0	0.07381411217254755	False	True	False	False	False	False	supported_shared_full_matrix_only	5.073814112172547					False	unclassified_shared_neuronal_or_context	exploratory_context	1.025630659322105	shared_positive_both_screens	1.025630659322105			True	True	True	90459	67276	HGNC:23994	MGI:1914526	True	same_symbol
RCE1	RCE1	RCE1	Rce1	51622307	True	False	False	False	True	True	False	False	0.9460304822565969	0.6637414095135427			0.125	0.3125			0.0737312480051069	0.1398002803569693			0.5	0.5			0.25	-0.5			3.0	4.0			6.0	4.0			1.0	0.75			2	1	2	1.0	0.0737312480051069	False	True	False	False	False	False	supported_shared_full_matrix_only	5.073731248005107					False	unclassified_shared_neuronal_or_context	exploratory_context	1.013824043815917	shared_positive_both_screens	1.013824043815917			True	True	True	9986	19671	HGNC:13721	MGI:1336895	True	same_symbol
POLD2	POLD2	POLD2	Pold2	51626673	True	False	False	False	True	True	False	False	0.9460304822565969	0.6637414095135427			0.125	0.3125			0.3774736674114267	0.0734965510541144			0.5	0.5			0.25	-0.5			3.0	4.0			6.0	4.0			1.0	0.75			2	1	2	1.0	0.0734965510541144	False	True	False	False	False	False	supported_shared_full_matrix_only	5.073496551054115					False	unclassified_shared_neuronal_or_context	exploratory_context	1.0239043592954045	shared_positive_both_screens	1.0239043592954045			True	True	True	5425	18972	HGNC:9176	MGI:1097163	True	same_symbol
MSH6	MSH6	MSH6	Msh6	51617046	True	False	False	False	True	True	False	False	0.9460304822565969	0.6637414095135427			0.125	0.3125			0.1182795698924731	0.07323284895421295			0.5	0.5			0.25	-0.5			3.0	4.0			6.0	4.0			1.0	0.75			2	1	2	1.0	0.07323284895421295	False	True	False	False	False	False	supported_shared_full_matrix_only	5.073232848954213					False	unclassified_shared_neuronal_or_context	exploratory_context	1.02859030435575	shared_positive_both_screens	1.02859030435575			True	True	True	2956	17688	HGNC:7329	MGI:1343961	True	same_symbol
FBXO46	FBXO46	FBXO46	Fbxo46	51625744	True	False	False	False	True	True	False	False	0.9460304822565969	0.6637414095135427			0.125	0.3125			0.07256462306041611	0.108797934796186			0.5	0.5			0.25	-0.5			3.0	4.0			6.0	4.0			1.0	0.75			2	1	2	1.0	0.07256462306041611	False	True	False	False	False	False	supported_shared_full_matrix_only	5.0725646230604164					False	unclassified_shared_neuronal_or_context	exploratory_context	1.0151545046883843	shared_positive_both_screens	1.0151545046883843			True	True	True	23403	243867	HGNC:25069	MGI:2444918	True	same_symbol
ENOX2	ENOX2	ENOX2	Enox2	51630454	True	False	False	False	True	True	False	False	0.9460304822565969	0.6637414095135427			0.125	0.3125			0.1796116504854369	0.07214870299554735			0.5	0.5			0.5	-0.5			3.0	4.0			6.0	4.0			1.0	0.75			2	1	2	1.0	0.07214870299554735	False	True	False	False	False	False	supported_shared_full_matrix_only	5.072148702995547					False	unclassified_shared_neuronal_or_context	exploratory_context	1.0539716292213424	shared_positive_both_screens	1.0539716292213424			True	True	True	10495	209224	HGNC:2259	MGI:2384799	True	same_symbol
SPHK2	SPHK2	SPHK2	Sphk2	51626331	True	False	False	False	True	True	False	False	0.9460304822565969	0.6637414095135427			0.125	0.3125			0.0720555378231726	0.0970631913505711			0.5	0.5			0.25	-0.5			3.0	4.0			6.0	4.0			1.0	0.75			2	1	2	1.0	0.0720555378231726	False	True	False	False	False	False	supported_shared_full_matrix_only	5.072055537823172					False	unclassified_shared_neuronal_or_context	exploratory_context	1.022327282846314	shared_positive_both_screens	1.022327282846314			True	True	True	56848	56632	HGNC:18859	MGI:1861380	True	same_symbol
NOP16	NOP16	NOP16	Nop16	51630321	True	False	False	False	True	True	False	False	0.9460304822565969	0.6637414095135427			0.125	0.3125			0.0719358442387488	0.5457736286003764			0.5	0.5			0.25	-0.5			3.0	4.0			6.0	4.0			1.0	0.75			2	1	2	1.0	0.0719358442387488	False	True	False	False	False	False	supported_shared_full_matrix_only	5.071935844238749					False	unclassified_shared_neuronal_or_context	exploratory_context	1.0091907209152116	shared_positive_both_screens	1.0091907209152116			True	True	True	51491	28126	HGNC:26934	MGI:107862	True	same_symbol
BUD13	BUD13	BUD13	Bud13	51620720	True	False	False	False	True	True	False	False	0.9460304822565969	0.6637414095135427			0.125	0.3125			0.0717363549313756	0.0783941236068895			0.5	0.5			0.25	-0.5			3.0	4.0			6.0	4.0			1.0	0.75			2	1	2	1.0	0.0717363549313756	False	True	False	False	False	False	supported_shared_full_matrix_only	5.071736354931375					False	unclassified_shared_neuronal_or_context	exploratory_context	1.0124565277006603	shared_positive_both_screens	1.0124565277006603			True	True	True	84811	215051	HGNC:28199	MGI:2443443	True	same_symbol
PNPLA3	PNPLA3	PNPLA3	Pnpla3	51630167	True	False	False	False	True	True	False	False	0.9460304822565969	0.6637414095135427			0.125	0.3125			0.0705135593924607	0.12364307425097695			0.5	0.5			0.5	-0.5			3.0	4.0			6.0	4.0			1.0	0.75			2	1	2	1.0	0.0705135593924607	False	True	False	False	False	False	supported_shared_full_matrix_only	5.07051355939246					False	unclassified_shared_neuronal_or_context	exploratory_context	1.003652683690533	shared_positive_both_screens	1.003652683690533			True	True	True	80339	116939	HGNC:18590	MGI:2151796	True	same_symbol
CCDC71	CCDC71	CCDC71	Ccdc71	51620695	True	False	False	False	True	True	False	False	0.9460304822565969	0.6637414095135427			0.125	0.3125			0.0703000319182891	0.0989889106327462			0.5	0.5			0.25	-0.5			3.0	4.0			6.0	4.0			1.0	0.75			2	1	2	1.0	0.0703000319182891	False	True	False	False	False	False	supported_shared_full_matrix_only	5.070300031918289					False	unclassified_shared_neuronal_or_context	exploratory_context	1.0070984588273353	shared_positive_both_screens	1.0070984588273353			True	True	True	64925	72454	HGNC:25760	MGI:1919704	True	same_symbol
CYB5R1	CYB5R1	CYB5R1	Cyb5r1	51618208	True	False	False	False	True	True	False	False	0.9460304822565969	0.6637414095135427			0.125	0.3125			0.0700778642936596	0.14891807786944566			0.5	0.5			0.25	-0.5			3.0	4.0			6.0	4.0			1.0	0.75			2	1	2	1.0	0.0700778642936596	False	True	False	False	False	False	supported_shared_full_matrix_only	5.070077864293659					False	unclassified_shared_neuronal_or_context	exploratory_context	1.0171615254190824	shared_positive_both_screens	1.0171615254190824			True	True	True	51706	72017	HGNC:13397	MGI:1919267	True	same_symbol
NR2C1	NR2C1	NR2C1	Nr2c1	51625911	True	False	False	False	True	True	False	False	0.9460304822565969	0.6637414095135427			0.125	0.3125			0.1308861698183166	0.06970979881314225			0.5	0.5			0.5	-0.5			3.0	4.0			6.0	4.0			1.0	0.75			2	1	2	1.0	0.06970979881314225	False	True	False	False	False	False	supported_shared_full_matrix_only	5.069709798813142					False	unclassified_shared_neuronal_or_context	exploratory_context	1.0344323370294028	shared_positive_both_screens	1.0344323370294028			True	True	True	7181	22025	HGNC:7971	MGI:1352465	True	same_symbol
NFKBIL1	NFKBIL1	NFKBIL1	Nfkbil1	51630543	True	False	False	False	True	True	False	False	0.9460304822565969	0.6637414095135427			0.125	0.3125			0.1479421579532814	0.06968153884151035			0.5	0.5			0.25	-0.5			3.0	4.0			6.0	4.0			1.0	0.75			2	1	2	1.0	0.06968153884151035	False	True	False	False	False	False	supported_shared_full_matrix_only	5.06968153884151					False	unclassified_shared_neuronal_or_context	exploratory_context	1.0133672790296555	shared_positive_both_screens	1.0133672790296555			True	True	True	4795	18038	HGNC:7800	MGI:1340031	True	same_symbol
RRP8	RRP8	RRP8	Rrp8	51621077	True	False	False	False	True	True	False	False	0.9460304822565969	0.6637414095135427			0.125	0.3125			0.0722151292690711	0.06956530790689924			0.5	0.5			0.25	-0.5			3.0	4.0			6.0	4.0			1.0	0.75			2	1	2	1.0	0.06956530790689924	False	True	False	False	False	False	supported_shared_full_matrix_only	5.069565307906899					False	unclassified_shared_neuronal_or_context	exploratory_context	1.0126709755243903	shared_positive_both_screens	1.0126709755243903			True	True	True	23378	101867	HGNC:29030	MGI:1914251	True	same_symbol
FANCM	FANCM	FANCM	Fancm	51631158	True	False	False	False	True	True	False	False	0.9460304822565969	0.6637414095135427			0.125	0.3125			0.0689655172413793	0.0935012302793457			0.5	0.5			0.25	-0.5			3.0	4.0			6.0	4.0			1.0	0.75			2	1	2	1.0	0.0689655172413793	False	True	False	False	False	False	supported_shared_full_matrix_only	5.068965517241379					False	unclassified_shared_neuronal_or_context	exploratory_context	1.02200925833913	shared_positive_both_screens	1.02200925833913			True	True	True	57697	104806	HGNC:23168	MGI:2442306	True	same_symbol
ZNF574	ZNF574	ZNF574	Zfp574	51624149	True	False	False	False	True	True	False	False	0.9460304822565969	0.6637414095135427			0.125	0.3125			0.0894111075646345	0.0688158387808635			0.5	0.5			0.25	-0.5			3.0	4.0			6.0	4.0			1.0	0.75			2	1	2	1.0	0.0688158387808635	False	True	False	False	False	False	supported_shared_full_matrix_only	5.068815838780863					False	unclassified_shared_neuronal_or_context	not_prioritized	0.5080072822671189	screen_specific_or_low_priority	0.5080072822671189			True	False	False	64763	232976	HGNC:26166	MGI:2442951	False	nonidentical_symbol
GINS4	GINS4	GINS4	Gins4	51622305	True	False	False	False	True	True	False	False	0.9460304822565969	0.6637414095135427			0.125	0.3125			0.0687440153207788	0.10746729758805895			0.5	0.5			0.5	-0.5			3.0	4.0			6.0	4.0			1.0	0.75			2	1	2	1.0	0.0687440153207788	False	True	False	False	False	False	supported_shared_full_matrix_only	5.068744015320779					False	unclassified_shared_neuronal_or_context	exploratory_context	1.0023289194786733	shared_positive_both_screens	1.0023289194786733			True	True	True	84296	109145	HGNC:28226	MGI:1923847	True	same_symbol
FIZ1	FIZ1	FIZ1	Fiz1	51632875	True	False	False	False	True	True	False	False	0.9460304822565969	0.6637414095135427			0.125	0.3125			0.0703977072784472	0.06826467765101855			0.5	0.5			0.25	-0.5			3.0	4.0			6.0	4.0			1.0	0.75			2	1	2	1.0	0.06826467765101855	False	True	False	False	False	False	supported_shared_full_matrix_only	5.068264677651019					False	unclassified_shared_neuronal_or_context	exploratory_context	1.007464248539902	shared_positive_both_screens	1.007464248539902			True	True	True	84922	23877	HGNC:25917	MGI:1344336	True	same_symbol
WDHD1	WDHD1	WDHD1	Wdhd1	51616131	True	False	False	False	True	True	False	False	0.9460304822565969	0.6637414095135427			0.125	0.3125			0.1334816462736373	0.06822622666087705			0.5	0.5			0.5	-0.5			3.0	4.0			6.0	4.0			1.0	0.75			2	1	2	1.0	0.06822622666087705	False	True	False	False	False	False	supported_shared_full_matrix_only	5.068226226660877					False	unclassified_shared_neuronal_or_context	exploratory_context	1.028988171859765	shared_positive_both_screens	1.028988171859765			True	True	True	11169	218973	HGNC:23170	MGI:2443514	True	same_symbol
CCNJL	CCNJL	CCNJL	Ccnjl	51617194	True	False	False	False	True	True	False	False	0.9460304822565969	0.6637414095135427			0.125	0.3125			0.16765561568179843	0.06821358680458481			0.5	0.5			0.5	-0.5			3.0	4.0			6.0	4.0			1.0	0.75			2	1	2	1.0	0.06821358680458481	False	True	False	False	False	False	supported_shared_full_matrix_only	5.068213586804585					False	unclassified_shared_neuronal_or_context	exploratory_context	1.0419139039204497	shared_positive_both_screens	1.0419139039204497			True	True	True	79616	380694	HGNC:25876	MGI:2685723	True	same_symbol
WHAMM	WHAMM	WHAMM	Whamm	51636246	True	False	False	False	True	True	False	False	0.9460304822565969	0.6637414095135427			0.125	0.3125			0.1027857829010566	0.06821358680458481			0.5	0.5			0.5	-0.5			3.0	4.0			6.0	4.0			1.0	0.75			2	1	2	1.0	0.06821358680458481	False	True	False	False	False	False	supported_shared_full_matrix_only	5.068213586804585					False	unclassified_shared_neuronal_or_context	exploratory_context	1.0210956723114777	shared_positive_both_screens	1.0210956723114777			True	True	True	123720	434204	HGNC:30493	MGI:2142282	True	same_symbol
MDP1	MDP1	MDP1	Mdp1	51626591	True	False	False	False	True	True	False	False	0.9460304822565969	0.6637414095135427			0.125	0.3125			0.06754707947654	0.4681646631255242			0.5	0.5			0.25	-0.5			3.0	4.0			6.0	4.0			1.0	0.75			2	1	2	1.0	0.06754707947654	False	True	False	False	False	False	supported_shared_full_matrix_only	5.06754707947654					False	unclassified_shared_neuronal_or_context	exploratory_context	1.0005084202373808	shared_positive_both_screens	1.0005084202373808			True	True	True	145553	67881	HGNC:28781	MGI:1915131	True	same_symbol
MPI	MPI	MPI	Mpi	51622368	True	False	False	False	True	True	False	False	0.9460304822565969	0.6637414095135427			0.125	0.3125			0.0673475901691669	0.3962783306269171			0.5	0.5			2.7755575615628914e-17	-0.5			3.0	4.0			6.0	4.0			1.0	0.75			2	1	2	1.0	0.0673475901691669	False	True	False	False	False	False	supported_shared_full_matrix_only	5.067347590169167					False	unclassified_shared_neuronal_or_context	exploratory_context	0.8506595798480856	shared_positive_both_screens	0.8506595798480856			True	True	True	4351	110119	HGNC:7216	MGI:97075	True	same_symbol
MED9	MED9	MED9	Med9	51625525	True	False	False	False	True	True	False	False	0.9460304822565969	0.6637414095135427			0.125	0.3125			0.0671879987232684	0.14635867827573565			0.5	0.5			0.25	-0.5			3.0	4.0			6.0	4.0			1.0	0.75			2	1	2	1.0	0.0671879987232684	False	True	False	False	False	False	supported_shared_full_matrix_only	5.067187998723268					False	unclassified_shared_neuronal_or_context	exploratory_context	1.0310517819372278	shared_positive_both_screens	1.0310517819372278			True	True	True	55090	192191	HGNC:25487	MGI:2183151	True	same_symbol
RRS1	RRS1	RRS1	Rrs1	51620992	True	False	False	False	True	True	False	False	0.9460304822565969	0.6637414095135427			0.125	0.3125			0.0670284072773699	0.1134496754359093			0.5	0.5			0.25	-0.5			3.0	4.0			6.0	4.0			1.0	0.75			2	1	2	1.0	0.0670284072773699	False	True	False	False	False	False	supported_shared_full_matrix_only	5.06702840727737					False	unclassified_shared_neuronal_or_context	exploratory_context	1.0013346774112013	shared_positive_both_screens	1.0013346774112013			True	True	True	23212	59014	HGNC:17083	MGI:1929721	True	same_symbol
UCK2	UCK2	UCK2	Uck2	51627167	True	False	False	False	True	True	False	False	0.9460304822565969	0.6637414095135427			0.125	0.3125			0.2277685427353447	0.06657133025637735			0.5	0.5			0.25	-0.5			3.0	4.0			6.0	4.0			1.0	0.75			2	1	2	1.0	0.06657133025637735	False	True	False	False	False	False	supported_shared_full_matrix_only	5.0665713302563775					False	unclassified_shared_neuronal_or_context	exploratory_context	1.0650366920631058	shared_positive_both_screens	1.0650366920631058			True	True	True	7371	80914	HGNC:12562	MGI:1931744	True	same_symbol
NET1	NET1	NET1	Net1	51627500	True	False	False	False	True	True	False	False	0.9460304822565969	0.6637414095135427			0.125	0.3125			0.0663700407860585	0.22868325412356721			0.5	0.5			0.5	-0.5			3.0	4.0			6.0	4.0			1.0	0.75			2	1	2	1.0	0.0663700407860585	False	True	False	False	False	False	supported_shared_full_matrix_only	5.066370040786058					False	unclassified_shared_neuronal_or_context	exploratory_context	1.0139004103743643	shared_positive_both_screens	1.0139004103743643			True	True	True	10276	56349	HGNC:14592	MGI:1927138	True	same_symbol
TAF8	TAF8	TAF8	Taf8	51626967	True	False	False	False	True	True	False	False	0.9460304822565969	0.6637414095135427			0.125	0.3125			0.0656731242580241	0.0846830717130921			0.5	0.5			0.25	-0.5			3.0	4.0			6.0	4.0			1.0	0.75			2	1	2	1.0	0.0656731242580241	False	True	False	False	False	False	supported_shared_full_matrix_only	5.065673124258024					False	unclassified_shared_neuronal_or_context	exploratory_context	1.0162644663866045	shared_positive_both_screens	1.0162644663866045			True	True	True	129685	63856	HGNC:17300	MGI:1926879	True	same_symbol
PACRGL	PACRGL	PACRGL	Pacrgl	51634832	True	False	False	False	True	True	False	False	1.0	0.6637414095135427			0.25	0.3125			0.09916148640063954	0.06548329708877985			0.5	0.5			0.5	-0.5			2.0	4.0			4.0	4.0			1.0	0.75			2	1	2	1.0	0.06548329708877985	False	True	False	False	False	False	supported_shared_full_matrix_only	5.06548329708878					False	unclassified_shared_neuronal_or_context	not_prioritized	1.0375351883250357	screen_specific_or_low_priority	1.0375351883250357			True	True	True	133015	66768	HGNC:28442	MGI:1914018	True	same_symbol
ZNF212	ZNF212	ZNF212	Zfp212	51636347	True	False	False	False	True	True	False	False	0.9460304822565969	0.6637414095135427			0.125	0.3125			0.0653925949569103	0.1645223522227311			0.5	0.5			0.5	-0.5			3.0	4.0			6.0	4.0			1.0	0.75			2	1	2	1.0	0.0653925949569103	False	True	False	False	False	False	supported_shared_full_matrix_only	5.0653925949569105					False	unclassified_shared_neuronal_or_context	not_prioritized	0.5163481487392276	screen_specific_or_low_priority	0.5163481487392276			True	False	False	7988	232784	HGNC:13004	MGI:2682609	False	nonidentical_symbol
G6PD	G6PD	G6PD	G6pdx	51621008	True	False	False	False	True	True	False	False	0.9460304822565969	0.6637414095135427			0.125	0.3125			0.1230450047877433	0.0650831912183721			0.5	0.5			0.25	-0.5			3.0	4.0			6.0	4.0			1.0	0.75			2	1	2	1.0	0.0650831912183721	False	True	False	False	False	False	supported_shared_full_matrix_only	5.065083191218372					False	unclassified_shared_neuronal_or_context	not_prioritized	0.5077216439285506	screen_specific_or_low_priority	0.5077216439285506			True	False	False	2539	14381	HGNC:4057	MGI:105979	False	nonidentical_symbol
U2AF1L4	U2AF1L4	U2AF1L4	U2af1l4	51636139	True	False	False	False	True	True	False	False	0.9460304822565969	0.6637414095135427			0.125	0.3125			0.0650734120651133	0.31424962873520146			0.5	0.5			0.25	-0.5			3.0	4.0			6.0	4.0			1.0	0.75			2	1	2	1.0	0.0650734120651133	False	True	False	False	False	False	supported_shared_full_matrix_only	5.0650734120651135					False	unclassified_shared_neuronal_or_context	exploratory_context	1.0000261287625418	shared_positive_both_screens	1.0000261287625418			True	True	True	199746	233073	HGNC:23020	MGI:2678374	True	same_symbol
TRAF6	TRAF6	TRAF6	Traf6	51620599	True	False	False	False	True	True	False	False	0.9460304822565969	0.6637414095135427			0.125	0.3125			0.06487307561656915	0.12480098422347655			0.5	0.5			0.25	-0.5			3.0	4.0			6.0	4.0			1.0	0.75			2	1	2	1.0	0.06487307561656915	False	True	False	False	False	False	supported_shared_full_matrix_only	5.064873075616569					False	unclassified_shared_neuronal_or_context	exploratory_context	1.0162182689041424	shared_positive_both_screens	1.0162182689041424			True	True	True	7189	22034	HGNC:12036	MGI:108072	True	same_symbol
SNX7	SNX7	SNX7	Snx7	51630231	True	False	False	False	True	True	False	False	0.9460304822565969	0.6637414095135427			0.125	0.3125			0.066908713692946	0.0646102989839128			0.5	0.5			0.25	-0.5			3.0	4.0			6.0	4.0			1.0	0.75			2	1	2	1.0	0.0646102989839128	False	True	False	False	False	False	supported_shared_full_matrix_only	5.064610298983913					False	unclassified_shared_neuronal_or_context	exploratory_context	1.0149245514860852	shared_positive_both_screens	1.0149245514860852			True	True	True	51375	76561	HGNC:14971	MGI:1923811	True	same_symbol
CCDC9	CCDC9	CCDC9	Ccdc9	51622090	True	False	False	False	True	True	False	False	0.9460304822565969	0.6637414095135427			0.125	0.3125			0.0749276775278121	0.06455348096685475			0.5	0.5			0.25	-0.5			3.0	4.0			6.0	4.0			1.0	0.75			2	1	2	1.0	0.06455348096685475	False	True	False	False	False	False	supported_shared_full_matrix_only	5.064553480966855					False	unclassified_shared_neuronal_or_context	exploratory_context	1.0110835589908218	shared_positive_both_screens	1.0110835589908218			True	True	True	26093	243846	HGNC:24560	MGI:1921443	True	same_symbol
TFIP11	TFIP11	TFIP11	Tfip11	51620414	True	False	False	False	True	True	False	False	0.9460304822565969	0.6637414095135427			0.125	0.3125			0.0644350462815193	0.11718435552594685			0.5	0.5			0.25	-0.5			3.0	4.0			6.0	4.0			1.0	0.75			2	1	2	1.0	0.0644350462815193	False	True	False	False	False	False	supported_shared_full_matrix_only	5.0644350462815195					False	unclassified_shared_neuronal_or_context	exploratory_context	1.01760637701456	shared_positive_both_screens	1.01760637701456			True	True	True	24144	54723	HGNC:17165	MGI:1930075	True	same_symbol
INTS5	INTS5	INTS5	Ints5	51630452	True	False	False	False	True	True	False	False	0.9460304822565969	0.6637414095135427			0.125	0.3125			0.0674672837535908	0.06425656826414619			0.5	0.5			0.5	-0.5			3.0	4.0			6.0	4.0			1.0	0.75			2	1	2	1.0	0.06425656826414619	False	True	False	False	False	False	supported_shared_full_matrix_only	5.064256568264146					False	unclassified_shared_neuronal_or_context	exploratory_context	1.0061563957246862	shared_positive_both_screens	1.0061563957246862			True	True	True	80789	109077	HGNC:29352	MGI:1923578	True	same_symbol
NEURL1B	NEURL1B	NEURL1B	Neurl1b	51626006	True	False	False	False	True	True	False	False	0.9460304822565969	0.6637414095135427			0.125	0.3125			0.06420742481761216	0.28219247477481224			0.5	0.5			0.5	-0.5			3.0	4.0			6.0	4.0			1.0	0.75			2	1	2	1.0	0.06420742481761216	False	True	False	False	False	False	supported_shared_full_matrix_only	5.064207424817612					False	unclassified_shared_neuronal_or_context	exploratory_context	1.016051856204403	shared_positive_both_screens	1.016051856204403			True	True	True	54492	240055	HGNC:35422	MGI:3643092	True	same_symbol
KIF18A	KIF18A	KIF18A	Kif18a	51629493	True	False	False	False	True	True	False	False	0.9460304822565969	0.6637414095135427			0.125	0.3125			0.063879940118425	0.09114922564770585			0.5	0.5			0.5	-0.5			3.0	4.0			6.0	4.0			1.0	0.75			2	1	2	1.0	0.063879940118425	False	True	False	False	False	False	supported_shared_full_matrix_only	5.063879940118425					False	cytoskeleton_morphogenesis	mechanism_followup_candidate	1.504988074160907	shared_positive_both_screens	1.504988074160907			True	True	True	81930	228421	HGNC:29441	MGI:2446977	True	same_symbol
FAM53A	FAM53A	FAM53A	Fam53a	51632817	True	False	False	False	True	True	False	False	0.9460304822565969	0.6637414095135427			0.125	0.3125			0.0629208442485118	0.24205423935823234			0.5	0.5			0.25	-0.5			3.0	4.0			6.0	4.0			1.0	0.75			2	1	2	1.0	0.0629208442485118	False	True	False	False	False	False	supported_shared_full_matrix_only	5.062920844248512					False	unclassified_shared_neuronal_or_context	exploratory_context	1.005524223372781	shared_positive_both_screens	1.005524223372781			True	True	True	152877	74504	HGNC:31860	MGI:1919225	True	same_symbol
RSPH3	RSPH3	RSPH3	Rsph3a	51624139	True	False	False	False	True	True	False	False	0.9460304822565969	0.6637414095135427			0.125	0.3125			0.062647470820409	0.13813826317469569			0.5	0.5			0.25	-0.5			3.0	4.0			6.0	4.0			1.0	0.75			2	1	2	1.0	0.062647470820409	False	True	False	False	False	False	supported_shared_full_matrix_only	5.062647470820409					False	unclassified_shared_neuronal_or_context	not_prioritized	0.5144330513884455	screen_specific_or_low_priority	0.5144330513884455			True	False	False	83861	66832	HGNC:21054	MGI:1914082	False	nonidentical_symbol
ZBTB48	ZBTB48	ZBTB48	Zbtb48	51620383	True	False	False	False	True	True	False	False	0.9460304822565969	0.6637414095135427			0.125	0.3125			0.0625199489307373	0.08721599977793505			0.5	0.5			0.5	-0.5			3.0	4.0			6.0	4.0			1.0	0.75			2	1	2	1.0	0.0625199489307373	False	True	False	False	False	False	supported_shared_full_matrix_only	5.0625199489307375					False	unclassified_shared_neuronal_or_context	exploratory_context	1.0153696840130793	shared_positive_both_screens	1.0153696840130793			True	True	True	3104	100090	HGNC:4930	MGI:2140248	True	same_symbol
TRIM13	TRIM13	TRIM13	Trim13	51628496	True	False	False	False	True	True	False	False	0.9460304822565969	0.6637414095135427			0.125	0.3125			0.1018251681075888	0.0624390337893067			0.5	0.5			0.25	-0.5			3.0	4.0			6.0	4.0			1.0	0.75			2	1	2	1.0	0.0624390337893067	False	True	False	False	False	False	supported_shared_full_matrix_only	5.062439033789307					False	unclassified_shared_neuronal_or_context	exploratory_context	1.0228319650716615	shared_positive_both_screens	1.0228319650716615			True	True	True	10206	66597	HGNC:9976	MGI:1913847	True	same_symbol
MPST	MPST	MPST	Mpst	51615785	True	False	False	False	True	True	False	False	0.9460304822565969	0.6637414095135427			0.125	0.3125			0.3132381104372805	0.06240049211173825			0.5	0.5			0.5	-0.5			3.0	4.0			6.0	4.0			1.0	0.75			2	1	2	1.0	0.06240049211173825	False	True	False	False	False	False	supported_shared_full_matrix_only	5.062400492111738					False	unclassified_shared_neuronal_or_context	exploratory_context	1.0032800441316925	shared_positive_both_screens	1.0032800441316925			True	True	True	4357	246221	HGNC:7223	MGI:2179733	True	same_symbol
DBT	DBT	DBT	Dbt	51622497	True	False	False	False	True	True	False	False	0.9460304822565969	0.6637414095135427			0.125	0.3125			0.062120970315991	0.22325951657258647			0.5	0.5			0.25	-0.5			3.0	4.0			6.0	4.0			1.0	0.75			2	1	2	1.0	0.062120970315991	False	True	False	False	False	False	supported_shared_full_matrix_only	5.062120970315991					False	unclassified_shared_neuronal_or_context	exploratory_context	0.8524393643460121	shared_positive_both_screens	0.8524393643460121			True	True	True	1629	13171	HGNC:2698	MGI:105386	True	same_symbol
NCAPD2	NCAPD2	NCAPD2	Ncapd2	51616762	True	False	False	False	True	True	False	False	0.9460304822565969	0.6637414095135427			0.125	0.3125			0.17103492911892998	0.06208796546890395			0.5	0.5			0.5	-0.5			3.0	4.0			6.0	4.0			1.0	0.75			2	1	2	1.0	0.06208796546890395	False	True	False	False	False	False	supported_shared_full_matrix_only	5.062087965468904					False	unclassified_shared_neuronal_or_context	exploratory_context	1.0101463999646296	shared_positive_both_screens	1.0101463999646296			True	True	True	9918	68298	HGNC:24305	MGI:1915548	True	same_symbol
WDR55	WDR55	WDR55	Wdr55	51616056	True	False	False	False	True	True	False	False	0.9460304822565969	0.6637414095135427			0.125	0.3125			0.0617219917012448	0.07290381591421724			0.5	0.5			0.5	-0.5			3.0	4.0			6.0	4.0			1.0	0.75			2	1	2	1.0	0.0617219917012448	False	True	False	False	False	False	supported_shared_full_matrix_only	5.061721991701245					False	unclassified_shared_neuronal_or_context	exploratory_context	1.0115281214171572	shared_positive_both_screens	1.0115281214171572			True	True	True	54853	67936	HGNC:25971	MGI:1915186	True	same_symbol
TRAM1L1	TRAM1L1	TRAM1L1	Tram1l1	51617015	True	False	False	False	True	True	False	False	0.9460304822565969	0.6637414095135427			0.125	0.3125			0.0604805550384401	0.17284978695646136			0.5	0.5			0.5	-0.5			3.0	4.0			6.0	4.0			1.0	0.75			2	1	2	1.0	0.0604805550384401	False	True	False	False	False	False	supported_shared_full_matrix_only	5.06048055503844					False	unclassified_shared_neuronal_or_context	exploratory_context	1.011059891647744	shared_positive_both_screens	1.011059891647744			True	True	True	133022	229801	HGNC:28371	MGI:2443503	True	same_symbol
LRRC20	LRRC20	LRRC20	Lrrc20	51628374	True	False	False	False	True	True	False	False	0.9460304822565969	0.6637414095135427			0.125	0.3125			0.0604375231738969	0.0854863221884498			0.5	0.5			0.5	-0.5			3.0	4.0			6.0	4.0			1.0	0.75			2	1	2	1.0	0.0604375231738969	False	True	False	False	False	False	supported_shared_full_matrix_only	5.0604375231738965					False	unclassified_shared_neuronal_or_context	exploratory_context	1.018181491549475	shared_positive_both_screens	1.018181491549475			True	True	True	55222	216011	HGNC:23421	MGI:2387182	True	same_symbol
RCL1	RCL1	RCL1	Rcl1	51628393	True	False	False	False	True	True	False	False	0.9460304822565969	0.6637414095135427			0.125	0.3125			0.06010987522480825	0.1287591429352455			0.5	0.5			0.25	-0.5			3.0	4.0			6.0	4.0			1.0	0.75			2	1	2	1.0	0.06010987522480825	False	True	False	False	False	False	supported_shared_full_matrix_only	5.060109875224808					False	unclassified_shared_neuronal_or_context	exploratory_context	1.031479465756048	shared_positive_both_screens	1.031479465756048			True	True	True	10171	59028	HGNC:17687	MGI:1913275	True	same_symbol
GPR173	GPR173	GPR173	Gpr173	51626834	True	False	False	False	True	True	False	False	0.9460304822565969	0.6637414095135427			0.125	0.3125			0.1030774935113088	0.0598237135505406			0.5	0.5			0.25	-0.5			3.0	4.0			6.0	4.0			1.0	0.75			2	1	2	1.0	0.0598237135505406	False	True	False	False	False	False	supported_shared_full_matrix_only	5.05982371355054					False	unclassified_shared_neuronal_or_context	exploratory_context	1.0258141116329016	shared_positive_both_screens	1.0258141116329016			True	True	True	54328	70771	HGNC:18186	MGI:1918021	True	same_symbol
FASTKD5	FASTKD5	FASTKD5	Fastkd5	51632824	True	False	False	False	True	True	False	False	0.9460304822565969	0.6637414095135427			0.125	0.3125			0.0596074050430896	0.0641143079207783			0.5	0.5			0.5	-0.5			3.0	4.0			6.0	4.0			1.0	0.75			2	1	2	1.0	0.0596074050430896	False	True	False	False	False	False	supported_shared_full_matrix_only	5.0596074050430895					False	unclassified_shared_neuronal_or_context	exploratory_context	1.0	shared_positive_both_screens	1.0			True	True	True	60493	380601	HGNC:25790	MGI:2139469	True	same_symbol
TTLL12	TTLL12	TTLL12	Ttll12	51629434	True	False	False	False	True	True	False	False	0.9460304822565969	0.6637414095135427			0.125	0.3125			0.0705793169486115	0.058927010034558795			0.5	0.5			0.25	-0.5			3.0	4.0			6.0	4.0			1.0	0.75			2	1	2	1.0	0.058927010034558795	False	True	False	False	False	False	supported_shared_full_matrix_only	5.058927010034559					False	unclassified_shared_neuronal_or_context	exploratory_context	1.0185934990425716	shared_positive_both_screens	1.0185934990425716			True	True	True	23170	223723	HGNC:28974	MGI:3039573	True	same_symbol
NKAIN1	NKAIN1	NKAIN1	Nkain1	51629766	True	False	False	False	True	True	False	False	0.9460304822565969	0.6637414095135427			0.125	0.3125			0.1212097031599106	0.058743360357841695			0.5	0.5			0.5	-0.5			3.0	4.0			6.0	4.0			1.0	0.75			2	1	2	1.0	0.058743360357841695	False	True	False	False	False	False	supported_shared_full_matrix_only	5.058743360357842					False	unclassified_shared_neuronal_or_context	exploratory_context	1.0198188753296415	shared_positive_both_screens	1.0198188753296415			True	True	True	79570	67149	HGNC:25743	MGI:1914399	True	same_symbol
MOGS	MOGS	MOGS	Mogs	51622744	True	False	False	False	True	True	False	False	0.9460304822565969	0.6637414095135427			0.125	0.3125			0.05866424742724965	0.058813251327928404			0.5	0.5			0.25	-0.5			3.0	4.0			6.0	4.0			1.0	0.75			2	1	2	1.0	0.05866424742724965	False	True	False	False	False	False	supported_shared_full_matrix_only	5.05866424742725					False	unclassified_shared_neuronal_or_context	exploratory_context	1.017446517622684	shared_positive_both_screens	1.017446517622684			True	True	True	7841	57377	HGNC:24862	MGI:1929872	True	same_symbol
DNAJC4	DNAJC4	DNAJC4	Dnajc4	51619199	True	False	False	False	True	True	False	False	0.9460304822565969	0.6637414095135427			0.125	0.3125			0.1433905899925317	0.05865174440554515			0.5	0.5			0.5	-0.5			3.0	4.0			6.0	4.0			1.0	0.75			2	1	2	1.0	0.05865174440554515	False	True	False	False	False	False	supported_shared_full_matrix_only	5.058651744405545					False	unclassified_shared_neuronal_or_context	exploratory_context	1.0093353732584966	shared_positive_both_screens	1.0093353732584966			True	True	True	3338	57431	HGNC:5271	MGI:1927346	True	same_symbol
ING1	ING1	ING1	Ing1	51628827	True	False	False	False	True	True	False	False	0.9460304822565969	0.6637414095135427			0.125	0.3125			0.0583705713373763	0.17000100660624262			0.5	0.5			0.25	-0.5			3.0	4.0			6.0	4.0			1.0	0.75			2	1	2	1.0	0.0583705713373763	False	True	False	False	False	False	supported_shared_full_matrix_only	5.0583705713373766					False	unclassified_shared_neuronal_or_context	exploratory_context	1.0195890779399737	shared_positive_both_screens	1.0195890779399737			True	True	True	3621	26356	HGNC:6062	MGI:1349481	True	same_symbol
CNPY4	CNPY4	CNPY4	Cnpy4	51623900	True	False	False	False	True	True	False	False	0.9460304822565969	0.6637414095135427			0.125	0.3125			0.0581710820300031	0.1096272085050866			0.5	0.5			0.25	-0.5			3.0	4.0			6.0	4.0			1.0	0.75			2	1	2	1.0	0.0581710820300031	False	True	False	False	False	False	supported_shared_full_matrix_only	5.058171082030003					False	unclassified_shared_neuronal_or_context	exploratory_context	1.0060603799426755	shared_positive_both_screens	1.0060603799426755			True	True	True	245812	66455	HGNC:28631	MGI:1913705	True	same_symbol
POLG2	POLG2	POLG2	Polg2	51622719	True	False	False	False	True	True	False	False	0.9460304822565969	0.6637414095135427			0.125	0.3125			0.0579316948611554	0.06822622666087705			0.5	0.5			0.5	-0.5			3.0	4.0			6.0	4.0			1.0	0.75			2	1	2	1.0	0.0579316948611554	False	True	False	False	False	False	supported_shared_full_matrix_only	5.057931694861155					False	unclassified_shared_neuronal_or_context	exploratory_context	1.0142124842742657	shared_positive_both_screens	1.0142124842742657			True	True	True	11232	50776	HGNC:9180	MGI:1354947	True	same_symbol
RIMKLA	RIMKLA	RIMKLA	Rimkla	51623344	True	False	False	False	True	True	False	False	0.9460304822565969	0.6637414095135427			0.125	0.3125			0.0745272525027808	0.057670955295554494			0.5	0.5			0.5	-0.5			3.0	4.0			6.0	4.0			1.0	0.75			2	1	2	1.0	0.057670955295554494	False	True	False	False	False	False	supported_shared_full_matrix_only	5.0576709552955545					False	unclassified_shared_neuronal_or_context	exploratory_context	1.022404283123847	shared_positive_both_screens	1.022404283123847			True	True	True	284716	194237	HGNC:28725	MGI:3040686	True	same_symbol
PPP2R1B	PPP2R1B	PPP2R1B	Ppp2r1b	51622047	True	False	False	False	True	True	False	False	0.9460304822565969	0.6637414095135427			0.125	0.3125			0.1286511316063582	0.0572858114391195			0.5	0.5			0.25	-0.5			3.0	4.0			6.0	4.0			1.0	0.75			2	1	2	1.0	0.0572858114391195	False	True	False	False	False	False	supported_shared_full_matrix_only	5.05728581143912					False	unclassified_shared_neuronal_or_context	exploratory_context	1.0230214167346146	shared_positive_both_screens	1.0230214167346146			True	True	True	5519	73699	HGNC:9303	MGI:1920949	True	same_symbol
TOE1	TOE1	TOE1	Toe1	51626330	True	False	False	False	True	True	False	False	0.9460304822565969	0.6637414095135427			0.125	0.3125			0.0570938397701883	0.1017647222106563			0.5	0.5			0.5	-0.5			3.0	4.0			6.0	4.0			1.0	0.75			2	1	2	1.0	0.0570938397701883	False	True	False	False	False	False	supported_shared_full_matrix_only	5.057093839770189					False	unclassified_shared_neuronal_or_context	exploratory_context	1.0077055037326177	shared_positive_both_screens	1.0077055037326177			True	True	True	114034	68276	HGNC:15954	MGI:1915526	True	same_symbol
SPTY2D1	SPTY2D1	SPTY2D1	Spty2d1	51627470	True	False	False	False	True	True	False	False	0.9460304822565969	0.6637414095135427			0.125	0.3125			0.0570539419087136	0.100122759300171			0.5	0.5			0.25	-0.5			3.0	4.0			6.0	4.0			1.0	0.75			2	1	2	1.0	0.0570539419087136	False	True	False	False	False	False	supported_shared_full_matrix_only	5.0570539419087135					False	cytoskeleton_morphogenesis	mechanism_followup_candidate	1.5195992992828975	shared_positive_both_screens	1.5195992992828975			True	True	True	144108	101685	HGNC:26818	MGI:2142062	True	same_symbol
PRMT6	PRMT6	PRMT6	Prmt6	51621754	True	False	False	False	True	True	False	False	0.9460304822565969	0.6637414095135427			0.125	0.3125			0.0568943504628151	0.09682961794284715			0.5	0.5			0.25	-0.5			3.0	4.0			6.0	4.0			1.0	0.75			2	1	2	1.0	0.0568943504628151	False	True	False	False	False	False	supported_shared_full_matrix_only	5.056894350462815					False	unclassified_shared_neuronal_or_context	exploratory_context	1.012272625772075	shared_positive_both_screens	1.012272625772075			True	True	True	55170	99890	HGNC:18241	MGI:2139971	True	same_symbol
NFYA	NFYA	NFYA	Nfya	51619512	True	False	False	False	True	True	False	False	0.9460304822565969	0.6637414095135427			0.125	0.3125			0.05685099164479715	0.07185535245867505			0.5	0.5			2.7755575615628914e-17	-0.5			3.0	4.0			6.0	4.0			1.0	0.75			2	1	2	1.0	0.05685099164479715	False	True	False	False	False	False	supported_shared_full_matrix_only	5.056850991644797					False	unclassified_shared_neuronal_or_context	exploratory_context	0.8491341810050903	shared_positive_both_screens	0.8491341810050903			True	True	True	4800	18044	HGNC:7804	MGI:97316	True	same_symbol
EIF2AK3	EIF2AK3	EIF2AK3	Eif2ak3	51623785	True	False	False	False	True	True	False	False	0.9460304822565969	0.6637414095135427			0.125	0.3125			0.0563853622106049	0.0793535134835047			0.5	0.5			0.25	-0.5			3.0	4.0			6.0	4.0			1.0	0.75			2	1	2	1.0	0.0563853622106049	False	True	False	False	False	False	supported_shared_full_matrix_only	5.056385362210605					False	metabolic_or_housekeeping_support	supporting_context_not_core_executor	0.5153334728699857	shared_positive_both_screens	0.5153334728699857			True	True	True	9451	13666	HGNC:3255	MGI:1341830	True	same_symbol
PTCD1	PTCD1	PTCD1	Ptcd1	51635108	True	False	False	False	True	True	False	False	0.9460304822565969	0.6637414095135427			0.125	0.3125			0.056086508545942104	0.08399258858308695			0.5	0.5			0.25	-0.5			3.0	4.0			6.0	4.0			1.0	0.75			2	1	2	1.0	0.056086508545942104	False	True	False	False	False	False	supported_shared_full_matrix_only	5.056086508545942					False	unclassified_shared_neuronal_or_context	exploratory_context	1.0080945105174215	shared_positive_both_screens	1.0080945105174215			True	True	True	26024	71799	HGNC:22198	MGI:1919049	True	same_symbol
STAT2	STAT2	STAT2	Stat2	51621032	True	False	False	False	True	True	False	False	0.9460304822565969	0.6637414095135427			0.125	0.3125			0.0556173526140155	0.11420184512161025			0.5	0.5			0.5	-0.5			3.0	4.0			6.0	4.0			1.0	0.75			2	1	2	1.0	0.0556173526140155	False	True	False	False	False	False	supported_shared_full_matrix_only	5.055617352614015					False	unclassified_shared_neuronal_or_context	exploratory_context	1.01655831701143	shared_positive_both_screens	1.01655831701143			True	True	True	6773	20847	HGNC:11363	MGI:103039	True	same_symbol
MEPCE	MEPCE	MEPCE	Mepce	51616451	True	False	False	False	True	True	False	False	0.9460304822565969	0.6637414095135427			0.125	0.3125			0.0555777210341525	0.0603761386584533			0.5	0.5			0.25	-0.5			3.0	4.0			6.0	4.0			1.0	0.75			2	1	2	1.0	0.0555777210341525	False	True	False	False	False	False	supported_shared_full_matrix_only	5.055577721034153					False	unclassified_shared_neuronal_or_context	exploratory_context	1.009570955755544	shared_positive_both_screens	1.009570955755544			True	True	True	56257	231803	HGNC:20247	MGI:106477	True	same_symbol
RBAK	RBAK	RBAK	Rbak	51635161	True	False	False	False	True	True	False	False	0.9460304822565969	0.6637414095135427			0.125	0.3125			0.0551304645047668	0.1508177739180778			0.5	0.5			0.25	-0.5			3.0	4.0			6.0	4.0			1.0	0.75			2	1	2	1.0	0.0551304645047668	False	True	False	False	False	False	supported_shared_full_matrix_only	5.055130464504767					False	unclassified_shared_neuronal_or_context	exploratory_context	1.0	shared_positive_both_screens	1.0			True	True	True	57786	57782	HGNC:17680	MGI:1927369	True	same_symbol
CERKL	CERKL	CERKL	Cerkl	51629155	True	False	False	False	True	True	False	False	0.9460304822565969	0.6637414095135427			0.125	0.3125			0.1034152569422278	0.0548678232606985			0.5	0.5			0.5	0.0			3.0	4.0			6.0	4.0			1.0	0.75			2	1	2	1.0	0.0548678232606985	False	True	False	False	False	False	supported_shared_full_matrix_only	5.0548678232606985					False	unclassified_shared_neuronal_or_context	exploratory_context	1.023193477722966	shared_positive_both_screens	1.023193477722966			True	True	True	375298	228094	HGNC:21699	MGI:3037816	True	same_symbol
DPH2	DPH2	DPH2	Dph2	51621863	True	False	False	False	True	True	False	False	0.9460304822565969	0.6637414095135427			0.125	0.3125			0.054141398021066	0.0920181538077195			0.5	0.5			0.25	-0.5			3.0	4.0			6.0	4.0			1.0	0.75			2	1	2	1.0	0.054141398021066	False	True	False	False	False	False	supported_shared_full_matrix_only	5.054141398021066					False	unclassified_shared_neuronal_or_context	exploratory_context	1.012386894567622	shared_positive_both_screens	1.012386894567622			True	True	True	1802	67728	HGNC:3004	MGI:1914978	True	same_symbol
CAD	CAD	CAD	Cad	51617149	True	False	False	False	True	True	False	False	0.9460304822565969	0.6637414095135427			0.125	0.3125			0.05409718572091585	0.06145993809940175			0.5	0.5			0.25	-0.5			3.0	4.0			6.0	4.0			1.0	0.75			2	1	2	1.0	0.05409718572091585	False	True	False	False	False	False	supported_shared_full_matrix_only	5.054097185720916					False	unclassified_shared_neuronal_or_context	exploratory_context	1.0173585097238214	shared_positive_both_screens	1.0173585097238214			True	True	True	790	69719	HGNC:1424	MGI:1916969	True	same_symbol
PLA2G6	PLA2G6	PLA2G6	Pla2g6	51627717	True	False	False	False	True	True	False	False	0.9460304822565969	0.6637414095135427			0.125	0.3125			0.053958210135311	0.08081341379765485			0.5	0.5			0.5	-0.5			3.0	4.0			6.0	4.0			1.0	0.75			2	1	2	1.0	0.053958210135311	False	True	False	False	False	False	supported_shared_full_matrix_only	5.053958210135311					False	unclassified_shared_neuronal_or_context	exploratory_context	1.0183167852918154	shared_positive_both_screens	1.0183167852918154			True	True	True	8398	53357	HGNC:9039	MGI:1859152	True	same_symbol
TMEM41A	TMEM41A	TMEM41A	Tmem41a	51627060	True	False	False	False	True	True	False	False	0.9460304822565969	0.6637414095135427			0.125	0.3125			0.0839052026811362	0.052761151761262046			0.5	0.5			0.5	-0.5			3.0	4.0			6.0	4.0			1.0	0.75			2	1	2	1.0	0.052761151761262046	False	True	False	False	False	False	supported_shared_full_matrix_only	5.052761151761262					False	unclassified_shared_neuronal_or_context	exploratory_context	1.0176865967510689	shared_positive_both_screens	1.0176865967510689			True	True	True	90407	66664	HGNC:30544	MGI:1913914	True	same_symbol
JMJD8	JMJD8	JMJD8	Jmjd8	51631464	True	False	False	False	True	True	False	False	0.9460304822565969	0.6637414095135427			0.125	0.3125			0.052747338394517396	0.4097757144245049			0.5	0.5			0.25	-0.5			3.0	4.0			6.0	4.0			1.0	0.75			2	1	2	1.0	0.052747338394517396	False	True	False	False	False	False	supported_shared_full_matrix_only	5.052747338394518					False	unclassified_shared_neuronal_or_context	exploratory_context	1.0198036157569987	shared_positive_both_screens	1.0198036157569987			True	True	True	339123	72106	HGNC:14148	MGI:1919356	True	same_symbol
ALKBH6	ALKBH6	ALKBH6	Alkbh6	51630065	True	False	False	False	True	True	False	False	0.9460304822565969	0.6637414095135427			0.125	0.3125			0.0523060963932333	0.36294430334068917			0.5	0.5			0.5	-0.5			3.0	4.0			6.0	4.0			1.0	0.75			2	1	2	1.0	0.0523060963932333	False	True	False	False	False	False	supported_shared_full_matrix_only	5.052306096393234					False	unclassified_shared_neuronal_or_context	exploratory_context	1.0179352565306652	shared_positive_both_screens	1.0179352565306652			True	True	True	84964	233065	HGNC:28243	MGI:2142037	True	same_symbol
ZNF18	ZNF18	ZNF18	Zkscan6	51636340	True	False	False	False	True	True	False	False	0.9460304822565969	0.6637414095135427			0.125	0.3125			0.0519488156674314	0.15372097542018845			0.5	0.5			0.25	-0.5			3.0	4.0			6.0	4.0			1.0	0.75			2	1	2	1.0	0.0519488156674314	False	True	False	False	False	False	supported_shared_full_matrix_only	5.051948815667432					False	unclassified_shared_neuronal_or_context	not_prioritized	0.5074808490264922	screen_specific_or_low_priority	0.5074808490264922			True	False	False	7566	52712	HGNC:12969	MGI:1289293	False	nonidentical_symbol
CRYZ	CRYZ	CRYZ	Cryz	51628098	True	False	False	False	True	True	False	False	0.9460304822565969	0.6637414095135427			0.125	0.3125			0.0519470156399617	0.17643752342091015			0.5	0.5			2.7755575615628914e-17	-0.5			3.0	4.0			6.0	4.0			1.0	0.75			2	1	2	1.0	0.0519470156399617	False	True	False	False	False	False	supported_shared_full_matrix_only	5.0519470156399615					False	unclassified_shared_neuronal_or_context	exploratory_context	0.8456030163627788	shared_positive_both_screens	0.8456030163627788			True	True	True	1429	12972	HGNC:2419	MGI:88527	True	same_symbol
IRF2BP1	IRF2BP1	IRF2BP1	Irf2bp1	51626097	True	False	False	False	True	True	False	False	0.9460304822565969	0.6637414095135427			0.125	0.3125			0.0507101819342483	0.13835691303120776			0.5	0.5			0.25	-0.5			3.0	4.0			6.0	4.0			1.0	0.75			2	1	2	1.0	0.0507101819342483	False	True	False	False	False	False	supported_shared_full_matrix_only	5.050710181934249					False	unclassified_shared_neuronal_or_context	exploratory_context	1.012825925121293	shared_positive_both_screens	1.012825925121293			True	True	True	26145	272359	HGNC:21728	MGI:2442159	True	same_symbol
C5ORF63	C5orf63	C5orf63	C330018D20Rik	51622655	True	False	False	False	True	True	False	False	0.9460304822565969	0.6637414095135427			0.125	0.3125			0.05069780064093095	0.0721190545585765			0.5	0.5			0.25	-0.5			3.0	4.0			6.0	4.0			1.0	0.75			2	1	2	1.0	0.05069780064093095	False	True	False	False	False	False	supported_shared_full_matrix_only	5.050697800640931					False	unclassified_shared_neuronal_or_context	not_prioritized	0.5039974083265987	screen_specific_or_low_priority	0.5039974083265987			True	False	False	401207	77422	HGNC:40051	MGI:1924672	False	nonidentical_symbol
STARD5	STARD5	STARD5	Stard5	51631520	True	False	False	False	True	True	False	False	0.9460304822565969	0.6637414095135427			0.125	0.3125			0.0505804226125485	0.1582356346794036			0.5	0.5			0.25	-0.5			3.0	4.0			6.0	4.0			1.0	0.75			2	1	2	1.0	0.0505804226125485	False	True	False	False	False	False	supported_shared_full_matrix_only	5.050580422612549					False	unclassified_shared_neuronal_or_context	exploratory_context	1.0021736697647945	shared_positive_both_screens	1.0021736697647945			True	True	True	80765	170460	HGNC:18065	MGI:2156765	True	same_symbol
NSUN3	NSUN3	NSUN3	Nsun3	51622414	True	False	False	False	True	True	False	False	0.9460304822565969	0.6637414095135427			0.125	0.3125			0.05026995772747685	0.0864713677599586			0.5	0.5			0.25	-0.5			3.0	4.0			6.0	4.0			1.0	0.75			2	1	2	1.0	0.05026995772747685	False	True	False	False	False	False	supported_shared_full_matrix_only	5.050269957727477					False	unclassified_shared_neuronal_or_context	exploratory_context	1.0152892730780592	shared_positive_both_screens	1.0152892730780592			True	True	True	63899	106338	HGNC:26208	MGI:2146565	True	same_symbol
CEP76	CEP76	CEP76	Cep76	51629182	True	False	False	False	True	True	False	False	0.9460304822565969	0.6637414095135427			0.125	0.3125			0.05017417725631675	0.08094514401505275			0.5	0.5			0.25	-0.5			3.0	4.0			6.0	4.0			1.0	0.75			2	1	2	1.0	0.05017417725631675	False	True	False	False	False	False	supported_shared_full_matrix_only	5.0501741772563165					False	unclassified_shared_neuronal_or_context	exploratory_context	1.015629472432158	shared_positive_both_screens	1.015629472432158			True	True	True	79959	225659	HGNC:25727	MGI:1923401	True	same_symbol
FAM110A	FAM110A	FAM110A	Fam110a	51619115	True	False	False	False	True	True	False	False	0.9460304822565969	0.6637414095135427			0.125	0.3125			0.0852218321097989	0.0501608369394006			0.5	0.5			0.5	-0.5			3.0	4.0			6.0	4.0			1.0	0.75			2	1	2	1.0	0.0501608369394006	False	True	False	False	False	False	supported_shared_full_matrix_only	5.0501608369394					False	unclassified_shared_neuronal_or_context	exploratory_context	1.002093077936716	shared_positive_both_screens	1.002093077936716			True	True	True	83541	73847	HGNC:16188	MGI:1921097	True	same_symbol
THG1L	THG1L	THG1L	Thg1l	51628242	True	False	False	False	True	True	False	False	0.9460304822565969	0.6637414095135427			0.125	0.3125			0.0501117140121289	0.0689580991242314			0.5	0.5			0.25	-0.5			3.0	4.0			6.0	4.0			1.0	0.75			2	1	2	1.0	0.0501117140121289	False	True	False	False	False	False	supported_shared_full_matrix_only	5.050111714012129					False	unclassified_shared_neuronal_or_context	exploratory_context	1.0055815011444211	shared_positive_both_screens	1.0055815011444211			True	True	True	54974	66628	HGNC:26053	MGI:1913878	True	same_symbol
TBC1D25	TBC1D25	TBC1D25	Tbc1d25	51622284	True	False	False	False	True	True	False	False	0.9460304822565969	0.6637414095135427			0.125	0.3125			0.0766451528391045	0.0500721711010256			0.5	0.5			0.25	-0.5			3.0	4.0			6.0	4.0			1.0	0.75			2	1	2	1.0	0.0500721711010256	False	True	False	False	False	False	supported_shared_full_matrix_only	5.050072171101026					False	unclassified_shared_neuronal_or_context	exploratory_context	1.0209575648475977	shared_positive_both_screens	1.0209575648475977			True	True	True	4943	209815	HGNC:8092	MGI:2444862	True	same_symbol
ZBTB45	ZBTB45	ZBTB45	Zbtb45	51628118	True	False	False	False	True	True	False	False	0.9460304822565969	0.6637414095135427			0.125	0.3125			0.0610437280561761	0.04999303979291035			0.5	0.5			0.25	-0.5			3.0	4.0			6.0	4.0			1.0	0.75			2	1	2	1.0	0.04999303979291035	False	True	False	False	False	False	supported_shared_full_matrix_only	5.04999303979291					False	unclassified_shared_neuronal_or_context	exploratory_context	1.0077187810793986	shared_positive_both_screens	1.0077187810793986			True	True	True	84878	232879	HGNC:23715	MGI:2685003	True	same_symbol
CNNM4	CNNM4	CNNM4	Cnnm4	51632404	True	False	False	False	True	True	False	False	0.9460304822565969	0.6637414095135427			0.125	0.3125			0.04976335415697805	0.1951430236915518			0.5	0.5			0.25	-0.5			3.0	4.0			6.0	4.0			1.0	0.75			2	1	2	1.0	0.04976335415697805	False	True	False	False	False	False	supported_shared_full_matrix_only	5.049763354156978					False	unclassified_shared_neuronal_or_context	exploratory_context	1.0170648105311857	shared_positive_both_screens	1.0170648105311857			True	True	True	26504	94220	HGNC:105	MGI:2151060	True	same_symbol
GORAB	GORAB	GORAB	Gorab	51624352	True	False	False	False	True	True	False	False	0.9460304822565969	0.6637414095135427			0.125	0.3125			0.04976335415697805	0.0930172173164182			0.5	0.5			0.25	-0.5			3.0	4.0			6.0	4.0			1.0	0.75			2	1	2	1.0	0.04976335415697805	False	True	False	False	False	False	supported_shared_full_matrix_only	5.049763354156978					False	unclassified_shared_neuronal_or_context	exploratory_context	1.014763604799917	shared_positive_both_screens	1.014763604799917			True	True	True	92344	98376	HGNC:25676	MGI:2138271	True	same_symbol
CCDC134	CCDC134	CCDC134	Ccdc134	51625871	True	False	False	False	True	True	False	False	0.9460304822565969	0.6637414095135427			0.125	0.3125			0.04974328251412465	0.10494129158512715			0.5	0.5			0.5	-0.5			3.0	4.0			6.0	4.0			1.0	0.75			2	1	2	1.0	0.04974328251412465	False	True	False	False	False	False	supported_shared_full_matrix_only	5.049743282514124					False	unclassified_shared_neuronal_or_context	exploratory_context	1.0057258887444025	shared_positive_both_screens	1.0057258887444025			True	True	True	79879	76457	HGNC:26185	MGI:1923707	True	same_symbol
ZNF623	ZNF623	ZNF623	Zfp623	51636441	True	False	False	False	True	True	False	False	0.9460304822565969	0.6637414095135427			0.125	0.3125			0.0497127353973827	0.06526973949008336			0.5	0.5			0.25	-0.5			3.0	4.0			6.0	4.0			1.0	0.75			2	1	2	1.0	0.0497127353973827	False	True	False	False	False	False	supported_shared_full_matrix_only	5.0497127353973825					False	unclassified_shared_neuronal_or_context	not_prioritized	0.5124281838493456	screen_specific_or_low_priority	0.5124281838493456			True	False	False	9831	78834	HGNC:29084	MGI:1926084	False	nonidentical_symbol
FBXO16	FBXO16	FBXO16	Fbxo16	51625496	True	False	False	False	True	True	False	False	0.9460304822565969	0.6637414095135427			0.125	0.3125			0.1026885735623599	0.049423325144689154			0.5	0.5			0.5	-0.5			3.0	4.0			6.0	4.0			1.0	0.75			2	1	2	1.0	0.049423325144689154	False	True	False	False	False	False	supported_shared_full_matrix_only	5.049423325144689					False	unclassified_shared_neuronal_or_context	exploratory_context	1.0285661389383305	shared_positive_both_screens	1.0285661389383305			True	True	True	157574	50759	HGNC:13618	MGI:1354706	True	same_symbol
IPP	IPP	IPP	Ipp	51622917	True	False	False	False	True	True	False	False	0.9460304822565969	0.6637414095135427			0.125	0.3125			0.04907763171516765	0.057913838808621595			0.5	0.5			0.25	-0.5			3.0	4.0			6.0	4.0			1.0	0.75			2	1	2	1.0	0.04907763171516765	False	True	False	False	False	False	supported_shared_full_matrix_only	5.049077631715168					False	unclassified_shared_neuronal_or_context	exploratory_context	1.012269407928792	shared_positive_both_screens	1.012269407928792			True	True	True	3652	16351	HGNC:6108	MGI:96581	True	same_symbol
EFNB1	EFNB1	EFNB1	Efnb1	51630493	True	False	False	False	True	True	False	False	0.9460304822565969	0.6637414095135427			0.125	0.3125			0.1390041493775933	0.04891673953172055			0.5	0.5			0.5	-0.5			3.0	4.0			6.0	4.0			1.0	0.75			2	1	2	1.0	0.04891673953172055	False	True	False	False	False	False	supported_shared_full_matrix_only	5.0489167395317205					False	unclassified_shared_neuronal_or_context	exploratory_context	1.005154895332553	shared_positive_both_screens	1.005154895332553			True	True	True	1947	13641	HGNC:3226	MGI:102708	True	same_symbol
MEX3D	MEX3D	MEX3D	Mex3d	51633758	True	False	False	False	True	True	False	False	0.9460304822565969	0.6637414095135427			0.125	0.3125			0.04874862110161155	0.0591471969648227			0.5	0.5			0.25	-0.5			3.0	4.0			6.0	4.0			1.0	0.75			2	1	2	1.0	0.04874862110161155	False	True	False	False	False	False	supported_shared_full_matrix_only	5.048748621101612					False	unclassified_shared_neuronal_or_context	exploratory_context	1.005319400043067	shared_positive_both_screens	1.005319400043067			True	True	True	399664	237400	HGNC:16734	MGI:2681847	True	same_symbol
OGG1	OGG1	OGG1	Ogg1	51629134	True	False	False	False	True	True	False	False	0.9460304822565969	0.6637414095135427			0.125	0.3125			0.1334816462736373	0.0483095307490527			0.5	0.5			0.25	-0.5			3.0	4.0			6.0	4.0			1.0	0.75			2	1	2	1.0	0.0483095307490527	False	True	False	False	False	False	supported_shared_full_matrix_only	5.048309530749052					False	unclassified_shared_neuronal_or_context	exploratory_context	1.0319951385698656	shared_positive_both_screens	1.0319951385698656			True	True	True	4968	18294	HGNC:8125	MGI:1097693	True	same_symbol
KTI12	KTI12	KTI12	Kti12	51626447	True	False	False	False	True	True	False	False	0.9460304822565969	0.6637414095135427			0.125	0.3125			0.0479572294924992	0.09061983872534725			0.5	0.5			0.5	-0.5			3.0	4.0			6.0	4.0			1.0	0.75			2	1	2	1.0	0.0479572294924992	False	True	False	False	False	False	supported_shared_full_matrix_only	5.047957229492499					False	unclassified_shared_neuronal_or_context	not_prioritized	1.0	screen_specific_or_low_priority	1.0			True	True	True	112970	100087	HGNC:25160	MGI:1923547	True	same_symbol
ZBTB22	ZBTB22	ZBTB22	Zbtb22	51616500	True	False	False	False	True	True	False	False	0.9460304822565969	0.6637414095135427			0.125	0.3125			0.0590887328439195	0.04785737417712675			0.5	0.5			0.25	-0.5			3.0	4.0			6.0	4.0			1.0	0.75			2	1	2	1.0	0.04785737417712675	False	True	False	False	False	False	supported_shared_full_matrix_only	5.047857374177127					False	unclassified_shared_neuronal_or_context	exploratory_context	1.006448362090426	shared_positive_both_screens	1.006448362090426			True	True	True	9278	81630	HGNC:13085	MGI:1931870	True	same_symbol
LMBRD2	LMBRD2	LMBRD2	Lmbrd2	51621153	True	False	False	False	True	True	False	False	0.9460304822565969	0.6637414095135427			0.125	0.3125			0.0478375359080753	0.12680923433203065			0.5	0.5			0.25	-0.5			3.0	4.0			6.0	4.0			1.0	0.75			2	1	2	1.0	0.0478375359080753	False	True	False	False	False	False	supported_shared_full_matrix_only	5.047837535908076					False	unclassified_shared_neuronal_or_context	exploratory_context	1.015345686224821	shared_positive_both_screens	1.015345686224821			True	True	True	92255	320506	HGNC:25287	MGI:2444173	True	same_symbol
SCRN3	SCRN3	SCRN3	Scrn3	51627884	True	False	False	False	True	True	False	False	0.9460304822565969	0.6637414095135427			0.125	0.3125			0.0478309232480533	0.2040454479664206			0.5	0.5			0.25	-0.5			3.0	4.0			6.0	4.0			1.0	0.75			2	1	2	1.0	0.0478309232480533	False	True	False	False	False	False	supported_shared_full_matrix_only	5.047830923248053					False	unclassified_shared_neuronal_or_context	exploratory_context	1.009712995353729	shared_positive_both_screens	1.009712995353729			True	True	True	79634	74616	HGNC:30382	MGI:1921866	True	same_symbol
TBC1D8	TBC1D8	TBC1D8	Tbc1d8	51635738	True	False	False	False	True	True	False	False	0.9460304822565969	0.6637414095135427			0.125	0.3125			0.0478309232480533	0.056029756700115146			0.5	0.5			2.7755575615628914e-17	-0.5			3.0	4.0			6.0	4.0			1.0	0.75			2	1	2	1.0	0.0478309232480533	False	True	False	False	False	False	supported_shared_full_matrix_only	5.047830923248053					False	unclassified_shared_neuronal_or_context	exploratory_context	0.8469370786624908	shared_positive_both_screens	0.8469370786624908			True	True	True	11138	54610	HGNC:17791	MGI:1927225	True	same_symbol
TXNL4B	TXNL4B	TXNL4B	Txnl4b	51628747	True	False	False	False	True	True	False	False	0.9460304822565969	0.6637414095135427			0.125	0.3125			0.0464012128949888	0.07213987314541084			0.5	0.5			0.25	-0.5			3.0	4.0			6.0	4.0			1.0	0.75			2	1	2	1.0	0.0464012128949888	False	True	False	False	False	False	supported_shared_full_matrix_only	5.046401212894989					False	unclassified_shared_neuronal_or_context	not_prioritized	1.0127082920151596	screen_specific_or_low_priority	1.0127082920151596			True	True	True	54957	234723	HGNC:26041	MGI:2443724	True	same_symbol
SIAH1	SIAH1	SIAH1	Siah1b	51621831	True	False	False	False	True	True	False	False	0.9460304822565969	0.6637414095135427			0.125	0.3125			0.3142355569741462	0.0459394490735			0.5	0.5			0.5	-0.5			3.0	4.0			6.0	4.0			1.0	0.75			2	1	2	1.0	0.0459394490735	False	True	False	False	False	False	supported_shared_full_matrix_only	5.0459394490735					False	unclassified_shared_neuronal_or_context	not_prioritized	0.5520304647448273	screen_specific_or_low_priority	0.5520304647448273			True	False	False	6477	20438	HGNC:10857	MGI:108063	False	nonidentical_symbol
ZBED4	ZBED4	ZBED4	Zbed4	51625860	True	False	False	False	True	True	False	False	0.9460304822565969	0.6637414095135427			0.125	0.3125			0.1855778320794621	0.045877225853909			0.5	0.5			0.25	-0.5			3.0	4.0			6.0	4.0			1.0	0.75			2	1	2	1.0	0.045877225853909	False	True	False	False	False	False	supported_shared_full_matrix_only	5.045877225853909					False	unclassified_shared_neuronal_or_context	exploratory_context	1.0306643323722764	shared_positive_both_screens	1.0306643323722764			True	True	True	9889	223773	HGNC:20721	MGI:2682302	True	same_symbol
WDR44	WDR44	WDR44	Wdr44	51624281	True	False	False	False	True	True	False	False	0.9460304822565969	0.6637414095135427			0.125	0.3125			0.0455563853622106	0.16444130843826885			0.5	0.5			0.5	-0.5			3.0	4.0			6.0	4.0			1.0	0.75			2	1	2	1.0	0.0455563853622106	False	True	False	False	False	False	supported_shared_full_matrix_only	5.045556385362211					False	unclassified_shared_neuronal_or_context	exploratory_context	1.0160211572000557	shared_positive_both_screens	1.0160211572000557			True	True	True	54521	72404	HGNC:30512	MGI:1919654	True	same_symbol
WDR76	WDR76	WDR76	Wdr76	51622537	True	False	False	False	True	True	False	False	0.9460304822565969	0.6637414095135427			0.125	0.3125			0.1549870226177234	0.045267042987407705			0.5	0.5			0.25	-0.5			3.0	4.0			6.0	4.0			1.0	0.75			2	1	2	1.0	0.045267042987407705	False	True	False	False	False	False	supported_shared_full_matrix_only	5.045267042987407					False	unclassified_shared_neuronal_or_context	exploratory_context	1.005472514003555	shared_positive_both_screens	1.005472514003555			True	True	True	79968	241627	HGNC:25773	MGI:1926186	True	same_symbol
UBE2T	UBE2T	UBE2T	Ube2t	51619416	True	False	False	False	True	True	False	False	0.9460304822565969	0.6637414095135427			0.125	0.3125			0.2105809128630705	0.04524895064408735			0.5	0.5			0.5	-0.5			3.0	4.0			6.0	4.0			1.0	0.75			2	1	2	1.0	0.04524895064408735	False	True	False	False	False	False	supported_shared_full_matrix_only	5.045248950644087					False	unclassified_shared_neuronal_or_context	exploratory_context	1.0113122376610215	shared_positive_both_screens	1.0113122376610215			True	True	True	29089	67196	HGNC:25009	MGI:1914446	True	same_symbol
ZNF607	ZNF607	ZNF607	Zfp84	51636439	True	False	False	False	True	True	False	False	0.9460304822565969	0.6637414095135427			0.125	0.3125			0.0448627040939813	0.18817846287451145			0.5	0.5			0.25	-0.5			3.0	4.0			6.0	4.0			1.0	0.75			2	1	2	1.0	0.0448627040939813	False	True	False	False	False	False	supported_shared_full_matrix_only	5.0448627040939815					False	unclassified_shared_neuronal_or_context	not_prioritized	0.5009053517761081	screen_specific_or_low_priority	0.5009053517761081			True	False	False	84775	74352	HGNC:28192	MGI:107780	False	nonidentical_symbol
KCNK12	KCNK12	KCNK12	Kcnk12	51631396	True	False	False	False	True	True	False	False	0.9460304822565969	0.6637414095135427			0.125	0.3125			0.07170130766166295	0.044805442673468796			0.5	0.5			0.5	-0.5			3.0	4.0			6.0	4.0			1.0	0.75			2	1	2	1.0	0.044805442673468796	False	True	False	False	False	False	supported_shared_full_matrix_only	5.044805442673469					False	synaptic_wiring	mechanism_followup_candidate	1.5117303027197286	shared_positive_both_screens	1.5117303027197286			True	True	True	56660	210741	HGNC:6274	MGI:2684043	True	same_symbol
ZSCAN22	ZSCAN22	ZSCAN22	Zscan22	51636498	True	False	False	False	True	True	False	False	0.9460304822565969	0.6637414095135427			0.125	0.3125			0.0446685878962536	0.09594939695493465			0.5	0.5			0.25	-0.5			3.0	4.0			6.0	4.0			1.0	0.75			2	1	2	1.0	0.0446685878962536	False	True	False	False	False	False	supported_shared_full_matrix_only	5.044668587896253					False	unclassified_shared_neuronal_or_context	not_prioritized	1.0069512803385798	screen_specific_or_low_priority	1.0069512803385798			True	True	True	342945	232878	HGNC:4929	MGI:2443312	True	same_symbol
ZNF7	ZNF7	ZNF7	Zfp7	51630712	True	False	False	False	True	True	False	False	0.9460304822565969	0.6637414095135427			0.125	0.3125			0.0444361463778939	0.0444789107715368			0.5	0.5			0.25	-0.5			3.0	4.0			6.0	4.0			1.0	0.75			2	1	2	1.0	0.0444361463778939	False	True	False	False	False	False	supported_shared_full_matrix_only	5.044436146377894					False	unclassified_shared_neuronal_or_context	not_prioritized	0.5297732888823758	screen_specific_or_low_priority	0.5297732888823758			True	False	False	7553	223669	HGNC:13139	MGI:99208	False	nonidentical_symbol
PDGFC	PDGFC	PDGFC	Pdgfc	51630984	True	False	False	False	True	True	False	False	0.9460304822565969	0.6637414095135427			0.125	0.3125			0.2513069454817027	0.044236027258469646			0.5	0.5			0.25	-0.5			3.0	4.0			6.0	4.0			1.0	0.75			2	1	2	1.0	0.044236027258469646	False	True	False	False	False	False	supported_shared_full_matrix_only	5.04423602725847					False	unclassified_shared_neuronal_or_context	exploratory_context	1.0644210968241137	shared_positive_both_screens	1.0644210968241137			True	True	True	56034	54635	HGNC:8801	MGI:1859631	True	same_symbol
HINFP	HINFP	HINFP	Hinfp	51623235	True	False	False	False	True	True	False	False	0.9460304822565969	0.6637414095135427			0.125	0.3125			0.070104262207491	0.04385088340203465			0.5	0.5			0.25	-0.5			3.0	4.0			6.0	4.0			1.0	0.75			2	1	2	1.0	0.04385088340203465	False	True	False	False	False	False	supported_shared_full_matrix_only	5.043850883402035					False	unclassified_shared_neuronal_or_context	exploratory_context	1.0128728414523638	shared_positive_both_screens	1.0128728414523638			True	True	True	25988	102423	HGNC:17850	MGI:2429620	True	same_symbol
UBE2L6	UBE2L6	UBE2L6	Ube2l6	51636142	True	False	False	False	True	True	False	False	0.9460304822565969	0.6637414095135427			0.125	0.3125			0.1064145346681497	0.04380156317846285			0.5	0.5			0.25	-0.5			3.0	4.0			6.0	4.0			1.0	0.75			2	1	2	1.0	0.04380156317846285	False	True	False	False	False	False	supported_shared_full_matrix_only	5.043801563178463					False	unclassified_shared_neuronal_or_context	exploratory_context	1.0065241596707089	shared_positive_both_screens	1.0065241596707089			True	True	True	9246	56791	HGNC:12490	MGI:1914500	True	same_symbol
C9ORF40	C9orf40	C9orf40	D030056L22Rik	51632099	True	False	False	False	True	True	False	False	0.9460304822565969	0.6637414095135427			0.125	0.3125			0.0435285668688158	0.14899706558493406			0.5	0.5			2.7755575615628914e-17	-0.5			3.0	4.0			6.0	4.0			1.0	0.75			2	1	2	1.0	0.0435285668688158	False	True	False	False	False	False	supported_shared_full_matrix_only	5.043528566868816					False	unclassified_shared_neuronal_or_context	not_prioritized	0.5079947827360557	screen_specific_or_low_priority	0.5079947827360557			True	False	False	55071	225995	HGNC:23433	MGI:3583960	False	nonidentical_symbol
YRDC	YRDC	YRDC	Yrdc	51629176	True	False	False	False	True	True	False	False	0.9460304822565969	0.6637414095135427			0.125	0.3125			0.0434170762964227	0.1919214509460987			0.5	0.5			0.25	-0.5			3.0	4.0			6.0	4.0			1.0	0.75			2	1	2	1.0	0.0434170762964227	False	True	False	False	False	False	supported_shared_full_matrix_only	5.043417076296422					False	unclassified_shared_neuronal_or_context	not_prioritized	1.013544658067261	screen_specific_or_low_priority	1.013544658067261			True	True	True	79693	230734	HGNC:28905	MGI:2387201	True	same_symbol
SHMT1	SHMT1	SHMT1	Shmt1	51629795	True	False	False	False	True	True	False	False	0.9460304822565969	0.6637414095135427			0.125	0.3125			0.0562160868177465	0.0431864235055724			0.5	0.5			2.7755575615628914e-17	-0.5			3.0	4.0			6.0	4.0			1.0	0.75			2	1	2	1.0	0.0431864235055724	False	True	False	False	False	False	supported_shared_full_matrix_only	5.043186423505572					False	unclassified_shared_neuronal_or_context	exploratory_context	0.851218777761152	shared_positive_both_screens	0.851218777761152			True	True	True	6470	20425	HGNC:10850	MGI:98299	True	same_symbol
TMEM177	TMEM177	TMEM177	Tmem177	51619672	True	False	False	False	True	True	False	False	0.9460304822565969	0.6637414095135427			0.125	0.3125			0.0731726779444621	0.04271627041956385			0.5	0.5			0.25	-0.5			3.0	4.0			6.0	4.0			1.0	0.75			2	1	2	1.0	0.04271627041956385	False	True	False	False	False	False	supported_shared_full_matrix_only	5.042716270419564					False	unclassified_shared_neuronal_or_context	exploratory_context	1.0103575018044162	shared_positive_both_screens	1.0103575018044162			True	True	True	80775	66343	HGNC:28143	MGI:1913593	True	same_symbol
METTL1	METTL1	METTL1	Mettl1	51628362	True	False	False	False	True	True	False	False	0.9460304822565969	0.6637414095135427			0.125	0.3125			0.0424114267475263	0.24026631929367487			0.5	0.5			2.7755575615628914e-17	-0.5			3.0	4.0			6.0	4.0			1.0	0.75			2	1	2	1.0	0.0424114267475263	False	True	False	False	False	False	supported_shared_full_matrix_only	5.042411426747527					False	unclassified_shared_neuronal_or_context	not_prioritized	0.83459706499328	screen_specific_or_low_priority	0.83459706499328			True	True	True	4234	17299	HGNC:7030	MGI:1339986	True	same_symbol
DUS1L	DUS1L	DUS1L	Dus1l	51632676	True	False	False	False	True	True	False	False	0.9460304822565969	0.6637414095135427			0.125	0.3125			0.0422917331631024	0.18778365324561766			0.5	0.5			0.25	-0.5			3.0	4.0			6.0	4.0			1.0	0.75			2	1	2	1.0	0.0422917331631024	False	True	False	False	False	False	supported_shared_full_matrix_only	5.042291733163102					False	unclassified_shared_neuronal_or_context	not_prioritized	1.043187885614768	screen_specific_or_low_priority	1.043187885614768			True	True	True	64118	68730	HGNC:30086	MGI:1915980	True	same_symbol
ZNF146	ZNF146	ZNF146	Zfp146	51624480	True	False	False	False	True	True	False	False	0.9460304822565969	0.6637414095135427			0.125	0.3125			0.0489432703003337	0.041824540950160305			0.5	0.5			0.25	-0.5			3.0	4.0			6.0	4.0			1.0	0.75			2	1	2	1.0	0.041824540950160305	False	True	False	False	False	False	supported_shared_full_matrix_only	5.04182454095016					False	unclassified_shared_neuronal_or_context	not_prioritized	0.5559368017874242	screen_specific_or_low_priority	0.5559368017874242			True	False	False	7705	26465	HGNC:12931	MGI:1347092	False	nonidentical_symbol
HELQ	HELQ	HELQ	Helq	51621627	True	False	False	False	True	True	False	False	0.9460304822565969	0.6637414095135427			0.125	0.3125			0.0417331631024577	0.14710884353741494			0.5	0.5			0.25	-0.5			3.0	4.0			6.0	4.0			1.0	0.75			2	1	2	1.0	0.0417331631024577	False	True	False	False	False	False	supported_shared_full_matrix_only	5.041733163102458					False	unclassified_shared_neuronal_or_context	exploratory_context	1.0139222169536093	shared_positive_both_screens	1.0139222169536093			True	True	True	113510	191578	HGNC:18536	MGI:2176740	True	same_symbol
WBP1	WBP1	WBP1	Wbp1	51629963	True	False	False	False	True	True	False	False	0.9460304822565969	0.6637414095135427			0.125	0.3125			0.041660983613792446	0.19811258983935837			0.5	0.5			0.25	-0.5			3.0	4.0			6.0	4.0			1.0	0.75			2	1	2	1.0	0.041660983613792446	False	True	False	False	False	False	supported_shared_full_matrix_only	5.0416609836137924					False	unclassified_shared_neuronal_or_context	not_prioritized	1.0002553181403726	screen_specific_or_low_priority	1.0002553181403726			True	True	True	23559	22377	HGNC:12737	MGI:104710	True	same_symbol
PLP2	PLP2	PLP2	Plp2	51620908	True	False	False	False	True	True	False	False	0.9460304822565969	0.6637414095135427			0.125	0.3125			0.1438716884774976	0.04128258018328575			0.5	0.5			0.5	-0.5			3.0	4.0			6.0	4.0			1.0	0.75			2	1	2	1.0	0.04128258018328575	False	True	False	False	False	False	supported_shared_full_matrix_only	5.041282580183286					False	unclassified_shared_neuronal_or_context	exploratory_context	1.00233545432439	shared_positive_both_screens	1.00233545432439			True	True	True	5355	18824	HGNC:9087	MGI:1298382	True	same_symbol
GINS3	GINS3	GINS3	Gins3	51621182	True	False	False	False	True	True	False	False	0.9460304822565969	0.6637414095135427			0.125	0.3125			0.0420922438557293	0.04119626574033865			0.5	0.5			0.25	-0.5			3.0	4.0			6.0	4.0			1.0	0.75			2	1	2	1.0	0.04119626574033865	False	True	False	False	False	False	supported_shared_full_matrix_only	5.041196265740338					False	unclassified_shared_neuronal_or_context	not_prioritized	1.0109940505831203	screen_specific_or_low_priority	1.0109940505831203			True	True	True	64785	78833	HGNC:25851	MGI:1926083	True	same_symbol
CHEK2	CHEK2	CHEK2	Chek2	51617681	True	False	False	False	True	True	False	False	0.9460304822565969	0.6637414095135427			0.125	0.3125			0.040735716565592	0.18011298895638794			0.5	0.5			2.7755575615628914e-17	0.0			3.0	4.0			6.0	4.0			1.0	0.75			2	1	2	1.0	0.040735716565592	False	True	False	False	False	False	supported_shared_full_matrix_only	5.040735716565592					False	unclassified_shared_neuronal_or_context	not_prioritized	0.8377874459647926	screen_specific_or_low_priority	0.8377874459647926			True	True	True	11200	50883	HGNC:16627	MGI:1355321	True	same_symbol
ACSF3	ACSF3	ACSF3	Acsf3	51631481	True	False	False	False	True	True	False	False	0.9460304822565969	0.6637414095135427			0.125	0.3125			0.0560165975103734	0.040547667624321646			0.5	0.5			0.25	-0.5			3.0	4.0			6.0	4.0			1.0	0.75			2	1	2	1.0	0.040547667624321646	False	True	False	False	False	False	supported_shared_full_matrix_only	5.040547667624321					False	unclassified_shared_neuronal_or_context	exploratory_context	1.016944195674607	shared_positive_both_screens	1.016944195674607			True	True	True	197322	257633	HGNC:27288	MGI:2182591	True	same_symbol
TRMT61A	TRMT61A	TRMT61A	Trmt61a	51630054	True	False	False	False	True	True	False	False	0.9460304822565969	0.6637414095135427			0.125	0.3125			0.0404564315352697	0.0610440939024169			0.5	0.5			0.25	-0.5			3.0	4.0			6.0	4.0			1.0	0.75			2	1	2	1.0	0.0404564315352697	False	True	False	False	False	False	supported_shared_full_matrix_only	5.04045643153527					False	unclassified_shared_neuronal_or_context	not_prioritized	1.0104844628727905	screen_specific_or_low_priority	1.0104844628727905			True	True	True	115708	328162	HGNC:23790	MGI:2443487	True	same_symbol
MKS1	MKS1	MKS1	Mks1	51620261	True	False	False	False	True	True	False	False	0.9460304822565969	0.6637414095135427			0.125	0.3125			0.0451829723674383	0.040201186857721796			0.5	0.5			2.7755575615628914e-17	-0.5			3.0	4.0			6.0	4.0			1.0	0.75			2	1	2	1.0	0.040201186857721796	False	True	False	False	False	False	supported_shared_full_matrix_only	5.040201186857722					False	unclassified_shared_neuronal_or_context	not_prioritized	0.842489546058735	screen_specific_or_low_priority	0.842489546058735			True	True	True	54903	380718	HGNC:7121	MGI:3584243	True	same_symbol
CCDC51	CCDC51	CCDC51	Ccdc51	51622334	True	False	False	False	True	True	False	False	0.9460304822565969	0.6637414095135427			0.125	0.3125			0.06754707947654	0.03949142163492016			0.5	0.5			0.25	-0.5			3.0	4.0			6.0	4.0			1.0	0.75			2	1	2	1.0	0.03949142163492016	False	True	False	False	False	False	supported_shared_full_matrix_only	5.03949142163492					False	unclassified_shared_neuronal_or_context	exploratory_context	1.0048653101739369	shared_positive_both_screens	1.0048653101739369			True	True	True	79714	66658	HGNC:25714	MGI:1913908	True	same_symbol
PLEKHH3	PLEKHH3	PLEKHH3	Plekhh3	51634950	True	False	False	False	True	True	False	False	0.9460304822565969	0.6637414095135427			0.125	0.3125			0.039139802106607	0.06391529214425495			0.5	0.5			0.25	-0.5			3.0	4.0			6.0	4.0			1.0	0.75			2	1	2	1.0	0.039139802106607	False	True	False	False	False	False	supported_shared_full_matrix_only	5.039139802106607					False	unclassified_shared_neuronal_or_context	not_prioritized	1.0047347847947792	screen_specific_or_low_priority	1.0047347847947792			True	True	True	79990	217198	HGNC:26105	MGI:2384950	True	same_symbol
MED26	MED26	MED26	Med26	51627897	True	False	False	False	True	True	False	False	0.9460304822565969	0.6637414095135427			0.125	0.3125			0.1056729699666295	0.03902791078541585			0.5	0.5			0.25	-0.5			3.0	4.0			6.0	4.0			1.0	0.75			2	1	2	1.0	0.03902791078541585	False	True	False	False	False	False	supported_shared_full_matrix_only	5.039027910785416					False	unclassified_shared_neuronal_or_context	exploratory_context	1.0	shared_positive_both_screens	1.0			True	True	True	9441	70625	HGNC:2376	MGI:1917875	True	same_symbol
FANCD2	FANCD2	FANCD2	Fancd2	51630541	True	False	False	False	True	True	False	False	0.9460304822565969	0.6637414095135427			0.125	0.3125			0.0489432703003337	0.03827844165938015			0.5	0.5			2.7755575615628914e-17	-0.5			3.0	4.0			6.0	4.0			1.0	0.75			2	1	2	1.0	0.03827844165938015	False	True	False	False	False	False	supported_shared_full_matrix_only	5.03827844165938					False	unclassified_shared_neuronal_or_context	exploratory_context	0.8434582277362752	shared_positive_both_screens	0.8434582277362752			True	True	True	2177	211651	HGNC:3585	MGI:2448480	True	same_symbol
DDX28	DDX28	DDX28	Ddx28	51628939	True	False	False	False	True	True	False	False	0.9460304822565969	0.6637414095135427			0.125	0.3125			0.0381423555697414	0.10178554079749061			0.5	0.5			0.25	-0.5			3.0	4.0			6.0	4.0			1.0	0.75			2	1	2	1.0	0.0381423555697414	False	True	False	False	False	False	supported_shared_full_matrix_only	5.038142355569741					False	rna_processing_neuronal_state	not_prioritized	1.0054811888075124	screen_specific_or_low_priority	1.0054811888075124			True	True	True	55794	71986	HGNC:17330	MGI:1919236	True	same_symbol
PRDM10	PRDM10	PRDM10	Prdm10	51624766	True	False	False	False	True	True	False	False	0.9460304822565969	0.6637414095135427			0.125	0.3125			0.0378197997775305	0.13196555217831804			0.5	0.5			0.5	-0.5			3.0	4.0			6.0	4.0			1.0	0.75			2	1	2	1.0	0.0378197997775305	False	True	False	False	False	False	supported_shared_full_matrix_only	5.03781979977753					False	unclassified_shared_neuronal_or_context	exploratory_context	1.0119320859232	shared_positive_both_screens	1.0119320859232			True	True	True	56980	382066	HGNC:13995	MGI:2682952	True	same_symbol
CLCN5	CLCN5	CLCN5	Clcn5	51617784	True	False	False	False	True	True	False	False	0.9460304822565969	0.6637414095135427			0.125	0.3125			0.1004820170559881	0.037546896179903005			0.5	0.5			0.25	-0.5			3.0	4.0			6.0	4.0			1.0	0.75			2	1	2	1.0	0.037546896179903005	False	True	False	False	False	False	supported_shared_full_matrix_only	5.037546896179903					False	unclassified_shared_neuronal_or_context	exploratory_context	1.0126861116963128	shared_positive_both_screens	1.0126861116963128			True	True	True	1184	12728	HGNC:2023	MGI:99486	True	same_symbol
ADRA2C	ADRA2C	ADRA2C	Adra2c	51629402	True	False	False	False	True	True	False	False	0.9460304822565969	0.6637414095135427			0.125	0.3125			0.0363366703744901	0.0531892814076713			0.5	0.5			0.5	-0.5			3.0	4.0			6.0	4.0			1.0	0.75			2	1	2	1.0	0.0363366703744901	False	True	False	False	False	False	supported_shared_full_matrix_only	5.0363366703744905					False	unclassified_shared_neuronal_or_context	exploratory_context	1.0013353774931018	shared_positive_both_screens	1.0013353774931018			True	True	True	152	11553	HGNC:283	MGI:87936	True	same_symbol
SEMA4C	SEMA4C	SEMA4C	Sema4c	51624342	True	False	False	False	True	True	False	False	0.9460304822565969	0.6637414095135427			0.125	0.3125			0.1526416746933675	0.036264546497944194			0.5	0.5			0.5	-0.5			3.0	4.0			6.0	4.0			1.0	0.75			2	1	2	1.0	0.036264546497944194	False	True	False	False	False	False	supported_shared_full_matrix_only	5.036264546497944					False	axon_guidance_adhesion	mechanism_followup_candidate	1.5104838190228953	shared_positive_both_screens	1.5104838190228953			True	True	True	54910	20353	HGNC:10731	MGI:109252	True	same_symbol
WEE1	WEE1	WEE1	Wee1	51619172	True	False	False	False	True	True	False	False	0.9460304822565969	0.6637414095135427			0.125	0.3125			0.1169805298436003	0.035866955351070706			0.5	0.5			0.5	-0.5			3.0	4.0			6.0	4.0			1.0	0.75			2	1	2	1.0	0.035866955351070706	False	True	False	False	False	False	supported_shared_full_matrix_only	5.035866955351071					False	unclassified_shared_neuronal_or_context	not_prioritized	1.0011489514756575	screen_specific_or_low_priority	1.0011489514756575			True	True	True	7465	22390	HGNC:12761	MGI:103075	True	same_symbol
ZNF524	ZNF524	ZNF524	Zfp524	51636421	True	False	False	False	True	True	False	False	0.9460304822565969	0.6637414095135427			0.125	0.3125			0.0394988828598787	0.034000328278605246			0.5	0.5			0.25	-0.5			3.0	4.0			6.0	4.0			1.0	0.75			2	1	2	1.0	0.034000328278605246	False	True	False	False	False	False	supported_shared_full_matrix_only	5.034000328278605					False	unclassified_shared_neuronal_or_context	not_prioritized	0.5033191805840054	screen_specific_or_low_priority	0.5033191805840054			True	False	False	147807	66056	HGNC:28322	MGI:1916740	False	nonidentical_symbol
NMNAT1	NMNAT1	NMNAT1	Nmnat1	51621866	True	False	False	False	True	True	False	False	0.9460304822565969	0.6637414095135427			0.125	0.3125			0.0339929779763804	0.08394847300622375			0.5	0.5			0.25	-0.5			3.0	4.0			6.0	4.0			1.0	0.75			2	1	2	1.0	0.0339929779763804	False	True	False	False	False	False	supported_shared_full_matrix_only	5.03399297797638					False	unclassified_shared_neuronal_or_context	not_prioritized	1.0148913925980558	screen_specific_or_low_priority	1.0148913925980558			True	True	True	64802	66454	HGNC:17877	MGI:1913704	True	same_symbol
MPP7	MPP7	MPP7	Mpp7	51618239	True	False	False	False	True	True	False	False	0.9460304822565969	0.6637414095135427			0.125	0.3125			0.0339805825242718	0.040635403097409095			0.5	0.5			0.5	-0.5			3.0	4.0			6.0	4.0			1.0	0.75			2	1	2	1.0	0.0339805825242718	False	True	False	False	False	False	supported_shared_full_matrix_only	5.033980582524272					False	unclassified_shared_neuronal_or_context	exploratory_context	1.0113921453419508	shared_positive_both_screens	1.0113921453419508			True	True	True	143098	75739	HGNC:26542	MGI:1922989	True	same_symbol
PHF7	PHF7	PHF7	Phf7	51634908	True	False	False	False	True	True	False	False	0.9460304822565969	0.6637414095135427			0.125	0.3125			0.0334344079157357	0.045391458827774754			0.5	0.5			0.25	-0.5			3.0	4.0			6.0	4.0			1.0	0.75			2	1	2	1.0	0.0334344079157357	False	True	False	False	False	False	supported_shared_full_matrix_only	5.033434407915736					False	unclassified_shared_neuronal_or_context	not_prioritized	1.010480645276248	screen_specific_or_low_priority	1.010480645276248			True	True	True	51533	71838	HGNC:18458	MGI:1919088	True	same_symbol
ZCWPW1	ZCWPW1	ZCWPW1	Zcwpw1	51636279	True	False	False	False	True	True	False	False	0.9460304822565969	0.6637414095135427			0.125	0.3125			0.0351899138206192	0.033036618902880246			0.5	0.5			0.25	-0.5			3.0	4.0			6.0	4.0			1.0	0.75			2	1	2	1.0	0.033036618902880246	False	True	False	False	False	False	supported_shared_full_matrix_only	5.03303661890288					False	unclassified_shared_neuronal_or_context	not_prioritized	1.009072215291528	screen_specific_or_low_priority	1.009072215291528			True	True	True	55063	381678	HGNC:23486	MGI:2685899	True	same_symbol
HYLS1	HYLS1	HYLS1	Hyls1	51626143	True	False	False	False	True	True	False	False	0.9460304822565969	0.6637414095135427			0.125	0.3125			0.0791972550271305	0.032827441673259156			0.5	0.5			0.25	-0.5			3.0	4.0			6.0	4.0			1.0	0.75			2	1	2	1.0	0.032827441673259156	False	True	False	False	False	False	supported_shared_full_matrix_only	5.032827441673259					False	unclassified_shared_neuronal_or_context	exploratory_context	1.0156415846758928	shared_positive_both_screens	1.0156415846758928			True	True	True	219844	76832	HGNC:26558	MGI:1924082	True	same_symbol
GADD45A	GADD45A	GADD45A	Gadd45a	51621273	True	False	False	False	True	True	False	False	0.9460304822565969	0.6637414095135427			0.125	0.3125			0.1315432492818385	0.0319231366454027			0.5	0.5			0.5	-0.5			3.0	4.0			6.0	4.0			1.0	0.75			2	1	2	1.0	0.0319231366454027	False	True	False	False	False	False	supported_shared_full_matrix_only	5.0319231366454025					False	unclassified_shared_neuronal_or_context	exploratory_context	1.00550189415632	shared_positive_both_screens	1.00550189415632			True	True	True	1647	13197	HGNC:4095	MGI:107799	True	same_symbol
MTRF1	MTRF1	MTRF1	Mtrf1	51628661	True	False	False	False	True	True	False	False	0.9460304822565969	0.6637414095135427			0.125	0.3125			0.031156941231873	0.07740697561449525			0.5	0.5			0.25	-0.5			3.0	4.0			6.0	4.0			1.0	0.75			2	1	2	1.0	0.031156941231873	False	True	False	False	False	False	supported_shared_full_matrix_only	5.031156941231873					False	unclassified_shared_neuronal_or_context	not_prioritized	1.0139743790503264	screen_specific_or_low_priority	1.0139743790503264			True	True	True	9617	211253	HGNC:7469	MGI:2384815	True	same_symbol
LNX2	LNX2	LNX2	Lnx2	51621843	True	False	False	False	True	True	False	False	0.9460304822565969	0.6637414095135427			0.125	0.3125			0.04540945095018685	0.031064553480966803			0.5	0.5			0.25	-0.5			3.0	4.0			6.0	4.0			1.0	0.75			2	1	2	1.0	0.031064553480966803	False	True	False	False	False	False	supported_shared_full_matrix_only	5.031064553480967					False	unclassified_shared_neuronal_or_context	exploratory_context	1.0118104109339572	shared_positive_both_screens	1.0118104109339572			True	True	True	222484	140887	HGNC:20421	MGI:2155959	True	same_symbol
XRCC3	XRCC3	XRCC3	Xrcc3	51622410	True	False	False	False	True	True	False	False	0.9460304822565969	0.6637414095135427			0.125	0.3125			0.0299290496769639	0.0315530467506151			0.5	0.5			0.25	-0.5			3.0	4.0			6.0	4.0			1.0	0.75			2	1	2	1.0	0.0299290496769639	False	True	False	False	False	False	supported_shared_full_matrix_only	5.029929049676964					False	unclassified_shared_neuronal_or_context	not_prioritized	1.004972311867365	screen_specific_or_low_priority	1.004972311867365			True	True	True	7517	74335	HGNC:12830	MGI:1921585	True	same_symbol
MOCS3	MOCS3	MOCS3	Mocs3	51629466	True	False	False	False	True	True	False	False	0.9460304822565969	0.6637414095135427			0.125	0.3125			0.034352058729652	0.02934507800017125			0.5	0.5			0.25	-0.5			3.0	4.0			6.0	4.0			1.0	0.75			2	1	2	1.0	0.02934507800017125	False	True	False	False	False	False	supported_shared_full_matrix_only	5.029345078000171					False	unclassified_shared_neuronal_or_context	not_prioritized	1.004406862281738	screen_specific_or_low_priority	1.004406862281738			True	True	True	27304	69372	HGNC:15765	MGI:1916622	True	same_symbol
HAUS6	HAUS6	HAUS6	Haus6	51619359	True	False	False	False	True	True	False	False	0.9460304822565969	0.6637414095135427			0.125	0.3125			0.1312569521690767	0.02928134238247905			0.5	0.5			0.5	-0.5			3.0	4.0			6.0	4.0			1.0	0.75			2	1	2	1.0	0.02928134238247905	False	True	False	False	False	False	supported_shared_full_matrix_only	5.029281342382479					False	unclassified_shared_neuronal_or_context	exploratory_context	1.0207786318880636	shared_positive_both_screens	1.0207786318880636			True	True	True	54801	230376	HGNC:25948	MGI:1923389	True	same_symbol
DNLZ	DNLZ	DNLZ	Dnlz	51629049	True	False	False	False	True	True	False	False	0.9460304822565969	0.6637414095135427			0.125	0.3125			0.02904871446409535	0.3212508480668256			0.5	0.5			0.25	-0.5			3.0	4.0			6.0	4.0			1.0	0.75			2	1	2	1.0	0.02904871446409535	False	True	False	False	False	False	supported_shared_full_matrix_only	5.029048714464095					False	unclassified_shared_neuronal_or_context	not_prioritized	1.0009951769593284	screen_specific_or_low_priority	1.0009951769593284			True	True	True	728489	52838	HGNC:33879	MGI:106559	True	same_symbol
WDR24	WDR24	WDR24	Wdr24	51627839	True	False	False	False	True	True	False	False	0.9460304822565969	0.6637414095135427			0.125	0.3125			0.0290057452920523	0.1243181912811758			0.5	0.5			0.5	-0.5			3.0	4.0			6.0	4.0			1.0	0.75			2	1	2	1.0	0.0290057452920523	False	True	False	False	False	False	supported_shared_full_matrix_only	5.029005745292053					False	unclassified_shared_neuronal_or_context	not_prioritized	1.0070703944924948	screen_specific_or_low_priority	1.0070703944924948			True	True	True	84219	268933	HGNC:20852	MGI:2446285	True	same_symbol
WDR53	WDR53	WDR53	Wdr53	51625670	True	False	False	False	True	True	False	False	0.9460304822565969	0.6637414095135427			0.125	0.3125			0.02854211089359655	0.06729608194195774			0.5	0.5			0.25	-0.5			3.0	4.0			6.0	4.0			1.0	0.75			2	1	2	1.0	0.02854211089359655	False	True	False	False	False	False	supported_shared_full_matrix_only	5.028542110893596					False	unclassified_shared_neuronal_or_context	not_prioritized	1.016266069979018	screen_specific_or_low_priority	1.016266069979018			True	True	True	348793	68980	HGNC:28786	MGI:1916230	True	same_symbol
ALDH16A1	ALDH16A1	ALDH16A1	Aldh16a1	51622601	True	False	False	False	True	True	False	False	0.9460304822565969	0.6637414095135427			0.125	0.3125			0.0571337376316629	0.02849544072948325			0.5	0.5			0.25	-0.5			3.0	4.0			6.0	4.0			1.0	0.75			2	1	2	1.0	0.02849544072948325	False	True	False	False	False	False	supported_shared_full_matrix_only	5.0284954407294835					False	unclassified_shared_neuronal_or_context	not_prioritized	1.0011527648934695	screen_specific_or_low_priority	1.0011527648934695			True	True	True	126133	69748	HGNC:28114	MGI:1916998	True	same_symbol
OIP5	OIP5	OIP5	Oip5	51634386	True	False	False	False	True	True	False	False	0.9460304822565969	0.6637414095135427			0.125	0.3125			0.0578917969996808	0.0284773483861629			0.5	0.5			0.5	-0.5			3.0	4.0			6.0	4.0			1.0	0.75			2	1	2	1.0	0.0284773483861629	False	True	False	False	False	False	supported_shared_full_matrix_only	5.028477348386163					False	unclassified_shared_neuronal_or_context	not_prioritized	1.0064064703295197	screen_specific_or_low_priority	1.0064064703295197			True	True	True	11339	70645	HGNC:20300	MGI:1917895	True	same_symbol
ZNF280B	ZNF280B	ZNF280B	Zfp280b	51619941	True	False	False	False	True	True	False	False	0.9460304822565969	0.6637414095135427			0.125	0.3125			0.0284072773699329	0.0309225409779184			0.5	0.5			0.5	-0.5			3.0	4.0			6.0	4.0			1.0	0.75			2	1	2	1.0	0.0284072773699329	False	True	False	False	False	False	supported_shared_full_matrix_only	5.028407277369933					False	unclassified_shared_neuronal_or_context	not_prioritized	0.5071018193424832	screen_specific_or_low_priority	0.5071018193424832			True	False	False	140883	64453	HGNC:23022	MGI:1927865	False	nonidentical_symbol
MAP3K3	MAP3K3	MAP3K3	Map3k3	51630955	True	False	False	False	True	True	False	False	0.9460304822565969	0.6637414095135427			0.125	0.3125			0.0283793876026885	0.1306086264292951			0.5	0.5			0.25	-0.5			3.0	4.0			6.0	4.0			1.0	0.75			2	1	2	1.0	0.0283793876026885	False	True	False	False	False	False	supported_shared_full_matrix_only	5.028379387602689					False	cytoskeleton_morphogenesis	not_prioritized	1.5087847241548225	screen_specific_or_low_priority	1.5087847241548225			True	True	True	4215	26406	HGNC:6855	MGI:1346874	True	same_symbol
ZNF202	ZNF202	ZNF202	Zfp202	51636344	True	False	False	False	True	True	False	False	0.9460304822565969	0.6637414095135427			0.125	0.3125			0.0283381364073006	0.03511723838471555			0.5	0.5			0.25	-0.5			3.0	4.0			6.0	4.0			1.0	0.75			2	1	2	1.0	0.0283381364073006	False	True	False	False	False	False	supported_shared_full_matrix_only	5.0283381364073					False	unclassified_shared_neuronal_or_context	not_prioritized	0.5070020746887967	screen_specific_or_low_priority	0.5070020746887967			True	False	False	7753	80902	HGNC:12994	MGI:1933401	False	nonidentical_symbol
ZNF689	ZNF689	ZNF689	Zfp689	51636453	True	False	False	False	True	True	False	False	0.9460304822565969	0.6637414095135427			0.125	0.3125			0.0523060963932333	0.0282600893894605			0.5	0.5			0.25	-0.5			3.0	4.0			6.0	4.0			1.0	0.75			2	1	2	1.0	0.0282600893894605	False	True	False	False	False	False	supported_shared_full_matrix_only	5.028260089389461					False	unclassified_shared_neuronal_or_context	not_prioritized	0.508192086409999	screen_specific_or_low_priority	0.508192086409999			True	False	False	115509	71131	HGNC:25173	MGI:1918381	False	nonidentical_symbol
HAS3	HAS3	HAS3	Has3	51616013	True	False	False	False	True	True	False	False	0.9460304822565969	0.6637414095135427			0.125	0.3125			0.0348308330673475	0.026626972561102552			0.5	0.5			0.5	-0.5			3.0	4.0			6.0	4.0			1.0	0.75			2	1	2	1.0	0.026626972561102552	False	True	False	False	False	False	supported_shared_full_matrix_only	5.026626972561102					False	unclassified_shared_neuronal_or_context	not_prioritized	1.0024282759107213	screen_specific_or_low_priority	1.0024282759107213			True	True	True	3038	15118	HGNC:4820	MGI:109599	True	same_symbol
YBX2	YBX2	YBX2	Ybx2	51636256	True	False	False	False	True	True	False	False	0.9460304822565969	0.6637414095135427			0.125	0.3125			0.03629234735163475	0.02646702464078165			0.5	0.5			0.25	-0.5			3.0	4.0			6.0	4.0			1.0	0.75			2	1	2	1.0	0.02646702464078165	False	True	False	False	False	False	supported_shared_full_matrix_only	5.026467024640781					False	unclassified_shared_neuronal_or_context	not_prioritized	1.0020782154916892	screen_specific_or_low_priority	1.0020782154916892			True	True	True	51087	53422	HGNC:17948	MGI:1096372	True	same_symbol
PM20D2	PM20D2	PM20D2	Pm20d2	51634956	True	False	False	False	True	True	False	False	0.9460304822565969	0.6637414095135427			0.125	0.3125			0.0256709269413328	0.13533950649312915			0.5	0.5			0.25	-0.5			3.0	4.0			6.0	4.0			1.0	0.75			2	1	2	1.0	0.0256709269413328	False	True	False	False	False	False	supported_shared_full_matrix_only	5.025670926941332					False	unclassified_shared_neuronal_or_context	not_prioritized	1.005090401764673	screen_specific_or_low_priority	1.005090401764673			True	True	True	135293	242377	HGNC:21408	MGI:2685270	True	same_symbol
SCLY	SCLY	SCLY	Scly	51629261	True	False	False	False	True	True	False	False	0.9460304822565969	0.6637414095135427			0.125	0.3125			0.025652381212848352	0.08723681836476935			0.5	0.5			2.7755575615628914e-17	-0.5			3.0	4.0			6.0	4.0			1.0	0.75			2	1	2	1.0	0.025652381212848352	False	True	False	False	False	False	supported_shared_full_matrix_only	5.025652381212848					False	unclassified_shared_neuronal_or_context	not_prioritized	0.8335403213989399	screen_specific_or_low_priority	0.8335403213989399			True	True	True	51540	50880	HGNC:18161	MGI:1355310	True	same_symbol
SHQ1	SHQ1	SHQ1	Shq1	51629054	True	False	False	False	True	True	False	False	0.9460304822565969	0.6637414095135427			0.125	0.3125			0.0510700063689318	0.02508639713536245			0.5	0.5			0.25	-0.5			3.0	4.0			6.0	4.0			1.0	0.75			2	1	2	1.0	0.02508639713536245	False	True	False	False	False	False	supported_shared_full_matrix_only	5.025086397135363					False	unclassified_shared_neuronal_or_context	exploratory_context	1.012767501592233	shared_positive_both_screens	1.012767501592233			True	True	True	55164	72171	HGNC:25543	MGI:1919421	True	same_symbol
CCDC14	CCDC14	CCDC14	Ccdc14	51624799	True	False	False	False	True	True	False	False	0.9460304822565969	0.6637414095135427			0.125	0.3125			0.0565344231022496	0.024964955378828847			0.5	0.5			0.5	-0.5			3.0	4.0			6.0	4.0			1.0	0.75			2	1	2	1.0	0.024964955378828847	False	True	False	False	False	False	supported_shared_full_matrix_only	5.024964955378829					False	unclassified_shared_neuronal_or_context	exploratory_context	1.0133184855584774	shared_positive_both_screens	1.0133184855584774			True	True	True	64770	239839	HGNC:25766	MGI:2443448	True	same_symbol
REEP6	REEP6	REEP6	Reep6	51628225	True	False	False	False	True	True	False	False	0.9460304822565969	0.6637414095135427			0.125	0.3125			0.0249361634216406	0.03515342307135615			0.5	0.5			0.5	-0.5			3.0	4.0			6.0	4.0			1.0	0.75			2	1	2	1.0	0.0249361634216406	False	True	False	False	False	False	supported_shared_full_matrix_only	5.024936163421641					False	unclassified_shared_neuronal_or_context	not_prioritized	1.0065513146844538	screen_specific_or_low_priority	1.0065513146844538			True	True	True	92840	70335	HGNC:30078	MGI:1917585	True	same_symbol
DYRK1B	DYRK1B	DYRK1B	Dyrk1b	51625167	True	False	False	False	True	True	False	False	0.9460304822565969	0.6637414095135427			0.125	0.3125			0.0813481383023052	0.024843513622295303			0.5	0.5			0.5	-0.5			3.0	4.0			6.0	4.0			1.0	0.75			2	1	2	1.0	0.024843513622295303	False	True	False	False	False	False	supported_shared_full_matrix_only	5.0248435136222955					False	unclassified_shared_neuronal_or_context	exploratory_context	1.0196779045130693	shared_positive_both_screens	1.0196779045130693			True	True	True	9149	13549	HGNC:3092	MGI:1330302	True	same_symbol
HARBI1	HARBI1	HARBI1	Harbi1	51621185	True	False	False	False	True	True	False	False	0.9460304822565969	0.6637414095135427			0.125	0.3125			0.0238190233003511	0.0716818642350557			0.5	0.5			0.25	-0.5			3.0	4.0			6.0	4.0			1.0	0.75			2	1	2	1.0	0.0238190233003511	False	True	False	False	False	False	supported_shared_full_matrix_only	5.0238190233003515					False	unclassified_shared_neuronal_or_context	not_prioritized	1.0041339143163164	screen_specific_or_low_priority	1.0041339143163164			True	True	True	283254	241547	HGNC:26522	MGI:2443194	True	same_symbol
ZNF775	ZNF775	ZNF775	Zfp775	51626059	True	False	False	False	True	True	False	False	0.9460304822565969	0.6637414095135427			0.125	0.3125			0.0827082668368975	0.02359149570883395			0.5	0.5			0.25	-0.5			3.0	4.0			6.0	4.0			1.0	0.75			2	1	2	1.0	0.02359149570883395	False	True	False	False	False	False	supported_shared_full_matrix_only	5.023591495708834					False	unclassified_shared_neuronal_or_context	not_prioritized	0.5015664958906836	screen_specific_or_low_priority	0.5015664958906836			True	False	False	285971	243372	HGNC:28501	MGI:2683557	False	nonidentical_symbol
TYSND1	TYSND1	TYSND1	Tysnd1	51627503	True	False	False	False	True	True	False	False	0.9460304822565969	0.6637414095135427			0.125	0.3125			0.0234599425470794	0.0755880035498601			0.5	0.5			0.5	-0.5			3.0	4.0			6.0	4.0			1.0	0.75			2	1	2	1.0	0.0234599425470794	False	True	False	False	False	False	supported_shared_full_matrix_only	5.023459942547079					False	unclassified_shared_neuronal_or_context	not_prioritized	1.0192095341314709	screen_specific_or_low_priority	1.0192095341314709			True	True	True	219743	71767	HGNC:28531	MGI:1919017	True	same_symbol
TRIM65	TRIM65	TRIM65	Trim65	51616585	True	False	False	False	True	True	False	False	0.9460304822565969	0.6637414095135427			0.125	0.3125			0.0274378939562476	0.02344767694311765			0.5	0.5			0.25	-0.5			3.0	4.0			6.0	4.0			1.0	0.75			2	1	2	1.0	0.02344767694311765	False	True	False	False	False	False	supported_shared_full_matrix_only	5.023447676943118					False	unclassified_shared_neuronal_or_context	not_prioritized	1.0055255341607283	screen_specific_or_low_priority	1.0055255341607283			True	True	True	201292	338364	HGNC:27316	MGI:2442815	True	same_symbol
ZKSCAN4	ZKSCAN4	ZKSCAN4	Zkscan4	51636309	True	False	False	False	True	True	False	False	0.9460304822565969	0.6637414095135427			0.125	0.3125			0.0221832109798914	0.0276193252002054			0.5	0.5			0.5	-0.5			3.0	4.0			6.0	4.0			1.0	0.75			2	1	2	1.0	0.0221832109798914	False	True	False	False	False	False	supported_shared_full_matrix_only	5.022183210979891					False	unclassified_shared_neuronal_or_context	not_prioritized	1.005831855766257	screen_specific_or_low_priority	1.005831855766257			True	True	True	387032	544922	HGNC:13854	MGI:3649412	True	same_symbol
KIF24	KIF24	KIF24	Kif24	51633360	True	False	False	False	True	True	False	False	0.9460304822565969	0.6637414095135427			0.125	0.3125			0.0237300704486466	0.020371978578665448			0.5	0.5			0.25	-0.5			3.0	4.0			6.0	4.0			1.0	0.75			2	1	2	1.0	0.020371978578665448	False	True	False	False	False	False	supported_shared_full_matrix_only	5.020371978578665					False	cytoskeleton_morphogenesis	not_prioritized	1.507289025376686	screen_specific_or_low_priority	1.507289025376686			True	True	True	347240	109242	HGNC:19916	MGI:1918345	True	same_symbol
BBS12	BBS12	BBS12	Bbs12	51630912	True	False	False	False	True	True	False	False	0.9460304822565969	0.6637414095135427			0.125	0.3125			0.0203080114905841	0.035481811494635696			0.5	0.5			0.25	-0.5			3.0	4.0			6.0	4.0			1.0	0.75			2	1	2	1.0	0.0203080114905841	False	True	False	False	False	False	supported_shared_full_matrix_only	5.0203080114905845					False	unclassified_shared_neuronal_or_context	not_prioritized	1.0055343317418195	screen_specific_or_low_priority	1.0055343317418195			True	True	True	166379	241950	HGNC:26648	MGI:2686651	True	same_symbol
ZNF250	ZNF250	ZNF250	Zfp647	51636361	True	False	False	False	True	True	False	False	0.9460304822565969	0.6637414095135427			0.125	0.3125			0.037521764820912795	0.01963539714924145			0.5	0.5			0.25	-0.5			3.0	4.0			5.0	4.0			1.0	0.75			2	1	2	1.0	0.01963539714924145	False	True	False	False	False	False	supported_shared_full_matrix_only	5.019635397149242					False	unclassified_shared_neuronal_or_context	not_prioritized	0.5231174615010873	screen_specific_or_low_priority	0.5231174615010873			True	False	False	58500	239546	HGNC:13044	MGI:3052806	False	nonidentical_symbol
TRIM45	TRIM45	TRIM45	Trim45	51625890	True	False	False	False	True	True	False	False	0.9460304822565969	0.6637414095135427			0.125	0.3125			0.0176287713267074	0.020243074542426902			0.5	0.5			0.5	-0.5			3.0	4.0			6.0	4.0			1.0	0.75			2	1	2	1.0	0.0176287713267074	False	True	False	False	False	False	supported_shared_full_matrix_only	5.017628771326708					False	unclassified_shared_neuronal_or_context	not_prioritized	1.0031781717997232	screen_specific_or_low_priority	1.0031781717997232			True	True	True	80263	229644	HGNC:19018	MGI:1918187	True	same_symbol
SYPL2	SYPL2	SYPL2	Sypl2	51620092	True	False	False	False	True	True	False	False	0.9460304822565969	0.6637414095135427			0.125	0.3125			0.0296170588775233	0.01750674975227115			0.5	0.5			0.25	0.0			3.0	4.0			6.0	4.0			1.0	0.75			2	1	2	1.0	0.01750674975227115	False	True	False	False	False	False	supported_shared_full_matrix_only	5.017506749752271					False	unclassified_shared_neuronal_or_context	not_prioritized	1.000648386586904	screen_specific_or_low_priority	1.000648386586904			True	True	True	284612	17306	HGNC:27638	MGI:1328311	True	same_symbol
NAIF1	NAIF1	NAIF1	Naif1	51625434	True	False	False	False	True	True	False	False	0.9460304822565969	0.6637414095135427			0.125	0.3125			0.0174267704857248	0.0433651163759004			0.5	0.5			0.25	-0.5			3.0	4.0			6.0	4.0			1.0	0.75			2	1	2	1.0	0.0174267704857248	False	True	False	False	False	False	supported_shared_full_matrix_only	5.0174267704857245					False	unclassified_shared_neuronal_or_context	not_prioritized	1.0041387645332698	screen_specific_or_low_priority	1.0041387645332698			True	True	True	203245	71254	HGNC:25446	MGI:1918504	True	same_symbol
ATRIP	ATRIP	ATRIP	Atrip	51626336	True	False	False	False	True	True	False	False	0.9460304822565969	0.6637414095135427			0.125	0.3125			0.0169166932652409	0.22732161940847456			0.5	0.5			0.25	-0.5			3.0	4.0			6.0	4.0			1.0	0.75			2	1	2	1.0	0.0169166932652409	False	True	False	False	False	False	supported_shared_full_matrix_only	5.016916693265241					False	unclassified_shared_neuronal_or_context	not_prioritized	0.8361683810865893	screen_specific_or_low_priority	0.8361683810865893			True	True	True	84126	235610	HGNC:33499	MGI:1925349	True	same_symbol
CITED1	CITED1	CITED1	Cited1	51620577	True	False	False	False	True	True	False	False	0.9460304822565969	0.6637414095135427			0.125	0.3125			0.0262527928503032	0.01685958557133135			0.5	0.5			0.25	-0.5			3.0	4.0			6.0	4.0			1.0	0.75			2	1	2	1.0	0.01685958557133135	False	True	False	False	False	False	supported_shared_full_matrix_only	5.016859585571331					False	unclassified_shared_neuronal_or_context	not_prioritized	1.0001456267394813	screen_specific_or_low_priority	1.0001456267394813			True	True	True	4435	12705	HGNC:1986	MGI:108023	True	same_symbol
CYP11A1	CYP11A1	CYP11A1	Cyp11a1	51617398	True	False	False	False	True	True	False	False	0.9460304822565969	0.6637414095135427			0.125	0.3125			0.0165975103734439	0.05239542625560854			0.5	0.5			0.25	-0.5			3.0	4.0			6.0	4.0			1.0	0.75			2	1	2	1.0	0.0165975103734439	False	True	False	False	False	False	supported_shared_full_matrix_only	5.016597510373444					False	unclassified_shared_neuronal_or_context	not_prioritized	1.0012602528774637	screen_specific_or_low_priority	1.0012602528774637			True	True	True	1583	13070	HGNC:2590	MGI:88582	True	same_symbol
RPRML	RPRML	RPRML	Rprml	51629227	True	False	False	False	True	True	False	False	0.9460304822565969	0.6637414095135427			0.125	0.3125			0.0161985317586977	0.328944081275763			0.5	0.5			0.25	-0.5			3.0	4.0			6.0	4.0			1.0	0.75			2	1	2	1.0	0.0161985317586977	False	True	False	False	False	False	supported_shared_full_matrix_only	5.016198531758698					False	unclassified_shared_neuronal_or_context	not_prioritized	1.0029583489567675	screen_specific_or_low_priority	1.0029583489567675			True	True	True	388394	104582	HGNC:32422	MGI:2144486	True	same_symbol
ZSWIM1	ZSWIM1	ZSWIM1	Zswim1	51636512	True	False	False	False	True	True	False	False	0.9460304822565969	0.6637414095135427			0.125	0.3125			0.0152085537594891	0.09023469486891225			0.5	0.5			2.7755575615628914e-17	-0.5			3.0	4.0			6.0	4.0			1.0	0.75			2	1	2	1.0	0.0152085537594891	False	True	False	False	False	False	supported_shared_full_matrix_only	5.015208553759489					False	unclassified_shared_neuronal_or_context	not_prioritized	0.8378077494760102	screen_specific_or_low_priority	0.8378077494760102			True	True	True	90204	71971	HGNC:16155	MGI:1919221	True	same_symbol
HSF5	HSF5	HSF5	Hsf5	51629157	True	False	False	False	True	True	False	False	0.9460304822565969	0.6637414095135427			0.125	0.3125			0.0152020763811642	0.0320958170502243			0.5	0.5			0.25	-0.5			3.0	4.0			6.0	4.0			1.0	0.75			2	1	2	1.0	0.0152020763811642	False	True	False	False	False	False	supported_shared_full_matrix_only	5.015202076381164					False	unclassified_shared_neuronal_or_context	not_prioritized	1.0039415659837647	screen_specific_or_low_priority	1.0039415659837647			True	True	True	124535	327992	HGNC:26862	MGI:2685585	True	same_symbol
AFMID	AFMID	AFMID	Afmid	51622536	True	False	False	False	True	True	False	False	0.9460304822565969	0.6637414095135427			0.125	0.3125			0.01509117573110665	0.0294543349254595			0.5	0.5			2.7755575615628914e-17	-0.5			3.0	4.0			6.0	4.0			1.0	0.75			2	1	2	1.0	0.01509117573110665	False	True	False	False	False	False	supported_shared_full_matrix_only	5.015091175731107					False	unclassified_shared_neuronal_or_context	not_prioritized	0.8369778460216764	screen_specific_or_low_priority	0.8369778460216764			True	True	True	125061	71562	HGNC:20910	MGI:2448704	True	same_symbol
SLC25A15	SLC25A15	SLC25A15	Slc25a15	51623656	True	False	False	False	True	True	False	False	0.9460304822565969	0.6637414095135427			0.125	0.3125			0.0148564196743417	0.050839484730062195			0.5	0.5			0.25	-0.5			3.0	4.0			6.0	4.0			1.0	0.75			2	1	2	1.0	0.0148564196743417	False	True	False	False	False	False	supported_shared_full_matrix_only	5.0148564196743415					False	unclassified_shared_neuronal_or_context	not_prioritized	1.0056713878324013	screen_specific_or_low_priority	1.0056713878324013			True	True	True	10166	18408	HGNC:10985	MGI:1342274	True	same_symbol
MNS1	MNS1	MNS1	Mns1	51624201	True	False	False	False	True	True	False	False	0.9460304822565969	0.6637414095135427			0.125	0.3125			0.12395119797189545	0.0138058121651996			0.5	0.5			0.25	-0.5			3.0	4.0			6.0	4.0			1.0	0.75			2	1	2	1.0	0.0138058121651996	False	True	False	False	False	False	supported_shared_full_matrix_only	5.0138058121652					False	unclassified_shared_neuronal_or_context	exploratory_context	1.0139019703323275	shared_positive_both_screens	1.0139019703323275			True	True	True	55329	17427	HGNC:29636	MGI:107933	True	same_symbol
NUDT18	NUDT18	NUDT18	Nudt18	51628437	True	False	False	False	True	True	False	False	0.9460304822565969	0.6637414095135427			0.125	0.3125			0.01140139740890345	0.14448099263022024			0.5	0.5			0.5	-0.5			3.0	4.0			6.0	4.0			1.0	0.75			2	1	2	1.0	0.01140139740890345	False	True	False	False	False	False	supported_shared_full_matrix_only	5.011401397408903					False	unclassified_shared_neuronal_or_context	not_prioritized	1.0037670566792574	screen_specific_or_low_priority	1.0037670566792574			True	True	True	79873	213484	HGNC:26194	MGI:2385853	True	same_symbol
CCDC32	CCDC32	CCDC32	Ccdc32	51625102	True	False	False	False	True	True	False	False	1.0	0.6637414095135427			0.25	0.3125			0.13619823998958952	0.4271974018403631			0.375	0.5			0.25	-0.5			2.0	4.0			5.0	4.0			1.0	0.75			2	1	2	0.875	0.13619823998958952	False	True	False	False	False	False	supported_shared_full_matrix_only	5.011198239989589					False	unclassified_shared_neuronal_or_context	not_prioritized	1.061333084391337	screen_specific_or_low_priority	1.061333084391337			True	True	True	90416	269336	HGNC:28295	MGI:2685477	True	same_symbol
TAF9	TAF9	TAF9	Taf9	51635731	True	False	False	False	True	True	False	False	0.9460304822565969	0.6637414095135427			0.125	0.3125			0.0108289768483943	0.5905851410806234			0.5	0.5			0.25	-0.5			3.0	4.0			6.0	4.0			1.0	0.75			2	1	2	1.0	0.0108289768483943	False	True	False	False	False	False	supported_shared_full_matrix_only	5.010828976848394					False	unclassified_shared_neuronal_or_context	not_prioritized	1.0	screen_specific_or_low_priority	1.0			True	True	True	6880	108143	HGNC:11542	MGI:1888697	True	same_symbol
CDHR1	CDHR1	CDHR1	Cdhr1	51617599	True	False	False	False	True	True	False	False	0.9460304822565969	0.6637414095135427			0.125	0.3125			0.0106013487674485	0.0508568576483608			0.5	0.5			2.7755575615628914e-17	-0.5			3.0	4.0			6.0	4.0			1.0	0.75			2	1	2	1.0	0.0106013487674485	False	True	False	False	False	False	supported_shared_full_matrix_only	5.010601348767448					False	unclassified_shared_neuronal_or_context	not_prioritized	0.8360128642622374	screen_specific_or_low_priority	0.8360128642622374			True	True	True	92211	170677	HGNC:14550	MGI:2157782	True	same_symbol
MMACHC	MMACHC	MMACHC	Mmachc	51620135	True	False	False	False	True	True	False	False	0.9460304822565969	0.6637414095135427			0.125	0.3125			0.0102692863251545	0.23978501339329084			0.5	0.5			0.25	-0.5			3.0	4.0			6.0	4.0			1.0	0.75			2	1	2	1.0	0.0102692863251545	False	True	False	False	False	False	supported_shared_full_matrix_only	5.010269286325155					False	unclassified_shared_neuronal_or_context	not_prioritized	1.0089630019959317	screen_specific_or_low_priority	1.0089630019959317			True	True	True	25974	67096	HGNC:24525	MGI:1914346	True	same_symbol
XYLB	XYLB	XYLB	Xylb	51629716	True	False	False	False	True	True	False	False	0.9460304822565969	0.6637414095135427			0.125	0.3125			0.0100941589530801	0.053426689824866105			0.5	0.5			0.25	-0.5			3.0	4.0			6.0	4.0			1.0	0.75			2	1	2	1.0	0.0100941589530801	False	True	False	False	False	False	supported_shared_full_matrix_only	5.0100941589530805					False	unclassified_shared_neuronal_or_context	not_prioritized	1.0034423053444403	screen_specific_or_low_priority	1.0034423053444403			True	True	True	9942	102448	HGNC:12839	MGI:2142985	True	same_symbol
HCRTR2	HCRTR2	HCRTR2	Hcrtr2	51621611	True	False	False	False	True	True	False	False	0.9460304822565969	0.6637414095135427			0.125	0.3125			0.0055617352614015	0.0363735409640393			0.5	0.5			0.5	-0.5			3.0	4.0			6.0	4.0			1.0	0.75			2	1	2	1.0	0.0055617352614015	False	True	False	False	False	False	supported_shared_full_matrix_only	5.005561735261401					False	unclassified_shared_neuronal_or_context	not_prioritized	1.00189598539951	screen_specific_or_low_priority	1.00189598539951			True	True	True	3062	387285	HGNC:4849	MGI:2680765	True	same_symbol
PCDHA10	PCDHA10	PCDHA10	Pcdha9	51618703	True	False	False	False	True	True	False	False	0.9460304822565969	0.6637414095135427			0.125	0.3125			0.0050670284072773	0.028511054669609			0.5	0.5			0.25	-0.5			3.0	4.0			6.0	4.0			1.0	0.75			2	1	2	1.0	0.0050670284072773	False	True	False	False	False	False	supported_shared_full_matrix_only	5.005067028407277					False	axon_guidance_adhesion	not_prioritized	1.5	screen_specific_or_low_priority	1.5			True	False	False	56139	192161	HGNC:8664	MGI:2447322	False	nonidentical_symbol
TMEM81	TMEM81	TMEM81	Tmem81	51626356	True	False	False	False	True	True	False	False	0.9460304822565969	0.6637414095135427			0.125	0.3125			0.0048543689320388	0.0197128785410228			0.5	0.5			2.7755575615628914e-17	-0.5			3.0	4.0			6.0	4.0			1.0	0.75			2	1	2	1.0	0.0048543689320388	False	True	False	False	False	False	supported_shared_full_matrix_only	5.004854368932039					False	unclassified_shared_neuronal_or_context	not_prioritized	0.8344868763060438	screen_specific_or_low_priority	0.8344868763060438			True	True	True	388730	74626	HGNC:32349	MGI:1921876	True	same_symbol
PCSK9	PCSK9	PCSK9	Pcsk9	51623357	True	False	False	False	True	True	False	False	0.9460304822565969	0.6637414095135427			0.125	0.3125			0.20889333412524375	0.0044594783543741			0.5	0.5			0.5	0.0			3.0	4.0			6.0	4.0			1.0	0.75			2	1	2	1.0	0.0044594783543741	False	True	False	False	False	False	supported_shared_full_matrix_only	5.004459478354374					False	unclassified_shared_neuronal_or_context	not_prioritized	1.0002192777940946	screen_specific_or_low_priority	1.0002192777940946			True	True	True	255738	100102	HGNC:20001	MGI:2140260	True	same_symbol
FZD5	FZD5	FZD5	Fzd5	51621251	True	False	False	False	True	True	False	False	0.9460304822565969	0.6637414095135427			0.125	0.3125			0.0016201689257633002	0.022416413373860147			0.5	0.5			2.7755575615628914e-17	0.0			3.0	4.0			6.0	4.0			1.0	0.75			2	1	2	1.0	0.0016201689257633002	False	True	False	False	False	False	supported_shared_full_matrix_only	5.001620168925763					False	unclassified_shared_neuronal_or_context	not_prioritized	0.833881748596802	screen_specific_or_low_priority	0.833881748596802			True	True	True	7855	14367	HGNC:4043	MGI:108571	True	same_symbol
BAHCC1	BAHCC1	BAHCC1	Bahcc1	51616413	True	False	False	False	True	True	False	False	1.0	0.6637414095135427			0.25	0.3125			0.24682212884633664	0.07617173946232525			0.375	0.5			0.25	-0.5			2.0	4.0			5.0	4.0			1.0	0.75			2	1	2	0.875	0.07617173946232525	False	True	False	False	False	False	supported_shared_full_matrix_only	4.951171739462326					False	unclassified_shared_neuronal_or_context	exploratory_context	1.0275197036777166	shared_positive_both_screens	1.0275197036777166			True	True	True	57597	268515	HGNC:29279	MGI:2679272	True	same_symbol
MRE11	MRE11	MRE11	Mre11a	51620178	True	False	False	False	True	True	False	False	1.0	0.6637414095135427			0.25	0.3125			0.15451116534479714	0.06571139093935445			0.375	0.5			0.25	-0.5			2.0	4.0			5.0	4.0			1.0	0.75			2	1	2	0.875	0.06571139093935445	False	True	False	False	False	False	supported_shared_full_matrix_only	4.940711390939354													True	False	False	4361	17535	HGNC:7230	MGI:1100512	False	nonidentical_symbol
SCAMP4	SCAMP4	SCAMP4	Scamp4	51624668	True	False	False	False	True	True	False	False	1.0	0.6637414095135427			0.25	0.3125			0.05938501100386943	0.19992435913450196			0.375	0.5			0.25	-0.5			2.0	4.0			3.0	4.0			1.0	0.75			2	1	2	0.875	0.05938501100386943	False	True	False	False	False	False	supported_shared_full_matrix_only	4.93438501100387					False	unclassified_shared_neuronal_or_context	not_prioritized	0.9168033533807184	screen_specific_or_low_priority	0.9168033533807184			True	True	True	113178	56214	HGNC:30385	MGI:1928947	True	same_symbol
CHRNA2	CHRNA2	CHRNA2	Chrna2	51617697	True	False	False	False	True	True	False	False	1.0	0.6637414095135427			0.25	0.3125			0.00045407158275925005	0.0081596468374583			0.3125	0.5			0.125	-0.49999999999999994			2.0	4.0			3.0	4.0			1.0	0.75			2	1	2	0.8125	0.00045407158275925005	False	True	False	False	False	False	supported_shared_full_matrix_only	4.81295407158276					False	unclassified_shared_neuronal_or_context	not_prioritized	0.9167863602510908	screen_specific_or_low_priority	0.9167863602510908			True	True	True	1135	110902	HGNC:1956	MGI:87886	True	same_symbol
CCDC142	CCDC142	CCDC142	Ccdc142	51619077	True	False	False	False	True	True	False	False	0.9460304822565969	0.6637414095135427			0.125	0.3125			0.0105812771245951	0.055644612843680094			0.25	0.5			2.7755575615628914e-17	-0.5			3.0	4.0			5.0	4.0			1.0	0.75			2	1	2	0.75	0.0105812771245951	False	True	False	False	False	False	supported_shared_full_matrix_only	4.7605812771245954					False	unclassified_shared_neuronal_or_context	not_prioritized	0.8354801774724488	screen_specific_or_low_priority	0.8354801774724488			True	True	True	84865	243510	HGNC:25889	MGI:3045292	True	same_symbol
