dataset	species	region	axis_type	axis_label	axis_order	comparison_group	pathway_id	pathway_label	pathway_family	hypothesis_role	n_cells	n_genes_present	genes_present	gene_roles_present	median_gene_rank	mean_gene_rank	median_detection_fraction	median_mean_log1p_expression	n_genes_defined	pathway_gene_coverage
GSE104323	Mus musculus	dentate_gyrus	adult_dentate_lineage_state	RGL_young	0.0	curated_dentate_granule_lineage	bdnf_trkb_mapk	BDNF/TrkB/MAPK	differentiation_stop	historical BDNF/TrkB plus MAPK maturation pathway	686	18	BDNF,CREB1,DUSP6,EGR1,ELK1,FOS,GRB2,JUN,MAP2K1,MAPK1,MAPK14,MAPK3,NGFR,NTRK2,RAF1,SHC1,SORT1,SOS1	adaptor,coreceptor,effector,feedback,ligand,receptor,response	0.5	0.5972222222222222	0.16253644314868804	0.11889670700895023	18	1.0
GSE104323	Mus musculus	dentate_gyrus	adult_dentate_lineage_state	RGL_young	0.0	curated_dentate_granule_lineage	bmp_smad	BMP/SMAD	differentiation_stop	BMP-associated differentiation and neurogenic brake signaling	686	15	ACVR1,BMP2,BMP4,BMP7,BMPR1A,BMPR1B,BMPR2,ID1,ID2,ID3,ID4,NOG,SMAD1,SMAD5,SMAD9	antagonist,effector,ligand,receptor,response	0.875	0.7666666666666667	0.1661807580174927	0.12565505465615795	15	1.0
GSE104323	Mus musculus	dentate_gyrus	adult_dentate_lineage_state	RGL_young	0.0	curated_dentate_granule_lineage	fgf_mapk	FGF/MAPK	neurogenic_permissive	neurogenic niche maintenance and MAPK-linked growth signaling	686	17	ETV4,ETV5,FGF10,FGF17,FGF2,FGF8,FGF9,FGFR1,FGFR2,FGFR3,FRS2,MAP2K1,MAPK1,MAPK3,SPRY1,SPRY2,SPRY4	adaptor,effector,feedback,ligand,receptor,response	0.75	0.6948529411764706	0.1326530612244898	0.10283478777506906	17	1.0
GSE104323	Mus musculus	dentate_gyrus	adult_dentate_lineage_state	RGL_young	0.0	curated_dentate_granule_lineage	notch_hes	Notch/HES	neurogenic_permissive	persistent neurogenic progenitor-state and differentiation timing control	686	14	DLL1,DLL3,DLL4,HES1,HES5,HEY1,HEY2,JAG1,JAG2,LFNG,NOTCH1,NOTCH2,NOTCH3,RBPJ	effector,ligand,modulator,receptor,response	0.875	0.75	0.11661807580174928	0.0891082885689649	14	1.0
GSE104323	Mus musculus	dentate_gyrus	adult_dentate_lineage_state	RGL_young	0.0	curated_dentate_granule_lineage	reelin_migration_stop	Reelin/migration-stop	differentiation_stop	lamination, migration-stop, and maturation positioning cues	686	10	CDK5,CDK5R1,CRK,CRKL,DAB1,LRP8,PAFAH1B1,RAP1A,RELN,VLDLR	adaptor,effector,ligand,receptor	0.5	0.5625	0.18002915451895043	0.14519639941118961	10	1.0
GSE104323	Mus musculus	dentate_gyrus	adult_dentate_lineage_state	RGL_young	0.0	curated_dentate_granule_lineage	semaphorin_guidance	Semaphorin/plexin guidance	differentiation_stop	axon guidance, pruning, fasciculation, and local circuit architecture	686	17	NRP1,NRP2,PLXNA1,PLXNA2,PLXNA3,PLXNA4,PLXNB1,PLXNC1,RAC1,RHOA,SEMA3A,SEMA3C,SEMA3E,SEMA5A,SEMA6A,SEMA6D,SEMA7A	coreceptor,effector,ligand,receptor	0.5	0.5808823529411765	0.09329446064139942	0.06922355303942482	17	1.0
GSE104323	Mus musculus	dentate_gyrus	adult_dentate_lineage_state	RGL_young	0.0	curated_dentate_granule_lineage	shh_granule_expansion	SHH/PTCH/GLI	progenitor_expansion_or_regional_fate	cerebellar granule precursor expansion and regional fate context	686	10	ATOH1,GLI1,GLI2,GLI3,HHIP,MYCN,PTCH1,PTCH2,SHH,SMO	effector,feedback,ligand,receptor,regional_fate,response	0.75	0.76875	0.05830903790087464	0.041303330735510284	10	1.0
GSE104323	Mus musculus	dentate_gyrus	adult_dentate_lineage_state	RGL_young	0.0	curated_dentate_granule_lineage	tgf_beta_smad	TGF-beta/SMAD	differentiation_stop	historical TGF-beta2-associated differentiation/stop signaling	686	15	ID1,ID2,ID3,SERPINE1,SMAD2,SMAD3,SMAD4,SMAD7,TGFB1,TGFB2,TGFB3,TGFBI,TGFBR1,TGFBR2,TGFBR3	effector,feedback,ligand,receptor,response	0.625	0.6583333333333333	0.05393586005830904	0.037976546339396705	15	1.0
GSE104323	Mus musculus	dentate_gyrus	adult_dentate_lineage_state	RGL_young	0.0	curated_dentate_granule_lineage	wnt_beta_catenin	WNT/beta-catenin	neurogenic_permissive	dentate neurogenic permissive and granule fate signaling	686	16	AXIN2,CTNNB1,DKK1,DKK3,FZD1,FZD3,FZD5,FZD7,LEF1,LRP5,LRP6,TCF7L2,WNT3A,WNT5A,WNT7A,WNT7B	antagonist,coreceptor,effector,feedback,ligand,modulator,receptor,response	0.75	0.7109375	0.11807580174927115	0.08758278377664844	16	1.0
GSE104323	Mus musculus	dentate_gyrus	adult_dentate_lineage_state	RGL	1.0	curated_dentate_granule_lineage	bdnf_trkb_mapk	BDNF/TrkB/MAPK	differentiation_stop	historical BDNF/TrkB plus MAPK maturation pathway	199	18	BDNF,CREB1,DUSP6,EGR1,ELK1,FOS,GRB2,JUN,MAP2K1,MAPK1,MAPK14,MAPK3,NGFR,NTRK2,RAF1,SHC1,SORT1,SOS1	adaptor,coreceptor,effector,feedback,ligand,receptor,response	0.25	0.3090277777777778	0.09045226130653267	0.06371548645293013	18	1.0
GSE104323	Mus musculus	dentate_gyrus	adult_dentate_lineage_state	RGL	1.0	curated_dentate_granule_lineage	bmp_smad	BMP/SMAD	differentiation_stop	BMP-associated differentiation and neurogenic brake signaling	199	15	ACVR1,BMP2,BMP4,BMP7,BMPR1A,BMPR1B,BMPR2,ID1,ID2,ID3,ID4,NOG,SMAD1,SMAD5,SMAD9	antagonist,effector,ligand,receptor,response	0.5	0.5041666666666667	0.07035175879396985	0.05283914946761589	15	1.0
GSE104323	Mus musculus	dentate_gyrus	adult_dentate_lineage_state	RGL	1.0	curated_dentate_granule_lineage	fgf_mapk	FGF/MAPK	neurogenic_permissive	neurogenic niche maintenance and MAPK-linked growth signaling	199	17	ETV4,ETV5,FGF10,FGF17,FGF2,FGF8,FGF9,FGFR1,FGFR2,FGFR3,FRS2,MAP2K1,MAPK1,MAPK3,SPRY1,SPRY2,SPRY4	adaptor,effector,feedback,ligand,receptor,response	0.5	0.4889705882352941	0.06030150753768844	0.04179781993326303	17	1.0
GSE104323	Mus musculus	dentate_gyrus	adult_dentate_lineage_state	RGL	1.0	curated_dentate_granule_lineage	notch_hes	Notch/HES	neurogenic_permissive	persistent neurogenic progenitor-state and differentiation timing control	199	14	DLL1,DLL3,DLL4,HES1,HES5,HEY1,HEY2,JAG1,JAG2,LFNG,NOTCH1,NOTCH2,NOTCH3,RBPJ	effector,ligand,modulator,receptor,response	0.5625	0.5580357142857143	0.0829145728643216	0.05747200240823666	14	1.0
GSE104323	Mus musculus	dentate_gyrus	adult_dentate_lineage_state	RGL	1.0	curated_dentate_granule_lineage	reelin_migration_stop	Reelin/migration-stop	differentiation_stop	lamination, migration-stop, and maturation positioning cues	199	10	CDK5,CDK5R1,CRK,CRKL,DAB1,LRP8,PAFAH1B1,RAP1A,RELN,VLDLR	adaptor,effector,ligand,receptor	0.125	0.25	0.07537688442211055	0.05704512040623819	10	1.0
GSE104323	Mus musculus	dentate_gyrus	adult_dentate_lineage_state	RGL	1.0	curated_dentate_granule_lineage	semaphorin_guidance	Semaphorin/plexin guidance	differentiation_stop	axon guidance, pruning, fasciculation, and local circuit architecture	199	17	NRP1,NRP2,PLXNA1,PLXNA2,PLXNA3,PLXNA4,PLXNB1,PLXNC1,RAC1,RHOA,SEMA3A,SEMA3C,SEMA3E,SEMA5A,SEMA6A,SEMA6D,SEMA7A	coreceptor,effector,ligand,receptor	0.375	0.41544117647058826	0.05025125628140704	0.03483151661105252	17	1.0
GSE104323	Mus musculus	dentate_gyrus	adult_dentate_lineage_state	RGL	1.0	curated_dentate_granule_lineage	shh_granule_expansion	SHH/PTCH/GLI	progenitor_expansion_or_regional_fate	cerebellar granule precursor expansion and regional fate context	199	10	ATOH1,GLI1,GLI2,GLI3,HHIP,MYCN,PTCH1,PTCH2,SHH,SMO	effector,feedback,ligand,receptor,regional_fate,response	0.625	0.65	0.06532663316582915	0.04528097159436828	10	1.0
GSE104323	Mus musculus	dentate_gyrus	adult_dentate_lineage_state	RGL	1.0	curated_dentate_granule_lineage	tgf_beta_smad	TGF-beta/SMAD	differentiation_stop	historical TGF-beta2-associated differentiation/stop signaling	199	15	ID1,ID2,ID3,SERPINE1,SMAD2,SMAD3,SMAD4,SMAD7,TGFB1,TGFB2,TGFB3,TGFBI,TGFBR1,TGFBR2,TGFBR3	effector,feedback,ligand,receptor,response	0.375	0.4	0.035175879396984924	0.02438206162773677	15	1.0
GSE104323	Mus musculus	dentate_gyrus	adult_dentate_lineage_state	RGL	1.0	curated_dentate_granule_lineage	wnt_beta_catenin	WNT/beta-catenin	neurogenic_permissive	dentate neurogenic permissive and granule fate signaling	199	16	AXIN2,CTNNB1,DKK1,DKK3,FZD1,FZD3,FZD5,FZD7,LEF1,LRP5,LRP6,TCF7L2,WNT3A,WNT5A,WNT7A,WNT7B	antagonist,coreceptor,effector,feedback,ligand,modulator,receptor,response	0.4375	0.5234375	0.0678391959798995	0.04906006053099209	16	1.0
GSE104323	Mus musculus	dentate_gyrus	adult_dentate_lineage_state	nIPC	2.0	curated_dentate_granule_lineage	bdnf_trkb_mapk	BDNF/TrkB/MAPK	differentiation_stop	historical BDNF/TrkB plus MAPK maturation pathway	353	18	BDNF,CREB1,DUSP6,EGR1,ELK1,FOS,GRB2,JUN,MAP2K1,MAPK1,MAPK14,MAPK3,NGFR,NTRK2,RAF1,SHC1,SORT1,SOS1	adaptor,coreceptor,effector,feedback,ligand,receptor,response	0.625	0.6423611111111112	0.1558073654390935	0.1158709891493653	18	1.0
GSE104323	Mus musculus	dentate_gyrus	adult_dentate_lineage_state	nIPC	2.0	curated_dentate_granule_lineage	bmp_smad	BMP/SMAD	differentiation_stop	BMP-associated differentiation and neurogenic brake signaling	353	15	ACVR1,BMP2,BMP4,BMP7,BMPR1A,BMPR1B,BMPR2,ID1,ID2,ID3,ID4,NOG,SMAD1,SMAD5,SMAD9	antagonist,effector,ligand,receptor,response	0.625	0.575	0.06232294617563739	0.05090569601535287	15	1.0
GSE104323	Mus musculus	dentate_gyrus	adult_dentate_lineage_state	nIPC	2.0	curated_dentate_granule_lineage	fgf_mapk	FGF/MAPK	neurogenic_permissive	neurogenic niche maintenance and MAPK-linked growth signaling	353	17	ETV4,ETV5,FGF10,FGF17,FGF2,FGF8,FGF9,FGFR1,FGFR2,FGFR3,FRS2,MAP2K1,MAPK1,MAPK3,SPRY1,SPRY2,SPRY4	adaptor,effector,feedback,ligand,receptor,response	0.5	0.5147058823529411	0.042492917847025496	0.029453846199431102	17	1.0
GSE104323	Mus musculus	dentate_gyrus	adult_dentate_lineage_state	nIPC	2.0	curated_dentate_granule_lineage	notch_hes	Notch/HES	neurogenic_permissive	persistent neurogenic progenitor-state and differentiation timing control	353	14	DLL1,DLL3,DLL4,HES1,HES5,HEY1,HEY2,JAG1,JAG2,LFNG,NOTCH1,NOTCH2,NOTCH3,RBPJ	effector,ligand,modulator,receptor,response	0.625	0.7321428571428571	0.0708215297450425	0.05575717265251218	14	1.0
GSE104323	Mus musculus	dentate_gyrus	adult_dentate_lineage_state	nIPC	2.0	curated_dentate_granule_lineage	reelin_migration_stop	Reelin/migration-stop	differentiation_stop	lamination, migration-stop, and maturation positioning cues	353	10	CDK5,CDK5R1,CRK,CRKL,DAB1,LRP8,PAFAH1B1,RAP1A,RELN,VLDLR	adaptor,effector,ligand,receptor	0.75	0.6375	0.24362606232294615	0.18732055880582277	10	1.0
GSE104323	Mus musculus	dentate_gyrus	adult_dentate_lineage_state	nIPC	2.0	curated_dentate_granule_lineage	semaphorin_guidance	Semaphorin/plexin guidance	differentiation_stop	axon guidance, pruning, fasciculation, and local circuit architecture	353	17	NRP1,NRP2,PLXNA1,PLXNA2,PLXNA3,PLXNA4,PLXNB1,PLXNC1,RAC1,RHOA,SEMA3A,SEMA3C,SEMA3E,SEMA5A,SEMA6A,SEMA6D,SEMA7A	coreceptor,effector,ligand,receptor	0.5	0.5514705882352942	0.0906515580736544	0.06742937736643316	17	1.0
GSE104323	Mus musculus	dentate_gyrus	adult_dentate_lineage_state	nIPC	2.0	curated_dentate_granule_lineage	shh_granule_expansion	SHH/PTCH/GLI	progenitor_expansion_or_regional_fate	cerebellar granule precursor expansion and regional fate context	353	10	ATOH1,GLI1,GLI2,GLI3,HHIP,MYCN,PTCH1,PTCH2,SHH,SMO	effector,feedback,ligand,receptor,regional_fate,response	0.625	0.675	0.032577903682719546	0.023155595270519698	10	1.0
GSE104323	Mus musculus	dentate_gyrus	adult_dentate_lineage_state	nIPC	2.0	curated_dentate_granule_lineage	tgf_beta_smad	TGF-beta/SMAD	differentiation_stop	historical TGF-beta2-associated differentiation/stop signaling	353	15	ID1,ID2,ID3,SERPINE1,SMAD2,SMAD3,SMAD4,SMAD7,TGFB1,TGFB2,TGFB3,TGFBI,TGFBR1,TGFBR2,TGFBR3	effector,feedback,ligand,receptor,response	0.625	0.6416666666666667	0.019830028328611898	0.013745128226401181	15	1.0
GSE104323	Mus musculus	dentate_gyrus	adult_dentate_lineage_state	nIPC	2.0	curated_dentate_granule_lineage	wnt_beta_catenin	WNT/beta-catenin	neurogenic_permissive	dentate neurogenic permissive and granule fate signaling	353	16	AXIN2,CTNNB1,DKK1,DKK3,FZD1,FZD3,FZD5,FZD7,LEF1,LRP5,LRP6,TCF7L2,WNT3A,WNT5A,WNT7A,WNT7B	antagonist,coreceptor,effector,feedback,ligand,modulator,receptor,response	0.75	0.66796875	0.06940509915014165	0.05138699640287524	16	1.0
GSE104323	Mus musculus	dentate_gyrus	adult_dentate_lineage_state	nIPC-perin	3.0	curated_dentate_granule_lineage	bdnf_trkb_mapk	BDNF/TrkB/MAPK	differentiation_stop	historical BDNF/TrkB plus MAPK maturation pathway	468	18	BDNF,CREB1,DUSP6,EGR1,ELK1,FOS,GRB2,JUN,MAP2K1,MAPK1,MAPK14,MAPK3,NGFR,NTRK2,RAF1,SHC1,SORT1,SOS1	adaptor,coreceptor,effector,feedback,ligand,receptor,response	0.8125	0.7777777777777778	0.21581196581196582	0.16361975475359727	18	1.0
GSE104323	Mus musculus	dentate_gyrus	adult_dentate_lineage_state	nIPC-perin	3.0	curated_dentate_granule_lineage	bmp_smad	BMP/SMAD	differentiation_stop	BMP-associated differentiation and neurogenic brake signaling	468	15	ACVR1,BMP2,BMP4,BMP7,BMPR1A,BMPR1B,BMPR2,ID1,ID2,ID3,ID4,NOG,SMAD1,SMAD5,SMAD9	antagonist,effector,ligand,receptor,response	1.0	0.9083333333333333	0.2222222222222222	0.17256314223355257	15	1.0
GSE104323	Mus musculus	dentate_gyrus	adult_dentate_lineage_state	nIPC-perin	3.0	curated_dentate_granule_lineage	fgf_mapk	FGF/MAPK	neurogenic_permissive	neurogenic niche maintenance and MAPK-linked growth signaling	468	17	ETV4,ETV5,FGF10,FGF17,FGF2,FGF8,FGF9,FGFR1,FGFR2,FGFR3,FRS2,MAP2K1,MAPK1,MAPK3,SPRY1,SPRY2,SPRY4	adaptor,effector,feedback,ligand,receptor,response	0.75	0.7426470588235294	0.19444444444444445	0.1490037055501732	17	1.0
GSE104323	Mus musculus	dentate_gyrus	adult_dentate_lineage_state	nIPC-perin	3.0	curated_dentate_granule_lineage	notch_hes	Notch/HES	neurogenic_permissive	persistent neurogenic progenitor-state and differentiation timing control	468	14	DLL1,DLL3,DLL4,HES1,HES5,HEY1,HEY2,JAG1,JAG2,LFNG,NOTCH1,NOTCH2,NOTCH3,RBPJ	effector,ligand,modulator,receptor,response	0.875	0.7901785714285714	0.15918803418803418	0.12144772307865495	14	1.0
GSE104323	Mus musculus	dentate_gyrus	adult_dentate_lineage_state	nIPC-perin	3.0	curated_dentate_granule_lineage	reelin_migration_stop	Reelin/migration-stop	differentiation_stop	lamination, migration-stop, and maturation positioning cues	468	10	CDK5,CDK5R1,CRK,CRKL,DAB1,LRP8,PAFAH1B1,RAP1A,RELN,VLDLR	adaptor,effector,ligand,receptor	0.875	0.7875	0.20619658119658119	0.16404087772527398	10	1.0
GSE104323	Mus musculus	dentate_gyrus	adult_dentate_lineage_state	nIPC-perin	3.0	curated_dentate_granule_lineage	semaphorin_guidance	Semaphorin/plexin guidance	differentiation_stop	axon guidance, pruning, fasciculation, and local circuit architecture	468	17	NRP1,NRP2,PLXNA1,PLXNA2,PLXNA3,PLXNA4,PLXNB1,PLXNC1,RAC1,RHOA,SEMA3A,SEMA3C,SEMA3E,SEMA5A,SEMA6A,SEMA6D,SEMA7A	coreceptor,effector,ligand,receptor	0.75	0.6507352941176471	0.08974358974358974	0.06924790266991887	17	1.0
GSE104323	Mus musculus	dentate_gyrus	adult_dentate_lineage_state	nIPC-perin	3.0	curated_dentate_granule_lineage	shh_granule_expansion	SHH/PTCH/GLI	progenitor_expansion_or_regional_fate	cerebellar granule precursor expansion and regional fate context	468	10	ATOH1,GLI1,GLI2,GLI3,HHIP,MYCN,PTCH1,PTCH2,SHH,SMO	effector,feedback,ligand,receptor,regional_fate,response	0.875	0.85	0.07585470085470086	0.05561079655610392	10	1.0
GSE104323	Mus musculus	dentate_gyrus	adult_dentate_lineage_state	nIPC-perin	3.0	curated_dentate_granule_lineage	tgf_beta_smad	TGF-beta/SMAD	differentiation_stop	historical TGF-beta2-associated differentiation/stop signaling	468	15	ID1,ID2,ID3,SERPINE1,SMAD2,SMAD3,SMAD4,SMAD7,TGFB1,TGFB2,TGFB3,TGFBI,TGFBR1,TGFBR2,TGFBR3	effector,feedback,ligand,receptor,response	0.875	0.8333333333333334	0.0641025641025641	0.04443251157435547	15	1.0
GSE104323	Mus musculus	dentate_gyrus	adult_dentate_lineage_state	nIPC-perin	3.0	curated_dentate_granule_lineage	wnt_beta_catenin	WNT/beta-catenin	neurogenic_permissive	dentate neurogenic permissive and granule fate signaling	468	16	AXIN2,CTNNB1,DKK1,DKK3,FZD1,FZD3,FZD5,FZD7,LEF1,LRP5,LRP6,TCF7L2,WNT3A,WNT5A,WNT7A,WNT7B	antagonist,coreceptor,effector,feedback,ligand,modulator,receptor,response	1.0	0.9140625	0.1752136752136752	0.14024303981185804	16	1.0
GSE104323	Mus musculus	dentate_gyrus	adult_dentate_lineage_state	Neuroblast	4.0	curated_dentate_granule_lineage	bdnf_trkb_mapk	BDNF/TrkB/MAPK	differentiation_stop	historical BDNF/TrkB plus MAPK maturation pathway	1381	18	BDNF,CREB1,DUSP6,EGR1,ELK1,FOS,GRB2,JUN,MAP2K1,MAPK1,MAPK14,MAPK3,NGFR,NTRK2,RAF1,SHC1,SORT1,SOS1	adaptor,coreceptor,effector,feedback,ligand,receptor,response	0.46875	0.4201388888888889	0.11187545257060102	0.07985233073392373	18	1.0
GSE104323	Mus musculus	dentate_gyrus	adult_dentate_lineage_state	Neuroblast	4.0	curated_dentate_granule_lineage	bmp_smad	BMP/SMAD	differentiation_stop	BMP-associated differentiation and neurogenic brake signaling	1381	15	ACVR1,BMP2,BMP4,BMP7,BMPR1A,BMPR1B,BMPR2,ID1,ID2,ID3,ID4,NOG,SMAD1,SMAD5,SMAD9	antagonist,effector,ligand,receptor,response	0.5	0.55	0.042722664735698766	0.02990669714782399	15	1.0
GSE104323	Mus musculus	dentate_gyrus	adult_dentate_lineage_state	Neuroblast	4.0	curated_dentate_granule_lineage	fgf_mapk	FGF/MAPK	neurogenic_permissive	neurogenic niche maintenance and MAPK-linked growth signaling	1381	17	ETV4,ETV5,FGF10,FGF17,FGF2,FGF8,FGF9,FGFR1,FGFR2,FGFR3,FRS2,MAP2K1,MAPK1,MAPK3,SPRY1,SPRY2,SPRY4	adaptor,effector,feedback,ligand,receptor,response	0.5	0.40441176470588236	0.023171614771904415	0.017235749609233096	17	1.0
GSE104323	Mus musculus	dentate_gyrus	adult_dentate_lineage_state	Neuroblast	4.0	curated_dentate_granule_lineage	notch_hes	Notch/HES	neurogenic_permissive	persistent neurogenic progenitor-state and differentiation timing control	1381	14	DLL1,DLL3,DLL4,HES1,HES5,HEY1,HEY2,JAG1,JAG2,LFNG,NOTCH1,NOTCH2,NOTCH3,RBPJ	effector,ligand,modulator,receptor,response	0.5	0.5535714285714286	0.020999275887038378	0.01681462332038238	14	1.0
GSE104323	Mus musculus	dentate_gyrus	adult_dentate_lineage_state	Neuroblast	4.0	curated_dentate_granule_lineage	reelin_migration_stop	Reelin/migration-stop	differentiation_stop	lamination, migration-stop, and maturation positioning cues	1381	10	CDK5,CDK5R1,CRK,CRKL,DAB1,LRP8,PAFAH1B1,RAP1A,RELN,VLDLR	adaptor,effector,ligand,receptor	0.5	0.55	0.19080376538740043	0.14173198104709903	10	1.0
GSE104323	Mus musculus	dentate_gyrus	adult_dentate_lineage_state	Neuroblast	4.0	curated_dentate_granule_lineage	semaphorin_guidance	Semaphorin/plexin guidance	differentiation_stop	axon guidance, pruning, fasciculation, and local circuit architecture	1381	17	NRP1,NRP2,PLXNA1,PLXNA2,PLXNA3,PLXNA4,PLXNB1,PLXNC1,RAC1,RHOA,SEMA3A,SEMA3C,SEMA3E,SEMA5A,SEMA6A,SEMA6D,SEMA7A	coreceptor,effector,ligand,receptor	0.625	0.6029411764705882	0.13540912382331644	0.10408699095870973	17	1.0
GSE104323	Mus musculus	dentate_gyrus	adult_dentate_lineage_state	Neuroblast	4.0	curated_dentate_granule_lineage	shh_granule_expansion	SHH/PTCH/GLI	progenitor_expansion_or_regional_fate	cerebellar granule precursor expansion and regional fate context	1381	10	ATOH1,GLI1,GLI2,GLI3,HHIP,MYCN,PTCH1,PTCH2,SHH,SMO	effector,feedback,ligand,receptor,regional_fate,response	0.5	0.49375	0.010499637943519189	0.007424595707583844	10	1.0
GSE104323	Mus musculus	dentate_gyrus	adult_dentate_lineage_state	Neuroblast	4.0	curated_dentate_granule_lineage	tgf_beta_smad	TGF-beta/SMAD	differentiation_stop	historical TGF-beta2-associated differentiation/stop signaling	1381	15	ID1,ID2,ID3,SERPINE1,SMAD2,SMAD3,SMAD4,SMAD7,TGFB1,TGFB2,TGFB3,TGFBI,TGFBR1,TGFBR2,TGFBR3	effector,feedback,ligand,receptor,response	0.625	0.5666666666666667	0.022447501810282405	0.015559422590411518	15	1.0
GSE104323	Mus musculus	dentate_gyrus	adult_dentate_lineage_state	Neuroblast	4.0	curated_dentate_granule_lineage	wnt_beta_catenin	WNT/beta-catenin	neurogenic_permissive	dentate neurogenic permissive and granule fate signaling	1381	16	AXIN2,CTNNB1,DKK1,DKK3,FZD1,FZD3,FZD5,FZD7,LEF1,LRP5,LRP6,TCF7L2,WNT3A,WNT5A,WNT7A,WNT7B	antagonist,coreceptor,effector,feedback,ligand,modulator,receptor,response	0.5	0.53515625	0.061911658218682115	0.0466175718950449	16	1.0
GSE104323	Mus musculus	dentate_gyrus	adult_dentate_lineage_state	Immature-GC	5.0	curated_dentate_granule_lineage	bdnf_trkb_mapk	BDNF/TrkB/MAPK	differentiation_stop	historical BDNF/TrkB plus MAPK maturation pathway	2419	18	BDNF,CREB1,DUSP6,EGR1,ELK1,FOS,GRB2,JUN,MAP2K1,MAPK1,MAPK14,MAPK3,NGFR,NTRK2,RAF1,SHC1,SORT1,SOS1	adaptor,coreceptor,effector,feedback,ligand,receptor,response	0.5625	0.6006944444444444	0.1696982224059529	0.1428872010916141	18	1.0
GSE104323	Mus musculus	dentate_gyrus	adult_dentate_lineage_state	Immature-GC	5.0	curated_dentate_granule_lineage	bmp_smad	BMP/SMAD	differentiation_stop	BMP-associated differentiation and neurogenic brake signaling	2419	15	ACVR1,BMP2,BMP4,BMP7,BMPR1A,BMPR1B,BMPR2,ID1,ID2,ID3,ID4,NOG,SMAD1,SMAD5,SMAD9	antagonist,effector,ligand,receptor,response	0.375	0.48333333333333334	0.011161637040099214	0.007904274073264442	15	1.0
GSE104323	Mus musculus	dentate_gyrus	adult_dentate_lineage_state	Immature-GC	5.0	curated_dentate_granule_lineage	fgf_mapk	FGF/MAPK	neurogenic_permissive	neurogenic niche maintenance and MAPK-linked growth signaling	2419	17	ETV4,ETV5,FGF10,FGF17,FGF2,FGF8,FGF9,FGFR1,FGFR2,FGFR3,FRS2,MAP2K1,MAPK1,MAPK3,SPRY1,SPRY2,SPRY4	adaptor,effector,feedback,ligand,receptor,response	0.625	0.5955882352941176	0.019429516329061595	0.013467514463132461	17	1.0
GSE104323	Mus musculus	dentate_gyrus	adult_dentate_lineage_state	Immature-GC	5.0	curated_dentate_granule_lineage	notch_hes	Notch/HES	neurogenic_permissive	persistent neurogenic progenitor-state and differentiation timing control	2419	14	DLL1,DLL3,DLL4,HES1,HES5,HEY1,HEY2,JAG1,JAG2,LFNG,NOTCH1,NOTCH2,NOTCH3,RBPJ	effector,ligand,modulator,receptor,response	0.375	0.39285714285714285	0.016122364613476645	0.011510405232763206	14	1.0
GSE104323	Mus musculus	dentate_gyrus	adult_dentate_lineage_state	Immature-GC	5.0	curated_dentate_granule_lineage	reelin_migration_stop	Reelin/migration-stop	differentiation_stop	lamination, migration-stop, and maturation positioning cues	2419	10	CDK5,CDK5R1,CRK,CRKL,DAB1,LRP8,PAFAH1B1,RAP1A,RELN,VLDLR	adaptor,effector,ligand,receptor	0.6875	0.725	0.2769739561802398	0.2242964522972726	10	1.0
GSE104323	Mus musculus	dentate_gyrus	adult_dentate_lineage_state	Immature-GC	5.0	curated_dentate_granule_lineage	semaphorin_guidance	Semaphorin/plexin guidance	differentiation_stop	axon guidance, pruning, fasciculation, and local circuit architecture	2419	17	NRP1,NRP2,PLXNA1,PLXNA2,PLXNA3,PLXNA4,PLXNB1,PLXNC1,RAC1,RHOA,SEMA3A,SEMA3C,SEMA3E,SEMA5A,SEMA6A,SEMA6D,SEMA7A	coreceptor,effector,ligand,receptor	1.0	0.8529411764705882	0.3220338983050847	0.26677098268765936	17	1.0
GSE104323	Mus musculus	dentate_gyrus	adult_dentate_lineage_state	Immature-GC	5.0	curated_dentate_granule_lineage	shh_granule_expansion	SHH/PTCH/GLI	progenitor_expansion_or_regional_fate	cerebellar granule precursor expansion and regional fate context	2419	10	ATOH1,GLI1,GLI2,GLI3,HHIP,MYCN,PTCH1,PTCH2,SHH,SMO	effector,feedback,ligand,receptor,regional_fate,response	0.375	0.4	0.0022736668044646548	0.001575985735047416	10	1.0
GSE104323	Mus musculus	dentate_gyrus	adult_dentate_lineage_state	Immature-GC	5.0	curated_dentate_granule_lineage	tgf_beta_smad	TGF-beta/SMAD	differentiation_stop	historical TGF-beta2-associated differentiation/stop signaling	2419	15	ID1,ID2,ID3,SERPINE1,SMAD2,SMAD3,SMAD4,SMAD7,TGFB1,TGFB2,TGFB3,TGFBI,TGFBR1,TGFBR2,TGFBR3	effector,feedback,ligand,receptor,response	0.5	0.5	0.011161637040099214	0.007904274073264442	15	1.0
GSE104323	Mus musculus	dentate_gyrus	adult_dentate_lineage_state	Immature-GC	5.0	curated_dentate_granule_lineage	wnt_beta_catenin	WNT/beta-catenin	neurogenic_permissive	dentate neurogenic permissive and granule fate signaling	2419	16	AXIN2,CTNNB1,DKK1,DKK3,FZD1,FZD3,FZD5,FZD7,LEF1,LRP5,LRP6,TCF7L2,WNT3A,WNT5A,WNT7A,WNT7B	antagonist,coreceptor,effector,feedback,ligand,modulator,receptor,response	0.375	0.4453125	0.028317486564696154	0.020131036458321927	16	1.0
GSE104323	Mus musculus	dentate_gyrus	adult_dentate_lineage_state	GC-juv	6.0	curated_dentate_granule_lineage	bdnf_trkb_mapk	BDNF/TrkB/MAPK	differentiation_stop	historical BDNF/TrkB plus MAPK maturation pathway	3420	18	BDNF,CREB1,DUSP6,EGR1,ELK1,FOS,GRB2,JUN,MAP2K1,MAPK1,MAPK14,MAPK3,NGFR,NTRK2,RAF1,SHC1,SORT1,SOS1	adaptor,coreceptor,effector,feedback,ligand,receptor,response	0.75	0.7048611111111112	0.24035087719298248	0.1853965273160867	18	1.0
GSE104323	Mus musculus	dentate_gyrus	adult_dentate_lineage_state	GC-juv	6.0	curated_dentate_granule_lineage	bmp_smad	BMP/SMAD	differentiation_stop	BMP-associated differentiation and neurogenic brake signaling	3420	15	ACVR1,BMP2,BMP4,BMP7,BMPR1A,BMPR1B,BMPR2,ID1,ID2,ID3,ID4,NOG,SMAD1,SMAD5,SMAD9	antagonist,effector,ligand,receptor,response	0.375	0.4166666666666667	0.012865497076023392	0.008917683024747833	15	1.0
GSE104323	Mus musculus	dentate_gyrus	adult_dentate_lineage_state	GC-juv	6.0	curated_dentate_granule_lineage	fgf_mapk	FGF/MAPK	neurogenic_permissive	neurogenic niche maintenance and MAPK-linked growth signaling	3420	17	ETV4,ETV5,FGF10,FGF17,FGF2,FGF8,FGF9,FGFR1,FGFR2,FGFR3,FRS2,MAP2K1,MAPK1,MAPK3,SPRY1,SPRY2,SPRY4	adaptor,effector,feedback,ligand,receptor,response	0.625	0.5955882352941176	0.02894736842105263	0.020301900903991494	17	1.0
GSE104323	Mus musculus	dentate_gyrus	adult_dentate_lineage_state	GC-juv	6.0	curated_dentate_granule_lineage	notch_hes	Notch/HES	neurogenic_permissive	persistent neurogenic progenitor-state and differentiation timing control	3420	14	DLL1,DLL3,DLL4,HES1,HES5,HEY1,HEY2,JAG1,JAG2,LFNG,NOTCH1,NOTCH2,NOTCH3,RBPJ	effector,ligand,modulator,receptor,response	0.25	0.44642857142857145	0.015789473684210527	0.01130010031419928	14	1.0
GSE104323	Mus musculus	dentate_gyrus	adult_dentate_lineage_state	GC-juv	6.0	curated_dentate_granule_lineage	reelin_migration_stop	Reelin/migration-stop	differentiation_stop	lamination, migration-stop, and maturation positioning cues	3420	10	CDK5,CDK5R1,CRK,CRKL,DAB1,LRP8,PAFAH1B1,RAP1A,RELN,VLDLR	adaptor,effector,ligand,receptor	0.625	0.625	0.2850877192982456	0.22559143849073454	10	1.0
GSE104323	Mus musculus	dentate_gyrus	adult_dentate_lineage_state	GC-juv	6.0	curated_dentate_granule_lineage	semaphorin_guidance	Semaphorin/plexin guidance	differentiation_stop	axon guidance, pruning, fasciculation, and local circuit architecture	3420	17	NRP1,NRP2,PLXNA1,PLXNA2,PLXNA3,PLXNA4,PLXNB1,PLXNC1,RAC1,RHOA,SEMA3A,SEMA3C,SEMA3E,SEMA5A,SEMA6A,SEMA6D,SEMA7A	coreceptor,effector,ligand,receptor	0.5	0.5220588235294118	0.1327485380116959	0.09694003053935213	17	1.0
GSE104323	Mus musculus	dentate_gyrus	adult_dentate_lineage_state	GC-juv	6.0	curated_dentate_granule_lineage	shh_granule_expansion	SHH/PTCH/GLI	progenitor_expansion_or_regional_fate	cerebellar granule precursor expansion and regional fate context	3420	10	ATOH1,GLI1,GLI2,GLI3,HHIP,MYCN,PTCH1,PTCH2,SHH,SMO	effector,feedback,ligand,receptor,regional_fate,response	0.25	0.325	0.0020467836257309943	0.0014187222993917007	10	1.0
GSE104323	Mus musculus	dentate_gyrus	adult_dentate_lineage_state	GC-juv	6.0	curated_dentate_granule_lineage	tgf_beta_smad	TGF-beta/SMAD	differentiation_stop	historical TGF-beta2-associated differentiation/stop signaling	3420	15	ID1,ID2,ID3,SERPINE1,SMAD2,SMAD3,SMAD4,SMAD7,TGFB1,TGFB2,TGFB3,TGFBI,TGFBR1,TGFBR2,TGFBR3	effector,feedback,ligand,receptor,response	0.5	0.55	0.025730994152046785	0.018428151295267838	15	1.0
GSE104323	Mus musculus	dentate_gyrus	adult_dentate_lineage_state	GC-juv	6.0	curated_dentate_granule_lineage	wnt_beta_catenin	WNT/beta-catenin	neurogenic_permissive	dentate neurogenic permissive and granule fate signaling	3420	16	AXIN2,CTNNB1,DKK1,DKK3,FZD1,FZD3,FZD5,FZD7,LEF1,LRP5,LRP6,TCF7L2,WNT3A,WNT5A,WNT7A,WNT7B	antagonist,coreceptor,effector,feedback,ligand,modulator,receptor,response	0.4375	0.46875	0.014619883040935673	0.01035362506619456	16	1.0
GSE104323	Mus musculus	dentate_gyrus	adult_dentate_lineage_state	GC-adult	7.0	curated_dentate_granule_lineage	bdnf_trkb_mapk	BDNF/TrkB/MAPK	differentiation_stop	historical BDNF/TrkB plus MAPK maturation pathway	2613	18	BDNF,CREB1,DUSP6,EGR1,ELK1,FOS,GRB2,JUN,MAP2K1,MAPK1,MAPK14,MAPK3,NGFR,NTRK2,RAF1,SHC1,SORT1,SOS1	adaptor,coreceptor,effector,feedback,ligand,receptor,response	0.3125	0.4479166666666667	0.168388825105243	0.12449442005087022	18	1.0
GSE104323	Mus musculus	dentate_gyrus	adult_dentate_lineage_state	GC-adult	7.0	curated_dentate_granule_lineage	bmp_smad	BMP/SMAD	differentiation_stop	BMP-associated differentiation and neurogenic brake signaling	2613	15	ACVR1,BMP2,BMP4,BMP7,BMPR1A,BMPR1B,BMPR2,ID1,ID2,ID3,ID4,NOG,SMAD1,SMAD5,SMAD9	antagonist,effector,ligand,receptor,response	0.125	0.29583333333333334	0.009950248756218905	0.006896986871243236	15	1.0
GSE104323	Mus musculus	dentate_gyrus	adult_dentate_lineage_state	GC-adult	7.0	curated_dentate_granule_lineage	fgf_mapk	FGF/MAPK	neurogenic_permissive	neurogenic niche maintenance and MAPK-linked growth signaling	2613	17	ETV4,ETV5,FGF10,FGF17,FGF2,FGF8,FGF9,FGFR1,FGFR2,FGFR3,FRS2,MAP2K1,MAPK1,MAPK3,SPRY1,SPRY2,SPRY4	adaptor,effector,feedback,ligand,receptor,response	0.375	0.4632352941176471	0.01722158438576349	0.012092264918984194	17	1.0
GSE104323	Mus musculus	dentate_gyrus	adult_dentate_lineage_state	GC-adult	7.0	curated_dentate_granule_lineage	notch_hes	Notch/HES	neurogenic_permissive	persistent neurogenic progenitor-state and differentiation timing control	2613	14	DLL1,DLL3,DLL4,HES1,HES5,HEY1,HEY2,JAG1,JAG2,LFNG,NOTCH1,NOTCH2,NOTCH3,RBPJ	effector,ligand,modulator,receptor,response	0.1875	0.2767857142857143	0.011863758132414848	0.008300916628937002	14	1.0
GSE104323	Mus musculus	dentate_gyrus	adult_dentate_lineage_state	GC-adult	7.0	curated_dentate_granule_lineage	reelin_migration_stop	Reelin/migration-stop	differentiation_stop	lamination, migration-stop, and maturation positioning cues	2613	10	CDK5,CDK5R1,CRK,CRKL,DAB1,LRP8,PAFAH1B1,RAP1A,RELN,VLDLR	adaptor,effector,ligand,receptor	0.3125	0.3625	0.17164179104477612	0.12782522163305823	10	1.0
GSE104323	Mus musculus	dentate_gyrus	adult_dentate_lineage_state	GC-adult	7.0	curated_dentate_granule_lineage	semaphorin_guidance	Semaphorin/plexin guidance	differentiation_stop	axon guidance, pruning, fasciculation, and local circuit architecture	2613	17	NRP1,NRP2,PLXNA1,PLXNA2,PLXNA3,PLXNA4,PLXNB1,PLXNC1,RAC1,RHOA,SEMA3A,SEMA3C,SEMA3E,SEMA5A,SEMA6A,SEMA6D,SEMA7A	coreceptor,effector,ligand,receptor	0.125	0.3235294117647059	0.08572522005357826	0.06254358461872561	17	1.0
GSE104323	Mus musculus	dentate_gyrus	adult_dentate_lineage_state	GC-adult	7.0	curated_dentate_granule_lineage	shh_granule_expansion	SHH/PTCH/GLI	progenitor_expansion_or_regional_fate	cerebellar granule precursor expansion and regional fate context	2613	10	ATOH1,GLI1,GLI2,GLI3,HHIP,MYCN,PTCH1,PTCH2,SHH,SMO	effector,feedback,ligand,receptor,regional_fate,response	0.375	0.3375	0.0009567546880979717	0.0006631718145426188	10	1.0
GSE104323	Mus musculus	dentate_gyrus	adult_dentate_lineage_state	GC-adult	7.0	curated_dentate_granule_lineage	tgf_beta_smad	TGF-beta/SMAD	differentiation_stop	historical TGF-beta2-associated differentiation/stop signaling	2613	15	ID1,ID2,ID3,SERPINE1,SMAD2,SMAD3,SMAD4,SMAD7,TGFB1,TGFB2,TGFB3,TGFBI,TGFBR1,TGFBR2,TGFBR3	effector,feedback,ligand,receptor,response	0.25	0.35	0.013011863758132415	0.009019136677779618	15	1.0
GSE104323	Mus musculus	dentate_gyrus	adult_dentate_lineage_state	GC-adult	7.0	curated_dentate_granule_lineage	wnt_beta_catenin	WNT/beta-catenin	neurogenic_permissive	dentate neurogenic permissive and granule fate signaling	2613	16	AXIN2,CTNNB1,DKK1,DKK3,FZD1,FZD3,FZD5,FZD7,LEF1,LRP5,LRP6,TCF7L2,WNT3A,WNT5A,WNT7A,WNT7B	antagonist,coreceptor,effector,feedback,ligand,modulator,receptor,response	0.1875	0.234375	0.007271335629544585	0.005040105790523903	16	1.0
GSE122357	Mus musculus	cerebellum	postnatal_cerebellar_age	P0	0.0	candidate_cerebellar_granule_only	bdnf_trkb_mapk	BDNF/TrkB/MAPK	differentiation_stop	historical BDNF/TrkB plus MAPK maturation pathway	2678	18	BDNF,CREB1,DUSP6,EGR1,ELK1,FOS,GRB2,JUN,MAP2K1,MAPK1,MAPK14,MAPK3,NGFR,NTRK2,RAF1,SHC1,SORT1,SOS1	adaptor,coreceptor,effector,feedback,ligand,receptor,response	0.3333333333333333	0.5555555555555556	0.18502613890963399	0.1378035321145326	18	1.0
GSE122357	Mus musculus	cerebellum	postnatal_cerebellar_age	P0	0.0	candidate_cerebellar_granule_only	bmp_smad	BMP/SMAD	differentiation_stop	BMP-associated differentiation and neurogenic brake signaling	2678	15	ACVR1,BMP2,BMP4,BMP7,BMPR1A,BMPR1B,BMPR2,ID1,ID2,ID3,ID4,NOG,SMAD1,SMAD5,SMAD9	antagonist,effector,ligand,receptor,response	0.3333333333333333	0.5777777777777777	0.0739357729648991	0.0638498329402133	15	1.0
GSE122357	Mus musculus	cerebellum	postnatal_cerebellar_age	P0	0.0	candidate_cerebellar_granule_only	fgf_mapk	FGF/MAPK	neurogenic_permissive	neurogenic niche maintenance and MAPK-linked growth signaling	2678	16	ETV4,ETV5,FGF10,FGF2,FGF8,FGF9,FGFR1,FGFR2,FGFR3,FRS2,MAP2K1,MAPK1,MAPK3,SPRY1,SPRY2,SPRY4	adaptor,effector,feedback,ligand,receptor,response	1.0	0.7708333333333334	0.078790141896938	0.06893922535943516	17	0.9411764705882353
GSE122357	Mus musculus	cerebellum	postnatal_cerebellar_age	P0	0.0	candidate_cerebellar_granule_only	notch_hes	Notch/HES	neurogenic_permissive	persistent neurogenic progenitor-state and differentiation timing control	2678	14	DLL1,DLL3,DLL4,HES1,HES5,HEY1,HEY2,JAG1,JAG2,LFNG,NOTCH1,NOTCH2,NOTCH3,RBPJ	effector,ligand,modulator,receptor,response	0.8333333333333333	0.7142857142857143	0.04312920089619115	0.0364477747324045	14	1.0
GSE122357	Mus musculus	cerebellum	postnatal_cerebellar_age	P0	0.0	candidate_cerebellar_granule_only	reelin_migration_stop	Reelin/migration-stop	differentiation_stop	lamination, migration-stop, and maturation positioning cues	2678	10	CDK5,CDK5R1,CRK,CRKL,DAB1,LRP8,PAFAH1B1,RAP1A,RELN,VLDLR	adaptor,effector,ligand,receptor	0.6666666666666666	0.6666666666666666	0.38237490664675133	0.3112946949036024	10	1.0
GSE122357	Mus musculus	cerebellum	postnatal_cerebellar_age	P0	0.0	candidate_cerebellar_granule_only	semaphorin_guidance	Semaphorin/plexin guidance	differentiation_stop	axon guidance, pruning, fasciculation, and local circuit architecture	2678	17	NRP1,NRP2,PLXNA1,PLXNA2,PLXNA3,PLXNA4,PLXNB1,PLXNC1,RAC1,RHOA,SEMA3A,SEMA3C,SEMA3E,SEMA5A,SEMA6A,SEMA6D,SEMA7A	coreceptor,effector,ligand,receptor	1.0	0.7647058823529411	0.0836445108289768	0.0635508169868984	17	1.0
GSE122357	Mus musculus	cerebellum	postnatal_cerebellar_age	P0	0.0	candidate_cerebellar_granule_only	shh_granule_expansion	SHH/PTCH/GLI	progenitor_expansion_or_regional_fate	cerebellar granule precursor expansion and regional fate context	2678	10	ATOH1,GLI1,GLI2,GLI3,HHIP,MYCN,PTCH1,PTCH2,SHH,SMO	effector,feedback,ligand,receptor,regional_fate,response	0.3333333333333333	0.4666666666666667	0.1355489171023151	0.11053502688302905	10	1.0
GSE122357	Mus musculus	cerebellum	postnatal_cerebellar_age	P0	0.0	candidate_cerebellar_granule_only	tgf_beta_smad	TGF-beta/SMAD	differentiation_stop	historical TGF-beta2-associated differentiation/stop signaling	2678	14	ID1,ID2,ID3,SMAD2,SMAD3,SMAD4,SMAD7,TGFB1,TGFB2,TGFB3,TGFBI,TGFBR1,TGFBR2,TGFBR3	effector,feedback,ligand,receptor,response	0.3333333333333333	0.5952380952380951	0.11165048543689315	0.10598948974891625	15	0.9333333333333333
GSE122357	Mus musculus	cerebellum	postnatal_cerebellar_age	P0	0.0	candidate_cerebellar_granule_only	wnt_beta_catenin	WNT/beta-catenin	neurogenic_permissive	dentate neurogenic permissive and granule fate signaling	2678	15	AXIN2,CTNNB1,DKK1,DKK3,FZD1,FZD3,FZD5,FZD7,LEF1,LRP5,LRP6,TCF7L2,WNT5A,WNT7A,WNT7B	antagonist,coreceptor,effector,feedback,ligand,modulator,receptor,response	1.0	0.711111111111111	0.0586258401792382	0.0472597600859438	16	0.9375
GSE122357	Mus musculus	cerebellum	postnatal_cerebellar_age	P8a	8.1	candidate_cerebellar_granule_only	bdnf_trkb_mapk	BDNF/TrkB/MAPK	differentiation_stop	historical BDNF/TrkB plus MAPK maturation pathway	2082	18	BDNF,CREB1,DUSP6,EGR1,ELK1,FOS,GRB2,JUN,MAP2K1,MAPK1,MAPK14,MAPK3,NGFR,NTRK2,RAF1,SHC1,SORT1,SOS1	adaptor,coreceptor,effector,feedback,ligand,receptor,response	1.0	0.8888888888888888	0.2221421709894332	0.16872478201413116	18	1.0
GSE122357	Mus musculus	cerebellum	postnatal_cerebellar_age	P8a	8.1	candidate_cerebellar_granule_only	bmp_smad	BMP/SMAD	differentiation_stop	BMP-associated differentiation and neurogenic brake signaling	2082	15	ACVR1,BMP2,BMP4,BMP7,BMPR1A,BMPR1B,BMPR2,ID1,ID2,ID3,ID4,NOG,SMAD1,SMAD5,SMAD9	antagonist,effector,ligand,receptor,response	1.0	0.7555555555555556	0.0557156580211335	0.0393981428325583	15	1.0
GSE122357	Mus musculus	cerebellum	postnatal_cerebellar_age	P8a	8.1	candidate_cerebellar_granule_only	fgf_mapk	FGF/MAPK	neurogenic_permissive	neurogenic niche maintenance and MAPK-linked growth signaling	2082	16	ETV4,ETV5,FGF10,FGF2,FGF8,FGF9,FGFR1,FGFR2,FGFR3,FRS2,MAP2K1,MAPK1,MAPK3,SPRY1,SPRY2,SPRY4	adaptor,effector,feedback,ligand,receptor,response	0.5	0.5833333333333333	0.03242074927953885	0.025148798581280052	17	0.9411764705882353
GSE122357	Mus musculus	cerebellum	postnatal_cerebellar_age	P8a	8.1	candidate_cerebellar_granule_only	notch_hes	Notch/HES	neurogenic_permissive	persistent neurogenic progenitor-state and differentiation timing control	2082	14	DLL1,DLL3,DLL4,HES1,HES5,HEY1,HEY2,JAG1,JAG2,LFNG,NOTCH1,NOTCH2,NOTCH3,RBPJ	effector,ligand,modulator,receptor,response	0.5	0.5952380952380951	0.026416906820365	0.02202522771966075	14	1.0
GSE122357	Mus musculus	cerebellum	postnatal_cerebellar_age	P8a	8.1	candidate_cerebellar_granule_only	reelin_migration_stop	Reelin/migration-stop	differentiation_stop	lamination, migration-stop, and maturation positioning cues	2082	10	CDK5,CDK5R1,CRK,CRKL,DAB1,LRP8,PAFAH1B1,RAP1A,RELN,VLDLR	adaptor,effector,ligand,receptor	1.0	0.8666666666666666	0.4457252641690682	0.38517791547671415	10	1.0
GSE122357	Mus musculus	cerebellum	postnatal_cerebellar_age	P8a	8.1	candidate_cerebellar_granule_only	semaphorin_guidance	Semaphorin/plexin guidance	differentiation_stop	axon guidance, pruning, fasciculation, and local circuit architecture	2082	17	NRP1,NRP2,PLXNA1,PLXNA2,PLXNA3,PLXNA4,PLXNB1,PLXNC1,RAC1,RHOA,SEMA3A,SEMA3C,SEMA3E,SEMA5A,SEMA6A,SEMA6D,SEMA7A	coreceptor,effector,ligand,receptor	0.6666666666666666	0.6862745098039216	0.0859750240153698	0.0694564405594204	17	1.0
GSE122357	Mus musculus	cerebellum	postnatal_cerebellar_age	P8a	8.1	candidate_cerebellar_granule_only	shh_granule_expansion	SHH/PTCH/GLI	progenitor_expansion_or_regional_fate	cerebellar granule precursor expansion and regional fate context	2082	10	ATOH1,GLI1,GLI2,GLI3,HHIP,MYCN,PTCH1,PTCH2,SHH,SMO	effector,feedback,ligand,receptor,regional_fate,response	0.6666666666666666	0.7666666666666666	0.19836695485110467	0.16228798436517694	10	1.0
GSE122357	Mus musculus	cerebellum	postnatal_cerebellar_age	P8a	8.1	candidate_cerebellar_granule_only	tgf_beta_smad	TGF-beta/SMAD	differentiation_stop	historical TGF-beta2-associated differentiation/stop signaling	2082	15	ID1,ID2,ID3,SERPINE1,SMAD2,SMAD3,SMAD4,SMAD7,TGFB1,TGFB2,TGFB3,TGFBI,TGFBR1,TGFBR2,TGFBR3	effector,feedback,ligand,receptor,response	0.6666666666666666	0.7444444444444444	0.0595581171950048	0.0569541419063445	15	1.0
GSE122357	Mus musculus	cerebellum	postnatal_cerebellar_age	P8a	8.1	candidate_cerebellar_granule_only	wnt_beta_catenin	WNT/beta-catenin	neurogenic_permissive	dentate neurogenic permissive and granule fate signaling	2082	14	AXIN2,CTNNB1,DKK3,FZD1,FZD3,FZD5,FZD7,LEF1,LRP5,LRP6,TCF7L2,WNT5A,WNT7A,WNT7B	coreceptor,effector,feedback,ligand,modulator,receptor,response	0.6666666666666666	0.6904761904761905	0.039625360230547496	0.0299821591183203	16	0.875
GSE122357	Mus musculus	cerebellum	postnatal_cerebellar_age	P8b	8.2	candidate_cerebellar_granule_only	bdnf_trkb_mapk	BDNF/TrkB/MAPK	differentiation_stop	historical BDNF/TrkB plus MAPK maturation pathway	2697	18	BDNF,CREB1,DUSP6,EGR1,ELK1,FOS,GRB2,JUN,MAP2K1,MAPK1,MAPK14,MAPK3,NGFR,NTRK2,RAF1,SHC1,SORT1,SOS1	adaptor,coreceptor,effector,feedback,ligand,receptor,response	0.6666666666666666	0.5555555555555556	0.2057842046718576	0.1540355742945772	18	1.0
GSE122357	Mus musculus	cerebellum	postnatal_cerebellar_age	P8b	8.2	candidate_cerebellar_granule_only	bmp_smad	BMP/SMAD	differentiation_stop	BMP-associated differentiation and neurogenic brake signaling	2697	15	ACVR1,BMP2,BMP4,BMP7,BMPR1A,BMPR1B,BMPR2,ID1,ID2,ID3,ID4,NOG,SMAD1,SMAD5,SMAD9	antagonist,effector,ligand,receptor,response	0.6666666666666666	0.6666666666666666	0.0511679644048943	0.0363689660978574	15	1.0
GSE122357	Mus musculus	cerebellum	postnatal_cerebellar_age	P8b	8.2	candidate_cerebellar_granule_only	fgf_mapk	FGF/MAPK	neurogenic_permissive	neurogenic niche maintenance and MAPK-linked growth signaling	2697	16	ETV4,ETV5,FGF10,FGF2,FGF8,FGF9,FGFR1,FGFR2,FGFR3,FRS2,MAP2K1,MAPK1,MAPK3,SPRY1,SPRY2,SPRY4	adaptor,effector,feedback,ligand,receptor,response	0.6666666666666666	0.6458333333333333	0.04523544679273265	0.03411639981927065	17	0.9411764705882353
GSE122357	Mus musculus	cerebellum	postnatal_cerebellar_age	P8b	8.2	candidate_cerebellar_granule_only	notch_hes	Notch/HES	neurogenic_permissive	persistent neurogenic progenitor-state and differentiation timing control	2697	14	DLL1,DLL3,DLL4,HES1,HES5,HEY1,HEY2,JAG1,JAG2,LFNG,NOTCH1,NOTCH2,NOTCH3,RBPJ	effector,ligand,modulator,receptor,response	0.6666666666666666	0.6904761904761905	0.032258064516129004	0.0255066739947404	14	1.0
GSE122357	Mus musculus	cerebellum	postnatal_cerebellar_age	P8b	8.2	candidate_cerebellar_granule_only	reelin_migration_stop	Reelin/migration-stop	differentiation_stop	lamination, migration-stop, and maturation positioning cues	2697	10	CDK5,CDK5R1,CRK,CRKL,DAB1,LRP8,PAFAH1B1,RAP1A,RELN,VLDLR	adaptor,effector,ligand,receptor	0.3333333333333333	0.4666666666666666	0.39599555061179087	0.32876501428827043	10	1.0
GSE122357	Mus musculus	cerebellum	postnatal_cerebellar_age	P8b	8.2	candidate_cerebellar_granule_only	semaphorin_guidance	Semaphorin/plexin guidance	differentiation_stop	axon guidance, pruning, fasciculation, and local circuit architecture	2697	17	NRP1,NRP2,PLXNA1,PLXNA2,PLXNA3,PLXNA4,PLXNB1,PLXNC1,RAC1,RHOA,SEMA3A,SEMA3C,SEMA3E,SEMA5A,SEMA6A,SEMA6D,SEMA7A	coreceptor,effector,ligand,receptor	0.6666666666666666	0.5490196078431372	0.0723025583982202	0.0565910162473053	17	1.0
GSE122357	Mus musculus	cerebellum	postnatal_cerebellar_age	P8b	8.2	candidate_cerebellar_granule_only	shh_granule_expansion	SHH/PTCH/GLI	progenitor_expansion_or_regional_fate	cerebellar granule precursor expansion and regional fate context	2697	10	ATOH1,GLI1,GLI2,GLI3,HHIP,MYCN,PTCH1,PTCH2,SHH,SMO	effector,feedback,ligand,receptor,regional_fate,response	0.6666666666666666	0.7666666666666666	0.21894697812384123	0.18043000351367255	10	1.0
GSE122357	Mus musculus	cerebellum	postnatal_cerebellar_age	P8b	8.2	candidate_cerebellar_granule_only	tgf_beta_smad	TGF-beta/SMAD	differentiation_stop	historical TGF-beta2-associated differentiation/stop signaling	2697	15	ID1,ID2,ID3,SERPINE1,SMAD2,SMAD3,SMAD4,SMAD7,TGFB1,TGFB2,TGFB3,TGFBI,TGFBR1,TGFBR2,TGFBR3	effector,feedback,ligand,receptor,response	0.6666666666666666	0.6666666666666666	0.0697070819428995	0.071774483206327	15	1.0
GSE122357	Mus musculus	cerebellum	postnatal_cerebellar_age	P8b	8.2	candidate_cerebellar_granule_only	wnt_beta_catenin	WNT/beta-catenin	neurogenic_permissive	dentate neurogenic permissive and granule fate signaling	2697	14	AXIN2,CTNNB1,DKK3,FZD1,FZD3,FZD5,FZD7,LEF1,LRP5,LRP6,TCF7L2,WNT5A,WNT7A,WNT7B	coreceptor,effector,feedback,ligand,modulator,receptor,response	0.6666666666666666	0.619047619047619	0.03967371153133105	0.0299102059807993	16	0.875
GSE214309	Mus musculus	dentate_gyrus	adult_dentate_activity_maturation_state	immature_1hr	0.0	adult_DGC_maturation_activity_state	bdnf_trkb_mapk	BDNF/TrkB/MAPK	differentiation_stop	historical BDNF/TrkB plus MAPK maturation pathway	63	18	BDNF,CREB1,DUSP6,EGR1,ELK1,FOS,GRB2,JUN,MAP2K1,MAPK1,MAPK14,MAPK3,NGFR,NTRK2,RAF1,SHC1,SORT1,SOS1	adaptor,coreceptor,effector,feedback,ligand,receptor,response	0.375	0.4027777777777778	0.21428571428571427	0.6220103310386318	18	1.0
GSE214309	Mus musculus	dentate_gyrus	adult_dentate_activity_maturation_state	immature_1hr	0.0	adult_DGC_maturation_activity_state	bmp_smad	BMP/SMAD	differentiation_stop	BMP-associated differentiation and neurogenic brake signaling	63	15	ACVR1,BMP2,BMP4,BMP7,BMPR1A,BMPR1B,BMPR2,ID1,ID2,ID3,ID4,NOG,SMAD1,SMAD5,SMAD9	antagonist,effector,ligand,receptor,response	0.4375	0.3875	0.031746031746031744	0.10072020902066262	15	1.0
GSE214309	Mus musculus	dentate_gyrus	adult_dentate_activity_maturation_state	immature_1hr	0.0	adult_DGC_maturation_activity_state	fgf_mapk	FGF/MAPK	neurogenic_permissive	neurogenic niche maintenance and MAPK-linked growth signaling	63	17	ETV4,ETV5,FGF10,FGF17,FGF2,FGF8,FGF9,FGFR1,FGFR2,FGFR3,FRS2,MAP2K1,MAPK1,MAPK3,SPRY1,SPRY2,SPRY4	adaptor,effector,feedback,ligand,receptor,response	0.4375	0.4338235294117647	0.031746031746031744	0.05088385876729856	17	1.0
GSE214309	Mus musculus	dentate_gyrus	adult_dentate_activity_maturation_state	immature_1hr	0.0	adult_DGC_maturation_activity_state	notch_hes	Notch/HES	neurogenic_permissive	persistent neurogenic progenitor-state and differentiation timing control	63	14	DLL1,DLL3,DLL4,HES1,HES5,HEY1,HEY2,JAG1,JAG2,LFNG,NOTCH1,NOTCH2,NOTCH3,RBPJ	effector,ligand,modulator,receptor,response	0.5	0.5491071428571429	0.007936507936507936	0.008719145148159602	14	1.0
GSE214309	Mus musculus	dentate_gyrus	adult_dentate_activity_maturation_state	immature_1hr	0.0	adult_DGC_maturation_activity_state	reelin_migration_stop	Reelin/migration-stop	differentiation_stop	lamination, migration-stop, and maturation positioning cues	63	10	CDK5,CDK5R1,CRK,CRKL,DAB1,LRP8,PAFAH1B1,RAP1A,RELN,VLDLR	adaptor,effector,ligand,receptor	0.5625	0.5	0.32539682539682535	0.7919341991323141	10	1.0
GSE214309	Mus musculus	dentate_gyrus	adult_dentate_activity_maturation_state	immature_1hr	0.0	adult_DGC_maturation_activity_state	semaphorin_guidance	Semaphorin/plexin guidance	differentiation_stop	axon guidance, pruning, fasciculation, and local circuit architecture	63	17	NRP1,NRP2,PLXNA1,PLXNA2,PLXNA3,PLXNA4,PLXNB1,PLXNC1,RAC1,RHOA,SEMA3A,SEMA3C,SEMA3E,SEMA5A,SEMA6A,SEMA6D,SEMA7A	coreceptor,effector,ligand,receptor	0.375	0.41911764705882354	0.23809523809523808	0.4751646672452322	17	1.0
GSE214309	Mus musculus	dentate_gyrus	adult_dentate_activity_maturation_state	immature_1hr	0.0	adult_DGC_maturation_activity_state	shh_granule_expansion	SHH/PTCH/GLI	progenitor_expansion_or_regional_fate	cerebellar granule precursor expansion and regional fate context	63	10	ATOH1,GLI1,GLI2,GLI3,HHIP,MYCN,PTCH1,PTCH2,SHH,SMO	effector,feedback,ligand,receptor,regional_fate,response	0.5	0.48125	0.0	0.0	10	1.0
GSE214309	Mus musculus	dentate_gyrus	adult_dentate_activity_maturation_state	immature_1hr	0.0	adult_DGC_maturation_activity_state	tgf_beta_smad	TGF-beta/SMAD	differentiation_stop	historical TGF-beta2-associated differentiation/stop signaling	63	15	ID1,ID2,ID3,SERPINE1,SMAD2,SMAD3,SMAD4,SMAD7,TGFB1,TGFB2,TGFB3,TGFBI,TGFBR1,TGFBR2,TGFBR3	effector,feedback,ligand,receptor,response	0.4375	0.4166666666666667	0.015873015873015872	0.042984923827019204	15	1.0
GSE214309	Mus musculus	dentate_gyrus	adult_dentate_activity_maturation_state	immature_1hr	0.0	adult_DGC_maturation_activity_state	wnt_beta_catenin	WNT/beta-catenin	neurogenic_permissive	dentate neurogenic permissive and granule fate signaling	63	16	AXIN2,CTNNB1,DKK1,DKK3,FZD1,FZD3,FZD5,FZD7,LEF1,LRP5,LRP6,TCF7L2,WNT3A,WNT5A,WNT7A,WNT7B	antagonist,coreceptor,effector,feedback,ligand,modulator,receptor,response	0.5	0.49609375	0.06349206349206349	0.1461440018047513	16	1.0
GSE214309	Mus musculus	dentate_gyrus	adult_dentate_activity_maturation_state	immatureactive_1hr	1.0	adult_DGC_maturation_activity_state	bdnf_trkb_mapk	BDNF/TrkB/MAPK	differentiation_stop	historical BDNF/TrkB plus MAPK maturation pathway	42	18	BDNF,CREB1,DUSP6,EGR1,ELK1,FOS,GRB2,JUN,MAP2K1,MAPK1,MAPK14,MAPK3,NGFR,NTRK2,RAF1,SHC1,SORT1,SOS1	adaptor,coreceptor,effector,feedback,ligand,receptor,response	0.375	0.4513888888888889	0.20238095238095238	0.5361904350324495	18	1.0
GSE214309	Mus musculus	dentate_gyrus	adult_dentate_activity_maturation_state	immatureactive_1hr	1.0	adult_DGC_maturation_activity_state	bmp_smad	BMP/SMAD	differentiation_stop	BMP-associated differentiation and neurogenic brake signaling	42	15	ACVR1,BMP2,BMP4,BMP7,BMPR1A,BMPR1B,BMPR2,ID1,ID2,ID3,ID4,NOG,SMAD1,SMAD5,SMAD9	antagonist,effector,ligand,receptor,response	0.5	0.5333333333333333	0.047619047619047616	0.08660919427919966	15	1.0
GSE214309	Mus musculus	dentate_gyrus	adult_dentate_activity_maturation_state	immatureactive_1hr	1.0	adult_DGC_maturation_activity_state	fgf_mapk	FGF/MAPK	neurogenic_permissive	neurogenic niche maintenance and MAPK-linked growth signaling	42	17	ETV4,ETV5,FGF10,FGF17,FGF2,FGF8,FGF9,FGFR1,FGFR2,FGFR3,FRS2,MAP2K1,MAPK1,MAPK3,SPRY1,SPRY2,SPRY4	adaptor,effector,feedback,ligand,receptor,response	0.5	0.48161764705882354	0.023809523809523808	0.09314340489114634	17	1.0
GSE214309	Mus musculus	dentate_gyrus	adult_dentate_activity_maturation_state	immatureactive_1hr	1.0	adult_DGC_maturation_activity_state	notch_hes	Notch/HES	neurogenic_permissive	persistent neurogenic progenitor-state and differentiation timing control	42	14	DLL1,DLL3,DLL4,HES1,HES5,HEY1,HEY2,JAG1,JAG2,LFNG,NOTCH1,NOTCH2,NOTCH3,RBPJ	effector,ligand,modulator,receptor,response	0.46875	0.4955357142857143	0.011904761904761904	0.016503504299046318	14	1.0
GSE214309	Mus musculus	dentate_gyrus	adult_dentate_activity_maturation_state	immatureactive_1hr	1.0	adult_DGC_maturation_activity_state	reelin_migration_stop	Reelin/migration-stop	differentiation_stop	lamination, migration-stop, and maturation positioning cues	42	10	CDK5,CDK5R1,CRK,CRKL,DAB1,LRP8,PAFAH1B1,RAP1A,RELN,VLDLR	adaptor,effector,ligand,receptor	0.28125	0.31875	0.20238095238095238	0.535265855877495	10	1.0
GSE214309	Mus musculus	dentate_gyrus	adult_dentate_activity_maturation_state	immatureactive_1hr	1.0	adult_DGC_maturation_activity_state	semaphorin_guidance	Semaphorin/plexin guidance	differentiation_stop	axon guidance, pruning, fasciculation, and local circuit architecture	42	17	NRP1,NRP2,PLXNA1,PLXNA2,PLXNA3,PLXNA4,PLXNB1,PLXNC1,RAC1,RHOA,SEMA3A,SEMA3C,SEMA3E,SEMA5A,SEMA6A,SEMA6D,SEMA7A	coreceptor,effector,ligand,receptor	0.3125	0.3639705882352941	0.23809523809523808	0.374042980818291	17	1.0
GSE214309	Mus musculus	dentate_gyrus	adult_dentate_activity_maturation_state	immatureactive_1hr	1.0	adult_DGC_maturation_activity_state	shh_granule_expansion	SHH/PTCH/GLI	progenitor_expansion_or_regional_fate	cerebellar granule precursor expansion and regional fate context	42	10	ATOH1,GLI1,GLI2,GLI3,HHIP,MYCN,PTCH1,PTCH2,SHH,SMO	effector,feedback,ligand,receptor,regional_fate,response	0.46875	0.4	0.0	0.0	10	1.0
GSE214309	Mus musculus	dentate_gyrus	adult_dentate_activity_maturation_state	immatureactive_1hr	1.0	adult_DGC_maturation_activity_state	tgf_beta_smad	TGF-beta/SMAD	differentiation_stop	historical TGF-beta2-associated differentiation/stop signaling	42	15	ID1,ID2,ID3,SERPINE1,SMAD2,SMAD3,SMAD4,SMAD7,TGFB1,TGFB2,TGFB3,TGFBI,TGFBR1,TGFBR2,TGFBR3	effector,feedback,ligand,receptor,response	0.5625	0.5583333333333333	0.023809523809523808	0.08660919427919966	15	1.0
GSE214309	Mus musculus	dentate_gyrus	adult_dentate_activity_maturation_state	immatureactive_1hr	1.0	adult_DGC_maturation_activity_state	wnt_beta_catenin	WNT/beta-catenin	neurogenic_permissive	dentate neurogenic permissive and granule fate signaling	42	16	AXIN2,CTNNB1,DKK1,DKK3,FZD1,FZD3,FZD5,FZD7,LEF1,LRP5,LRP6,TCF7L2,WNT3A,WNT5A,WNT7A,WNT7B	antagonist,coreceptor,effector,feedback,ligand,modulator,receptor,response	0.3125	0.43359375	0.03571428571428571	0.09315246034146143	16	1.0
GSE214309	Mus musculus	dentate_gyrus	adult_dentate_activity_maturation_state	mature_1hr	2.0	adult_DGC_maturation_activity_state	bdnf_trkb_mapk	BDNF/TrkB/MAPK	differentiation_stop	historical BDNF/TrkB plus MAPK maturation pathway	44	18	BDNF,CREB1,DUSP6,EGR1,ELK1,FOS,GRB2,JUN,MAP2K1,MAPK1,MAPK14,MAPK3,NGFR,NTRK2,RAF1,SHC1,SORT1,SOS1	adaptor,coreceptor,effector,feedback,ligand,receptor,response	0.5	0.4583333333333333	0.17045454545454547	0.694195144237719	18	1.0
GSE214309	Mus musculus	dentate_gyrus	adult_dentate_activity_maturation_state	mature_1hr	2.0	adult_DGC_maturation_activity_state	bmp_smad	BMP/SMAD	differentiation_stop	BMP-associated differentiation and neurogenic brake signaling	44	15	ACVR1,BMP2,BMP4,BMP7,BMPR1A,BMPR1B,BMPR2,ID1,ID2,ID3,ID4,NOG,SMAD1,SMAD5,SMAD9	antagonist,effector,ligand,receptor,response	0.5	0.5208333333333334	0.045454545454545456	0.13594123207396547	15	1.0
GSE214309	Mus musculus	dentate_gyrus	adult_dentate_activity_maturation_state	mature_1hr	2.0	adult_DGC_maturation_activity_state	fgf_mapk	FGF/MAPK	neurogenic_permissive	neurogenic niche maintenance and MAPK-linked growth signaling	44	17	ETV4,ETV5,FGF10,FGF17,FGF2,FGF8,FGF9,FGFR1,FGFR2,FGFR3,FRS2,MAP2K1,MAPK1,MAPK3,SPRY1,SPRY2,SPRY4	adaptor,effector,feedback,ligand,receptor,response	0.5	0.5220588235294118	0.045454545454545456	0.1210560774991905	17	1.0
GSE214309	Mus musculus	dentate_gyrus	adult_dentate_activity_maturation_state	mature_1hr	2.0	adult_DGC_maturation_activity_state	notch_hes	Notch/HES	neurogenic_permissive	persistent neurogenic progenitor-state and differentiation timing control	44	14	DLL1,DLL3,DLL4,HES1,HES5,HEY1,HEY2,JAG1,JAG2,LFNG,NOTCH1,NOTCH2,NOTCH3,RBPJ	effector,ligand,modulator,receptor,response	0.5	0.5491071428571429	0.022727272727272728	0.04574263284926306	14	1.0
GSE214309	Mus musculus	dentate_gyrus	adult_dentate_activity_maturation_state	mature_1hr	2.0	adult_DGC_maturation_activity_state	reelin_migration_stop	Reelin/migration-stop	differentiation_stop	lamination, migration-stop, and maturation positioning cues	44	10	CDK5,CDK5R1,CRK,CRKL,DAB1,LRP8,PAFAH1B1,RAP1A,RELN,VLDLR	adaptor,effector,ligand,receptor	0.625	0.58125	0.28409090909090906	0.9582391865903263	10	1.0
GSE214309	Mus musculus	dentate_gyrus	adult_dentate_activity_maturation_state	mature_1hr	2.0	adult_DGC_maturation_activity_state	semaphorin_guidance	Semaphorin/plexin guidance	differentiation_stop	axon guidance, pruning, fasciculation, and local circuit architecture	44	17	NRP1,NRP2,PLXNA1,PLXNA2,PLXNA3,PLXNA4,PLXNB1,PLXNC1,RAC1,RHOA,SEMA3A,SEMA3C,SEMA3E,SEMA5A,SEMA6A,SEMA6D,SEMA7A	coreceptor,effector,ligand,receptor	0.375	0.4411764705882353	0.25	0.5519772638609003	17	1.0
GSE214309	Mus musculus	dentate_gyrus	adult_dentate_activity_maturation_state	mature_1hr	2.0	adult_DGC_maturation_activity_state	shh_granule_expansion	SHH/PTCH/GLI	progenitor_expansion_or_regional_fate	cerebellar granule precursor expansion and regional fate context	44	10	ATOH1,GLI1,GLI2,GLI3,HHIP,MYCN,PTCH1,PTCH2,SHH,SMO	effector,feedback,ligand,receptor,regional_fate,response	0.53125	0.6	0.011363636363636364	0.006679393919342262	10	1.0
GSE214309	Mus musculus	dentate_gyrus	adult_dentate_activity_maturation_state	mature_1hr	2.0	adult_DGC_maturation_activity_state	tgf_beta_smad	TGF-beta/SMAD	differentiation_stop	historical TGF-beta2-associated differentiation/stop signaling	44	15	ID1,ID2,ID3,SERPINE1,SMAD2,SMAD3,SMAD4,SMAD7,TGFB1,TGFB2,TGFB3,TGFBI,TGFBR1,TGFBR2,TGFBR3	effector,feedback,ligand,receptor,response	0.5625	0.5	0.022727272727272728	0.01575334501272603	15	1.0
GSE214309	Mus musculus	dentate_gyrus	adult_dentate_activity_maturation_state	mature_1hr	2.0	adult_DGC_maturation_activity_state	wnt_beta_catenin	WNT/beta-catenin	neurogenic_permissive	dentate neurogenic permissive and granule fate signaling	44	16	AXIN2,CTNNB1,DKK1,DKK3,FZD1,FZD3,FZD5,FZD7,LEF1,LRP5,LRP6,TCF7L2,WNT3A,WNT5A,WNT7A,WNT7B	antagonist,coreceptor,effector,feedback,ligand,modulator,receptor,response	0.4375	0.515625	0.06818181818181818	0.12970360933703573	16	1.0
GSE214309	Mus musculus	dentate_gyrus	adult_dentate_activity_maturation_state	matureactive_1hr	3.0	adult_DGC_maturation_activity_state	bdnf_trkb_mapk	BDNF/TrkB/MAPK	differentiation_stop	historical BDNF/TrkB plus MAPK maturation pathway	61	18	BDNF,CREB1,DUSP6,EGR1,ELK1,FOS,GRB2,JUN,MAP2K1,MAPK1,MAPK14,MAPK3,NGFR,NTRK2,RAF1,SHC1,SORT1,SOS1	adaptor,coreceptor,effector,feedback,ligand,receptor,response	0.4375	0.5138888888888888	0.1885245901639344	0.6015471804202308	18	1.0
GSE214309	Mus musculus	dentate_gyrus	adult_dentate_activity_maturation_state	matureactive_1hr	3.0	adult_DGC_maturation_activity_state	bmp_smad	BMP/SMAD	differentiation_stop	BMP-associated differentiation and neurogenic brake signaling	61	15	ACVR1,BMP2,BMP4,BMP7,BMPR1A,BMPR1B,BMPR2,ID1,ID2,ID3,ID4,NOG,SMAD1,SMAD5,SMAD9	antagonist,effector,ligand,receptor,response	0.4375	0.4375	0.01639344262295082	0.017454274376925052	15	1.0
GSE214309	Mus musculus	dentate_gyrus	adult_dentate_activity_maturation_state	matureactive_1hr	3.0	adult_DGC_maturation_activity_state	fgf_mapk	FGF/MAPK	neurogenic_permissive	neurogenic niche maintenance and MAPK-linked growth signaling	61	17	ETV4,ETV5,FGF10,FGF17,FGF2,FGF8,FGF9,FGFR1,FGFR2,FGFR3,FRS2,MAP2K1,MAPK1,MAPK3,SPRY1,SPRY2,SPRY4	adaptor,effector,feedback,ligand,receptor,response	0.5	0.49264705882352944	0.04918032786885246	0.06949277149177913	17	1.0
GSE214309	Mus musculus	dentate_gyrus	adult_dentate_activity_maturation_state	matureactive_1hr	3.0	adult_DGC_maturation_activity_state	notch_hes	Notch/HES	neurogenic_permissive	persistent neurogenic progenitor-state and differentiation timing control	61	14	DLL1,DLL3,DLL4,HES1,HES5,HEY1,HEY2,JAG1,JAG2,LFNG,NOTCH1,NOTCH2,NOTCH3,RBPJ	effector,ligand,modulator,receptor,response	0.375	0.4375	0.0	0.0	14	1.0
GSE214309	Mus musculus	dentate_gyrus	adult_dentate_activity_maturation_state	matureactive_1hr	3.0	adult_DGC_maturation_activity_state	reelin_migration_stop	Reelin/migration-stop	differentiation_stop	lamination, migration-stop, and maturation positioning cues	61	10	CDK5,CDK5R1,CRK,CRKL,DAB1,LRP8,PAFAH1B1,RAP1A,RELN,VLDLR	adaptor,effector,ligand,receptor	0.25	0.3375	0.1721311475409836	0.3441164073452124	10	1.0
GSE214309	Mus musculus	dentate_gyrus	adult_dentate_activity_maturation_state	matureactive_1hr	3.0	adult_DGC_maturation_activity_state	semaphorin_guidance	Semaphorin/plexin guidance	differentiation_stop	axon guidance, pruning, fasciculation, and local circuit architecture	61	17	NRP1,NRP2,PLXNA1,PLXNA2,PLXNA3,PLXNA4,PLXNB1,PLXNC1,RAC1,RHOA,SEMA3A,SEMA3C,SEMA3E,SEMA5A,SEMA6A,SEMA6D,SEMA7A	coreceptor,effector,ligand,receptor	0.25	0.3272058823529412	0.26229508196721313	0.5092113740613108	17	1.0
GSE214309	Mus musculus	dentate_gyrus	adult_dentate_activity_maturation_state	matureactive_1hr	3.0	adult_DGC_maturation_activity_state	shh_granule_expansion	SHH/PTCH/GLI	progenitor_expansion_or_regional_fate	cerebellar granule precursor expansion and regional fate context	61	10	ATOH1,GLI1,GLI2,GLI3,HHIP,MYCN,PTCH1,PTCH2,SHH,SMO	effector,feedback,ligand,receptor,regional_fate,response	0.5	0.525	0.0	0.0	10	1.0
GSE214309	Mus musculus	dentate_gyrus	adult_dentate_activity_maturation_state	matureactive_1hr	3.0	adult_DGC_maturation_activity_state	tgf_beta_smad	TGF-beta/SMAD	differentiation_stop	historical TGF-beta2-associated differentiation/stop signaling	61	15	ID1,ID2,ID3,SERPINE1,SMAD2,SMAD3,SMAD4,SMAD7,TGFB1,TGFB2,TGFB3,TGFBI,TGFBR1,TGFBR2,TGFBR3	effector,feedback,ligand,receptor,response	0.4375	0.49166666666666664	0.01639344262295082	0.02272613706753919	15	1.0
GSE214309	Mus musculus	dentate_gyrus	adult_dentate_activity_maturation_state	matureactive_1hr	3.0	adult_DGC_maturation_activity_state	wnt_beta_catenin	WNT/beta-catenin	neurogenic_permissive	dentate neurogenic permissive and granule fate signaling	61	16	AXIN2,CTNNB1,DKK1,DKK3,FZD1,FZD3,FZD5,FZD7,LEF1,LRP5,LRP6,TCF7L2,WNT3A,WNT5A,WNT7A,WNT7B	antagonist,coreceptor,effector,feedback,ligand,modulator,receptor,response	0.4375	0.48046875	0.04098360655737705	0.09582799081039144	16	1.0
GSE214309	Mus musculus	dentate_gyrus	adult_dentate_activity_maturation_state	immature_4hr	4.0	adult_DGC_maturation_activity_state	bdnf_trkb_mapk	BDNF/TrkB/MAPK	differentiation_stop	historical BDNF/TrkB plus MAPK maturation pathway	61	18	BDNF,CREB1,DUSP6,EGR1,ELK1,FOS,GRB2,JUN,MAP2K1,MAPK1,MAPK14,MAPK3,NGFR,NTRK2,RAF1,SHC1,SORT1,SOS1	adaptor,coreceptor,effector,feedback,ligand,receptor,response	0.625	0.5972222222222222	0.22950819672131148	0.7230872342801289	18	1.0
GSE214309	Mus musculus	dentate_gyrus	adult_dentate_activity_maturation_state	immature_4hr	4.0	adult_DGC_maturation_activity_state	bmp_smad	BMP/SMAD	differentiation_stop	BMP-associated differentiation and neurogenic brake signaling	61	15	ACVR1,BMP2,BMP4,BMP7,BMPR1A,BMPR1B,BMPR2,ID1,ID2,ID3,ID4,NOG,SMAD1,SMAD5,SMAD9	antagonist,effector,ligand,receptor,response	0.5625	0.55	0.01639344262295082	0.03627312107321408	15	1.0
GSE214309	Mus musculus	dentate_gyrus	adult_dentate_activity_maturation_state	immature_4hr	4.0	adult_DGC_maturation_activity_state	fgf_mapk	FGF/MAPK	neurogenic_permissive	neurogenic niche maintenance and MAPK-linked growth signaling	61	17	ETV4,ETV5,FGF10,FGF17,FGF2,FGF8,FGF9,FGFR1,FGFR2,FGFR3,FRS2,MAP2K1,MAPK1,MAPK3,SPRY1,SPRY2,SPRY4	adaptor,effector,feedback,ligand,receptor,response	0.5625	0.6286764705882353	0.03278688524590164	0.14420061583827748	17	1.0
GSE214309	Mus musculus	dentate_gyrus	adult_dentate_activity_maturation_state	immature_4hr	4.0	adult_DGC_maturation_activity_state	notch_hes	Notch/HES	neurogenic_permissive	persistent neurogenic progenitor-state and differentiation timing control	61	14	DLL1,DLL3,DLL4,HES1,HES5,HEY1,HEY2,JAG1,JAG2,LFNG,NOTCH1,NOTCH2,NOTCH3,RBPJ	effector,ligand,modulator,receptor,response	0.5625	0.6383928571428571	0.02459016393442623	0.07915088089840391	14	1.0
GSE214309	Mus musculus	dentate_gyrus	adult_dentate_activity_maturation_state	immature_4hr	4.0	adult_DGC_maturation_activity_state	reelin_migration_stop	Reelin/migration-stop	differentiation_stop	lamination, migration-stop, and maturation positioning cues	61	10	CDK5,CDK5R1,CRK,CRKL,DAB1,LRP8,PAFAH1B1,RAP1A,RELN,VLDLR	adaptor,effector,ligand,receptor	0.75	0.7375	0.3442622950819672	1.030654458792849	10	1.0
GSE214309	Mus musculus	dentate_gyrus	adult_dentate_activity_maturation_state	immature_4hr	4.0	adult_DGC_maturation_activity_state	semaphorin_guidance	Semaphorin/plexin guidance	differentiation_stop	axon guidance, pruning, fasciculation, and local circuit architecture	61	17	NRP1,NRP2,PLXNA1,PLXNA2,PLXNA3,PLXNA4,PLXNB1,PLXNC1,RAC1,RHOA,SEMA3A,SEMA3C,SEMA3E,SEMA5A,SEMA6A,SEMA6D,SEMA7A	coreceptor,effector,ligand,receptor	0.75	0.7867647058823529	0.36065573770491804	1.027929739875662	17	1.0
GSE214309	Mus musculus	dentate_gyrus	adult_dentate_activity_maturation_state	immature_4hr	4.0	adult_DGC_maturation_activity_state	shh_granule_expansion	SHH/PTCH/GLI	progenitor_expansion_or_regional_fate	cerebellar granule precursor expansion and regional fate context	61	10	ATOH1,GLI1,GLI2,GLI3,HHIP,MYCN,PTCH1,PTCH2,SHH,SMO	effector,feedback,ligand,receptor,regional_fate,response	0.59375	0.6875	0.01639344262295082	0.011363068533769595	10	1.0
GSE214309	Mus musculus	dentate_gyrus	adult_dentate_activity_maturation_state	immature_4hr	4.0	adult_DGC_maturation_activity_state	tgf_beta_smad	TGF-beta/SMAD	differentiation_stop	historical TGF-beta2-associated differentiation/stop signaling	61	15	ID1,ID2,ID3,SERPINE1,SMAD2,SMAD3,SMAD4,SMAD7,TGFB1,TGFB2,TGFB3,TGFBI,TGFBR1,TGFBR2,TGFBR3	effector,feedback,ligand,receptor,response	0.5625	0.6166666666666667	0.03278688524590164	0.04545227413507838	15	1.0
GSE214309	Mus musculus	dentate_gyrus	adult_dentate_activity_maturation_state	immature_4hr	4.0	adult_DGC_maturation_activity_state	wnt_beta_catenin	WNT/beta-catenin	neurogenic_permissive	dentate neurogenic permissive and granule fate signaling	61	16	AXIN2,CTNNB1,DKK1,DKK3,FZD1,FZD3,FZD5,FZD7,LEF1,LRP5,LRP6,TCF7L2,WNT3A,WNT5A,WNT7A,WNT7B	antagonist,coreceptor,effector,feedback,ligand,modulator,receptor,response	0.75	0.65234375	0.06557377049180327	0.14996817230582052	16	1.0
GSE214309	Mus musculus	dentate_gyrus	adult_dentate_activity_maturation_state	immatureactive_4hr	5.0	adult_DGC_maturation_activity_state	bdnf_trkb_mapk	BDNF/TrkB/MAPK	differentiation_stop	historical BDNF/TrkB plus MAPK maturation pathway	32	18	BDNF,CREB1,DUSP6,EGR1,ELK1,FOS,GRB2,JUN,MAP2K1,MAPK1,MAPK14,MAPK3,NGFR,NTRK2,RAF1,SHC1,SORT1,SOS1	adaptor,coreceptor,effector,feedback,ligand,receptor,response	0.75	0.6527777777777778	0.296875	0.8417069378495984	18	1.0
GSE214309	Mus musculus	dentate_gyrus	adult_dentate_activity_maturation_state	immatureactive_4hr	5.0	adult_DGC_maturation_activity_state	bmp_smad	BMP/SMAD	differentiation_stop	BMP-associated differentiation and neurogenic brake signaling	32	15	ACVR1,BMP2,BMP4,BMP7,BMPR1A,BMPR1B,BMPR2,ID1,ID2,ID3,ID4,NOG,SMAD1,SMAD5,SMAD9	antagonist,effector,ligand,receptor,response	0.75	0.7291666666666666	0.0625	0.05599248341337672	15	1.0
GSE214309	Mus musculus	dentate_gyrus	adult_dentate_activity_maturation_state	immatureactive_4hr	5.0	adult_DGC_maturation_activity_state	fgf_mapk	FGF/MAPK	neurogenic_permissive	neurogenic niche maintenance and MAPK-linked growth signaling	32	17	ETV4,ETV5,FGF10,FGF17,FGF2,FGF8,FGF9,FGFR1,FGFR2,FGFR3,FRS2,MAP2K1,MAPK1,MAPK3,SPRY1,SPRY2,SPRY4	adaptor,effector,feedback,ligand,receptor,response	1.0	0.8161764705882353	0.0625	0.2558835115921206	17	1.0
GSE214309	Mus musculus	dentate_gyrus	adult_dentate_activity_maturation_state	immatureactive_4hr	5.0	adult_DGC_maturation_activity_state	notch_hes	Notch/HES	neurogenic_permissive	persistent neurogenic progenitor-state and differentiation timing control	32	14	DLL1,DLL3,DLL4,HES1,HES5,HEY1,HEY2,JAG1,JAG2,LFNG,NOTCH1,NOTCH2,NOTCH3,RBPJ	effector,ligand,modulator,receptor,response	0.40625	0.4642857142857143	0.0	0.0	14	1.0
GSE214309	Mus musculus	dentate_gyrus	adult_dentate_activity_maturation_state	immatureactive_4hr	5.0	adult_DGC_maturation_activity_state	reelin_migration_stop	Reelin/migration-stop	differentiation_stop	lamination, migration-stop, and maturation positioning cues	32	10	CDK5,CDK5R1,CRK,CRKL,DAB1,LRP8,PAFAH1B1,RAP1A,RELN,VLDLR	adaptor,effector,ligand,receptor	0.5625	0.60625	0.234375	0.8059585569569259	10	1.0
GSE214309	Mus musculus	dentate_gyrus	adult_dentate_activity_maturation_state	immatureactive_4hr	5.0	adult_DGC_maturation_activity_state	semaphorin_guidance	Semaphorin/plexin guidance	differentiation_stop	axon guidance, pruning, fasciculation, and local circuit architecture	32	17	NRP1,NRP2,PLXNA1,PLXNA2,PLXNA3,PLXNA4,PLXNB1,PLXNC1,RAC1,RHOA,SEMA3A,SEMA3C,SEMA3E,SEMA5A,SEMA6A,SEMA6D,SEMA7A	coreceptor,effector,ligand,receptor	0.75	0.7757352941176471	0.375	0.7681855792656979	17	1.0
GSE214309	Mus musculus	dentate_gyrus	adult_dentate_activity_maturation_state	immatureactive_4hr	5.0	adult_DGC_maturation_activity_state	shh_granule_expansion	SHH/PTCH/GLI	progenitor_expansion_or_regional_fate	cerebellar granule precursor expansion and regional fate context	32	10	ATOH1,GLI1,GLI2,GLI3,HHIP,MYCN,PTCH1,PTCH2,SHH,SMO	effector,feedback,ligand,receptor,regional_fate,response	0.53125	0.61875	0.0	0.0	10	1.0
GSE214309	Mus musculus	dentate_gyrus	adult_dentate_activity_maturation_state	immatureactive_4hr	5.0	adult_DGC_maturation_activity_state	tgf_beta_smad	TGF-beta/SMAD	differentiation_stop	historical TGF-beta2-associated differentiation/stop signaling	32	15	ID1,ID2,ID3,SERPINE1,SMAD2,SMAD3,SMAD4,SMAD7,TGFB1,TGFB2,TGFB3,TGFBI,TGFBR1,TGFBR2,TGFBR3	effector,feedback,ligand,receptor,response	0.75	0.6875	0.0625	0.15636493167277365	15	1.0
GSE214309	Mus musculus	dentate_gyrus	adult_dentate_activity_maturation_state	immatureactive_4hr	5.0	adult_DGC_maturation_activity_state	wnt_beta_catenin	WNT/beta-catenin	neurogenic_permissive	dentate neurogenic permissive and granule fate signaling	32	16	AXIN2,CTNNB1,DKK1,DKK3,FZD1,FZD3,FZD5,FZD7,LEF1,LRP5,LRP6,TCF7L2,WNT3A,WNT5A,WNT7A,WNT7B	antagonist,coreceptor,effector,feedback,ligand,modulator,receptor,response	0.53125	0.53125	0.0625	0.12364327520111251	16	1.0
GSE214309	Mus musculus	dentate_gyrus	adult_dentate_activity_maturation_state	mature_4hr	6.0	adult_DGC_maturation_activity_state	bdnf_trkb_mapk	BDNF/TrkB/MAPK	differentiation_stop	historical BDNF/TrkB plus MAPK maturation pathway	44	18	BDNF,CREB1,DUSP6,EGR1,ELK1,FOS,GRB2,JUN,MAP2K1,MAPK1,MAPK14,MAPK3,NGFR,NTRK2,RAF1,SHC1,SORT1,SOS1	adaptor,coreceptor,effector,feedback,ligand,receptor,response	0.8125	0.7361111111111112	0.2954545454545454	1.0366722344788828	18	1.0
GSE214309	Mus musculus	dentate_gyrus	adult_dentate_activity_maturation_state	mature_4hr	6.0	adult_DGC_maturation_activity_state	bmp_smad	BMP/SMAD	differentiation_stop	BMP-associated differentiation and neurogenic brake signaling	44	15	ACVR1,BMP2,BMP4,BMP7,BMPR1A,BMPR1B,BMPR2,ID1,ID2,ID3,ID4,NOG,SMAD1,SMAD5,SMAD9	antagonist,effector,ligand,receptor,response	0.625	0.6583333333333333	0.022727272727272728	0.11279192341499789	15	1.0
GSE214309	Mus musculus	dentate_gyrus	adult_dentate_activity_maturation_state	mature_4hr	6.0	adult_DGC_maturation_activity_state	fgf_mapk	FGF/MAPK	neurogenic_permissive	neurogenic niche maintenance and MAPK-linked growth signaling	44	17	ETV4,ETV5,FGF10,FGF17,FGF2,FGF8,FGF9,FGFR1,FGFR2,FGFR3,FRS2,MAP2K1,MAPK1,MAPK3,SPRY1,SPRY2,SPRY4	adaptor,effector,feedback,ligand,receptor,response	0.5	0.49264705882352944	0.022727272727272728	0.02248957258213063	17	1.0
GSE214309	Mus musculus	dentate_gyrus	adult_dentate_activity_maturation_state	mature_4hr	6.0	adult_DGC_maturation_activity_state	notch_hes	Notch/HES	neurogenic_permissive	persistent neurogenic progenitor-state and differentiation timing control	44	14	DLL1,DLL3,DLL4,HES1,HES5,HEY1,HEY2,JAG1,JAG2,LFNG,NOTCH1,NOTCH2,NOTCH3,RBPJ	effector,ligand,modulator,receptor,response	0.8125	0.7053571428571429	0.056818181818181816	0.2474221879866687	14	1.0
GSE214309	Mus musculus	dentate_gyrus	adult_dentate_activity_maturation_state	mature_4hr	6.0	adult_DGC_maturation_activity_state	reelin_migration_stop	Reelin/migration-stop	differentiation_stop	lamination, migration-stop, and maturation positioning cues	44	10	CDK5,CDK5R1,CRK,CRKL,DAB1,LRP8,PAFAH1B1,RAP1A,RELN,VLDLR	adaptor,effector,ligand,receptor	0.875	0.75625	0.3522727272727273	1.20369890262636	10	1.0
GSE214309	Mus musculus	dentate_gyrus	adult_dentate_activity_maturation_state	mature_4hr	6.0	adult_DGC_maturation_activity_state	semaphorin_guidance	Semaphorin/plexin guidance	differentiation_stop	axon guidance, pruning, fasciculation, and local circuit architecture	44	17	NRP1,NRP2,PLXNA1,PLXNA2,PLXNA3,PLXNA4,PLXNB1,PLXNC1,RAC1,RHOA,SEMA3A,SEMA3C,SEMA3E,SEMA5A,SEMA6A,SEMA6D,SEMA7A	coreceptor,effector,ligand,receptor	0.75	0.7169117647058824	0.4318181818181818	0.7603375285648544	17	1.0
GSE214309	Mus musculus	dentate_gyrus	adult_dentate_activity_maturation_state	mature_4hr	6.0	adult_DGC_maturation_activity_state	shh_granule_expansion	SHH/PTCH/GLI	progenitor_expansion_or_regional_fate	cerebellar granule precursor expansion and regional fate context	44	10	ATOH1,GLI1,GLI2,GLI3,HHIP,MYCN,PTCH1,PTCH2,SHH,SMO	effector,feedback,ligand,receptor,regional_fate,response	0.5625	0.61875	0.022727272727272728	0.01575334501272603	10	1.0
GSE214309	Mus musculus	dentate_gyrus	adult_dentate_activity_maturation_state	mature_4hr	6.0	adult_DGC_maturation_activity_state	tgf_beta_smad	TGF-beta/SMAD	differentiation_stop	historical TGF-beta2-associated differentiation/stop signaling	44	15	ID1,ID2,ID3,SERPINE1,SMAD2,SMAD3,SMAD4,SMAD7,TGFB1,TGFB2,TGFB3,TGFBI,TGFBR1,TGFBR2,TGFBR3	effector,feedback,ligand,receptor,response	0.5625	0.65	0.022727272727272728	0.1339637007787466	15	1.0
GSE214309	Mus musculus	dentate_gyrus	adult_dentate_activity_maturation_state	mature_4hr	6.0	adult_DGC_maturation_activity_state	wnt_beta_catenin	WNT/beta-catenin	neurogenic_permissive	dentate neurogenic permissive and granule fate signaling	44	16	AXIN2,CTNNB1,DKK1,DKK3,FZD1,FZD3,FZD5,FZD7,LEF1,LRP5,LRP6,TCF7L2,WNT3A,WNT5A,WNT7A,WNT7B	antagonist,coreceptor,effector,feedback,ligand,modulator,receptor,response	0.625	0.66015625	0.10227272727272727	0.20201834227734977	16	1.0
GSE214309	Mus musculus	dentate_gyrus	adult_dentate_activity_maturation_state	matureactive_4hr	7.0	adult_DGC_maturation_activity_state	bdnf_trkb_mapk	BDNF/TrkB/MAPK	differentiation_stop	historical BDNF/TrkB plus MAPK maturation pathway	54	18	BDNF,CREB1,DUSP6,EGR1,ELK1,FOS,GRB2,JUN,MAP2K1,MAPK1,MAPK14,MAPK3,NGFR,NTRK2,RAF1,SHC1,SORT1,SOS1	adaptor,coreceptor,effector,feedback,ligand,receptor,response	0.6875	0.6875	0.35185185185185186	0.8382256372427035	18	1.0
GSE214309	Mus musculus	dentate_gyrus	adult_dentate_activity_maturation_state	matureactive_4hr	7.0	adult_DGC_maturation_activity_state	bmp_smad	BMP/SMAD	differentiation_stop	BMP-associated differentiation and neurogenic brake signaling	54	15	ACVR1,BMP2,BMP4,BMP7,BMPR1A,BMPR1B,BMPR2,ID1,ID2,ID3,ID4,NOG,SMAD1,SMAD5,SMAD9	antagonist,effector,ligand,receptor,response	0.625	0.6833333333333333	0.037037037037037035	0.08531883557286146	15	1.0
GSE214309	Mus musculus	dentate_gyrus	adult_dentate_activity_maturation_state	matureactive_4hr	7.0	adult_DGC_maturation_activity_state	fgf_mapk	FGF/MAPK	neurogenic_permissive	neurogenic niche maintenance and MAPK-linked growth signaling	54	17	ETV4,ETV5,FGF10,FGF17,FGF2,FGF8,FGF9,FGFR1,FGFR2,FGFR3,FRS2,MAP2K1,MAPK1,MAPK3,SPRY1,SPRY2,SPRY4	adaptor,effector,feedback,ligand,receptor,response	0.5625	0.6323529411764706	0.07407407407407407	0.17907521239449828	17	1.0
GSE214309	Mus musculus	dentate_gyrus	adult_dentate_activity_maturation_state	matureactive_4hr	7.0	adult_DGC_maturation_activity_state	notch_hes	Notch/HES	neurogenic_permissive	persistent neurogenic progenitor-state and differentiation timing control	54	14	DLL1,DLL3,DLL4,HES1,HES5,HEY1,HEY2,JAG1,JAG2,LFNG,NOTCH1,NOTCH2,NOTCH3,RBPJ	effector,ligand,modulator,receptor,response	0.75	0.6607142857142857	0.027777777777777776	0.09197586093308899	14	1.0
GSE214309	Mus musculus	dentate_gyrus	adult_dentate_activity_maturation_state	matureactive_4hr	7.0	adult_DGC_maturation_activity_state	reelin_migration_stop	Reelin/migration-stop	differentiation_stop	lamination, migration-stop, and maturation positioning cues	54	10	CDK5,CDK5R1,CRK,CRKL,DAB1,LRP8,PAFAH1B1,RAP1A,RELN,VLDLR	adaptor,effector,ligand,receptor	0.625	0.6625	0.21296296296296297	0.6062678107465703	10	1.0
GSE214309	Mus musculus	dentate_gyrus	adult_dentate_activity_maturation_state	matureactive_4hr	7.0	adult_DGC_maturation_activity_state	semaphorin_guidance	Semaphorin/plexin guidance	differentiation_stop	axon guidance, pruning, fasciculation, and local circuit architecture	54	17	NRP1,NRP2,PLXNA1,PLXNA2,PLXNA3,PLXNA4,PLXNB1,PLXNC1,RAC1,RHOA,SEMA3A,SEMA3C,SEMA3E,SEMA5A,SEMA6A,SEMA6D,SEMA7A	coreceptor,effector,ligand,receptor	0.875	0.6691176470588235	0.35185185185185186	1.0996138119742722	17	1.0
GSE214309	Mus musculus	dentate_gyrus	adult_dentate_activity_maturation_state	matureactive_4hr	7.0	adult_DGC_maturation_activity_state	shh_granule_expansion	SHH/PTCH/GLI	progenitor_expansion_or_regional_fate	cerebellar granule precursor expansion and regional fate context	54	10	ATOH1,GLI1,GLI2,GLI3,HHIP,MYCN,PTCH1,PTCH2,SHH,SMO	effector,feedback,ligand,receptor,regional_fate,response	0.53125	0.56875	0.018518518518518517	0.04187568710036468	10	1.0
GSE214309	Mus musculus	dentate_gyrus	adult_dentate_activity_maturation_state	matureactive_4hr	7.0	adult_DGC_maturation_activity_state	tgf_beta_smad	TGF-beta/SMAD	differentiation_stop	historical TGF-beta2-associated differentiation/stop signaling	54	15	ID1,ID2,ID3,SERPINE1,SMAD2,SMAD3,SMAD4,SMAD7,TGFB1,TGFB2,TGFB3,TGFBI,TGFBR1,TGFBR2,TGFBR3	effector,feedback,ligand,receptor,response	0.5	0.5791666666666667	0.037037037037037035	0.06636146182326129	15	1.0
GSE214309	Mus musculus	dentate_gyrus	adult_dentate_activity_maturation_state	matureactive_4hr	7.0	adult_DGC_maturation_activity_state	wnt_beta_catenin	WNT/beta-catenin	neurogenic_permissive	dentate neurogenic permissive and granule fate signaling	54	16	AXIN2,CTNNB1,DKK1,DKK3,FZD1,FZD3,FZD5,FZD7,LEF1,LRP5,LRP6,TCF7L2,WNT3A,WNT5A,WNT7A,WNT7B	antagonist,coreceptor,effector,feedback,ligand,modulator,receptor,response	0.75	0.73046875	0.12962962962962962	0.21356464376184958	16	1.0
GSE292261	Mus musculus	dentate_gyrus	postnatal_dentate_age	P5	5.0	all_DG_cells	bdnf_trkb_mapk	BDNF/TrkB/MAPK	differentiation_stop	historical BDNF/TrkB plus MAPK maturation pathway	94	17	BDNF,CREB1,DUSP6,EGR1,ELK1,FOS,GRB2,JUN,MAP2K1,MAPK1,MAPK14,MAPK3,NTRK2,RAF1,SHC1,SORT1,SOS1	adaptor,coreceptor,effector,feedback,ligand,receptor,response	0.6	0.5882352941176471	0.46808510638297873	2.091077588340723	18	0.9444444444444444
GSE292261	Mus musculus	dentate_gyrus	postnatal_dentate_age	P5	5.0	all_DG_cells	bmp_smad	BMP/SMAD	differentiation_stop	BMP-associated differentiation and neurogenic brake signaling	94	8	ACVR1,BMPR1A,BMPR2,ID2,ID4,NOG,SMAD1,SMAD5	antagonist,effector,receptor,response	0.8	0.75	0.11170212765957446	0.41175685182145977	15	0.5333333333333333
GSE292261	Mus musculus	dentate_gyrus	postnatal_dentate_age	P5	5.0	all_DG_cells	fgf_mapk	FGF/MAPK	neurogenic_permissive	neurogenic niche maintenance and MAPK-linked growth signaling	94	11	ETV5,FGF10,FGF9,FGFR1,FRS2,MAP2K1,MAPK1,MAPK3,SPRY1,SPRY2,SPRY4	adaptor,effector,feedback,ligand,receptor,response	1.0	0.8181818181818182	0.39361702127659576	1.6934219286868741	17	0.6470588235294118
GSE292261	Mus musculus	dentate_gyrus	postnatal_dentate_age	P5	5.0	all_DG_cells	notch_hes	Notch/HES	neurogenic_permissive	persistent neurogenic progenitor-state and differentiation timing control	94	13	DLL1,DLL3,DLL4,HES1,HES5,HEY1,HEY2,JAG1,JAG2,NOTCH1,NOTCH2,NOTCH3,RBPJ	effector,ligand,receptor,response	0.6	0.676923076923077	0.06382978723404255	0.20593763034089654	14	0.9285714285714286
GSE292261	Mus musculus	dentate_gyrus	postnatal_dentate_age	P5	5.0	all_DG_cells	reelin_migration_stop	Reelin/migration-stop	differentiation_stop	lamination, migration-stop, and maturation positioning cues	94	9	CDK5,CDK5R1,CRK,CRKL,DAB1,LRP8,PAFAH1B1,RAP1A,VLDLR	adaptor,effector,receptor	0.8	0.8	0.48936170212765956	2.078034533989869	10	0.9
GSE292261	Mus musculus	dentate_gyrus	postnatal_dentate_age	P5	5.0	all_DG_cells	semaphorin_guidance	Semaphorin/plexin guidance	differentiation_stop	axon guidance, pruning, fasciculation, and local circuit architecture	94	17	NRP1,NRP2,PLXNA1,PLXNA2,PLXNA3,PLXNA4,PLXNB1,PLXNC1,RAC1,RHOA,SEMA3A,SEMA3C,SEMA3E,SEMA5A,SEMA6A,SEMA6D,SEMA7A	coreceptor,effector,ligand,receptor	0.8	0.7294117647058824	0.3829787234042553	1.6310127725277739	17	1.0
GSE292261	Mus musculus	dentate_gyrus	postnatal_dentate_age	P5	5.0	all_DG_cells	shh_granule_expansion	SHH/PTCH/GLI	progenitor_expansion_or_regional_fate	cerebellar granule precursor expansion and regional fate context	94	3	HHIP,MYCN,PTCH1	feedback,receptor,response	0.3	0.5	0.010638297872340425	0.030748635722299623	10	0.3
GSE292261	Mus musculus	dentate_gyrus	postnatal_dentate_age	P5	5.0	all_DG_cells	tgf_beta_smad	TGF-beta/SMAD	differentiation_stop	historical TGF-beta2-associated differentiation/stop signaling	94	8	ID2,SMAD2,SMAD3,SMAD4,SMAD7,TGFB2,TGFBR1,TGFBR3	effector,feedback,ligand,receptor,response	0.9	0.8	0.1223404255319149	0.4913537387002809	15	0.5333333333333333
GSE292261	Mus musculus	dentate_gyrus	postnatal_dentate_age	P5	5.0	all_DG_cells	wnt_beta_catenin	WNT/beta-catenin	neurogenic_permissive	dentate neurogenic permissive and granule fate signaling	94	10	AXIN2,CTNNB1,DKK3,FZD1,FZD3,FZD5,LRP6,WNT5A,WNT7A,WNT7B	coreceptor,effector,feedback,ligand,modulator,receptor	0.8	0.76	0.22340425531914893	1.0894171986768335	16	0.625
GSE292261	Mus musculus	dentate_gyrus	postnatal_dentate_age	P7	7.0	all_DG_cells	bdnf_trkb_mapk	BDNF/TrkB/MAPK	differentiation_stop	historical BDNF/TrkB plus MAPK maturation pathway	76	17	BDNF,CREB1,DUSP6,EGR1,ELK1,FOS,GRB2,JUN,MAP2K1,MAPK1,MAPK14,MAPK3,NTRK2,RAF1,SHC1,SORT1,SOS1	adaptor,coreceptor,effector,feedback,ligand,receptor,response	0.6	0.6	0.5	1.999484237276377	18	0.9444444444444444
GSE292261	Mus musculus	dentate_gyrus	postnatal_dentate_age	P7	7.0	all_DG_cells	bmp_smad	BMP/SMAD	differentiation_stop	BMP-associated differentiation and neurogenic brake signaling	76	8	ACVR1,BMPR1A,BMPR2,ID2,ID4,NOG,SMAD1,SMAD5	antagonist,effector,receptor,response	0.6	0.525	0.10526315789473684	0.4275171905360803	15	0.5333333333333333
GSE292261	Mus musculus	dentate_gyrus	postnatal_dentate_age	P7	7.0	all_DG_cells	fgf_mapk	FGF/MAPK	neurogenic_permissive	neurogenic niche maintenance and MAPK-linked growth signaling	76	11	ETV5,FGF10,FGF9,FGFR1,FRS2,MAP2K1,MAPK1,MAPK3,SPRY1,SPRY2,SPRY4	adaptor,effector,feedback,ligand,receptor,response	0.8	0.6545454545454545	0.19736842105263158	0.716150664199526	17	0.6470588235294118
GSE292261	Mus musculus	dentate_gyrus	postnatal_dentate_age	P7	7.0	all_DG_cells	notch_hes	Notch/HES	neurogenic_permissive	persistent neurogenic progenitor-state and differentiation timing control	76	13	DLL1,DLL3,DLL4,HES1,HES5,HEY1,HEY2,JAG1,JAG2,NOTCH1,NOTCH2,NOTCH3,RBPJ	effector,ligand,receptor,response	0.8	0.7230769230769231	0.07894736842105263	0.24466689539244532	14	0.9285714285714286
GSE292261	Mus musculus	dentate_gyrus	postnatal_dentate_age	P7	7.0	all_DG_cells	reelin_migration_stop	Reelin/migration-stop	differentiation_stop	lamination, migration-stop, and maturation positioning cues	76	9	CDK5,CDK5R1,CRK,CRKL,DAB1,LRP8,PAFAH1B1,RAP1A,VLDLR	adaptor,effector,receptor	0.6	0.5777777777777778	0.47368421052631576	1.6513914227777442	10	0.9
GSE292261	Mus musculus	dentate_gyrus	postnatal_dentate_age	P7	7.0	all_DG_cells	semaphorin_guidance	Semaphorin/plexin guidance	differentiation_stop	axon guidance, pruning, fasciculation, and local circuit architecture	76	17	NRP1,NRP2,PLXNA1,PLXNA2,PLXNA3,PLXNA4,PLXNB1,PLXNC1,RAC1,RHOA,SEMA3A,SEMA3C,SEMA3E,SEMA5A,SEMA6A,SEMA6D,SEMA7A	coreceptor,effector,ligand,receptor	0.6	0.5647058823529412	0.3026315789473684	1.2596864802158925	17	1.0
GSE292261	Mus musculus	dentate_gyrus	postnatal_dentate_age	P7	7.0	all_DG_cells	shh_granule_expansion	SHH/PTCH/GLI	progenitor_expansion_or_regional_fate	cerebellar granule precursor expansion and regional fate context	76	3	HHIP,MYCN,PTCH1	feedback,receptor,response	0.8	0.6333333333333334	0.06578947368421052	0.2560856490136836	10	0.3
GSE292261	Mus musculus	dentate_gyrus	postnatal_dentate_age	P7	7.0	all_DG_cells	tgf_beta_smad	TGF-beta/SMAD	differentiation_stop	historical TGF-beta2-associated differentiation/stop signaling	76	8	ID2,SMAD2,SMAD3,SMAD4,SMAD7,TGFB2,TGFBR1,TGFBR3	effector,feedback,ligand,receptor,response	0.6	0.65	0.125	0.5227015040631302	15	0.5333333333333333
GSE292261	Mus musculus	dentate_gyrus	postnatal_dentate_age	P7	7.0	all_DG_cells	wnt_beta_catenin	WNT/beta-catenin	neurogenic_permissive	dentate neurogenic permissive and granule fate signaling	76	10	AXIN2,CTNNB1,DKK3,FZD1,FZD3,FZD5,LRP6,WNT5A,WNT7A,WNT7B	coreceptor,effector,feedback,ligand,modulator,receptor	0.5	0.5599999999999999	0.17763157894736842	0.6650555094704442	16	0.625
GSE292261	Mus musculus	dentate_gyrus	postnatal_dentate_age	P10	10.0	all_DG_cells	bdnf_trkb_mapk	BDNF/TrkB/MAPK	differentiation_stop	historical BDNF/TrkB plus MAPK maturation pathway	91	17	BDNF,CREB1,DUSP6,EGR1,ELK1,FOS,GRB2,JUN,MAP2K1,MAPK1,MAPK14,MAPK3,NTRK2,RAF1,SHC1,SORT1,SOS1	adaptor,coreceptor,effector,feedback,ligand,receptor,response	0.8	0.7294117647058824	0.7582417582417582	3.011891380679069	18	0.9444444444444444
GSE292261	Mus musculus	dentate_gyrus	postnatal_dentate_age	P10	10.0	all_DG_cells	bmp_smad	BMP/SMAD	differentiation_stop	BMP-associated differentiation and neurogenic brake signaling	91	8	ACVR1,BMPR1A,BMPR2,ID2,ID4,NOG,SMAD1,SMAD5	antagonist,effector,receptor,response	0.9	0.8	0.1923076923076923	0.601215503659392	15	0.5333333333333333
GSE292261	Mus musculus	dentate_gyrus	postnatal_dentate_age	P10	10.0	all_DG_cells	fgf_mapk	FGF/MAPK	neurogenic_permissive	neurogenic niche maintenance and MAPK-linked growth signaling	91	11	ETV5,FGF10,FGF9,FGFR1,FRS2,MAP2K1,MAPK1,MAPK3,SPRY1,SPRY2,SPRY4	adaptor,effector,feedback,ligand,receptor,response	0.6	0.5454545454545454	0.2967032967032967	0.9797275078155487	17	0.6470588235294118
GSE292261	Mus musculus	dentate_gyrus	postnatal_dentate_age	P10	10.0	all_DG_cells	notch_hes	Notch/HES	neurogenic_permissive	persistent neurogenic progenitor-state and differentiation timing control	91	13	DLL1,DLL3,DLL4,HES1,HES5,HEY1,HEY2,JAG1,JAG2,NOTCH1,NOTCH2,NOTCH3,RBPJ	effector,ligand,receptor,response	0.8	0.6923076923076923	0.0989010989010989	0.31430429472363186	14	0.9285714285714286
GSE292261	Mus musculus	dentate_gyrus	postnatal_dentate_age	P10	10.0	all_DG_cells	reelin_migration_stop	Reelin/migration-stop	differentiation_stop	lamination, migration-stop, and maturation positioning cues	91	9	CDK5,CDK5R1,CRK,CRKL,DAB1,LRP8,PAFAH1B1,RAP1A,VLDLR	adaptor,effector,receptor	1.0	0.8444444444444444	0.7362637362637363	2.710473991882021	10	0.9
GSE292261	Mus musculus	dentate_gyrus	postnatal_dentate_age	P10	10.0	all_DG_cells	semaphorin_guidance	Semaphorin/plexin guidance	differentiation_stop	axon guidance, pruning, fasciculation, and local circuit architecture	91	17	NRP1,NRP2,PLXNA1,PLXNA2,PLXNA3,PLXNA4,PLXNB1,PLXNC1,RAC1,RHOA,SEMA3A,SEMA3C,SEMA3E,SEMA5A,SEMA6A,SEMA6D,SEMA7A	coreceptor,effector,ligand,receptor	0.8	0.8823529411764706	0.4835164835164835	1.8414136085371793	17	1.0
GSE292261	Mus musculus	dentate_gyrus	postnatal_dentate_age	P10	10.0	all_DG_cells	shh_granule_expansion	SHH/PTCH/GLI	progenitor_expansion_or_regional_fate	cerebellar granule precursor expansion and regional fate context	91	3	HHIP,MYCN,PTCH1	feedback,receptor,response	0.6	0.6	0.054945054945054944	0.16277946600075735	10	0.3
GSE292261	Mus musculus	dentate_gyrus	postnatal_dentate_age	P10	10.0	all_DG_cells	tgf_beta_smad	TGF-beta/SMAD	differentiation_stop	historical TGF-beta2-associated differentiation/stop signaling	91	8	ID2,SMAD2,SMAD3,SMAD4,SMAD7,TGFB2,TGFBR1,TGFBR3	effector,feedback,ligand,receptor,response	0.6	0.65	0.15934065934065933	0.49579490376693436	15	0.5333333333333333
GSE292261	Mus musculus	dentate_gyrus	postnatal_dentate_age	P10	10.0	all_DG_cells	wnt_beta_catenin	WNT/beta-catenin	neurogenic_permissive	dentate neurogenic permissive and granule fate signaling	91	10	AXIN2,CTNNB1,DKK3,FZD1,FZD3,FZD5,LRP6,WNT5A,WNT7A,WNT7B	coreceptor,effector,feedback,ligand,modulator,receptor	0.8	0.72	0.2582417582417582	0.8675787401911712	16	0.625
GSE292261	Mus musculus	dentate_gyrus	postnatal_dentate_age	P15	15.0	all_DG_cells	bdnf_trkb_mapk	BDNF/TrkB/MAPK	differentiation_stop	historical BDNF/TrkB plus MAPK maturation pathway	93	17	BDNF,CREB1,DUSP6,EGR1,ELK1,FOS,GRB2,JUN,MAP2K1,MAPK1,MAPK14,MAPK3,NTRK2,RAF1,SHC1,SORT1,SOS1	adaptor,coreceptor,effector,feedback,ligand,receptor,response	0.8	0.7999999999999999	0.7741935483870968	3.249633992935994	18	0.9444444444444444
GSE292261	Mus musculus	dentate_gyrus	postnatal_dentate_age	P15	15.0	all_DG_cells	bmp_smad	BMP/SMAD	differentiation_stop	BMP-associated differentiation and neurogenic brake signaling	93	8	ACVR1,BMPR1A,BMPR2,ID2,ID4,NOG,SMAD1,SMAD5	antagonist,effector,receptor,response	0.7	0.6625	0.1827956989247312	0.6261436459202929	15	0.5333333333333333
GSE292261	Mus musculus	dentate_gyrus	postnatal_dentate_age	P15	15.0	all_DG_cells	fgf_mapk	FGF/MAPK	neurogenic_permissive	neurogenic niche maintenance and MAPK-linked growth signaling	93	11	ETV5,FGF10,FGF9,FGFR1,FRS2,MAP2K1,MAPK1,MAPK3,SPRY1,SPRY2,SPRY4	adaptor,effector,feedback,ligand,receptor,response	0.8	0.7090909090909091	0.34408602150537637	1.2827428043734654	17	0.6470588235294118
GSE292261	Mus musculus	dentate_gyrus	postnatal_dentate_age	P15	15.0	all_DG_cells	notch_hes	Notch/HES	neurogenic_permissive	persistent neurogenic progenitor-state and differentiation timing control	93	13	DLL1,DLL3,DLL4,HES1,HES5,HEY1,HEY2,JAG1,JAG2,NOTCH1,NOTCH2,NOTCH3,RBPJ	effector,ligand,receptor,response	0.6	0.6076923076923078	0.11827956989247312	0.2624868227101325	14	0.9285714285714286
GSE292261	Mus musculus	dentate_gyrus	postnatal_dentate_age	P15	15.0	all_DG_cells	reelin_migration_stop	Reelin/migration-stop	differentiation_stop	lamination, migration-stop, and maturation positioning cues	93	9	CDK5,CDK5R1,CRK,CRKL,DAB1,LRP8,PAFAH1B1,RAP1A,VLDLR	adaptor,effector,receptor	0.6	0.5777777777777778	0.7096774193548387	2.3464648054520967	10	0.9
GSE292261	Mus musculus	dentate_gyrus	postnatal_dentate_age	P15	15.0	all_DG_cells	semaphorin_guidance	Semaphorin/plexin guidance	differentiation_stop	axon guidance, pruning, fasciculation, and local circuit architecture	93	17	NRP1,NRP2,PLXNA1,PLXNA2,PLXNA3,PLXNA4,PLXNB1,PLXNC1,RAC1,RHOA,SEMA3A,SEMA3C,SEMA3E,SEMA5A,SEMA6A,SEMA6D,SEMA7A	coreceptor,effector,ligand,receptor	0.6	0.5882352941176471	0.1935483870967742	0.6462776663525821	17	1.0
GSE292261	Mus musculus	dentate_gyrus	postnatal_dentate_age	P15	15.0	all_DG_cells	shh_granule_expansion	SHH/PTCH/GLI	progenitor_expansion_or_regional_fate	cerebellar granule precursor expansion and regional fate context	93	3	HHIP,MYCN,PTCH1	feedback,receptor,response	1.0	0.7999999999999999	0.15053763440860216	0.4491078749557875	10	0.3
GSE292261	Mus musculus	dentate_gyrus	postnatal_dentate_age	P15	15.0	all_DG_cells	tgf_beta_smad	TGF-beta/SMAD	differentiation_stop	historical TGF-beta2-associated differentiation/stop signaling	93	8	ID2,SMAD2,SMAD3,SMAD4,SMAD7,TGFB2,TGFBR1,TGFBR3	effector,feedback,ligand,receptor,response	0.5	0.55	0.16129032258064518	0.5839713171053019	15	0.5333333333333333
GSE292261	Mus musculus	dentate_gyrus	postnatal_dentate_age	P15	15.0	all_DG_cells	wnt_beta_catenin	WNT/beta-catenin	neurogenic_permissive	dentate neurogenic permissive and granule fate signaling	93	10	AXIN2,CTNNB1,DKK3,FZD1,FZD3,FZD5,LRP6,WNT5A,WNT7A,WNT7B	coreceptor,effector,feedback,ligand,modulator,receptor	0.6	0.6599999999999999	0.16129032258064518	0.5207004317645417	16	0.625
GSE292261	Mus musculus	dentate_gyrus	postnatal_dentate_age	P28	28.0	all_DG_cells	bdnf_trkb_mapk	BDNF/TrkB/MAPK	differentiation_stop	historical BDNF/TrkB plus MAPK maturation pathway	155	17	BDNF,CREB1,DUSP6,EGR1,ELK1,FOS,GRB2,JUN,MAP2K1,MAPK1,MAPK14,MAPK3,NTRK2,RAF1,SHC1,SORT1,SOS1	adaptor,coreceptor,effector,feedback,ligand,receptor,response	0.2	0.2823529411764706	0.23225806451612904	1.0550772133160768	18	0.9444444444444444
GSE292261	Mus musculus	dentate_gyrus	postnatal_dentate_age	P28	28.0	all_DG_cells	bmp_smad	BMP/SMAD	differentiation_stop	BMP-associated differentiation and neurogenic brake signaling	155	8	ACVR1,BMPR1A,BMPR2,ID2,ID4,NOG,SMAD1,SMAD5	antagonist,effector,receptor,response	0.2	0.2625	0.061290322580645165	0.22457364215120704	15	0.5333333333333333
GSE292261	Mus musculus	dentate_gyrus	postnatal_dentate_age	P28	28.0	all_DG_cells	fgf_mapk	FGF/MAPK	neurogenic_permissive	neurogenic niche maintenance and MAPK-linked growth signaling	155	11	ETV5,FGF10,FGF9,FGFR1,FRS2,MAP2K1,MAPK1,MAPK3,SPRY1,SPRY2,SPRY4	adaptor,effector,feedback,ligand,receptor,response	0.2	0.2727272727272727	0.07741935483870968	0.2986902316750058	17	0.6470588235294118
GSE292261	Mus musculus	dentate_gyrus	postnatal_dentate_age	P28	28.0	all_DG_cells	notch_hes	Notch/HES	neurogenic_permissive	persistent neurogenic progenitor-state and differentiation timing control	155	13	DLL1,DLL3,DLL4,HES1,HES5,HEY1,HEY2,JAG1,JAG2,NOTCH1,NOTCH2,NOTCH3,RBPJ	effector,ligand,receptor,response	0.2	0.30000000000000004	0.03225806451612903	0.09959222467384003	14	0.9285714285714286
GSE292261	Mus musculus	dentate_gyrus	postnatal_dentate_age	P28	28.0	all_DG_cells	reelin_migration_stop	Reelin/migration-stop	differentiation_stop	lamination, migration-stop, and maturation positioning cues	155	9	CDK5,CDK5R1,CRK,CRKL,DAB1,LRP8,PAFAH1B1,RAP1A,VLDLR	adaptor,effector,receptor	0.2	0.2	0.22580645161290322	0.7851943448057979	10	0.9
GSE292261	Mus musculus	dentate_gyrus	postnatal_dentate_age	P28	28.0	all_DG_cells	semaphorin_guidance	Semaphorin/plexin guidance	differentiation_stop	axon guidance, pruning, fasciculation, and local circuit architecture	155	17	NRP1,NRP2,PLXNA1,PLXNA2,PLXNA3,PLXNA4,PLXNB1,PLXNC1,RAC1,RHOA,SEMA3A,SEMA3C,SEMA3E,SEMA5A,SEMA6A,SEMA6D,SEMA7A	coreceptor,effector,ligand,receptor	0.2	0.23529411764705882	0.11612903225806452	0.49905888993443476	17	1.0
GSE292261	Mus musculus	dentate_gyrus	postnatal_dentate_age	P28	28.0	all_DG_cells	shh_granule_expansion	SHH/PTCH/GLI	progenitor_expansion_or_regional_fate	cerebellar granule precursor expansion and regional fate context	155	3	HHIP,MYCN,PTCH1	feedback,receptor,response	0.6	0.4666666666666666	0.03870967741935484	0.17401064341869152	10	0.3
GSE292261	Mus musculus	dentate_gyrus	postnatal_dentate_age	P28	28.0	all_DG_cells	tgf_beta_smad	TGF-beta/SMAD	differentiation_stop	historical TGF-beta2-associated differentiation/stop signaling	155	8	ID2,SMAD2,SMAD3,SMAD4,SMAD7,TGFB2,TGFBR1,TGFBR3	effector,feedback,ligand,receptor,response	0.2	0.35	0.054838709677419356	0.2279861420721695	15	0.5333333333333333
GSE292261	Mus musculus	dentate_gyrus	postnatal_dentate_age	P28	28.0	all_DG_cells	wnt_beta_catenin	WNT/beta-catenin	neurogenic_permissive	dentate neurogenic permissive and granule fate signaling	155	10	AXIN2,CTNNB1,DKK3,FZD1,FZD3,FZD5,LRP6,WNT5A,WNT7A,WNT7B	coreceptor,effector,feedback,ligand,modulator,receptor	0.2	0.3	0.025806451612903226	0.10297483548012851	16	0.625
GSE292261	Mus musculus	dentate_gyrus	postnatal_dentate_age	P5	5.0	candidate_dentate_granule_only	bdnf_trkb_mapk	BDNF/TrkB/MAPK	differentiation_stop	historical BDNF/TrkB plus MAPK maturation pathway	49	17	BDNF,CREB1,DUSP6,EGR1,ELK1,FOS,GRB2,JUN,MAP2K1,MAPK1,MAPK14,MAPK3,NTRK2,RAF1,SHC1,SORT1,SOS1	adaptor,coreceptor,effector,feedback,ligand,receptor,response	0.6	0.6352941176470589	0.5510204081632653	2.4788531393298303	18	0.9444444444444444
GSE292261	Mus musculus	dentate_gyrus	postnatal_dentate_age	P5	5.0	candidate_dentate_granule_only	bmp_smad	BMP/SMAD	differentiation_stop	BMP-associated differentiation and neurogenic brake signaling	49	8	ACVR1,BMPR1A,BMPR2,ID2,ID4,NOG,SMAD1,SMAD5	antagonist,effector,receptor,response	0.6	0.675	0.09183673469387754	0.330513279250195	15	0.5333333333333333
GSE292261	Mus musculus	dentate_gyrus	postnatal_dentate_age	P5	5.0	candidate_dentate_granule_only	fgf_mapk	FGF/MAPK	neurogenic_permissive	neurogenic niche maintenance and MAPK-linked growth signaling	49	11	ETV5,FGF10,FGF9,FGFR1,FRS2,MAP2K1,MAPK1,MAPK3,SPRY1,SPRY2,SPRY4	adaptor,effector,feedback,ligand,receptor,response	1.0	0.8181818181818182	0.3469387755102041	1.5274071838060155	17	0.6470588235294118
GSE292261	Mus musculus	dentate_gyrus	postnatal_dentate_age	P5	5.0	candidate_dentate_granule_only	notch_hes	Notch/HES	neurogenic_permissive	persistent neurogenic progenitor-state and differentiation timing control	49	13	DLL1,DLL3,DLL4,HES1,HES5,HEY1,HEY2,JAG1,JAG2,NOTCH1,NOTCH2,NOTCH3,RBPJ	effector,ligand,receptor,response	0.6	0.6230769230769231	0.061224489795918366	0.2879169873476569	14	0.9285714285714286
GSE292261	Mus musculus	dentate_gyrus	postnatal_dentate_age	P5	5.0	candidate_dentate_granule_only	reelin_migration_stop	Reelin/migration-stop	differentiation_stop	lamination, migration-stop, and maturation positioning cues	49	9	CDK5,CDK5R1,CRK,CRKL,DAB1,LRP8,PAFAH1B1,RAP1A,VLDLR	adaptor,effector,receptor	0.8	0.8222222222222223	0.5510204081632653	2.3392930491644175	10	0.9
GSE292261	Mus musculus	dentate_gyrus	postnatal_dentate_age	P5	5.0	candidate_dentate_granule_only	semaphorin_guidance	Semaphorin/plexin guidance	differentiation_stop	axon guidance, pruning, fasciculation, and local circuit architecture	49	17	NRP1,NRP2,PLXNA1,PLXNA2,PLXNA3,PLXNA4,PLXNB1,PLXNC1,RAC1,RHOA,SEMA3A,SEMA3C,SEMA3E,SEMA5A,SEMA6A,SEMA6D,SEMA7A	coreceptor,effector,ligand,receptor	0.8	0.788235294117647	0.4489795918367347	1.8135415973603426	17	1.0
GSE292261	Mus musculus	dentate_gyrus	postnatal_dentate_age	P5	5.0	candidate_dentate_granule_only	shh_granule_expansion	SHH/PTCH/GLI	progenitor_expansion_or_regional_fate	cerebellar granule precursor expansion and regional fate context	49	3	HHIP,MYCN,PTCH1	feedback,receptor,response	0.4	0.5333333333333333	0.02040816326530612	0.05898717873257479	10	0.3
GSE292261	Mus musculus	dentate_gyrus	postnatal_dentate_age	P5	5.0	candidate_dentate_granule_only	tgf_beta_smad	TGF-beta/SMAD	differentiation_stop	historical TGF-beta2-associated differentiation/stop signaling	49	8	ID2,SMAD2,SMAD3,SMAD4,SMAD7,TGFB2,TGFBR1,TGFBR3	effector,feedback,ligand,receptor,response	1.0	0.8	0.13265306122448978	0.48042089129935023	15	0.5333333333333333
GSE292261	Mus musculus	dentate_gyrus	postnatal_dentate_age	P5	5.0	candidate_dentate_granule_only	wnt_beta_catenin	WNT/beta-catenin	neurogenic_permissive	dentate neurogenic permissive and granule fate signaling	49	10	AXIN2,CTNNB1,DKK3,FZD1,FZD3,FZD5,LRP6,WNT5A,WNT7A,WNT7B	coreceptor,effector,feedback,ligand,modulator,receptor	0.8	0.7	0.24489795918367346	1.1707848092538573	16	0.625
GSE292261	Mus musculus	dentate_gyrus	postnatal_dentate_age	P7	7.0	candidate_dentate_granule_only	bdnf_trkb_mapk	BDNF/TrkB/MAPK	differentiation_stop	historical BDNF/TrkB plus MAPK maturation pathway	38	17	BDNF,CREB1,DUSP6,EGR1,ELK1,FOS,GRB2,JUN,MAP2K1,MAPK1,MAPK14,MAPK3,NTRK2,RAF1,SHC1,SORT1,SOS1	adaptor,coreceptor,effector,feedback,ligand,receptor,response	0.6	0.5529411764705883	0.5526315789473685	2.194316473363865	18	0.9444444444444444
GSE292261	Mus musculus	dentate_gyrus	postnatal_dentate_age	P7	7.0	candidate_dentate_granule_only	bmp_smad	BMP/SMAD	differentiation_stop	BMP-associated differentiation and neurogenic brake signaling	38	8	ACVR1,BMPR1A,BMPR2,ID2,ID4,NOG,SMAD1,SMAD5	antagonist,effector,receptor,response	0.6000000000000001	0.5875	0.11842105263157894	0.44262661854206736	15	0.5333333333333333
GSE292261	Mus musculus	dentate_gyrus	postnatal_dentate_age	P7	7.0	candidate_dentate_granule_only	fgf_mapk	FGF/MAPK	neurogenic_permissive	neurogenic niche maintenance and MAPK-linked growth signaling	38	11	ETV5,FGF10,FGF9,FGFR1,FRS2,MAP2K1,MAPK1,MAPK3,SPRY1,SPRY2,SPRY4	adaptor,effector,feedback,ligand,receptor,response	0.6	0.5818181818181819	0.23684210526315788	0.8530942551714107	17	0.6470588235294118
GSE292261	Mus musculus	dentate_gyrus	postnatal_dentate_age	P7	7.0	candidate_dentate_granule_only	notch_hes	Notch/HES	neurogenic_permissive	persistent neurogenic progenitor-state and differentiation timing control	38	13	DLL1,DLL3,DLL4,HES1,HES5,HEY1,HEY2,JAG1,JAG2,NOTCH1,NOTCH2,NOTCH3,RBPJ	effector,ligand,receptor,response	0.8	0.7230769230769231	0.05263157894736842	0.2925605729182348	14	0.9285714285714286
GSE292261	Mus musculus	dentate_gyrus	postnatal_dentate_age	P7	7.0	candidate_dentate_granule_only	reelin_migration_stop	Reelin/migration-stop	differentiation_stop	lamination, migration-stop, and maturation positioning cues	38	9	CDK5,CDK5R1,CRK,CRKL,DAB1,LRP8,PAFAH1B1,RAP1A,VLDLR	adaptor,effector,receptor	0.4	0.4666666666666667	0.42105263157894735	1.8143539014744603	10	0.9
GSE292261	Mus musculus	dentate_gyrus	postnatal_dentate_age	P7	7.0	candidate_dentate_granule_only	semaphorin_guidance	Semaphorin/plexin guidance	differentiation_stop	axon guidance, pruning, fasciculation, and local circuit architecture	38	17	NRP1,NRP2,PLXNA1,PLXNA2,PLXNA3,PLXNA4,PLXNB1,PLXNC1,RAC1,RHOA,SEMA3A,SEMA3C,SEMA3E,SEMA5A,SEMA6A,SEMA6D,SEMA7A	coreceptor,effector,ligand,receptor	0.4	0.47058823529411764	0.3157894736842105	1.376544167780214	17	1.0
GSE292261	Mus musculus	dentate_gyrus	postnatal_dentate_age	P7	7.0	candidate_dentate_granule_only	shh_granule_expansion	SHH/PTCH/GLI	progenitor_expansion_or_regional_fate	cerebellar granule precursor expansion and regional fate context	38	3	HHIP,MYCN,PTCH1	feedback,receptor,response	0.6	0.5333333333333333	0.07894736842105263	0.32807218865092375	10	0.3
GSE292261	Mus musculus	dentate_gyrus	postnatal_dentate_age	P7	7.0	candidate_dentate_granule_only	tgf_beta_smad	TGF-beta/SMAD	differentiation_stop	historical TGF-beta2-associated differentiation/stop signaling	38	8	ID2,SMAD2,SMAD3,SMAD4,SMAD7,TGFB2,TGFBR1,TGFBR3	effector,feedback,ligand,receptor,response	0.7	0.65	0.10526315789473684	0.47119931680250243	15	0.5333333333333333
GSE292261	Mus musculus	dentate_gyrus	postnatal_dentate_age	P7	7.0	candidate_dentate_granule_only	wnt_beta_catenin	WNT/beta-catenin	neurogenic_permissive	dentate neurogenic permissive and granule fate signaling	38	10	AXIN2,CTNNB1,DKK3,FZD1,FZD3,FZD5,LRP6,WNT5A,WNT7A,WNT7B	coreceptor,effector,feedback,ligand,modulator,receptor	0.4	0.55	0.14473684210526316	0.6962362091723244	16	0.625
GSE292261	Mus musculus	dentate_gyrus	postnatal_dentate_age	P10	10.0	candidate_dentate_granule_only	bdnf_trkb_mapk	BDNF/TrkB/MAPK	differentiation_stop	historical BDNF/TrkB plus MAPK maturation pathway	53	17	BDNF,CREB1,DUSP6,EGR1,ELK1,FOS,GRB2,JUN,MAP2K1,MAPK1,MAPK14,MAPK3,NTRK2,RAF1,SHC1,SORT1,SOS1	adaptor,coreceptor,effector,feedback,ligand,receptor,response	0.6	0.6705882352941177	0.7547169811320755	3.0182535593990756	18	0.9444444444444444
GSE292261	Mus musculus	dentate_gyrus	postnatal_dentate_age	P10	10.0	candidate_dentate_granule_only	bmp_smad	BMP/SMAD	differentiation_stop	BMP-associated differentiation and neurogenic brake signaling	53	8	ACVR1,BMPR1A,BMPR2,ID2,ID4,NOG,SMAD1,SMAD5	antagonist,effector,receptor,response	0.7	0.775	0.19811320754716982	0.6699763552863399	15	0.5333333333333333
GSE292261	Mus musculus	dentate_gyrus	postnatal_dentate_age	P10	10.0	candidate_dentate_granule_only	fgf_mapk	FGF/MAPK	neurogenic_permissive	neurogenic niche maintenance and MAPK-linked growth signaling	53	11	ETV5,FGF10,FGF9,FGFR1,FRS2,MAP2K1,MAPK1,MAPK3,SPRY1,SPRY2,SPRY4	adaptor,effector,feedback,ligand,receptor,response	0.4	0.49090909090909096	0.2830188679245283	0.8497236007207354	17	0.6470588235294118
GSE292261	Mus musculus	dentate_gyrus	postnatal_dentate_age	P10	10.0	candidate_dentate_granule_only	notch_hes	Notch/HES	neurogenic_permissive	persistent neurogenic progenitor-state and differentiation timing control	53	13	DLL1,DLL3,DLL4,HES1,HES5,HEY1,HEY2,JAG1,JAG2,NOTCH1,NOTCH2,NOTCH3,RBPJ	effector,ligand,receptor,response	0.8	0.7153846153846154	0.11320754716981132	0.23857708693744414	14	0.9285714285714286
GSE292261	Mus musculus	dentate_gyrus	postnatal_dentate_age	P10	10.0	candidate_dentate_granule_only	reelin_migration_stop	Reelin/migration-stop	differentiation_stop	lamination, migration-stop, and maturation positioning cues	53	9	CDK5,CDK5R1,CRK,CRKL,DAB1,LRP8,PAFAH1B1,RAP1A,VLDLR	adaptor,effector,receptor	0.8	0.8222222222222223	0.7169811320754716	2.6587470572098417	10	0.9
GSE292261	Mus musculus	dentate_gyrus	postnatal_dentate_age	P10	10.0	candidate_dentate_granule_only	semaphorin_guidance	Semaphorin/plexin guidance	differentiation_stop	axon guidance, pruning, fasciculation, and local circuit architecture	53	17	NRP1,NRP2,PLXNA1,PLXNA2,PLXNA3,PLXNA4,PLXNB1,PLXNC1,RAC1,RHOA,SEMA3A,SEMA3C,SEMA3E,SEMA5A,SEMA6A,SEMA6D,SEMA7A	coreceptor,effector,ligand,receptor	0.8	0.7999999999999999	0.4716981132075472	1.8481472783210207	17	1.0
GSE292261	Mus musculus	dentate_gyrus	postnatal_dentate_age	P10	10.0	candidate_dentate_granule_only	shh_granule_expansion	SHH/PTCH/GLI	progenitor_expansion_or_regional_fate	cerebellar granule precursor expansion and regional fate context	53	3	HHIP,MYCN,PTCH1	feedback,receptor,response	0.8	0.6666666666666666	0.05660377358490566	0.1711307210992347	10	0.3
GSE292261	Mus musculus	dentate_gyrus	postnatal_dentate_age	P10	10.0	candidate_dentate_granule_only	tgf_beta_smad	TGF-beta/SMAD	differentiation_stop	historical TGF-beta2-associated differentiation/stop signaling	53	8	ID2,SMAD2,SMAD3,SMAD4,SMAD7,TGFB2,TGFBR1,TGFBR3	effector,feedback,ligand,receptor,response	0.6	0.575	0.1509433962264151	0.5367937277391228	15	0.5333333333333333
GSE292261	Mus musculus	dentate_gyrus	postnatal_dentate_age	P10	10.0	candidate_dentate_granule_only	wnt_beta_catenin	WNT/beta-catenin	neurogenic_permissive	dentate neurogenic permissive and granule fate signaling	53	10	AXIN2,CTNNB1,DKK3,FZD1,FZD3,FZD5,LRP6,WNT5A,WNT7A,WNT7B	coreceptor,effector,feedback,ligand,modulator,receptor	0.8	0.8400000000000001	0.2830188679245283	0.9992658304208314	16	0.625
GSE292261	Mus musculus	dentate_gyrus	postnatal_dentate_age	P15	15.0	candidate_dentate_granule_only	bdnf_trkb_mapk	BDNF/TrkB/MAPK	differentiation_stop	historical BDNF/TrkB plus MAPK maturation pathway	49	17	BDNF,CREB1,DUSP6,EGR1,ELK1,FOS,GRB2,JUN,MAP2K1,MAPK1,MAPK14,MAPK3,NTRK2,RAF1,SHC1,SORT1,SOS1	adaptor,coreceptor,effector,feedback,ligand,receptor,response	0.8	0.7470588235294118	0.7755102040816326	3.4176116417365883	18	0.9444444444444444
GSE292261	Mus musculus	dentate_gyrus	postnatal_dentate_age	P15	15.0	candidate_dentate_granule_only	bmp_smad	BMP/SMAD	differentiation_stop	BMP-associated differentiation and neurogenic brake signaling	49	8	ACVR1,BMPR1A,BMPR2,ID2,ID4,NOG,SMAD1,SMAD5	antagonist,effector,receptor,response	0.7	0.6375000000000001	0.13265306122448978	0.5105921046569935	15	0.5333333333333333
GSE292261	Mus musculus	dentate_gyrus	postnatal_dentate_age	P15	15.0	candidate_dentate_granule_only	fgf_mapk	FGF/MAPK	neurogenic_permissive	neurogenic niche maintenance and MAPK-linked growth signaling	49	11	ETV5,FGF10,FGF9,FGFR1,FRS2,MAP2K1,MAPK1,MAPK3,SPRY1,SPRY2,SPRY4	adaptor,effector,feedback,ligand,receptor,response	0.8	0.7272727272727273	0.42857142857142855	1.4217575273594851	17	0.6470588235294118
GSE292261	Mus musculus	dentate_gyrus	postnatal_dentate_age	P15	15.0	candidate_dentate_granule_only	notch_hes	Notch/HES	neurogenic_permissive	persistent neurogenic progenitor-state and differentiation timing control	49	13	DLL1,DLL3,DLL4,HES1,HES5,HEY1,HEY2,JAG1,JAG2,NOTCH1,NOTCH2,NOTCH3,RBPJ	effector,ligand,receptor,response	0.6	0.6692307692307692	0.10204081632653061	0.25699376869054813	14	0.9285714285714286
GSE292261	Mus musculus	dentate_gyrus	postnatal_dentate_age	P15	15.0	candidate_dentate_granule_only	reelin_migration_stop	Reelin/migration-stop	differentiation_stop	lamination, migration-stop, and maturation positioning cues	49	9	CDK5,CDK5R1,CRK,CRKL,DAB1,LRP8,PAFAH1B1,RAP1A,VLDLR	adaptor,effector,receptor	0.6	0.5555555555555556	0.6530612244897959	2.47868020972513	10	0.9
GSE292261	Mus musculus	dentate_gyrus	postnatal_dentate_age	P15	15.0	candidate_dentate_granule_only	semaphorin_guidance	Semaphorin/plexin guidance	differentiation_stop	axon guidance, pruning, fasciculation, and local circuit architecture	49	17	NRP1,NRP2,PLXNA1,PLXNA2,PLXNA3,PLXNA4,PLXNB1,PLXNC1,RAC1,RHOA,SEMA3A,SEMA3C,SEMA3E,SEMA5A,SEMA6A,SEMA6D,SEMA7A	coreceptor,effector,ligand,receptor	0.6	0.5882352941176471	0.2857142857142857	1.0351680331276383	17	1.0
GSE292261	Mus musculus	dentate_gyrus	postnatal_dentate_age	P15	15.0	candidate_dentate_granule_only	shh_granule_expansion	SHH/PTCH/GLI	progenitor_expansion_or_regional_fate	cerebellar granule precursor expansion and regional fate context	49	3	HHIP,MYCN,PTCH1	feedback,receptor,response	0.8	0.6666666666666666	0.14285714285714285	0.45981481490917014	10	0.3
GSE292261	Mus musculus	dentate_gyrus	postnatal_dentate_age	P15	15.0	candidate_dentate_granule_only	tgf_beta_smad	TGF-beta/SMAD	differentiation_stop	historical TGF-beta2-associated differentiation/stop signaling	49	8	ID2,SMAD2,SMAD3,SMAD4,SMAD7,TGFB2,TGFBR1,TGFBR3	effector,feedback,ligand,receptor,response	0.7	0.675	0.17346938775510204	0.5381322218187058	15	0.5333333333333333
GSE292261	Mus musculus	dentate_gyrus	postnatal_dentate_age	P15	15.0	candidate_dentate_granule_only	wnt_beta_catenin	WNT/beta-catenin	neurogenic_permissive	dentate neurogenic permissive and granule fate signaling	49	10	AXIN2,CTNNB1,DKK3,FZD1,FZD3,FZD5,LRP6,WNT5A,WNT7A,WNT7B	coreceptor,effector,feedback,ligand,modulator,receptor	0.6	0.64	0.11224489795918366	0.3670346310495881	16	0.625
GSE292261	Mus musculus	dentate_gyrus	postnatal_dentate_age	P28	28.0	candidate_dentate_granule_only	bdnf_trkb_mapk	BDNF/TrkB/MAPK	differentiation_stop	historical BDNF/TrkB plus MAPK maturation pathway	7	17	BDNF,CREB1,DUSP6,EGR1,ELK1,FOS,GRB2,JUN,MAP2K1,MAPK1,MAPK14,MAPK3,NTRK2,RAF1,SHC1,SORT1,SOS1	adaptor,coreceptor,effector,feedback,ligand,receptor,response	0.2	0.3941176470588235	0.2857142857142857	1.5605680177746655	18	0.9444444444444444
GSE292261	Mus musculus	dentate_gyrus	postnatal_dentate_age	P28	28.0	candidate_dentate_granule_only	bmp_smad	BMP/SMAD	differentiation_stop	BMP-associated differentiation and neurogenic brake signaling	7	8	ACVR1,BMPR1A,BMPR2,ID2,ID4,NOG,SMAD1,SMAD5	antagonist,effector,receptor,response	0.2	0.325	0.0	0.0	15	0.5333333333333333
GSE292261	Mus musculus	dentate_gyrus	postnatal_dentate_age	P28	28.0	candidate_dentate_granule_only	fgf_mapk	FGF/MAPK	neurogenic_permissive	neurogenic niche maintenance and MAPK-linked growth signaling	7	11	ETV5,FGF10,FGF9,FGFR1,FRS2,MAP2K1,MAPK1,MAPK3,SPRY1,SPRY2,SPRY4	adaptor,effector,feedback,ligand,receptor,response	0.2	0.38181818181818183	0.14285714285714285	0.6109523027165793	17	0.6470588235294118
GSE292261	Mus musculus	dentate_gyrus	postnatal_dentate_age	P28	28.0	candidate_dentate_granule_only	notch_hes	Notch/HES	neurogenic_permissive	persistent neurogenic progenitor-state and differentiation timing control	7	13	DLL1,DLL3,DLL4,HES1,HES5,HEY1,HEY2,JAG1,JAG2,NOTCH1,NOTCH2,NOTCH3,RBPJ	effector,ligand,receptor,response	0.2	0.2692307692307692	0.0	0.0	14	0.9285714285714286
GSE292261	Mus musculus	dentate_gyrus	postnatal_dentate_age	P28	28.0	candidate_dentate_granule_only	reelin_migration_stop	Reelin/migration-stop	differentiation_stop	lamination, migration-stop, and maturation positioning cues	7	9	CDK5,CDK5R1,CRK,CRKL,DAB1,LRP8,PAFAH1B1,RAP1A,VLDLR	adaptor,effector,receptor	0.2	0.3333333333333333	0.42857142857142855	1.1170334934084385	10	0.9
GSE292261	Mus musculus	dentate_gyrus	postnatal_dentate_age	P28	28.0	candidate_dentate_granule_only	semaphorin_guidance	Semaphorin/plexin guidance	differentiation_stop	axon guidance, pruning, fasciculation, and local circuit architecture	7	17	NRP1,NRP2,PLXNA1,PLXNA2,PLXNA3,PLXNA4,PLXNB1,PLXNC1,RAC1,RHOA,SEMA3A,SEMA3C,SEMA3E,SEMA5A,SEMA6A,SEMA6D,SEMA7A	coreceptor,effector,ligand,receptor	0.2	0.35294117647058826	0.14285714285714285	0.8541265378430174	17	1.0
GSE292261	Mus musculus	dentate_gyrus	postnatal_dentate_age	P28	28.0	candidate_dentate_granule_only	shh_granule_expansion	SHH/PTCH/GLI	progenitor_expansion_or_regional_fate	cerebellar granule precursor expansion and regional fate context	7	3	HHIP,MYCN,PTCH1	feedback,receptor,response	0.4	0.6	0.14285714285714285	0.7442123075487744	10	0.3
GSE292261	Mus musculus	dentate_gyrus	postnatal_dentate_age	P28	28.0	candidate_dentate_granule_only	tgf_beta_smad	TGF-beta/SMAD	differentiation_stop	historical TGF-beta2-associated differentiation/stop signaling	7	8	ID2,SMAD2,SMAD3,SMAD4,SMAD7,TGFB2,TGFBR1,TGFBR3	effector,feedback,ligand,receptor,response	0.2	0.3	0.0	0.0	15	0.5333333333333333
GSE292261	Mus musculus	dentate_gyrus	postnatal_dentate_age	P28	28.0	candidate_dentate_granule_only	wnt_beta_catenin	WNT/beta-catenin	neurogenic_permissive	dentate neurogenic permissive and granule fate signaling	7	10	AXIN2,CTNNB1,DKK3,FZD1,FZD3,FZD5,LRP6,WNT5A,WNT7A,WNT7B	coreceptor,effector,feedback,ligand,modulator,receptor	0.2	0.27	0.0	0.0	16	0.625
