screen	dataset	sample	core_branch	branch_tested	gene	canonical_gene	selected_mechanism_class	genome_mechanism_class	combined_priority_score	candidate_rank	background_rank	rank_delta	candidate_detection	background_detection	detection_delta	candidate_n_cells	background_n_cells	n_background_classes	positive_delta
selected	GSE104323	10X_all_cells	mouse_dentate	dentate	ADD2	ADD2	cytoskeleton_morphogenesis	cytoskeleton_morphogenesis	5.117839061510196	1.0	0.5	0.5	0.3411980067120919	0.2159977703455964	0.1252002363664955	9833	14352	1	True
selected	GSE104323	10X_all_cells	mouse_dentate	dentate	CACNA1E	CACNA1E	synaptic_wiring	synaptic_wiring	5.063035403837544	1.0	0.5	0.5	0.4402522119393878	0.1384476031215161	0.3018046088178717	9833	14352	1	True
selected	GSE104323	10X_all_cells	mouse_dentate	dentate	CACNA2D1	CACNA2D1	synaptic_wiring	synaptic_wiring	5.237917524870884	1.0	0.5	0.5	0.3689616597172785	0.2116778149386845	0.157283844778594	9833	14352	1	True
selected	GSE104323	10X_all_cells	mouse_dentate	dentate	CALM2	CALM2	synaptic_wiring	synaptic_wiring	5.244131944083708	1.0	0.5	0.5	0.9934913047899928	0.8603678929765887	0.13312341181340415	9833	14352	1	True
selected	GSE104323	10X_all_cells	mouse_dentate	dentate	CAMTA1	CAMTA1	regulatory_morphogenesis_candidate	regulatory_morphogenesis_candidate	5.390005460425881	1.0	0.5	0.5	0.6204617105664599	0.5131688963210702	0.10729281424538972	9833	14352	1	True
selected	GSE104323	10X_all_cells	mouse_dentate	dentate	GABRA2	GABRA2	synaptic_wiring	synaptic_wiring	5.068689083899109	1.0	0.5	0.5	0.690023390623411	0.4848801560758082	0.2051432345476028	9833	14352	1	True
selected	GSE104323	10X_all_cells	mouse_dentate	dentate	GABRB3	GABRB3	synaptic_wiring	synaptic_wiring	5.132148779890988	1.0	0.5	0.5	0.4711685141869215	0.2405936454849498	0.23057486870197172	9833	14352	1	True
selected	GSE104323	10X_all_cells	mouse_dentate	dentate	GPM6A	GPM6A	cytoskeleton_morphogenesis	cytoskeleton_morphogenesis	5.4774639744097335	1.0	0.5	0.5	0.8620970202379742	0.7488154960981048	0.11328152413986936	9833	14352	1	True
selected	GSE104323	10X_all_cells	mouse_dentate	dentate	GRIN2B	GRIN2B	synaptic_wiring	synaptic_wiring	5.09711546208696	1.0	0.5	0.5	0.6949049120309163	0.4267001114827202	0.2682048005481961	9833	14352	1	True
selected	GSE104323	10X_all_cells	mouse_dentate	dentate	KCND2	KCND2	synaptic_wiring	synaptic_wiring	5.07006775598519	1.0	0.5	0.5	0.2912641106478186	0.1636008918617614	0.1276632187860572	9833	14352	1	True
selected	GSE104323	10X_all_cells	mouse_dentate	dentate	KCND3	KCND3	synaptic_wiring	synaptic_wiring	5.086608727424575	1.0	0.5	0.5	0.1374961863114004	0.0905797101449275	0.046916476166472904	9833	14352	1	True
selected	GSE104323	10X_all_cells	mouse_dentate	dentate	KCNJ3	KCNJ3	synaptic_wiring	synaptic_wiring	5.11201500439703	1.0	0.5	0.5	0.3538086036814807	0.1041666666666666	0.2496419370148141	9833	14352	1	True
selected	GSE104323	10X_all_cells	mouse_dentate	dentate	KCNJ6	KCNJ6	synaptic_wiring	synaptic_wiring	5.115876315326329	1.0	0.5	0.5	0.0273568595545611	0.0061315496098104	0.0212253099447507	9833	14352	1	True
selected	GSE104323	10X_all_cells	mouse_dentate	dentate	KCNK1	KCNK1	synaptic_wiring	synaptic_wiring	5.151531513892637	1.0	0.5	0.5	0.3899115224244889	0.2634476031215161	0.1264639193029728	9833	14352	1	True
selected	GSE104323	10X_all_cells	mouse_dentate	dentate	MAP3K4	MAP3K4	cytoskeleton_morphogenesis	cytoskeleton_morphogenesis	5.094184326912494	1.0	0.5	0.5	0.1102410251194955	0.0796404682274247	0.030600556892070807	9833	14352	1	True
selected	GSE104323	10X_all_cells	mouse_dentate	dentate	MAPK1	MAPK1	cytoskeleton_morphogenesis	cytoskeleton_morphogenesis	5.278453396465785	1.0	0.5	0.5	0.6671412590257297	0.4499024526198439	0.21723880640588583	9833	14352	1	True
selected	GSE104323	10X_all_cells	mouse_dentate	dentate	NFIA	NFIA	regulatory_morphogenesis_candidate	regulatory_morphogenesis_candidate	5.458070983658397	1.0	0.5	0.5	0.6764975083901149	0.6523132664437012	0.024184241946413665	9833	14352	1	True
selected	GSE104323	10X_all_cells	mouse_dentate	dentate	NFIB	NFIB	regulatory_morphogenesis_candidate	regulatory_morphogenesis_candidate	5.456430873042622	1.0	0.5	0.5	0.8307739245398149	0.7458890746934225	0.08488484984639244	9833	14352	1	True
selected	GSE104323	10X_all_cells	mouse_dentate	dentate	PPP3CA	PPP3CA	synaptic_wiring	synaptic_wiring	5.455182618321777	1.0	0.5	0.5	0.9114207261263094	0.7045707915273133	0.20684993459899614	9833	14352	1	True
selected	GSE104323	10X_all_cells	mouse_dentate	dentate	RFX3	RFX3	regulatory_morphogenesis_candidate	regulatory_morphogenesis_candidate	5.11374282878083	1.0	0.5	0.5	0.5088986067324316	0.1714743589743589	0.33742424775807267	9833	14352	1	True
selected	GSE104323	10X_all_cells	mouse_dentate	dentate	STXBP1	STXBP1	synaptic_wiring	synaptic_wiring	5.2525389164357135	1.0	0.5	0.5	0.4368961659717278	0.3290830546265328	0.107813111345195	9833	14352	1	True
selected	GSE104323	10X_all_cells	mouse_dentate	dentate	STXBP5	STXBP5	synaptic_wiring	synaptic_wiring	5.035665896251466	1.0	0.5	0.5	0.2255669683718092	0.1012402452619844	0.1243267231098248	9833	14352	1	True
selected	GSE104323	10X_all_cells	mouse_dentate	dentate	STXBP5L	STXBP5L	synaptic_wiring	synaptic_wiring	5.06800546524533	1.0	0.5	0.5	0.1272246516831079	0.058180044593088	0.06904460709001989	9833	14352	1	True
selected	GSE104323	10X_all_cells	mouse_dentate	dentate	SYNPR	SYNPR	synaptic_wiring	synaptic_wiring	5.163026400960264	1.0	0.5	0.5	0.6618529441675989	0.1477842809364548	0.5140686632311441	9833	14352	1	True
selected	GSE95752	C1_all_cells	mouse_dentate	dentate	ADD2	ADD2	cytoskeleton_morphogenesis	cytoskeleton_morphogenesis	5.117839061510196	1.0	0.5	0.5	0.8865248226950354	0.33273931721411193	0.5537855054809235	987	1316	2	True
selected	GSE95752	C1_all_cells	mouse_dentate	dentate	CACNA1E	CACNA1E	synaptic_wiring	synaptic_wiring	5.063035403837544	1.0	0.5	0.5	0.5825734549138805	0.20654653284671531	0.37602692206716515	987	1316	2	True
selected	GSE95752	C1_all_cells	mouse_dentate	dentate	CACNA2D1	CACNA2D1	synaptic_wiring	synaptic_wiring	5.237917524870884	1.0	0.5	0.5	0.8115501519756839	0.31398741636253036	0.49756273561315356	987	1316	2	True
selected	GSE95752	C1_all_cells	mouse_dentate	dentate	CALM2	CALM2	synaptic_wiring	synaptic_wiring	5.244131944083708	1.0	0.5	0.5	0.9979736575481256	0.7947365419708029	0.2032371155773227	987	1316	2	True
selected	GSE95752	C1_all_cells	mouse_dentate	dentate	CAMTA1	CAMTA1	regulatory_morphogenesis_candidate	regulatory_morphogenesis_candidate	5.390005460425881	1.0	0.5	0.5	0.8318135764944276	0.4204303527980535	0.41138322369637403	987	1316	2	True
selected	GSE95752	C1_all_cells	mouse_dentate	dentate	GABRA2	GABRA2	synaptic_wiring	synaptic_wiring	5.068689083899109	1.0	0.5	0.5	0.7061803444782169	0.32576319190997566	0.3804171525682412	987	1316	2	True
selected	GSE95752	C1_all_cells	mouse_dentate	dentate	GABRB3	GABRB3	synaptic_wiring	synaptic_wiring	5.132148779890988	1.0	0.5	0.5	0.878419452887538	0.3208875076034063	0.5575319452841316	987	1316	2	True
selected	GSE95752	C1_all_cells	mouse_dentate	dentate	GPM6A	GPM6A	cytoskeleton_morphogenesis	cytoskeleton_morphogenesis	5.4774639744097335	1.0	0.5	0.5	0.9989868287740628	0.8918367928832116	0.10715003589085115	987	1316	2	True
selected	GSE95752	C1_all_cells	mouse_dentate	dentate	GRIN2B	GRIN2B	synaptic_wiring	synaptic_wiring	5.09711546208696	1.0	0.5	0.5	0.9696048632218844	0.4696386481143552	0.49996621510752925	987	1316	2	True
selected	GSE95752	C1_all_cells	mouse_dentate	dentate	KCND2	KCND2	synaptic_wiring	synaptic_wiring	5.07006775598519	1.0	0.5	0.5	0.7983789260385005	0.30866503193430656	0.4897138941041939	987	1316	2	True
selected	GSE95752	C1_all_cells	mouse_dentate	dentate	KCND3	KCND3	synaptic_wiring	synaptic_wiring	5.086608727424575	1.0	0.5	0.5	0.331306990881459	0.11292008819951335	0.21838690268194563	987	1316	2	True
selected	GSE95752	C1_all_cells	mouse_dentate	dentate	KCNJ3	KCNJ3	synaptic_wiring	synaptic_wiring	5.11201500439703	1.0	0.5	0.5	0.1428571428571428	0.033597551703163	0.10925959115397979	987	1316	2	True
selected	GSE95752	C1_all_cells	mouse_dentate	dentate	KCNJ6	KCNJ6	synaptic_wiring	synaptic_wiring	5.115876315326329	1.0	0.5	0.5	0.1955420466058764	0.051570103406326	0.1439719431995504	987	1316	2	True
selected	GSE95752	C1_all_cells	mouse_dentate	dentate	KCNK1	KCNK1	synaptic_wiring	synaptic_wiring	5.151531513892637	1.0	0.5	0.5	0.6919959473150963	0.39771517639902676	0.2942807709160695	987	1316	2	True
selected	GSE95752	C1_all_cells	mouse_dentate	dentate	MAP3K4	MAP3K4	cytoskeleton_morphogenesis	cytoskeleton_morphogenesis	5.094184326912494	1.0	0.5	0.5	0.3140830800405269	0.10940826490267636	0.20467481513785052	987	1316	2	True
selected	GSE95752	C1_all_cells	mouse_dentate	dentate	MAPK1	MAPK1	cytoskeleton_morphogenesis	cytoskeleton_morphogenesis	5.278453396465785	1.0	0.5	0.5	0.9321175278622088	0.4851971183090025	0.44692040955320633	987	1316	2	True
selected	GSE95752	C1_all_cells	mouse_dentate	dentate	NFIA	NFIA	regulatory_morphogenesis_candidate	regulatory_morphogenesis_candidate	5.458070983658397	1.0	0.5	0.5	0.7700101317122594	0.6052691605839415	0.16474097112831787	987	1316	2	True
selected	GSE95752	C1_all_cells	mouse_dentate	dentate	NFIB	NFIB	regulatory_morphogenesis_candidate	regulatory_morphogenesis_candidate	5.456430873042622	1.0	0.5	0.5	0.9908814589665652	0.8081850669099757	0.1826963920565895	987	1316	2	True
selected	GSE95752	C1_all_cells	mouse_dentate	dentate	PPP3CA	PPP3CA	synaptic_wiring	synaptic_wiring	5.455182618321777	1.0	0.5	0.5	0.994934143870314	0.7324789005474452	0.26245524332286874	987	1316	2	True
selected	GSE95752	C1_all_cells	mouse_dentate	dentate	RFX3	RFX3	regulatory_morphogenesis_candidate	regulatory_morphogenesis_candidate	5.11374282878083	1.0	0.5	0.5	0.8439716312056738	0.3132460842457421	0.5307255469599317	987	1316	2	True
selected	GSE95752	C1_all_cells	mouse_dentate	dentate	STXBP1	STXBP1	synaptic_wiring	synaptic_wiring	5.2525389164357135	1.0	0.5	0.5	0.7284701114488349	0.2776668947688564	0.45080321667997847	987	1316	2	True
selected	GSE95752	C1_all_cells	mouse_dentate	dentate	STXBP5	STXBP5	synaptic_wiring	synaptic_wiring	5.035665896251466	1.0	0.5	0.5	0.690982776089159	0.2582734565085158	0.43270931958064324	987	1316	2	True
selected	GSE95752	C1_all_cells	mouse_dentate	dentate	STXBP5L	STXBP5L	synaptic_wiring	synaptic_wiring	5.06800546524533	1.0	0.5	0.5	0.7092198581560284	0.2510882375304136	0.4581316206256148	987	1316	2	True
selected	GSE95752	C1_all_cells	mouse_dentate	dentate	SYNPR	SYNPR	synaptic_wiring	synaptic_wiring	5.163026400960264	1.0	0.5	0.5	0.9756838905775076	0.4134779881386861	0.5622059024388215	987	1316	2	True
selected	GSE292261	SS2_filtered_counts	mouse_dentate	dentate	ADD2	ADD2	cytoskeleton_morphogenesis	cytoskeleton_morphogenesis	5.117839061510196	1.0	0.5	0.5	0.8928571428571429	0.7378640776699029	0.15499306518724	196	309	1	True
selected	GSE292261	SS2_filtered_counts	mouse_dentate	dentate	CACNA1E	CACNA1E	synaptic_wiring	synaptic_wiring	5.063035403837544	1.0	0.5	0.5	0.9285714285714286	0.8705501618122977	0.058021266759130885	196	309	1	True
selected	GSE292261	SS2_filtered_counts	mouse_dentate	dentate	CACNA2D1	CACNA2D1	synaptic_wiring	synaptic_wiring	5.237917524870884	1.0	0.5	0.5	0.6938775510204082	0.5372168284789643	0.1566607225414438	196	309	1	True
selected	GSE292261	SS2_filtered_counts	mouse_dentate	dentate	CALM2	CALM2	synaptic_wiring	synaptic_wiring	5.244131944083708	1.0	0.5	0.5	1.0	0.9935275080906149	0.006472491909385147	196	309	1	True
selected	GSE292261	SS2_filtered_counts	mouse_dentate	dentate	CAMTA1	CAMTA1	regulatory_morphogenesis_candidate	regulatory_morphogenesis_candidate	5.390005460425881	1.0	0.5	0.5	0.7653061224489796	0.5339805825242718	0.23132553992470772	196	309	1	True
selected	GSE292261	SS2_filtered_counts	mouse_dentate	dentate	GABRA2	GABRA2	synaptic_wiring	synaptic_wiring	5.068689083899109	1.0	0.5	0.5	0.576530612244898	0.5048543689320388	0.07167624331285916	196	309	1	True
selected	GSE292261	SS2_filtered_counts	mouse_dentate	dentate	GABRB3	GABRB3	synaptic_wiring	synaptic_wiring	5.132148779890988	1.0	0.5	0.5	0.9489795918367347	0.7993527508090615	0.1496268410276732	196	309	1	True
selected	GSE292261	SS2_filtered_counts	mouse_dentate	dentate	GPM6A	GPM6A	cytoskeleton_morphogenesis	cytoskeleton_morphogenesis	5.4774639744097335	1.0	0.5	0.5	1.0	0.964401294498382	0.03559870550161803	196	309	1	True
selected	GSE292261	SS2_filtered_counts	mouse_dentate	dentate	GRIN2B	GRIN2B	synaptic_wiring	synaptic_wiring	5.09711546208696	1.0	0.5	0.5	1.0	0.9676375404530744	0.032362459546925626	196	309	1	True
selected	GSE292261	SS2_filtered_counts	mouse_dentate	dentate	KCND2	KCND2	synaptic_wiring	synaptic_wiring	5.07006775598519	1.0	0.5	0.5	0.6377551020408163	0.3527508090614886	0.2850042929793277	196	309	1	True
selected	GSE292261	SS2_filtered_counts	mouse_dentate	dentate	KCND3	KCND3	synaptic_wiring	synaptic_wiring	5.086608727424575	1.0	0.5	0.5	0.2142857142857142	0.1423948220064725	0.0718908922792417	196	309	1	True
selected	GSE292261	SS2_filtered_counts	mouse_dentate	dentate	KCNJ3	KCNJ3	synaptic_wiring	synaptic_wiring	5.11201500439703	1.0	0.5	0.5	0.6377551020408163	0.4627831715210356	0.17497193051978072	196	309	1	True
selected	GSE292261	SS2_filtered_counts	mouse_dentate	dentate	KCNJ6	KCNJ6	synaptic_wiring	synaptic_wiring	5.115876315326329	1.0	0.5	0.5	0.5816326530612245	0.3818770226537217	0.19975563040750277	196	309	1	True
selected	GSE292261	SS2_filtered_counts	mouse_dentate	dentate	KCNK1	KCNK1	synaptic_wiring	synaptic_wiring	5.151531513892637	1.0	0.5	0.5	0.9540816326530612	0.6990291262135923	0.255052506439469	196	309	1	True
selected	GSE292261	SS2_filtered_counts	mouse_dentate	dentate	MAP3K4	MAP3K4	cytoskeleton_morphogenesis	cytoskeleton_morphogenesis	5.094184326912494	1.0	0.5	0.5	0.5561224489795918	0.372168284789644	0.18395416418994787	196	309	1	True
selected	GSE292261	SS2_filtered_counts	mouse_dentate	dentate	MAPK1	MAPK1	cytoskeleton_morphogenesis	cytoskeleton_morphogenesis	5.278453396465785	1.0	0.5	0.5	0.9897959183673468	0.941747572815534	0.04804834555181281	196	309	1	True
selected	GSE292261	SS2_filtered_counts	mouse_dentate	dentate	NFIA	NFIA	regulatory_morphogenesis_candidate	regulatory_morphogenesis_candidate	5.458070983658397	1.0	0.5	0.5	0.903061224489796	0.6343042071197411	0.26875701737005486	196	309	1	True
selected	GSE292261	SS2_filtered_counts	mouse_dentate	dentate	NFIB	NFIB	regulatory_morphogenesis_candidate	regulatory_morphogenesis_candidate	5.456430873042622	1.0	0.5	0.5	0.9948979591836736	0.8220064724919094	0.17289148669176424	196	309	1	True
selected	GSE292261	SS2_filtered_counts	mouse_dentate	dentate	PPP3CA	PPP3CA	synaptic_wiring	synaptic_wiring	5.455182618321777	1.0	0.5	0.5	1.0	0.9870550161812298	0.012944983818770184	196	309	1	True
selected	GSE292261	SS2_filtered_counts	mouse_dentate	dentate	RFX3	RFX3	regulatory_morphogenesis_candidate	regulatory_morphogenesis_candidate	5.11374282878083	1.0	0.5	0.5	0.9948979591836736	0.889967637540453	0.10493032164322058	196	309	1	True
selected	GSE292261	SS2_filtered_counts	mouse_dentate	dentate	STXBP1	STXBP1	synaptic_wiring	synaptic_wiring	5.2525389164357135	1.0	0.5	0.5	0.9948979591836736	0.9676375404530744	0.027260418730599256	196	309	1	True
selected	GSE292261	SS2_filtered_counts	mouse_dentate	dentate	STXBP5	STXBP5	synaptic_wiring	synaptic_wiring	5.035665896251466	1.0	0.5	0.5	0.5510204081632653	0.3689320388349514	0.18208836932831385	196	309	1	True
selected	GSE292261	SS2_filtered_counts	mouse_dentate	dentate	STXBP5L	STXBP5L	synaptic_wiring	synaptic_wiring	5.06800546524533	1.0	0.5	0.5	0.8010204081632653	0.56957928802589	0.23144112013737528	196	309	1	True
selected	GSE292261	SS2_filtered_counts	mouse_dentate	dentate	SYNPR	SYNPR	synaptic_wiring	synaptic_wiring	5.163026400960264	1.0	0.5	0.5	0.9948979591836736	0.8996763754045307	0.09522158377914292	196	309	1	True
selected	GSE214309	snRNA_counts	mouse_dentate	dentate	ADD2	ADD2	cytoskeleton_morphogenesis	cytoskeleton_morphogenesis	5.117839061510196	1.0	0.5	0.5	0.3287671232876712	0.1974789915966386	0.13128813169103262	146	238	1	True
selected	GSE214309	snRNA_counts	mouse_dentate	dentate	CACNA1E	CACNA1E	synaptic_wiring	synaptic_wiring	5.063035403837544	1.0	0.5	0.5	0.9657534246575342	0.8613445378151261	0.10440888684240812	146	238	1	True
selected	GSE214309	snRNA_counts	mouse_dentate	dentate	CACNA2D1	CACNA2D1	synaptic_wiring	synaptic_wiring	5.237917524870884	1.0	0.5	0.5	0.6301369863013698	0.4663865546218487	0.16375043167952114	146	238	1	True
selected	GSE214309	snRNA_counts	mouse_dentate	dentate	CALM2	CALM2	synaptic_wiring	synaptic_wiring	5.244131944083708	1.0	0.5	0.5	1.0	1.0	0.0	146	238	1	True
selected	GSE214309	snRNA_counts	mouse_dentate	dentate	CAMTA1	CAMTA1	regulatory_morphogenesis_candidate	regulatory_morphogenesis_candidate	5.390005460425881	1.0	0.5	0.5	0.6575342465753424	0.4957983193277311	0.16173592724761132	146	238	1	True
selected	GSE214309	snRNA_counts	mouse_dentate	dentate	GABRA2	GABRA2	synaptic_wiring	synaptic_wiring	5.068689083899109	1.0	0.5	0.5	0.6575342465753424	0.4747899159663865	0.18274433060895595	146	238	1	True
selected	GSE214309	snRNA_counts	mouse_dentate	dentate	GABRB3	GABRB3	synaptic_wiring	synaptic_wiring	5.132148779890988	1.0	0.5	0.5	0.7191780821917808	0.5084033613445378	0.21077472084724302	146	238	1	True
selected	GSE214309	snRNA_counts	mouse_dentate	dentate	GPM6A	GPM6A	cytoskeleton_morphogenesis	cytoskeleton_morphogenesis	5.4774639744097335	1.0	0.5	0.5	0.8287671232876712	0.7226890756302521	0.10607804765741913	146	238	1	True
selected	GSE214309	snRNA_counts	mouse_dentate	dentate	GRIN2B	GRIN2B	synaptic_wiring	synaptic_wiring	5.09711546208696	1.0	0.5	0.5	1.0	0.9747899159663864	0.025210084033613578	146	238	1	True
selected	GSE214309	snRNA_counts	mouse_dentate	dentate	KCND2	KCND2	synaptic_wiring	synaptic_wiring	5.07006775598519	1.0	0.5	0.5	0.2945205479452055	0.2563025210084033	0.03821802693680221	146	238	1	True
selected	GSE214309	snRNA_counts	mouse_dentate	dentate	KCND3	KCND3	synaptic_wiring	synaptic_wiring	5.086608727424575	1.0	0.5	0.5	0.1712328767123287	0.1302521008403361	0.040980775871992614	146	238	1	True
selected	GSE214309	snRNA_counts	mouse_dentate	dentate	KCNJ3	KCNJ3	synaptic_wiring	synaptic_wiring	5.11201500439703	1.0	0.5	0.5	0.4520547945205479	0.3781512605042016	0.0739035340163463	146	238	1	True
selected	GSE214309	snRNA_counts	mouse_dentate	dentate	KCNJ6	KCNJ6	synaptic_wiring	synaptic_wiring	5.115876315326329	1.0	0.5	0.5	0.3972602739726027	0.3529411764705882	0.044319097502014515	146	238	1	True
selected	GSE214309	snRNA_counts	mouse_dentate	dentate	KCNK1	KCNK1	synaptic_wiring	synaptic_wiring	5.151531513892637	1.0	0.5	0.5	0.6438356164383562	0.4621848739495798	0.18165074248877638	146	238	1	True
selected	GSE214309	snRNA_counts	mouse_dentate	dentate	MAP3K4	MAP3K4	cytoskeleton_morphogenesis	cytoskeleton_morphogenesis	5.094184326912494	1.0	0.5	0.5	0.3287671232876712	0.2352941176470588	0.09347300564061242	146	238	1	True
selected	GSE214309	snRNA_counts	mouse_dentate	dentate	MAPK1	MAPK1	cytoskeleton_morphogenesis	cytoskeleton_morphogenesis	5.278453396465785	1.0	0.5	0.5	0.7054794520547946	0.5462184873949579	0.15926096465983663	146	238	1	True
selected	GSE214309	snRNA_counts	mouse_dentate	dentate	NFIA	NFIA	regulatory_morphogenesis_candidate	regulatory_morphogenesis_candidate	5.458070983658397	1.0	0.5	0.5	0.8767123287671232	0.8067226890756303	0.06998963969149297	146	238	1	True
selected	GSE214309	snRNA_counts	mouse_dentate	dentate	NFIB	NFIB	regulatory_morphogenesis_candidate	regulatory_morphogenesis_candidate	5.456430873042622	1.0	0.5	0.5	0.8767123287671232	0.7058823529411765	0.17082997582594672	146	238	1	True
selected	GSE214309	snRNA_counts	mouse_dentate	dentate	PPP3CA	PPP3CA	synaptic_wiring	synaptic_wiring	5.455182618321777	1.0	0.5	0.5	0.9931506849315068	0.9789915966386554	0.014159088292851396	146	238	1	True
selected	GSE214309	snRNA_counts	mouse_dentate	dentate	RFX3	RFX3	regulatory_morphogenesis_candidate	regulatory_morphogenesis_candidate	5.11374282878083	1.0	0.5	0.5	0.9041095890410958	0.8697478991596639	0.034361689881431956	146	238	1	True
selected	GSE214309	snRNA_counts	mouse_dentate	dentate	STXBP1	STXBP1	synaptic_wiring	synaptic_wiring	5.2525389164357135	1.0	0.5	0.5	0.6095890410958904	0.4201680672268907	0.1894209738689997	146	238	1	True
selected	GSE214309	snRNA_counts	mouse_dentate	dentate	STXBP5	STXBP5	synaptic_wiring	synaptic_wiring	5.035665896251466	1.0	0.5	0.5	0.3424657534246575	0.2478991596638655	0.09456659376079202	146	238	1	True
selected	GSE214309	snRNA_counts	mouse_dentate	dentate	STXBP5L	STXBP5L	synaptic_wiring	synaptic_wiring	5.06800546524533	1.0	0.5	0.5	0.541095890410959	0.5882352941176471	-0.04713940370668812	146	238	1	True
selected	GSE214309	snRNA_counts	mouse_dentate	dentate	SYNPR	SYNPR	synaptic_wiring	synaptic_wiring	5.163026400960264	1.0	0.5	0.5	0.6643835616438356	0.5168067226890757	0.14757683895475993	146	238	1	True
selected	GSE122357	GSM3464549_P0	cerebellum	cerebellar	ADD2	ADD2	cytoskeleton_morphogenesis	cytoskeleton_morphogenesis	5.117839061510196	1.0	0.5	0.5	0.215832710978342	0.122868091588822	0.09296461938952	2678	4790	2	True
selected	GSE122357	GSM3464549_P0	cerebellum	cerebellar	CACNA1E	CACNA1E	synaptic_wiring	synaptic_wiring	5.063035403837544	1.0	0.5	0.5	0.1034353995519044	0.07547784181563601	0.027957557736268387	2678	4790	2	True
selected	GSE122357	GSM3464549_P0	cerebellum	cerebellar	CACNA2D1	CACNA2D1	synaptic_wiring	synaptic_wiring	5.237917524870884	1.0	0.5	0.5	0.4507094846900672	0.1931498007037141	0.2575596839863531	2678	4790	2	True
selected	GSE122357	GSM3464549_P0	cerebellum	cerebellar	CALM2	CALM2	synaptic_wiring	synaptic_wiring	5.244131944083708	1.0	0.5	0.5	0.9977595220313666	0.9434193917871925	0.05434013024417417	2678	4790	2	True
selected	GSE122357	GSM3464549_P0	cerebellum	cerebellar	CAMTA1	CAMTA1	regulatory_morphogenesis_candidate	regulatory_morphogenesis_candidate	5.390005460425881	1.0	0.5	0.5	0.7453323375653472	0.4951786451938725	0.2501536923714747	2678	4790	2	True
selected	GSE122357	GSM3464549_P0	cerebellum	cerebellar	GABRA2	GABRA2	synaptic_wiring	synaptic_wiring	5.068689083899109	1.0	0.5	0.5	0.0735623599701269	0.051511210455984	0.0220511495141429	2678	4790	2	True
selected	GSE122357	GSM3464549_P0	cerebellum	cerebellar	GABRB3	GABRB3	synaptic_wiring	synaptic_wiring	5.132148779890988	1.0	0.5	0.5	0.2154592979835698	0.1252971248087004	0.09016217317486941	2678	4790	2	True
selected	GSE122357	GSM3464549_P0	cerebellum	cerebellar	GPM6A	GPM6A	cytoskeleton_morphogenesis	cytoskeleton_morphogenesis	5.4774639744097335	1.0	0.5	0.5	0.9051530993278566	0.7046150035019707	0.2005380958258859	2678	4790	2	True
selected	GSE122357	GSM3464549_P0	cerebellum	cerebellar	GRIN2B	GRIN2B	synaptic_wiring	synaptic_wiring	5.09711546208696	1.0	0.5	0.5	0.1885735623599701	0.10944408371274	0.0791294786472301	2678	4790	2	True
selected	GSE122357	GSM3464549_P0	cerebellum	cerebellar	KCND2	KCND2	synaptic_wiring	synaptic_wiring	5.07006775598519	1.0	0.5	0.5	0.1601941747572815	0.08516907463060111	0.0750251001266804	2678	4790	2	True
selected	GSE122357	GSM3464549_P0	cerebellum	cerebellar	KCND3	KCND3	synaptic_wiring	synaptic_wiring	5.086608727424575	1.0	0.5	0.5	0.2281553398058252	0.1377742917687409	0.0903810480370843	2678	4790	2	True
selected	GSE122357	GSM3464549_P0	cerebellum	cerebellar	KCNJ3	KCNJ3	synaptic_wiring	synaptic_wiring	5.11201500439703	1.0	0.5	0.5	0.1699029126213592	0.0919131613441182	0.077989751277241	2678	4790	2	True
selected	GSE122357	GSM3464549_P0	cerebellum	cerebellar	KCNJ6	KCNJ6	synaptic_wiring	synaptic_wiring	5.115876315326329	1.0	0.5	0.5	0.0328603435399551	0.0142300676579446	0.0186302758820105	2678	4790	2	True
selected	GSE122357	GSM3464549_P0	cerebellum	cerebellar	KCNK1	KCNK1	synaptic_wiring	synaptic_wiring	5.151531513892637	1.0	0.5	0.5	0.3573562359970127	0.18722422380433396	0.17013201219267876	2678	4790	2	True
selected	GSE122357	GSM3464549_P0	cerebellum	cerebellar	MAP3K4	MAP3K4	cytoskeleton_morphogenesis	cytoskeleton_morphogenesis	5.094184326912494	1.0	0.5	0.5	0.101194921583271	0.07615557049559421	0.025039351087676784	2678	4790	2	True
selected	GSE122357	GSM3464549_P0	cerebellum	cerebellar	MAPK1	MAPK1	cytoskeleton_morphogenesis	cytoskeleton_morphogenesis	5.278453396465785	1.0	0.5	0.5	0.5533980582524272	0.39716305264575946	0.1562350056066677	2678	4790	2	True
selected	GSE122357	GSM3464549_P0	cerebellum	cerebellar	NFIA	NFIA	regulatory_morphogenesis_candidate	regulatory_morphogenesis_candidate	5.458070983658397	1.0	0.5	0.5	0.8711725168035848	0.7521556113572387	0.11901690544634602	2678	4790	2	True
selected	GSE122357	GSM3464549_P0	cerebellum	cerebellar	NFIB	NFIB	regulatory_morphogenesis_candidate	regulatory_morphogenesis_candidate	5.456430873042622	1.0	0.5	0.5	0.9869305451829724	0.8560310190957956	0.1308995260871768	2678	4790	2	True
selected	GSE122357	GSM3464549_P0	cerebellum	cerebellar	PPP3CA	PPP3CA	synaptic_wiring	synaptic_wiring	5.455182618321777	1.0	0.5	0.5	0.8117998506348021	0.6040264042838326	0.2077734463509695	2678	4790	2	True
selected	GSE122357	GSM3464549_P0	cerebellum	cerebellar	RFX3	RFX3	regulatory_morphogenesis_candidate	regulatory_morphogenesis_candidate	5.11374282878083	1.0	0.5	0.5	0.178117998506348	0.13333250333118166	0.044785495175166334	2678	4790	2	True
selected	GSE122357	GSM3464549_P0	cerebellum	cerebellar	STXBP1	STXBP1	synaptic_wiring	synaptic_wiring	5.2525389164357135	1.0	0.5	0.5	0.5586258401792382	0.33932403347845597	0.21930180670078225	2678	4790	2	True
selected	GSE122357	GSM3464549_P0	cerebellum	cerebellar	STXBP5	STXBP5	synaptic_wiring	synaptic_wiring	5.035665896251466	1.0	0.5	0.5	0.0660941000746826	0.041256533872707	0.024837566201975594	2678	4790	2	True
selected	GSE122357	GSM3464549_P0	cerebellum	cerebellar	STXBP5L	STXBP5L	synaptic_wiring	synaptic_wiring	5.06800546524533	1.0	0.5	0.5	0.1067961165048543	0.051060455441334446	0.05573566106351985	2678	4790	2	True
selected	GSE122357	GSM3464549_P0	cerebellum	cerebellar	SYNPR	SYNPR	synaptic_wiring	synaptic_wiring	5.163026400960264	1.0	0.5	0.5	0.2897684839432412	0.15097451829548203	0.13879396564775914	2678	4790	2	True
selected	GSE122357	GSM3464550_P8a	cerebellum	cerebellar	ADD2	ADD2	cytoskeleton_morphogenesis	cytoskeleton_morphogenesis	5.117839061510196	1.0	0.5	0.5	0.2555235350624399	0.18605147459556703	0.06947206046687288	2082	4006	2	True
selected	GSE122357	GSM3464550_P8a	cerebellum	cerebellar	CACNA1E	CACNA1E	synaptic_wiring	synaptic_wiring	5.063035403837544	1.0	0.5	0.5	0.1431316042267051	0.1132348427457992	0.029896761480905892	2082	4006	2	True
selected	GSE122357	GSM3464550_P8a	cerebellum	cerebellar	CACNA2D1	CACNA2D1	synaptic_wiring	synaptic_wiring	5.237917524870884	1.0	0.5	0.5	0.5009606147934679	0.2169522162507769	0.284008398542691	2082	4006	2	True
selected	GSE122357	GSM3464550_P8a	cerebellum	cerebellar	CALM2	CALM2	synaptic_wiring	synaptic_wiring	5.244131944083708	1.0	0.5	0.5	0.999519692603266	0.9915920802820721	0.007927612321193878	2082	4006	2	True
selected	GSE122357	GSM3464550_P8a	cerebellum	cerebellar	CAMTA1	CAMTA1	regulatory_morphogenesis_candidate	regulatory_morphogenesis_candidate	5.390005460425881	1.0	0.5	0.5	0.8861671469740634	0.7176740611127974	0.168493085861266	2082	4006	2	True
selected	GSE122357	GSM3464550_P8a	cerebellum	cerebellar	GABRA2	GABRA2	synaptic_wiring	synaptic_wiring	5.068689083899109	1.0	0.5	0.5	0.0936599423631124	0.03933034222588385	0.05432960013722855	2082	4006	2	True
selected	GSE122357	GSM3464550_P8a	cerebellum	cerebellar	GABRB3	GABRB3	synaptic_wiring	synaptic_wiring	5.132148779890988	0.6666666666666666	0.6666666666666666	0.0	0.2790585975024015	0.21592343853223173	0.06313515897016975	2082	4006	2	False
selected	GSE122357	GSM3464550_P8a	cerebellum	cerebellar	GPM6A	GPM6A	cytoskeleton_morphogenesis	cytoskeleton_morphogenesis	5.4774639744097335	1.0	0.5	0.5	0.9798270893371758	0.8138758307805192	0.1659512585566566	2082	4006	2	True
selected	GSE122357	GSM3464550_P8a	cerebellum	cerebellar	GRIN2B	GRIN2B	synaptic_wiring	synaptic_wiring	5.09711546208696	1.0	0.5	0.5	0.1666666666666666	0.08241359755065875	0.08425306911600786	2082	4006	2	True
selected	GSE122357	GSM3464550_P8a	cerebellum	cerebellar	KCND2	KCND2	synaptic_wiring	synaptic_wiring	5.07006775598519	0.6666666666666666	0.6666666666666666	0.0	0.1200768491834774	0.10336665382820084	0.016710195355276555	2082	4006	2	False
selected	GSE122357	GSM3464550_P8a	cerebellum	cerebellar	KCND3	KCND3	synaptic_wiring	synaptic_wiring	5.086608727424575	0.6666666666666666	0.6666666666666666	0.0	0.0893371757925072	0.09928257633148065	-0.009945400538973442	2082	4006	2	False
selected	GSE122357	GSM3464550_P8a	cerebellum	cerebellar	KCNJ3	KCNJ3	synaptic_wiring	synaptic_wiring	5.11201500439703	1.0	0.5	0.5	0.2689721421709894	0.15077375137418345	0.11819839079680597	2082	4006	2	True
selected	GSE122357	GSM3464550_P8a	cerebellum	cerebellar	KCNJ6	KCNJ6	synaptic_wiring	synaptic_wiring	5.115876315326329	1.0	0.5	0.5	0.1536983669548511	0.05275589145289765	0.10094247550195344	2082	4006	2	True
selected	GSE122357	GSM3464550_P8a	cerebellum	cerebellar	KCNK1	KCNK1	synaptic_wiring	synaptic_wiring	5.151531513892637	1.0	0.5	0.5	0.5979827089337176	0.36435735826886473	0.2336253506648529	2082	4006	2	True
selected	GSE122357	GSM3464550_P8a	cerebellum	cerebellar	MAP3K4	MAP3K4	cytoskeleton_morphogenesis	cytoskeleton_morphogenesis	5.094184326912494	1.0	0.5	0.5	0.2228626320845341	0.1700178463176134	0.0528447857669207	2082	4006	2	True
selected	GSE122357	GSM3464550_P8a	cerebellum	cerebellar	MAPK1	MAPK1	cytoskeleton_morphogenesis	cytoskeleton_morphogenesis	5.278453396465785	1.0	0.5	0.5	0.6935638808837656	0.5639670178964812	0.12959686298728446	2082	4006	2	True
selected	GSE122357	GSM3464550_P8a	cerebellum	cerebellar	NFIA	NFIA	regulatory_morphogenesis_candidate	regulatory_morphogenesis_candidate	5.458070983658397	1.0	0.5	0.5	0.9903938520653218	0.8486935798318757	0.14170027223344617	2082	4006	2	True
selected	GSE122357	GSM3464550_P8a	cerebellum	cerebellar	NFIB	NFIB	regulatory_morphogenesis_candidate	regulatory_morphogenesis_candidate	5.456430873042622	1.0	0.5	0.5	0.999519692603266	0.8656165481871831	0.13390314441608286	2082	4006	2	True
selected	GSE122357	GSM3464550_P8a	cerebellum	cerebellar	PPP3CA	PPP3CA	synaptic_wiring	synaptic_wiring	5.455182618321777	1.0	0.5	0.5	0.926032660902978	0.7633339369962922	0.16269872390668583	2082	4006	2	True
selected	GSE122357	GSM3464550_P8a	cerebellum	cerebellar	RFX3	RFX3	regulatory_morphogenesis_candidate	regulatory_morphogenesis_candidate	5.11374282878083	1.0	0.5	0.5	0.2439961575408261	0.1512532808231582	0.0927428767176679	2082	4006	2	True
selected	GSE122357	GSM3464550_P8a	cerebellum	cerebellar	STXBP1	STXBP1	synaptic_wiring	synaptic_wiring	5.2525389164357135	1.0	0.5	0.5	0.6354466858789626	0.4269559317537769	0.2084907541251857	2082	4006	2	True
selected	GSE122357	GSM3464550_P8a	cerebellum	cerebellar	STXBP5	STXBP5	synaptic_wiring	synaptic_wiring	5.035665896251466	0.6666666666666666	0.6666666666666666	0.0	0.0662824207492795	0.0591640713410585	0.007118349408220995	2082	4006	2	False
selected	GSE122357	GSM3464550_P8a	cerebellum	cerebellar	STXBP5L	STXBP5L	synaptic_wiring	synaptic_wiring	5.06800546524533	1.0	0.5	0.5	0.1652257444764649	0.09653590986886906	0.06868983460759584	2082	4006	2	True
selected	GSE122357	GSM3464550_P8a	cerebellum	cerebellar	SYNPR	SYNPR	synaptic_wiring	synaptic_wiring	5.163026400960264	0.6666666666666666	0.6666666666666666	0.0	0.4404418828049952	0.3061897559246118	0.1342521268803834	2082	4006	2	False
selected	GSE122357	GSM3464551_P8b	cerebellum	cerebellar	ADD2	ADD2	cytoskeleton_morphogenesis	cytoskeleton_morphogenesis	5.117839061510196	1.0	0.5	0.5	0.1920652576937337	0.14962406712056453	0.04244119057316917	2697	5471	2	True
selected	GSE122357	GSM3464551_P8b	cerebellum	cerebellar	CACNA1E	CACNA1E	synaptic_wiring	synaptic_wiring	5.063035403837544	0.6666666666666666	0.6666666666666666	0.0	0.1090100111234705	0.096419911423813	0.012590099699657506	2697	5471	2	False
selected	GSE122357	GSM3464551_P8b	cerebellum	cerebellar	CACNA2D1	CACNA2D1	synaptic_wiring	synaptic_wiring	5.237917524870884	1.0	0.5	0.5	0.3700407860585836	0.1748083858787567	0.1952324001798269	2697	5471	2	True
selected	GSE122357	GSM3464551_P8b	cerebellum	cerebellar	CALM2	CALM2	synaptic_wiring	synaptic_wiring	5.244131944083708	1.0	0.5	0.5	0.9996292176492398	0.9764148167614393	0.02321440088780058	2697	5471	2	True
selected	GSE122357	GSM3464551_P8b	cerebellum	cerebellar	CAMTA1	CAMTA1	regulatory_morphogenesis_candidate	regulatory_morphogenesis_candidate	5.390005460425881	1.0	0.5	0.5	0.7879124953652206	0.6278834821694879	0.1600290131957327	2697	5471	2	True
selected	GSE122357	GSM3464551_P8b	cerebellum	cerebellar	GABRA2	GABRA2	synaptic_wiring	synaptic_wiring	5.068689083899109	1.0	0.5	0.5	0.0674823878383388	0.0369564551468181	0.030525932691520707	2697	5471	2	True
selected	GSE122357	GSM3464551_P8b	cerebellum	cerebellar	GABRB3	GABRB3	synaptic_wiring	synaptic_wiring	5.132148779890988	1.0	0.5	0.5	0.2495365220615498	0.1682852833583498	0.0812512387032	2697	5471	2	True
selected	GSE122357	GSM3464551_P8b	cerebellum	cerebellar	GPM6A	GPM6A	cytoskeleton_morphogenesis	cytoskeleton_morphogenesis	5.4774639744097335	1.0	0.5	0.5	0.950315164998146	0.7825937474305006	0.16772141756764536	2697	5471	2	True
selected	GSE122357	GSM3464551_P8b	cerebellum	cerebellar	GRIN2B	GRIN2B	synaptic_wiring	synaptic_wiring	5.09711546208696	1.0	0.5	0.5	0.1835372636262514	0.0897692408146945	0.09376802281155688	2697	5471	2	True
selected	GSE122357	GSM3464551_P8b	cerebellum	cerebellar	KCND2	KCND2	synaptic_wiring	synaptic_wiring	5.07006775598519	1.0	0.5	0.5	0.1097515758249907	0.07556807097703044	0.03418350484796026	2697	5471	2	True
selected	GSE122357	GSM3464551_P8b	cerebellum	cerebellar	KCND3	KCND3	synaptic_wiring	synaptic_wiring	5.086608727424575	0.6666666666666666	0.6666666666666666	0.0	0.1182795698924731	0.11086473026503525	0.007414839627437844	2697	5471	2	False
selected	GSE122357	GSM3464551_P8b	cerebellum	cerebellar	KCNJ3	KCNJ3	synaptic_wiring	synaptic_wiring	5.11201500439703	1.0	0.5	0.5	0.1790878754171301	0.11812341497153594	0.06096446044559414	2697	5471	2	True
selected	GSE122357	GSM3464551_P8b	cerebellum	cerebellar	KCNJ6	KCNJ6	synaptic_wiring	synaptic_wiring	5.115876315326329	1.0	0.5	0.5	0.0456062291434927	0.016068339414146	0.029537889729346702	2697	5471	2	True
selected	GSE122357	GSM3464551_P8b	cerebellum	cerebellar	KCNK1	KCNK1	synaptic_wiring	synaptic_wiring	5.151531513892637	1.0	0.5	0.5	0.4812754912866147	0.2577891099979524	0.22348638128866227	2697	5471	2	True
selected	GSE122357	GSM3464551_P8b	cerebellum	cerebellar	MAP3K4	MAP3K4	cytoskeleton_morphogenesis	cytoskeleton_morphogenesis	5.094184326912494	1.0	0.5	0.5	0.1538746755654431	0.1158104624373445	0.0380642131280986	2697	5471	2	True
selected	GSE122357	GSM3464551_P8b	cerebellum	cerebellar	MAPK1	MAPK1	cytoskeleton_morphogenesis	cytoskeleton_morphogenesis	5.278453396465785	1.0	0.5	0.5	0.6277345198368558	0.49894902435603306	0.12878549548082274	2697	5471	2	True
selected	GSE122357	GSM3464551_P8b	cerebellum	cerebellar	NFIA	NFIA	regulatory_morphogenesis_candidate	regulatory_morphogenesis_candidate	5.458070983658397	1.0	0.5	0.5	0.953652206154987	0.8245140723925728	0.12913813376241423	2697	5471	2	True
selected	GSE122357	GSM3464551_P8b	cerebellum	cerebellar	NFIB	NFIB	regulatory_morphogenesis_candidate	regulatory_morphogenesis_candidate	5.456430873042622	1.0	0.5	0.5	0.9985168705969596	0.9106303919181887	0.08788647867877086	2697	5471	2	True
selected	GSE122357	GSM3464551_P8b	cerebellum	cerebellar	PPP3CA	PPP3CA	synaptic_wiring	synaptic_wiring	5.455182618321777	1.0	0.5	0.5	0.8946978123841305	0.7186402168778425	0.17605759550628797	2697	5471	2	True
selected	GSE122357	GSM3464551_P8b	cerebellum	cerebellar	RFX3	RFX3	regulatory_morphogenesis_candidate	regulatory_morphogenesis_candidate	5.11374282878083	1.0	0.5	0.5	0.210975157582499	0.15597405591553176	0.05500110166696723	2697	5471	2	True
selected	GSE122357	GSM3464551_P8b	cerebellum	cerebellar	STXBP1	STXBP1	synaptic_wiring	synaptic_wiring	5.2525389164357135	1.0	0.5	0.5	0.5454208379681127	0.36593863511415425	0.17948220285395844	2697	5471	2	True
selected	GSE122357	GSM3464551_P8b	cerebellum	cerebellar	STXBP5	STXBP5	synaptic_wiring	synaptic_wiring	5.035665896251466	0.6666666666666666	0.6666666666666666	0.0	0.0763811642565813	0.06452426171732036	0.011856902539260944	2697	5471	2	False
selected	GSE122357	GSM3464551_P8b	cerebellum	cerebellar	STXBP5L	STXBP5L	synaptic_wiring	synaptic_wiring	5.06800546524533	1.0	0.5	0.5	0.103819058212829	0.059927376877649055	0.04389168133517994	2697	5471	2	True
selected	GSE122357	GSM3464551_P8b	cerebellum	cerebellar	SYNPR	SYNPR	synaptic_wiring	synaptic_wiring	5.163026400960264	1.0	0.5	0.5	0.3344456803856136	0.2369543995472844	0.09749128083832923	2697	5471	2	True
selected	GSE165657	Cerebellum_aggr	cerebellum	cerebellar	ADD2	ADD2	cytoskeleton_morphogenesis	cytoskeleton_morphogenesis	5.117839061510196	1.0	0.5	0.5	0.1326204915416533	0.0762257880087122	0.05639470353294111	25064	48486	2	True
selected	GSE165657	Cerebellum_aggr	cerebellum	cerebellar	CACNA1E	CACNA1E	synaptic_wiring	synaptic_wiring	5.063035403837544	0.6666666666666666	0.6666666666666666	0.0	0.0221832109798914	0.02023936919409825	0.0019438417857931475	25064	48486	2	False
selected	GSE165657	Cerebellum_aggr	cerebellum	cerebellar	CACNA2D1	CACNA2D1	synaptic_wiring	synaptic_wiring	5.237917524870884	1.0	0.5	0.5	0.1872007660389403	0.0757522149008818	0.11144855113805852	25064	48486	2	True
selected	GSE165657	Cerebellum_aggr	cerebellum	cerebellar	CALM2	CALM2	synaptic_wiring	synaptic_wiring	5.244131944083708	1.0	0.5	0.5	0.973308330673476	0.9285023634540988	0.04480596721937724	25064	48486	2	True
selected	GSE165657	Cerebellum_aggr	cerebellum	cerebellar	CAMTA1	CAMTA1	regulatory_morphogenesis_candidate	regulatory_morphogenesis_candidate	5.390005460425881	1.0	0.5	0.5	0.4630545802744973	0.3489109974418899	0.1141435828326074	25064	48486	2	True
selected	GSE165657	Cerebellum_aggr	cerebellum	cerebellar	GABRA2	GABRA2	synaptic_wiring	synaptic_wiring	5.068689083899109	1.0	0.5	0.5	0.1810963932333227	0.08892234825011924	0.09217404498320345	25064	48486	2	True
selected	GSE165657	Cerebellum_aggr	cerebellum	cerebellar	GABRB3	GABRB3	synaptic_wiring	synaptic_wiring	5.132148779890988	1.0	0.5	0.5	0.2181216086817746	0.1118143179086127	0.10630729077316191	25064	48486	2	True
selected	GSE165657	Cerebellum_aggr	cerebellum	cerebellar	GPM6A	GPM6A	cytoskeleton_morphogenesis	cytoskeleton_morphogenesis	5.4774639744097335	1.0	0.5	0.5	0.9006942227896585	0.7822536734571386	0.1184405493325199	25064	48486	2	True
selected	GSE165657	Cerebellum_aggr	cerebellum	cerebellar	GRIN2B	GRIN2B	synaptic_wiring	synaptic_wiring	5.09711546208696	1.0	0.5	0.5	0.199888285987871	0.06563863906176284	0.13424964692610816	25064	48486	2	True
selected	GSE165657	Cerebellum_aggr	cerebellum	cerebellar	KCND2	KCND2	synaptic_wiring	synaptic_wiring	5.07006775598519	1.0	0.5	0.5	0.0644749441429939	0.0513602626616899	0.013114681481304	25064	48486	2	True
selected	GSE165657	Cerebellum_aggr	cerebellum	cerebellar	KCND3	KCND3	synaptic_wiring	synaptic_wiring	5.086608727424575	1.0	0.5	0.5	0.0930817108203	0.0485369249608192	0.04454478585948081	25064	48486	2	True
selected	GSE165657	Cerebellum_aggr	cerebellum	cerebellar	KCNJ3	KCNJ3	synaptic_wiring	synaptic_wiring	5.11201500439703	1.0	0.5	0.5	0.0312799233961059	0.01558568909534145	0.01569423430076445	25064	48486	2	True
selected	GSE165657	Cerebellum_aggr	cerebellum	cerebellar	KCNJ6	KCNJ6	synaptic_wiring	synaptic_wiring	5.115876315326329	1.0	0.5	0.5	0.3098068943504628	0.20121951280269745	0.10858738154776537	25064	48486	2	True
selected	GSE165657	Cerebellum_aggr	cerebellum	cerebellar	KCNK1	KCNK1	synaptic_wiring	synaptic_wiring	5.151531513892637	1.0	0.5	0.5	0.1934248324289818	0.0674692758576216	0.1259555565713602	25064	48486	2	True
selected	GSE165657	Cerebellum_aggr	cerebellum	cerebellar	MAP3K4	MAP3K4	cytoskeleton_morphogenesis	cytoskeleton_morphogenesis	5.094184326912494	1.0	0.5	0.5	0.0475582508777529	0.03823266755488495	0.009325583322867953	25064	48486	2	True
selected	GSE165657	Cerebellum_aggr	cerebellum	cerebellar	MAPK1	MAPK1	cytoskeleton_morphogenesis	cytoskeleton_morphogenesis	5.278453396465785	1.0	0.5	0.5	0.0926428343440791	0.08042002610232066	0.012222808241758448	25064	48486	2	True
selected	GSE165657	Cerebellum_aggr	cerebellum	cerebellar	NFIA	NFIA	regulatory_morphogenesis_candidate	regulatory_morphogenesis_candidate	5.458070983658397	1.0	0.5	0.5	0.7730210660708586	0.534502287436013	0.2385187786348456	25064	48486	2	True
selected	GSE165657	Cerebellum_aggr	cerebellum	cerebellar	NFIB	NFIB	regulatory_morphogenesis_candidate	regulatory_morphogenesis_candidate	5.456430873042622	1.0	0.5	0.5	0.9483721672518352	0.6727430536526626	0.2756291135991725	25064	48486	2	True
selected	GSE165657	Cerebellum_aggr	cerebellum	cerebellar	PPP3CA	PPP3CA	synaptic_wiring	synaptic_wiring	5.455182618321777	1.0	0.5	0.5	0.2667969996808171	0.16582777209524263	0.10096922758557447	25064	48486	2	True
selected	GSE165657	Cerebellum_aggr	cerebellum	cerebellar	RFX3	RFX3	regulatory_morphogenesis_candidate	regulatory_morphogenesis_candidate	5.11374282878083	1.0	0.5	0.5	0.0970315991062879	0.07480499395342795	0.022226605152859957	25064	48486	2	True
selected	GSE165657	Cerebellum_aggr	cerebellum	cerebellar	STXBP1	STXBP1	synaptic_wiring	synaptic_wiring	5.2525389164357135	1.0	0.5	0.5	0.2639642515161187	0.13419510851518326	0.12976914300093542	25064	48486	2	True
selected	GSE165657	Cerebellum_aggr	cerebellum	cerebellar	STXBP5	STXBP5	synaptic_wiring	synaptic_wiring	5.035665896251466	1.0	0.5	0.5	0.0082189594637727	0.0053829174643417	0.0028360419994310007	25064	48486	2	True
selected	GSE165657	Cerebellum_aggr	cerebellum	cerebellar	STXBP5L	STXBP5L	synaptic_wiring	synaptic_wiring	5.06800546524533	1.0	0.5	0.5	0.0920842642834344	0.038813319999128196	0.053270944284306204	25064	48486	2	True
selected	GSE165657	Cerebellum_aggr	cerebellum	cerebellar	SYNPR	SYNPR	synaptic_wiring	synaptic_wiring	5.163026400960264	0.6666666666666666	0.6666666666666666	0.0	0.0043089690392594	0.0028690395892081	0.0014399294500512996	25064	48486	2	False
selected	GSE312658	Ctrl	cerebellum	cerebellar	ADD2	ADD2	cytoskeleton_morphogenesis	cytoskeleton_morphogenesis	5.117839061510196	0.6666666666666666	0.6666666666666666	0.0	0.3132859486057955	0.23156570116566583	0.08172024744012968	1829	3028	2	False
selected	GSE312658	Ctrl	cerebellum	cerebellar	CACNA1E	CACNA1E	synaptic_wiring	synaptic_wiring	5.063035403837544	1.0	0.5	0.5	0.7085839256424276	0.46876241831508303	0.23982150732734453	1829	3028	2	True
selected	GSE312658	Ctrl	cerebellum	cerebellar	CACNA2D1	CACNA2D1	synaptic_wiring	synaptic_wiring	5.237917524870884	1.0	0.5	0.5	0.8201202843083653	0.4430482272165312	0.37707205709183406	1829	3028	2	True
selected	GSE312658	Ctrl	cerebellum	cerebellar	CALM2	CALM2	synaptic_wiring	synaptic_wiring	5.244131944083708	0.6666666666666666	0.6666666666666666	0.0	0.6828868234007655	0.5749362526492405	0.10795057075152492	1829	3028	2	False
selected	GSE312658	Ctrl	cerebellum	cerebellar	CAMTA1	CAMTA1	regulatory_morphogenesis_candidate	regulatory_morphogenesis_candidate	5.390005460425881	0.6666666666666666	0.6666666666666666	0.0	0.7845817386550027	0.6091293933239138	0.1754523453310889	1829	3028	2	False
selected	GSE312658	Ctrl	cerebellum	cerebellar	GABRA2	GABRA2	synaptic_wiring	synaptic_wiring	5.068689083899109	1.0	0.5	0.5	0.3947512301804264	0.19256391292829383	0.20218731725213257	1829	3028	2	True
selected	GSE312658	Ctrl	cerebellum	cerebellar	GABRB3	GABRB3	synaptic_wiring	synaptic_wiring	5.132148779890988	1.0	0.5	0.5	0.8277747402952433	0.5927358376015541	0.2350389026936892	1829	3028	2	True
selected	GSE312658	Ctrl	cerebellum	cerebellar	GPM6A	GPM6A	cytoskeleton_morphogenesis	cytoskeleton_morphogenesis	5.4774639744097335	1.0	0.5	0.5	0.9595407326407872	0.7680838263864359	0.1914569062543513	1829	3028	2	True
selected	GSE312658	Ctrl	cerebellum	cerebellar	GRIN2B	GRIN2B	synaptic_wiring	synaptic_wiring	5.09711546208696	1.0	0.5	0.5	0.7987971569163478	0.4853795037089367	0.3134176532074111	1829	3028	2	True
selected	GSE312658	Ctrl	cerebellum	cerebellar	KCND2	KCND2	synaptic_wiring	synaptic_wiring	5.07006775598519	1.0	0.5	0.5	0.882449425915801	0.7245824686506535	0.15786695726514755	1829	3028	2	True
selected	GSE312658	Ctrl	cerebellum	cerebellar	KCND3	KCND3	synaptic_wiring	synaptic_wiring	5.086608727424575	1.0	0.5	0.5	0.7102241662110443	0.4314646988696573	0.278759467341387	1829	3028	2	True
selected	GSE312658	Ctrl	cerebellum	cerebellar	KCNJ3	KCNJ3	synaptic_wiring	synaptic_wiring	5.11201500439703	1.0	0.5	0.5	0.8091853471842537	0.4094373675379724	0.39974797964628134	1829	3028	2	True
selected	GSE312658	Ctrl	cerebellum	cerebellar	KCNJ6	KCNJ6	synaptic_wiring	synaptic_wiring	5.115876315326329	1.0	0.5	0.5	0.7807545106615636	0.39404831552454955	0.3867061951370141	1829	3028	2	True
selected	GSE312658	Ctrl	cerebellum	cerebellar	KCNK1	KCNK1	synaptic_wiring	synaptic_wiring	5.151531513892637	1.0	0.5	0.5	0.2487698195735374	0.125017937566231	0.12375188200730639	1829	3028	2	True
selected	GSE312658	Ctrl	cerebellum	cerebellar	MAP3K4	MAP3K4	cytoskeleton_morphogenesis	cytoskeleton_morphogenesis	5.094184326912494	0.6666666666666666	0.6666666666666666	0.0	0.3335155822854018	0.26913524373013065	0.06438033855527114	1829	3028	2	False
selected	GSE312658	Ctrl	cerebellum	cerebellar	MAPK1	MAPK1	cytoskeleton_morphogenesis	cytoskeleton_morphogenesis	5.278453396465785	0.6666666666666666	0.6666666666666666	0.0	0.5604155276107162	0.41584935755916635	0.14456617005154987	1829	3028	2	False
selected	GSE312658	Ctrl	cerebellum	cerebellar	NFIA	NFIA	regulatory_morphogenesis_candidate	regulatory_morphogenesis_candidate	5.458070983658397	1.0	0.5	0.5	0.9447785675232367	0.6229426991345814	0.3218358683886553	1829	3028	2	True
selected	GSE312658	Ctrl	cerebellum	cerebellar	NFIB	NFIB	regulatory_morphogenesis_candidate	regulatory_morphogenesis_candidate	5.456430873042622	1.0	0.5	0.5	0.9666484417714598	0.7108685093606499	0.2557799324108099	1829	3028	2	True
selected	GSE312658	Ctrl	cerebellum	cerebellar	PPP3CA	PPP3CA	synaptic_wiring	synaptic_wiring	5.455182618321777	1.0	0.5	0.5	0.9447785675232367	0.7586762628046626	0.18610230471857414	1829	3028	2	True
selected	GSE312658	Ctrl	cerebellum	cerebellar	RFX3	RFX3	regulatory_morphogenesis_candidate	regulatory_morphogenesis_candidate	5.11374282878083	1.0	0.5	0.5	0.6889010388190268	0.5022435755916637	0.1866574632273631	1829	3028	2	True
selected	GSE312658	Ctrl	cerebellum	cerebellar	STXBP1	STXBP1	synaptic_wiring	synaptic_wiring	5.2525389164357135	0.6666666666666666	0.6666666666666666	0.0	0.4647348277747403	0.3553362879724479	0.10939853980229242	1829	3028	2	False
selected	GSE312658	Ctrl	cerebellum	cerebellar	STXBP5	STXBP5	synaptic_wiring	synaptic_wiring	5.035665896251466	1.0	0.5	0.5	0.5418261344997266	0.36110666504768635	0.18071946945204026	1829	3028	2	True
selected	GSE312658	Ctrl	cerebellum	cerebellar	STXBP5L	STXBP5L	synaptic_wiring	synaptic_wiring	5.06800546524533	1.0	0.5	0.5	0.7845817386550027	0.5065872262451431	0.2779945124098596	1829	3028	2	True
selected	GSE312658	Ctrl	cerebellum	cerebellar	SYNPR	SYNPR	synaptic_wiring	synaptic_wiring	5.163026400960264	1.0	0.5	0.5	0.3176599234554401	0.18321292167078765	0.13444700178465244	1829	3028	2	True
selected	GSE312658	cKO	cerebellum	cerebellar	ADD2	ADD2	cytoskeleton_morphogenesis	cytoskeleton_morphogenesis	5.117839061510196	0.6666666666666666	0.6666666666666666	0.0	0.3044224989265779	0.24836618327295729	0.056056315653620625	2329	4617	2	False
selected	GSE312658	cKO	cerebellum	cerebellar	CACNA1E	CACNA1E	synaptic_wiring	synaptic_wiring	5.063035403837544	1.0	0.5	0.5	0.8046371833404895	0.5139231276691781	0.29071405567131137	2329	4617	2	True
selected	GSE312658	cKO	cerebellum	cerebellar	CACNA2D1	CACNA2D1	synaptic_wiring	synaptic_wiring	5.237917524870884	1.0	0.5	0.5	0.8162301416917132	0.3927487085710758	0.42348143312063735	2329	4617	2	True
selected	GSE312658	cKO	cerebellum	cerebellar	CALM2	CALM2	synaptic_wiring	synaptic_wiring	5.244131944083708	0.6666666666666666	0.6666666666666666	0.0	0.6109918419922714	0.5528801083295719	0.058111733662699505	2329	4617	2	False
selected	GSE312658	cKO	cerebellum	cerebellar	CAMTA1	CAMTA1	regulatory_morphogenesis_candidate	regulatory_morphogenesis_candidate	5.390005460425881	0.6666666666666666	0.6666666666666666	0.0	0.7754401030485186	0.6778275445682828	0.09761255848023587	2329	4617	2	False
selected	GSE312658	cKO	cerebellum	cerebellar	GABRA2	GABRA2	synaptic_wiring	synaptic_wiring	5.068689083899109	1.0	0.5	0.5	0.4401030485186775	0.20338992859044244	0.23671311992823504	2329	4617	2	True
selected	GSE312658	cKO	cerebellum	cerebellar	GABRB3	GABRB3	synaptic_wiring	synaptic_wiring	5.132148779890988	1.0	0.5	0.5	0.8441391155002147	0.6513450536053917	0.19279406189482295	2329	4617	2	True
selected	GSE312658	cKO	cerebellum	cerebellar	GPM6A	GPM6A	cytoskeleton_morphogenesis	cytoskeleton_morphogenesis	5.4774639744097335	1.0	0.5	0.5	0.9647917561185058	0.8143978411243438	0.150393914994162	2329	4617	2	True
selected	GSE312658	cKO	cerebellum	cerebellar	GRIN2B	GRIN2B	synaptic_wiring	synaptic_wiring	5.09711546208696	1.0	0.5	0.5	0.8900815800772864	0.4977537431184874	0.392327836958799	2329	4617	2	True
selected	GSE312658	cKO	cerebellum	cerebellar	KCND2	KCND2	synaptic_wiring	synaptic_wiring	5.07006775598519	1.0	0.5	0.5	0.888364104765994	0.718177223784668	0.17018688098132606	2329	4617	2	True
selected	GSE312658	cKO	cerebellum	cerebellar	KCND3	KCND3	synaptic_wiring	synaptic_wiring	5.086608727424575	1.0	0.5	0.5	0.6470588235294118	0.4166136206690354	0.2304452028603764	2329	4617	2	True
selected	GSE312658	cKO	cerebellum	cerebellar	KCNJ3	KCNJ3	synaptic_wiring	synaptic_wiring	5.11201500439703	1.0	0.5	0.5	0.7784456848432804	0.36464301008066846	0.4138026747626119	2329	4617	2	True
selected	GSE312658	cKO	cerebellum	cerebellar	KCNJ6	KCNJ6	synaptic_wiring	synaptic_wiring	5.115876315326329	1.0	0.5	0.5	0.7277801631601546	0.29816865926723224	0.42961150389292235	2329	4617	2	True
selected	GSE312658	cKO	cerebellum	cerebellar	KCNK1	KCNK1	synaptic_wiring	synaptic_wiring	5.151531513892637	1.0	0.5	0.5	0.2408759124087591	0.11703104444675916	0.12384486796199995	2329	4617	2	True
selected	GSE312658	cKO	cerebellum	cerebellar	MAP3K4	MAP3K4	cytoskeleton_morphogenesis	cytoskeleton_morphogenesis	5.094184326912494	0.6666666666666666	0.6666666666666666	0.0	0.3044224989265779	0.29638824269219044	0.008034256234387471	2329	4617	2	False
selected	GSE312658	cKO	cerebellum	cerebellar	MAPK1	MAPK1	cytoskeleton_morphogenesis	cytoskeleton_morphogenesis	5.278453396465785	0.6666666666666666	0.6666666666666666	0.0	0.498067840274796	0.44599145862990863	0.05207638164488737	2329	4617	2	False
selected	GSE312658	cKO	cerebellum	cerebellar	NFIA	NFIA	regulatory_morphogenesis_candidate	regulatory_morphogenesis_candidate	5.458070983658397	1.0	0.5	0.5	0.8875053671103478	0.5580217122090668	0.32948365490128095	2329	4617	2	True
selected	GSE312658	cKO	cerebellum	cerebellar	NFIB	NFIB	regulatory_morphogenesis_candidate	regulatory_morphogenesis_candidate	5.456430873042622	1.0	0.5	0.5	0.9433233147273508	0.6641407127067347	0.27918260202061607	2329	4617	2	True
selected	GSE312658	cKO	cerebellum	cerebellar	PPP3CA	PPP3CA	synaptic_wiring	synaptic_wiring	5.455182618321777	1.0	0.5	0.5	0.9282954057535424	0.8028550320397826	0.12544037371375982	2329	4617	2	True
selected	GSE312658	cKO	cerebellum	cerebellar	RFX3	RFX3	regulatory_morphogenesis_candidate	regulatory_morphogenesis_candidate	5.11374282878083	1.0	0.5	0.5	0.6277372262773723	0.5331643577190607	0.0945728685583116	2329	4617	2	True
selected	GSE312658	cKO	cerebellum	cerebellar	STXBP1	STXBP1	synaptic_wiring	synaptic_wiring	5.2525389164357135	0.6666666666666666	0.6666666666666666	0.0	0.437956204379562	0.354597062601993	0.08335914177756903	2329	4617	2	False
selected	GSE312658	cKO	cerebellum	cerebellar	STXBP5	STXBP5	synaptic_wiring	synaptic_wiring	5.035665896251466	1.0	0.5	0.5	0.5440103048518677	0.4126380642647438	0.13137224058712393	2329	4617	2	True
selected	GSE312658	cKO	cerebellum	cerebellar	STXBP5L	STXBP5L	synaptic_wiring	synaptic_wiring	5.06800546524533	1.0	0.5	0.5	0.8643194504079004	0.5359979784652539	0.3283214719426465	2329	4617	2	True
selected	GSE312658	cKO	cerebellum	cerebellar	SYNPR	SYNPR	synaptic_wiring	synaptic_wiring	5.163026400960264	1.0	0.5	0.5	0.34349506225848	0.19075340748199326	0.1527416547764867	2329	4617	2	True
selected	GSE325391	S1R1	human_dentate_hippocampus	dentate	STXBP5L	STXBP5L	synaptic_wiring	synaptic_wiring	5.06800546524533	1.0	0.5	0.5	0.9292739066750366	0.5409836065573771	0.3882903001176595	4779	61	1	True
selected	GSE325391	S1R1	human_dentate_hippocampus	dentate	RFX3	RFX3	regulatory_morphogenesis_candidate	regulatory_morphogenesis_candidate	5.11374282878083	1.0	0.5	0.5	0.9558485038711028	0.7049180327868853	0.2509304710842175	4779	61	1	True
selected	GSE325391	S1R1	human_dentate_hippocampus	dentate	PPP3CA	PPP3CA	synaptic_wiring	synaptic_wiring	5.455182618321777	1.0	0.5	0.5	0.971960661226198	0.7049180327868853	0.2670426284393127	4779	61	1	True
selected	GSE325391	S1R1	human_dentate_hippocampus	dentate	GPM6A	GPM6A	cytoskeleton_morphogenesis	cytoskeleton_morphogenesis	5.4774639744097335	1.0	0.5	0.5	0.9646369533375184	0.6885245901639344	0.276112363173584	4779	61	1	True
selected	GSE325391	S1R1	human_dentate_hippocampus	dentate	GRIN2B	GRIN2B	synaptic_wiring	synaptic_wiring	5.09711546208696	1.0	0.5	0.5	0.9252981795354676	0.639344262295082	0.28595391724038555	4779	61	1	True
selected	GSE325391	S1R1	human_dentate_hippocampus	dentate	GABRB3	GABRB3	synaptic_wiring	synaptic_wiring	5.132148779890988	1.0	0.5	0.5	0.9211132035990792	0.4918032786885246	0.42930992491055464	4779	61	1	True
selected	GSE325391	S1R1	human_dentate_hippocampus	dentate	SYNPR	SYNPR	synaptic_wiring	synaptic_wiring	5.163026400960264	1.0	0.5	0.5	0.8865871521238753	0.360655737704918	0.5259314144189573	4779	61	1	True
selected	GSE325391	S1R1	human_dentate_hippocampus	dentate	CACNA1E	CACNA1E	synaptic_wiring	synaptic_wiring	5.063035403837544	1.0	0.5	0.5	0.909395270977192	0.3114754098360656	0.5979198611411264	4779	61	1	True
selected	GSE325391	S1R1	human_dentate_hippocampus	dentate	CACNA2D1	CACNA2D1	synaptic_wiring	synaptic_wiring	5.237917524870884	1.0	0.5	0.5	0.9286461602845784	0.5409836065573771	0.38766255372720126	4779	61	1	True
selected	GSE325391	S1R1	human_dentate_hippocampus	dentate	KCND2	KCND2	synaptic_wiring	synaptic_wiring	5.07006775598519	1.0	0.5	0.5	0.871939736346516	0.3442622950819672	0.5276774412645489	4779	61	1	True
selected	GSE325391	S1R1	human_dentate_hippocampus	dentate	KCNJ6	KCNJ6	synaptic_wiring	synaptic_wiring	5.115876315326329	1.0	0.5	0.5	0.8878426449047918	0.4262295081967213	0.4616131367080705	4779	61	1	True
selected	GSE325391	S1R1	human_dentate_hippocampus	dentate	NFIA	NFIA	regulatory_morphogenesis_candidate	regulatory_morphogenesis_candidate	5.458070983658397	1.0	0.5	0.5	0.8953756015902908	0.5737704918032787	0.3216051097870122	4779	61	1	True
selected	GSE325391	S1R1	human_dentate_hippocampus	dentate	KCNJ3	KCNJ3	synaptic_wiring	synaptic_wiring	5.11201500439703	1.0	0.5	0.5	0.9052102950408036	0.4262295081967213	0.47898078684408235	4779	61	1	True
selected	GSE325391	S1R1	human_dentate_hippocampus	dentate	CAMTA1	CAMTA1	regulatory_morphogenesis_candidate	regulatory_morphogenesis_candidate	5.390005460425881	1.0	0.5	0.5	0.8551998326009626	0.3278688524590163	0.5273309801419462	4779	61	1	True
selected	GSE325391	S1R1	human_dentate_hippocampus	dentate	NFIB	NFIB	regulatory_morphogenesis_candidate	regulatory_morphogenesis_candidate	5.456430873042622	1.0	0.5	0.5	0.8930738648252773	0.5409836065573771	0.3520902582679002	4779	61	1	True
selected	GSE325391	S1R1	human_dentate_hippocampus	dentate	KCNK1	KCNK1	synaptic_wiring	synaptic_wiring	5.151531513892637	1.0	0.5	0.5	0.8508056078677547	0.3934426229508196	0.4573629849169351	4779	61	1	True
selected	GSE325391	S1R1	human_dentate_hippocampus	dentate	STXBP1	STXBP1	synaptic_wiring	synaptic_wiring	5.2525389164357135	1.0	0.5	0.5	0.8593848085373509	0.2950819672131147	0.5643028413242361	4779	61	1	True
selected	GSE325391	S1R1	human_dentate_hippocampus	dentate	KCND3	KCND3	synaptic_wiring	synaptic_wiring	5.086608727424575	1.0	0.5	0.5	0.8162795563925508	0.3770491803278688	0.43923037606468196	4779	61	1	True
selected	GSE325391	S1R1	human_dentate_hippocampus	dentate	MAPK1	MAPK1	cytoskeleton_morphogenesis	cytoskeleton_morphogenesis	5.278453396465785	1.0	0.5	0.5	0.8271604938271605	0.4098360655737705	0.41732442825339	4779	61	1	True
selected	GSE325391	S1R1	human_dentate_hippocampus	dentate	STXBP5	STXBP5	synaptic_wiring	synaptic_wiring	5.035665896251466	1.0	0.5	0.5	0.751412429378531	0.1967213114754098	0.5546911179031212	4779	61	1	True
selected	GSE325391	S1R1	human_dentate_hippocampus	dentate	GABRA2	GABRA2	synaptic_wiring	synaptic_wiring	5.068689083899109	1.0	0.5	0.5	0.7723373090604729	0.4262295081967213	0.34610780086375165	4779	61	1	True
selected	GSE325391	S1R1	human_dentate_hippocampus	dentate	ADD2	ADD2	cytoskeleton_morphogenesis	cytoskeleton_morphogenesis	5.117839061510196	1.0	0.5	0.5	0.683825068005859	0.1475409836065573	0.5362840843993016	4779	61	1	True
selected	GSE325391	S1R1	human_dentate_hippocampus	dentate	MAP3K4	MAP3K4	cytoskeleton_morphogenesis	cytoskeleton_morphogenesis	5.094184326912494	1.0	0.5	0.5	0.6955430006277464	0.2459016393442623	0.44964136128348414	4779	61	1	True
selected	GSE325391	S1R1	human_dentate_hippocampus	dentate	CALM2	CALM2	synaptic_wiring	synaptic_wiring	5.244131944083708	1.0	0.5	0.5	0.8060263653483992	0.4262295081967213	0.37979685715167794	4779	61	1	True
selected	GSE325391	S1R3	human_dentate_hippocampus	dentate	STXBP5L	STXBP5L	synaptic_wiring	synaptic_wiring	5.06800546524533	1.0	0.5	0.5	0.9426894045289348	0.3846153846153846	0.5580740199135502	3577	26	1	True
selected	GSE325391	S1R3	human_dentate_hippocampus	dentate	RFX3	RFX3	regulatory_morphogenesis_candidate	regulatory_morphogenesis_candidate	5.11374282878083	1.0	0.5	0.5	0.979591836734694	0.7692307692307693	0.2103610675039247	3577	26	1	True
selected	GSE325391	S1R3	human_dentate_hippocampus	dentate	PPP3CA	PPP3CA	synaptic_wiring	synaptic_wiring	5.455182618321777	1.0	0.5	0.5	0.988537880905787	0.8461538461538461	0.14238403475194084	3577	26	1	True
selected	GSE325391	S1R3	human_dentate_hippocampus	dentate	GPM6A	GPM6A	cytoskeleton_morphogenesis	cytoskeleton_morphogenesis	5.4774639744097335	1.0	0.5	0.5	0.9835057310595472	0.9230769230769232	0.060428807982623955	3577	26	1	True
selected	GSE325391	S1R3	human_dentate_hippocampus	dentate	GRIN2B	GRIN2B	synaptic_wiring	synaptic_wiring	5.09711546208696	1.0	0.5	0.5	0.9706457925636008	0.5	0.47064579256360084	3577	26	1	True
selected	GSE325391	S1R3	human_dentate_hippocampus	dentate	GABRB3	GABRB3	synaptic_wiring	synaptic_wiring	5.132148779890988	1.0	0.5	0.5	0.949958065417948	0.5769230769230769	0.37303498849487116	3577	26	1	True
selected	GSE325391	S1R3	human_dentate_hippocampus	dentate	SYNPR	SYNPR	synaptic_wiring	synaptic_wiring	5.163026400960264	1.0	0.5	0.5	0.9357003075202684	0.4230769230769231	0.5126233844433454	3577	26	1	True
selected	GSE325391	S1R3	human_dentate_hippocampus	dentate	CACNA1E	CACNA1E	synaptic_wiring	synaptic_wiring	5.063035403837544	1.0	0.5	0.5	0.9625384400335476	0.6923076923076923	0.2702307477258553	3577	26	1	True
selected	GSE325391	S1R3	human_dentate_hippocampus	dentate	CACNA2D1	CACNA2D1	synaptic_wiring	synaptic_wiring	5.237917524870884	1.0	0.5	0.5	0.9572267263069612	0.5769230769230769	0.3803036493838843	3577	26	1	True
selected	GSE325391	S1R3	human_dentate_hippocampus	dentate	KCND2	KCND2	synaptic_wiring	synaptic_wiring	5.07006775598519	1.0	0.5	0.5	0.913894324853229	0.2692307692307692	0.6446635556224598	3577	26	1	True
selected	GSE325391	S1R3	human_dentate_hippocampus	dentate	KCNJ6	KCNJ6	synaptic_wiring	synaptic_wiring	5.115876315326329	1.0	0.5	0.5	0.9239586245457088	0.3461538461538461	0.5778047783918627	3577	26	1	True
selected	GSE325391	S1R3	human_dentate_hippocampus	dentate	NFIA	NFIA	regulatory_morphogenesis_candidate	regulatory_morphogenesis_candidate	5.458070983658397	1.0	0.5	0.5	0.9396142018451216	0.4230769230769231	0.5165372787681985	3577	26	1	True
selected	GSE325391	S1R3	human_dentate_hippocampus	dentate	KCNJ3	KCNJ3	synaptic_wiring	synaptic_wiring	5.11201500439703	1.0	0.5	0.5	0.937657254682695	0.3846153846153846	0.5530418700673104	3577	26	1	True
selected	GSE325391	S1R3	human_dentate_hippocampus	dentate	CAMTA1	CAMTA1	regulatory_morphogenesis_candidate	regulatory_morphogenesis_candidate	5.390005460425881	1.0	0.5	0.5	0.924517752306402	0.4230769230769231	0.501440829229479	3577	26	1	True
selected	GSE325391	S1R3	human_dentate_hippocampus	dentate	NFIB	NFIB	regulatory_morphogenesis_candidate	regulatory_morphogenesis_candidate	5.456430873042622	1.0	0.5	0.5	0.9097008666480292	0.6538461538461539	0.25585471280187533	3577	26	1	True
selected	GSE325391	S1R3	human_dentate_hippocampus	dentate	KCNK1	KCNK1	synaptic_wiring	synaptic_wiring	5.151531513892637	1.0	0.5	0.5	0.8817444786133631	0.3461538461538461	0.535590632459517	3577	26	1	True
selected	GSE325391	S1R3	human_dentate_hippocampus	dentate	STXBP1	STXBP1	synaptic_wiring	synaptic_wiring	5.2525389164357135	1.0	0.5	0.5	0.9289907743919484	0.5384615384615384	0.39052923593041	3577	26	1	True
selected	GSE325391	S1R3	human_dentate_hippocampus	dentate	KCND3	KCND3	synaptic_wiring	synaptic_wiring	5.086608727424575	1.0	0.5	0.5	0.8909700866648029	0.3461538461538461	0.5448162405109569	3577	26	1	True
selected	GSE325391	S1R3	human_dentate_hippocampus	dentate	MAPK1	MAPK1	cytoskeleton_morphogenesis	cytoskeleton_morphogenesis	5.278453396465785	1.0	0.5	0.5	0.9225608051439754	0.6923076923076923	0.23025311283628314	3577	26	1	True
selected	GSE325391	S1R3	human_dentate_hippocampus	dentate	STXBP5	STXBP5	synaptic_wiring	synaptic_wiring	5.035665896251466	1.0	0.5	0.5	0.8289069052278446	0.3076923076923077	0.5212145975355369	3577	26	1	True
selected	GSE325391	S1R3	human_dentate_hippocampus	dentate	GABRA2	GABRA2	synaptic_wiring	synaptic_wiring	5.068689083899109	1.0	0.5	0.5	0.8431646631255242	0.3461538461538461	0.4970108169716781	3577	26	1	True
selected	GSE325391	S1R3	human_dentate_hippocampus	dentate	ADD2	ADD2	cytoskeleton_morphogenesis	cytoskeleton_morphogenesis	5.117839061510196	1.0	0.5	0.5	0.7914453452613922	0.1153846153846153	0.6760607298767769	3577	26	1	True
selected	GSE325391	S1R3	human_dentate_hippocampus	dentate	MAP3K4	MAP3K4	cytoskeleton_morphogenesis	cytoskeleton_morphogenesis	5.094184326912494	1.0	0.5	0.5	0.7414034106793402	0.1923076923076923	0.549095718371648	3577	26	1	True
selected	GSE325391	S1R3	human_dentate_hippocampus	dentate	CALM2	CALM2	synaptic_wiring	synaptic_wiring	5.244131944083708	1.0	0.5	0.5	0.9066256639642158	0.7307692307692307	0.17585643319498512	3577	26	1	True
selected	GSE325391	S2R3	human_dentate_hippocampus	dentate	STXBP5L	STXBP5L	synaptic_wiring	synaptic_wiring	5.06800546524533	1.0	0.5	0.5	0.9504286246738726	0.5416666666666666	0.40876195800720594	2683	24	1	True
selected	GSE325391	S2R3	human_dentate_hippocampus	dentate	RFX3	RFX3	regulatory_morphogenesis_candidate	regulatory_morphogenesis_candidate	5.11374282878083	1.0	0.5	0.5	0.9750279537830786	0.625	0.3500279537830786	2683	24	1	True
selected	GSE325391	S2R3	human_dentate_hippocampus	dentate	PPP3CA	PPP3CA	synaptic_wiring	synaptic_wiring	5.455182618321777	1.0	0.5	0.5	0.99217294073798	0.875	0.11717294073798001	2683	24	1	True
selected	GSE325391	S2R3	human_dentate_hippocampus	dentate	GPM6A	GPM6A	cytoskeleton_morphogenesis	cytoskeleton_morphogenesis	5.4774639744097335	1.0	0.5	0.5	0.9850913156913902	0.9166666666666666	0.06842464902472356	2683	24	1	True
selected	GSE325391	S2R3	human_dentate_hippocampus	dentate	GRIN2B	GRIN2B	synaptic_wiring	synaptic_wiring	5.09711546208696	1.0	0.5	0.5	0.9720462169213568	0.6666666666666666	0.3053795502546902	2683	24	1	True
selected	GSE325391	S2R3	human_dentate_hippocampus	dentate	GABRB3	GABRB3	synaptic_wiring	synaptic_wiring	5.132148779890988	1.0	0.5	0.5	0.9642191576593364	0.6666666666666666	0.2975524909926698	2683	24	1	True
selected	GSE325391	S2R3	human_dentate_hippocampus	dentate	SYNPR	SYNPR	synaptic_wiring	synaptic_wiring	5.163026400960264	1.0	0.5	0.5	0.9522922102124488	0.4166666666666667	0.5356255435457822	2683	24	1	True
selected	GSE325391	S2R3	human_dentate_hippocampus	dentate	CACNA1E	CACNA1E	synaptic_wiring	synaptic_wiring	5.063035403837544	1.0	0.5	0.5	0.9590011181513232	0.7083333333333334	0.2506677848179898	2683	24	1	True
selected	GSE325391	S2R3	human_dentate_hippocampus	dentate	CACNA2D1	CACNA2D1	synaptic_wiring	synaptic_wiring	5.237917524870884	1.0	0.5	0.5	0.9571375326127468	0.6666666666666666	0.2904708659460802	2683	24	1	True
selected	GSE325391	S2R3	human_dentate_hippocampus	dentate	KCND2	KCND2	synaptic_wiring	synaptic_wiring	5.07006775598519	1.0	0.5	0.5	0.9239657100260902	0.5	0.4239657100260902	2683	24	1	True
selected	GSE325391	S2R3	human_dentate_hippocampus	dentate	KCNJ6	KCNJ6	synaptic_wiring	synaptic_wiring	5.115876315326329	1.0	0.5	0.5	0.9411106969809916	0.4583333333333333	0.4827773636476583	2683	24	1	True
selected	GSE325391	S2R3	human_dentate_hippocampus	dentate	NFIA	NFIA	regulatory_morphogenesis_candidate	regulatory_morphogenesis_candidate	5.458070983658397	1.0	0.5	0.5	0.9470741707044352	0.6666666666666666	0.2804075040377686	2683	24	1	True
selected	GSE325391	S2R3	human_dentate_hippocampus	dentate	KCNJ3	KCNJ3	synaptic_wiring	synaptic_wiring	5.11201500439703	1.0	0.5	0.5	0.9593738352590384	0.5	0.4593738352590384	2683	24	1	True
selected	GSE325391	S2R3	human_dentate_hippocampus	dentate	CAMTA1	CAMTA1	regulatory_morphogenesis_candidate	regulatory_morphogenesis_candidate	5.390005460425881	1.0	0.5	0.5	0.925083861349236	0.4583333333333333	0.4667505280159027	2683	24	1	True
selected	GSE325391	S2R3	human_dentate_hippocampus	dentate	NFIB	NFIB	regulatory_morphogenesis_candidate	regulatory_morphogenesis_candidate	5.456430873042622	1.0	0.5	0.5	0.9414834140887068	0.5833333333333334	0.35815008075537347	2683	24	1	True
selected	GSE325391	S2R3	human_dentate_hippocampus	dentate	KCNK1	KCNK1	synaptic_wiring	synaptic_wiring	5.151531513892637	1.0	0.5	0.5	0.9224748415952292	0.4166666666666667	0.5058081749285626	2683	24	1	True
selected	GSE325391	S2R3	human_dentate_hippocampus	dentate	STXBP1	STXBP1	synaptic_wiring	synaptic_wiring	5.2525389164357135	1.0	0.5	0.5	0.9455833022735745	0.625	0.32058330227357446	2683	24	1	True
selected	GSE325391	S2R3	human_dentate_hippocampus	dentate	KCND3	KCND3	synaptic_wiring	synaptic_wiring	5.086608727424575	1.0	0.5	0.5	0.8907938874394334	0.25	0.6407938874394334	2683	24	1	True
selected	GSE325391	S2R3	human_dentate_hippocampus	dentate	MAPK1	MAPK1	cytoskeleton_morphogenesis	cytoskeleton_morphogenesis	5.278453396465785	1.0	0.5	0.5	0.9448378680581438	0.5833333333333334	0.3615045347248105	2683	24	1	True
selected	GSE325391	S2R3	human_dentate_hippocampus	dentate	STXBP5	STXBP5	synaptic_wiring	synaptic_wiring	5.035665896251466	1.0	0.5	0.5	0.8650764070070817	0.1666666666666666	0.698409740340415	2683	24	1	True
selected	GSE325391	S2R3	human_dentate_hippocampus	dentate	GABRA2	GABRA2	synaptic_wiring	synaptic_wiring	5.068689083899109	1.0	0.5	0.5	0.8285501304509877	0.4166666666666667	0.411883463784321	2683	24	1	True
selected	GSE325391	S2R3	human_dentate_hippocampus	dentate	ADD2	ADD2	cytoskeleton_morphogenesis	cytoskeleton_morphogenesis	5.117839061510196	1.0	0.5	0.5	0.8005963473723444	0.3333333333333333	0.4672630140390111	2683	24	1	True
selected	GSE325391	S2R3	human_dentate_hippocampus	dentate	MAP3K4	MAP3K4	cytoskeleton_morphogenesis	cytoskeleton_morphogenesis	5.094184326912494	1.0	0.5	0.5	0.8214685054043981	0.25	0.5714685054043981	2683	24	1	True
selected	GSE325391	S2R3	human_dentate_hippocampus	dentate	CALM2	CALM2	synaptic_wiring	synaptic_wiring	5.244131944083708	1.0	0.5	0.5	0.9590011181513232	0.8333333333333334	0.1256677848179898	2683	24	1	True
selected	GSE325391	S2R5	human_dentate_hippocampus	dentate	STXBP5L	STXBP5L	synaptic_wiring	synaptic_wiring	5.06800546524533	1.0	0.5	0.5	0.8533007334963325	0.4782608695652174	0.3750398639311151	818	23	1	True
selected	GSE325391	S2R5	human_dentate_hippocampus	dentate	RFX3	RFX3	regulatory_morphogenesis_candidate	regulatory_morphogenesis_candidate	5.11374282878083	1.0	0.5	0.5	0.91320293398533	0.5652173913043478	0.34798554268098225	818	23	1	True
selected	GSE325391	S2R5	human_dentate_hippocampus	dentate	PPP3CA	PPP3CA	synaptic_wiring	synaptic_wiring	5.455182618321777	1.0	0.5	0.5	0.9596577017114916	0.9130434782608696	0.04661422345062194	818	23	1	True
selected	GSE325391	S2R5	human_dentate_hippocampus	dentate	GPM6A	GPM6A	cytoskeleton_morphogenesis	cytoskeleton_morphogenesis	5.4774639744097335	1.0	0.5	0.5	0.9437652811735942	0.8695652173913043	0.07420006378228983	818	23	1	True
selected	GSE325391	S2R5	human_dentate_hippocampus	dentate	GRIN2B	GRIN2B	synaptic_wiring	synaptic_wiring	5.09711546208696	1.0	0.5	0.5	0.9205378973105136	0.6956521739130435	0.22488572339747015	818	23	1	True
selected	GSE325391	S2R5	human_dentate_hippocampus	dentate	GABRB3	GABRB3	synaptic_wiring	synaptic_wiring	5.132148779890988	1.0	0.5	0.5	0.882640586797066	0.6086956521739131	0.27394493462315295	818	23	1	True
selected	GSE325391	S2R5	human_dentate_hippocampus	dentate	SYNPR	SYNPR	synaptic_wiring	synaptic_wiring	5.163026400960264	1.0	0.5	0.5	0.7921760391198044	0.1739130434782608	0.6182629956415435	818	23	1	True
selected	GSE325391	S2R5	human_dentate_hippocampus	dentate	CACNA1E	CACNA1E	synaptic_wiring	synaptic_wiring	5.063035403837544	1.0	0.5	0.5	0.871638141809291	0.2608695652173913	0.6107685765918998	818	23	1	True
selected	GSE325391	S2R5	human_dentate_hippocampus	dentate	CACNA2D1	CACNA2D1	synaptic_wiring	synaptic_wiring	5.237917524870884	1.0	0.5	0.5	0.8924205378973105	0.6521739130434783	0.2402466248538322	818	23	1	True
selected	GSE325391	S2R5	human_dentate_hippocampus	dentate	KCND2	KCND2	synaptic_wiring	synaptic_wiring	5.07006775598519	1.0	0.5	0.5	0.7701711491442543	0.3043478260869565	0.46582332305729784	818	23	1	True
selected	GSE325391	S2R5	human_dentate_hippocampus	dentate	KCNJ6	KCNJ6	synaptic_wiring	synaptic_wiring	5.115876315326329	1.0	0.5	0.5	0.8092909535452323	0.3478260869565217	0.4614648665887106	818	23	1	True
selected	GSE325391	S2R5	human_dentate_hippocampus	dentate	NFIA	NFIA	regulatory_morphogenesis_candidate	regulatory_morphogenesis_candidate	5.458070983658397	1.0	0.5	0.5	0.8520782396088019	0.6086956521739131	0.24338258743488883	818	23	1	True
selected	GSE325391	S2R5	human_dentate_hippocampus	dentate	KCNJ3	KCNJ3	synaptic_wiring	synaptic_wiring	5.11201500439703	1.0	0.5	0.5	0.8251833740831296	0.2608695652173913	0.5643138088657382	818	23	1	True
selected	GSE325391	S2R5	human_dentate_hippocampus	dentate	CAMTA1	CAMTA1	regulatory_morphogenesis_candidate	regulatory_morphogenesis_candidate	5.390005460425881	1.0	0.5	0.5	0.8166259168704156	0.391304347826087	0.42532156904432866	818	23	1	True
selected	GSE325391	S2R5	human_dentate_hippocampus	dentate	NFIB	NFIB	regulatory_morphogenesis_candidate	regulatory_morphogenesis_candidate	5.456430873042622	1.0	0.5	0.5	0.7273838630806846	0.4347826086956521	0.2926012543850325	818	23	1	True
selected	GSE325391	S2R5	human_dentate_hippocampus	dentate	KCNK1	KCNK1	synaptic_wiring	synaptic_wiring	5.151531513892637	1.0	0.5	0.5	0.8264058679706602	0.4782608695652174	0.3481449984054428	818	23	1	True
selected	GSE325391	S2R5	human_dentate_hippocampus	dentate	STXBP1	STXBP1	synaptic_wiring	synaptic_wiring	5.2525389164357135	1.0	0.5	0.5	0.8863080684596577	0.391304347826087	0.49500372063357073	818	23	1	True
selected	GSE325391	S2R5	human_dentate_hippocampus	dentate	KCND3	KCND3	synaptic_wiring	synaptic_wiring	5.086608727424575	1.0	0.5	0.5	0.784841075794621	0.391304347826087	0.39353672796853406	818	23	1	True
selected	GSE325391	S2R5	human_dentate_hippocampus	dentate	MAPK1	MAPK1	cytoskeleton_morphogenesis	cytoskeleton_morphogenesis	5.278453396465785	1.0	0.5	0.5	0.8924205378973105	0.4347826086956521	0.45763792920165836	818	23	1	True
selected	GSE325391	S2R5	human_dentate_hippocampus	dentate	STXBP5	STXBP5	synaptic_wiring	synaptic_wiring	5.035665896251466	1.0	0.5	0.5	0.7322738386308069	0.3478260869565217	0.3844477516742852	818	23	1	True
selected	GSE325391	S2R5	human_dentate_hippocampus	dentate	GABRA2	GABRA2	synaptic_wiring	synaptic_wiring	5.068689083899109	1.0	0.5	0.5	0.773838630806846	0.391304347826087	0.38253428298075903	818	23	1	True
selected	GSE325391	S2R5	human_dentate_hippocampus	dentate	ADD2	ADD2	cytoskeleton_morphogenesis	cytoskeleton_morphogenesis	5.117839061510196	1.0	0.5	0.5	0.6748166259168704	0.0869565217391304	0.58786010417774	818	23	1	True
selected	GSE325391	S2R5	human_dentate_hippocampus	dentate	MAP3K4	MAP3K4	cytoskeleton_morphogenesis	cytoskeleton_morphogenesis	5.094184326912494	1.0	0.5	0.5	0.6882640586797066	0.2608695652173913	0.42739449346231534	818	23	1	True
selected	GSE325391	S2R5	human_dentate_hippocampus	dentate	CALM2	CALM2	synaptic_wiring	synaptic_wiring	5.244131944083708	1.0	0.5	0.5	0.8924205378973105	0.6956521739130435	0.196768363984267	818	23	1	True
selected	GSE325391	S2R6	human_dentate_hippocampus	dentate	STXBP5L	STXBP5L	synaptic_wiring	synaptic_wiring	5.06800546524533	1.0	0.5	0.5	0.87761135199054	0.6046511627906976	0.27296018919984233	5074	172	1	True
selected	GSE325391	S2R6	human_dentate_hippocampus	dentate	RFX3	RFX3	regulatory_morphogenesis_candidate	regulatory_morphogenesis_candidate	5.11374282878083	1.0	0.5	0.5	0.9121009065825778	0.6918604651162791	0.22024044146629873	5074	172	1	True
selected	GSE325391	S2R6	human_dentate_hippocampus	dentate	PPP3CA	PPP3CA	synaptic_wiring	synaptic_wiring	5.455182618321777	1.0	0.5	0.5	0.9554592037839968	0.7848837209302325	0.17057548285376434	5074	172	1	True
selected	GSE325391	S2R6	human_dentate_hippocampus	dentate	GPM6A	GPM6A	cytoskeleton_morphogenesis	cytoskeleton_morphogenesis	5.4774639744097335	1.0	0.5	0.5	0.9282617264485612	0.7965116279069767	0.13175009854158448	5074	172	1	True
selected	GSE325391	S2R6	human_dentate_hippocampus	dentate	GRIN2B	GRIN2B	synaptic_wiring	synaptic_wiring	5.09711546208696	1.0	0.5	0.5	0.8843121797398502	0.4883720930232558	0.3959400867165944	5074	172	1	True
selected	GSE325391	S2R6	human_dentate_hippocampus	dentate	GABRB3	GABRB3	synaptic_wiring	synaptic_wiring	5.132148779890988	1.0	0.5	0.5	0.8632242806464328	0.5	0.36322428064643275	5074	172	1	True
selected	GSE325391	S2R6	human_dentate_hippocampus	dentate	SYNPR	SYNPR	synaptic_wiring	synaptic_wiring	5.163026400960264	1.0	0.5	0.5	0.837012219156484	0.5116279069767442	0.32538431217973984	5074	172	1	True
selected	GSE325391	S2R6	human_dentate_hippocampus	dentate	CACNA1E	CACNA1E	synaptic_wiring	synaptic_wiring	5.063035403837544	1.0	0.5	0.5	0.8545526212061489	0.4709302325581395	0.38362238864800946	5074	172	1	True
selected	GSE325391	S2R6	human_dentate_hippocampus	dentate	CACNA2D1	CACNA2D1	synaptic_wiring	synaptic_wiring	5.237917524870884	1.0	0.5	0.5	0.862238864800946	0.4767441860465116	0.38549467875443444	5074	172	1	True
selected	GSE325391	S2R6	human_dentate_hippocampus	dentate	KCND2	KCND2	synaptic_wiring	synaptic_wiring	5.07006775598519	1.0	0.5	0.5	0.8393772171856524	0.4127906976744186	0.4265865195112338	5074	172	1	True
selected	GSE325391	S2R6	human_dentate_hippocampus	dentate	KCNJ6	KCNJ6	synaptic_wiring	synaptic_wiring	5.115876315326329	1.0	0.5	0.5	0.7899093417422152	0.2906976744186046	0.49921166732361055	5074	172	1	True
selected	GSE325391	S2R6	human_dentate_hippocampus	dentate	NFIA	NFIA	regulatory_morphogenesis_candidate	regulatory_morphogenesis_candidate	5.458070983658397	1.0	0.5	0.5	0.8470634607804494	0.5058139534883721	0.34124950729207726	5074	172	1	True
selected	GSE325391	S2R6	human_dentate_hippocampus	dentate	KCNJ3	KCNJ3	synaptic_wiring	synaptic_wiring	5.11201500439703	1.0	0.5	0.5	0.8519905400078833	0.4186046511627907	0.4333858888450926	5074	172	1	True
selected	GSE325391	S2R6	human_dentate_hippocampus	dentate	CAMTA1	CAMTA1	regulatory_morphogenesis_candidate	regulatory_morphogenesis_candidate	5.390005460425881	1.0	0.5	0.5	0.7459597950335042	0.2674418604651162	0.478517934568388	5074	172	1	True
selected	GSE325391	S2R6	human_dentate_hippocampus	dentate	NFIB	NFIB	regulatory_morphogenesis_candidate	regulatory_morphogenesis_candidate	5.456430873042622	1.0	0.5	0.5	0.7745368545526212	0.3488372093023256	0.42569964525029563	5074	172	1	True
selected	GSE325391	S2R6	human_dentate_hippocampus	dentate	KCNK1	KCNK1	synaptic_wiring	synaptic_wiring	5.151531513892637	1.0	0.5	0.5	0.7674418604651163	0.3546511627906977	0.4127906976744186	5074	172	1	True
selected	GSE325391	S2R6	human_dentate_hippocampus	dentate	STXBP1	STXBP1	synaptic_wiring	synaptic_wiring	5.2525389164357135	1.0	0.5	0.5	0.7424122979897517	0.3430232558139535	0.39938904217579824	5074	172	1	True
selected	GSE325391	S2R6	human_dentate_hippocampus	dentate	KCND3	KCND3	synaptic_wiring	synaptic_wiring	5.086608727424575	1.0	0.5	0.5	0.6665352778872684	0.1511627906976744	0.5153724871895939	5074	172	1	True
selected	GSE325391	S2R6	human_dentate_hippocampus	dentate	MAPK1	MAPK1	cytoskeleton_morphogenesis	cytoskeleton_morphogenesis	5.278453396465785	1.0	0.5	0.5	0.7008277493102089	0.3488372093023256	0.35199054000788327	5074	172	1	True
selected	GSE325391	S2R6	human_dentate_hippocampus	dentate	STXBP5	STXBP5	synaptic_wiring	synaptic_wiring	5.035665896251466	1.0	0.5	0.5	0.6454473787938511	0.2151162790697674	0.4303310997240837	5074	172	1	True
selected	GSE325391	S2R6	human_dentate_hippocampus	dentate	GABRA2	GABRA2	synaptic_wiring	synaptic_wiring	5.068689083899109	1.0	0.5	0.5	0.7126527394560505	0.2674418604651162	0.44521087899093426	5074	172	1	True
selected	GSE325391	S2R6	human_dentate_hippocampus	dentate	ADD2	ADD2	cytoskeleton_morphogenesis	cytoskeleton_morphogenesis	5.117839061510196	1.0	0.5	0.5	0.5283799763500197	0.1104651162790697	0.41791486007094997	5074	172	1	True
selected	GSE325391	S2R6	human_dentate_hippocampus	dentate	MAP3K4	MAP3K4	cytoskeleton_morphogenesis	cytoskeleton_morphogenesis	5.094184326912494	1.0	0.5	0.5	0.5553803705163579	0.127906976744186	0.4274733937721719	5074	172	1	True
selected	GSE325391	S2R6	human_dentate_hippocampus	dentate	CALM2	CALM2	synaptic_wiring	synaptic_wiring	5.244131944083708	1.0	0.5	0.5	0.745368545526212	0.4651162790697674	0.28025226645644463	5074	172	1	True
selected	GSE325391	S5R6	human_dentate_hippocampus	dentate	STXBP5L	STXBP5L	synaptic_wiring	synaptic_wiring	5.06800546524533	1.0	0.5	0.5	0.9573810994441012	0.7073170731707317	0.25006402627336954	8095	41	1	True
selected	GSE325391	S5R6	human_dentate_hippocampus	dentate	RFX3	RFX3	regulatory_morphogenesis_candidate	regulatory_morphogenesis_candidate	5.11374282878083	1.0	0.5	0.5	0.963681284743669	0.8292682926829268	0.1344129920607422	8095	41	1	True
selected	GSE325391	S5R6	human_dentate_hippocampus	dentate	PPP3CA	PPP3CA	synaptic_wiring	synaptic_wiring	5.455182618321777	1.0	0.5	0.5	0.980852378011118	0.8536585365853658	0.12719384142575219	8095	41	1	True
selected	GSE325391	S5R6	human_dentate_hippocampus	dentate	GPM6A	GPM6A	cytoskeleton_morphogenesis	cytoskeleton_morphogenesis	5.4774639744097335	1.0	0.5	0.5	0.9745521927115504	0.926829268292683	0.047722924418867385	8095	41	1	True
selected	GSE325391	S5R6	human_dentate_hippocampus	dentate	GRIN2B	GRIN2B	synaptic_wiring	synaptic_wiring	5.09711546208696	1.0	0.5	0.5	0.9510809141445336	0.6341463414634146	0.3169345726811189	8095	41	1	True
selected	GSE325391	S5R6	human_dentate_hippocampus	dentate	GABRB3	GABRB3	synaptic_wiring	synaptic_wiring	5.132148779890988	1.0	0.5	0.5	0.9369981470043236	0.7073170731707317	0.22968107383359193	8095	41	1	True
selected	GSE325391	S5R6	human_dentate_hippocampus	dentate	SYNPR	SYNPR	synaptic_wiring	synaptic_wiring	5.163026400960264	1.0	0.5	0.5	0.9140210006176652	0.6097560975609756	0.30426490305668963	8095	41	1	True
selected	GSE325391	S5R6	human_dentate_hippocampus	dentate	CACNA1E	CACNA1E	synaptic_wiring	synaptic_wiring	5.063035403837544	1.0	0.5	0.5	0.9348980852378012	0.5609756097560976	0.37392247548170354	8095	41	1	True
selected	GSE325391	S5R6	human_dentate_hippocampus	dentate	CACNA2D1	CACNA2D1	synaptic_wiring	synaptic_wiring	5.237917524870884	1.0	0.5	0.5	0.9298332303891292	0.6341463414634146	0.2956868889257146	8095	41	1	True
selected	GSE325391	S5R6	human_dentate_hippocampus	dentate	KCND2	KCND2	synaptic_wiring	synaptic_wiring	5.07006775598519	1.0	0.5	0.5	0.8842495367510809	0.5853658536585366	0.2988836830925443	8095	41	1	True
selected	GSE325391	S5R6	human_dentate_hippocampus	dentate	KCNJ6	KCNJ6	synaptic_wiring	synaptic_wiring	5.115876315326329	1.0	0.5	0.5	0.8903026559604694	0.5121951219512195	0.3781075340092499	8095	41	1	True
selected	GSE325391	S5R6	human_dentate_hippocampus	dentate	NFIA	NFIA	regulatory_morphogenesis_candidate	regulatory_morphogenesis_candidate	5.458070983658397	1.0	0.5	0.5	0.9113032736256949	0.6585365853658537	0.25276668825984117	8095	41	1	True
selected	GSE325391	S5R6	human_dentate_hippocampus	dentate	KCNJ3	KCNJ3	synaptic_wiring	synaptic_wiring	5.11201500439703	1.0	0.5	0.5	0.9138974675725756	0.6097560975609756	0.3041413700116	8095	41	1	True
selected	GSE325391	S5R6	human_dentate_hippocampus	dentate	CAMTA1	CAMTA1	regulatory_morphogenesis_candidate	regulatory_morphogenesis_candidate	5.390005460425881	1.0	0.5	0.5	0.8550957381099444	0.4878048780487805	0.36729086006116396	8095	41	1	True
selected	GSE325391	S5R6	human_dentate_hippocampus	dentate	NFIB	NFIB	regulatory_morphogenesis_candidate	regulatory_morphogenesis_candidate	5.456430873042622	1.0	0.5	0.5	0.8457072266831377	0.6341463414634146	0.21156088521972305	8095	41	1	True
selected	GSE325391	S5R6	human_dentate_hippocampus	dentate	KCNK1	KCNK1	synaptic_wiring	synaptic_wiring	5.151531513892637	1.0	0.5	0.5	0.7787523162445954	0.3170731707317073	0.4616791455128881	8095	41	1	True
selected	GSE325391	S5R6	human_dentate_hippocampus	dentate	STXBP1	STXBP1	synaptic_wiring	synaptic_wiring	5.2525389164357135	1.0	0.5	0.5	0.8281655342804201	0.4390243902439024	0.38914114403651767	8095	41	1	True
selected	GSE325391	S5R6	human_dentate_hippocampus	dentate	KCND3	KCND3	synaptic_wiring	synaptic_wiring	5.086608727424575	1.0	0.5	0.5	0.7591105620753552	0.2926829268292683	0.46642763524608694	8095	41	1	True
selected	GSE325391	S5R6	human_dentate_hippocampus	dentate	MAPK1	MAPK1	cytoskeleton_morphogenesis	cytoskeleton_morphogenesis	5.278453396465785	1.0	0.5	0.5	0.792093885114268	0.2682926829268293	0.5238012021874388	8095	41	1	True
selected	GSE325391	S5R6	human_dentate_hippocampus	dentate	STXBP5	STXBP5	synaptic_wiring	synaptic_wiring	5.035665896251466	1.0	0.5	0.5	0.6953675108091415	0.3658536585365853	0.3295138522725562	8095	41	1	True
selected	GSE325391	S5R6	human_dentate_hippocampus	dentate	GABRA2	GABRA2	synaptic_wiring	synaptic_wiring	5.068689083899109	1.0	0.5	0.5	0.7673872760963558	0.1951219512195122	0.5722653248768437	8095	41	1	True
selected	GSE325391	S5R6	human_dentate_hippocampus	dentate	ADD2	ADD2	cytoskeleton_morphogenesis	cytoskeleton_morphogenesis	5.117839061510196	1.0	0.5	0.5	0.5715873996294009	0.1951219512195122	0.37646544840988866	8095	41	1	True
selected	GSE325391	S5R6	human_dentate_hippocampus	dentate	MAP3K4	MAP3K4	cytoskeleton_morphogenesis	cytoskeleton_morphogenesis	5.094184326912494	1.0	0.5	0.5	0.6534898085237801	0.1707317073170731	0.48275810120670704	8095	41	1	True
selected	GSE325391	S5R6	human_dentate_hippocampus	dentate	CALM2	CALM2	synaptic_wiring	synaptic_wiring	5.244131944083708	1.0	0.5	0.5	0.6926497838171711	0.6341463414634146	0.058503442353756485	8095	41	1	True
selected	GSE325391	S7R5	human_dentate_hippocampus	dentate	STXBP5L	STXBP5L	synaptic_wiring	synaptic_wiring	5.06800546524533	1.0	0.5	0.5	0.9492447129909366	0.5	0.4492447129909366	1655	26	1	True
selected	GSE325391	S7R5	human_dentate_hippocampus	dentate	RFX3	RFX3	regulatory_morphogenesis_candidate	regulatory_morphogenesis_candidate	5.11374282878083	1.0	0.5	0.5	0.963141993957704	0.8461538461538461	0.1169881478038578	1655	26	1	True
selected	GSE325391	S7R5	human_dentate_hippocampus	dentate	PPP3CA	PPP3CA	synaptic_wiring	synaptic_wiring	5.455182618321777	1.0	0.5	0.5	0.9891238670694864	0.9230769230769232	0.06604694399256317	1655	26	1	True
selected	GSE325391	S7R5	human_dentate_hippocampus	dentate	GPM6A	GPM6A	cytoskeleton_morphogenesis	cytoskeleton_morphogenesis	5.4774639744097335	1.0	0.5	0.5	0.9861027190332328	0.9615384615384616	0.024564257494771202	1655	26	1	True
selected	GSE325391	S7R5	human_dentate_hippocampus	dentate	GRIN2B	GRIN2B	synaptic_wiring	synaptic_wiring	5.09711546208696	1.0	0.5	0.5	0.9830815709969788	0.7692307692307693	0.21385080176620952	1655	26	1	True
selected	GSE325391	S7R5	human_dentate_hippocampus	dentate	GABRB3	GABRB3	synaptic_wiring	synaptic_wiring	5.132148779890988	1.0	0.5	0.5	0.9595166163141994	0.5769230769230769	0.3825935393911225	1655	26	1	True
selected	GSE325391	S7R5	human_dentate_hippocampus	dentate	SYNPR	SYNPR	synaptic_wiring	synaptic_wiring	5.163026400960264	1.0	0.5	0.5	0.9214501510574018	0.4230769230769231	0.49837322798047873	1655	26	1	True
selected	GSE325391	S7R5	human_dentate_hippocampus	dentate	CACNA1E	CACNA1E	synaptic_wiring	synaptic_wiring	5.063035403837544	1.0	0.5	0.5	0.9685800604229609	0.7307692307692307	0.23781082965373013	1655	26	1	True
selected	GSE325391	S7R5	human_dentate_hippocampus	dentate	CACNA2D1	CACNA2D1	synaptic_wiring	synaptic_wiring	5.237917524870884	1.0	0.5	0.5	0.9480362537764352	0.5384615384615384	0.40957471531489675	1655	26	1	True
selected	GSE325391	S7R5	human_dentate_hippocampus	dentate	KCND2	KCND2	synaptic_wiring	synaptic_wiring	5.07006775598519	1.0	0.5	0.5	0.8996978851963746	0.3846153846153846	0.51508250058099	1655	26	1	True
selected	GSE325391	S7R5	human_dentate_hippocampus	dentate	KCNJ6	KCNJ6	synaptic_wiring	synaptic_wiring	5.115876315326329	1.0	0.5	0.5	0.9305135951661632	0.4230769230769231	0.50743667208924	1655	26	1	True
selected	GSE325391	S7R5	human_dentate_hippocampus	dentate	NFIA	NFIA	regulatory_morphogenesis_candidate	regulatory_morphogenesis_candidate	5.458070983658397	1.0	0.5	0.5	0.9341389728096676	0.5	0.4341389728096676	1655	26	1	True
selected	GSE325391	S7R5	human_dentate_hippocampus	dentate	KCNJ3	KCNJ3	synaptic_wiring	synaptic_wiring	5.11201500439703	1.0	0.5	0.5	0.9480362537764352	0.7307692307692307	0.21726702300720446	1655	26	1	True
selected	GSE325391	S7R5	human_dentate_hippocampus	dentate	CAMTA1	CAMTA1	regulatory_morphogenesis_candidate	regulatory_morphogenesis_candidate	5.390005460425881	1.0	0.5	0.5	0.938368580060423	0.6538461538461539	0.28452242621426915	1655	26	1	True
selected	GSE325391	S7R5	human_dentate_hippocampus	dentate	NFIB	NFIB	regulatory_morphogenesis_candidate	regulatory_morphogenesis_candidate	5.456430873042622	1.0	0.5	0.5	0.9063444108761328	0.4615384615384615	0.4448059493376713	1655	26	1	True
selected	GSE325391	S7R5	human_dentate_hippocampus	dentate	KCNK1	KCNK1	synaptic_wiring	synaptic_wiring	5.151531513892637	1.0	0.5	0.5	0.9178247734138972	0.6538461538461539	0.2639786195677434	1655	26	1	True
selected	GSE325391	S7R5	human_dentate_hippocampus	dentate	STXBP1	STXBP1	synaptic_wiring	synaptic_wiring	5.2525389164357135	1.0	0.5	0.5	0.958308157099698	0.8076923076923077	0.15061584940739026	1655	26	1	True
selected	GSE325391	S7R5	human_dentate_hippocampus	dentate	KCND3	KCND3	synaptic_wiring	synaptic_wiring	5.086608727424575	1.0	0.5	0.5	0.913595166163142	0.5769230769230769	0.3366720892400651	1655	26	1	True
selected	GSE325391	S7R5	human_dentate_hippocampus	dentate	MAPK1	MAPK1	cytoskeleton_morphogenesis	cytoskeleton_morphogenesis	5.278453396465785	1.0	0.5	0.5	0.9347432024169184	0.6153846153846154	0.319358587032303	1655	26	1	True
selected	GSE325391	S7R5	human_dentate_hippocampus	dentate	STXBP5	STXBP5	synaptic_wiring	synaptic_wiring	5.035665896251466	1.0	0.5	0.5	0.8839879154078549	0.3846153846153846	0.49937253079247035	1655	26	1	True
selected	GSE325391	S7R5	human_dentate_hippocampus	dentate	GABRA2	GABRA2	synaptic_wiring	synaptic_wiring	5.068689083899109	1.0	0.5	0.5	0.9099697885196376	0.4615384615384615	0.4484313269811761	1655	26	1	True
selected	GSE325391	S7R5	human_dentate_hippocampus	dentate	ADD2	ADD2	cytoskeleton_morphogenesis	cytoskeleton_morphogenesis	5.117839061510196	1.0	0.5	0.5	0.8652567975830816	0.3461538461538461	0.5191029514292356	1655	26	1	True
selected	GSE325391	S7R5	human_dentate_hippocampus	dentate	MAP3K4	MAP3K4	cytoskeleton_morphogenesis	cytoskeleton_morphogenesis	5.094184326912494	1.0	0.5	0.5	0.8368580060422961	0.1923076923076923	0.6445503137346038	1655	26	1	True
selected	GSE325391	S7R5	human_dentate_hippocampus	dentate	CALM2	CALM2	synaptic_wiring	synaptic_wiring	5.244131944083708	1.0	0.5	0.5	0.9577039274924471	0.9230769230769232	0.03462700441552391	1655	26	1	True
selected	GSE325391	S8R5	human_dentate_hippocampus	dentate	STXBP5L	STXBP5L	synaptic_wiring	synaptic_wiring	5.06800546524533	1.0	0.5	0.5	0.9431677786014332	0.7391304347826086	0.20403734381882455	4047	46	1	True
selected	GSE325391	S8R5	human_dentate_hippocampus	dentate	RFX3	RFX3	regulatory_morphogenesis_candidate	regulatory_morphogenesis_candidate	5.11374282878083	1.0	0.5	0.5	0.964665184086978	0.8478260869565217	0.11683909713045626	4047	46	1	True
selected	GSE325391	S8R5	human_dentate_hippocampus	dentate	PPP3CA	PPP3CA	synaptic_wiring	synaptic_wiring	5.455182618321777	1.0	0.5	0.5	0.992092908327156	0.9347826086956522	0.0573102996315038	4047	46	1	True
selected	GSE325391	S8R5	human_dentate_hippocampus	dentate	GPM6A	GPM6A	cytoskeleton_morphogenesis	cytoskeleton_morphogenesis	5.4774639744097335	1.0	0.5	0.5	0.9873980726464048	0.9130434782608696	0.07435459438553516	4047	46	1	True
selected	GSE325391	S8R5	human_dentate_hippocampus	dentate	GRIN2B	GRIN2B	synaptic_wiring	synaptic_wiring	5.09711546208696	1.0	0.5	0.5	0.9705955028416112	0.7608695652173914	0.20972593762421987	4047	46	1	True
selected	GSE325391	S8R5	human_dentate_hippocampus	dentate	GABRB3	GABRB3	synaptic_wiring	synaptic_wiring	5.132148779890988	1.0	0.5	0.5	0.952804546577712	0.7391304347826086	0.21367411179510332	4047	46	1	True
selected	GSE325391	S8R5	human_dentate_hippocampus	dentate	SYNPR	SYNPR	synaptic_wiring	synaptic_wiring	5.163026400960264	1.0	0.5	0.5	0.9229058561897702	0.5434782608695652	0.379427595320205	4047	46	1	True
selected	GSE325391	S8R5	human_dentate_hippocampus	dentate	CACNA1E	CACNA1E	synaptic_wiring	synaptic_wiring	5.063035403837544	1.0	0.5	0.5	0.953545836422041	0.6739130434782609	0.2796327929437802	4047	46	1	True
selected	GSE325391	S8R5	human_dentate_hippocampus	dentate	CACNA2D1	CACNA2D1	synaptic_wiring	synaptic_wiring	5.237917524870884	1.0	0.5	0.5	0.9557697059550284	0.5869565217391305	0.3688131842158979	4047	46	1	True
selected	GSE325391	S8R5	human_dentate_hippocampus	dentate	KCND2	KCND2	synaptic_wiring	synaptic_wiring	5.07006775598519	1.0	0.5	0.5	0.8841116876698789	0.2826086956521739	0.6015029920177051	4047	46	1	True
selected	GSE325391	S8R5	human_dentate_hippocampus	dentate	KCNJ6	KCNJ6	synaptic_wiring	synaptic_wiring	5.115876315326329	1.0	0.5	0.5	0.9058561897702	0.2826086956521739	0.6232474941180262	4047	46	1	True
selected	GSE325391	S8R5	human_dentate_hippocampus	dentate	NFIA	NFIA	regulatory_morphogenesis_candidate	regulatory_morphogenesis_candidate	5.458070983658397	1.0	0.5	0.5	0.9251297257227576	0.6739130434782609	0.2512166822444968	4047	46	1	True
selected	GSE325391	S8R5	human_dentate_hippocampus	dentate	KCNJ3	KCNJ3	synaptic_wiring	synaptic_wiring	5.11201500439703	1.0	0.5	0.5	0.9369903632320236	0.6739130434782609	0.2630773197537627	4047	46	1	True
selected	GSE325391	S8R5	human_dentate_hippocampus	dentate	CAMTA1	CAMTA1	regulatory_morphogenesis_candidate	regulatory_morphogenesis_candidate	5.390005460425881	1.0	0.5	0.5	0.9120336051396096	0.6739130434782609	0.23812056166134876	4047	46	1	True
selected	GSE325391	S8R5	human_dentate_hippocampus	dentate	NFIB	NFIB	regulatory_morphogenesis_candidate	regulatory_morphogenesis_candidate	5.456430873042622	1.0	0.5	0.5	0.9014084507042254	0.5652173913043478	0.3361910593998776	4047	46	1	True
selected	GSE325391	S8R5	human_dentate_hippocampus	dentate	KCNK1	KCNK1	synaptic_wiring	synaptic_wiring	5.151531513892637	1.0	0.5	0.5	0.9283419817148504	0.5434782608695652	0.3848637208452852	4047	46	1	True
selected	GSE325391	S8R5	human_dentate_hippocampus	dentate	STXBP1	STXBP1	synaptic_wiring	synaptic_wiring	5.2525389164357135	1.0	0.5	0.5	0.9547813194959228	0.717391304347826	0.23739001514809677	4047	46	1	True
selected	GSE325391	S8R5	human_dentate_hippocampus	dentate	KCND3	KCND3	synaptic_wiring	synaptic_wiring	5.086608727424575	1.0	0.5	0.5	0.8902891030392883	0.3260869565217391	0.5642021465175493	4047	46	1	True
selected	GSE325391	S8R5	human_dentate_hippocampus	dentate	MAPK1	MAPK1	cytoskeleton_morphogenesis	cytoskeleton_morphogenesis	5.278453396465785	1.0	0.5	0.5	0.9488510007412898	0.6521739130434783	0.29667708769781154	4047	46	1	True
selected	GSE325391	S8R5	human_dentate_hippocampus	dentate	STXBP5	STXBP5	synaptic_wiring	synaptic_wiring	5.035665896251466	1.0	0.5	0.5	0.850753644675068	0.391304347826087	0.459449296848981	4047	46	1	True
selected	GSE325391	S8R5	human_dentate_hippocampus	dentate	GABRA2	GABRA2	synaptic_wiring	synaptic_wiring	5.068689083899109	1.0	0.5	0.5	0.8981961947121324	0.4130434782608695	0.4851527164512629	4047	46	1	True
selected	GSE325391	S8R5	human_dentate_hippocampus	dentate	ADD2	ADD2	cytoskeleton_morphogenesis	cytoskeleton_morphogenesis	5.117839061510196	1.0	0.5	0.5	0.8346923647146034	0.2826086956521739	0.5520836690624296	4047	46	1	True
selected	GSE325391	S8R5	human_dentate_hippocampus	dentate	MAP3K4	MAP3K4	cytoskeleton_morphogenesis	cytoskeleton_morphogenesis	5.094184326912494	1.0	0.5	0.5	0.8146775389177169	0.3260869565217391	0.4885905823959778	4047	46	1	True
selected	GSE325391	S8R5	human_dentate_hippocampus	dentate	CALM2	CALM2	synaptic_wiring	synaptic_wiring	5.244131944083708	1.0	0.5	0.5	0.9715838893007166	0.8043478260869565	0.16723606321376006	4047	46	1	True
selected	GSE268609	1	human_dentate_hippocampus	dentate	STXBP5L	STXBP5L	synaptic_wiring	synaptic_wiring	5.06800546524533	0.6666666666666666	0.6666666666666666	0.0	0.4143646408839779	0.3349378711620511	0.0794267697219268	543	1644	2	False
selected	GSE268609	1	human_dentate_hippocampus	dentate	RFX3	RFX3	regulatory_morphogenesis_candidate	regulatory_morphogenesis_candidate	5.11374282878083	1.0	0.5	0.5	0.7734806629834254	0.6822613320806091	0.09121933090281631	543	1644	2	True
selected	GSE268609	1	human_dentate_hippocampus	dentate	PPP3CA	PPP3CA	synaptic_wiring	synaptic_wiring	5.455182618321777	0.6666666666666666	0.6666666666666666	0.0	0.6703499079189686	0.5946257512095846	0.07572415670938404	543	1644	2	False
selected	GSE268609	1	human_dentate_hippocampus	dentate	GPM6A	GPM6A	cytoskeleton_morphogenesis	cytoskeleton_morphogenesis	5.4774639744097335	1.0	0.5	0.5	0.5211786372007366	0.33559694215782776	0.1855816950429089	543	1644	2	True
selected	GSE268609	1	human_dentate_hippocampus	dentate	GRIN2B	GRIN2B	synaptic_wiring	synaptic_wiring	5.09711546208696	0.6666666666666666	0.6666666666666666	0.0	0.281767955801105	0.2643446454538008	0.017423310347304155	543	1644	2	False
selected	GSE268609	1	human_dentate_hippocampus	dentate	GABRB3	GABRB3	synaptic_wiring	synaptic_wiring	5.132148779890988	0.6666666666666666	0.6666666666666666	0.0	0.29097605893186	0.2370762590728501	0.05389979985900992	543	1644	2	False
selected	GSE268609	1	human_dentate_hippocampus	dentate	SYNPR	SYNPR	synaptic_wiring	synaptic_wiring	5.163026400960264	1.0	0.5	0.5	0.2025782688766114	0.1180540639105703	0.0845242049660411	543	1644	2	True
selected	GSE268609	1	human_dentate_hippocampus	dentate	CACNA1E	CACNA1E	synaptic_wiring	synaptic_wiring	5.063035403837544	0.6666666666666666	0.6666666666666666	0.0	0.2228360957642725	0.1788887120377424	0.04394738372653009	543	1644	2	False
selected	GSE268609	1	human_dentate_hippocampus	dentate	CACNA2D1	CACNA2D1	synaptic_wiring	synaptic_wiring	5.237917524870884	0.6666666666666666	0.6666666666666666	0.0	0.8287292817679558	0.8272708588629982	0.001458422904957568	543	1644	2	False
selected	GSE268609	1	human_dentate_hippocampus	dentate	KCND2	KCND2	synaptic_wiring	synaptic_wiring	5.07006775598519	0.6666666666666666	0.6666666666666666	0.0	0.3572744014732965	0.29270555983947405	0.06456884163382243	543	1644	2	False
selected	GSE268609	1	human_dentate_hippocampus	dentate	KCNJ6	KCNJ6	synaptic_wiring	synaptic_wiring	5.115876315326329	0.6666666666666666	0.6666666666666666	0.0	0.2265193370165746	0.16693426133826175	0.05958507567831284	543	1644	2	False
selected	GSE268609	1	human_dentate_hippocampus	dentate	NFIA	NFIA	regulatory_morphogenesis_candidate	regulatory_morphogenesis_candidate	5.458070983658397	1.0	0.5	0.5	0.8858195211786372	0.8315273912378327	0.05429212994080446	543	1644	2	True
selected	GSE268609	1	human_dentate_hippocampus	dentate	KCNJ3	KCNJ3	synaptic_wiring	synaptic_wiring	5.11201500439703	1.0	0.5	0.5	0.3314917127071823	0.17483461413054388	0.15665709857663843	543	1644	2	True
selected	GSE268609	1	human_dentate_hippocampus	dentate	CAMTA1	CAMTA1	regulatory_morphogenesis_candidate	regulatory_morphogenesis_candidate	5.390005460425881	1.0	0.5	0.5	0.8158379373848987	0.7322695994424553	0.08356833794244345	543	1644	2	True
selected	GSE268609	1	human_dentate_hippocampus	dentate	NFIB	NFIB	regulatory_morphogenesis_candidate	regulatory_morphogenesis_candidate	5.456430873042622	1.0	0.5	0.5	0.7734806629834254	0.6881612923663663	0.08531937061705919	543	1644	2	True
selected	GSE268609	1	human_dentate_hippocampus	dentate	KCNK1	KCNK1	synaptic_wiring	synaptic_wiring	5.151531513892637	1.0	0.5	0.5	0.3020257826887661	0.27525601778950826	0.026769764899257864	543	1644	2	True
selected	GSE268609	1	human_dentate_hippocampus	dentate	STXBP1	STXBP1	synaptic_wiring	synaptic_wiring	5.2525389164357135	0.6666666666666666	0.6666666666666666	0.0	0.3535911602209944	0.27545690695586467	0.07813425326512974	543	1644	2	False
selected	GSE268609	1	human_dentate_hippocampus	dentate	KCND3	KCND3	synaptic_wiring	synaptic_wiring	5.086608727424575	0.6666666666666666	0.6666666666666666	0.0	0.2707182320441988	0.20265544571897454	0.06806278632522428	543	1644	2	False
selected	GSE268609	1	human_dentate_hippocampus	dentate	MAPK1	MAPK1	cytoskeleton_morphogenesis	cytoskeleton_morphogenesis	5.278453396465785	1.0	0.5	0.5	0.5395948434622467	0.4050157388935334	0.13457910456871336	543	1644	2	True
selected	GSE268609	1	human_dentate_hippocampus	dentate	STXBP5	STXBP5	synaptic_wiring	synaptic_wiring	5.035665896251466	0.6666666666666666	0.6666666666666666	0.0	0.6703499079189686	0.567844134731728	0.10250577318724063	543	1644	2	False
selected	GSE268609	1	human_dentate_hippocampus	dentate	GABRA2	GABRA2	synaptic_wiring	synaptic_wiring	5.068689083899109	1.0	0.5	0.5	0.2670349907918968	0.12870273502873486	0.13833225576316194	543	1644	2	True
selected	GSE268609	1	human_dentate_hippocampus	dentate	ADD2	ADD2	cytoskeleton_morphogenesis	cytoskeleton_morphogenesis	5.117839061510196	0.6666666666666666	0.6666666666666666	0.0	0.2523020257826888	0.16463717098604125	0.08766485479664754	543	1644	2	False
selected	GSE268609	1	human_dentate_hippocampus	dentate	MAP3K4	MAP3K4	cytoskeleton_morphogenesis	cytoskeleton_morphogenesis	5.094184326912494	1.0	0.5	0.5	0.4493554327808471	0.36785896962401277	0.08149646315683434	543	1644	2	True
selected	GSE268609	1	human_dentate_hippocampus	dentate	CALM2	CALM2	synaptic_wiring	synaptic_wiring	5.244131944083708	1.0	0.5	0.5	0.7219152854511971	0.6755423621166301	0.046372923334566996	543	1644	2	True
selected	GSE268609	10	human_dentate_hippocampus	dentate	STXBP5L	STXBP5L	synaptic_wiring	synaptic_wiring	5.06800546524533	0.6666666666666666	0.6666666666666666	0.0	0.6765641569459173	0.5801957018077827	0.09636845513813463	943	2119	2	False
selected	GSE268609	10	human_dentate_hippocampus	dentate	RFX3	RFX3	regulatory_morphogenesis_candidate	regulatory_morphogenesis_candidate	5.11374282878083	1.0	0.5	0.5	0.8345705196182397	0.7091405757699634	0.12542994384827633	943	2119	2	True
selected	GSE268609	10	human_dentate_hippocampus	dentate	PPP3CA	PPP3CA	synaptic_wiring	synaptic_wiring	5.455182618321777	0.6666666666666666	0.6666666666666666	0.0	0.8048780487804879	0.708844247209424	0.09603380157106389	943	2119	2	False
selected	GSE268609	10	human_dentate_hippocampus	dentate	GPM6A	GPM6A	cytoskeleton_morphogenesis	cytoskeleton_morphogenesis	5.4774639744097335	1.0	0.5	0.5	0.6776246023329798	0.5074907754347193	0.1701338268982605	943	2119	2	True
selected	GSE268609	10	human_dentate_hippocampus	dentate	GRIN2B	GRIN2B	synaptic_wiring	synaptic_wiring	5.09711546208696	0.6666666666666666	0.6666666666666666	0.0	0.5630965005302226	0.4799598885376185	0.08313661199260414	943	2119	2	False
selected	GSE268609	10	human_dentate_hippocampus	dentate	GABRB3	GABRB3	synaptic_wiring	synaptic_wiring	5.132148779890988	0.6666666666666666	0.6666666666666666	0.0	0.5737009544008483	0.4741984401693	0.09950251423154832	943	2119	2	False
selected	GSE268609	10	human_dentate_hippocampus	dentate	SYNPR	SYNPR	synaptic_wiring	synaptic_wiring	5.163026400960264	1.0	0.5	0.5	0.4909862142099682	0.2719006442468524	0.2190855699631158	943	2119	2	True
selected	GSE268609	10	human_dentate_hippocampus	dentate	CACNA1E	CACNA1E	synaptic_wiring	synaptic_wiring	5.063035403837544	0.6666666666666666	0.6666666666666666	0.0	0.528101802757158	0.4170570111158912	0.1110447916412668	943	2119	2	False
selected	GSE268609	10	human_dentate_hippocampus	dentate	CACNA2D1	CACNA2D1	synaptic_wiring	synaptic_wiring	5.237917524870884	0.6666666666666666	0.6666666666666666	0.0	0.8494167550371156	0.8423692717993392	0.007047483237776375	943	2119	2	False
selected	GSE268609	10	human_dentate_hippocampus	dentate	KCND2	KCND2	synaptic_wiring	synaptic_wiring	5.07006775598519	0.6666666666666666	0.6666666666666666	0.0	0.6086956521739131	0.497549487762166	0.11114616441174707	943	2119	2	False
selected	GSE268609	10	human_dentate_hippocampus	dentate	KCNJ6	KCNJ6	synaptic_wiring	synaptic_wiring	5.115876315326329	0.6666666666666666	0.6666666666666666	0.0	0.496288441145281	0.36055732975834937	0.1357311113869316	943	2119	2	False
selected	GSE268609	10	human_dentate_hippocampus	dentate	NFIA	NFIA	regulatory_morphogenesis_candidate	regulatory_morphogenesis_candidate	5.458070983658397	1.0	0.5	0.5	0.911983032873807	0.7937727267047372	0.1182103061690698	943	2119	2	True
selected	GSE268609	10	human_dentate_hippocampus	dentate	KCNJ3	KCNJ3	synaptic_wiring	synaptic_wiring	5.11201500439703	0.6666666666666666	0.6666666666666666	0.0	0.5365853658536586	0.3353979639014689	0.20118740195218965	943	2119	2	False
selected	GSE268609	10	human_dentate_hippocampus	dentate	CAMTA1	CAMTA1	regulatory_morphogenesis_candidate	regulatory_morphogenesis_candidate	5.390005460425881	0.6666666666666666	0.6666666666666666	0.0	0.8822905620360552	0.8034533880529607	0.07883717398309442	943	2119	2	False
selected	GSE268609	10	human_dentate_hippocampus	dentate	NFIB	NFIB	regulatory_morphogenesis_candidate	regulatory_morphogenesis_candidate	5.456430873042622	0.6666666666666666	0.6666666666666666	0.0	0.7804878048780488	0.6976636456624461	0.08282415921560271	943	2119	2	False
selected	GSE268609	10	human_dentate_hippocampus	dentate	KCNK1	KCNK1	synaptic_wiring	synaptic_wiring	5.151531513892637	1.0	0.5	0.5	0.457051961823966	0.3077171276122879	0.1493348342116781	943	2119	2	True
selected	GSE268609	10	human_dentate_hippocampus	dentate	STXBP1	STXBP1	synaptic_wiring	synaptic_wiring	5.2525389164357135	0.6666666666666666	0.6666666666666666	0.0	0.5344644750795334	0.4181463755982356	0.11631809948129784	943	2119	2	False
selected	GSE268609	10	human_dentate_hippocampus	dentate	KCND3	KCND3	synaptic_wiring	synaptic_wiring	5.086608727424575	0.6666666666666666	0.6666666666666666	0.0	0.5567338282078473	0.4152219161747196	0.14151191203312774	943	2119	2	False
selected	GSE268609	10	human_dentate_hippocampus	dentate	MAPK1	MAPK1	cytoskeleton_morphogenesis	cytoskeleton_morphogenesis	5.278453396465785	0.6666666666666666	0.6666666666666666	0.0	0.6203605514316013	0.5247260299648868	0.09563452146671447	943	2119	2	False
selected	GSE268609	10	human_dentate_hippocampus	dentate	STXBP5	STXBP5	synaptic_wiring	synaptic_wiring	5.035665896251466	0.6666666666666666	0.6666666666666666	0.0	0.7401908801696713	0.6714519563932887	0.06873892377638258	943	2119	2	False
selected	GSE268609	10	human_dentate_hippocampus	dentate	GABRA2	GABRA2	synaptic_wiring	synaptic_wiring	5.068689083899109	1.0	0.5	0.5	0.4687168610816543	0.24557470782182436	0.22314215325982992	943	2119	2	True
selected	GSE268609	10	human_dentate_hippocampus	dentate	ADD2	ADD2	cytoskeleton_morphogenesis	cytoskeleton_morphogenesis	5.117839061510196	0.6666666666666666	0.6666666666666666	0.0	0.3626723223753976	0.268146107831464	0.09452621454393362	943	2119	2	False
selected	GSE268609	10	human_dentate_hippocampus	dentate	MAP3K4	MAP3K4	cytoskeleton_morphogenesis	cytoskeleton_morphogenesis	5.094184326912494	1.0	0.5	0.5	0.5387062566277837	0.42232309095680204	0.11638316567098167	943	2119	2	True
selected	GSE268609	10	human_dentate_hippocampus	dentate	CALM2	CALM2	synaptic_wiring	synaptic_wiring	5.244131944083708	1.0	0.5	0.5	0.6680805938494168	0.6177624873033922	0.05031810654602453	943	2119	2	True
selected	GSE268609	11	human_dentate_hippocampus	dentate	STXBP5L	STXBP5L	synaptic_wiring	synaptic_wiring	5.06800546524533	0.6666666666666666	0.6666666666666666	0.0	0.8662790697674418	0.7426381813948468	0.12364088837259501	1204	3019	2	False
selected	GSE268609	11	human_dentate_hippocampus	dentate	RFX3	RFX3	regulatory_morphogenesis_candidate	regulatory_morphogenesis_candidate	5.11374282878083	1.0	0.5	0.5	0.9385382059800664	0.7629884548330125	0.17554975114705396	1204	3019	2	True
selected	GSE268609	11	human_dentate_hippocampus	dentate	PPP3CA	PPP3CA	synaptic_wiring	synaptic_wiring	5.455182618321777	0.6666666666666666	0.6666666666666666	0.0	0.909468438538206	0.7954742150365436	0.11399422350166244	1204	3019	2	False
selected	GSE268609	11	human_dentate_hippocampus	dentate	GPM6A	GPM6A	cytoskeleton_morphogenesis	cytoskeleton_morphogenesis	5.4774639744097335	1.0	0.5	0.5	0.9651162790697676	0.7673222935868387	0.19779398548292892	1204	3019	2	True
selected	GSE268609	11	human_dentate_hippocampus	dentate	GRIN2B	GRIN2B	synaptic_wiring	synaptic_wiring	5.09711546208696	0.6666666666666666	0.6666666666666666	0.0	0.7666112956810631	0.6323679234032403	0.1342433722778228	1204	3019	2	False
selected	GSE268609	11	human_dentate_hippocampus	dentate	GABRB3	GABRB3	synaptic_wiring	synaptic_wiring	5.132148779890988	0.6666666666666666	0.6666666666666666	0.0	0.7574750830564784	0.6022130602926896	0.15526202276378875	1204	3019	2	False
selected	GSE268609	11	human_dentate_hippocampus	dentate	SYNPR	SYNPR	synaptic_wiring	synaptic_wiring	5.163026400960264	1.0	0.5	0.5	0.7134551495016611	0.43716970202906447	0.27628544747259665	1204	3019	2	True
selected	GSE268609	11	human_dentate_hippocampus	dentate	CACNA1E	CACNA1E	synaptic_wiring	synaptic_wiring	5.063035403837544	0.6666666666666666	0.6666666666666666	0.0	0.7209302325581395	0.5358380042137304	0.18509222834440908	1204	3019	2	False
selected	GSE268609	11	human_dentate_hippocampus	dentate	CACNA2D1	CACNA2D1	synaptic_wiring	synaptic_wiring	5.237917524870884	0.6666666666666666	0.6666666666666666	0.0	0.8230897009966778	0.8085098045896724	0.01457989640700541	1204	3019	2	False
selected	GSE268609	11	human_dentate_hippocampus	dentate	KCND2	KCND2	synaptic_wiring	synaptic_wiring	5.07006775598519	0.6666666666666666	0.6666666666666666	0.0	0.8181063122923588	0.7580929746551499	0.06001333763720884	1204	3019	2	False
selected	GSE268609	11	human_dentate_hippocampus	dentate	KCNJ6	KCNJ6	synaptic_wiring	synaptic_wiring	5.115876315326329	0.6666666666666666	0.6666666666666666	0.0	0.7068106312292359	0.5268889381058657	0.17992169312337025	1204	3019	2	False
selected	GSE268609	11	human_dentate_hippocampus	dentate	NFIA	NFIA	regulatory_morphogenesis_candidate	regulatory_morphogenesis_candidate	5.458070983658397	1.0	0.5	0.5	0.9343853820598008	0.7745038076903419	0.15988157436945893	1204	3019	2	True
selected	GSE268609	11	human_dentate_hippocampus	dentate	KCNJ3	KCNJ3	synaptic_wiring	synaptic_wiring	5.11201500439703	0.6666666666666666	0.6666666666666666	0.0	0.8430232558139535	0.597614301696282	0.2454089541176715	1204	3019	2	False
selected	GSE268609	11	human_dentate_hippocampus	dentate	CAMTA1	CAMTA1	regulatory_morphogenesis_candidate	regulatory_morphogenesis_candidate	5.390005460425881	0.6666666666666666	0.6666666666666666	0.0	0.9136212624584718	0.7726581710592819	0.14096309139918983	1204	3019	2	False
selected	GSE268609	11	human_dentate_hippocampus	dentate	NFIB	NFIB	regulatory_morphogenesis_candidate	regulatory_morphogenesis_candidate	5.456430873042622	0.6666666666666666	0.6666666666666666	0.0	0.9601328903654484	0.8012033550834512	0.15892953528199716	1204	3019	2	False
selected	GSE268609	11	human_dentate_hippocampus	dentate	KCNK1	KCNK1	synaptic_wiring	synaptic_wiring	5.151531513892637	1.0	0.5	0.5	0.6229235880398671	0.4365944312883679	0.18632915675149925	1204	3019	2	True
selected	GSE268609	11	human_dentate_hippocampus	dentate	STXBP1	STXBP1	synaptic_wiring	synaptic_wiring	5.2525389164357135	0.6666666666666666	0.6666666666666666	0.0	0.7084717607973422	0.5117002004645326	0.19677156033280963	1204	3019	2	False
selected	GSE268609	11	human_dentate_hippocampus	dentate	KCND3	KCND3	synaptic_wiring	synaptic_wiring	5.086608727424575	0.6666666666666666	0.6666666666666666	0.0	0.6661129568106312	0.5407022505409135	0.12541070626971773	1204	3019	2	False
selected	GSE268609	11	human_dentate_hippocampus	dentate	MAPK1	MAPK1	cytoskeleton_morphogenesis	cytoskeleton_morphogenesis	5.278453396465785	0.6666666666666666	0.6666666666666666	0.0	0.7375415282392026	0.5281164284375692	0.20942509980163337	1204	3019	2	False
selected	GSE268609	11	human_dentate_hippocampus	dentate	STXBP5	STXBP5	synaptic_wiring	synaptic_wiring	5.035665896251466	0.6666666666666666	0.6666666666666666	0.0	0.8239202657807309	0.7047929763588145	0.1191272894219163	1204	3019	2	False
selected	GSE268609	11	human_dentate_hippocampus	dentate	GABRA2	GABRA2	synaptic_wiring	synaptic_wiring	5.068689083899109	0.6666666666666666	0.6666666666666666	0.0	0.6403654485049833	0.4040109943154392	0.23635445418954415	1204	3019	2	False
selected	GSE268609	11	human_dentate_hippocampus	dentate	ADD2	ADD2	cytoskeleton_morphogenesis	cytoskeleton_morphogenesis	5.117839061510196	0.6666666666666666	0.6666666666666666	0.0	0.542358803986711	0.43414938866835895	0.10820941531835204	1204	3019	2	False
selected	GSE268609	11	human_dentate_hippocampus	dentate	MAP3K4	MAP3K4	cytoskeleton_morphogenesis	cytoskeleton_morphogenesis	5.094184326912494	1.0	0.5	0.5	0.6204318936877077	0.4470106365458769	0.17342125714183076	1204	3019	2	True
selected	GSE268609	11	human_dentate_hippocampus	dentate	CALM2	CALM2	synaptic_wiring	synaptic_wiring	5.244131944083708	1.0	0.5	0.5	0.8612956810631229	0.6720033959714011	0.1892922850917218	1204	3019	2	True
selected	GSE268609	12	human_dentate_hippocampus	dentate	STXBP5L	STXBP5L	synaptic_wiring	synaptic_wiring	5.06800546524533	0.6666666666666666	0.6666666666666666	0.0	0.7936670071501533	0.608289179567845	0.18537782758230825	979	1968	2	False
selected	GSE268609	12	human_dentate_hippocampus	dentate	RFX3	RFX3	regulatory_morphogenesis_candidate	regulatory_morphogenesis_candidate	5.11374282878083	1.0	0.5	0.5	0.8927477017364658	0.7644175842371057	0.12833011749936007	979	1968	2	True
selected	GSE268609	12	human_dentate_hippocampus	dentate	PPP3CA	PPP3CA	synaptic_wiring	synaptic_wiring	5.455182618321777	0.6666666666666666	0.6666666666666666	0.0	0.8794688457609806	0.7341998509810415	0.14526899477993915	979	1968	2	False
selected	GSE268609	12	human_dentate_hippocampus	dentate	GPM6A	GPM6A	cytoskeleton_morphogenesis	cytoskeleton_morphogenesis	5.4774639744097335	1.0	0.5	0.5	0.832482124616956	0.5986546899577779	0.2338274346591781	979	1968	2	True
selected	GSE268609	12	human_dentate_hippocampus	dentate	GRIN2B	GRIN2B	synaptic_wiring	synaptic_wiring	5.09711546208696	0.6666666666666666	0.6666666666666666	0.0	0.6649642492339122	0.5208812815630433	0.14408296767086892	979	1968	2	False
selected	GSE268609	12	human_dentate_hippocampus	dentate	GABRB3	GABRB3	synaptic_wiring	synaptic_wiring	5.132148779890988	0.6666666666666666	0.6666666666666666	0.0	0.6833503575076609	0.5203493666694262	0.16300099083823472	979	1968	2	False
selected	GSE268609	12	human_dentate_hippocampus	dentate	SYNPR	SYNPR	synaptic_wiring	synaptic_wiring	5.163026400960264	0.6666666666666666	0.6666666666666666	0.0	0.5444330949948928	0.35881902475370475	0.18561407024118803	979	1968	2	False
selected	GSE268609	12	human_dentate_hippocampus	dentate	CACNA1E	CACNA1E	synaptic_wiring	synaptic_wiring	5.063035403837544	0.6666666666666666	0.6666666666666666	0.0	0.6292134831460674	0.45967588376521235	0.16953759938085505	979	1968	2	False
selected	GSE268609	12	human_dentate_hippocampus	dentate	CACNA2D1	CACNA2D1	synaptic_wiring	synaptic_wiring	5.237917524870884	0.6666666666666666	0.6666666666666666	0.0	0.8610827374872319	0.8621326268730856	-0.0010498893858537084	979	1968	2	False
selected	GSE268609	12	human_dentate_hippocampus	dentate	KCND2	KCND2	synaptic_wiring	synaptic_wiring	5.07006775598519	0.6666666666666666	0.6666666666666666	0.0	0.6956077630234934	0.5375403593012666	0.15806740372222672	979	1968	2	False
selected	GSE268609	12	human_dentate_hippocampus	dentate	KCNJ6	KCNJ6	synaptic_wiring	synaptic_wiring	5.115876315326329	0.6666666666666666	0.6666666666666666	0.0	0.59244126659857	0.41389808759003227	0.17854317900853772	979	1968	2	False
selected	GSE268609	12	human_dentate_hippocampus	dentate	NFIA	NFIA	regulatory_morphogenesis_candidate	regulatory_morphogenesis_candidate	5.458070983658397	1.0	0.5	0.5	0.9346271705822268	0.8575916880536468	0.07703548252857995	979	1968	2	True
selected	GSE268609	12	human_dentate_hippocampus	dentate	KCNJ3	KCNJ3	synaptic_wiring	synaptic_wiring	5.11201500439703	0.6666666666666666	0.6666666666666666	0.0	0.6956077630234934	0.4311180561304743	0.26448970689301904	979	1968	2	False
selected	GSE268609	12	human_dentate_hippocampus	dentate	CAMTA1	CAMTA1	regulatory_morphogenesis_candidate	regulatory_morphogenesis_candidate	5.390005460425881	1.0	0.5	0.5	0.9101123595505618	0.8384054971438033	0.0717068624067585	979	1968	2	True
selected	GSE268609	12	human_dentate_hippocampus	dentate	NFIB	NFIB	regulatory_morphogenesis_candidate	regulatory_morphogenesis_candidate	5.456430873042622	1.0	0.5	0.5	0.856996935648621	0.7399929629936253	0.11700397265499574	979	1968	2	True
selected	GSE268609	12	human_dentate_hippocampus	dentate	KCNK1	KCNK1	synaptic_wiring	synaptic_wiring	5.151531513892637	0.6666666666666666	0.6666666666666666	0.0	0.5648621041879469	0.4473714711482739	0.117490633039673	979	1968	2	False
selected	GSE268609	12	human_dentate_hippocampus	dentate	STXBP1	STXBP1	synaptic_wiring	synaptic_wiring	5.2525389164357135	0.6666666666666666	0.6666666666666666	0.0	0.6414708886618999	0.46030300521566353	0.1811678834462364	979	1968	2	False
selected	GSE268609	12	human_dentate_hippocampus	dentate	KCND3	KCND3	synaptic_wiring	synaptic_wiring	5.086608727424575	0.6666666666666666	0.6666666666666666	0.0	0.6772216547497446	0.5155186687639706	0.16170298598577404	979	1968	2	False
selected	GSE268609	12	human_dentate_hippocampus	dentate	MAPK1	MAPK1	cytoskeleton_morphogenesis	cytoskeleton_morphogenesis	5.278453396465785	1.0	0.5	0.5	0.6853932584269663	0.5545864723900985	0.1308067860368678	979	1968	2	True
selected	GSE268609	12	human_dentate_hippocampus	dentate	STXBP5	STXBP5	synaptic_wiring	synaptic_wiring	5.035665896251466	1.0	0.5	0.5	0.7620020429009193	0.6475867207550294	0.1144153221458899	979	1968	2	True
selected	GSE268609	12	human_dentate_hippocampus	dentate	GABRA2	GABRA2	synaptic_wiring	synaptic_wiring	5.068689083899109	1.0	0.5	0.5	0.6496424923391215	0.3265398625714049	0.32310262976771664	979	1968	2	True
selected	GSE268609	12	human_dentate_hippocampus	dentate	ADD2	ADD2	cytoskeleton_morphogenesis	cytoskeleton_morphogenesis	5.117839061510196	0.6666666666666666	0.6666666666666666	0.0	0.4433094994892748	0.3278934514446559	0.11541604804461886	979	1968	2	False
selected	GSE268609	12	human_dentate_hippocampus	dentate	MAP3K4	MAP3K4	cytoskeleton_morphogenesis	cytoskeleton_morphogenesis	5.094184326912494	1.0	0.5	0.5	0.6189989785495403	0.47335251262521727	0.14564646592432307	979	1968	2	True
selected	GSE268609	12	human_dentate_hippocampus	dentate	CALM2	CALM2	synaptic_wiring	synaptic_wiring	5.244131944083708	1.0	0.5	0.5	0.6189989785495403	0.5262914976405332	0.09270748090900716	979	1968	2	True
selected	GSE268609	13	human_dentate_hippocampus	dentate	STXBP5L	STXBP5L	synaptic_wiring	synaptic_wiring	5.06800546524533	0.6666666666666666	0.6666666666666666	0.0	0.9879711307137128	0.9914810951760105	-0.0035099644622976767	1247	2534	2	False
selected	GSE268609	13	human_dentate_hippocampus	dentate	RFX3	RFX3	regulatory_morphogenesis_candidate	regulatory_morphogenesis_candidate	5.11374282878083	1.0	0.5	0.5	0.9558941459502808	0.9259595827900913	0.029934563160189498	1247	2534	2	True
selected	GSE268609	13	human_dentate_hippocampus	dentate	PPP3CA	PPP3CA	synaptic_wiring	synaptic_wiring	5.455182618321777	0.6666666666666666	0.6666666666666666	0.0	0.983159582999198	0.9795730117340287	0.0035865712651693693	1247	2534	2	False
selected	GSE268609	13	human_dentate_hippocampus	dentate	GPM6A	GPM6A	cytoskeleton_morphogenesis	cytoskeleton_morphogenesis	5.4774639744097335	0.6666666666666666	0.6666666666666666	0.0	0.9911788291900562	0.9865919165580181	0.004586912632038032	1247	2534	2	False
selected	GSE268609	13	human_dentate_hippocampus	dentate	GRIN2B	GRIN2B	synaptic_wiring	synaptic_wiring	5.09711546208696	1.0	0.5	0.5	0.9871692060946272	0.9779211212516297	0.00924808484299755	1247	2534	2	True
selected	GSE268609	13	human_dentate_hippocampus	dentate	GABRB3	GABRB3	synaptic_wiring	synaptic_wiring	5.132148779890988	1.0	0.5	0.5	0.9703287890938253	0.9586427640156454	0.01168602507817984	1247	2534	2	True
selected	GSE268609	13	human_dentate_hippocampus	dentate	SYNPR	SYNPR	synaptic_wiring	synaptic_wiring	5.163026400960264	1.0	0.5	0.5	0.6511627906976745	0.44317144719687085	0.20799134350080362	1247	2534	2	True
selected	GSE268609	13	human_dentate_hippocampus	dentate	CACNA1E	CACNA1E	synaptic_wiring	synaptic_wiring	5.063035403837544	1.0	0.5	0.5	0.9270248596631916	0.8203116036505866	0.10671325601260495	1247	2534	2	True
selected	GSE268609	13	human_dentate_hippocampus	dentate	CACNA2D1	CACNA2D1	synaptic_wiring	synaptic_wiring	5.237917524870884	1.0	0.5	0.5	0.8765036086607859	0.8542353324641461	0.022268276196639847	1247	2534	2	True
selected	GSE268609	13	human_dentate_hippocampus	dentate	KCND2	KCND2	synaptic_wiring	synaptic_wiring	5.07006775598519	1.0	0.5	0.5	0.958299919807538	0.94251629726206	0.01578362254547805	1247	2534	2	True
selected	GSE268609	13	human_dentate_hippocampus	dentate	KCNJ6	KCNJ6	synaptic_wiring	synaptic_wiring	5.115876315326329	1.0	0.5	0.5	0.8748997594226142	0.8354413298565841	0.03945842956603007	1247	2534	2	True
selected	GSE268609	13	human_dentate_hippocampus	dentate	NFIA	NFIA	regulatory_morphogenesis_candidate	regulatory_morphogenesis_candidate	5.458070983658397	1.0	0.5	0.5	0.5557337610264635	0.45729791395045627	0.09843584707600728	1247	2534	2	True
selected	GSE268609	13	human_dentate_hippocampus	dentate	KCNJ3	KCNJ3	synaptic_wiring	synaptic_wiring	5.11201500439703	1.0	0.5	0.5	0.9470729751403368	0.9300671447196871	0.017005830420649737	1247	2534	2	True
selected	GSE268609	13	human_dentate_hippocampus	dentate	CAMTA1	CAMTA1	regulatory_morphogenesis_candidate	regulatory_morphogenesis_candidate	5.390005460425881	0.6666666666666666	0.6666666666666666	0.0	0.9639133921411388	0.9588389830508475	0.005074409090291332	1247	2534	2	False
selected	GSE268609	13	human_dentate_hippocampus	dentate	NFIB	NFIB	regulatory_morphogenesis_candidate	regulatory_morphogenesis_candidate	5.456430873042622	1.0	0.5	0.5	0.9037690457097032	0.6748031290743155	0.22896591663538768	1247	2534	2	True
selected	GSE268609	13	human_dentate_hippocampus	dentate	KCNK1	KCNK1	synaptic_wiring	synaptic_wiring	5.151531513892637	0.6666666666666666	0.6666666666666666	0.0	0.7690457097032879	0.6986512385919166	0.07039447111137132	1247	2534	2	False
selected	GSE268609	13	human_dentate_hippocampus	dentate	STXBP1	STXBP1	synaptic_wiring	synaptic_wiring	5.2525389164357135	0.6666666666666666	0.6666666666666666	0.0	0.921411387329591	0.8922477183833116	0.02916366894627942	1247	2534	2	False
selected	GSE268609	13	human_dentate_hippocampus	dentate	KCND3	KCND3	synaptic_wiring	synaptic_wiring	5.086608727424575	1.0	0.5	0.5	0.871692060946271	0.8741623207301173	-0.002470259783846296	1247	2534	2	True
selected	GSE268609	13	human_dentate_hippocampus	dentate	MAPK1	MAPK1	cytoskeleton_morphogenesis	cytoskeleton_morphogenesis	5.278453396465785	1.0	0.5	0.5	0.8724939855653568	0.8021219035202086	0.07037208204514822	1247	2534	2	True
selected	GSE268609	13	human_dentate_hippocampus	dentate	STXBP5	STXBP5	synaptic_wiring	synaptic_wiring	5.035665896251466	0.6666666666666666	0.6666666666666666	0.0	0.958299919807538	0.9510827900912646	0.007217129716273418	1247	2534	2	False
selected	GSE268609	13	human_dentate_hippocampus	dentate	GABRA2	GABRA2	synaptic_wiring	synaptic_wiring	5.068689083899109	1.0	0.5	0.5	0.8660785886126704	0.7825430247718383	0.08353556384083205	1247	2534	2	True
selected	GSE268609	13	human_dentate_hippocampus	dentate	ADD2	ADD2	cytoskeleton_morphogenesis	cytoskeleton_morphogenesis	5.117839061510196	0.6666666666666666	0.6666666666666666	0.0	0.8107457898957497	0.8118402868318122	-0.0010944969360624501	1247	2534	2	False
selected	GSE268609	13	human_dentate_hippocampus	dentate	MAP3K4	MAP3K4	cytoskeleton_morphogenesis	cytoskeleton_morphogenesis	5.094184326912494	0.6666666666666666	0.6666666666666666	0.0	0.7297514033680834	0.6646577574967405	0.06509364587134292	1247	2534	2	False
selected	GSE268609	13	human_dentate_hippocampus	dentate	CALM2	CALM2	synaptic_wiring	synaptic_wiring	5.244131944083708	1.0	0.5	0.5	0.9534883720930232	0.91222555410691	0.0412628179861132	1247	2534	2	True
selected	GSE268609	14	human_dentate_hippocampus	dentate	STXBP5L	STXBP5L	synaptic_wiring	synaptic_wiring	5.06800546524533	0.6666666666666666	0.6666666666666666	0.0	0.820333041191937	0.6301883981572735	0.1901446430346635	2282	4151	2	False
selected	GSE268609	14	human_dentate_hippocampus	dentate	RFX3	RFX3	regulatory_morphogenesis_candidate	regulatory_morphogenesis_candidate	5.11374282878083	1.0	0.5	0.5	0.906222611744084	0.6815182193525573	0.22470439239152673	2282	4151	2	True
selected	GSE268609	14	human_dentate_hippocampus	dentate	PPP3CA	PPP3CA	synaptic_wiring	synaptic_wiring	5.455182618321777	1.0	0.5	0.5	0.9097283085013146	0.7327710965663339	0.1769572119349807	2282	4151	2	True
selected	GSE268609	14	human_dentate_hippocampus	dentate	GPM6A	GPM6A	cytoskeleton_morphogenesis	cytoskeleton_morphogenesis	5.4774639744097335	1.0	0.5	0.5	0.9202453987730062	0.6698914926150148	0.25035390615799136	2282	4151	2	True
selected	GSE268609	14	human_dentate_hippocampus	dentate	GRIN2B	GRIN2B	synaptic_wiring	synaptic_wiring	5.09711546208696	0.6666666666666666	0.6666666666666666	0.0	0.7765118317265557	0.5302095168245382	0.24630231490201748	2282	4151	2	False
selected	GSE268609	14	human_dentate_hippocampus	dentate	GABRB3	GABRB3	synaptic_wiring	synaptic_wiring	5.132148779890988	1.0	0.5	0.5	0.773444347063979	0.5167615096736593	0.2566828373903197	2282	4151	2	True
selected	GSE268609	14	human_dentate_hippocampus	dentate	SYNPR	SYNPR	synaptic_wiring	synaptic_wiring	5.163026400960264	1.0	0.5	0.5	0.7230499561787905	0.35249347613263177	0.37055648004615876	2282	4151	2	True
selected	GSE268609	14	human_dentate_hippocampus	dentate	CACNA1E	CACNA1E	synaptic_wiring	synaptic_wiring	5.063035403837544	1.0	0.5	0.5	0.7519719544259421	0.4840513134501354	0.2679206409758067	2282	4151	2	True
selected	GSE268609	14	human_dentate_hippocampus	dentate	CACNA2D1	CACNA2D1	synaptic_wiring	synaptic_wiring	5.237917524870884	1.0	0.5	0.5	0.8939526730937774	0.8427330502231376	0.05121962287063975	2282	4151	2	True
selected	GSE268609	14	human_dentate_hippocampus	dentate	KCND2	KCND2	synaptic_wiring	synaptic_wiring	5.07006775598519	1.0	0.5	0.5	0.8115687992988606	0.6052315359000973	0.20633726339876335	2282	4151	2	True
selected	GSE268609	14	human_dentate_hippocampus	dentate	KCNJ6	KCNJ6	synaptic_wiring	synaptic_wiring	5.115876315326329	1.0	0.5	0.5	0.7068361086765995	0.43705081904412657	0.26978528963247295	2282	4151	2	True
selected	GSE268609	14	human_dentate_hippocampus	dentate	NFIA	NFIA	regulatory_morphogenesis_candidate	regulatory_morphogenesis_candidate	5.458070983658397	1.0	0.5	0.5	0.9224364592462752	0.750152250857025	0.17228420838925018	2282	4151	2	True
selected	GSE268609	14	human_dentate_hippocampus	dentate	KCNJ3	KCNJ3	synaptic_wiring	synaptic_wiring	5.11201500439703	1.0	0.5	0.5	0.7567922874671341	0.4563080967988029	0.3004841906683312	2282	4151	2	True
selected	GSE268609	14	human_dentate_hippocampus	dentate	CAMTA1	CAMTA1	regulatory_morphogenesis_candidate	regulatory_morphogenesis_candidate	5.390005460425881	1.0	0.5	0.5	0.9211218229623136	0.7881683075925701	0.13295351536974354	2282	4151	2	True
selected	GSE268609	14	human_dentate_hippocampus	dentate	NFIB	NFIB	regulatory_morphogenesis_candidate	regulatory_morphogenesis_candidate	5.456430873042622	1.0	0.5	0.5	0.8764241893076249	0.6462770572692418	0.2301471320383831	2282	4151	2	True
selected	GSE268609	14	human_dentate_hippocampus	dentate	KCNK1	KCNK1	synaptic_wiring	synaptic_wiring	5.151531513892637	1.0	0.5	0.5	0.6468010517090271	0.3640547186305935	0.2827463330784336	2282	4151	2	True
selected	GSE268609	14	human_dentate_hippocampus	dentate	STXBP1	STXBP1	synaptic_wiring	synaptic_wiring	5.2525389164357135	1.0	0.5	0.5	0.7248028045574058	0.4485433030905287	0.27625950146687706	2282	4151	2	True
selected	GSE268609	14	human_dentate_hippocampus	dentate	KCND3	KCND3	synaptic_wiring	synaptic_wiring	5.086608727424575	1.0	0.5	0.5	0.7397020157756354	0.4539220148190834	0.28578000095655204	2282	4151	2	True
selected	GSE268609	14	human_dentate_hippocampus	dentate	MAPK1	MAPK1	cytoskeleton_morphogenesis	cytoskeleton_morphogenesis	5.278453396465785	1.0	0.5	0.5	0.7703768624014022	0.5214460884626593	0.24893077393874297	2282	4151	2	True
selected	GSE268609	14	human_dentate_hippocampus	dentate	STXBP5	STXBP5	synaptic_wiring	synaptic_wiring	5.035665896251466	0.6666666666666666	0.6666666666666666	0.0	0.8339176161262051	0.6815165822465679	0.15240103387963722	2282	4151	2	False
selected	GSE268609	14	human_dentate_hippocampus	dentate	GABRA2	GABRA2	synaptic_wiring	synaptic_wiring	5.068689083899109	1.0	0.5	0.5	0.7261174408413672	0.35822416564893245	0.36789327519243475	2282	4151	2	True
selected	GSE268609	14	human_dentate_hippocampus	dentate	ADD2	ADD2	cytoskeleton_morphogenesis	cytoskeleton_morphogenesis	5.117839061510196	0.6666666666666666	0.6666666666666666	0.0	0.6432953549517967	0.39792889721266334	0.24536645773913335	2282	4151	2	False
selected	GSE268609	14	human_dentate_hippocampus	dentate	MAP3K4	MAP3K4	cytoskeleton_morphogenesis	cytoskeleton_morphogenesis	5.094184326912494	1.0	0.5	0.5	0.7072743207712533	0.4428150692332123	0.264459251538041	2282	4151	2	True
selected	GSE268609	14	human_dentate_hippocampus	dentate	CALM2	CALM2	synaptic_wiring	synaptic_wiring	5.244131944083708	1.0	0.5	0.5	0.8930762489044698	0.7398393016760691	0.15323694722840064	2282	4151	2	True
selected	GSE268609	15	human_dentate_hippocampus	dentate	STXBP5L	STXBP5L	synaptic_wiring	synaptic_wiring	5.06800546524533	1.0	0.5	0.5	0.9276393831553974	0.5922787320131837	0.3353606511422137	843	1227	2	True
selected	GSE268609	15	human_dentate_hippocampus	dentate	RFX3	RFX3	regulatory_morphogenesis_candidate	regulatory_morphogenesis_candidate	5.11374282878083	1.0	0.5	0.5	0.9845788849347568	0.8039162356976339	0.18066264923712283	843	1227	2	True
selected	GSE268609	15	human_dentate_hippocampus	dentate	PPP3CA	PPP3CA	synaptic_wiring	synaptic_wiring	5.455182618321777	1.0	0.5	0.5	0.9762752075919336	0.8051381333904981	0.17113707420143554	843	1227	2	True
selected	GSE268609	15	human_dentate_hippocampus	dentate	GPM6A	GPM6A	cytoskeleton_morphogenesis	cytoskeleton_morphogenesis	5.4774639744097335	1.0	0.5	0.5	0.9679715302491104	0.6219673624695196	0.34600416777959087	843	1227	2	True
selected	GSE268609	15	human_dentate_hippocampus	dentate	GRIN2B	GRIN2B	synaptic_wiring	synaptic_wiring	5.09711546208696	1.0	0.5	0.5	0.8576512455516014	0.550466250435435	0.3071849951161665	843	1227	2	True
selected	GSE268609	15	human_dentate_hippocampus	dentate	GABRB3	GABRB3	synaptic_wiring	synaptic_wiring	5.132148779890988	1.0	0.5	0.5	0.8706998813760379	0.5525429405932635	0.31815694078277446	843	1227	2	True
selected	GSE268609	15	human_dentate_hippocampus	dentate	SYNPR	SYNPR	synaptic_wiring	synaptic_wiring	5.163026400960264	1.0	0.5	0.5	0.8422301304863582	0.45229507757442583	0.38993505291193237	843	1227	2	True
selected	GSE268609	15	human_dentate_hippocampus	dentate	CACNA1E	CACNA1E	synaptic_wiring	synaptic_wiring	5.063035403837544	1.0	0.5	0.5	0.8600237247924081	0.5404298078726654	0.3195939169197427	843	1227	2	True
selected	GSE268609	15	human_dentate_hippocampus	dentate	CACNA2D1	CACNA2D1	synaptic_wiring	synaptic_wiring	5.237917524870884	1.0	0.5	0.5	0.9478054567022538	0.8728864653393713	0.07491899136288249	843	1227	2	True
selected	GSE268609	15	human_dentate_hippocampus	dentate	KCND2	KCND2	synaptic_wiring	synaptic_wiring	5.07006775598519	1.0	0.5	0.5	0.8944246737841044	0.5682145823843082	0.3262100913997962	843	1227	2	True
selected	GSE268609	15	human_dentate_hippocampus	dentate	KCNJ6	KCNJ6	synaptic_wiring	synaptic_wiring	5.115876315326329	1.0	0.5	0.5	0.8315539739027283	0.4788901095956483	0.35266386430708	843	1227	2	True
selected	GSE268609	15	human_dentate_hippocampus	dentate	NFIA	NFIA	regulatory_morphogenesis_candidate	regulatory_morphogenesis_candidate	5.458070983658397	1.0	0.5	0.5	0.9762752075919336	0.8835727109515261	0.09270249664040753	843	1227	2	True
selected	GSE268609	15	human_dentate_hippocampus	dentate	KCNJ3	KCNJ3	synaptic_wiring	synaptic_wiring	5.11201500439703	1.0	0.5	0.5	0.9110320284697508	0.47291996034191697	0.4381120681278339	843	1227	2	True
selected	GSE268609	15	human_dentate_hippocampus	dentate	CAMTA1	CAMTA1	regulatory_morphogenesis_candidate	regulatory_morphogenesis_candidate	5.390005460425881	1.0	0.5	0.5	0.9655990510083036	0.8332042659235241	0.13239478508477942	843	1227	2	True
selected	GSE268609	15	human_dentate_hippocampus	dentate	NFIB	NFIB	regulatory_morphogenesis_candidate	regulatory_morphogenesis_candidate	5.456430873042622	1.0	0.5	0.5	0.9762752075919336	0.8067391945121788	0.16953601307975485	843	1227	2	True
selected	GSE268609	15	human_dentate_hippocampus	dentate	KCNK1	KCNK1	synaptic_wiring	synaptic_wiring	5.151531513892637	1.0	0.5	0.5	0.8374851720047449	0.5365805621801227	0.3009046098246222	843	1227	2	True
selected	GSE268609	15	human_dentate_hippocampus	dentate	STXBP1	STXBP1	synaptic_wiring	synaptic_wiring	5.2525389164357135	1.0	0.5	0.5	0.8695136417556346	0.5443018301669391	0.3252118115886955	843	1227	2	True
selected	GSE268609	15	human_dentate_hippocampus	dentate	KCND3	KCND3	synaptic_wiring	synaptic_wiring	5.086608727424575	1.0	0.5	0.5	0.8647686832740213	0.5315831078003161	0.3331855754737052	843	1227	2	True
selected	GSE268609	15	human_dentate_hippocampus	dentate	MAPK1	MAPK1	cytoskeleton_morphogenesis	cytoskeleton_morphogenesis	5.278453396465785	1.0	0.5	0.5	0.9086595492289442	0.6565449234974141	0.2521146257315301	843	1227	2	True
selected	GSE268609	15	human_dentate_hippocampus	dentate	STXBP5	STXBP5	synaptic_wiring	synaptic_wiring	5.035665896251466	1.0	0.5	0.5	0.9359430604982206	0.7397264128192074	0.19621664767901326	843	1227	2	True
selected	GSE268609	15	human_dentate_hippocampus	dentate	GABRA2	GABRA2	synaptic_wiring	synaptic_wiring	5.068689083899109	1.0	0.5	0.5	0.8434163701067615	0.44510303062783024	0.39831333947893127	843	1227	2	True
selected	GSE268609	15	human_dentate_hippocampus	dentate	ADD2	ADD2	cytoskeleton_morphogenesis	cytoskeleton_morphogenesis	5.117839061510196	1.0	0.5	0.5	0.7698695136417556	0.43821377850424714	0.33165573513750846	843	1227	2	True
selected	GSE268609	15	human_dentate_hippocampus	dentate	MAP3K4	MAP3K4	cytoskeleton_morphogenesis	cytoskeleton_morphogenesis	5.094184326912494	1.0	0.5	0.5	0.8612099644128114	0.5749109032932287	0.2862990611195827	843	1227	2	True
selected	GSE268609	15	human_dentate_hippocampus	dentate	CALM2	CALM2	synaptic_wiring	synaptic_wiring	5.244131944083708	1.0	0.5	0.5	0.9323843416370108	0.8002612610198558	0.13212308061715494	843	1227	2	True
selected	GSE268609	16	human_dentate_hippocampus	dentate	STXBP5L	STXBP5L	synaptic_wiring	synaptic_wiring	5.06800546524533	0.6666666666666666	0.6666666666666666	0.0	0.9715536105032824	0.935372208743873	0.036181401759409426	1371	1823	2	False
selected	GSE268609	16	human_dentate_hippocampus	dentate	RFX3	RFX3	regulatory_morphogenesis_candidate	regulatory_morphogenesis_candidate	5.11374282878083	1.0	0.5	0.5	0.9781181619256016	0.9430887012922711	0.03502946063333057	1371	1823	2	True
selected	GSE268609	16	human_dentate_hippocampus	dentate	PPP3CA	PPP3CA	synaptic_wiring	synaptic_wiring	5.455182618321777	1.0	0.5	0.5	0.9919766593727206	0.9708372530573848	0.02113940631533584	1371	1823	2	True
selected	GSE268609	16	human_dentate_hippocampus	dentate	GPM6A	GPM6A	cytoskeleton_morphogenesis	cytoskeleton_morphogenesis	5.4774639744097335	1.0	0.5	0.5	0.9948942377826404	0.9656632173095014	0.02923102047313897	1371	1823	2	True
selected	GSE268609	16	human_dentate_hippocampus	dentate	GRIN2B	GRIN2B	synaptic_wiring	synaptic_wiring	5.09711546208696	1.0	0.5	0.5	0.9788475565280816	0.9367833094023865	0.04206424712569512	1371	1823	2	True
selected	GSE268609	16	human_dentate_hippocampus	dentate	GABRB3	GABRB3	synaptic_wiring	synaptic_wiring	5.132148779890988	1.0	0.5	0.5	0.975929978118162	0.9250241372481062	0.050905840870055785	1371	1823	2	True
selected	GSE268609	16	human_dentate_hippocampus	dentate	SYNPR	SYNPR	synaptic_wiring	synaptic_wiring	5.163026400960264	1.0	0.5	0.5	0.9576951130561634	0.8486588354706144	0.10903627758554901	1371	1823	2	True
selected	GSE268609	16	human_dentate_hippocampus	dentate	CACNA1E	CACNA1E	synaptic_wiring	synaptic_wiring	5.063035403837544	1.0	0.5	0.5	0.9679066374908826	0.9104458582957866	0.05746077919509596	1371	1823	2	True
selected	GSE268609	16	human_dentate_hippocampus	dentate	CACNA2D1	CACNA2D1	synaptic_wiring	synaptic_wiring	5.237917524870884	0.6666666666666666	0.6666666666666666	0.0	0.975929978118162	0.9422432787047581	0.03368669941340385	1371	1823	2	False
selected	GSE268609	16	human_dentate_hippocampus	dentate	KCND2	KCND2	synaptic_wiring	synaptic_wiring	5.07006775598519	0.6666666666666666	0.6666666666666666	0.0	0.9467541940189642	0.8971926523741149	0.04956154164484927	1371	1823	2	False
selected	GSE268609	16	human_dentate_hippocampus	dentate	KCNJ6	KCNJ6	synaptic_wiring	synaptic_wiring	5.115876315326329	1.0	0.5	0.5	0.9533187454412836	0.8872165420607021	0.06610220338058148	1371	1823	2	True
selected	GSE268609	16	human_dentate_hippocampus	dentate	NFIA	NFIA	regulatory_morphogenesis_candidate	regulatory_morphogenesis_candidate	5.458070983658397	1.0	0.5	0.5	0.9817651349380014	0.829970416398475	0.15179471853952642	1371	1823	2	True
selected	GSE268609	16	human_dentate_hippocampus	dentate	KCNJ3	KCNJ3	synaptic_wiring	synaptic_wiring	5.11201500439703	1.0	0.5	0.5	0.973741794310722	0.9112943754022874	0.06244741890843464	1371	1823	2	True
selected	GSE268609	16	human_dentate_hippocampus	dentate	CAMTA1	CAMTA1	regulatory_morphogenesis_candidate	regulatory_morphogenesis_candidate	5.390005460425881	1.0	0.5	0.5	0.977388767323122	0.9521240778333415	0.025264689489780445	1371	1823	2	True
selected	GSE268609	16	human_dentate_hippocampus	dentate	NFIB	NFIB	regulatory_morphogenesis_candidate	regulatory_morphogenesis_candidate	5.456430873042622	1.0	0.5	0.5	0.9781181619256016	0.8971128137842252	0.08100534814137639	1371	1823	2	True
selected	GSE268609	16	human_dentate_hippocampus	dentate	KCNK1	KCNK1	synaptic_wiring	synaptic_wiring	5.151531513892637	1.0	0.5	0.5	0.9438366156090444	0.7859403624300638	0.1578962531789806	1371	1823	2	True
selected	GSE268609	16	human_dentate_hippocampus	dentate	STXBP1	STXBP1	synaptic_wiring	synaptic_wiring	5.2525389164357135	1.0	0.5	0.5	0.9679066374908826	0.9062156508392335	0.06169098665164907	1371	1823	2	True
selected	GSE268609	16	human_dentate_hippocampus	dentate	KCND3	KCND3	synaptic_wiring	synaptic_wiring	5.086608727424575	1.0	0.5	0.5	0.9474835886214442	0.8845911521513097	0.06289243647013454	1371	1823	2	True
selected	GSE268609	16	human_dentate_hippocampus	dentate	MAPK1	MAPK1	cytoskeleton_morphogenesis	cytoskeleton_morphogenesis	5.278453396465785	1.0	0.5	0.5	0.9584245076586432	0.8631572758330445	0.09526723182559871	1371	1823	2	True
selected	GSE268609	16	human_dentate_hippocampus	dentate	STXBP5	STXBP5	synaptic_wiring	synaptic_wiring	5.035665896251466	0.6666666666666666	0.6666666666666666	0.0	0.9474835886214442	0.9128991929494479	0.03458439567199634	1371	1823	2	False
selected	GSE268609	16	human_dentate_hippocampus	dentate	GABRA2	GABRA2	synaptic_wiring	synaptic_wiring	5.068689083899109	1.0	0.5	0.5	0.962800875273523	0.8697207506065258	0.09308012466699722	1371	1823	2	True
selected	GSE268609	16	human_dentate_hippocampus	dentate	ADD2	ADD2	cytoskeleton_morphogenesis	cytoskeleton_morphogenesis	5.117839061510196	0.6666666666666666	0.6666666666666666	0.0	0.862144420131291	0.798920012873199	0.06322440725809197	1371	1823	2	False
selected	GSE268609	16	human_dentate_hippocampus	dentate	MAP3K4	MAP3K4	cytoskeleton_morphogenesis	cytoskeleton_morphogenesis	5.094184326912494	1.0	0.5	0.5	0.8847556528081693	0.7181679209783631	0.16658773182980613	1371	1823	2	True
selected	GSE268609	16	human_dentate_hippocampus	dentate	CALM2	CALM2	synaptic_wiring	synaptic_wiring	5.244131944083708	1.0	0.5	0.5	0.9912472647702408	0.9593609199386047	0.031886344831636104	1371	1823	2	True
selected	GSE268609	17	human_dentate_hippocampus	dentate	STXBP5L	STXBP5L	synaptic_wiring	synaptic_wiring	5.06800546524533	0.6666666666666666	0.6666666666666666	0.0	0.7615148413510747	0.44150512621693805	0.3200097151341367	977	1684	2	False
selected	GSE268609	17	human_dentate_hippocampus	dentate	RFX3	RFX3	regulatory_morphogenesis_candidate	regulatory_morphogenesis_candidate	5.11374282878083	1.0	0.5	0.5	0.8904810644831116	0.6588739553717584	0.23160710911135318	977	1684	2	True
selected	GSE268609	17	human_dentate_hippocampus	dentate	PPP3CA	PPP3CA	synaptic_wiring	synaptic_wiring	5.455182618321777	1.0	0.5	0.5	0.8638689866939611	0.6331035869159415	0.23076539977801958	977	1684	2	True
selected	GSE268609	17	human_dentate_hippocampus	dentate	GPM6A	GPM6A	cytoskeleton_morphogenesis	cytoskeleton_morphogenesis	5.4774639744097335	1.0	0.5	0.5	0.8474923234390993	0.5017245340455472	0.3457677893935521	977	1684	2	True
selected	GSE268609	17	human_dentate_hippocampus	dentate	GRIN2B	GRIN2B	synaptic_wiring	synaptic_wiring	5.09711546208696	0.6666666666666666	0.6666666666666666	0.0	0.6192425793244627	0.3989446023951064	0.22029797692935632	977	1684	2	False
selected	GSE268609	17	human_dentate_hippocampus	dentate	GABRB3	GABRB3	synaptic_wiring	synaptic_wiring	5.132148779890988	0.6666666666666666	0.6666666666666666	0.0	0.6243602865916069	0.39551994486085984	0.22884034173074708	977	1684	2	False
selected	GSE268609	17	human_dentate_hippocampus	dentate	SYNPR	SYNPR	synaptic_wiring	synaptic_wiring	5.163026400960264	1.0	0.5	0.5	0.5383828045035824	0.21459176933459687	0.32379103516898555	977	1684	2	True
selected	GSE268609	17	human_dentate_hippocampus	dentate	CACNA1E	CACNA1E	synaptic_wiring	synaptic_wiring	5.063035403837544	1.0	0.5	0.5	0.6151484135107472	0.411493064530025	0.20365534898072224	977	1684	2	True
selected	GSE268609	17	human_dentate_hippocampus	dentate	CACNA2D1	CACNA2D1	synaptic_wiring	synaptic_wiring	5.237917524870884	1.0	0.5	0.5	0.8792221084953941	0.8313603859739813	0.04786172252141274	977	1684	2	True
selected	GSE268609	17	human_dentate_hippocampus	dentate	KCND2	KCND2	synaptic_wiring	synaptic_wiring	5.07006775598519	1.0	0.5	0.5	0.6560900716479018	0.40379225180207345	0.25229781984582833	977	1684	2	True
selected	GSE268609	17	human_dentate_hippocampus	dentate	KCNJ6	KCNJ6	synaptic_wiring	synaptic_wiring	5.115876315326329	1.0	0.5	0.5	0.5731832139201638	0.3096421699549122	0.2635410439652516	977	1684	2	True
selected	GSE268609	17	human_dentate_hippocampus	dentate	NFIA	NFIA	regulatory_morphogenesis_candidate	regulatory_morphogenesis_candidate	5.458070983658397	1.0	0.5	0.5	0.9385875127942682	0.7756598029924471	0.16292770980182114	977	1684	2	True
selected	GSE268609	17	human_dentate_hippocampus	dentate	KCNJ3	KCNJ3	synaptic_wiring	synaptic_wiring	5.11201500439703	1.0	0.5	0.5	0.6806550665301945	0.3400232618247609	0.3406318047054336	977	1684	2	True
selected	GSE268609	17	human_dentate_hippocampus	dentate	CAMTA1	CAMTA1	regulatory_morphogenesis_candidate	regulatory_morphogenesis_candidate	5.390005460425881	1.0	0.5	0.5	0.9181166837256908	0.7837382613939864	0.13437842233170438	977	1684	2	True
selected	GSE268609	17	human_dentate_hippocampus	dentate	NFIB	NFIB	regulatory_morphogenesis_candidate	regulatory_morphogenesis_candidate	5.456430873042622	1.0	0.5	0.5	0.8884339815762539	0.7350779701904023	0.15335601138585153	977	1684	2	True
selected	GSE268609	17	human_dentate_hippocampus	dentate	KCNK1	KCNK1	synaptic_wiring	synaptic_wiring	5.151531513892637	1.0	0.5	0.5	0.5475946775844421	0.3000402056230435	0.24755447196139863	977	1684	2	True
selected	GSE268609	17	human_dentate_hippocampus	dentate	STXBP1	STXBP1	synaptic_wiring	synaptic_wiring	5.2525389164357135	1.0	0.5	0.5	0.6734902763561924	0.40246403032652706	0.27102624602966535	977	1684	2	True
selected	GSE268609	17	human_dentate_hippocampus	dentate	KCND3	KCND3	synaptic_wiring	synaptic_wiring	5.086608727424575	1.0	0.5	0.5	0.6284544524053224	0.3580095344763217	0.27044491792900066	977	1684	2	True
selected	GSE268609	17	human_dentate_hippocampus	dentate	MAPK1	MAPK1	cytoskeleton_morphogenesis	cytoskeleton_morphogenesis	5.278453396465785	1.0	0.5	0.5	0.7533265097236438	0.5115505011343728	0.24177600858927095	977	1684	2	True
selected	GSE268609	17	human_dentate_hippocampus	dentate	STXBP5	STXBP5	synaptic_wiring	synaptic_wiring	5.035665896251466	0.6666666666666666	0.6666666666666666	0.0	0.8556806550665302	0.6736567014158124	0.18202395365071788	977	1684	2	False
selected	GSE268609	17	human_dentate_hippocampus	dentate	GABRA2	GABRA2	synaptic_wiring	synaptic_wiring	5.068689083899109	1.0	0.5	0.5	0.6683725690890481	0.27394244852244337	0.3944301205666047	977	1684	2	True
selected	GSE268609	17	human_dentate_hippocampus	dentate	ADD2	ADD2	cytoskeleton_morphogenesis	cytoskeleton_morphogenesis	5.117839061510196	0.6666666666666666	0.6666666666666666	0.0	0.5312180143295804	0.3177005255449297	0.21351748878465066	977	1684	2	False
selected	GSE268609	17	human_dentate_hippocampus	dentate	MAP3K4	MAP3K4	cytoskeleton_morphogenesis	cytoskeleton_morphogenesis	5.094184326912494	1.0	0.5	0.5	0.6949846468781986	0.49386146291031274	0.20112318396788587	977	1684	2	True
selected	GSE268609	17	human_dentate_hippocampus	dentate	CALM2	CALM2	synaptic_wiring	synaptic_wiring	5.244131944083708	1.0	0.5	0.5	0.8659160696008188	0.7290212802619109	0.13689478933890786	977	1684	2	True
selected	GSE268609	18	human_dentate_hippocampus	dentate	STXBP5L	STXBP5L	synaptic_wiring	synaptic_wiring	5.06800546524533	0.6666666666666666	0.6666666666666666	0.0	0.7025495750708215	0.5664025703563772	0.1361470047144443	706	1263	2	False
selected	GSE268609	18	human_dentate_hippocampus	dentate	RFX3	RFX3	regulatory_morphogenesis_candidate	regulatory_morphogenesis_candidate	5.11374282878083	1.0	0.5	0.5	0.8144475920679887	0.6750126022821588	0.1394349897858299	706	1263	2	True
selected	GSE268609	18	human_dentate_hippocampus	dentate	PPP3CA	PPP3CA	synaptic_wiring	synaptic_wiring	5.455182618321777	0.6666666666666666	0.6666666666666666	0.0	0.8328611898016998	0.7071165978420819	0.12574459195961785	706	1263	2	False
selected	GSE268609	18	human_dentate_hippocampus	dentate	GPM6A	GPM6A	cytoskeleton_morphogenesis	cytoskeleton_morphogenesis	5.4774639744097335	1.0	0.5	0.5	0.7932011331444759	0.5770903239932177	0.21611080915125824	706	1263	2	True
selected	GSE268609	18	human_dentate_hippocampus	dentate	GRIN2B	GRIN2B	synaptic_wiring	synaptic_wiring	5.09711546208696	0.6666666666666666	0.6666666666666666	0.0	0.6076487252124646	0.4927275921239555	0.1149211330885091	706	1263	2	False
selected	GSE268609	18	human_dentate_hippocampus	dentate	GABRB3	GABRB3	synaptic_wiring	synaptic_wiring	5.132148779890988	0.6666666666666666	0.6666666666666666	0.0	0.5977337110481586	0.4802055063062329	0.11752820474192577	706	1263	2	False
selected	GSE268609	18	human_dentate_hippocampus	dentate	SYNPR	SYNPR	synaptic_wiring	synaptic_wiring	5.163026400960264	1.0	0.5	0.5	0.5155807365439093	0.29973955283538617	0.21584118370852318	706	1263	2	True
selected	GSE268609	18	human_dentate_hippocampus	dentate	CACNA1E	CACNA1E	synaptic_wiring	synaptic_wiring	5.063035403837544	0.6666666666666666	0.6666666666666666	0.0	0.5623229461756374	0.4142293768107824	0.14809356936485496	706	1263	2	False
selected	GSE268609	18	human_dentate_hippocampus	dentate	CACNA2D1	CACNA2D1	synaptic_wiring	synaptic_wiring	5.237917524870884	0.6666666666666666	0.6666666666666666	0.0	0.8470254957507082	0.8235133125926077	0.02351218315810044	706	1263	2	False
selected	GSE268609	18	human_dentate_hippocampus	dentate	KCND2	KCND2	synaptic_wiring	synaptic_wiring	5.07006775598519	0.6666666666666666	0.6666666666666666	0.0	0.6317280453257791	0.5210712703609599	0.11065677496481918	706	1263	2	False
selected	GSE268609	18	human_dentate_hippocampus	dentate	KCNJ6	KCNJ6	synaptic_wiring	synaptic_wiring	5.115876315326329	0.6666666666666666	0.6666666666666666	0.0	0.5	0.36723941281002886	0.13276058718997114	706	1263	2	False
selected	GSE268609	18	human_dentate_hippocampus	dentate	NFIA	NFIA	regulatory_morphogenesis_candidate	regulatory_morphogenesis_candidate	5.458070983658397	1.0	0.5	0.5	0.8937677053824362	0.7868381255951078	0.10692957978732842	706	1263	2	True
selected	GSE268609	18	human_dentate_hippocampus	dentate	KCNJ3	KCNJ3	synaptic_wiring	synaptic_wiring	5.11201500439703	1.0	0.5	0.5	0.6090651558073654	0.35880606742602844	0.250259088381337	706	1263	2	True
selected	GSE268609	18	human_dentate_hippocampus	dentate	CAMTA1	CAMTA1	regulatory_morphogenesis_candidate	regulatory_morphogenesis_candidate	5.390005460425881	1.0	0.5	0.5	0.8753541076487252	0.7739290606080664	0.1014250470406588	706	1263	2	True
selected	GSE268609	18	human_dentate_hippocampus	dentate	NFIB	NFIB	regulatory_morphogenesis_candidate	regulatory_morphogenesis_candidate	5.456430873042622	1.0	0.5	0.5	0.830028328611898	0.7060931397758576	0.12393518883604038	706	1263	2	True
selected	GSE268609	18	human_dentate_hippocampus	dentate	KCNK1	KCNK1	synaptic_wiring	synaptic_wiring	5.151531513892637	1.0	0.5	0.5	0.4645892351274787	0.311322195801276	0.15326703932620267	706	1263	2	True
selected	GSE268609	18	human_dentate_hippocampus	dentate	STXBP1	STXBP1	synaptic_wiring	synaptic_wiring	5.2525389164357135	0.6666666666666666	0.6666666666666666	0.0	0.5934844192634561	0.4048349482924544	0.18864947097100165	706	1263	2	False
selected	GSE268609	18	human_dentate_hippocampus	dentate	KCND3	KCND3	synaptic_wiring	synaptic_wiring	5.086608727424575	0.6666666666666666	0.6666666666666666	0.0	0.5594900849858357	0.41614390533267476	0.143346179653161	706	1263	2	False
selected	GSE268609	18	human_dentate_hippocampus	dentate	MAPK1	MAPK1	cytoskeleton_morphogenesis	cytoskeleton_morphogenesis	5.278453396465785	1.0	0.5	0.5	0.6458923512747875	0.4944957304995595	0.15139662077522797	706	1263	2	True
selected	GSE268609	18	human_dentate_hippocampus	dentate	STXBP5	STXBP5	synaptic_wiring	synaptic_wiring	5.035665896251466	0.6666666666666666	0.6666666666666666	0.0	0.7492917847025495	0.6354694413752018	0.11382234332734775	706	1263	2	False
selected	GSE268609	18	human_dentate_hippocampus	dentate	GABRA2	GABRA2	synaptic_wiring	synaptic_wiring	5.068689083899109	1.0	0.5	0.5	0.5637393767705382	0.3026444425208637	0.2610949342496745	706	1263	2	True
selected	GSE268609	18	human_dentate_hippocampus	dentate	ADD2	ADD2	cytoskeleton_morphogenesis	cytoskeleton_morphogenesis	5.117839061510196	0.6666666666666666	0.6666666666666666	0.0	0.4688385269121813	0.35471350811892477	0.11412501879325654	706	1263	2	False
selected	GSE268609	18	human_dentate_hippocampus	dentate	MAP3K4	MAP3K4	cytoskeleton_morphogenesis	cytoskeleton_morphogenesis	5.094184326912494	1.0	0.5	0.5	0.5793201133144475	0.4636341417463963	0.11568597156805127	706	1263	2	True
selected	GSE268609	18	human_dentate_hippocampus	dentate	CALM2	CALM2	synaptic_wiring	synaptic_wiring	5.244131944083708	0.6666666666666666	0.6666666666666666	0.0	0.7691218130311614	0.7013831959387554	0.06773861709240603	706	1263	2	False
selected	GSE268609	19	human_dentate_hippocampus	dentate	STXBP5L	STXBP5L	synaptic_wiring	synaptic_wiring	5.06800546524533	0.6666666666666666	0.6666666666666666	0.0	0.6988505747126437	0.5380543597670755	0.16079621494556817	870	1322	2	False
selected	GSE268609	19	human_dentate_hippocampus	dentate	RFX3	RFX3	regulatory_morphogenesis_candidate	regulatory_morphogenesis_candidate	5.11374282878083	1.0	0.5	0.5	0.8080459770114943	0.6644576752037172	0.14358830180777704	870	1322	2	True
selected	GSE268609	19	human_dentate_hippocampus	dentate	PPP3CA	PPP3CA	synaptic_wiring	synaptic_wiring	5.455182618321777	0.6666666666666666	0.6666666666666666	0.0	0.8540229885057471	0.7420170129420371	0.11200597556370995	870	1322	2	False
selected	GSE268609	19	human_dentate_hippocampus	dentate	GPM6A	GPM6A	cytoskeleton_morphogenesis	cytoskeleton_morphogenesis	5.4774639744097335	1.0	0.5	0.5	0.7919540229885057	0.6221879221413648	0.16976610084714094	870	1322	2	True
selected	GSE268609	19	human_dentate_hippocampus	dentate	GRIN2B	GRIN2B	synaptic_wiring	synaptic_wiring	5.09711546208696	0.6666666666666666	0.6666666666666666	0.0	0.6804597701149425	0.4795881391033918	0.2008716310115507	870	1322	2	False
selected	GSE268609	19	human_dentate_hippocampus	dentate	GABRB3	GABRB3	synaptic_wiring	synaptic_wiring	5.132148779890988	0.6666666666666666	0.6666666666666666	0.0	0.6827586206896552	0.4773818233525449	0.20537679733711028	870	1322	2	False
selected	GSE268609	19	human_dentate_hippocampus	dentate	SYNPR	SYNPR	synaptic_wiring	synaptic_wiring	5.163026400960264	1.0	0.5	0.5	0.6195402298850575	0.32636730799663316	0.29317292188842436	870	1322	2	True
selected	GSE268609	19	human_dentate_hippocampus	dentate	CACNA1E	CACNA1E	synaptic_wiring	synaptic_wiring	5.063035403837544	1.0	0.5	0.5	0.6517241379310345	0.4262845138192885	0.22543962411174595	870	1322	2	True
selected	GSE268609	19	human_dentate_hippocampus	dentate	CACNA2D1	CACNA2D1	synaptic_wiring	synaptic_wiring	5.237917524870884	0.6666666666666666	0.6666666666666666	0.0	0.8551724137931035	0.7953447196350635	0.05982769415804001	870	1322	2	False
selected	GSE268609	19	human_dentate_hippocampus	dentate	KCND2	KCND2	synaptic_wiring	synaptic_wiring	5.07006775598519	0.6666666666666666	0.6666666666666666	0.0	0.6666666666666666	0.5249231115015102	0.14174355516515647	870	1322	2	False
selected	GSE268609	19	human_dentate_hippocampus	dentate	KCNJ6	KCNJ6	synaptic_wiring	synaptic_wiring	5.115876315326329	1.0	0.5	0.5	0.596551724137931	0.34710942821561347	0.24944229592231754	870	1322	2	True
selected	GSE268609	19	human_dentate_hippocampus	dentate	NFIA	NFIA	regulatory_morphogenesis_candidate	regulatory_morphogenesis_candidate	5.458070983658397	1.0	0.5	0.5	0.8701149425287357	0.7340770284000082	0.13603791412872746	870	1322	2	True
selected	GSE268609	19	human_dentate_hippocampus	dentate	KCNJ3	KCNJ3	synaptic_wiring	synaptic_wiring	5.11201500439703	0.6666666666666666	0.6666666666666666	0.0	0.6482758620689655	0.39996468060024626	0.24831118146871922	870	1322	2	False
selected	GSE268609	19	human_dentate_hippocampus	dentate	CAMTA1	CAMTA1	regulatory_morphogenesis_candidate	regulatory_morphogenesis_candidate	5.390005460425881	0.6666666666666666	0.6666666666666666	0.0	0.8264367816091954	0.7114198628047732	0.11501691880442222	870	1322	2	False
selected	GSE268609	19	human_dentate_hippocampus	dentate	NFIB	NFIB	regulatory_morphogenesis_candidate	regulatory_morphogenesis_candidate	5.456430873042622	0.6666666666666666	0.6666666666666666	0.0	0.803448275862069	0.6921558824001597	0.11129239346190933	870	1322	2	False
selected	GSE268609	19	human_dentate_hippocampus	dentate	KCNK1	KCNK1	synaptic_wiring	synaptic_wiring	5.151531513892637	1.0	0.5	0.5	0.5206896551724138	0.28377302928069975	0.23691662589171408	870	1322	2	True
selected	GSE268609	19	human_dentate_hippocampus	dentate	STXBP1	STXBP1	synaptic_wiring	synaptic_wiring	5.2525389164357135	1.0	0.5	0.5	0.6229885057471264	0.40271684162001364	0.22027166412711274	870	1322	2	True
selected	GSE268609	19	human_dentate_hippocampus	dentate	KCND3	KCND3	synaptic_wiring	synaptic_wiring	5.086608727424575	1.0	0.5	0.5	0.6011494252873564	0.3861786473587281	0.2149707779286283	870	1322	2	True
selected	GSE268609	19	human_dentate_hippocampus	dentate	MAPK1	MAPK1	cytoskeleton_morphogenesis	cytoskeleton_morphogenesis	5.278453396465785	1.0	0.5	0.5	0.6850574712643678	0.5067645824398366	0.1782928888245312	870	1322	2	True
selected	GSE268609	19	human_dentate_hippocampus	dentate	STXBP5	STXBP5	synaptic_wiring	synaptic_wiring	5.035665896251466	0.6666666666666666	0.6666666666666666	0.0	0.7689655172413793	0.636415447879804	0.13255006936157532	870	1322	2	False
selected	GSE268609	19	human_dentate_hippocampus	dentate	GABRA2	GABRA2	synaptic_wiring	synaptic_wiring	5.068689083899109	0.6666666666666666	0.6666666666666666	0.0	0.5574712643678161	0.32433414904328	0.23313711532453613	870	1322	2	False
selected	GSE268609	19	human_dentate_hippocampus	dentate	ADD2	ADD2	cytoskeleton_morphogenesis	cytoskeleton_morphogenesis	5.117839061510196	0.6666666666666666	0.6666666666666666	0.0	0.5126436781609195	0.34793507652154365	0.16470860163937584	870	1322	2	False
selected	GSE268609	19	human_dentate_hippocampus	dentate	MAP3K4	MAP3K4	cytoskeleton_morphogenesis	cytoskeleton_morphogenesis	5.094184326912494	1.0	0.5	0.5	0.6091954022988506	0.4200760972521965	0.18911930504665408	870	1322	2	True
selected	GSE268609	19	human_dentate_hippocampus	dentate	CALM2	CALM2	synaptic_wiring	synaptic_wiring	5.244131944083708	0.6666666666666666	0.6666666666666666	0.0	0.8091954022988506	0.7014604801144899	0.10773492218436065	870	1322	2	False
selected	GSE268609	2	human_dentate_hippocampus	dentate	STXBP5L	STXBP5L	synaptic_wiring	synaptic_wiring	5.06800546524533	0.6666666666666666	0.6666666666666666	0.0	0.8264947245017585	0.719653777814508	0.10684094668725053	853	2829	2	False
selected	GSE268609	2	human_dentate_hippocampus	dentate	RFX3	RFX3	regulatory_morphogenesis_candidate	regulatory_morphogenesis_candidate	5.11374282878083	1.0	0.5	0.5	0.936694021101993	0.7761717216586435	0.1605222994433495	853	2829	2	True
selected	GSE268609	2	human_dentate_hippocampus	dentate	PPP3CA	PPP3CA	synaptic_wiring	synaptic_wiring	5.455182618321777	0.6666666666666666	0.6666666666666666	0.0	0.9050410316529894	0.7873109543191257	0.11773007733386376	853	2829	2	False
selected	GSE268609	2	human_dentate_hippocampus	dentate	GPM6A	GPM6A	cytoskeleton_morphogenesis	cytoskeleton_morphogenesis	5.4774639744097335	1.0	0.5	0.5	0.9343493552168816	0.6830468378752506	0.251302517341631	853	2829	2	True
selected	GSE268609	2	human_dentate_hippocampus	dentate	GRIN2B	GRIN2B	synaptic_wiring	synaptic_wiring	5.09711546208696	0.6666666666666666	0.6666666666666666	0.0	0.7033997655334114	0.6092389620049172	0.09416080352849421	853	2829	2	False
selected	GSE268609	2	human_dentate_hippocampus	dentate	GABRB3	GABRB3	synaptic_wiring	synaptic_wiring	5.132148779890988	0.6666666666666666	0.6666666666666666	0.0	0.7198124267291911	0.5814665502778869	0.13834587645130425	853	2829	2	False
selected	GSE268609	2	human_dentate_hippocampus	dentate	SYNPR	SYNPR	synaptic_wiring	synaptic_wiring	5.163026400960264	0.6666666666666666	0.6666666666666666	0.0	0.6260257913247362	0.411285149067168	0.21474064225756823	853	2829	2	False
selected	GSE268609	2	human_dentate_hippocampus	dentate	CACNA1E	CACNA1E	synaptic_wiring	synaptic_wiring	5.063035403837544	0.6666666666666666	0.6666666666666666	0.0	0.6389214536928488	0.5134488440321481	0.12547260966070073	853	2829	2	False
selected	GSE268609	2	human_dentate_hippocampus	dentate	CACNA2D1	CACNA2D1	synaptic_wiring	synaptic_wiring	5.237917524870884	0.6666666666666666	0.6666666666666666	0.0	0.8710433763188745	0.8752115142249126	-0.004168137906038094	853	2829	2	False
selected	GSE268609	2	human_dentate_hippocampus	dentate	KCND2	KCND2	synaptic_wiring	synaptic_wiring	5.07006775598519	0.6666666666666666	0.6666666666666666	0.0	0.735052754982415	0.6324386376314539	0.10261411735096104	853	2829	2	False
selected	GSE268609	2	human_dentate_hippocampus	dentate	KCNJ6	KCNJ6	synaptic_wiring	synaptic_wiring	5.115876315326329	0.6666666666666666	0.6666666666666666	0.0	0.6260257913247362	0.4804244747009359	0.14560131662380033	853	2829	2	False
selected	GSE268609	2	human_dentate_hippocampus	dentate	NFIA	NFIA	regulatory_morphogenesis_candidate	regulatory_morphogenesis_candidate	5.458070983658397	1.0	0.5	0.5	0.9542790152403282	0.8334445569306419	0.12083445830968631	853	2829	2	True
selected	GSE268609	2	human_dentate_hippocampus	dentate	KCNJ3	KCNJ3	synaptic_wiring	synaptic_wiring	5.11201500439703	0.6666666666666666	0.6666666666666666	0.0	0.7362250879249707	0.46483388772959233	0.2713912001953783	853	2829	2	False
selected	GSE268609	2	human_dentate_hippocampus	dentate	CAMTA1	CAMTA1	regulatory_morphogenesis_candidate	regulatory_morphogenesis_candidate	5.390005460425881	1.0	0.5	0.5	0.9261430246189918	0.7986617012045205	0.12748132341447127	853	2829	2	True
selected	GSE268609	2	human_dentate_hippocampus	dentate	NFIB	NFIB	regulatory_morphogenesis_candidate	regulatory_morphogenesis_candidate	5.456430873042622	1.0	0.5	0.5	0.9085580304806564	0.7326710708456436	0.17588695963501277	853	2829	2	True
selected	GSE268609	2	human_dentate_hippocampus	dentate	KCNK1	KCNK1	synaptic_wiring	synaptic_wiring	5.151531513892637	1.0	0.5	0.5	0.5169988276670574	0.36926483956943035	0.14773398809762706	853	2829	2	True
selected	GSE268609	2	human_dentate_hippocampus	dentate	STXBP1	STXBP1	synaptic_wiring	synaptic_wiring	5.2525389164357135	0.6666666666666666	0.6666666666666666	0.0	0.6483001172332943	0.4840656701307824	0.1642344471025119	853	2829	2	False
selected	GSE268609	2	human_dentate_hippocampus	dentate	KCND3	KCND3	synaptic_wiring	synaptic_wiring	5.086608727424575	0.6666666666666666	0.6666666666666666	0.0	0.6858147713950762	0.5173743827606867	0.16844038863438948	853	2829	2	False
selected	GSE268609	2	human_dentate_hippocampus	dentate	MAPK1	MAPK1	cytoskeleton_morphogenesis	cytoskeleton_morphogenesis	5.278453396465785	0.6666666666666666	0.6666666666666666	0.0	0.6635404454865181	0.5268943306956468	0.1366461147908713	853	2829	2	False
selected	GSE268609	2	human_dentate_hippocampus	dentate	STXBP5	STXBP5	synaptic_wiring	synaptic_wiring	5.035665896251466	0.6666666666666666	0.6666666666666666	0.0	0.798358733880422	0.6979530381603686	0.10040569572005342	853	2829	2	False
selected	GSE268609	2	human_dentate_hippocampus	dentate	GABRA2	GABRA2	synaptic_wiring	synaptic_wiring	5.068689083899109	1.0	0.5	0.5	0.6740914419695193	0.3558994132352637	0.3181920287342556	853	2829	2	True
selected	GSE268609	2	human_dentate_hippocampus	dentate	ADD2	ADD2	cytoskeleton_morphogenesis	cytoskeleton_morphogenesis	5.117839061510196	0.6666666666666666	0.6666666666666666	0.0	0.4466588511137163	0.3417886510609285	0.1048702000527878	853	2829	2	False
selected	GSE268609	2	human_dentate_hippocampus	dentate	MAP3K4	MAP3K4	cytoskeleton_morphogenesis	cytoskeleton_morphogenesis	5.094184326912494	1.0	0.5	0.5	0.5345838218053928	0.41204159004979235	0.12254223175560042	853	2829	2	True
selected	GSE268609	2	human_dentate_hippocampus	dentate	CALM2	CALM2	synaptic_wiring	synaptic_wiring	5.244131944083708	1.0	0.5	0.5	0.6154747948417351	0.5160823123489184	0.09939248249281663	853	2829	2	True
selected	GSE268609	20	human_dentate_hippocampus	dentate	STXBP5L	STXBP5L	synaptic_wiring	synaptic_wiring	5.06800546524533	1.0	0.5	0.5	0.8661616161616161	0.5346876727473742	0.33147394341424197	792	510	2	True
selected	GSE268609	20	human_dentate_hippocampus	dentate	RFX3	RFX3	regulatory_morphogenesis_candidate	regulatory_morphogenesis_candidate	5.11374282878083	1.0	0.5	0.5	0.8876262626262627	0.5893449419568823	0.2982813206693804	792	510	2	True
selected	GSE268609	20	human_dentate_hippocampus	dentate	PPP3CA	PPP3CA	synaptic_wiring	synaptic_wiring	5.455182618321777	1.0	0.5	0.5	0.9128787878787878	0.6381288004422333	0.27474998743655454	792	510	2	True
selected	GSE268609	20	human_dentate_hippocampus	dentate	GPM6A	GPM6A	cytoskeleton_morphogenesis	cytoskeleton_morphogenesis	5.4774639744097335	1.0	0.5	0.5	0.9255050505050504	0.6322553897180763	0.2932496607869741	792	510	2	True
selected	GSE268609	20	human_dentate_hippocampus	dentate	GRIN2B	GRIN2B	synaptic_wiring	synaptic_wiring	5.09711546208696	1.0	0.5	0.5	0.8409090909090909	0.46496683250414594	0.375942258404945	792	510	2	True
selected	GSE268609	20	human_dentate_hippocampus	dentate	GABRB3	GABRB3	synaptic_wiring	synaptic_wiring	5.132148779890988	1.0	0.5	0.5	0.8244949494949495	0.49094803758982863	0.33354691190512087	792	510	2	True
selected	GSE268609	20	human_dentate_hippocampus	dentate	SYNPR	SYNPR	synaptic_wiring	synaptic_wiring	5.163026400960264	1.0	0.5	0.5	0.6111111111111112	0.18463239358761743	0.42647871752349376	792	510	2	True
selected	GSE268609	20	human_dentate_hippocampus	dentate	CACNA1E	CACNA1E	synaptic_wiring	synaptic_wiring	5.063035403837544	1.0	0.5	0.5	0.7638888888888888	0.38121890547263676	0.3826699834162521	792	510	2	True
selected	GSE268609	20	human_dentate_hippocampus	dentate	CACNA2D1	CACNA2D1	synaptic_wiring	synaptic_wiring	5.237917524870884	1.0	0.5	0.5	0.875	0.7549751243781094	0.12002487562189057	792	510	2	True
selected	GSE268609	20	human_dentate_hippocampus	dentate	KCND2	KCND2	synaptic_wiring	synaptic_wiring	5.07006775598519	1.0	0.5	0.5	0.8371212121212122	0.5200386954118297	0.3170825167093825	792	510	2	True
selected	GSE268609	20	human_dentate_hippocampus	dentate	KCNJ6	KCNJ6	synaptic_wiring	synaptic_wiring	5.115876315326329	1.0	0.5	0.5	0.7032828282828283	0.3154367053620784	0.3878461229207499	792	510	2	True
selected	GSE268609	20	human_dentate_hippocampus	dentate	NFIA	NFIA	regulatory_morphogenesis_candidate	regulatory_morphogenesis_candidate	5.458070983658397	1.0	0.5	0.5	0.7108585858585859	0.6170536207849641	0.0938049650736218	792	510	2	True
selected	GSE268609	20	human_dentate_hippocampus	dentate	KCNJ3	KCNJ3	synaptic_wiring	synaptic_wiring	5.11201500439703	1.0	0.5	0.5	0.7954545454545454	0.39897733554449966	0.39647720991004576	792	510	2	True
selected	GSE268609	20	human_dentate_hippocampus	dentate	CAMTA1	CAMTA1	regulatory_morphogenesis_candidate	regulatory_morphogenesis_candidate	5.390005460425881	1.0	0.5	0.5	0.9305555555555556	0.7711442786069651	0.15941127694859047	792	510	2	True
selected	GSE268609	20	human_dentate_hippocampus	dentate	NFIB	NFIB	regulatory_morphogenesis_candidate	regulatory_morphogenesis_candidate	5.456430873042622	1.0	0.5	0.5	0.7878787878787878	0.5304726368159204	0.25740615106286746	792	510	2	True
selected	GSE268609	20	human_dentate_hippocampus	dentate	KCNK1	KCNK1	synaptic_wiring	synaptic_wiring	5.151531513892637	1.0	0.5	0.5	0.625	0.24454118297401872	0.3804588170259813	792	510	2	True
selected	GSE268609	20	human_dentate_hippocampus	dentate	STXBP1	STXBP1	synaptic_wiring	synaptic_wiring	5.2525389164357135	1.0	0.5	0.5	0.7651515151515151	0.40436705362078496	0.3607844615307302	792	510	2	True
selected	GSE268609	20	human_dentate_hippocampus	dentate	KCND3	KCND3	synaptic_wiring	synaptic_wiring	5.086608727424575	1.0	0.5	0.5	0.7550505050505051	0.4235765616362631	0.33147394341424197	792	510	2	True
selected	GSE268609	20	human_dentate_hippocampus	dentate	MAPK1	MAPK1	cytoskeleton_morphogenesis	cytoskeleton_morphogenesis	5.278453396465785	1.0	0.5	0.5	0.7222222222222222	0.44168048645660585	0.28054173576561636	792	510	2	True
selected	GSE268609	20	human_dentate_hippocampus	dentate	STXBP5	STXBP5	synaptic_wiring	synaptic_wiring	5.035665896251466	1.0	0.5	0.5	0.7790404040404041	0.5366224433388612	0.24241796070154287	792	510	2	True
selected	GSE268609	20	human_dentate_hippocampus	dentate	GABRA2	GABRA2	synaptic_wiring	synaptic_wiring	5.068689083899109	1.0	0.5	0.5	0.6666666666666666	0.2514510779436152	0.4152155887230514	792	510	2	True
selected	GSE268609	20	human_dentate_hippocampus	dentate	ADD2	ADD2	cytoskeleton_morphogenesis	cytoskeleton_morphogenesis	5.117839061510196	1.0	0.5	0.5	0.5467171717171717	0.29912935323383083	0.24758781848334088	792	510	2	True
selected	GSE268609	20	human_dentate_hippocampus	dentate	MAP3K4	MAP3K4	cytoskeleton_morphogenesis	cytoskeleton_morphogenesis	5.094184326912494	1.0	0.5	0.5	0.494949494949495	0.3188916528468767	0.17605784210261827	792	510	2	True
selected	GSE268609	20	human_dentate_hippocampus	dentate	CALM2	CALM2	synaptic_wiring	synaptic_wiring	5.244131944083708	1.0	0.5	0.5	0.7462121212121212	0.5137506909894969	0.23246143022262433	792	510	2	True
selected	GSE268609	21	human_dentate_hippocampus	dentate	STXBP5L	STXBP5L	synaptic_wiring	synaptic_wiring	5.06800546524533	0.6666666666666666	0.6666666666666666	0.0	0.6656050955414012	0.48795705560446145	0.17764803993693978	628	941	2	False
selected	GSE268609	21	human_dentate_hippocampus	dentate	RFX3	RFX3	regulatory_morphogenesis_candidate	regulatory_morphogenesis_candidate	5.11374282878083	1.0	0.5	0.5	0.8439490445859873	0.6977102977611196	0.1462387468248677	628	941	2	True
selected	GSE268609	21	human_dentate_hippocampus	dentate	PPP3CA	PPP3CA	synaptic_wiring	synaptic_wiring	5.455182618321777	1.0	0.5	0.5	0.8423566878980892	0.7213514960658505	0.12100519183223868	628	941	2	True
selected	GSE268609	21	human_dentate_hippocampus	dentate	GPM6A	GPM6A	cytoskeleton_morphogenesis	cytoskeleton_morphogenesis	5.4774639744097335	1.0	0.5	0.5	0.8598726114649682	0.6405131183693472	0.21935949309562097	628	941	2	True
selected	GSE268609	21	human_dentate_hippocampus	dentate	GRIN2B	GRIN2B	synaptic_wiring	synaptic_wiring	5.09711546208696	0.6666666666666666	0.6666666666666666	0.0	0.5318471337579618	0.3971539808873844	0.13469315287057737	628	941	2	False
selected	GSE268609	21	human_dentate_hippocampus	dentate	GABRB3	GABRB3	synaptic_wiring	synaptic_wiring	5.132148779890988	0.6666666666666666	0.6666666666666666	0.0	0.5143312101910829	0.3632849013966911	0.15104630879439174	628	941	2	False
selected	GSE268609	21	human_dentate_hippocampus	dentate	SYNPR	SYNPR	synaptic_wiring	synaptic_wiring	5.163026400960264	1.0	0.5	0.5	0.4363057324840764	0.23958607483505612	0.19671965764902027	628	941	2	True
selected	GSE268609	21	human_dentate_hippocampus	dentate	CACNA1E	CACNA1E	synaptic_wiring	synaptic_wiring	5.063035403837544	1.0	0.5	0.5	0.4410828025477707	0.28912368748241657	0.15195911506535414	628	941	2	True
selected	GSE268609	21	human_dentate_hippocampus	dentate	CACNA2D1	CACNA2D1	synaptic_wiring	synaptic_wiring	5.237917524870884	0.6666666666666666	0.6666666666666666	0.0	0.8089171974522293	0.7916352811986678	0.01728191625356157	628	941	2	False
selected	GSE268609	21	human_dentate_hippocampus	dentate	KCND2	KCND2	synaptic_wiring	synaptic_wiring	5.07006775598519	0.6666666666666666	0.6666666666666666	0.0	0.5477707006369427	0.41606920836018113	0.13170149227676153	628	941	2	False
selected	GSE268609	21	human_dentate_hippocampus	dentate	KCNJ6	KCNJ6	synaptic_wiring	synaptic_wiring	5.115876315326329	1.0	0.5	0.5	0.4028662420382166	0.274174373122544	0.12869186891567258	628	941	2	True
selected	GSE268609	21	human_dentate_hippocampus	dentate	NFIA	NFIA	regulatory_morphogenesis_candidate	regulatory_morphogenesis_candidate	5.458070983658397	1.0	0.5	0.5	0.8996815286624203	0.7846404813547632	0.11504104730765718	628	941	2	True
selected	GSE268609	21	human_dentate_hippocampus	dentate	KCNJ3	KCNJ3	synaptic_wiring	synaptic_wiring	5.11201500439703	1.0	0.5	0.5	0.5334394904458599	0.330402762526205	0.20303672791965494	628	941	2	True
selected	GSE268609	21	human_dentate_hippocampus	dentate	CAMTA1	CAMTA1	regulatory_morphogenesis_candidate	regulatory_morphogenesis_candidate	5.390005460425881	1.0	0.5	0.5	0.8487261146496815	0.7590480900997377	0.08967802454994378	628	941	2	True
selected	GSE268609	21	human_dentate_hippocampus	dentate	NFIB	NFIB	regulatory_morphogenesis_candidate	regulatory_morphogenesis_candidate	5.456430873042622	1.0	0.5	0.5	0.8121019108280255	0.6483292343155851	0.16377267651244043	628	941	2	True
selected	GSE268609	21	human_dentate_hippocampus	dentate	KCNK1	KCNK1	synaptic_wiring	synaptic_wiring	5.151531513892637	1.0	0.5	0.5	0.4203821656050955	0.2536550835382842	0.1667270820668113	628	941	2	True
selected	GSE268609	21	human_dentate_hippocampus	dentate	STXBP1	STXBP1	synaptic_wiring	synaptic_wiring	5.2525389164357135	1.0	0.5	0.5	0.5127388535031847	0.3295315321856084	0.18320732131757633	628	941	2	True
selected	GSE268609	21	human_dentate_hippocampus	dentate	KCND3	KCND3	synaptic_wiring	synaptic_wiring	5.086608727424575	0.6666666666666666	0.6666666666666666	0.0	0.4394904458598726	0.30932080334697654	0.1301696425128961	628	941	2	False
selected	GSE268609	21	human_dentate_hippocampus	dentate	MAPK1	MAPK1	cytoskeleton_morphogenesis	cytoskeleton_morphogenesis	5.278453396465785	1.0	0.5	0.5	0.643312101910828	0.5122675584677236	0.13104454344310434	628	941	2	True
selected	GSE268609	21	human_dentate_hippocampus	dentate	STXBP5	STXBP5	synaptic_wiring	synaptic_wiring	5.035665896251466	0.6666666666666666	0.6666666666666666	0.0	0.7515923566878981	0.6103286171940938	0.14126373949380433	628	941	2	False
selected	GSE268609	21	human_dentate_hippocampus	dentate	GABRA2	GABRA2	synaptic_wiring	synaptic_wiring	5.068689083899109	1.0	0.5	0.5	0.5031847133757962	0.25395003130984034	0.24923468206595584	628	941	2	True
selected	GSE268609	21	human_dentate_hippocampus	dentate	ADD2	ADD2	cytoskeleton_morphogenesis	cytoskeleton_morphogenesis	5.117839061510196	0.6666666666666666	0.6666666666666666	0.0	0.3535031847133758	0.23473985606548745	0.11876332864788833	628	941	2	False
selected	GSE268609	21	human_dentate_hippocampus	dentate	MAP3K4	MAP3K4	cytoskeleton_morphogenesis	cytoskeleton_morphogenesis	5.094184326912494	1.0	0.5	0.5	0.5254777070063694	0.3954069825481672	0.13007072445820222	628	941	2	True
selected	GSE268609	21	human_dentate_hippocampus	dentate	CALM2	CALM2	synaptic_wiring	synaptic_wiring	5.244131944083708	0.6666666666666666	0.6666666666666666	0.0	0.8105095541401274	0.7720008349290763	0.038508719211051035	628	941	2	False
selected	GSE268609	22	human_dentate_hippocampus	dentate	STXBP5L	STXBP5L	synaptic_wiring	synaptic_wiring	5.06800546524533	1.0	0.5	0.5	0.7878787878787878	0.5045874232441396	0.2832913646346482	693	1336	2	True
selected	GSE268609	22	human_dentate_hippocampus	dentate	RFX3	RFX3	regulatory_morphogenesis_candidate	regulatory_morphogenesis_candidate	5.11374282878083	1.0	0.5	0.5	0.9090909090909092	0.6426583299717628	0.2664325791191464	693	1336	2	True
selected	GSE268609	22	human_dentate_hippocampus	dentate	PPP3CA	PPP3CA	synaptic_wiring	synaptic_wiring	5.455182618321777	1.0	0.5	0.5	0.9278499278499278	0.7293509927838286	0.19849893506609917	693	1336	2	True
selected	GSE268609	22	human_dentate_hippocampus	dentate	GPM6A	GPM6A	cytoskeleton_morphogenesis	cytoskeleton_morphogenesis	5.4774639744097335	1.0	0.5	0.5	0.9422799422799424	0.5990654833938416	0.3432144588861008	693	1336	2	True
selected	GSE268609	22	human_dentate_hippocampus	dentate	GRIN2B	GRIN2B	synaptic_wiring	synaptic_wiring	5.09711546208696	1.0	0.5	0.5	0.7085137085137085	0.4648514185827618	0.24366228993094674	693	1336	2	True
selected	GSE268609	22	human_dentate_hippocampus	dentate	GABRB3	GABRB3	synaptic_wiring	synaptic_wiring	5.132148779890988	1.0	0.5	0.5	0.7113997113997114	0.42594236027071847	0.2854573511289929	693	1336	2	True
selected	GSE268609	22	human_dentate_hippocampus	dentate	SYNPR	SYNPR	synaptic_wiring	synaptic_wiring	5.163026400960264	1.0	0.5	0.5	0.6724386724386724	0.30926448836896603	0.36317418406970636	693	1336	2	True
selected	GSE268609	22	human_dentate_hippocampus	dentate	CACNA1E	CACNA1E	synaptic_wiring	synaptic_wiring	5.063035403837544	1.0	0.5	0.5	0.6897546897546898	0.38478104970642285	0.30497364004826694	693	1336	2	True
selected	GSE268609	22	human_dentate_hippocampus	dentate	CACNA2D1	CACNA2D1	synaptic_wiring	synaptic_wiring	5.237917524870884	1.0	0.5	0.5	0.862914862914863	0.7879902290350052	0.07492463387985782	693	1336	2	True
selected	GSE268609	22	human_dentate_hippocampus	dentate	KCND2	KCND2	synaptic_wiring	synaptic_wiring	5.07006775598519	1.0	0.5	0.5	0.7344877344877345	0.4432858231365694	0.29120191135116513	693	1336	2	True
selected	GSE268609	22	human_dentate_hippocampus	dentate	KCNJ6	KCNJ6	synaptic_wiring	synaptic_wiring	5.115876315326329	1.0	0.5	0.5	0.6522366522366523	0.35335260633768095	0.29888404589897133	693	1336	2	True
selected	GSE268609	22	human_dentate_hippocampus	dentate	NFIA	NFIA	regulatory_morphogenesis_candidate	regulatory_morphogenesis_candidate	5.458070983658397	1.0	0.5	0.5	0.950937950937951	0.8061202994038814	0.14481765153406956	693	1336	2	True
selected	GSE268609	22	human_dentate_hippocampus	dentate	KCNJ3	KCNJ3	synaptic_wiring	synaptic_wiring	5.11201500439703	1.0	0.5	0.5	0.7142857142857143	0.38319438841826897	0.33109132586744533	693	1336	2	True
selected	GSE268609	22	human_dentate_hippocampus	dentate	CAMTA1	CAMTA1	regulatory_morphogenesis_candidate	regulatory_morphogenesis_candidate	5.390005460425881	1.0	0.5	0.5	0.9163059163059164	0.7273049168571557	0.1890009994487607	693	1336	2	True
selected	GSE268609	22	human_dentate_hippocampus	dentate	NFIB	NFIB	regulatory_morphogenesis_candidate	regulatory_morphogenesis_candidate	5.456430873042622	1.0	0.5	0.5	0.9018759018759018	0.6126596745999731	0.28921622727592877	693	1336	2	True
selected	GSE268609	22	human_dentate_hippocampus	dentate	KCNK1	KCNK1	synaptic_wiring	synaptic_wiring	5.151531513892637	1.0	0.5	0.5	0.6103896103896104	0.2743019138541526	0.3360876965354578	693	1336	2	True
selected	GSE268609	22	human_dentate_hippocampus	dentate	STXBP1	STXBP1	synaptic_wiring	synaptic_wiring	5.2525389164357135	1.0	0.5	0.5	0.7027417027417028	0.3998543319438842	0.3028873707978186	693	1336	2	True
selected	GSE268609	22	human_dentate_hippocampus	dentate	KCND3	KCND3	synaptic_wiring	synaptic_wiring	5.086608727424575	1.0	0.5	0.5	0.7012987012987013	0.3370512303348124	0.36424747096388893	693	1336	2	True
selected	GSE268609	22	human_dentate_hippocampus	dentate	MAPK1	MAPK1	cytoskeleton_morphogenesis	cytoskeleton_morphogenesis	5.278453396465785	1.0	0.5	0.5	0.7518037518037518	0.5145085383891354	0.23729521341461646	693	1336	2	True
selected	GSE268609	22	human_dentate_hippocampus	dentate	STXBP5	STXBP5	synaptic_wiring	synaptic_wiring	5.035665896251466	0.6666666666666666	0.6666666666666666	0.0	0.8282828282828283	0.6486150329433911	0.17966779533943722	693	1336	2	False
selected	GSE268609	22	human_dentate_hippocampus	dentate	GABRA2	GABRA2	synaptic_wiring	synaptic_wiring	5.068689083899109	1.0	0.5	0.5	0.6868686868686869	0.30255255255255253	0.3843161343161343	693	1336	2	True
selected	GSE268609	22	human_dentate_hippocampus	dentate	ADD2	ADD2	cytoskeleton_morphogenesis	cytoskeleton_morphogenesis	5.117839061510196	0.6666666666666666	0.6666666666666666	0.0	0.5281385281385281	0.30179283761373316	0.22634569052479497	693	1336	2	False
selected	GSE268609	22	human_dentate_hippocampus	dentate	MAP3K4	MAP3K4	cytoskeleton_morphogenesis	cytoskeleton_morphogenesis	5.094184326912494	1.0	0.5	0.5	0.6479076479076479	0.3866814575769799	0.26122619033066796	693	1336	2	True
selected	GSE268609	22	human_dentate_hippocampus	dentate	CALM2	CALM2	synaptic_wiring	synaptic_wiring	5.244131944083708	0.6666666666666666	0.6666666666666666	0.0	0.8066378066378066	0.7153197974093497	0.0913180092284569	693	1336	2	False
selected	GSE268609	23	human_dentate_hippocampus	dentate	STXBP5L	STXBP5L	synaptic_wiring	synaptic_wiring	5.06800546524533	0.6666666666666666	0.6666666666666666	0.0	0.6308851224105462	0.640875774624543	-0.009990652213996865	531	933	2	False
selected	GSE268609	23	human_dentate_hippocampus	dentate	RFX3	RFX3	regulatory_morphogenesis_candidate	regulatory_morphogenesis_candidate	5.11374282878083	0.6666666666666666	0.6666666666666666	0.0	0.7645951035781544	0.7046942477509415	0.05990085582721294	531	933	2	False
selected	GSE268609	23	human_dentate_hippocampus	dentate	PPP3CA	PPP3CA	synaptic_wiring	synaptic_wiring	5.455182618321777	0.6666666666666666	0.6666666666666666	0.0	0.815442561205273	0.8024534764873252	0.012989084717947796	531	933	2	False
selected	GSE268609	23	human_dentate_hippocampus	dentate	GPM6A	GPM6A	cytoskeleton_morphogenesis	cytoskeleton_morphogenesis	5.4774639744097335	0.6666666666666666	0.6666666666666666	0.0	0.8286252354048964	0.7189505621495198	0.10967467325537661	531	933	2	False
selected	GSE268609	23	human_dentate_hippocampus	dentate	GRIN2B	GRIN2B	synaptic_wiring	synaptic_wiring	5.09711546208696	0.6666666666666666	0.6666666666666666	0.0	0.559322033898305	0.6067830867119087	-0.04746105281360369	531	933	2	False
selected	GSE268609	23	human_dentate_hippocampus	dentate	GABRB3	GABRB3	synaptic_wiring	synaptic_wiring	5.132148779890988	0.6666666666666666	0.6666666666666666	0.0	0.5630885122410546	0.5585998287308588	0.004488683510195823	531	933	2	False
selected	GSE268609	23	human_dentate_hippocampus	dentate	SYNPR	SYNPR	synaptic_wiring	synaptic_wiring	5.163026400960264	1.0	0.5	0.5	0.3935969868173258	0.329861143083397	0.06373584373392882	531	933	2	True
selected	GSE268609	23	human_dentate_hippocampus	dentate	CACNA1E	CACNA1E	synaptic_wiring	synaptic_wiring	5.063035403837544	0.6666666666666666	0.6666666666666666	0.0	0.4576271186440678	0.5334757506836953	-0.07584863203962755	531	933	2	False
selected	GSE268609	23	human_dentate_hippocampus	dentate	CACNA2D1	CACNA2D1	synaptic_wiring	synaptic_wiring	5.237917524870884	0.3333333333333333	0.8333333333333333	-0.49999999999999994	0.768361581920904	0.8643014336884559	-0.09593985176755193	531	933	2	False
selected	GSE268609	23	human_dentate_hippocampus	dentate	KCND2	KCND2	synaptic_wiring	synaptic_wiring	5.07006775598519	0.6666666666666666	0.6666666666666666	0.0	0.5988700564971752	0.5991358274785683	-0.00026577098139313193	531	933	2	False
selected	GSE268609	23	human_dentate_hippocampus	dentate	KCNJ6	KCNJ6	synaptic_wiring	synaptic_wiring	5.115876315326329	0.6666666666666666	0.6666666666666666	0.0	0.423728813559322	0.4910866382445834	-0.06735782468526136	531	933	2	False
selected	GSE268609	23	human_dentate_hippocampus	dentate	NFIA	NFIA	regulatory_morphogenesis_candidate	regulatory_morphogenesis_candidate	5.458070983658397	1.0	0.5	0.5	0.8248587570621468	0.6465018738317327	0.1783568832304141	531	933	2	True
selected	GSE268609	23	human_dentate_hippocampus	dentate	KCNJ3	KCNJ3	synaptic_wiring	synaptic_wiring	5.11201500439703	0.6666666666666666	0.6666666666666666	0.0	0.5423728813559322	0.5732566919273303	-0.030883810571398107	531	933	2	False
selected	GSE268609	23	human_dentate_hippocampus	dentate	CAMTA1	CAMTA1	regulatory_morphogenesis_candidate	regulatory_morphogenesis_candidate	5.390005460425881	0.6666666666666666	0.6666666666666666	0.0	0.8512241054613936	0.8189151112789017	0.03230899418249189	531	933	2	False
selected	GSE268609	23	human_dentate_hippocampus	dentate	NFIB	NFIB	regulatory_morphogenesis_candidate	regulatory_morphogenesis_candidate	5.456430873042622	0.6666666666666666	0.6666666666666666	0.0	0.768361581920904	0.6261820793547022	0.14217950256620182	531	933	2	False
selected	GSE268609	23	human_dentate_hippocampus	dentate	KCNK1	KCNK1	synaptic_wiring	synaptic_wiring	5.151531513892637	0.6666666666666666	0.6666666666666666	0.0	0.2994350282485876	0.3906478761705693	-0.0912128479219817	531	933	2	False
selected	GSE268609	23	human_dentate_hippocampus	dentate	STXBP1	STXBP1	synaptic_wiring	synaptic_wiring	5.2525389164357135	0.6666666666666666	0.6666666666666666	0.0	0.5028248587570622	0.568229113912395	-0.06540425515533277	531	933	2	False
selected	GSE268609	23	human_dentate_hippocampus	dentate	KCND3	KCND3	synaptic_wiring	synaptic_wiring	5.086608727424575	0.6666666666666666	0.6666666666666666	0.0	0.4858757062146893	0.5178980856529866	-0.03202237943829728	531	933	2	False
selected	GSE268609	23	human_dentate_hippocampus	dentate	MAPK1	MAPK1	cytoskeleton_morphogenesis	cytoskeleton_morphogenesis	5.278453396465785	0.6666666666666666	0.6666666666666666	0.0	0.5894538606403014	0.5732912219961143	0.0161626386441871	531	933	2	False
selected	GSE268609	23	human_dentate_hippocampus	dentate	STXBP5	STXBP5	synaptic_wiring	synaptic_wiring	5.035665896251466	0.6666666666666666	0.6666666666666666	0.0	0.7532956685499058	0.721970792165818	0.03132487638408776	531	933	2	False
selected	GSE268609	23	human_dentate_hippocampus	dentate	GABRA2	GABRA2	synaptic_wiring	synaptic_wiring	5.068689083899109	0.6666666666666666	0.6666666666666666	0.0	0.4651600753295669	0.4362828150753676	0.02887726025419929	531	933	2	False
selected	GSE268609	23	human_dentate_hippocampus	dentate	ADD2	ADD2	cytoskeleton_morphogenesis	cytoskeleton_morphogenesis	5.117839061510196	0.6666666666666666	0.6666666666666666	0.0	0.3898305084745763	0.47726770471726776	-0.08743719624269147	531	933	2	False
selected	GSE268609	23	human_dentate_hippocampus	dentate	MAP3K4	MAP3K4	cytoskeleton_morphogenesis	cytoskeleton_morphogenesis	5.094184326912494	0.6666666666666666	0.6666666666666666	0.0	0.4500941619585687	0.4778800379370356	-0.02778587597846688	531	933	2	False
selected	GSE268609	23	human_dentate_hippocampus	dentate	CALM2	CALM2	synaptic_wiring	synaptic_wiring	5.244131944083708	0.6666666666666666	0.6666666666666666	0.0	0.8041431261770244	0.8258188230310954	-0.021675696854071003	531	933	2	False
selected	GSE268609	24	human_dentate_hippocampus	dentate	STXBP5L	STXBP5L	synaptic_wiring	synaptic_wiring	5.06800546524533	1.0	0.5	0.5	0.8576779026217228	0.7006607626302024	0.15701713999152045	801	922	2	True
selected	GSE268609	24	human_dentate_hippocampus	dentate	RFX3	RFX3	regulatory_morphogenesis_candidate	regulatory_morphogenesis_candidate	5.11374282878083	1.0	0.5	0.5	0.9238451935081148	0.7167795979340972	0.2070655955740176	801	922	2	True
selected	GSE268609	24	human_dentate_hippocampus	dentate	PPP3CA	PPP3CA	synaptic_wiring	synaptic_wiring	5.455182618321777	1.0	0.5	0.5	0.906367041198502	0.7878166791579355	0.11855036204056646	801	922	2	True
selected	GSE268609	24	human_dentate_hippocampus	dentate	GPM6A	GPM6A	cytoskeleton_morphogenesis	cytoskeleton_morphogenesis	5.4774639744097335	1.0	0.5	0.5	0.9563046192259675	0.8138622493461203	0.14244236987984726	801	922	2	True
selected	GSE268609	24	human_dentate_hippocampus	dentate	GRIN2B	GRIN2B	synaptic_wiring	synaptic_wiring	5.09711546208696	1.0	0.5	0.5	0.8127340823970037	0.6697818361655373	0.1429522462314664	801	922	2	True
selected	GSE268609	24	human_dentate_hippocampus	dentate	GABRB3	GABRB3	synaptic_wiring	synaptic_wiring	5.132148779890988	1.0	0.5	0.5	0.8089887640449438	0.6657973763236921	0.14319138772125173	801	922	2	True
selected	GSE268609	24	human_dentate_hippocampus	dentate	SYNPR	SYNPR	synaptic_wiring	synaptic_wiring	5.163026400960264	1.0	0.5	0.5	0.7565543071161048	0.47573889679152837	0.28081541032457646	801	922	2	True
selected	GSE268609	24	human_dentate_hippocampus	dentate	CACNA1E	CACNA1E	synaptic_wiring	synaptic_wiring	5.063035403837544	1.0	0.5	0.5	0.8002496878901373	0.6060559710814379	0.19419371680869935	801	922	2	True
selected	GSE268609	24	human_dentate_hippocampus	dentate	CACNA2D1	CACNA2D1	synaptic_wiring	synaptic_wiring	5.237917524870884	1.0	0.5	0.5	0.8639200998751561	0.7753432549697405	0.08857684490541551	801	922	2	True
selected	GSE268609	24	human_dentate_hippocampus	dentate	KCND2	KCND2	synaptic_wiring	synaptic_wiring	5.07006775598519	1.0	0.5	0.5	0.815230961298377	0.7112936365907503	0.10393732470762673	801	922	2	True
selected	GSE268609	24	human_dentate_hippocampus	dentate	KCNJ6	KCNJ6	synaptic_wiring	synaptic_wiring	5.115876315326329	1.0	0.5	0.5	0.7403245942571786	0.5310395284928392	0.20928506576433936	801	922	2	True
selected	GSE268609	24	human_dentate_hippocampus	dentate	NFIA	NFIA	regulatory_morphogenesis_candidate	regulatory_morphogenesis_candidate	5.458070983658397	1.0	0.5	0.5	0.9313358302122348	0.7897591989272804	0.14157663128495435	801	922	2	True
selected	GSE268609	24	human_dentate_hippocampus	dentate	KCNJ3	KCNJ3	synaptic_wiring	synaptic_wiring	5.11201500439703	1.0	0.5	0.5	0.7677902621722846	0.521966788520269	0.24582347365201562	801	922	2	True
selected	GSE268609	24	human_dentate_hippocampus	dentate	CAMTA1	CAMTA1	regulatory_morphogenesis_candidate	regulatory_morphogenesis_candidate	5.390005460425881	1.0	0.5	0.5	0.9213483146067416	0.8040043439024763	0.11734397070426528	801	922	2	True
selected	GSE268609	24	human_dentate_hippocampus	dentate	NFIB	NFIB	regulatory_morphogenesis_candidate	regulatory_morphogenesis_candidate	5.456430873042622	1.0	0.5	0.5	0.9088639200998752	0.7505289669975579	0.15833495310231727	801	922	2	True
selected	GSE268609	24	human_dentate_hippocampus	dentate	KCNK1	KCNK1	synaptic_wiring	synaptic_wiring	5.151531513892637	1.0	0.5	0.5	0.6766541822721598	0.39685525933403687	0.2797989229381229	801	922	2	True
selected	GSE268609	24	human_dentate_hippocampus	dentate	STXBP1	STXBP1	synaptic_wiring	synaptic_wiring	5.2525389164357135	1.0	0.5	0.5	0.7765293383270911	0.5742593187414919	0.2022700195855992	801	922	2	True
selected	GSE268609	24	human_dentate_hippocampus	dentate	KCND3	KCND3	synaptic_wiring	synaptic_wiring	5.086608727424575	1.0	0.5	0.5	0.7565543071161048	0.5286840320796178	0.22787027503648705	801	922	2	True
selected	GSE268609	24	human_dentate_hippocampus	dentate	MAPK1	MAPK1	cytoskeleton_morphogenesis	cytoskeleton_morphogenesis	5.278453396465785	1.0	0.5	0.5	0.7602996254681648	0.5820217501032442	0.17827787536492057	801	922	2	True
selected	GSE268609	24	human_dentate_hippocampus	dentate	STXBP5	STXBP5	synaptic_wiring	synaptic_wiring	5.035665896251466	1.0	0.5	0.5	0.7865168539325843	0.6337254062211617	0.1527914477114226	801	922	2	True
selected	GSE268609	24	human_dentate_hippocampus	dentate	GABRA2	GABRA2	synaptic_wiring	synaptic_wiring	5.068689083899109	1.0	0.5	0.5	0.7952559300873908	0.45745065948801095	0.33780527059937987	801	922	2	True
selected	GSE268609	24	human_dentate_hippocampus	dentate	ADD2	ADD2	cytoskeleton_morphogenesis	cytoskeleton_morphogenesis	5.117839061510196	1.0	0.5	0.5	0.6104868913857678	0.4319888649260466	0.17849802645972124	801	922	2	True
selected	GSE268609	24	human_dentate_hippocampus	dentate	MAP3K4	MAP3K4	cytoskeleton_morphogenesis	cytoskeleton_morphogenesis	5.094184326912494	1.0	0.5	0.5	0.6666666666666666	0.44614478655225687	0.22052188011440976	801	922	2	True
selected	GSE268609	24	human_dentate_hippocampus	dentate	CALM2	CALM2	synaptic_wiring	synaptic_wiring	5.244131944083708	1.0	0.5	0.5	0.8352059925093633	0.6873333435302875	0.14787264897907582	801	922	2	True
selected	GSE268609	25	human_dentate_hippocampus	dentate	STXBP5L	STXBP5L	synaptic_wiring	synaptic_wiring	5.06800546524533	0.6666666666666666	0.6666666666666666	0.0	0.3528645833333333	0.24032015501634035	0.11254442831699296	768	1197	2	False
selected	GSE268609	25	human_dentate_hippocampus	dentate	RFX3	RFX3	regulatory_morphogenesis_candidate	regulatory_morphogenesis_candidate	5.11374282878083	1.0	0.5	0.5	0.609375	0.4538566098851837	0.15551839011481627	768	1197	2	True
selected	GSE268609	25	human_dentate_hippocampus	dentate	PPP3CA	PPP3CA	synaptic_wiring	synaptic_wiring	5.455182618321777	1.0	0.5	0.5	0.5755208333333334	0.4289715706972843	0.14654926263604906	768	1197	2	True
selected	GSE268609	25	human_dentate_hippocampus	dentate	GPM6A	GPM6A	cytoskeleton_morphogenesis	cytoskeleton_morphogenesis	5.4774639744097335	1.0	0.5	0.5	0.5065104166666666	0.3665326662232119	0.13997775044345473	768	1197	2	True
selected	GSE268609	25	human_dentate_hippocampus	dentate	GRIN2B	GRIN2B	synaptic_wiring	synaptic_wiring	5.09711546208696	1.0	0.5	0.5	0.3072916666666667	0.21417850015906525	0.09311316650760143	768	1197	2	True
selected	GSE268609	25	human_dentate_hippocampus	dentate	GABRB3	GABRB3	synaptic_wiring	synaptic_wiring	5.132148779890988	1.0	0.5	0.5	0.3203125	0.19006420452902215	0.13024829547097785	768	1197	2	True
selected	GSE268609	25	human_dentate_hippocampus	dentate	SYNPR	SYNPR	synaptic_wiring	synaptic_wiring	5.163026400960264	1.0	0.5	0.5	0.1783854166666666	0.0606935245972756	0.117691892069391	768	1197	2	True
selected	GSE268609	25	human_dentate_hippocampus	dentate	CACNA1E	CACNA1E	synaptic_wiring	synaptic_wiring	5.063035403837544	1.0	0.5	0.5	0.26171875	0.15685426728750326	0.10486448271249674	768	1197	2	True
selected	GSE268609	25	human_dentate_hippocampus	dentate	CACNA2D1	CACNA2D1	synaptic_wiring	synaptic_wiring	5.237917524870884	1.0	0.5	0.5	0.7682291666666666	0.7172007403765509	0.051028426290115725	768	1197	2	True
selected	GSE268609	25	human_dentate_hippocampus	dentate	KCND2	KCND2	synaptic_wiring	synaptic_wiring	5.07006775598519	1.0	0.5	0.5	0.3385416666666667	0.24897475200277636	0.08956691466389033	768	1197	2	True
selected	GSE268609	25	human_dentate_hippocampus	dentate	KCNJ6	KCNJ6	synaptic_wiring	synaptic_wiring	5.115876315326329	1.0	0.5	0.5	0.2408854166666666	0.13684674783815826	0.10403866882850835	768	1197	2	True
selected	GSE268609	25	human_dentate_hippocampus	dentate	NFIA	NFIA	regulatory_morphogenesis_candidate	regulatory_morphogenesis_candidate	5.458070983658397	1.0	0.5	0.5	0.70703125	0.696470196951731	0.010561053048269042	768	1197	2	True
selected	GSE268609	25	human_dentate_hippocampus	dentate	KCNJ3	KCNJ3	synaptic_wiring	synaptic_wiring	5.11201500439703	1.0	0.5	0.5	0.2981770833333333	0.1461462822107181	0.15203080112261522	768	1197	2	True
selected	GSE268609	25	human_dentate_hippocampus	dentate	CAMTA1	CAMTA1	regulatory_morphogenesis_candidate	regulatory_morphogenesis_candidate	5.390005460425881	1.0	0.5	0.5	0.7747395833333334	0.6655030800821355	0.10923650325119783	768	1197	2	True
selected	GSE268609	25	human_dentate_hippocampus	dentate	NFIB	NFIB	regulatory_morphogenesis_candidate	regulatory_morphogenesis_candidate	5.456430873042622	1.0	0.5	0.5	0.51171875	0.4110246695780432	0.10069408042195682	768	1197	2	True
selected	GSE268609	25	human_dentate_hippocampus	dentate	KCNK1	KCNK1	synaptic_wiring	synaptic_wiring	5.151531513892637	1.0	0.5	0.5	0.3098958333333333	0.20198397778870344	0.10791185554462987	768	1197	2	True
selected	GSE268609	25	human_dentate_hippocampus	dentate	STXBP1	STXBP1	synaptic_wiring	synaptic_wiring	5.2525389164357135	0.6666666666666666	0.6666666666666666	0.0	0.30859375	0.2061428116956358	0.10245093830436419	768	1197	2	False
selected	GSE268609	25	human_dentate_hippocampus	dentate	KCND3	KCND3	synaptic_wiring	synaptic_wiring	5.086608727424575	1.0	0.5	0.5	0.2981770833333333	0.15861844578766227	0.13955863754567105	768	1197	2	True
selected	GSE268609	25	human_dentate_hippocampus	dentate	MAPK1	MAPK1	cytoskeleton_morphogenesis	cytoskeleton_morphogenesis	5.278453396465785	1.0	0.5	0.5	0.47265625	0.33441594123261126	0.13824030876738874	768	1197	2	True
selected	GSE268609	25	human_dentate_hippocampus	dentate	STXBP5	STXBP5	synaptic_wiring	synaptic_wiring	5.035665896251466	1.0	0.5	0.5	0.5625	0.4328744541168985	0.1296255458831015	768	1197	2	True
selected	GSE268609	25	human_dentate_hippocampus	dentate	GABRA2	GABRA2	synaptic_wiring	synaptic_wiring	5.068689083899109	1.0	0.5	0.5	0.2513020833333333	0.0787922607513665	0.17250982258196682	768	1197	2	True
selected	GSE268609	25	human_dentate_hippocampus	dentate	ADD2	ADD2	cytoskeleton_morphogenesis	cytoskeleton_morphogenesis	5.117839061510196	1.0	0.5	0.5	0.265625	0.1430069121092055	0.12261808789079451	768	1197	2	True
selected	GSE268609	25	human_dentate_hippocampus	dentate	MAP3K4	MAP3K4	cytoskeleton_morphogenesis	cytoskeleton_morphogenesis	5.094184326912494	1.0	0.5	0.5	0.375	0.2891488561760708	0.08585114382392922	768	1197	2	True
selected	GSE268609	25	human_dentate_hippocampus	dentate	CALM2	CALM2	synaptic_wiring	synaptic_wiring	5.244131944083708	1.0	0.5	0.5	0.8216145833333334	0.7541949851057062	0.06741959822762722	768	1197	2	True
selected	GSE268609	26	human_dentate_hippocampus	dentate	STXBP5L	STXBP5L	synaptic_wiring	synaptic_wiring	5.06800546524533	0.6666666666666666	0.6666666666666666	0.0	0.5540540540540541	0.5408658008658008	0.01318825318825323	222	304	2	False
selected	GSE268609	26	human_dentate_hippocampus	dentate	RFX3	RFX3	regulatory_morphogenesis_candidate	regulatory_morphogenesis_candidate	5.11374282878083	1.0	0.5	0.5	0.7342342342342343	0.6684415584415584	0.06579267579267589	222	304	2	True
selected	GSE268609	26	human_dentate_hippocampus	dentate	PPP3CA	PPP3CA	synaptic_wiring	synaptic_wiring	5.455182618321777	0.6666666666666666	0.6666666666666666	0.0	0.8153153153153153	0.7967099567099567	0.018605358605358613	222	304	2	False
selected	GSE268609	26	human_dentate_hippocampus	dentate	GPM6A	GPM6A	cytoskeleton_morphogenesis	cytoskeleton_morphogenesis	5.4774639744097335	1.0	0.5	0.5	0.8468468468468469	0.658961038961039	0.1878858078858079	222	304	2	True
selected	GSE268609	26	human_dentate_hippocampus	dentate	GRIN2B	GRIN2B	synaptic_wiring	synaptic_wiring	5.09711546208696	0.6666666666666666	0.6666666666666666	0.0	0.509009009009009	0.41935064935064936	0.08965835965835967	222	304	2	False
selected	GSE268609	26	human_dentate_hippocampus	dentate	GABRB3	GABRB3	synaptic_wiring	synaptic_wiring	5.132148779890988	0.6666666666666666	0.6666666666666666	0.0	0.4864864864864865	0.3599567099567099	0.1265297765297766	222	304	2	False
selected	GSE268609	26	human_dentate_hippocampus	dentate	SYNPR	SYNPR	synaptic_wiring	synaptic_wiring	5.163026400960264	1.0	0.5	0.5	0.2522522522522522	0.15956709956709955	0.09268515268515262	222	304	2	True
selected	GSE268609	26	human_dentate_hippocampus	dentate	CACNA1E	CACNA1E	synaptic_wiring	synaptic_wiring	5.063035403837544	0.6666666666666666	0.6666666666666666	0.0	0.3423423423423423	0.25151515151515147	0.09082719082719082	222	304	2	False
selected	GSE268609	26	human_dentate_hippocampus	dentate	CACNA2D1	CACNA2D1	synaptic_wiring	synaptic_wiring	5.237917524870884	1.0	0.5	0.5	0.7702702702702703	0.7568831168831169	0.01338715338715335	222	304	2	True
selected	GSE268609	26	human_dentate_hippocampus	dentate	KCND2	KCND2	synaptic_wiring	synaptic_wiring	5.07006775598519	1.0	0.5	0.5	0.5540540540540541	0.504025974025974	0.05002808002808001	222	304	2	True
selected	GSE268609	26	human_dentate_hippocampus	dentate	KCNJ6	KCNJ6	synaptic_wiring	synaptic_wiring	5.115876315326329	1.0	0.5	0.5	0.2882882882882883	0.2283549783549783	0.059933309933309975	222	304	2	True
selected	GSE268609	26	human_dentate_hippocampus	dentate	NFIA	NFIA	regulatory_morphogenesis_candidate	regulatory_morphogenesis_candidate	5.458070983658397	1.0	0.5	0.5	0.8648648648648649	0.8313852813852813	0.033479583479583575	222	304	2	True
selected	GSE268609	26	human_dentate_hippocampus	dentate	KCNJ3	KCNJ3	synaptic_wiring	synaptic_wiring	5.11201500439703	1.0	0.5	0.5	0.3738738738738739	0.290995670995671	0.08287820287820291	222	304	2	True
selected	GSE268609	26	human_dentate_hippocampus	dentate	CAMTA1	CAMTA1	regulatory_morphogenesis_candidate	regulatory_morphogenesis_candidate	5.390005460425881	1.0	0.5	0.5	0.7747747747747747	0.6647619047619048	0.11001287001286997	222	304	2	True
selected	GSE268609	26	human_dentate_hippocampus	dentate	NFIB	NFIB	regulatory_morphogenesis_candidate	regulatory_morphogenesis_candidate	5.456430873042622	1.0	0.5	0.5	0.8108108108108109	0.7144155844155844	0.09639522639522646	222	304	2	True
selected	GSE268609	26	human_dentate_hippocampus	dentate	KCNK1	KCNK1	synaptic_wiring	synaptic_wiring	5.151531513892637	1.0	0.5	0.5	0.2432432432432432	0.21160173160173154	0.03164151164151166	222	304	2	True
selected	GSE268609	26	human_dentate_hippocampus	dentate	STXBP1	STXBP1	synaptic_wiring	synaptic_wiring	5.2525389164357135	1.0	0.5	0.5	0.3153153153153153	0.23099567099567098	0.08431964431964434	222	304	2	True
selected	GSE268609	26	human_dentate_hippocampus	dentate	KCND3	KCND3	synaptic_wiring	synaptic_wiring	5.086608727424575	1.0	0.5	0.5	0.4279279279279279	0.3064502164502164	0.12147771147771147	222	304	2	True
selected	GSE268609	26	human_dentate_hippocampus	dentate	MAPK1	MAPK1	cytoskeleton_morphogenesis	cytoskeleton_morphogenesis	5.278453396465785	1.0	0.5	0.5	0.4459459459459459	0.4174458874458874	0.02850005850005849	222	304	2	True
selected	GSE268609	26	human_dentate_hippocampus	dentate	STXBP5	STXBP5	synaptic_wiring	synaptic_wiring	5.035665896251466	0.6666666666666666	0.6666666666666666	0.0	0.6621621621621622	0.6026406926406926	0.05952146952146953	222	304	2	False
selected	GSE268609	26	human_dentate_hippocampus	dentate	GABRA2	GABRA2	synaptic_wiring	synaptic_wiring	5.068689083899109	1.0	0.5	0.5	0.2882882882882883	0.18878787878787878	0.0995004095004095	222	304	2	True
selected	GSE268609	26	human_dentate_hippocampus	dentate	ADD2	ADD2	cytoskeleton_morphogenesis	cytoskeleton_morphogenesis	5.117839061510196	0.6666666666666666	0.6666666666666666	0.0	0.2612612612612612	0.18861471861471862	0.07264654264654258	222	304	2	False
selected	GSE268609	26	human_dentate_hippocampus	dentate	MAP3K4	MAP3K4	cytoskeleton_morphogenesis	cytoskeleton_morphogenesis	5.094184326912494	0.6666666666666666	0.6666666666666666	0.0	0.3063063063063063	0.33225108225108224	-0.025944775944775955	222	304	2	False
selected	GSE268609	26	human_dentate_hippocampus	dentate	CALM2	CALM2	synaptic_wiring	synaptic_wiring	5.244131944083708	1.0	0.5	0.5	0.6441441441441441	0.6087012987012987	0.03544284544284537	222	304	2	True
selected	GSE268609	27	human_dentate_hippocampus	dentate	STXBP5L	STXBP5L	synaptic_wiring	synaptic_wiring	5.06800546524533	0.6666666666666666	0.6666666666666666	0.0	0.625	0.5685138920433038	0.056486107956696174	480	977	2	False
selected	GSE268609	27	human_dentate_hippocampus	dentate	RFX3	RFX3	regulatory_morphogenesis_candidate	regulatory_morphogenesis_candidate	5.11374282878083	1.0	0.5	0.5	0.8270833333333333	0.6557418763301117	0.17134145700322156	480	977	2	True
selected	GSE268609	27	human_dentate_hippocampus	dentate	PPP3CA	PPP3CA	synaptic_wiring	synaptic_wiring	5.455182618321777	1.0	0.5	0.5	0.85	0.7382151058621647	0.11178489413783532	480	977	2	True
selected	GSE268609	27	human_dentate_hippocampus	dentate	GPM6A	GPM6A	cytoskeleton_morphogenesis	cytoskeleton_morphogenesis	5.4774639744097335	1.0	0.5	0.5	0.8041666666666667	0.6507789301906949	0.15338773647597181	480	977	2	True
selected	GSE268609	27	human_dentate_hippocampus	dentate	GRIN2B	GRIN2B	synaptic_wiring	synaptic_wiring	5.09711546208696	0.6666666666666666	0.6666666666666666	0.0	0.5291666666666667	0.48667575138163377	0.042490915285032904	480	977	2	False
selected	GSE268609	27	human_dentate_hippocampus	dentate	GABRB3	GABRB3	synaptic_wiring	synaptic_wiring	5.132148779890988	0.6666666666666666	0.6666666666666666	0.0	0.50625	0.4387034092916446	0.06754659070835539	480	977	2	False
selected	GSE268609	27	human_dentate_hippocampus	dentate	SYNPR	SYNPR	synaptic_wiring	synaptic_wiring	5.163026400960264	1.0	0.5	0.5	0.4208333333333333	0.25545924075335835	0.16537409257997493	480	977	2	True
selected	GSE268609	27	human_dentate_hippocampus	dentate	CACNA1E	CACNA1E	synaptic_wiring	synaptic_wiring	5.063035403837544	0.6666666666666666	0.6666666666666666	0.0	0.475	0.35679587150175385	0.11820412849824613	480	977	2	False
selected	GSE268609	27	human_dentate_hippocampus	dentate	CACNA2D1	CACNA2D1	synaptic_wiring	synaptic_wiring	5.237917524870884	0.6666666666666666	0.6666666666666666	0.0	0.75	0.8016987575811105	-0.05169875758111053	480	977	2	False
selected	GSE268609	27	human_dentate_hippocampus	dentate	KCND2	KCND2	synaptic_wiring	synaptic_wiring	5.07006775598519	0.6666666666666666	0.6666666666666666	0.0	0.5479166666666667	0.4783880519174637	0.06952861474920302	480	977	2	False
selected	GSE268609	27	human_dentate_hippocampus	dentate	KCNJ6	KCNJ6	synaptic_wiring	synaptic_wiring	5.115876315326329	0.6666666666666666	0.6666666666666666	0.0	0.4520833333333333	0.36318040729805434	0.08890292603527894	480	977	2	False
selected	GSE268609	27	human_dentate_hippocampus	dentate	NFIA	NFIA	regulatory_morphogenesis_candidate	regulatory_morphogenesis_candidate	5.458070983658397	1.0	0.5	0.5	0.8791666666666667	0.7431212725330373	0.13604539413362937	480	977	2	True
selected	GSE268609	27	human_dentate_hippocampus	dentate	KCNJ3	KCNJ3	synaptic_wiring	synaptic_wiring	5.11201500439703	1.0	0.5	0.5	0.50625	0.3477090535914065	0.15854094640859345	480	977	2	True
selected	GSE268609	27	human_dentate_hippocampus	dentate	CAMTA1	CAMTA1	regulatory_morphogenesis_candidate	regulatory_morphogenesis_candidate	5.390005460425881	1.0	0.5	0.5	0.7958333333333333	0.6699724935019052	0.12586083983142804	480	977	2	True
selected	GSE268609	27	human_dentate_hippocampus	dentate	NFIB	NFIB	regulatory_morphogenesis_candidate	regulatory_morphogenesis_candidate	5.456430873042622	1.0	0.5	0.5	0.79375	0.6099755217402276	0.18377447825977233	480	977	2	True
selected	GSE268609	27	human_dentate_hippocampus	dentate	KCNK1	KCNK1	synaptic_wiring	synaptic_wiring	5.151531513892637	1.0	0.5	0.5	0.36875	0.26359342535813124	0.10515657464186878	480	977	2	True
selected	GSE268609	27	human_dentate_hippocampus	dentate	STXBP1	STXBP1	synaptic_wiring	synaptic_wiring	5.2525389164357135	1.0	0.5	0.5	0.49375	0.35330708860120624	0.14044291139879378	480	977	2	True
selected	GSE268609	27	human_dentate_hippocampus	dentate	KCND3	KCND3	synaptic_wiring	synaptic_wiring	5.086608727424575	0.6666666666666666	0.6666666666666666	0.0	0.4041666666666667	0.29816370992841573	0.10600295673825094	480	977	2	False
selected	GSE268609	27	human_dentate_hippocampus	dentate	MAPK1	MAPK1	cytoskeleton_morphogenesis	cytoskeleton_morphogenesis	5.278453396465785	1.0	0.5	0.5	0.6166666666666667	0.49651962887257006	0.12014703779409663	480	977	2	True
selected	GSE268609	27	human_dentate_hippocampus	dentate	STXBP5	STXBP5	synaptic_wiring	synaptic_wiring	5.035665896251466	0.6666666666666666	0.6666666666666666	0.0	0.7083333333333334	0.6240000504706387	0.0843332828626947	480	977	2	False
selected	GSE268609	27	human_dentate_hippocampus	dentate	GABRA2	GABRA2	synaptic_wiring	synaptic_wiring	5.068689083899109	1.0	0.5	0.5	0.5166666666666667	0.25072972131795657	0.26593694534871015	480	977	2	True
selected	GSE268609	27	human_dentate_hippocampus	dentate	ADD2	ADD2	cytoskeleton_morphogenesis	cytoskeleton_morphogenesis	5.117839061510196	0.6666666666666666	0.6666666666666666	0.0	0.3958333333333333	0.3008533743827861	0.09497995895054723	480	977	2	False
selected	GSE268609	27	human_dentate_hippocampus	dentate	MAP3K4	MAP3K4	cytoskeleton_morphogenesis	cytoskeleton_morphogenesis	5.094184326912494	1.0	0.5	0.5	0.4833333333333333	0.3299602123131534	0.15337312102017986	480	977	2	True
selected	GSE268609	27	human_dentate_hippocampus	dentate	CALM2	CALM2	synaptic_wiring	synaptic_wiring	5.244131944083708	1.0	0.5	0.5	0.8333333333333334	0.7251978869625928	0.10813544637074057	480	977	2	True
selected	GSE268609	28	human_dentate_hippocampus	dentate	STXBP5L	STXBP5L	synaptic_wiring	synaptic_wiring	5.06800546524533	1.0	0.5	0.5	0.7171052631578947	0.5713362068965517	0.14576905626134296	152	257	2	True
selected	GSE268609	28	human_dentate_hippocampus	dentate	RFX3	RFX3	regulatory_morphogenesis_candidate	regulatory_morphogenesis_candidate	5.11374282878083	1.0	0.5	0.5	0.9013157894736842	0.7433497536945812	0.15796603577910295	152	257	2	True
selected	GSE268609	28	human_dentate_hippocampus	dentate	PPP3CA	PPP3CA	synaptic_wiring	synaptic_wiring	5.455182618321777	1.0	0.5	0.5	0.8947368421052632	0.7955049261083744	0.09923191599688874	152	257	2	True
selected	GSE268609	28	human_dentate_hippocampus	dentate	GPM6A	GPM6A	cytoskeleton_morphogenesis	cytoskeleton_morphogenesis	5.4774639744097335	1.0	0.5	0.5	0.8223684210526315	0.6189963054187192	0.20337211563391233	152	257	2	True
selected	GSE268609	28	human_dentate_hippocampus	dentate	GRIN2B	GRIN2B	synaptic_wiring	synaptic_wiring	5.09711546208696	1.0	0.5	0.5	0.6513157894736842	0.47496921182266005	0.17634657765102413	152	257	2	True
selected	GSE268609	28	human_dentate_hippocampus	dentate	GABRB3	GABRB3	synaptic_wiring	synaptic_wiring	5.132148779890988	1.0	0.5	0.5	0.6776315789473685	0.42201354679802955	0.2556180321493389	152	257	2	True
selected	GSE268609	28	human_dentate_hippocampus	dentate	SYNPR	SYNPR	synaptic_wiring	synaptic_wiring	5.163026400960264	1.0	0.5	0.5	0.6052631578947368	0.2233990147783251	0.3818641431164117	152	257	2	True
selected	GSE268609	28	human_dentate_hippocampus	dentate	CACNA1E	CACNA1E	synaptic_wiring	synaptic_wiring	5.063035403837544	1.0	0.5	0.5	0.631578947368421	0.3455357142857143	0.28604323308270674	152	257	2	True
selected	GSE268609	28	human_dentate_hippocampus	dentate	CACNA2D1	CACNA2D1	synaptic_wiring	synaptic_wiring	5.237917524870884	1.0	0.5	0.5	0.8552631578947368	0.8052339901477832	0.05002916774695365	152	257	2	True
selected	GSE268609	28	human_dentate_hippocampus	dentate	KCND2	KCND2	synaptic_wiring	synaptic_wiring	5.07006775598519	1.0	0.5	0.5	0.6973684210526315	0.5197967980295566	0.17757162302307494	152	257	2	True
selected	GSE268609	28	human_dentate_hippocampus	dentate	KCNJ6	KCNJ6	synaptic_wiring	synaptic_wiring	5.115876315326329	1.0	0.5	0.5	0.631578947368421	0.33497536945812806	0.29660357791029296	152	257	2	True
selected	GSE268609	28	human_dentate_hippocampus	dentate	NFIA	NFIA	regulatory_morphogenesis_candidate	regulatory_morphogenesis_candidate	5.458070983658397	1.0	0.5	0.5	0.9539473684210528	0.8748152709359606	0.0791320974850922	152	257	2	True
selected	GSE268609	28	human_dentate_hippocampus	dentate	KCNJ3	KCNJ3	synaptic_wiring	synaptic_wiring	5.11201500439703	1.0	0.5	0.5	0.6447368421052632	0.2960283251231527	0.3487085169821105	152	257	2	True
selected	GSE268609	28	human_dentate_hippocampus	dentate	CAMTA1	CAMTA1	regulatory_morphogenesis_candidate	regulatory_morphogenesis_candidate	5.390005460425881	1.0	0.5	0.5	0.8421052631578947	0.7518780788177339	0.09022718434016075	152	257	2	True
selected	GSE268609	28	human_dentate_hippocampus	dentate	NFIB	NFIB	regulatory_morphogenesis_candidate	regulatory_morphogenesis_candidate	5.456430873042622	1.0	0.5	0.5	0.9013157894736842	0.771551724137931	0.12976406533575313	152	257	2	True
selected	GSE268609	28	human_dentate_hippocampus	dentate	KCNK1	KCNK1	synaptic_wiring	synaptic_wiring	5.151531513892637	1.0	0.5	0.5	0.6447368421052632	0.29581280788177333	0.34892403422348983	152	257	2	True
selected	GSE268609	28	human_dentate_hippocampus	dentate	STXBP1	STXBP1	synaptic_wiring	synaptic_wiring	5.2525389164357135	1.0	0.5	0.5	0.618421052631579	0.3838669950738916	0.23455405755768738	152	257	2	True
selected	GSE268609	28	human_dentate_hippocampus	dentate	KCND3	KCND3	synaptic_wiring	synaptic_wiring	5.086608727424575	1.0	0.5	0.5	0.5921052631578947	0.39319581280788174	0.19890945035001295	152	257	2	True
selected	GSE268609	28	human_dentate_hippocampus	dentate	MAPK1	MAPK1	cytoskeleton_morphogenesis	cytoskeleton_morphogenesis	5.278453396465785	1.0	0.5	0.5	0.6842105263157895	0.566256157635468	0.1179543686803215	152	257	2	True
selected	GSE268609	28	human_dentate_hippocampus	dentate	STXBP5	STXBP5	synaptic_wiring	synaptic_wiring	5.035665896251466	1.0	0.5	0.5	0.7302631578947368	0.6447660098522168	0.08549714804252007	152	257	2	True
selected	GSE268609	28	human_dentate_hippocampus	dentate	GABRA2	GABRA2	synaptic_wiring	synaptic_wiring	5.068689083899109	1.0	0.5	0.5	0.5921052631578947	0.18565270935960584	0.4064525537982888	152	257	2	True
selected	GSE268609	28	human_dentate_hippocampus	dentate	ADD2	ADD2	cytoskeleton_morphogenesis	cytoskeleton_morphogenesis	5.117839061510196	1.0	0.5	0.5	0.5197368421052632	0.29744458128078816	0.222292260824475	152	257	2	True
selected	GSE268609	28	human_dentate_hippocampus	dentate	MAP3K4	MAP3K4	cytoskeleton_morphogenesis	cytoskeleton_morphogenesis	5.094184326912494	1.0	0.5	0.5	0.6578947368421053	0.4266625615763546	0.23123217526575068	152	257	2	True
selected	GSE268609	28	human_dentate_hippocampus	dentate	CALM2	CALM2	synaptic_wiring	synaptic_wiring	5.244131944083708	1.0	0.5	0.5	0.756578947368421	0.5979064039408868	0.15867254342753423	152	257	2	True
selected	GSE268609	29	human_dentate_hippocampus	dentate	STXBP5L	STXBP5L	synaptic_wiring	synaptic_wiring	5.06800546524533	0.6666666666666666	0.6666666666666666	0.0	0.9167446211412535	0.6798209507371533	0.23692367040410023	1069	1680	2	False
selected	GSE268609	29	human_dentate_hippocampus	dentate	RFX3	RFX3	regulatory_morphogenesis_candidate	regulatory_morphogenesis_candidate	5.11374282878083	1.0	0.5	0.5	0.9438727782974744	0.7051541093116515	0.23871866898582295	1069	1680	2	True
selected	GSE268609	29	human_dentate_hippocampus	dentate	PPP3CA	PPP3CA	synaptic_wiring	synaptic_wiring	5.455182618321777	1.0	0.5	0.5	0.961646398503274	0.8444062200400276	0.11724017846324641	1069	1680	2	True
selected	GSE268609	29	human_dentate_hippocampus	dentate	GPM6A	GPM6A	cytoskeleton_morphogenesis	cytoskeleton_morphogenesis	5.4774639744097335	1.0	0.5	0.5	0.9822263797942	0.8330326597754741	0.14919372001872588	1069	1680	2	True
selected	GSE268609	29	human_dentate_hippocampus	dentate	GRIN2B	GRIN2B	synaptic_wiring	synaptic_wiring	5.09711546208696	0.6666666666666666	0.6666666666666666	0.0	0.8765201122544434	0.6578123826452695	0.21870772960917384	1069	1680	2	False
selected	GSE268609	29	human_dentate_hippocampus	dentate	GABRB3	GABRB3	synaptic_wiring	synaptic_wiring	5.132148779890988	1.0	0.5	0.5	0.8840037418147801	0.6220113661968305	0.26199237561794964	1069	1680	2	True
selected	GSE268609	29	human_dentate_hippocampus	dentate	SYNPR	SYNPR	synaptic_wiring	synaptic_wiring	5.163026400960264	1.0	0.5	0.5	0.8437792329279701	0.5300450200359041	0.31373421289206593	1069	1680	2	True
selected	GSE268609	29	human_dentate_hippocampus	dentate	CACNA1E	CACNA1E	synaptic_wiring	synaptic_wiring	5.063035403837544	1.0	0.5	0.5	0.8596819457436857	0.5987841497663582	0.26089779597732754	1069	1680	2	True
selected	GSE268609	29	human_dentate_hippocampus	dentate	CACNA2D1	CACNA2D1	synaptic_wiring	synaptic_wiring	5.237917524870884	0.6666666666666666	0.6666666666666666	0.0	0.9139382600561272	0.7734138794841472	0.14052438057198002	1069	1680	2	False
selected	GSE268609	29	human_dentate_hippocampus	dentate	KCND2	KCND2	synaptic_wiring	synaptic_wiring	5.07006775598519	0.6666666666666666	0.6666666666666666	0.0	0.852198316183349	0.6257784990670529	0.2264198171162961	1069	1680	2	False
selected	GSE268609	29	human_dentate_hippocampus	dentate	KCNJ6	KCNJ6	synaptic_wiring	synaptic_wiring	5.115876315326329	1.0	0.5	0.5	0.8101028999064547	0.542304401419081	0.2677984984873737	1069	1680	2	True
selected	GSE268609	29	human_dentate_hippocampus	dentate	NFIA	NFIA	regulatory_morphogenesis_candidate	regulatory_morphogenesis_candidate	5.458070983658397	1.0	0.5	0.5	0.9541627689429372	0.7442436354157616	0.20991913352717562	1069	1680	2	True
selected	GSE268609	29	human_dentate_hippocampus	dentate	KCNJ3	KCNJ3	synaptic_wiring	synaptic_wiring	5.11201500439703	1.0	0.5	0.5	0.8765201122544434	0.578086272938938	0.2984338393155054	1069	1680	2	True
selected	GSE268609	29	human_dentate_hippocampus	dentate	CAMTA1	CAMTA1	regulatory_morphogenesis_candidate	regulatory_morphogenesis_candidate	5.390005460425881	0.6666666666666666	0.6666666666666666	0.0	0.9298409728718428	0.7501498458833249	0.17969112698851786	1069	1680	2	False
selected	GSE268609	29	human_dentate_hippocampus	dentate	NFIB	NFIB	regulatory_morphogenesis_candidate	regulatory_morphogenesis_candidate	5.456430873042622	1.0	0.5	0.5	0.9186155285313377	0.7025511353678993	0.2160643931634384	1069	1680	2	True
selected	GSE268609	29	human_dentate_hippocampus	dentate	KCNK1	KCNK1	synaptic_wiring	synaptic_wiring	5.151531513892637	1.0	0.5	0.5	0.7652011225444341	0.40467960962017935	0.3605215129242547	1069	1680	2	True
selected	GSE268609	29	human_dentate_hippocampus	dentate	STXBP1	STXBP1	synaptic_wiring	synaptic_wiring	5.2525389164357135	0.6666666666666666	0.6666666666666666	0.0	0.7857811038353602	0.5831832420022061	0.2025978618331541	1069	1680	2	False
selected	GSE268609	29	human_dentate_hippocampus	dentate	KCND3	KCND3	synaptic_wiring	synaptic_wiring	5.086608727424575	0.6666666666666666	0.6666666666666666	0.0	0.7857811038353602	0.5062456647781912	0.27953543905716893	1069	1680	2	False
selected	GSE268609	29	human_dentate_hippocampus	dentate	MAPK1	MAPK1	cytoskeleton_morphogenesis	cytoskeleton_morphogenesis	5.278453396465785	0.6666666666666666	0.6666666666666666	0.0	0.8091674462114126	0.6272195231145559	0.1819479230968567	1069	1680	2	False
selected	GSE268609	29	human_dentate_hippocampus	dentate	STXBP5	STXBP5	synaptic_wiring	synaptic_wiring	5.035665896251466	0.6666666666666666	0.6666666666666666	0.0	0.8540692235734331	0.6655123256522898	0.18855689792114327	1069	1680	2	False
selected	GSE268609	29	human_dentate_hippocampus	dentate	GABRA2	GABRA2	synaptic_wiring	synaptic_wiring	5.068689083899109	0.6666666666666666	0.6666666666666666	0.0	0.7408793264733395	0.4831296362021763	0.25774969027116323	1069	1680	2	False
selected	GSE268609	29	human_dentate_hippocampus	dentate	ADD2	ADD2	cytoskeleton_morphogenesis	cytoskeleton_morphogenesis	5.117839061510196	0.6666666666666666	0.6666666666666666	0.0	0.6230121608980356	0.4557295616842235	0.16728259921381206	1069	1680	2	False
selected	GSE268609	29	human_dentate_hippocampus	dentate	MAP3K4	MAP3K4	cytoskeleton_morphogenesis	cytoskeleton_morphogenesis	5.094184326912494	1.0	0.5	0.5	0.7025257249766137	0.4056950271784351	0.2968306977981786	1069	1680	2	True
selected	GSE268609	29	human_dentate_hippocampus	dentate	CALM2	CALM2	synaptic_wiring	synaptic_wiring	5.244131944083708	0.6666666666666666	0.6666666666666666	0.0	0.961646398503274	0.8881840446165197	0.07346235388675437	1069	1680	2	False
selected	GSE268609	3	human_dentate_hippocampus	dentate	STXBP5L	STXBP5L	synaptic_wiring	synaptic_wiring	5.06800546524533	1.0	0.5	0.5	0.8093977498345467	0.43224476117145905	0.37715298866308766	1511	3832	2	True
selected	GSE268609	3	human_dentate_hippocampus	dentate	RFX3	RFX3	regulatory_morphogenesis_candidate	regulatory_morphogenesis_candidate	5.11374282878083	1.0	0.5	0.5	0.9371277299801456	0.641458341411534	0.2956693885686116	1511	3832	2	True
selected	GSE268609	3	human_dentate_hippocampus	dentate	PPP3CA	PPP3CA	synaptic_wiring	synaptic_wiring	5.455182618321777	1.0	0.5	0.5	0.8788881535407015	0.6361488863161743	0.2427392672245272	1511	3832	2	True
selected	GSE268609	3	human_dentate_hippocampus	dentate	GPM6A	GPM6A	cytoskeleton_morphogenesis	cytoskeleton_morphogenesis	5.4774639744097335	1.0	0.5	0.5	0.9265387160820648	0.4380743600680231	0.48846435601404176	1511	3832	2	True
selected	GSE268609	3	human_dentate_hippocampus	dentate	GRIN2B	GRIN2B	synaptic_wiring	synaptic_wiring	5.09711546208696	0.6666666666666666	0.6666666666666666	0.0	0.4454003970880212	0.33607188952345074	0.10932850756457047	1511	3832	2	False
selected	GSE268609	3	human_dentate_hippocampus	dentate	GABRB3	GABRB3	synaptic_wiring	synaptic_wiring	5.132148779890988	0.6666666666666666	0.6666666666666666	0.0	0.4778292521508934	0.3432555794978036	0.13457367265308978	1511	3832	2	False
selected	GSE268609	3	human_dentate_hippocampus	dentate	SYNPR	SYNPR	synaptic_wiring	synaptic_wiring	5.163026400960264	0.6666666666666666	0.6666666666666666	0.0	0.3891462607544672	0.239023802533693	0.1501224582207742	1511	3832	2	False
selected	GSE268609	3	human_dentate_hippocampus	dentate	CACNA1E	CACNA1E	synaptic_wiring	synaptic_wiring	5.063035403837544	0.6666666666666666	0.6666666666666666	0.0	0.4540039708802117	0.3369786790895544	0.1170252917906573	1511	3832	2	False
selected	GSE268609	3	human_dentate_hippocampus	dentate	CACNA2D1	CACNA2D1	synaptic_wiring	synaptic_wiring	5.237917524870884	0.6666666666666666	0.6666666666666666	0.0	0.7981469225678358	0.79778758856016	0.0003593340076758489	1511	3832	2	False
selected	GSE268609	3	human_dentate_hippocampus	dentate	KCND2	KCND2	synaptic_wiring	synaptic_wiring	5.07006775598519	1.0	0.5	0.5	0.671740569159497	0.38418131359851987	0.2875592555609771	1511	3832	2	True
selected	GSE268609	3	human_dentate_hippocampus	dentate	KCNJ6	KCNJ6	synaptic_wiring	synaptic_wiring	5.115876315326329	0.6666666666666666	0.6666666666666666	0.0	0.4023825281270681	0.27801021453854546	0.12437231358852263	1511	3832	2	False
selected	GSE268609	3	human_dentate_hippocampus	dentate	NFIA	NFIA	regulatory_morphogenesis_candidate	regulatory_morphogenesis_candidate	5.458070983658397	1.0	0.5	0.5	0.9755129053606882	0.8345610351914118	0.14095187016927646	1511	3832	2	True
selected	GSE268609	3	human_dentate_hippocampus	dentate	KCNJ3	KCNJ3	synaptic_wiring	synaptic_wiring	5.11201500439703	1.0	0.5	0.5	0.71409662475182	0.277368205310009	0.436728419441811	1511	3832	2	True
selected	GSE268609	3	human_dentate_hippocampus	dentate	CAMTA1	CAMTA1	regulatory_morphogenesis_candidate	regulatory_morphogenesis_candidate	5.390005460425881	1.0	0.5	0.5	0.886829913964262	0.7134209841187191	0.1734089298455429	1511	3832	2	True
selected	GSE268609	3	human_dentate_hippocampus	dentate	NFIB	NFIB	regulatory_morphogenesis_candidate	regulatory_morphogenesis_candidate	5.456430873042622	1.0	0.5	0.5	0.9238914626075446	0.6518116403640453	0.27207982224349936	1511	3832	2	True
selected	GSE268609	3	human_dentate_hippocampus	dentate	KCNK1	KCNK1	synaptic_wiring	synaptic_wiring	5.151531513892637	1.0	0.5	0.5	0.4301786896095301	0.3320738726063137	0.09810481700321638	1511	3832	2	True
selected	GSE268609	3	human_dentate_hippocampus	dentate	STXBP1	STXBP1	synaptic_wiring	synaptic_wiring	5.2525389164357135	1.0	0.5	0.5	0.5228325612177366	0.31231837896824294	0.21051418224949364	1511	3832	2	True
selected	GSE268609	3	human_dentate_hippocampus	dentate	KCND3	KCND3	synaptic_wiring	synaptic_wiring	5.086608727424575	0.6666666666666666	0.6666666666666666	0.0	0.4679020516214427	0.30902690456275234	0.15887514705869038	1511	3832	2	False
selected	GSE268609	3	human_dentate_hippocampus	dentate	MAPK1	MAPK1	cytoskeleton_morphogenesis	cytoskeleton_morphogenesis	5.278453396465785	1.0	0.5	0.5	0.6512243547319656	0.42072432378536173	0.23050003094660387	1511	3832	2	True
selected	GSE268609	3	human_dentate_hippocampus	dentate	STXBP5	STXBP5	synaptic_wiring	synaptic_wiring	5.035665896251466	1.0	0.5	0.5	0.7875579086697552	0.5547339179180953	0.23282399075165983	1511	3832	2	True
selected	GSE268609	3	human_dentate_hippocampus	dentate	GABRA2	GABRA2	synaptic_wiring	synaptic_wiring	5.068689083899109	1.0	0.5	0.5	0.5340833884844474	0.20431819063076434	0.329765197853683	1511	3832	2	True
selected	GSE268609	3	human_dentate_hippocampus	dentate	ADD2	ADD2	cytoskeleton_morphogenesis	cytoskeleton_morphogenesis	5.117839061510196	0.6666666666666666	0.6666666666666666	0.0	0.3348775645268034	0.22480127626338436	0.11007628826341903	1511	3832	2	False
selected	GSE268609	3	human_dentate_hippocampus	dentate	MAP3K4	MAP3K4	cytoskeleton_morphogenesis	cytoskeleton_morphogenesis	5.094184326912494	1.0	0.5	0.5	0.5512905360688286	0.37487855002298826	0.17641198604584035	1511	3832	2	True
selected	GSE268609	3	human_dentate_hippocampus	dentate	CALM2	CALM2	synaptic_wiring	synaptic_wiring	5.244131944083708	1.0	0.5	0.5	0.8259430840502978	0.7175491754695973	0.10839390858070053	1511	3832	2	True
selected	GSE268609	30	human_dentate_hippocampus	dentate	STXBP5L	STXBP5L	synaptic_wiring	synaptic_wiring	5.06800546524533	1.0	0.5	0.5	0.4312267657992565	0.31658415841584153	0.11464260738341497	538	825	2	True
selected	GSE268609	30	human_dentate_hippocampus	dentate	RFX3	RFX3	regulatory_morphogenesis_candidate	regulatory_morphogenesis_candidate	5.11374282878083	1.0	0.5	0.5	0.8085501858736059	0.6667388613861387	0.14181132448746725	538	825	2	True
selected	GSE268609	30	human_dentate_hippocampus	dentate	PPP3CA	PPP3CA	synaptic_wiring	synaptic_wiring	5.455182618321777	1.0	0.5	0.5	0.7453531598513011	0.5969214108910891	0.14843174896021205	538	825	2	True
selected	GSE268609	30	human_dentate_hippocampus	dentate	GPM6A	GPM6A	cytoskeleton_morphogenesis	cytoskeleton_morphogenesis	5.4774639744097335	1.0	0.5	0.5	0.5910780669144982	0.388335396039604	0.20274267087489417	538	825	2	True
selected	GSE268609	30	human_dentate_hippocampus	dentate	GRIN2B	GRIN2B	synaptic_wiring	synaptic_wiring	5.09711546208696	1.0	0.5	0.5	0.3475836431226766	0.26689356435643563	0.08069007876624096	538	825	2	True
selected	GSE268609	30	human_dentate_hippocampus	dentate	GABRB3	GABRB3	synaptic_wiring	synaptic_wiring	5.132148779890988	1.0	0.5	0.5	0.3364312267657992	0.2516707920792079	0.08476043468659128	538	825	2	True
selected	GSE268609	30	human_dentate_hippocampus	dentate	SYNPR	SYNPR	synaptic_wiring	synaptic_wiring	5.163026400960264	1.0	0.5	0.5	0.2472118959107806	0.14415222772277225	0.10305966818800835	538	825	2	True
selected	GSE268609	30	human_dentate_hippocampus	dentate	CACNA1E	CACNA1E	synaptic_wiring	synaptic_wiring	5.063035403837544	1.0	0.5	0.5	0.3159851301115242	0.22405631188118807	0.0919288182303361	538	825	2	True
selected	GSE268609	30	human_dentate_hippocampus	dentate	CACNA2D1	CACNA2D1	synaptic_wiring	synaptic_wiring	5.237917524870884	1.0	0.5	0.5	0.7788104089219331	0.7452506188118813	0.033559790110051835	538	825	2	True
selected	GSE268609	30	human_dentate_hippocampus	dentate	KCND2	KCND2	synaptic_wiring	synaptic_wiring	5.07006775598519	1.0	0.5	0.5	0.4089219330855018	0.26944616336633664	0.13947576971916514	538	825	2	True
selected	GSE268609	30	human_dentate_hippocampus	dentate	KCNJ6	KCNJ6	synaptic_wiring	synaptic_wiring	5.115876315326329	1.0	0.5	0.5	0.2843866171003718	0.17478341584158413	0.10960320125878764	538	825	2	True
selected	GSE268609	30	human_dentate_hippocampus	dentate	NFIA	NFIA	regulatory_morphogenesis_candidate	regulatory_morphogenesis_candidate	5.458070983658397	1.0	0.5	0.5	0.8996282527881041	0.8080290841584159	0.0915991686296882	538	825	2	True
selected	GSE268609	30	human_dentate_hippocampus	dentate	KCNJ3	KCNJ3	synaptic_wiring	synaptic_wiring	5.11201500439703	1.0	0.5	0.5	0.3605947955390334	0.18785581683168315	0.17273897870735025	538	825	2	True
selected	GSE268609	30	human_dentate_hippocampus	dentate	CAMTA1	CAMTA1	regulatory_morphogenesis_candidate	regulatory_morphogenesis_candidate	5.390005460425881	1.0	0.5	0.5	0.8085501858736059	0.6879950495049505	0.12055513636865545	538	825	2	True
selected	GSE268609	30	human_dentate_hippocampus	dentate	NFIB	NFIB	regulatory_morphogenesis_candidate	regulatory_morphogenesis_candidate	5.456430873042622	1.0	0.5	0.5	0.8029739776951673	0.6980507425742575	0.10492323512090984	538	825	2	True
selected	GSE268609	30	human_dentate_hippocampus	dentate	KCNK1	KCNK1	synaptic_wiring	synaptic_wiring	5.151531513892637	1.0	0.5	0.5	0.3996282527881041	0.2804455445544555	0.11918270823364863	538	825	2	True
selected	GSE268609	30	human_dentate_hippocampus	dentate	STXBP1	STXBP1	synaptic_wiring	synaptic_wiring	5.2525389164357135	1.0	0.5	0.5	0.3866171003717472	0.2721534653465347	0.1144636350252125	538	825	2	True
selected	GSE268609	30	human_dentate_hippocampus	dentate	KCND3	KCND3	synaptic_wiring	synaptic_wiring	5.086608727424575	1.0	0.5	0.5	0.3159851301115242	0.18525680693069307	0.1307283231808311	538	825	2	True
selected	GSE268609	30	human_dentate_hippocampus	dentate	MAPK1	MAPK1	cytoskeleton_morphogenesis	cytoskeleton_morphogenesis	5.278453396465785	1.0	0.5	0.5	0.5427509293680297	0.35999381188118806	0.18275711748684165	538	825	2	True
selected	GSE268609	30	human_dentate_hippocampus	dentate	STXBP5	STXBP5	synaptic_wiring	synaptic_wiring	5.035665896251466	1.0	0.5	0.5	0.6245353159851301	0.5418626237623763	0.08267269222275386	538	825	2	True
selected	GSE268609	30	human_dentate_hippocampus	dentate	GABRA2	GABRA2	synaptic_wiring	synaptic_wiring	5.068689083899109	1.0	0.5	0.5	0.3215613382899628	0.14576113861386136	0.17580019967610144	538	825	2	True
selected	GSE268609	30	human_dentate_hippocampus	dentate	ADD2	ADD2	cytoskeleton_morphogenesis	cytoskeleton_morphogenesis	5.117839061510196	1.0	0.5	0.5	0.241635687732342	0.1417543316831683	0.0998813560491737	538	825	2	True
selected	GSE268609	30	human_dentate_hippocampus	dentate	MAP3K4	MAP3K4	cytoskeleton_morphogenesis	cytoskeleton_morphogenesis	5.094184326912494	1.0	0.5	0.5	0.4442379182156133	0.3455136138613861	0.09872430435422719	538	825	2	True
selected	GSE268609	30	human_dentate_hippocampus	dentate	CALM2	CALM2	synaptic_wiring	synaptic_wiring	5.244131944083708	1.0	0.5	0.5	0.7044609665427509	0.6282487623762376	0.07621220416651331	538	825	2	True
selected	GSE268609	31	human_dentate_hippocampus	dentate	STXBP5L	STXBP5L	synaptic_wiring	synaptic_wiring	5.06800546524533	0.6666666666666666	0.6666666666666666	0.0	0.7058823529411765	0.5035599927620037	0.20232236017917282	442	1009	2	False
selected	GSE268609	31	human_dentate_hippocampus	dentate	RFX3	RFX3	regulatory_morphogenesis_candidate	regulatory_morphogenesis_candidate	5.11374282878083	1.0	0.5	0.5	0.8484162895927602	0.6115339831795259	0.23688230641323427	442	1009	2	True
selected	GSE268609	31	human_dentate_hippocampus	dentate	PPP3CA	PPP3CA	synaptic_wiring	synaptic_wiring	5.455182618321777	1.0	0.5	0.5	0.9027149321266968	0.8085431958900768	0.09417173623662001	442	1009	2	True
selected	GSE268609	31	human_dentate_hippocampus	dentate	GPM6A	GPM6A	cytoskeleton_morphogenesis	cytoskeleton_morphogenesis	5.4774639744097335	1.0	0.5	0.5	0.9253393665158371	0.7730278426837232	0.152311523832114	442	1009	2	True
selected	GSE268609	31	human_dentate_hippocampus	dentate	GRIN2B	GRIN2B	synaptic_wiring	synaptic_wiring	5.09711546208696	1.0	0.5	0.5	0.7285067873303167	0.5237496754702731	0.20475711186004364	442	1009	2	True
selected	GSE268609	31	human_dentate_hippocampus	dentate	GABRB3	GABRB3	synaptic_wiring	synaptic_wiring	5.132148779890988	1.0	0.5	0.5	0.6515837104072398	0.46694320533094164	0.1846405050762982	442	1009	2	True
selected	GSE268609	31	human_dentate_hippocampus	dentate	SYNPR	SYNPR	synaptic_wiring	synaptic_wiring	5.163026400960264	1.0	0.5	0.5	0.581447963800905	0.31146593027921354	0.2699820335216915	442	1009	2	True
selected	GSE268609	31	human_dentate_hippocampus	dentate	CACNA1E	CACNA1E	synaptic_wiring	synaptic_wiring	5.063035403837544	1.0	0.5	0.5	0.5995475113122172	0.3890757393377233	0.21047177197449385	442	1009	2	True
selected	GSE268609	31	human_dentate_hippocampus	dentate	CACNA2D1	CACNA2D1	synaptic_wiring	synaptic_wiring	5.237917524870884	1.0	0.5	0.5	0.8212669683257918	0.7420893420503984	0.07917762627539338	442	1009	2	True
selected	GSE268609	31	human_dentate_hippocampus	dentate	KCND2	KCND2	synaptic_wiring	synaptic_wiring	5.07006775598519	1.0	0.5	0.5	0.6628959276018099	0.45482939570598	0.2080665318958299	442	1009	2	True
selected	GSE268609	31	human_dentate_hippocampus	dentate	KCNJ6	KCNJ6	synaptic_wiring	synaptic_wiring	5.115876315326329	1.0	0.5	0.5	0.579185520361991	0.3916051043608928	0.1875804160010982	442	1009	2	True
selected	GSE268609	31	human_dentate_hippocampus	dentate	NFIA	NFIA	regulatory_morphogenesis_candidate	regulatory_morphogenesis_candidate	5.458070983658397	1.0	0.5	0.5	0.8190045248868778	0.6912306167244919	0.12777390816238587	442	1009	2	True
selected	GSE268609	31	human_dentate_hippocampus	dentate	KCNJ3	KCNJ3	synaptic_wiring	synaptic_wiring	5.11201500439703	1.0	0.5	0.5	0.669683257918552	0.38831850330823636	0.2813647546103156	442	1009	2	True
selected	GSE268609	31	human_dentate_hippocampus	dentate	CAMTA1	CAMTA1	regulatory_morphogenesis_candidate	regulatory_morphogenesis_candidate	5.390005460425881	1.0	0.5	0.5	0.8574660633484162	0.6824899494126995	0.17497611393571677	442	1009	2	True
selected	GSE268609	31	human_dentate_hippocampus	dentate	NFIB	NFIB	regulatory_morphogenesis_candidate	regulatory_morphogenesis_candidate	5.456430873042622	1.0	0.5	0.5	0.8461538461538461	0.6972708033389192	0.14888304281492692	442	1009	2	True
selected	GSE268609	31	human_dentate_hippocampus	dentate	KCNK1	KCNK1	synaptic_wiring	synaptic_wiring	5.151531513892637	1.0	0.5	0.5	0.5294117647058824	0.31234904450581	0.21706272020007233	442	1009	2	True
selected	GSE268609	31	human_dentate_hippocampus	dentate	STXBP1	STXBP1	synaptic_wiring	synaptic_wiring	5.2525389164357135	1.0	0.5	0.5	0.6877828054298643	0.45223709158425585	0.2355457138456084	442	1009	2	True
selected	GSE268609	31	human_dentate_hippocampus	dentate	KCND3	KCND3	synaptic_wiring	synaptic_wiring	5.086608727424575	1.0	0.5	0.5	0.5927601809954751	0.3545123399970104	0.23824784099846474	442	1009	2	True
selected	GSE268609	31	human_dentate_hippocampus	dentate	MAPK1	MAPK1	cytoskeleton_morphogenesis	cytoskeleton_morphogenesis	5.278453396465785	1.0	0.5	0.5	0.7601809954751131	0.5361899816689876	0.22399101380612552	442	1009	2	True
selected	GSE268609	31	human_dentate_hippocampus	dentate	STXBP5	STXBP5	synaptic_wiring	synaptic_wiring	5.035665896251466	0.6666666666666666	0.6666666666666666	0.0	0.7737556561085973	0.5799877268757818	0.1937679292328155	442	1009	2	False
selected	GSE268609	31	human_dentate_hippocampus	dentate	GABRA2	GABRA2	synaptic_wiring	synaptic_wiring	5.068689083899109	1.0	0.5	0.5	0.5995475113122172	0.34671182546987966	0.2528356858423375	442	1009	2	True
selected	GSE268609	31	human_dentate_hippocampus	dentate	ADD2	ADD2	cytoskeleton_morphogenesis	cytoskeleton_morphogenesis	5.117839061510196	0.6666666666666666	0.6666666666666666	0.0	0.4932126696832579	0.3149590502490028	0.1782536194342551	442	1009	2	False
selected	GSE268609	31	human_dentate_hippocampus	dentate	MAP3K4	MAP3K4	cytoskeleton_morphogenesis	cytoskeleton_morphogenesis	5.094184326912494	1.0	0.5	0.5	0.5203619909502263	0.3239750761169723	0.196386914833254	442	1009	2	True
selected	GSE268609	31	human_dentate_hippocampus	dentate	CALM2	CALM2	synaptic_wiring	synaptic_wiring	5.244131944083708	1.0	0.5	0.5	0.9366515837104072	0.8504881713831653	0.0861634123272419	442	1009	2	True
selected	GSE268609	32	human_dentate_hippocampus	dentate	STXBP5L	STXBP5L	synaptic_wiring	synaptic_wiring	5.06800546524533	1.0	0.5	0.5	0.9419642857142856	0.8924619932432433	0.04950229247104232	448	313	2	True
selected	GSE268609	32	human_dentate_hippocampus	dentate	RFX3	RFX3	regulatory_morphogenesis_candidate	regulatory_morphogenesis_candidate	5.11374282878083	1.0	0.5	0.5	0.8816964285714286	0.8095439189189189	0.07215250965250974	448	313	2	True
selected	GSE268609	32	human_dentate_hippocampus	dentate	PPP3CA	PPP3CA	synaptic_wiring	synaptic_wiring	5.455182618321777	1.0	0.5	0.5	0.9620535714285714	0.9501266891891892	0.011926882239382208	448	313	2	True
selected	GSE268609	32	human_dentate_hippocampus	dentate	GPM6A	GPM6A	cytoskeleton_morphogenesis	cytoskeleton_morphogenesis	5.4774639744097335	1.0	0.5	0.5	0.9754464285714286	0.9435177364864865	0.03192869208494209	448	313	2	True
selected	GSE268609	32	human_dentate_hippocampus	dentate	GRIN2B	GRIN2B	synaptic_wiring	synaptic_wiring	5.09711546208696	1.0	0.5	0.5	0.7700892857142857	0.7152238175675676	0.05486546814671811	448	313	2	True
selected	GSE268609	32	human_dentate_hippocampus	dentate	GABRB3	GABRB3	synaptic_wiring	synaptic_wiring	5.132148779890988	1.0	0.5	0.5	0.7388392857142857	0.6842905405405406	0.054548745173745083	448	313	2	True
selected	GSE268609	32	human_dentate_hippocampus	dentate	SYNPR	SYNPR	synaptic_wiring	synaptic_wiring	5.163026400960264	1.0	0.5	0.5	0.6071428571428571	0.39921875	0.20792410714285708	448	313	2	True
selected	GSE268609	32	human_dentate_hippocampus	dentate	CACNA1E	CACNA1E	synaptic_wiring	synaptic_wiring	5.063035403837544	1.0	0.5	0.5	0.65625	0.5301942567567568	0.1260557432432432	448	313	2	True
selected	GSE268609	32	human_dentate_hippocampus	dentate	CACNA2D1	CACNA2D1	synaptic_wiring	synaptic_wiring	5.237917524870884	1.0	0.5	0.5	0.84375	0.7981418918918919	0.045608108108108114	448	313	2	True
selected	GSE268609	32	human_dentate_hippocampus	dentate	KCND2	KCND2	synaptic_wiring	synaptic_wiring	5.07006775598519	1.0	0.5	0.5	0.7879464285714286	0.7281461148648649	0.05980031370656369	448	313	2	True
selected	GSE268609	32	human_dentate_hippocampus	dentate	KCNJ6	KCNJ6	synaptic_wiring	synaptic_wiring	5.115876315326329	1.0	0.5	0.5	0.5200892857142857	0.33883023648648647	0.18125904922779923	448	313	2	True
selected	GSE268609	32	human_dentate_hippocampus	dentate	NFIA	NFIA	regulatory_morphogenesis_candidate	regulatory_morphogenesis_candidate	5.458070983658397	1.0	0.5	0.5	0.7767857142857143	0.7320523648648649	0.04473334942084939	448	313	2	True
selected	GSE268609	32	human_dentate_hippocampus	dentate	KCNJ3	KCNJ3	synaptic_wiring	synaptic_wiring	5.11201500439703	1.0	0.5	0.5	0.7544642857142857	0.6245143581081081	0.12994992760617763	448	313	2	True
selected	GSE268609	32	human_dentate_hippocampus	dentate	CAMTA1	CAMTA1	regulatory_morphogenesis_candidate	regulatory_morphogenesis_candidate	5.390005460425881	1.0	0.5	0.5	0.734375	0.6173141891891891	0.11706081081081088	448	313	2	True
selected	GSE268609	32	human_dentate_hippocampus	dentate	NFIB	NFIB	regulatory_morphogenesis_candidate	regulatory_morphogenesis_candidate	5.456430873042622	1.0	0.5	0.5	0.7276785714285714	0.6326224662162162	0.09505610521235519	448	313	2	True
selected	GSE268609	32	human_dentate_hippocampus	dentate	KCNK1	KCNK1	synaptic_wiring	synaptic_wiring	5.151531513892637	1.0	0.5	0.5	0.296875	0.2294974662162162	0.0673775337837838	448	313	2	True
selected	GSE268609	32	human_dentate_hippocampus	dentate	STXBP1	STXBP1	synaptic_wiring	synaptic_wiring	5.2525389164357135	1.0	0.5	0.5	0.5424107142857143	0.4719172297297297	0.07049348455598459	448	313	2	True
selected	GSE268609	32	human_dentate_hippocampus	dentate	KCND3	KCND3	synaptic_wiring	synaptic_wiring	5.086608727424575	1.0	0.5	0.5	0.3482142857142857	0.2922930743243243	0.05592121138996142	448	313	2	True
selected	GSE268609	32	human_dentate_hippocampus	dentate	MAPK1	MAPK1	cytoskeleton_morphogenesis	cytoskeleton_morphogenesis	5.278453396465785	1.0	0.5	0.5	0.7165178571428571	0.6407305743243243	0.07578728281853275	448	313	2	True
selected	GSE268609	32	human_dentate_hippocampus	dentate	STXBP5	STXBP5	synaptic_wiring	synaptic_wiring	5.035665896251466	1.0	0.5	0.5	0.6160714285714286	0.5404138513513513	0.07565757722007727	448	313	2	True
selected	GSE268609	32	human_dentate_hippocampus	dentate	GABRA2	GABRA2	synaptic_wiring	synaptic_wiring	5.068689083899109	1.0	0.5	0.5	0.4799107142857143	0.32622466216216217	0.15368605212355213	448	313	2	True
selected	GSE268609	32	human_dentate_hippocampus	dentate	ADD2	ADD2	cytoskeleton_morphogenesis	cytoskeleton_morphogenesis	5.117839061510196	1.0	0.5	0.5	0.3616071428571428	0.2120777027027027	0.14952944015444009	448	313	2	True
selected	GSE268609	32	human_dentate_hippocampus	dentate	MAP3K4	MAP3K4	cytoskeleton_morphogenesis	cytoskeleton_morphogenesis	5.094184326912494	1.0	0.5	0.5	0.34375	0.23070101351351352	0.11304898648648648	448	313	2	True
selected	GSE268609	32	human_dentate_hippocampus	dentate	CALM2	CALM2	synaptic_wiring	synaptic_wiring	5.244131944083708	1.0	0.5	0.5	0.9665178571428572	0.9273015202702704	0.039216336872586854	448	313	2	True
selected	GSE268609	33	human_dentate_hippocampus	dentate	STXBP5L	STXBP5L	synaptic_wiring	synaptic_wiring	5.06800546524533	0.6666666666666666	0.6666666666666666	0.0	0.6171428571428571	0.6576222394639756	-0.04047938232111847	350	1917	2	False
selected	GSE268609	33	human_dentate_hippocampus	dentate	RFX3	RFX3	regulatory_morphogenesis_candidate	regulatory_morphogenesis_candidate	5.11374282878083	0.6666666666666666	0.6666666666666666	0.0	0.8457142857142858	0.7230157282471303	0.12269855746715541	350	1917	2	False
selected	GSE268609	33	human_dentate_hippocampus	dentate	PPP3CA	PPP3CA	synaptic_wiring	synaptic_wiring	5.455182618321777	0.6666666666666666	0.6666666666666666	0.0	0.8714285714285714	0.8048503992436464	0.06657817218492501	350	1917	2	False
selected	GSE268609	33	human_dentate_hippocampus	dentate	GPM6A	GPM6A	cytoskeleton_morphogenesis	cytoskeleton_morphogenesis	5.4774639744097335	0.6666666666666666	0.6666666666666666	0.0	0.96	0.8573050796945811	0.10269492030541882	350	1917	2	False
selected	GSE268609	33	human_dentate_hippocampus	dentate	GRIN2B	GRIN2B	synaptic_wiring	synaptic_wiring	5.09711546208696	0.6666666666666666	0.6666666666666666	0.0	0.5628571428571428	0.6358834999845852	-0.07302635712744232	350	1917	2	False
selected	GSE268609	33	human_dentate_hippocampus	dentate	GABRB3	GABRB3	synaptic_wiring	synaptic_wiring	5.132148779890988	0.6666666666666666	0.6666666666666666	0.0	0.5428571428571428	0.5892588301184886	-0.04640168726134575	350	1917	2	False
selected	GSE268609	33	human_dentate_hippocampus	dentate	SYNPR	SYNPR	synaptic_wiring	synaptic_wiring	5.163026400960264	0.6666666666666666	0.6666666666666666	0.0	0.4114285714285714	0.37461013369780805	0.036818437730763376	350	1917	2	False
selected	GSE268609	33	human_dentate_hippocampus	dentate	CACNA1E	CACNA1E	synaptic_wiring	synaptic_wiring	5.063035403837544	0.6666666666666666	0.6666666666666666	0.0	0.5142857142857142	0.5585750033398761	-0.04428928905416185	350	1917	2	False
selected	GSE268609	33	human_dentate_hippocampus	dentate	CACNA2D1	CACNA2D1	synaptic_wiring	synaptic_wiring	5.237917524870884	0.6666666666666666	0.6666666666666666	0.0	0.68	0.7890797613787008	-0.10907976137870079	350	1917	2	False
selected	GSE268609	33	human_dentate_hippocampus	dentate	KCND2	KCND2	synaptic_wiring	synaptic_wiring	5.07006775598519	0.6666666666666666	0.6666666666666666	0.0	0.6114285714285714	0.6487497302407794	-0.03732115881220799	350	1917	2	False
selected	GSE268609	33	human_dentate_hippocampus	dentate	KCNJ6	KCNJ6	synaptic_wiring	synaptic_wiring	5.115876315326329	0.6666666666666666	0.6666666666666666	0.0	0.2685714285714285	0.326671993340801	-0.058100564769372476	350	1917	2	False
selected	GSE268609	33	human_dentate_hippocampus	dentate	NFIA	NFIA	regulatory_morphogenesis_candidate	regulatory_morphogenesis_candidate	5.458070983658397	1.0	0.5	0.5	0.82	0.7150302130327102	0.10496978696728976	350	1917	2	True
selected	GSE268609	33	human_dentate_hippocampus	dentate	KCNJ3	KCNJ3	synaptic_wiring	synaptic_wiring	5.11201500439703	0.6666666666666666	0.6666666666666666	0.0	0.5771428571428572	0.5257549404474406	0.051387916695416536	350	1917	2	False
selected	GSE268609	33	human_dentate_hippocampus	dentate	CAMTA1	CAMTA1	regulatory_morphogenesis_candidate	regulatory_morphogenesis_candidate	5.390005460425881	0.6666666666666666	0.6666666666666666	0.0	0.8457142857142858	0.787596085665252	0.058118200049033786	350	1917	2	False
selected	GSE268609	33	human_dentate_hippocampus	dentate	NFIB	NFIB	regulatory_morphogenesis_candidate	regulatory_morphogenesis_candidate	5.456430873042622	1.0	0.5	0.5	0.76	0.6013389049317124	0.15866109506828763	350	1917	2	True
selected	GSE268609	33	human_dentate_hippocampus	dentate	KCNK1	KCNK1	synaptic_wiring	synaptic_wiring	5.151531513892637	0.6666666666666666	0.6666666666666666	0.0	0.2057142857142857	0.27946734115035604	-0.07375305543607033	350	1917	2	False
selected	GSE268609	33	human_dentate_hippocampus	dentate	STXBP1	STXBP1	synaptic_wiring	synaptic_wiring	5.2525389164357135	0.6666666666666666	0.6666666666666666	0.0	0.5314285714285715	0.5037791982242136	0.027649373204357897	350	1917	2	False
selected	GSE268609	33	human_dentate_hippocampus	dentate	KCND3	KCND3	synaptic_wiring	synaptic_wiring	5.086608727424575	0.6666666666666666	0.6666666666666666	0.0	0.42	0.42064775611711147	-0.0006477561171114865	350	1917	2	False
selected	GSE268609	33	human_dentate_hippocampus	dentate	MAPK1	MAPK1	cytoskeleton_morphogenesis	cytoskeleton_morphogenesis	5.278453396465785	0.6666666666666666	0.6666666666666666	0.0	0.5657142857142857	0.5989849345898118	-0.03327064887552611	350	1917	2	False
selected	GSE268609	33	human_dentate_hippocampus	dentate	STXBP5	STXBP5	synaptic_wiring	synaptic_wiring	5.035665896251466	0.6666666666666666	0.6666666666666666	0.0	0.74	0.6900742737054126	0.04992572629458736	350	1917	2	False
selected	GSE268609	33	human_dentate_hippocampus	dentate	GABRA2	GABRA2	synaptic_wiring	synaptic_wiring	5.068689083899109	0.6666666666666666	0.6666666666666666	0.0	0.52	0.48023885252134946	0.03976114747865056	350	1917	2	False
selected	GSE268609	33	human_dentate_hippocampus	dentate	ADD2	ADD2	cytoskeleton_morphogenesis	cytoskeleton_morphogenesis	5.117839061510196	0.6666666666666666	0.6666666666666666	0.0	0.36	0.3884481394321183	-0.028448139432118325	350	1917	2	False
selected	GSE268609	33	human_dentate_hippocampus	dentate	MAP3K4	MAP3K4	cytoskeleton_morphogenesis	cytoskeleton_morphogenesis	5.094184326912494	0.6666666666666666	0.6666666666666666	0.0	0.3628571428571429	0.3736383582196919	-0.010781215362549001	350	1917	2	False
selected	GSE268609	33	human_dentate_hippocampus	dentate	CALM2	CALM2	synaptic_wiring	synaptic_wiring	5.244131944083708	0.6666666666666666	0.6666666666666666	0.0	0.7828571428571428	0.7979593357243421	-0.015102192867199271	350	1917	2	False
selected	GSE268609	34	human_dentate_hippocampus	dentate	STXBP5L	STXBP5L	synaptic_wiring	synaptic_wiring	5.06800546524533	1.0	0.5	0.5	0.3283582089552239	0.16941629455333024	0.15894191440189365	335	1200	2	True
selected	GSE268609	34	human_dentate_hippocampus	dentate	RFX3	RFX3	regulatory_morphogenesis_candidate	regulatory_morphogenesis_candidate	5.11374282878083	1.0	0.5	0.5	0.6835820895522388	0.528084529889391	0.15549755966284773	335	1200	2	True
selected	GSE268609	34	human_dentate_hippocampus	dentate	PPP3CA	PPP3CA	synaptic_wiring	synaptic_wiring	5.455182618321777	1.0	0.5	0.5	0.6	0.37559382158168214	0.22440617841831784	335	1200	2	True
selected	GSE268609	34	human_dentate_hippocampus	dentate	GPM6A	GPM6A	cytoskeleton_morphogenesis	cytoskeleton_morphogenesis	5.4774639744097335	1.0	0.5	0.5	0.564179104477612	0.2772756847331034	0.2869034197445086	335	1200	2	True
selected	GSE268609	34	human_dentate_hippocampus	dentate	GRIN2B	GRIN2B	synaptic_wiring	synaptic_wiring	5.09711546208696	0.6666666666666666	0.6666666666666666	0.0	0.1582089552238806	0.13247234774548336	0.025736607478397233	335	1200	2	False
selected	GSE268609	34	human_dentate_hippocampus	dentate	GABRB3	GABRB3	synaptic_wiring	synaptic_wiring	5.132148779890988	0.6666666666666666	0.6666666666666666	0.0	0.1104477611940298	0.10978903179229385	0.0006587294017359469	335	1200	2	False
selected	GSE268609	34	human_dentate_hippocampus	dentate	SYNPR	SYNPR	synaptic_wiring	synaptic_wiring	5.163026400960264	0.6666666666666666	0.6666666666666666	0.0	0.0716417910447761	0.06526021194862605	0.006381579096150045	335	1200	2	False
selected	GSE268609	34	human_dentate_hippocampus	dentate	CACNA1E	CACNA1E	synaptic_wiring	synaptic_wiring	5.063035403837544	0.6666666666666666	0.6666666666666666	0.0	0.0955223880597015	0.08123211850584235	0.014290269553859147	335	1200	2	False
selected	GSE268609	34	human_dentate_hippocampus	dentate	CACNA2D1	CACNA2D1	synaptic_wiring	synaptic_wiring	5.237917524870884	0.3333333333333333	0.8333333333333333	-0.49999999999999994	0.7313432835820896	0.7718031676426286	-0.04045988406053902	335	1200	2	False
selected	GSE268609	34	human_dentate_hippocampus	dentate	KCND2	KCND2	synaptic_wiring	synaptic_wiring	5.07006775598519	0.6666666666666666	0.6666666666666666	0.0	0.1970149253731343	0.1464165708530531	0.05059835452008121	335	1200	2	False
selected	GSE268609	34	human_dentate_hippocampus	dentate	KCNJ6	KCNJ6	synaptic_wiring	synaptic_wiring	5.115876315326329	0.6666666666666666	0.6666666666666666	0.0	0.0626865671641791	0.05554070073174855	0.00714586643243055	335	1200	2	False
selected	GSE268609	34	human_dentate_hippocampus	dentate	NFIA	NFIA	regulatory_morphogenesis_candidate	regulatory_morphogenesis_candidate	5.458070983658397	1.0	0.5	0.5	0.9313432835820896	0.8534140841555479	0.07792919942654175	335	1200	2	True
selected	GSE268609	34	human_dentate_hippocampus	dentate	KCNJ3	KCNJ3	synaptic_wiring	synaptic_wiring	5.11201500439703	1.0	0.5	0.5	0.2298507462686567	0.07431125609419145	0.15553949017446525	335	1200	2	True
selected	GSE268609	34	human_dentate_hippocampus	dentate	CAMTA1	CAMTA1	regulatory_morphogenesis_candidate	regulatory_morphogenesis_candidate	5.390005460425881	1.0	0.5	0.5	0.8328358208955224	0.714658145939731	0.11817767495579146	335	1200	2	True
selected	GSE268609	34	human_dentate_hippocampus	dentate	NFIB	NFIB	regulatory_morphogenesis_candidate	regulatory_morphogenesis_candidate	5.456430873042622	1.0	0.5	0.5	0.6626865671641791	0.5333297681756197	0.12935679898855934	335	1200	2	True
selected	GSE268609	34	human_dentate_hippocampus	dentate	KCNK1	KCNK1	synaptic_wiring	synaptic_wiring	5.151531513892637	0.6666666666666666	0.6666666666666666	0.0	0.1582089552238806	0.16301683645730275	-0.0048078812334221566	335	1200	2	False
selected	GSE268609	34	human_dentate_hippocampus	dentate	STXBP1	STXBP1	synaptic_wiring	synaptic_wiring	5.2525389164357135	1.0	0.5	0.5	0.2029850746268656	0.1450172464504398	0.05796782817642579	335	1200	2	True
selected	GSE268609	34	human_dentate_hippocampus	dentate	KCND3	KCND3	synaptic_wiring	synaptic_wiring	5.086608727424575	1.0	0.5	0.5	0.2477611940298507	0.17664910826492686	0.07111208576492384	335	1200	2	True
selected	GSE268609	34	human_dentate_hippocampus	dentate	MAPK1	MAPK1	cytoskeleton_morphogenesis	cytoskeleton_morphogenesis	5.278453396465785	1.0	0.5	0.5	0.3880597014925373	0.28230255710937013	0.10575714438316719	335	1200	2	True
selected	GSE268609	34	human_dentate_hippocampus	dentate	STXBP5	STXBP5	synaptic_wiring	synaptic_wiring	5.035665896251466	1.0	0.5	0.5	0.5164179104477612	0.46678164300293234	0.04963626744482885	335	1200	2	True
selected	GSE268609	34	human_dentate_hippocampus	dentate	GABRA2	GABRA2	synaptic_wiring	synaptic_wiring	5.068689083899109	1.0	0.5	0.5	0.1552238805970149	0.03995204862875115	0.11527183196826374	335	1200	2	True
selected	GSE268609	34	human_dentate_hippocampus	dentate	ADD2	ADD2	cytoskeleton_morphogenesis	cytoskeleton_morphogenesis	5.117839061510196	0.6666666666666666	0.6666666666666666	0.0	0.0597014925373134	0.0664812784655561	-0.006779785928242701	335	1200	2	False
selected	GSE268609	34	human_dentate_hippocampus	dentate	MAP3K4	MAP3K4	cytoskeleton_morphogenesis	cytoskeleton_morphogenesis	5.094184326912494	1.0	0.5	0.5	0.3373134328358209	0.29198641674911086	0.045327016086710026	335	1200	2	True
selected	GSE268609	34	human_dentate_hippocampus	dentate	CALM2	CALM2	synaptic_wiring	synaptic_wiring	5.244131944083708	1.0	0.5	0.5	0.5402985074626866	0.5184407782739289	0.021857729188757724	335	1200	2	True
selected	GSE268609	35	human_dentate_hippocampus	dentate	STXBP5L	STXBP5L	synaptic_wiring	synaptic_wiring	5.06800546524533	1.0	0.5	0.5	0.9089068825910932	0.7062649284871507	0.20264195410394248	494	915	2	True
selected	GSE268609	35	human_dentate_hippocampus	dentate	RFX3	RFX3	regulatory_morphogenesis_candidate	regulatory_morphogenesis_candidate	5.11374282878083	1.0	0.5	0.5	0.95748987854251	0.7244884744884745	0.23300140405403547	494	915	2	True
selected	GSE268609	35	human_dentate_hippocampus	dentate	PPP3CA	PPP3CA	synaptic_wiring	synaptic_wiring	5.455182618321777	1.0	0.5	0.5	0.9615384615384616	0.8540893263115485	0.10744913522691302	494	915	2	True
selected	GSE268609	35	human_dentate_hippocampus	dentate	GPM6A	GPM6A	cytoskeleton_morphogenesis	cytoskeleton_morphogenesis	5.4774639744097335	1.0	0.5	0.5	0.9736842105263158	0.7789432789432789	0.19474093158303696	494	915	2	True
selected	GSE268609	35	human_dentate_hippocampus	dentate	GRIN2B	GRIN2B	synaptic_wiring	synaptic_wiring	5.09711546208696	1.0	0.5	0.5	0.8927125506072875	0.6375579153356931	0.25515463527159443	494	915	2	True
selected	GSE268609	35	human_dentate_hippocampus	dentate	GABRB3	GABRB3	synaptic_wiring	synaptic_wiring	5.132148779890988	1.0	0.5	0.5	0.8643724696356275	0.5842758064980287	0.28009666313759884	494	915	2	True
selected	GSE268609	35	human_dentate_hippocampus	dentate	SYNPR	SYNPR	synaptic_wiring	synaptic_wiring	5.163026400960264	1.0	0.5	0.5	0.8259109311740891	0.4526892860226194	0.3732216451514697	494	915	2	True
selected	GSE268609	35	human_dentate_hippocampus	dentate	CACNA1E	CACNA1E	synaptic_wiring	synaptic_wiring	5.063035403837544	1.0	0.5	0.5	0.8421052631578947	0.4843017065239288	0.3578035566339659	494	915	2	True
selected	GSE268609	35	human_dentate_hippocampus	dentate	CACNA2D1	CACNA2D1	synaptic_wiring	synaptic_wiring	5.237917524870884	1.0	0.5	0.5	0.9615384615384616	0.8479812368701257	0.11355722466833584	494	915	2	True
selected	GSE268609	35	human_dentate_hippocampus	dentate	KCND2	KCND2	synaptic_wiring	synaptic_wiring	5.07006775598519	1.0	0.5	0.5	0.868421052631579	0.5726136003913782	0.2958074522402008	494	915	2	True
selected	GSE268609	35	human_dentate_hippocampus	dentate	KCNJ6	KCNJ6	synaptic_wiring	synaptic_wiring	5.115876315326329	1.0	0.5	0.5	0.8117408906882592	0.48183400961178735	0.3299068810764718	494	915	2	True
selected	GSE268609	35	human_dentate_hippocampus	dentate	NFIA	NFIA	regulatory_morphogenesis_candidate	regulatory_morphogenesis_candidate	5.458070983658397	1.0	0.5	0.5	0.9655870445344128	0.8023036634147744	0.16328338111963836	494	915	2	True
selected	GSE268609	35	human_dentate_hippocampus	dentate	KCNJ3	KCNJ3	synaptic_wiring	synaptic_wiring	5.11201500439703	1.0	0.5	0.5	0.8441295546558705	0.4949998561109672	0.3491296985449033	494	915	2	True
selected	GSE268609	35	human_dentate_hippocampus	dentate	CAMTA1	CAMTA1	regulatory_morphogenesis_candidate	regulatory_morphogenesis_candidate	5.390005460425881	1.0	0.5	0.5	0.9392712550607288	0.7690581023914358	0.17021315266929304	494	915	2	True
selected	GSE268609	35	human_dentate_hippocampus	dentate	NFIB	NFIB	regulatory_morphogenesis_candidate	regulatory_morphogenesis_candidate	5.456430873042622	1.0	0.5	0.5	0.937246963562753	0.7298987021209243	0.20734826144182872	494	915	2	True
selected	GSE268609	35	human_dentate_hippocampus	dentate	KCNK1	KCNK1	synaptic_wiring	synaptic_wiring	5.151531513892637	1.0	0.5	0.5	0.7186234817813765	0.3643558088002532	0.35426767298112327	494	915	2	True
selected	GSE268609	35	human_dentate_hippocampus	dentate	STXBP1	STXBP1	synaptic_wiring	synaptic_wiring	5.2525389164357135	1.0	0.5	0.5	0.8340080971659919	0.5224898558231892	0.3115182413428027	494	915	2	True
selected	GSE268609	35	human_dentate_hippocampus	dentate	KCND3	KCND3	synaptic_wiring	synaptic_wiring	5.086608727424575	1.0	0.5	0.5	0.791497975708502	0.3972056749834527	0.3942923007250493	494	915	2	True
selected	GSE268609	35	human_dentate_hippocampus	dentate	MAPK1	MAPK1	cytoskeleton_morphogenesis	cytoskeleton_morphogenesis	5.278453396465785	1.0	0.5	0.5	0.8663967611336032	0.635349218682552	0.2310475424510512	494	915	2	True
selected	GSE268609	35	human_dentate_hippocampus	dentate	STXBP5	STXBP5	synaptic_wiring	synaptic_wiring	5.035665896251466	1.0	0.5	0.5	0.9008097165991904	0.6714797548130882	0.2293299617861022	494	915	2	True
selected	GSE268609	35	human_dentate_hippocampus	dentate	GABRA2	GABRA2	synaptic_wiring	synaptic_wiring	5.068689083899109	1.0	0.5	0.5	0.7773279352226721	0.413112607557052	0.3642153276656201	494	915	2	True
selected	GSE268609	35	human_dentate_hippocampus	dentate	ADD2	ADD2	cytoskeleton_morphogenesis	cytoskeleton_morphogenesis	5.117839061510196	1.0	0.5	0.5	0.6740890688259109	0.3597657486546375	0.3143233201712734	494	915	2	True
selected	GSE268609	35	human_dentate_hippocampus	dentate	MAP3K4	MAP3K4	cytoskeleton_morphogenesis	cytoskeleton_morphogenesis	5.094184326912494	1.0	0.5	0.5	0.7449392712550608	0.40707646263201813	0.33786280862304263	494	915	2	True
selected	GSE268609	35	human_dentate_hippocampus	dentate	CALM2	CALM2	synaptic_wiring	synaptic_wiring	5.244131944083708	1.0	0.5	0.5	0.8927125506072875	0.8032101643212755	0.08950238628601204	494	915	2	True
selected	GSE268609	36	human_dentate_hippocampus	dentate	STXBP5L	STXBP5L	synaptic_wiring	synaptic_wiring	5.06800546524533	1.0	0.5	0.5	0.936080740117746	0.8130837971611811	0.12299694295656494	1189	927	2	True
selected	GSE268609	36	human_dentate_hippocampus	dentate	RFX3	RFX3	regulatory_morphogenesis_candidate	regulatory_morphogenesis_candidate	5.11374282878083	1.0	0.5	0.5	0.9562657695542472	0.8313801205631416	0.12488564899110566	1189	927	2	True
selected	GSE268609	36	human_dentate_hippocampus	dentate	PPP3CA	PPP3CA	synaptic_wiring	synaptic_wiring	5.455182618321777	1.0	0.5	0.5	0.9730866274179985	0.8933613234982569	0.07972530391974153	1189	927	2	True
selected	GSE268609	36	human_dentate_hippocampus	dentate	GPM6A	GPM6A	cytoskeleton_morphogenesis	cytoskeleton_morphogenesis	5.4774639744097335	1.0	0.5	0.5	0.9688814129520604	0.8142176877299078	0.15466372522215266	1189	927	2	True
selected	GSE268609	36	human_dentate_hippocampus	dentate	GRIN2B	GRIN2B	synaptic_wiring	synaptic_wiring	5.09711546208696	1.0	0.5	0.5	0.9158957106812448	0.7566757506307418	0.15921996005050298	1189	927	2	True
selected	GSE268609	36	human_dentate_hippocampus	dentate	GABRB3	GABRB3	synaptic_wiring	synaptic_wiring	5.132148779890988	1.0	0.5	0.5	0.9167367535744324	0.7304999711110683	0.18623678246336406	1189	927	2	True
selected	GSE268609	36	human_dentate_hippocampus	dentate	SYNPR	SYNPR	synaptic_wiring	synaptic_wiring	5.163026400960264	1.0	0.5	0.5	0.8940285954583683	0.5570098992739249	0.33701869618444347	1189	927	2	True
selected	GSE268609	36	human_dentate_hippocampus	dentate	CACNA1E	CACNA1E	synaptic_wiring	synaptic_wiring	5.063035403837544	1.0	0.5	0.5	0.9066442388561816	0.7208703272152995	0.18577391164088208	1189	927	2	True
selected	GSE268609	36	human_dentate_hippocampus	dentate	CACNA2D1	CACNA2D1	synaptic_wiring	synaptic_wiring	5.237917524870884	1.0	0.5	0.5	0.9520605550883096	0.9024107813493057	0.04964977373900381	1189	927	2	True
selected	GSE268609	36	human_dentate_hippocampus	dentate	KCND2	KCND2	synaptic_wiring	synaptic_wiring	5.07006775598519	1.0	0.5	0.5	0.9226240538267452	0.7524338924946556	0.17019016133208953	1189	927	2	True
selected	GSE268609	36	human_dentate_hippocampus	dentate	KCNJ6	KCNJ6	synaptic_wiring	synaptic_wiring	5.115876315326329	1.0	0.5	0.5	0.87973086627418	0.5942332877530189	0.2854975785211611	1189	927	2	True
selected	GSE268609	36	human_dentate_hippocampus	dentate	NFIA	NFIA	regulatory_morphogenesis_candidate	regulatory_morphogenesis_candidate	5.458070983658397	1.0	0.5	0.5	0.9646761984861228	0.8658157271344106	0.09886047135171228	1189	927	2	True
selected	GSE268609	36	human_dentate_hippocampus	dentate	KCNJ3	KCNJ3	synaptic_wiring	synaptic_wiring	5.11201500439703	1.0	0.5	0.5	0.9091673675357445	0.609756273712998	0.29941109382274644	1189	927	2	True
selected	GSE268609	36	human_dentate_hippocampus	dentate	CAMTA1	CAMTA1	regulatory_morphogenesis_candidate	regulatory_morphogenesis_candidate	5.390005460425881	1.0	0.5	0.5	0.9646761984861228	0.8920420622845366	0.07263413620158621	1189	927	2	True
selected	GSE268609	36	human_dentate_hippocampus	dentate	NFIB	NFIB	regulatory_morphogenesis_candidate	regulatory_morphogenesis_candidate	5.456430873042622	1.0	0.5	0.5	0.96215306980656	0.8513784835236793	0.11077458628288073	1189	927	2	True
selected	GSE268609	36	human_dentate_hippocampus	dentate	KCNK1	KCNK1	synaptic_wiring	synaptic_wiring	5.151531513892637	1.0	0.5	0.5	0.8536585365853658	0.5117216840321245	0.34193685255324135	1189	927	2	True
selected	GSE268609	36	human_dentate_hippocampus	dentate	STXBP1	STXBP1	synaptic_wiring	synaptic_wiring	5.2525389164357135	1.0	0.5	0.5	0.8999158957106812	0.6721684032124492	0.227747492498232	1189	927	2	True
selected	GSE268609	36	human_dentate_hippocampus	dentate	KCND3	KCND3	synaptic_wiring	synaptic_wiring	5.086608727424575	1.0	0.5	0.5	0.8957106812447435	0.641948173256553	0.25376250798819056	1189	927	2	True
selected	GSE268609	36	human_dentate_hippocampus	dentate	MAPK1	MAPK1	cytoskeleton_morphogenesis	cytoskeleton_morphogenesis	5.278453396465785	1.0	0.5	0.5	0.9083263246425568	0.7081206786973018	0.20020564594525503	1189	927	2	True
selected	GSE268609	36	human_dentate_hippocampus	dentate	STXBP5	STXBP5	synaptic_wiring	synaptic_wiring	5.035665896251466	1.0	0.5	0.5	0.9293523969722456	0.7982132195751401	0.13113917739710546	1189	927	2	True
selected	GSE268609	36	human_dentate_hippocampus	dentate	GABRA2	GABRA2	synaptic_wiring	synaptic_wiring	5.068689083899109	1.0	0.5	0.5	0.8216989066442388	0.4882590566800839	0.33343984996415493	1189	927	2	True
selected	GSE268609	36	human_dentate_hippocampus	dentate	ADD2	ADD2	cytoskeleton_morphogenesis	cytoskeleton_morphogenesis	5.117839061510196	1.0	0.5	0.5	0.8216989066442388	0.564456021416328	0.25724288522791083	1189	927	2	True
selected	GSE268609	36	human_dentate_hippocampus	dentate	MAP3K4	MAP3K4	cytoskeleton_morphogenesis	cytoskeleton_morphogenesis	5.094184326912494	1.0	0.5	0.5	0.847771236333053	0.6361150164666911	0.21165621986636185	1189	927	2	True
selected	GSE268609	36	human_dentate_hippocampus	dentate	CALM2	CALM2	synaptic_wiring	synaptic_wiring	5.244131944083708	1.0	0.5	0.5	0.8999158957106812	0.7239518132619456	0.17596408244873563	1189	927	2	True
selected	GSE268609	37	human_dentate_hippocampus	dentate	STXBP5L	STXBP5L	synaptic_wiring	synaptic_wiring	5.06800546524533	0.6666666666666666	0.6666666666666666	0.0	0.6687898089171974	0.5852742846728631	0.08351552424433428	314	996	2	False
selected	GSE268609	37	human_dentate_hippocampus	dentate	RFX3	RFX3	regulatory_morphogenesis_candidate	regulatory_morphogenesis_candidate	5.11374282878083	1.0	0.5	0.5	0.8248407643312102	0.6857602818783792	0.139080482452831	314	996	2	True
selected	GSE268609	37	human_dentate_hippocampus	dentate	PPP3CA	PPP3CA	synaptic_wiring	synaptic_wiring	5.455182618321777	1.0	0.5	0.5	0.8598726114649682	0.7001275742664479	0.1597450371985203	314	996	2	True
selected	GSE268609	37	human_dentate_hippocampus	dentate	GPM6A	GPM6A	cytoskeleton_morphogenesis	cytoskeleton_morphogenesis	5.4774639744097335	1.0	0.5	0.5	0.8280254777070064	0.6104307150233886	0.21759476268361777	314	996	2	True
selected	GSE268609	37	human_dentate_hippocampus	dentate	GRIN2B	GRIN2B	synaptic_wiring	synaptic_wiring	5.09711546208696	0.6666666666666666	0.6666666666666666	0.0	0.5031847133757962	0.47339165299799524	0.02979306037780094	314	996	2	False
selected	GSE268609	37	human_dentate_hippocampus	dentate	GABRB3	GABRB3	synaptic_wiring	synaptic_wiring	5.132148779890988	0.6666666666666666	0.6666666666666666	0.0	0.5127388535031847	0.4118097320940405	0.10092912140914423	314	996	2	False
selected	GSE268609	37	human_dentate_hippocampus	dentate	SYNPR	SYNPR	synaptic_wiring	synaptic_wiring	5.163026400960264	1.0	0.5	0.5	0.4012738853503185	0.22854018589393105	0.17273369945638745	314	996	2	True
selected	GSE268609	37	human_dentate_hippocampus	dentate	CACNA1E	CACNA1E	synaptic_wiring	synaptic_wiring	5.063035403837544	1.0	0.5	0.5	0.5414012738853503	0.48980620861430046	0.051595065271049845	314	996	2	True
selected	GSE268609	37	human_dentate_hippocampus	dentate	CACNA2D1	CACNA2D1	synaptic_wiring	synaptic_wiring	5.237917524870884	0.6666666666666666	0.6666666666666666	0.0	0.7738853503184714	0.8202174837494685	-0.04633213343099707	314	996	2	False
selected	GSE268609	37	human_dentate_hippocampus	dentate	KCND2	KCND2	synaptic_wiring	synaptic_wiring	5.07006775598519	1.0	0.5	0.5	0.6050955414012739	0.4387218273494928	0.16637371405178109	314	996	2	True
selected	GSE268609	37	human_dentate_hippocampus	dentate	KCNJ6	KCNJ6	synaptic_wiring	synaptic_wiring	5.115876315326329	1.0	0.5	0.5	0.4267515923566879	0.3011481683980317	0.1256034239586562	314	996	2	True
selected	GSE268609	37	human_dentate_hippocampus	dentate	NFIA	NFIA	regulatory_morphogenesis_candidate	regulatory_morphogenesis_candidate	5.458070983658397	1.0	0.5	0.5	0.8980891719745223	0.8554583561144523	0.042630815860070004	314	996	2	True
selected	GSE268609	37	human_dentate_hippocampus	dentate	KCNJ3	KCNJ3	synaptic_wiring	synaptic_wiring	5.11201500439703	1.0	0.5	0.5	0.464968152866242	0.3108255877528704	0.1541425651133716	314	996	2	True
selected	GSE268609	37	human_dentate_hippocampus	dentate	CAMTA1	CAMTA1	regulatory_morphogenesis_candidate	regulatory_morphogenesis_candidate	5.390005460425881	1.0	0.5	0.5	0.8280254777070064	0.7492132920235709	0.07881218568343551	314	996	2	True
selected	GSE268609	37	human_dentate_hippocampus	dentate	NFIB	NFIB	regulatory_morphogenesis_candidate	regulatory_morphogenesis_candidate	5.456430873042622	1.0	0.5	0.5	0.8280254777070064	0.7243302351011482	0.10369524260585816	314	996	2	True
selected	GSE268609	37	human_dentate_hippocampus	dentate	KCNK1	KCNK1	synaptic_wiring	synaptic_wiring	5.151531513892637	1.0	0.5	0.5	0.2834394904458598	0.16927282668124655	0.11416666376461326	314	996	2	True
selected	GSE268609	37	human_dentate_hippocampus	dentate	STXBP1	STXBP1	synaptic_wiring	synaptic_wiring	5.2525389164357135	1.0	0.5	0.5	0.4936305732484076	0.3624688658040216	0.131161707444386	314	996	2	True
selected	GSE268609	37	human_dentate_hippocampus	dentate	KCND3	KCND3	synaptic_wiring	synaptic_wiring	5.086608727424575	1.0	0.5	0.5	0.3630573248407643	0.2485875706214689	0.1144697542192954	314	996	2	True
selected	GSE268609	37	human_dentate_hippocampus	dentate	MAPK1	MAPK1	cytoskeleton_morphogenesis	cytoskeleton_morphogenesis	5.278453396465785	1.0	0.5	0.5	0.5573248407643312	0.46938217605248767	0.08794266471184353	314	996	2	True
selected	GSE268609	37	human_dentate_hippocampus	dentate	STXBP5	STXBP5	synaptic_wiring	synaptic_wiring	5.035665896251466	1.0	0.5	0.5	0.7420382165605095	0.6475548265597473	0.09448339000076222	314	996	2	True
selected	GSE268609	37	human_dentate_hippocampus	dentate	GABRA2	GABRA2	synaptic_wiring	synaptic_wiring	5.068689083899109	1.0	0.5	0.5	0.5127388535031847	0.24589028613085467	0.26684856737233004	314	996	2	True
selected	GSE268609	37	human_dentate_hippocampus	dentate	ADD2	ADD2	cytoskeleton_morphogenesis	cytoskeleton_morphogenesis	5.117839061510196	0.6666666666666666	0.6666666666666666	0.0	0.2420382165605095	0.18955713504647345	0.05248108151403605	314	996	2	False
selected	GSE268609	37	human_dentate_hippocampus	dentate	MAP3K4	MAP3K4	cytoskeleton_morphogenesis	cytoskeleton_morphogenesis	5.094184326912494	1.0	0.5	0.5	0.4203821656050955	0.34972358908936274	0.07065857651573276	314	996	2	True
selected	GSE268609	37	human_dentate_hippocampus	dentate	CALM2	CALM2	synaptic_wiring	synaptic_wiring	5.244131944083708	0.6666666666666666	0.6666666666666666	0.0	0.6401273885350318	0.6628880383937792	-0.022760649858747373	314	996	2	False
selected	GSE268609	38	human_dentate_hippocampus	dentate	STXBP5L	STXBP5L	synaptic_wiring	synaptic_wiring	5.06800546524533	0.6666666666666666	0.6666666666666666	0.0	0.6314655172413793	0.5956222776210174	0.035843239620361955	464	1498	2	False
selected	GSE268609	38	human_dentate_hippocampus	dentate	RFX3	RFX3	regulatory_morphogenesis_candidate	regulatory_morphogenesis_candidate	5.11374282878083	1.0	0.5	0.5	0.834051724137931	0.702885607575633	0.13116611656229804	464	1498	2	True
selected	GSE268609	38	human_dentate_hippocampus	dentate	PPP3CA	PPP3CA	synaptic_wiring	synaptic_wiring	5.455182618321777	0.6666666666666666	0.6666666666666666	0.0	0.8469827586206896	0.7945155192723885	0.05246723934830111	464	1498	2	False
selected	GSE268609	38	human_dentate_hippocampus	dentate	GPM6A	GPM6A	cytoskeleton_morphogenesis	cytoskeleton_morphogenesis	5.4774639744097335	1.0	0.5	0.5	0.8943965517241379	0.788716909112493	0.10567964261164486	464	1498	2	True
selected	GSE268609	38	human_dentate_hippocampus	dentate	GRIN2B	GRIN2B	synaptic_wiring	synaptic_wiring	5.09711546208696	0.6666666666666666	0.6666666666666666	0.0	0.5969827586206896	0.5348555826461752	0.06212717597451445	464	1498	2	False
selected	GSE268609	38	human_dentate_hippocampus	dentate	GABRB3	GABRB3	synaptic_wiring	synaptic_wiring	5.132148779890988	0.6666666666666666	0.6666666666666666	0.0	0.4719827586206896	0.4105836050005023	0.06139915362018733	464	1498	2	False
selected	GSE268609	38	human_dentate_hippocampus	dentate	SYNPR	SYNPR	synaptic_wiring	synaptic_wiring	5.163026400960264	1.0	0.5	0.5	0.3900862068965517	0.21134792574126324	0.17873828115528848	464	1498	2	True
selected	GSE268609	38	human_dentate_hippocampus	dentate	CACNA1E	CACNA1E	synaptic_wiring	synaptic_wiring	5.063035403837544	0.6666666666666666	0.6666666666666666	0.0	0.5107758620689655	0.41817658822562526	0.09259927384334027	464	1498	2	False
selected	GSE268609	38	human_dentate_hippocampus	dentate	CACNA2D1	CACNA2D1	synaptic_wiring	synaptic_wiring	5.237917524870884	0.6666666666666666	0.6666666666666666	0.0	0.8081896551724138	0.8900820937091929	-0.08189243853677908	464	1498	2	False
selected	GSE268609	38	human_dentate_hippocampus	dentate	KCND2	KCND2	synaptic_wiring	synaptic_wiring	5.07006775598519	0.6666666666666666	0.6666666666666666	0.0	0.6400862068965517	0.5564729839556566	0.08361322294089513	464	1498	2	False
selected	GSE268609	38	human_dentate_hippocampus	dentate	KCNJ6	KCNJ6	synaptic_wiring	synaptic_wiring	5.115876315326329	0.6666666666666666	0.6666666666666666	0.0	0.3685344827586206	0.2436210722406377	0.12491341051798291	464	1498	2	False
selected	GSE268609	38	human_dentate_hippocampus	dentate	NFIA	NFIA	regulatory_morphogenesis_candidate	regulatory_morphogenesis_candidate	5.458070983658397	1.0	0.5	0.5	0.9051724137931034	0.8675049539307271	0.037667459862376296	464	1498	2	True
selected	GSE268609	38	human_dentate_hippocampus	dentate	KCNJ3	KCNJ3	synaptic_wiring	synaptic_wiring	5.11201500439703	0.6666666666666666	0.6666666666666666	0.0	0.4418103448275862	0.31916280853628465	0.12264753629130154	464	1498	2	False
selected	GSE268609	38	human_dentate_hippocampus	dentate	CAMTA1	CAMTA1	regulatory_morphogenesis_candidate	regulatory_morphogenesis_candidate	5.390005460425881	1.0	0.5	0.5	0.8405172413793104	0.7707247806116392	0.0697924607676712	464	1498	2	True
selected	GSE268609	38	human_dentate_hippocampus	dentate	NFIB	NFIB	regulatory_morphogenesis_candidate	regulatory_morphogenesis_candidate	5.456430873042622	1.0	0.5	0.5	0.8728448275862069	0.8064058661845145	0.06643896140169236	464	1498	2	True
selected	GSE268609	38	human_dentate_hippocampus	dentate	KCNK1	KCNK1	synaptic_wiring	synaptic_wiring	5.151531513892637	1.0	0.5	0.5	0.2112068965517241	0.1614150435124053	0.049791853039318795	464	1498	2	True
selected	GSE268609	38	human_dentate_hippocampus	dentate	STXBP1	STXBP1	synaptic_wiring	synaptic_wiring	5.2525389164357135	1.0	0.5	0.5	0.459051724137931	0.32095718160151215	0.13809454253641884	464	1498	2	True
selected	GSE268609	38	human_dentate_hippocampus	dentate	KCND3	KCND3	synaptic_wiring	synaptic_wiring	5.086608727424575	0.6666666666666666	0.6666666666666666	0.0	0.396551724137931	0.2767599010127021	0.1197918231252289	464	1498	2	False
selected	GSE268609	38	human_dentate_hippocampus	dentate	MAPK1	MAPK1	cytoskeleton_morphogenesis	cytoskeleton_morphogenesis	5.278453396465785	0.6666666666666666	0.6666666666666666	0.0	0.5431034482758621	0.515592325744916	0.02751112253094612	464	1498	2	False
selected	GSE268609	38	human_dentate_hippocampus	dentate	STXBP5	STXBP5	synaptic_wiring	synaptic_wiring	5.035665896251466	1.0	0.5	0.5	0.7198275862068966	0.6225442657681104	0.09728332043878618	464	1498	2	True
selected	GSE268609	38	human_dentate_hippocampus	dentate	GABRA2	GABRA2	synaptic_wiring	synaptic_wiring	5.068689083899109	1.0	0.5	0.5	0.5258620689655172	0.2502488379950506	0.27561323097046664	464	1498	2	True
selected	GSE268609	38	human_dentate_hippocampus	dentate	ADD2	ADD2	cytoskeleton_morphogenesis	cytoskeleton_morphogenesis	5.117839061510196	0.6666666666666666	0.6666666666666666	0.0	0.2262931034482758	0.19840378416385865	0.027889319284417152	464	1498	2	False
selected	GSE268609	38	human_dentate_hippocampus	dentate	MAP3K4	MAP3K4	cytoskeleton_morphogenesis	cytoskeleton_morphogenesis	5.094184326912494	0.6666666666666666	0.6666666666666666	0.0	0.3448275862068966	0.35090266553433963	-0.006075079327443056	464	1498	2	False
selected	GSE268609	38	human_dentate_hippocampus	dentate	CALM2	CALM2	synaptic_wiring	synaptic_wiring	5.244131944083708	1.0	0.5	0.5	0.6982758620689655	0.6573021395501739	0.04097372251879161	464	1498	2	True
selected	GSE268609	39	human_dentate_hippocampus	dentate	STXBP5L	STXBP5L	synaptic_wiring	synaptic_wiring	5.06800546524533	1.0	0.5	0.5	0.6084033613445378	0.4000359946907831	0.20836736665375466	595	746	2	True
selected	GSE268609	39	human_dentate_hippocampus	dentate	RFX3	RFX3	regulatory_morphogenesis_candidate	regulatory_morphogenesis_candidate	5.11374282878083	1.0	0.5	0.5	0.7747899159663866	0.6502140934212204	0.12457582254516619	595	746	2	True
selected	GSE268609	39	human_dentate_hippocampus	dentate	PPP3CA	PPP3CA	synaptic_wiring	synaptic_wiring	5.455182618321777	1.0	0.5	0.5	0.7714285714285715	0.6619723590770361	0.10945621235153535	595	746	2	True
selected	GSE268609	39	human_dentate_hippocampus	dentate	GPM6A	GPM6A	cytoskeleton_morphogenesis	cytoskeleton_morphogenesis	5.4774639744097335	1.0	0.5	0.5	0.6991596638655462	0.5295268947830195	0.16963276908252667	595	746	2	True
selected	GSE268609	39	human_dentate_hippocampus	dentate	GRIN2B	GRIN2B	synaptic_wiring	synaptic_wiring	5.09711546208696	1.0	0.5	0.5	0.519327731092437	0.32358477124624113	0.19574295984619589	595	746	2	True
selected	GSE268609	39	human_dentate_hippocampus	dentate	GABRB3	GABRB3	synaptic_wiring	synaptic_wiring	5.132148779890988	1.0	0.5	0.5	0.4756302521008403	0.2748419608107804	0.20078829129005993	595	746	2	True
selected	GSE268609	39	human_dentate_hippocampus	dentate	SYNPR	SYNPR	synaptic_wiring	synaptic_wiring	5.163026400960264	1.0	0.5	0.5	0.3260504201680672	0.12558772581044292	0.20046269435762426	595	746	2	True
selected	GSE268609	39	human_dentate_hippocampus	dentate	CACNA1E	CACNA1E	synaptic_wiring	synaptic_wiring	5.063035403837544	1.0	0.5	0.5	0.426890756302521	0.22558172669531246	0.20130902960720853	595	746	2	True
selected	GSE268609	39	human_dentate_hippocampus	dentate	CACNA2D1	CACNA2D1	synaptic_wiring	synaptic_wiring	5.237917524870884	1.0	0.5	0.5	0.8352941176470589	0.8099817776877911	0.025312339959267738	595	746	2	True
selected	GSE268609	39	human_dentate_hippocampus	dentate	KCND2	KCND2	synaptic_wiring	synaptic_wiring	5.07006775598519	1.0	0.5	0.5	0.5378151260504201	0.3719863820086537	0.16582874404176645	595	746	2	True
selected	GSE268609	39	human_dentate_hippocampus	dentate	KCNJ6	KCNJ6	synaptic_wiring	synaptic_wiring	5.115876315326329	1.0	0.5	0.5	0.3361344537815126	0.1473420170524847	0.18879243672902787	595	746	2	True
selected	GSE268609	39	human_dentate_hippocampus	dentate	NFIA	NFIA	regulatory_morphogenesis_candidate	regulatory_morphogenesis_candidate	5.458070983658397	1.0	0.5	0.5	0.9008403361344538	0.8388825148290627	0.06195782130539107	595	746	2	True
selected	GSE268609	39	human_dentate_hippocampus	dentate	KCNJ3	KCNJ3	synaptic_wiring	synaptic_wiring	5.11201500439703	1.0	0.5	0.5	0.3714285714285714	0.13788966127496194	0.23353891015360945	595	746	2	True
selected	GSE268609	39	human_dentate_hippocampus	dentate	CAMTA1	CAMTA1	regulatory_morphogenesis_candidate	regulatory_morphogenesis_candidate	5.390005460425881	1.0	0.5	0.5	0.7714285714285715	0.6502928318073085	0.121135739621263	595	746	2	True
selected	GSE268609	39	human_dentate_hippocampus	dentate	NFIB	NFIB	regulatory_morphogenesis_candidate	regulatory_morphogenesis_candidate	5.456430873042622	1.0	0.5	0.5	0.7899159663865546	0.6669703718701492	0.12294559451640541	595	746	2	True
selected	GSE268609	39	human_dentate_hippocampus	dentate	KCNK1	KCNK1	synaptic_wiring	synaptic_wiring	5.151531513892637	1.0	0.5	0.5	0.3277310924369748	0.20366995868109455	0.12406113375588024	595	746	2	True
selected	GSE268609	39	human_dentate_hippocampus	dentate	STXBP1	STXBP1	synaptic_wiring	synaptic_wiring	5.2525389164357135	1.0	0.5	0.5	0.4117647058823529	0.22392447114050668	0.18784023474184625	595	746	2	True
selected	GSE268609	39	human_dentate_hippocampus	dentate	KCND3	KCND3	synaptic_wiring	synaptic_wiring	5.086608727424575	1.0	0.5	0.5	0.507563025210084	0.3255494814514859	0.18201354375859813	595	746	2	True
selected	GSE268609	39	human_dentate_hippocampus	dentate	MAPK1	MAPK1	cytoskeleton_morphogenesis	cytoskeleton_morphogenesis	5.278453396465785	1.0	0.5	0.5	0.5176470588235295	0.3483911123109341	0.16925594651259535	595	746	2	True
selected	GSE268609	39	human_dentate_hippocampus	dentate	STXBP5	STXBP5	synaptic_wiring	synaptic_wiring	5.035665896251466	1.0	0.5	0.5	0.6638655462184874	0.5305879882717299	0.13327755794675744	595	746	2	True
selected	GSE268609	39	human_dentate_hippocampus	dentate	GABRA2	GABRA2	synaptic_wiring	synaptic_wiring	5.068689083899109	1.0	0.5	0.5	0.3193277310924369	0.110953634338935	0.20837409675350188	595	746	2	True
selected	GSE268609	39	human_dentate_hippocampus	dentate	ADD2	ADD2	cytoskeleton_morphogenesis	cytoskeleton_morphogenesis	5.117839061510196	1.0	0.5	0.5	0.2588235294117647	0.1304282618313798	0.1283952675803849	595	746	2	True
selected	GSE268609	39	human_dentate_hippocampus	dentate	MAP3K4	MAP3K4	cytoskeleton_morphogenesis	cytoskeleton_morphogenesis	5.094184326912494	1.0	0.5	0.5	0.4134453781512605	0.31145905978868116	0.10198631836257932	595	746	2	True
selected	GSE268609	39	human_dentate_hippocampus	dentate	CALM2	CALM2	synaptic_wiring	synaptic_wiring	5.244131944083708	1.0	0.5	0.5	0.6470588235294118	0.5657315545956971	0.08132726893371467	595	746	2	True
selected	GSE268609	4	human_dentate_hippocampus	dentate	STXBP5L	STXBP5L	synaptic_wiring	synaptic_wiring	5.06800546524533	0.6666666666666666	0.6666666666666666	0.0	0.6991596638655462	0.5456693427546293	0.15349032111091687	595	1526	2	False
selected	GSE268609	4	human_dentate_hippocampus	dentate	RFX3	RFX3	regulatory_morphogenesis_candidate	regulatory_morphogenesis_candidate	5.11374282878083	1.0	0.5	0.5	0.8857142857142857	0.7315239954359869	0.15419029027829878	595	1526	2	True
selected	GSE268609	4	human_dentate_hippocampus	dentate	PPP3CA	PPP3CA	synaptic_wiring	synaptic_wiring	5.455182618321777	0.6666666666666666	0.6666666666666666	0.0	0.8521008403361344	0.7142182065628307	0.13788263377330368	595	1526	2	False
selected	GSE268609	4	human_dentate_hippocampus	dentate	GPM6A	GPM6A	cytoskeleton_morphogenesis	cytoskeleton_morphogenesis	5.4774639744097335	1.0	0.5	0.5	0.8302521008403362	0.5235108532779786	0.30674124756235754	595	1526	2	True
selected	GSE268609	4	human_dentate_hippocampus	dentate	GRIN2B	GRIN2B	synaptic_wiring	synaptic_wiring	5.09711546208696	0.6666666666666666	0.6666666666666666	0.0	0.5764705882352941	0.47545983806001946	0.10101075017527461	595	1526	2	False
selected	GSE268609	4	human_dentate_hippocampus	dentate	GABRB3	GABRB3	synaptic_wiring	synaptic_wiring	5.132148779890988	0.6666666666666666	0.6666666666666666	0.0	0.5680672268907563	0.457617915125854	0.1104493117649023	595	1526	2	False
selected	GSE268609	4	human_dentate_hippocampus	dentate	SYNPR	SYNPR	synaptic_wiring	synaptic_wiring	5.163026400960264	0.6666666666666666	0.6666666666666666	0.0	0.4857142857142857	0.3281776253385205	0.1575366603757652	595	1526	2	False
selected	GSE268609	4	human_dentate_hippocampus	dentate	CACNA1E	CACNA1E	synaptic_wiring	synaptic_wiring	5.063035403837544	0.6666666666666666	0.6666666666666666	0.0	0.5243697478991597	0.397151615963048	0.1272181319361117	595	1526	2	False
selected	GSE268609	4	human_dentate_hippocampus	dentate	CACNA2D1	CACNA2D1	synaptic_wiring	synaptic_wiring	5.237917524870884	0.6666666666666666	0.6666666666666666	0.0	0.8235294117647058	0.8385239816889598	-0.014994569924253964	595	1526	2	False
selected	GSE268609	4	human_dentate_hippocampus	dentate	KCND2	KCND2	synaptic_wiring	synaptic_wiring	5.07006775598519	0.6666666666666666	0.6666666666666666	0.0	0.6705882352941176	0.4897808036512104	0.1808074316429072	595	1526	2	False
selected	GSE268609	4	human_dentate_hippocampus	dentate	KCNJ6	KCNJ6	synaptic_wiring	synaptic_wiring	5.115876315326329	0.6666666666666666	0.6666666666666666	0.0	0.5277310924369748	0.3929347153678017	0.13479637706917308	595	1526	2	False
selected	GSE268609	4	human_dentate_hippocampus	dentate	NFIA	NFIA	regulatory_morphogenesis_candidate	regulatory_morphogenesis_candidate	5.458070983658397	1.0	0.5	0.5	0.9243697478991596	0.8191441100861938	0.10522563781296579	595	1526	2	True
selected	GSE268609	4	human_dentate_hippocampus	dentate	KCNJ3	KCNJ3	synaptic_wiring	synaptic_wiring	5.11201500439703	0.6666666666666666	0.6666666666666666	0.0	0.6436974789915967	0.3990796365286007	0.244617842462996	595	1526	2	False
selected	GSE268609	4	human_dentate_hippocampus	dentate	CAMTA1	CAMTA1	regulatory_morphogenesis_candidate	regulatory_morphogenesis_candidate	5.390005460425881	1.0	0.5	0.5	0.8739495798319328	0.766565167782467	0.1073844120494658	595	1526	2	True
selected	GSE268609	4	human_dentate_hippocampus	dentate	NFIB	NFIB	regulatory_morphogenesis_candidate	regulatory_morphogenesis_candidate	5.456430873042622	1.0	0.5	0.5	0.8890756302521008	0.7480290199744305	0.1410466102776703	595	1526	2	True
selected	GSE268609	4	human_dentate_hippocampus	dentate	KCNK1	KCNK1	synaptic_wiring	synaptic_wiring	5.151531513892637	1.0	0.5	0.5	0.5327731092436975	0.4040749625393508	0.12869814670434665	595	1526	2	True
selected	GSE268609	4	human_dentate_hippocampus	dentate	STXBP1	STXBP1	synaptic_wiring	synaptic_wiring	5.2525389164357135	0.6666666666666666	0.6666666666666666	0.0	0.5596638655462185	0.39214254292509243	0.16752132262112607	595	1526	2	False
selected	GSE268609	4	human_dentate_hippocampus	dentate	KCND3	KCND3	synaptic_wiring	synaptic_wiring	5.086608727424575	0.6666666666666666	0.6666666666666666	0.0	0.5495798319327732	0.38059847682938563	0.16898135510338752	595	1526	2	False
selected	GSE268609	4	human_dentate_hippocampus	dentate	MAPK1	MAPK1	cytoskeleton_morphogenesis	cytoskeleton_morphogenesis	5.278453396465785	1.0	0.5	0.5	0.6487394957983194	0.4663404038876593	0.18239909191066006	595	1526	2	True
selected	GSE268609	4	human_dentate_hippocampus	dentate	STXBP5	STXBP5	synaptic_wiring	synaptic_wiring	5.035665896251466	0.6666666666666666	0.6666666666666666	0.0	0.7764705882352941	0.6464281786563655	0.13004240957892865	595	1526	2	False
selected	GSE268609	4	human_dentate_hippocampus	dentate	GABRA2	GABRA2	synaptic_wiring	synaptic_wiring	5.068689083899109	1.0	0.5	0.5	0.5294117647058824	0.28313892745693736	0.246272837248945	595	1526	2	True
selected	GSE268609	4	human_dentate_hippocampus	dentate	ADD2	ADD2	cytoskeleton_morphogenesis	cytoskeleton_morphogenesis	5.117839061510196	0.6666666666666666	0.6666666666666666	0.0	0.4168067226890756	0.3029346466326656	0.11387207605640998	595	1526	2	False
selected	GSE268609	4	human_dentate_hippocampus	dentate	MAP3K4	MAP3K4	cytoskeleton_morphogenesis	cytoskeleton_morphogenesis	5.094184326912494	1.0	0.5	0.5	0.561344537815126	0.4416627716756252	0.11968176613950088	595	1526	2	True
selected	GSE268609	4	human_dentate_hippocampus	dentate	CALM2	CALM2	synaptic_wiring	synaptic_wiring	5.244131944083708	1.0	0.5	0.5	0.719327731092437	0.6599552534264466	0.05937247766599041	595	1526	2	True
selected	GSE268609	5	human_dentate_hippocampus	dentate	STXBP5L	STXBP5L	synaptic_wiring	synaptic_wiring	5.06800546524533	0.6666666666666666	0.6666666666666666	0.0	0.6473509933774835	0.4873144457921793	0.16003654758530417	1208	2238	2	False
selected	GSE268609	5	human_dentate_hippocampus	dentate	RFX3	RFX3	regulatory_morphogenesis_candidate	regulatory_morphogenesis_candidate	5.11374282878083	1.0	0.5	0.5	0.8360927152317881	0.6905480467471456	0.14554466848464243	1208	2238	2	True
selected	GSE268609	5	human_dentate_hippocampus	dentate	PPP3CA	PPP3CA	synaptic_wiring	synaptic_wiring	5.455182618321777	0.6666666666666666	0.6666666666666666	0.0	0.8302980132450332	0.6872364697048461	0.14306154354018707	1208	2238	2	False
selected	GSE268609	5	human_dentate_hippocampus	dentate	GPM6A	GPM6A	cytoskeleton_morphogenesis	cytoskeleton_morphogenesis	5.4774639744097335	0.6666666666666666	0.6666666666666666	0.0	0.8153973509933775	0.5718222337742351	0.24357511721914238	1208	2238	2	False
selected	GSE268609	5	human_dentate_hippocampus	dentate	GRIN2B	GRIN2B	synaptic_wiring	synaptic_wiring	5.09711546208696	0.6666666666666666	0.6666666666666666	0.0	0.5910596026490066	0.4690574520110129	0.12200215063799369	1208	2238	2	False
selected	GSE268609	5	human_dentate_hippocampus	dentate	GABRB3	GABRB3	synaptic_wiring	synaptic_wiring	5.132148779890988	0.6666666666666666	0.6666666666666666	0.0	0.5960264900662252	0.4604439823639269	0.1355825077022983	1208	2238	2	False
selected	GSE268609	5	human_dentate_hippocampus	dentate	SYNPR	SYNPR	synaptic_wiring	synaptic_wiring	5.163026400960264	1.0	0.5	0.5	0.5033112582781457	0.29979639577196326	0.20351486250618245	1208	2238	2	True
selected	GSE268609	5	human_dentate_hippocampus	dentate	CACNA1E	CACNA1E	synaptic_wiring	synaptic_wiring	5.063035403837544	0.6666666666666666	0.6666666666666666	0.0	0.5596026490066225	0.4245388821502146	0.13506376685640786	1208	2238	2	False
selected	GSE268609	5	human_dentate_hippocampus	dentate	CACNA2D1	CACNA2D1	synaptic_wiring	synaptic_wiring	5.237917524870884	0.6666666666666666	0.6666666666666666	0.0	0.8294701986754967	0.8072811374882074	0.02218906118728925	1208	2238	2	False
selected	GSE268609	5	human_dentate_hippocampus	dentate	KCND2	KCND2	synaptic_wiring	synaptic_wiring	5.07006775598519	0.6666666666666666	0.6666666666666666	0.0	0.640728476821192	0.4464540133618282	0.19427446345936383	1208	2238	2	False
selected	GSE268609	5	human_dentate_hippocampus	dentate	KCNJ6	KCNJ6	synaptic_wiring	synaptic_wiring	5.115876315326329	0.6666666666666666	0.6666666666666666	0.0	0.5115894039735099	0.3766678218679605	0.13492158210554944	1208	2238	2	False
selected	GSE268609	5	human_dentate_hippocampus	dentate	NFIA	NFIA	regulatory_morphogenesis_candidate	regulatory_morphogenesis_candidate	5.458070983658397	1.0	0.5	0.5	0.8625827814569537	0.6888874448872716	0.17369533656968206	1208	2238	2	True
selected	GSE268609	5	human_dentate_hippocampus	dentate	KCNJ3	KCNJ3	synaptic_wiring	synaptic_wiring	5.11201500439703	0.6666666666666666	0.6666666666666666	0.0	0.6473509933774835	0.42453406881149036	0.2228169245659931	1208	2238	2	False
selected	GSE268609	5	human_dentate_hippocampus	dentate	CAMTA1	CAMTA1	regulatory_morphogenesis_candidate	regulatory_morphogenesis_candidate	5.390005460425881	0.6666666666666666	0.6666666666666666	0.0	0.8584437086092715	0.7690704480255685	0.0893732605837031	1208	2238	2	False
selected	GSE268609	5	human_dentate_hippocampus	dentate	NFIB	NFIB	regulatory_morphogenesis_candidate	regulatory_morphogenesis_candidate	5.456430873042622	1.0	0.5	0.5	0.8187086092715232	0.6411343114037621	0.17757429786776113	1208	2238	2	True
selected	GSE268609	5	human_dentate_hippocampus	dentate	KCNK1	KCNK1	synaptic_wiring	synaptic_wiring	5.151531513892637	1.0	0.5	0.5	0.5513245033112583	0.4080676370357535	0.14325686627550477	1208	2238	2	True
selected	GSE268609	5	human_dentate_hippocampus	dentate	STXBP1	STXBP1	synaptic_wiring	synaptic_wiring	5.2525389164357135	0.6666666666666666	0.6666666666666666	0.0	0.6605960264900662	0.4830714877067329	0.1775245387833333	1208	2238	2	False
selected	GSE268609	5	human_dentate_hippocampus	dentate	KCND3	KCND3	synaptic_wiring	synaptic_wiring	5.086608727424575	0.6666666666666666	0.6666666666666666	0.0	0.5653973509933775	0.440341073182002	0.12505627781137552	1208	2238	2	False
selected	GSE268609	5	human_dentate_hippocampus	dentate	MAPK1	MAPK1	cytoskeleton_morphogenesis	cytoskeleton_morphogenesis	5.278453396465785	0.6666666666666666	0.6666666666666666	0.0	0.6920529801324503	0.5153593638691542	0.17669361626329616	1208	2238	2	False
selected	GSE268609	5	human_dentate_hippocampus	dentate	STXBP5	STXBP5	synaptic_wiring	synaptic_wiring	5.035665896251466	0.6666666666666666	0.6666666666666666	0.0	0.7425496688741722	0.6391247424863782	0.10342492638779399	1208	2238	2	False
selected	GSE268609	5	human_dentate_hippocampus	dentate	GABRA2	GABRA2	synaptic_wiring	synaptic_wiring	5.068689083899109	0.6666666666666666	0.6666666666666666	0.0	0.5943708609271523	0.36285353972929785	0.23151732119785445	1208	2238	2	False
selected	GSE268609	5	human_dentate_hippocampus	dentate	ADD2	ADD2	cytoskeleton_morphogenesis	cytoskeleton_morphogenesis	5.117839061510196	0.6666666666666666	0.6666666666666666	0.0	0.4826158940397351	0.3891127091395675	0.09350318490016757	1208	2238	2	False
selected	GSE268609	5	human_dentate_hippocampus	dentate	MAP3K4	MAP3K4	cytoskeleton_morphogenesis	cytoskeleton_morphogenesis	5.094184326912494	0.6666666666666666	0.6666666666666666	0.0	0.5860927152317881	0.47055440035426177	0.1155383148775263	1208	2238	2	False
selected	GSE268609	5	human_dentate_hippocampus	dentate	CALM2	CALM2	synaptic_wiring	synaptic_wiring	5.244131944083708	0.6666666666666666	0.6666666666666666	0.0	0.8600993377483444	0.7503971004447525	0.10970223730359185	1208	2238	2	False
selected	GSE268609	6	human_dentate_hippocampus	dentate	STXBP5L	STXBP5L	synaptic_wiring	synaptic_wiring	5.06800546524533	0.6666666666666666	0.6666666666666666	0.0	0.935006435006435	0.7193768074031233	0.21562962760331172	1554	2153	2	False
selected	GSE268609	6	human_dentate_hippocampus	dentate	RFX3	RFX3	regulatory_morphogenesis_candidate	regulatory_morphogenesis_candidate	5.11374282878083	1.0	0.5	0.5	0.9755469755469756	0.765908039329092	0.20963893621788354	1554	2153	2	True
selected	GSE268609	6	human_dentate_hippocampus	dentate	PPP3CA	PPP3CA	synaptic_wiring	synaptic_wiring	5.455182618321777	0.6666666666666666	0.6666666666666666	0.0	0.9723294723294724	0.823324657798342	0.14900481453113046	1554	2153	2	False
selected	GSE268609	6	human_dentate_hippocampus	dentate	GPM6A	GPM6A	cytoskeleton_morphogenesis	cytoskeleton_morphogenesis	5.4774639744097335	1.0	0.5	0.5	0.9916344916344916	0.8195247734721419	0.17210971816234966	1554	2153	2	True
selected	GSE268609	6	human_dentate_hippocampus	dentate	GRIN2B	GRIN2B	synaptic_wiring	synaptic_wiring	5.09711546208696	0.6666666666666666	0.6666666666666666	0.0	0.9015444015444016	0.6819828417196837	0.21956155982471792	1554	2153	2	False
selected	GSE268609	6	human_dentate_hippocampus	dentate	GABRB3	GABRB3	synaptic_wiring	synaptic_wiring	5.132148779890988	0.6666666666666666	0.6666666666666666	0.0	0.9041184041184042	0.6725838635049162	0.231534540613488	1554	2153	2	False
selected	GSE268609	6	human_dentate_hippocampus	dentate	SYNPR	SYNPR	synaptic_wiring	synaptic_wiring	5.163026400960264	0.6666666666666666	0.6666666666666666	0.0	0.8706563706563707	0.5852983420088683	0.28535802864750237	1554	2153	2	False
selected	GSE268609	6	human_dentate_hippocampus	dentate	CACNA1E	CACNA1E	synaptic_wiring	synaptic_wiring	5.063035403837544	0.6666666666666666	0.6666666666666666	0.0	0.8912483912483913	0.6513745903219588	0.2398738009264325	1554	2153	2	False
selected	GSE268609	6	human_dentate_hippocampus	dentate	CACNA2D1	CACNA2D1	synaptic_wiring	synaptic_wiring	5.237917524870884	0.6666666666666666	0.6666666666666666	0.0	0.9465894465894464	0.8253325621746674	0.121256884414779	1554	2153	2	False
selected	GSE268609	6	human_dentate_hippocampus	dentate	KCND2	KCND2	synaptic_wiring	synaptic_wiring	5.07006775598519	0.6666666666666666	0.6666666666666666	0.0	0.8764478764478765	0.6544948910738384	0.22195298537403807	1554	2153	2	False
selected	GSE268609	6	human_dentate_hippocampus	dentate	KCNJ6	KCNJ6	synaptic_wiring	synaptic_wiring	5.115876315326329	0.6666666666666666	0.6666666666666666	0.0	0.8513513513513513	0.586119625988047	0.2652317253633043	1554	2153	2	False
selected	GSE268609	6	human_dentate_hippocampus	dentate	NFIA	NFIA	regulatory_morphogenesis_candidate	regulatory_morphogenesis_candidate	5.458070983658397	1.0	0.5	0.5	0.9691119691119692	0.8459663582032003	0.12314561090876885	1554	2153	2	True
selected	GSE268609	6	human_dentate_hippocampus	dentate	KCNJ3	KCNJ3	synaptic_wiring	synaptic_wiring	5.11201500439703	0.6666666666666666	0.6666666666666666	0.0	0.9073359073359072	0.6279332947753999	0.27940261256050725	1554	2153	2	False
selected	GSE268609	6	human_dentate_hippocampus	dentate	CAMTA1	CAMTA1	regulatory_morphogenesis_candidate	regulatory_morphogenesis_candidate	5.390005460425881	0.6666666666666666	0.6666666666666666	0.0	0.9536679536679536	0.8099016772700983	0.14376627639785533	1554	2153	2	False
selected	GSE268609	6	human_dentate_hippocampus	dentate	NFIB	NFIB	regulatory_morphogenesis_candidate	regulatory_morphogenesis_candidate	5.456430873042622	0.6666666666666666	0.6666666666666666	0.0	0.9176319176319176	0.7506487372276847	0.166983180404233	1554	2153	2	False
selected	GSE268609	6	human_dentate_hippocampus	dentate	KCNK1	KCNK1	synaptic_wiring	synaptic_wiring	5.151531513892637	1.0	0.5	0.5	0.7792792792792793	0.4632605552342394	0.3160187240450399	1554	2153	2	True
selected	GSE268609	6	human_dentate_hippocampus	dentate	STXBP1	STXBP1	synaptic_wiring	synaptic_wiring	5.2525389164357135	0.6666666666666666	0.6666666666666666	0.0	0.8371943371943372	0.6212738577212261	0.2159204794731111	1554	2153	2	False
selected	GSE268609	6	human_dentate_hippocampus	dentate	KCND3	KCND3	synaptic_wiring	synaptic_wiring	5.086608727424575	0.6666666666666666	0.6666666666666666	0.0	0.8223938223938224	0.5912256603046077	0.23116816208921476	1554	2153	2	False
selected	GSE268609	6	human_dentate_hippocampus	dentate	MAPK1	MAPK1	cytoskeleton_morphogenesis	cytoskeleton_morphogenesis	5.278453396465785	0.6666666666666666	0.6666666666666666	0.0	0.8101673101673101	0.6701195295932137	0.1400477805740964	1554	2153	2	False
selected	GSE268609	6	human_dentate_hippocampus	dentate	STXBP5	STXBP5	synaptic_wiring	synaptic_wiring	5.035665896251466	0.6666666666666666	0.6666666666666666	0.0	0.8513513513513513	0.7286109504530558	0.12274040089829552	1554	2153	2	False
selected	GSE268609	6	human_dentate_hippocampus	dentate	GABRA2	GABRA2	synaptic_wiring	synaptic_wiring	5.068689083899109	0.6666666666666666	0.6666666666666666	0.0	0.7927927927927928	0.5555484866011182	0.23724430619167458	1554	2153	2	False
selected	GSE268609	6	human_dentate_hippocampus	dentate	ADD2	ADD2	cytoskeleton_morphogenesis	cytoskeleton_morphogenesis	5.117839061510196	0.6666666666666666	0.6666666666666666	0.0	0.61003861003861	0.5100318102949681	0.1000067997436419	1554	2153	2	False
selected	GSE268609	6	human_dentate_hippocampus	dentate	MAP3K4	MAP3K4	cytoskeleton_morphogenesis	cytoskeleton_morphogenesis	5.094184326912494	1.0	0.5	0.5	0.7303732303732303	0.5039242336610757	0.22644899671215457	1554	2153	2	True
selected	GSE268609	6	human_dentate_hippocampus	dentate	CALM2	CALM2	synaptic_wiring	synaptic_wiring	5.244131944083708	0.6666666666666666	0.6666666666666666	0.0	0.9510939510939512	0.8777096587622903	0.07338429233166088	1554	2153	2	False
selected	GSE268609	7	human_dentate_hippocampus	dentate	STXBP5L	STXBP5L	synaptic_wiring	synaptic_wiring	5.06800546524533	0.6666666666666666	0.6666666666666666	0.0	0.7577092511013216	0.6610151499067348	0.09669410119458677	681	2606	2	False
selected	GSE268609	7	human_dentate_hippocampus	dentate	RFX3	RFX3	regulatory_morphogenesis_candidate	regulatory_morphogenesis_candidate	5.11374282878083	1.0	0.5	0.5	0.9544787077826724	0.7749102986002638	0.17956840918240857	681	2606	2	True
selected	GSE268609	7	human_dentate_hippocampus	dentate	PPP3CA	PPP3CA	synaptic_wiring	synaptic_wiring	5.455182618321777	0.6666666666666666	0.6666666666666666	0.0	0.9412628487518356	0.783856174458986	0.1574066742928496	681	2606	2	False
selected	GSE268609	7	human_dentate_hippocampus	dentate	GPM6A	GPM6A	cytoskeleton_morphogenesis	cytoskeleton_morphogenesis	5.4774639744097335	1.0	0.5	0.5	0.973568281938326	0.7136679759178659	0.2599003060204601	681	2606	2	True
selected	GSE268609	7	human_dentate_hippocampus	dentate	GRIN2B	GRIN2B	synaptic_wiring	synaptic_wiring	5.09711546208696	0.6666666666666666	0.6666666666666666	0.0	0.566813509544787	0.5947440894132634	-0.027930579868476357	681	2606	2	False
selected	GSE268609	7	human_dentate_hippocampus	dentate	GABRB3	GABRB3	synaptic_wiring	synaptic_wiring	5.132148779890988	0.6666666666666666	0.6666666666666666	0.0	0.6211453744493393	0.5920392472058356	0.0291061272435037	681	2606	2	False
selected	GSE268609	7	human_dentate_hippocampus	dentate	SYNPR	SYNPR	synaptic_wiring	synaptic_wiring	5.163026400960264	0.6666666666666666	0.6666666666666666	0.0	0.4390602055800294	0.3648188532172699	0.07424135236275947	681	2606	2	False
selected	GSE268609	7	human_dentate_hippocampus	dentate	CACNA1E	CACNA1E	synaptic_wiring	synaptic_wiring	5.063035403837544	0.6666666666666666	0.6666666666666666	0.0	0.5080763582966226	0.5127001410351678	-0.004623782738545246	681	2606	2	False
selected	GSE268609	7	human_dentate_hippocampus	dentate	CACNA2D1	CACNA2D1	synaptic_wiring	synaptic_wiring	5.237917524870884	0.6666666666666666	0.6666666666666666	0.0	0.8179148311306902	0.8497763151908524	-0.031861484060162204	681	2606	2	False
selected	GSE268609	7	human_dentate_hippocampus	dentate	KCND2	KCND2	synaptic_wiring	synaptic_wiring	5.07006775598519	0.6666666666666666	0.6666666666666666	0.0	0.7797356828193832	0.6743410018046435	0.1053946810147397	681	2606	2	False
selected	GSE268609	7	human_dentate_hippocampus	dentate	KCNJ6	KCNJ6	synaptic_wiring	synaptic_wiring	5.115876315326329	0.6666666666666666	0.6666666666666666	0.0	0.4419970631424376	0.43753567583142505	0.004461387311012532	681	2606	2	False
selected	GSE268609	7	human_dentate_hippocampus	dentate	NFIA	NFIA	regulatory_morphogenesis_candidate	regulatory_morphogenesis_candidate	5.458070983658397	1.0	0.5	0.5	0.9441997063142438	0.8404267451206382	0.10377296119360557	681	2606	2	True
selected	GSE268609	7	human_dentate_hippocampus	dentate	KCNJ3	KCNJ3	synaptic_wiring	synaptic_wiring	5.11201500439703	0.6666666666666666	0.6666666666666666	0.0	0.604992657856094	0.4500356379187455	0.1549570199373485	681	2606	2	False
selected	GSE268609	7	human_dentate_hippocampus	dentate	CAMTA1	CAMTA1	regulatory_morphogenesis_candidate	regulatory_morphogenesis_candidate	5.390005460425881	0.6666666666666666	0.6666666666666666	0.0	0.9295154185022028	0.8130895800791618	0.116425838423041	681	2606	2	False
selected	GSE268609	7	human_dentate_hippocampus	dentate	NFIB	NFIB	regulatory_morphogenesis_candidate	regulatory_morphogenesis_candidate	5.456430873042622	0.6666666666666666	0.6666666666666666	0.0	0.945668135095448	0.8166376002790372	0.1290305348164108	681	2606	2	False
selected	GSE268609	7	human_dentate_hippocampus	dentate	KCNK1	KCNK1	synaptic_wiring	synaptic_wiring	5.151531513892637	0.6666666666666666	0.6666666666666666	0.0	0.4419970631424376	0.3750246432416857	0.06697241990075187	681	2606	2	False
selected	GSE268609	7	human_dentate_hippocampus	dentate	STXBP1	STXBP1	synaptic_wiring	synaptic_wiring	5.2525389164357135	0.6666666666666666	0.6666666666666666	0.0	0.6402349486049926	0.5071791449932515	0.13305580361174119	681	2606	2	False
selected	GSE268609	7	human_dentate_hippocampus	dentate	KCND3	KCND3	synaptic_wiring	synaptic_wiring	5.086608727424575	0.6666666666666666	0.6666666666666666	0.0	0.6328928046989721	0.5520683641437042	0.08082444055526794	681	2606	2	False
selected	GSE268609	7	human_dentate_hippocampus	dentate	MAPK1	MAPK1	cytoskeleton_morphogenesis	cytoskeleton_morphogenesis	5.278453396465785	0.6666666666666666	0.6666666666666666	0.0	0.7386196769456681	0.5781462216223594	0.1604734553233087	681	2606	2	False
selected	GSE268609	7	human_dentate_hippocampus	dentate	STXBP5	STXBP5	synaptic_wiring	synaptic_wiring	5.035665896251466	0.6666666666666666	0.6666666666666666	0.0	0.882525697503671	0.7437445595304893	0.1387811379731817	681	2606	2	False
selected	GSE268609	7	human_dentate_hippocampus	dentate	GABRA2	GABRA2	synaptic_wiring	synaptic_wiring	5.068689083899109	0.6666666666666666	0.6666666666666666	0.0	0.7180616740088106	0.4724247433311597	0.2456369306776509	681	2606	2	False
selected	GSE268609	7	human_dentate_hippocampus	dentate	ADD2	ADD2	cytoskeleton_morphogenesis	cytoskeleton_morphogenesis	5.117839061510196	0.6666666666666666	0.6666666666666666	0.0	0.4052863436123348	0.3991692573664336	0.006117086245901182	681	2606	2	False
selected	GSE268609	7	human_dentate_hippocampus	dentate	MAP3K4	MAP3K4	cytoskeleton_morphogenesis	cytoskeleton_morphogenesis	5.094184326912494	1.0	0.5	0.5	0.6593245227606461	0.5351662850123595	0.1241582377482866	681	2606	2	True
selected	GSE268609	7	human_dentate_hippocampus	dentate	CALM2	CALM2	synaptic_wiring	synaptic_wiring	5.244131944083708	1.0	0.5	0.5	0.762114537444934	0.624704508575848	0.13741002886908593	681	2606	2	True
selected	GSE268609	8	human_dentate_hippocampus	dentate	STXBP5L	STXBP5L	synaptic_wiring	synaptic_wiring	5.06800546524533	0.6666666666666666	0.6666666666666666	0.0	0.9791889007470652	0.8810060476304207	0.09818285311664454	1874	2377	2	False
selected	GSE268609	8	human_dentate_hippocampus	dentate	RFX3	RFX3	regulatory_morphogenesis_candidate	regulatory_morphogenesis_candidate	5.11374282878083	1.0	0.5	0.5	0.985058697972252	0.8612872752396875	0.12377142273256447	1874	2377	2	True
selected	GSE268609	8	human_dentate_hippocampus	dentate	PPP3CA	PPP3CA	synaptic_wiring	synaptic_wiring	5.455182618321777	0.6666666666666666	0.6666666666666666	0.0	0.985058697972252	0.9179507574465181	0.06710794052573388	1874	2377	2	False
selected	GSE268609	8	human_dentate_hippocampus	dentate	GPM6A	GPM6A	cytoskeleton_morphogenesis	cytoskeleton_morphogenesis	5.4774639744097335	1.0	0.5	0.5	0.9866595517609392	0.8695405705869642	0.11711898117397501	1874	2377	2	True
selected	GSE268609	8	human_dentate_hippocampus	dentate	GRIN2B	GRIN2B	synaptic_wiring	synaptic_wiring	5.09711546208696	0.6666666666666666	0.6666666666666666	0.0	0.9391675560298826	0.8356868481808772	0.10348070784900532	1874	2377	2	False
selected	GSE268609	8	human_dentate_hippocampus	dentate	GABRB3	GABRB3	synaptic_wiring	synaptic_wiring	5.132148779890988	0.6666666666666666	0.6666666666666666	0.0	0.9471718249733192	0.8367463208115824	0.1104255041617368	1874	2377	2	False
selected	GSE268609	8	human_dentate_hippocampus	dentate	SYNPR	SYNPR	synaptic_wiring	synaptic_wiring	5.163026400960264	0.6666666666666666	0.6666666666666666	0.0	0.9258271077908218	0.7348510696373127	0.19097603815350905	1874	2377	2	False
selected	GSE268609	8	human_dentate_hippocampus	dentate	CACNA1E	CACNA1E	synaptic_wiring	synaptic_wiring	5.063035403837544	0.6666666666666666	0.6666666666666666	0.0	0.9418356456776948	0.795899581470993	0.1459360642067018	1874	2377	2	False
selected	GSE268609	8	human_dentate_hippocampus	dentate	CACNA2D1	CACNA2D1	synaptic_wiring	synaptic_wiring	5.237917524870884	0.6666666666666666	0.6666666666666666	0.0	0.9711846318036286	0.89825188792976	0.07293274387386861	1874	2377	2	False
selected	GSE268609	8	human_dentate_hippocampus	dentate	KCND2	KCND2	synaptic_wiring	synaptic_wiring	5.07006775598519	0.6666666666666666	0.6666666666666666	0.0	0.9589114194236926	0.8331463884813538	0.12576503094233882	1874	2377	2	False
selected	GSE268609	8	human_dentate_hippocampus	dentate	KCNJ6	KCNJ6	synaptic_wiring	synaptic_wiring	5.115876315326329	0.6666666666666666	0.6666666666666666	0.0	0.924759871931697	0.7799417414446075	0.14481813048708947	1874	2377	2	False
selected	GSE268609	8	human_dentate_hippocampus	dentate	NFIA	NFIA	regulatory_morphogenesis_candidate	regulatory_morphogenesis_candidate	5.458070983658397	1.0	0.5	0.5	0.9791889007470652	0.8561189253585361	0.12306997538852915	1874	2377	2	True
selected	GSE268609	8	human_dentate_hippocampus	dentate	KCNJ3	KCNJ3	synaptic_wiring	synaptic_wiring	5.11201500439703	0.6666666666666666	0.6666666666666666	0.0	0.9583778014941302	0.7654051798651155	0.19297262162901474	1874	2377	2	False
selected	GSE268609	8	human_dentate_hippocampus	dentate	CAMTA1	CAMTA1	regulatory_morphogenesis_candidate	regulatory_morphogenesis_candidate	5.390005460425881	0.6666666666666666	0.6666666666666666	0.0	0.975453575240128	0.8841645626485607	0.0912890125915673	1874	2377	2	False
selected	GSE268609	8	human_dentate_hippocampus	dentate	NFIB	NFIB	regulatory_morphogenesis_candidate	regulatory_morphogenesis_candidate	5.456430873042622	0.6666666666666666	0.6666666666666666	0.0	0.9541088580576308	0.8664911659672228	0.08761769209040804	1874	2377	2	False
selected	GSE268609	8	human_dentate_hippocampus	dentate	KCNK1	KCNK1	synaptic_wiring	synaptic_wiring	5.151531513892637	1.0	0.5	0.5	0.9023479188900748	0.659589773334698	0.24275814555537678	1874	2377	2	True
selected	GSE268609	8	human_dentate_hippocampus	dentate	STXBP1	STXBP1	synaptic_wiring	synaptic_wiring	5.2525389164357135	0.6666666666666666	0.6666666666666666	0.0	0.9215581643543224	0.7714201127071321	0.1501380516471903	1874	2377	2	False
selected	GSE268609	8	human_dentate_hippocampus	dentate	KCND3	KCND3	synaptic_wiring	synaptic_wiring	5.086608727424575	0.6666666666666666	0.6666666666666666	0.0	0.9204909284951974	0.7586406905728615	0.16185023792233588	1874	2377	2	False
selected	GSE268609	8	human_dentate_hippocampus	dentate	MAPK1	MAPK1	cytoskeleton_morphogenesis	cytoskeleton_morphogenesis	5.278453396465785	0.6666666666666666	0.6666666666666666	0.0	0.8911419423692636	0.7517290621765783	0.13941288019268527	1874	2377	2	False
selected	GSE268609	8	human_dentate_hippocampus	dentate	STXBP5	STXBP5	synaptic_wiring	synaptic_wiring	5.035665896251466	0.6666666666666666	0.6666666666666666	0.0	0.9589114194236926	0.8392149880014103	0.11969643142228237	1874	2377	2	False
selected	GSE268609	8	human_dentate_hippocampus	dentate	GABRA2	GABRA2	synaptic_wiring	synaptic_wiring	5.068689083899109	0.6666666666666666	0.6666666666666666	0.0	0.9044823906083244	0.700194124102949	0.20428826650537535	1874	2377	2	False
selected	GSE268609	8	human_dentate_hippocampus	dentate	ADD2	ADD2	cytoskeleton_morphogenesis	cytoskeleton_morphogenesis	5.117839061510196	0.6666666666666666	0.6666666666666666	0.0	0.8121664887940235	0.67737832235832	0.13478816643570357	1874	2377	2	False
selected	GSE268609	8	human_dentate_hippocampus	dentate	MAP3K4	MAP3K4	cytoskeleton_morphogenesis	cytoskeleton_morphogenesis	5.094184326912494	1.0	0.5	0.5	0.8628601921024547	0.6819520738794682	0.18090811822298647	1874	2377	2	True
selected	GSE268609	8	human_dentate_hippocampus	dentate	CALM2	CALM2	synaptic_wiring	synaptic_wiring	5.244131944083708	1.0	0.5	0.5	0.9653148345784418	0.8591484271043024	0.10616640747413941	1874	2377	2	True
selected	GSE268609	9	human_dentate_hippocampus	dentate	STXBP5L	STXBP5L	synaptic_wiring	synaptic_wiring	5.06800546524533	0.6666666666666666	0.6666666666666666	0.0	0.9360421369450714	0.6733953073953074	0.26264682954976404	1329	1837	2	False
selected	GSE268609	9	human_dentate_hippocampus	dentate	RFX3	RFX3	regulatory_morphogenesis_candidate	regulatory_morphogenesis_candidate	5.11374282878083	1.0	0.5	0.5	0.982693754702784	0.7794166914166915	0.20327706328609252	1329	1837	2	True
selected	GSE268609	9	human_dentate_hippocampus	dentate	PPP3CA	PPP3CA	synaptic_wiring	synaptic_wiring	5.455182618321777	0.6666666666666666	0.6666666666666666	0.0	0.9834462001504892	0.8152705672705672	0.168175632879922	1329	1837	2	False
selected	GSE268609	9	human_dentate_hippocampus	dentate	GPM6A	GPM6A	cytoskeleton_morphogenesis	cytoskeleton_morphogenesis	5.4774639744097335	1.0	0.5	0.5	0.9887133182844244	0.7498146718146718	0.23889864646975267	1329	1837	2	True
selected	GSE268609	9	human_dentate_hippocampus	dentate	GRIN2B	GRIN2B	synaptic_wiring	synaptic_wiring	5.09711546208696	0.6666666666666666	0.6666666666666666	0.0	0.9134687735139202	0.6502280962280962	0.263240677285824	1329	1837	2	False
selected	GSE268609	9	human_dentate_hippocampus	dentate	GABRB3	GABRB3	synaptic_wiring	synaptic_wiring	5.132148779890988	0.6666666666666666	0.6666666666666666	0.0	0.9142212189616252	0.650018414018414	0.26420280494321124	1329	1837	2	False
selected	GSE268609	9	human_dentate_hippocampus	dentate	SYNPR	SYNPR	synaptic_wiring	synaptic_wiring	5.163026400960264	1.0	0.5	0.5	0.8931527464258842	0.5546266706266707	0.33852607579921346	1329	1837	2	True
selected	GSE268609	9	human_dentate_hippocampus	dentate	CACNA1E	CACNA1E	synaptic_wiring	synaptic_wiring	5.063035403837544	0.6666666666666666	0.6666666666666666	0.0	0.8976674191121143	0.593960795960796	0.30370662315131836	1329	1837	2	False
selected	GSE268609	9	human_dentate_hippocampus	dentate	CACNA2D1	CACNA2D1	synaptic_wiring	synaptic_wiring	5.237917524870884	0.6666666666666666	0.6666666666666666	0.0	0.948081264108352	0.8588999108999109	0.08918135320844112	1329	1837	2	False
selected	GSE268609	9	human_dentate_hippocampus	dentate	KCND2	KCND2	synaptic_wiring	synaptic_wiring	5.07006775598519	0.6666666666666666	0.6666666666666666	0.0	0.9029345372460496	0.6487632907632908	0.2541712464827588	1329	1837	2	False
selected	GSE268609	9	human_dentate_hippocampus	dentate	KCNJ6	KCNJ6	synaptic_wiring	synaptic_wiring	5.115876315326329	0.6666666666666666	0.6666666666666666	0.0	0.8743416102332581	0.5822191862191862	0.29212242401407185	1329	1837	2	False
selected	GSE268609	9	human_dentate_hippocampus	dentate	NFIA	NFIA	regulatory_morphogenesis_candidate	regulatory_morphogenesis_candidate	5.458070983658397	1.0	0.5	0.5	0.9781790820165538	0.8632925452925453	0.1148865367240085	1329	1837	2	True
selected	GSE268609	9	human_dentate_hippocampus	dentate	KCNJ3	KCNJ3	synaptic_wiring	synaptic_wiring	5.11201500439703	0.6666666666666666	0.6666666666666666	0.0	0.9142212189616252	0.593957825957826	0.32026339300379925	1329	1837	2	False
selected	GSE268609	9	human_dentate_hippocampus	dentate	CAMTA1	CAMTA1	regulatory_morphogenesis_candidate	regulatory_morphogenesis_candidate	5.390005460425881	0.6666666666666666	0.6666666666666666	0.0	0.965387509405568	0.8516810216810218	0.11370648772454617	1329	1837	2	False
selected	GSE268609	9	human_dentate_hippocampus	dentate	NFIB	NFIB	regulatory_morphogenesis_candidate	regulatory_morphogenesis_candidate	5.456430873042622	1.0	0.5	0.5	0.9601203912716328	0.7803439263439262	0.1797764649277066	1329	1837	2	True
selected	GSE268609	9	human_dentate_hippocampus	dentate	KCNK1	KCNK1	synaptic_wiring	synaptic_wiring	5.151531513892637	1.0	0.5	0.5	0.8570353649360422	0.5706029106029106	0.2864324543331316	1329	1837	2	True
selected	GSE268609	9	human_dentate_hippocampus	dentate	STXBP1	STXBP1	synaptic_wiring	synaptic_wiring	5.2525389164357135	0.6666666666666666	0.6666666666666666	0.0	0.8991723100075244	0.621957825957826	0.2772144840496984	1329	1837	2	False
selected	GSE268609	9	human_dentate_hippocampus	dentate	KCND3	KCND3	synaptic_wiring	synaptic_wiring	5.086608727424575	0.6666666666666666	0.6666666666666666	0.0	0.871331828442438	0.5980582120582121	0.27327361638422587	1329	1837	2	False
selected	GSE268609	9	human_dentate_hippocampus	dentate	MAPK1	MAPK1	cytoskeleton_morphogenesis	cytoskeleton_morphogenesis	5.278453396465785	0.6666666666666666	0.6666666666666666	0.0	0.8961625282167043	0.6761342441342442	0.2200282840824601	1329	1837	2	False
selected	GSE268609	9	human_dentate_hippocampus	dentate	STXBP5	STXBP5	synaptic_wiring	synaptic_wiring	5.035665896251466	0.6666666666666666	0.6666666666666666	0.0	0.9066967644845748	0.7362952182952183	0.17040154618935655	1329	1837	2	False
selected	GSE268609	9	human_dentate_hippocampus	dentate	GABRA2	GABRA2	synaptic_wiring	synaptic_wiring	5.068689083899109	0.6666666666666666	0.6666666666666666	0.0	0.8961625282167043	0.5443320463320463	0.35183048188465793	1329	1837	2	False
selected	GSE268609	9	human_dentate_hippocampus	dentate	ADD2	ADD2	cytoskeleton_morphogenesis	cytoskeleton_morphogenesis	5.117839061510196	0.6666666666666666	0.6666666666666666	0.0	0.8186606471030851	0.5506724086724086	0.26798823843067643	1329	1837	2	False
selected	GSE268609	9	human_dentate_hippocampus	dentate	MAP3K4	MAP3K4	cytoskeleton_morphogenesis	cytoskeleton_morphogenesis	5.094184326912494	1.0	0.5	0.5	0.8224228743416102	0.57194356994357	0.2504793043980402	1329	1837	2	True
selected	GSE268609	9	human_dentate_hippocampus	dentate	CALM2	CALM2	synaptic_wiring	synaptic_wiring	5.244131944083708	1.0	0.5	0.5	0.9714070729872084	0.8506961686961687	0.1207109042910397	1329	1837	2	True
genome	GSE104323	10X_all_cells	mouse_dentate	dentate	ADD2	ADD2	cytoskeleton_morphogenesis	cytoskeleton_morphogenesis	5.117839061510196	1.0	0.5	0.5	0.3411980067120919	0.2159977703455964	0.1252002363664955	9833	14352	1	True
genome	GSE104323	10X_all_cells	mouse_dentate	dentate	CACNA1E	CACNA1E	synaptic_wiring	synaptic_wiring	5.063035403837544	1.0	0.5	0.5	0.4402522119393878	0.1384476031215161	0.3018046088178717	9833	14352	1	True
genome	GSE104323	10X_all_cells	mouse_dentate	dentate	CACNA2D1	CACNA2D1	synaptic_wiring	synaptic_wiring	5.237917524870884	1.0	0.5	0.5	0.3689616597172785	0.2116778149386845	0.157283844778594	9833	14352	1	True
genome	GSE104323	10X_all_cells	mouse_dentate	dentate	CALM2	CALM2	synaptic_wiring	synaptic_wiring	5.244131944083708	1.0	0.5	0.5	0.9934913047899928	0.8603678929765887	0.13312341181340415	9833	14352	1	True
genome	GSE104323	10X_all_cells	mouse_dentate	dentate	CAMTA1	CAMTA1	regulatory_morphogenesis_candidate	regulatory_morphogenesis_candidate	5.390005460425881	1.0	0.5	0.5	0.6204617105664599	0.5131688963210702	0.10729281424538972	9833	14352	1	True
genome	GSE104323	10X_all_cells	mouse_dentate	dentate	GABRA2	GABRA2	synaptic_wiring	synaptic_wiring	5.068689083899109	1.0	0.5	0.5	0.690023390623411	0.4848801560758082	0.2051432345476028	9833	14352	1	True
genome	GSE104323	10X_all_cells	mouse_dentate	dentate	GABRB3	GABRB3	synaptic_wiring	synaptic_wiring	5.132148779890988	1.0	0.5	0.5	0.4711685141869215	0.2405936454849498	0.23057486870197172	9833	14352	1	True
genome	GSE104323	10X_all_cells	mouse_dentate	dentate	GPM6A	GPM6A	cytoskeleton_morphogenesis	cytoskeleton_morphogenesis	5.4774639744097335	1.0	0.5	0.5	0.8620970202379742	0.7488154960981048	0.11328152413986936	9833	14352	1	True
genome	GSE104323	10X_all_cells	mouse_dentate	dentate	GRIN2B	GRIN2B	synaptic_wiring	synaptic_wiring	5.09711546208696	1.0	0.5	0.5	0.6949049120309163	0.4267001114827202	0.2682048005481961	9833	14352	1	True
genome	GSE104323	10X_all_cells	mouse_dentate	dentate	KCND2	KCND2	synaptic_wiring	synaptic_wiring	5.07006775598519	1.0	0.5	0.5	0.2912641106478186	0.1636008918617614	0.1276632187860572	9833	14352	1	True
genome	GSE104323	10X_all_cells	mouse_dentate	dentate	KCND3	KCND3	synaptic_wiring	synaptic_wiring	5.086608727424575	1.0	0.5	0.5	0.1374961863114004	0.0905797101449275	0.046916476166472904	9833	14352	1	True
genome	GSE104323	10X_all_cells	mouse_dentate	dentate	KCNJ3	KCNJ3	synaptic_wiring	synaptic_wiring	5.11201500439703	1.0	0.5	0.5	0.3538086036814807	0.1041666666666666	0.2496419370148141	9833	14352	1	True
genome	GSE104323	10X_all_cells	mouse_dentate	dentate	KCNJ6	KCNJ6	synaptic_wiring	synaptic_wiring	5.115876315326329	1.0	0.5	0.5	0.0273568595545611	0.0061315496098104	0.0212253099447507	9833	14352	1	True
genome	GSE104323	10X_all_cells	mouse_dentate	dentate	KCNK1	KCNK1	synaptic_wiring	synaptic_wiring	5.151531513892637	1.0	0.5	0.5	0.3899115224244889	0.2634476031215161	0.1264639193029728	9833	14352	1	True
genome	GSE104323	10X_all_cells	mouse_dentate	dentate	MAP3K4	MAP3K4	cytoskeleton_morphogenesis	cytoskeleton_morphogenesis	5.094184326912494	1.0	0.5	0.5	0.1102410251194955	0.0796404682274247	0.030600556892070807	9833	14352	1	True
genome	GSE104323	10X_all_cells	mouse_dentate	dentate	MAPK1	MAPK1	cytoskeleton_morphogenesis	cytoskeleton_morphogenesis	5.278453396465785	1.0	0.5	0.5	0.6671412590257297	0.4499024526198439	0.21723880640588583	9833	14352	1	True
genome	GSE104323	10X_all_cells	mouse_dentate	dentate	NFIA	NFIA	regulatory_morphogenesis_candidate	regulatory_morphogenesis_candidate	5.458070983658397	1.0	0.5	0.5	0.6764975083901149	0.6523132664437012	0.024184241946413665	9833	14352	1	True
genome	GSE104323	10X_all_cells	mouse_dentate	dentate	NFIB	NFIB	regulatory_morphogenesis_candidate	regulatory_morphogenesis_candidate	5.456430873042622	1.0	0.5	0.5	0.8307739245398149	0.7458890746934225	0.08488484984639244	9833	14352	1	True
genome	GSE104323	10X_all_cells	mouse_dentate	dentate	PPP3CA	PPP3CA	synaptic_wiring	synaptic_wiring	5.455182618321777	1.0	0.5	0.5	0.9114207261263094	0.7045707915273133	0.20684993459899614	9833	14352	1	True
genome	GSE104323	10X_all_cells	mouse_dentate	dentate	RFX3	RFX3	regulatory_morphogenesis_candidate	regulatory_morphogenesis_candidate	5.11374282878083	1.0	0.5	0.5	0.5088986067324316	0.1714743589743589	0.33742424775807267	9833	14352	1	True
genome	GSE104323	10X_all_cells	mouse_dentate	dentate	STXBP1	STXBP1	synaptic_wiring	synaptic_wiring	5.2525389164357135	1.0	0.5	0.5	0.4368961659717278	0.3290830546265328	0.107813111345195	9833	14352	1	True
genome	GSE104323	10X_all_cells	mouse_dentate	dentate	STXBP5	STXBP5	synaptic_wiring	synaptic_wiring	5.035665896251466	1.0	0.5	0.5	0.2255669683718092	0.1012402452619844	0.1243267231098248	9833	14352	1	True
genome	GSE104323	10X_all_cells	mouse_dentate	dentate	STXBP5L	STXBP5L	synaptic_wiring	synaptic_wiring	5.06800546524533	1.0	0.5	0.5	0.1272246516831079	0.058180044593088	0.06904460709001989	9833	14352	1	True
genome	GSE104323	10X_all_cells	mouse_dentate	dentate	SYNPR	SYNPR	synaptic_wiring	synaptic_wiring	5.163026400960264	1.0	0.5	0.5	0.6618529441675989	0.1477842809364548	0.5140686632311441	9833	14352	1	True
genome	GSE95752	C1_all_cells	mouse_dentate	dentate	ADD2	ADD2	cytoskeleton_morphogenesis	cytoskeleton_morphogenesis	5.117839061510196	1.0	0.5	0.5	0.8865248226950354	0.33273931721411193	0.5537855054809235	987	1316	2	True
genome	GSE95752	C1_all_cells	mouse_dentate	dentate	CACNA1E	CACNA1E	synaptic_wiring	synaptic_wiring	5.063035403837544	1.0	0.5	0.5	0.5825734549138805	0.20654653284671531	0.37602692206716515	987	1316	2	True
genome	GSE95752	C1_all_cells	mouse_dentate	dentate	CACNA2D1	CACNA2D1	synaptic_wiring	synaptic_wiring	5.237917524870884	1.0	0.5	0.5	0.8115501519756839	0.31398741636253036	0.49756273561315356	987	1316	2	True
genome	GSE95752	C1_all_cells	mouse_dentate	dentate	CALM2	CALM2	synaptic_wiring	synaptic_wiring	5.244131944083708	1.0	0.5	0.5	0.9979736575481256	0.7947365419708029	0.2032371155773227	987	1316	2	True
genome	GSE95752	C1_all_cells	mouse_dentate	dentate	CAMTA1	CAMTA1	regulatory_morphogenesis_candidate	regulatory_morphogenesis_candidate	5.390005460425881	1.0	0.5	0.5	0.8318135764944276	0.4204303527980535	0.41138322369637403	987	1316	2	True
genome	GSE95752	C1_all_cells	mouse_dentate	dentate	GABRA2	GABRA2	synaptic_wiring	synaptic_wiring	5.068689083899109	1.0	0.5	0.5	0.7061803444782169	0.32576319190997566	0.3804171525682412	987	1316	2	True
genome	GSE95752	C1_all_cells	mouse_dentate	dentate	GABRB3	GABRB3	synaptic_wiring	synaptic_wiring	5.132148779890988	1.0	0.5	0.5	0.878419452887538	0.3208875076034063	0.5575319452841316	987	1316	2	True
genome	GSE95752	C1_all_cells	mouse_dentate	dentate	GPM6A	GPM6A	cytoskeleton_morphogenesis	cytoskeleton_morphogenesis	5.4774639744097335	1.0	0.5	0.5	0.9989868287740628	0.8918367928832116	0.10715003589085115	987	1316	2	True
genome	GSE95752	C1_all_cells	mouse_dentate	dentate	GRIN2B	GRIN2B	synaptic_wiring	synaptic_wiring	5.09711546208696	1.0	0.5	0.5	0.9696048632218844	0.4696386481143552	0.49996621510752925	987	1316	2	True
genome	GSE95752	C1_all_cells	mouse_dentate	dentate	KCND2	KCND2	synaptic_wiring	synaptic_wiring	5.07006775598519	1.0	0.5	0.5	0.7983789260385005	0.30866503193430656	0.4897138941041939	987	1316	2	True
genome	GSE95752	C1_all_cells	mouse_dentate	dentate	KCND3	KCND3	synaptic_wiring	synaptic_wiring	5.086608727424575	1.0	0.5	0.5	0.331306990881459	0.11292008819951335	0.21838690268194563	987	1316	2	True
genome	GSE95752	C1_all_cells	mouse_dentate	dentate	KCNJ3	KCNJ3	synaptic_wiring	synaptic_wiring	5.11201500439703	1.0	0.5	0.5	0.1428571428571428	0.033597551703163	0.10925959115397979	987	1316	2	True
genome	GSE95752	C1_all_cells	mouse_dentate	dentate	KCNJ6	KCNJ6	synaptic_wiring	synaptic_wiring	5.115876315326329	1.0	0.5	0.5	0.1955420466058764	0.051570103406326	0.1439719431995504	987	1316	2	True
genome	GSE95752	C1_all_cells	mouse_dentate	dentate	KCNK1	KCNK1	synaptic_wiring	synaptic_wiring	5.151531513892637	1.0	0.5	0.5	0.6919959473150963	0.39771517639902676	0.2942807709160695	987	1316	2	True
genome	GSE95752	C1_all_cells	mouse_dentate	dentate	MAP3K4	MAP3K4	cytoskeleton_morphogenesis	cytoskeleton_morphogenesis	5.094184326912494	1.0	0.5	0.5	0.3140830800405269	0.10940826490267636	0.20467481513785052	987	1316	2	True
genome	GSE95752	C1_all_cells	mouse_dentate	dentate	MAPK1	MAPK1	cytoskeleton_morphogenesis	cytoskeleton_morphogenesis	5.278453396465785	1.0	0.5	0.5	0.9321175278622088	0.4851971183090025	0.44692040955320633	987	1316	2	True
genome	GSE95752	C1_all_cells	mouse_dentate	dentate	NFIA	NFIA	regulatory_morphogenesis_candidate	regulatory_morphogenesis_candidate	5.458070983658397	1.0	0.5	0.5	0.7700101317122594	0.6052691605839415	0.16474097112831787	987	1316	2	True
genome	GSE95752	C1_all_cells	mouse_dentate	dentate	NFIB	NFIB	regulatory_morphogenesis_candidate	regulatory_morphogenesis_candidate	5.456430873042622	1.0	0.5	0.5	0.9908814589665652	0.8081850669099757	0.1826963920565895	987	1316	2	True
genome	GSE95752	C1_all_cells	mouse_dentate	dentate	PPP3CA	PPP3CA	synaptic_wiring	synaptic_wiring	5.455182618321777	1.0	0.5	0.5	0.994934143870314	0.7324789005474452	0.26245524332286874	987	1316	2	True
genome	GSE95752	C1_all_cells	mouse_dentate	dentate	RFX3	RFX3	regulatory_morphogenesis_candidate	regulatory_morphogenesis_candidate	5.11374282878083	1.0	0.5	0.5	0.8439716312056738	0.3132460842457421	0.5307255469599317	987	1316	2	True
genome	GSE95752	C1_all_cells	mouse_dentate	dentate	STXBP1	STXBP1	synaptic_wiring	synaptic_wiring	5.2525389164357135	1.0	0.5	0.5	0.7284701114488349	0.2776668947688564	0.45080321667997847	987	1316	2	True
genome	GSE95752	C1_all_cells	mouse_dentate	dentate	STXBP5	STXBP5	synaptic_wiring	synaptic_wiring	5.035665896251466	1.0	0.5	0.5	0.690982776089159	0.2582734565085158	0.43270931958064324	987	1316	2	True
genome	GSE95752	C1_all_cells	mouse_dentate	dentate	STXBP5L	STXBP5L	synaptic_wiring	synaptic_wiring	5.06800546524533	1.0	0.5	0.5	0.7092198581560284	0.2510882375304136	0.4581316206256148	987	1316	2	True
genome	GSE95752	C1_all_cells	mouse_dentate	dentate	SYNPR	SYNPR	synaptic_wiring	synaptic_wiring	5.163026400960264	1.0	0.5	0.5	0.9756838905775076	0.4134779881386861	0.5622059024388215	987	1316	2	True
genome	GSE292261	SS2_filtered_counts	mouse_dentate	dentate	ADD2	ADD2	cytoskeleton_morphogenesis	cytoskeleton_morphogenesis	5.117839061510196	1.0	0.5	0.5	0.8928571428571429	0.7378640776699029	0.15499306518724	196	309	1	True
genome	GSE292261	SS2_filtered_counts	mouse_dentate	dentate	CACNA1E	CACNA1E	synaptic_wiring	synaptic_wiring	5.063035403837544	1.0	0.5	0.5	0.9285714285714286	0.8705501618122977	0.058021266759130885	196	309	1	True
genome	GSE292261	SS2_filtered_counts	mouse_dentate	dentate	CACNA2D1	CACNA2D1	synaptic_wiring	synaptic_wiring	5.237917524870884	1.0	0.5	0.5	0.6938775510204082	0.5372168284789643	0.1566607225414438	196	309	1	True
genome	GSE292261	SS2_filtered_counts	mouse_dentate	dentate	CALM2	CALM2	synaptic_wiring	synaptic_wiring	5.244131944083708	1.0	0.5	0.5	1.0	0.9935275080906149	0.006472491909385147	196	309	1	True
genome	GSE292261	SS2_filtered_counts	mouse_dentate	dentate	CAMTA1	CAMTA1	regulatory_morphogenesis_candidate	regulatory_morphogenesis_candidate	5.390005460425881	1.0	0.5	0.5	0.7653061224489796	0.5339805825242718	0.23132553992470772	196	309	1	True
genome	GSE292261	SS2_filtered_counts	mouse_dentate	dentate	GABRA2	GABRA2	synaptic_wiring	synaptic_wiring	5.068689083899109	1.0	0.5	0.5	0.576530612244898	0.5048543689320388	0.07167624331285916	196	309	1	True
genome	GSE292261	SS2_filtered_counts	mouse_dentate	dentate	GABRB3	GABRB3	synaptic_wiring	synaptic_wiring	5.132148779890988	1.0	0.5	0.5	0.9489795918367347	0.7993527508090615	0.1496268410276732	196	309	1	True
genome	GSE292261	SS2_filtered_counts	mouse_dentate	dentate	GPM6A	GPM6A	cytoskeleton_morphogenesis	cytoskeleton_morphogenesis	5.4774639744097335	1.0	0.5	0.5	1.0	0.964401294498382	0.03559870550161803	196	309	1	True
genome	GSE292261	SS2_filtered_counts	mouse_dentate	dentate	GRIN2B	GRIN2B	synaptic_wiring	synaptic_wiring	5.09711546208696	1.0	0.5	0.5	1.0	0.9676375404530744	0.032362459546925626	196	309	1	True
genome	GSE292261	SS2_filtered_counts	mouse_dentate	dentate	KCND2	KCND2	synaptic_wiring	synaptic_wiring	5.07006775598519	1.0	0.5	0.5	0.6377551020408163	0.3527508090614886	0.2850042929793277	196	309	1	True
genome	GSE292261	SS2_filtered_counts	mouse_dentate	dentate	KCND3	KCND3	synaptic_wiring	synaptic_wiring	5.086608727424575	1.0	0.5	0.5	0.2142857142857142	0.1423948220064725	0.0718908922792417	196	309	1	True
genome	GSE292261	SS2_filtered_counts	mouse_dentate	dentate	KCNJ3	KCNJ3	synaptic_wiring	synaptic_wiring	5.11201500439703	1.0	0.5	0.5	0.6377551020408163	0.4627831715210356	0.17497193051978072	196	309	1	True
genome	GSE292261	SS2_filtered_counts	mouse_dentate	dentate	KCNJ6	KCNJ6	synaptic_wiring	synaptic_wiring	5.115876315326329	1.0	0.5	0.5	0.5816326530612245	0.3818770226537217	0.19975563040750277	196	309	1	True
genome	GSE292261	SS2_filtered_counts	mouse_dentate	dentate	KCNK1	KCNK1	synaptic_wiring	synaptic_wiring	5.151531513892637	1.0	0.5	0.5	0.9540816326530612	0.6990291262135923	0.255052506439469	196	309	1	True
genome	GSE292261	SS2_filtered_counts	mouse_dentate	dentate	MAP3K4	MAP3K4	cytoskeleton_morphogenesis	cytoskeleton_morphogenesis	5.094184326912494	1.0	0.5	0.5	0.5561224489795918	0.372168284789644	0.18395416418994787	196	309	1	True
genome	GSE292261	SS2_filtered_counts	mouse_dentate	dentate	MAPK1	MAPK1	cytoskeleton_morphogenesis	cytoskeleton_morphogenesis	5.278453396465785	1.0	0.5	0.5	0.9897959183673468	0.941747572815534	0.04804834555181281	196	309	1	True
genome	GSE292261	SS2_filtered_counts	mouse_dentate	dentate	NFIA	NFIA	regulatory_morphogenesis_candidate	regulatory_morphogenesis_candidate	5.458070983658397	1.0	0.5	0.5	0.903061224489796	0.6343042071197411	0.26875701737005486	196	309	1	True
genome	GSE292261	SS2_filtered_counts	mouse_dentate	dentate	NFIB	NFIB	regulatory_morphogenesis_candidate	regulatory_morphogenesis_candidate	5.456430873042622	1.0	0.5	0.5	0.9948979591836736	0.8220064724919094	0.17289148669176424	196	309	1	True
genome	GSE292261	SS2_filtered_counts	mouse_dentate	dentate	PPP3CA	PPP3CA	synaptic_wiring	synaptic_wiring	5.455182618321777	1.0	0.5	0.5	1.0	0.9870550161812298	0.012944983818770184	196	309	1	True
genome	GSE292261	SS2_filtered_counts	mouse_dentate	dentate	RFX3	RFX3	regulatory_morphogenesis_candidate	regulatory_morphogenesis_candidate	5.11374282878083	1.0	0.5	0.5	0.9948979591836736	0.889967637540453	0.10493032164322058	196	309	1	True
genome	GSE292261	SS2_filtered_counts	mouse_dentate	dentate	STXBP1	STXBP1	synaptic_wiring	synaptic_wiring	5.2525389164357135	1.0	0.5	0.5	0.9948979591836736	0.9676375404530744	0.027260418730599256	196	309	1	True
genome	GSE292261	SS2_filtered_counts	mouse_dentate	dentate	STXBP5	STXBP5	synaptic_wiring	synaptic_wiring	5.035665896251466	1.0	0.5	0.5	0.5510204081632653	0.3689320388349514	0.18208836932831385	196	309	1	True
genome	GSE292261	SS2_filtered_counts	mouse_dentate	dentate	STXBP5L	STXBP5L	synaptic_wiring	synaptic_wiring	5.06800546524533	1.0	0.5	0.5	0.8010204081632653	0.56957928802589	0.23144112013737528	196	309	1	True
genome	GSE292261	SS2_filtered_counts	mouse_dentate	dentate	SYNPR	SYNPR	synaptic_wiring	synaptic_wiring	5.163026400960264	1.0	0.5	0.5	0.9948979591836736	0.8996763754045307	0.09522158377914292	196	309	1	True
genome	GSE214309	snRNA_counts	mouse_dentate	dentate	ADD2	ADD2	cytoskeleton_morphogenesis	cytoskeleton_morphogenesis	5.117839061510196	1.0	0.5	0.5	0.3287671232876712	0.1974789915966386	0.13128813169103262	146	238	1	True
genome	GSE214309	snRNA_counts	mouse_dentate	dentate	CACNA1E	CACNA1E	synaptic_wiring	synaptic_wiring	5.063035403837544	1.0	0.5	0.5	0.9657534246575342	0.8613445378151261	0.10440888684240812	146	238	1	True
genome	GSE214309	snRNA_counts	mouse_dentate	dentate	CACNA2D1	CACNA2D1	synaptic_wiring	synaptic_wiring	5.237917524870884	1.0	0.5	0.5	0.6301369863013698	0.4663865546218487	0.16375043167952114	146	238	1	True
genome	GSE214309	snRNA_counts	mouse_dentate	dentate	CALM2	CALM2	synaptic_wiring	synaptic_wiring	5.244131944083708	1.0	0.5	0.5	1.0	1.0	0.0	146	238	1	True
genome	GSE214309	snRNA_counts	mouse_dentate	dentate	CAMTA1	CAMTA1	regulatory_morphogenesis_candidate	regulatory_morphogenesis_candidate	5.390005460425881	1.0	0.5	0.5	0.6575342465753424	0.4957983193277311	0.16173592724761132	146	238	1	True
genome	GSE214309	snRNA_counts	mouse_dentate	dentate	GABRA2	GABRA2	synaptic_wiring	synaptic_wiring	5.068689083899109	1.0	0.5	0.5	0.6575342465753424	0.4747899159663865	0.18274433060895595	146	238	1	True
genome	GSE214309	snRNA_counts	mouse_dentate	dentate	GABRB3	GABRB3	synaptic_wiring	synaptic_wiring	5.132148779890988	1.0	0.5	0.5	0.7191780821917808	0.5084033613445378	0.21077472084724302	146	238	1	True
genome	GSE214309	snRNA_counts	mouse_dentate	dentate	GPM6A	GPM6A	cytoskeleton_morphogenesis	cytoskeleton_morphogenesis	5.4774639744097335	1.0	0.5	0.5	0.8287671232876712	0.7226890756302521	0.10607804765741913	146	238	1	True
genome	GSE214309	snRNA_counts	mouse_dentate	dentate	GRIN2B	GRIN2B	synaptic_wiring	synaptic_wiring	5.09711546208696	1.0	0.5	0.5	1.0	0.9747899159663864	0.025210084033613578	146	238	1	True
genome	GSE214309	snRNA_counts	mouse_dentate	dentate	KCND2	KCND2	synaptic_wiring	synaptic_wiring	5.07006775598519	1.0	0.5	0.5	0.2945205479452055	0.2563025210084033	0.03821802693680221	146	238	1	True
genome	GSE214309	snRNA_counts	mouse_dentate	dentate	KCND3	KCND3	synaptic_wiring	synaptic_wiring	5.086608727424575	1.0	0.5	0.5	0.1712328767123287	0.1302521008403361	0.040980775871992614	146	238	1	True
genome	GSE214309	snRNA_counts	mouse_dentate	dentate	KCNJ3	KCNJ3	synaptic_wiring	synaptic_wiring	5.11201500439703	1.0	0.5	0.5	0.4520547945205479	0.3781512605042016	0.0739035340163463	146	238	1	True
genome	GSE214309	snRNA_counts	mouse_dentate	dentate	KCNJ6	KCNJ6	synaptic_wiring	synaptic_wiring	5.115876315326329	1.0	0.5	0.5	0.3972602739726027	0.3529411764705882	0.044319097502014515	146	238	1	True
genome	GSE214309	snRNA_counts	mouse_dentate	dentate	KCNK1	KCNK1	synaptic_wiring	synaptic_wiring	5.151531513892637	1.0	0.5	0.5	0.6438356164383562	0.4621848739495798	0.18165074248877638	146	238	1	True
genome	GSE214309	snRNA_counts	mouse_dentate	dentate	MAP3K4	MAP3K4	cytoskeleton_morphogenesis	cytoskeleton_morphogenesis	5.094184326912494	1.0	0.5	0.5	0.3287671232876712	0.2352941176470588	0.09347300564061242	146	238	1	True
genome	GSE214309	snRNA_counts	mouse_dentate	dentate	MAPK1	MAPK1	cytoskeleton_morphogenesis	cytoskeleton_morphogenesis	5.278453396465785	1.0	0.5	0.5	0.7054794520547946	0.5462184873949579	0.15926096465983663	146	238	1	True
genome	GSE214309	snRNA_counts	mouse_dentate	dentate	NFIA	NFIA	regulatory_morphogenesis_candidate	regulatory_morphogenesis_candidate	5.458070983658397	1.0	0.5	0.5	0.8767123287671232	0.8067226890756303	0.06998963969149297	146	238	1	True
genome	GSE214309	snRNA_counts	mouse_dentate	dentate	NFIB	NFIB	regulatory_morphogenesis_candidate	regulatory_morphogenesis_candidate	5.456430873042622	1.0	0.5	0.5	0.8767123287671232	0.7058823529411765	0.17082997582594672	146	238	1	True
genome	GSE214309	snRNA_counts	mouse_dentate	dentate	PPP3CA	PPP3CA	synaptic_wiring	synaptic_wiring	5.455182618321777	1.0	0.5	0.5	0.9931506849315068	0.9789915966386554	0.014159088292851396	146	238	1	True
genome	GSE214309	snRNA_counts	mouse_dentate	dentate	RFX3	RFX3	regulatory_morphogenesis_candidate	regulatory_morphogenesis_candidate	5.11374282878083	1.0	0.5	0.5	0.9041095890410958	0.8697478991596639	0.034361689881431956	146	238	1	True
genome	GSE214309	snRNA_counts	mouse_dentate	dentate	STXBP1	STXBP1	synaptic_wiring	synaptic_wiring	5.2525389164357135	1.0	0.5	0.5	0.6095890410958904	0.4201680672268907	0.1894209738689997	146	238	1	True
genome	GSE214309	snRNA_counts	mouse_dentate	dentate	STXBP5	STXBP5	synaptic_wiring	synaptic_wiring	5.035665896251466	1.0	0.5	0.5	0.3424657534246575	0.2478991596638655	0.09456659376079202	146	238	1	True
genome	GSE214309	snRNA_counts	mouse_dentate	dentate	STXBP5L	STXBP5L	synaptic_wiring	synaptic_wiring	5.06800546524533	1.0	0.5	0.5	0.541095890410959	0.5882352941176471	-0.04713940370668812	146	238	1	True
genome	GSE214309	snRNA_counts	mouse_dentate	dentate	SYNPR	SYNPR	synaptic_wiring	synaptic_wiring	5.163026400960264	1.0	0.5	0.5	0.6643835616438356	0.5168067226890757	0.14757683895475993	146	238	1	True
genome	GSE122357	GSM3464549_P0	cerebellum	cerebellar	ADD2	ADD2	cytoskeleton_morphogenesis	cytoskeleton_morphogenesis	5.117839061510196	1.0	0.5	0.5	0.215832710978342	0.122868091588822	0.09296461938952	2678	4790	2	True
genome	GSE122357	GSM3464549_P0	cerebellum	cerebellar	CACNA1E	CACNA1E	synaptic_wiring	synaptic_wiring	5.063035403837544	1.0	0.5	0.5	0.1034353995519044	0.07547784181563601	0.027957557736268387	2678	4790	2	True
genome	GSE122357	GSM3464549_P0	cerebellum	cerebellar	CACNA2D1	CACNA2D1	synaptic_wiring	synaptic_wiring	5.237917524870884	1.0	0.5	0.5	0.4507094846900672	0.1931498007037141	0.2575596839863531	2678	4790	2	True
genome	GSE122357	GSM3464549_P0	cerebellum	cerebellar	CALM2	CALM2	synaptic_wiring	synaptic_wiring	5.244131944083708	1.0	0.5	0.5	0.9977595220313666	0.9434193917871925	0.05434013024417417	2678	4790	2	True
genome	GSE122357	GSM3464549_P0	cerebellum	cerebellar	CAMTA1	CAMTA1	regulatory_morphogenesis_candidate	regulatory_morphogenesis_candidate	5.390005460425881	1.0	0.5	0.5	0.7453323375653472	0.4951786451938725	0.2501536923714747	2678	4790	2	True
genome	GSE122357	GSM3464549_P0	cerebellum	cerebellar	GABRA2	GABRA2	synaptic_wiring	synaptic_wiring	5.068689083899109	1.0	0.5	0.5	0.0735623599701269	0.051511210455984	0.0220511495141429	2678	4790	2	True
genome	GSE122357	GSM3464549_P0	cerebellum	cerebellar	GABRB3	GABRB3	synaptic_wiring	synaptic_wiring	5.132148779890988	1.0	0.5	0.5	0.2154592979835698	0.1252971248087004	0.09016217317486941	2678	4790	2	True
genome	GSE122357	GSM3464549_P0	cerebellum	cerebellar	GPM6A	GPM6A	cytoskeleton_morphogenesis	cytoskeleton_morphogenesis	5.4774639744097335	1.0	0.5	0.5	0.9051530993278566	0.7046150035019707	0.2005380958258859	2678	4790	2	True
genome	GSE122357	GSM3464549_P0	cerebellum	cerebellar	GRIN2B	GRIN2B	synaptic_wiring	synaptic_wiring	5.09711546208696	1.0	0.5	0.5	0.1885735623599701	0.10944408371274	0.0791294786472301	2678	4790	2	True
genome	GSE122357	GSM3464549_P0	cerebellum	cerebellar	KCND2	KCND2	synaptic_wiring	synaptic_wiring	5.07006775598519	1.0	0.5	0.5	0.1601941747572815	0.08516907463060111	0.0750251001266804	2678	4790	2	True
genome	GSE122357	GSM3464549_P0	cerebellum	cerebellar	KCND3	KCND3	synaptic_wiring	synaptic_wiring	5.086608727424575	1.0	0.5	0.5	0.2281553398058252	0.1377742917687409	0.0903810480370843	2678	4790	2	True
genome	GSE122357	GSM3464549_P0	cerebellum	cerebellar	KCNJ3	KCNJ3	synaptic_wiring	synaptic_wiring	5.11201500439703	1.0	0.5	0.5	0.1699029126213592	0.0919131613441182	0.077989751277241	2678	4790	2	True
genome	GSE122357	GSM3464549_P0	cerebellum	cerebellar	KCNJ6	KCNJ6	synaptic_wiring	synaptic_wiring	5.115876315326329	1.0	0.5	0.5	0.0328603435399551	0.0142300676579446	0.0186302758820105	2678	4790	2	True
genome	GSE122357	GSM3464549_P0	cerebellum	cerebellar	KCNK1	KCNK1	synaptic_wiring	synaptic_wiring	5.151531513892637	1.0	0.5	0.5	0.3573562359970127	0.18722422380433396	0.17013201219267876	2678	4790	2	True
genome	GSE122357	GSM3464549_P0	cerebellum	cerebellar	MAP3K4	MAP3K4	cytoskeleton_morphogenesis	cytoskeleton_morphogenesis	5.094184326912494	1.0	0.5	0.5	0.101194921583271	0.07615557049559421	0.025039351087676784	2678	4790	2	True
genome	GSE122357	GSM3464549_P0	cerebellum	cerebellar	MAPK1	MAPK1	cytoskeleton_morphogenesis	cytoskeleton_morphogenesis	5.278453396465785	1.0	0.5	0.5	0.5533980582524272	0.39716305264575946	0.1562350056066677	2678	4790	2	True
genome	GSE122357	GSM3464549_P0	cerebellum	cerebellar	NFIA	NFIA	regulatory_morphogenesis_candidate	regulatory_morphogenesis_candidate	5.458070983658397	1.0	0.5	0.5	0.8711725168035848	0.7521556113572387	0.11901690544634602	2678	4790	2	True
genome	GSE122357	GSM3464549_P0	cerebellum	cerebellar	NFIB	NFIB	regulatory_morphogenesis_candidate	regulatory_morphogenesis_candidate	5.456430873042622	1.0	0.5	0.5	0.9869305451829724	0.8560310190957956	0.1308995260871768	2678	4790	2	True
genome	GSE122357	GSM3464549_P0	cerebellum	cerebellar	PPP3CA	PPP3CA	synaptic_wiring	synaptic_wiring	5.455182618321777	1.0	0.5	0.5	0.8117998506348021	0.6040264042838326	0.2077734463509695	2678	4790	2	True
genome	GSE122357	GSM3464549_P0	cerebellum	cerebellar	RFX3	RFX3	regulatory_morphogenesis_candidate	regulatory_morphogenesis_candidate	5.11374282878083	1.0	0.5	0.5	0.178117998506348	0.13333250333118166	0.044785495175166334	2678	4790	2	True
genome	GSE122357	GSM3464549_P0	cerebellum	cerebellar	STXBP1	STXBP1	synaptic_wiring	synaptic_wiring	5.2525389164357135	1.0	0.5	0.5	0.5586258401792382	0.33932403347845597	0.21930180670078225	2678	4790	2	True
genome	GSE122357	GSM3464549_P0	cerebellum	cerebellar	STXBP5	STXBP5	synaptic_wiring	synaptic_wiring	5.035665896251466	1.0	0.5	0.5	0.0660941000746826	0.041256533872707	0.024837566201975594	2678	4790	2	True
genome	GSE122357	GSM3464549_P0	cerebellum	cerebellar	STXBP5L	STXBP5L	synaptic_wiring	synaptic_wiring	5.06800546524533	1.0	0.5	0.5	0.1067961165048543	0.051060455441334446	0.05573566106351985	2678	4790	2	True
genome	GSE122357	GSM3464549_P0	cerebellum	cerebellar	SYNPR	SYNPR	synaptic_wiring	synaptic_wiring	5.163026400960264	1.0	0.5	0.5	0.2897684839432412	0.15097451829548203	0.13879396564775914	2678	4790	2	True
genome	GSE122357	GSM3464550_P8a	cerebellum	cerebellar	ADD2	ADD2	cytoskeleton_morphogenesis	cytoskeleton_morphogenesis	5.117839061510196	1.0	0.5	0.5	0.2555235350624399	0.18605147459556703	0.06947206046687288	2082	4006	2	True
genome	GSE122357	GSM3464550_P8a	cerebellum	cerebellar	CACNA1E	CACNA1E	synaptic_wiring	synaptic_wiring	5.063035403837544	1.0	0.5	0.5	0.1431316042267051	0.1132348427457992	0.029896761480905892	2082	4006	2	True
genome	GSE122357	GSM3464550_P8a	cerebellum	cerebellar	CACNA2D1	CACNA2D1	synaptic_wiring	synaptic_wiring	5.237917524870884	1.0	0.5	0.5	0.5009606147934679	0.2169522162507769	0.284008398542691	2082	4006	2	True
genome	GSE122357	GSM3464550_P8a	cerebellum	cerebellar	CALM2	CALM2	synaptic_wiring	synaptic_wiring	5.244131944083708	1.0	0.5	0.5	0.999519692603266	0.9915920802820721	0.007927612321193878	2082	4006	2	True
genome	GSE122357	GSM3464550_P8a	cerebellum	cerebellar	CAMTA1	CAMTA1	regulatory_morphogenesis_candidate	regulatory_morphogenesis_candidate	5.390005460425881	1.0	0.5	0.5	0.8861671469740634	0.7176740611127974	0.168493085861266	2082	4006	2	True
genome	GSE122357	GSM3464550_P8a	cerebellum	cerebellar	GABRA2	GABRA2	synaptic_wiring	synaptic_wiring	5.068689083899109	1.0	0.5	0.5	0.0936599423631124	0.03933034222588385	0.05432960013722855	2082	4006	2	True
genome	GSE122357	GSM3464550_P8a	cerebellum	cerebellar	GABRB3	GABRB3	synaptic_wiring	synaptic_wiring	5.132148779890988	0.6666666666666666	0.6666666666666666	0.0	0.2790585975024015	0.21592343853223173	0.06313515897016975	2082	4006	2	False
genome	GSE122357	GSM3464550_P8a	cerebellum	cerebellar	GPM6A	GPM6A	cytoskeleton_morphogenesis	cytoskeleton_morphogenesis	5.4774639744097335	1.0	0.5	0.5	0.9798270893371758	0.8138758307805192	0.1659512585566566	2082	4006	2	True
genome	GSE122357	GSM3464550_P8a	cerebellum	cerebellar	GRIN2B	GRIN2B	synaptic_wiring	synaptic_wiring	5.09711546208696	1.0	0.5	0.5	0.1666666666666666	0.08241359755065875	0.08425306911600786	2082	4006	2	True
genome	GSE122357	GSM3464550_P8a	cerebellum	cerebellar	KCND2	KCND2	synaptic_wiring	synaptic_wiring	5.07006775598519	0.6666666666666666	0.6666666666666666	0.0	0.1200768491834774	0.10336665382820084	0.016710195355276555	2082	4006	2	False
genome	GSE122357	GSM3464550_P8a	cerebellum	cerebellar	KCND3	KCND3	synaptic_wiring	synaptic_wiring	5.086608727424575	0.6666666666666666	0.6666666666666666	0.0	0.0893371757925072	0.09928257633148065	-0.009945400538973442	2082	4006	2	False
genome	GSE122357	GSM3464550_P8a	cerebellum	cerebellar	KCNJ3	KCNJ3	synaptic_wiring	synaptic_wiring	5.11201500439703	1.0	0.5	0.5	0.2689721421709894	0.15077375137418345	0.11819839079680597	2082	4006	2	True
genome	GSE122357	GSM3464550_P8a	cerebellum	cerebellar	KCNJ6	KCNJ6	synaptic_wiring	synaptic_wiring	5.115876315326329	1.0	0.5	0.5	0.1536983669548511	0.05275589145289765	0.10094247550195344	2082	4006	2	True
genome	GSE122357	GSM3464550_P8a	cerebellum	cerebellar	KCNK1	KCNK1	synaptic_wiring	synaptic_wiring	5.151531513892637	1.0	0.5	0.5	0.5979827089337176	0.36435735826886473	0.2336253506648529	2082	4006	2	True
genome	GSE122357	GSM3464550_P8a	cerebellum	cerebellar	MAP3K4	MAP3K4	cytoskeleton_morphogenesis	cytoskeleton_morphogenesis	5.094184326912494	1.0	0.5	0.5	0.2228626320845341	0.1700178463176134	0.0528447857669207	2082	4006	2	True
genome	GSE122357	GSM3464550_P8a	cerebellum	cerebellar	MAPK1	MAPK1	cytoskeleton_morphogenesis	cytoskeleton_morphogenesis	5.278453396465785	1.0	0.5	0.5	0.6935638808837656	0.5639670178964812	0.12959686298728446	2082	4006	2	True
genome	GSE122357	GSM3464550_P8a	cerebellum	cerebellar	NFIA	NFIA	regulatory_morphogenesis_candidate	regulatory_morphogenesis_candidate	5.458070983658397	1.0	0.5	0.5	0.9903938520653218	0.8486935798318757	0.14170027223344617	2082	4006	2	True
genome	GSE122357	GSM3464550_P8a	cerebellum	cerebellar	NFIB	NFIB	regulatory_morphogenesis_candidate	regulatory_morphogenesis_candidate	5.456430873042622	1.0	0.5	0.5	0.999519692603266	0.8656165481871831	0.13390314441608286	2082	4006	2	True
genome	GSE122357	GSM3464550_P8a	cerebellum	cerebellar	PPP3CA	PPP3CA	synaptic_wiring	synaptic_wiring	5.455182618321777	1.0	0.5	0.5	0.926032660902978	0.7633339369962922	0.16269872390668583	2082	4006	2	True
genome	GSE122357	GSM3464550_P8a	cerebellum	cerebellar	RFX3	RFX3	regulatory_morphogenesis_candidate	regulatory_morphogenesis_candidate	5.11374282878083	1.0	0.5	0.5	0.2439961575408261	0.1512532808231582	0.0927428767176679	2082	4006	2	True
genome	GSE122357	GSM3464550_P8a	cerebellum	cerebellar	STXBP1	STXBP1	synaptic_wiring	synaptic_wiring	5.2525389164357135	1.0	0.5	0.5	0.6354466858789626	0.4269559317537769	0.2084907541251857	2082	4006	2	True
genome	GSE122357	GSM3464550_P8a	cerebellum	cerebellar	STXBP5	STXBP5	synaptic_wiring	synaptic_wiring	5.035665896251466	0.6666666666666666	0.6666666666666666	0.0	0.0662824207492795	0.0591640713410585	0.007118349408220995	2082	4006	2	False
genome	GSE122357	GSM3464550_P8a	cerebellum	cerebellar	STXBP5L	STXBP5L	synaptic_wiring	synaptic_wiring	5.06800546524533	1.0	0.5	0.5	0.1652257444764649	0.09653590986886906	0.06868983460759584	2082	4006	2	True
genome	GSE122357	GSM3464550_P8a	cerebellum	cerebellar	SYNPR	SYNPR	synaptic_wiring	synaptic_wiring	5.163026400960264	0.6666666666666666	0.6666666666666666	0.0	0.4404418828049952	0.3061897559246118	0.1342521268803834	2082	4006	2	False
genome	GSE122357	GSM3464551_P8b	cerebellum	cerebellar	ADD2	ADD2	cytoskeleton_morphogenesis	cytoskeleton_morphogenesis	5.117839061510196	1.0	0.5	0.5	0.1920652576937337	0.14962406712056453	0.04244119057316917	2697	5471	2	True
genome	GSE122357	GSM3464551_P8b	cerebellum	cerebellar	CACNA1E	CACNA1E	synaptic_wiring	synaptic_wiring	5.063035403837544	0.6666666666666666	0.6666666666666666	0.0	0.1090100111234705	0.096419911423813	0.012590099699657506	2697	5471	2	False
genome	GSE122357	GSM3464551_P8b	cerebellum	cerebellar	CACNA2D1	CACNA2D1	synaptic_wiring	synaptic_wiring	5.237917524870884	1.0	0.5	0.5	0.3700407860585836	0.1748083858787567	0.1952324001798269	2697	5471	2	True
genome	GSE122357	GSM3464551_P8b	cerebellum	cerebellar	CALM2	CALM2	synaptic_wiring	synaptic_wiring	5.244131944083708	1.0	0.5	0.5	0.9996292176492398	0.9764148167614393	0.02321440088780058	2697	5471	2	True
genome	GSE122357	GSM3464551_P8b	cerebellum	cerebellar	CAMTA1	CAMTA1	regulatory_morphogenesis_candidate	regulatory_morphogenesis_candidate	5.390005460425881	1.0	0.5	0.5	0.7879124953652206	0.6278834821694879	0.1600290131957327	2697	5471	2	True
genome	GSE122357	GSM3464551_P8b	cerebellum	cerebellar	GABRA2	GABRA2	synaptic_wiring	synaptic_wiring	5.068689083899109	1.0	0.5	0.5	0.0674823878383388	0.0369564551468181	0.030525932691520707	2697	5471	2	True
genome	GSE122357	GSM3464551_P8b	cerebellum	cerebellar	GABRB3	GABRB3	synaptic_wiring	synaptic_wiring	5.132148779890988	1.0	0.5	0.5	0.2495365220615498	0.1682852833583498	0.0812512387032	2697	5471	2	True
genome	GSE122357	GSM3464551_P8b	cerebellum	cerebellar	GPM6A	GPM6A	cytoskeleton_morphogenesis	cytoskeleton_morphogenesis	5.4774639744097335	1.0	0.5	0.5	0.950315164998146	0.7825937474305006	0.16772141756764536	2697	5471	2	True
genome	GSE122357	GSM3464551_P8b	cerebellum	cerebellar	GRIN2B	GRIN2B	synaptic_wiring	synaptic_wiring	5.09711546208696	1.0	0.5	0.5	0.1835372636262514	0.0897692408146945	0.09376802281155688	2697	5471	2	True
genome	GSE122357	GSM3464551_P8b	cerebellum	cerebellar	KCND2	KCND2	synaptic_wiring	synaptic_wiring	5.07006775598519	1.0	0.5	0.5	0.1097515758249907	0.07556807097703044	0.03418350484796026	2697	5471	2	True
genome	GSE122357	GSM3464551_P8b	cerebellum	cerebellar	KCND3	KCND3	synaptic_wiring	synaptic_wiring	5.086608727424575	0.6666666666666666	0.6666666666666666	0.0	0.1182795698924731	0.11086473026503525	0.007414839627437844	2697	5471	2	False
genome	GSE122357	GSM3464551_P8b	cerebellum	cerebellar	KCNJ3	KCNJ3	synaptic_wiring	synaptic_wiring	5.11201500439703	1.0	0.5	0.5	0.1790878754171301	0.11812341497153594	0.06096446044559414	2697	5471	2	True
genome	GSE122357	GSM3464551_P8b	cerebellum	cerebellar	KCNJ6	KCNJ6	synaptic_wiring	synaptic_wiring	5.115876315326329	1.0	0.5	0.5	0.0456062291434927	0.016068339414146	0.029537889729346702	2697	5471	2	True
genome	GSE122357	GSM3464551_P8b	cerebellum	cerebellar	KCNK1	KCNK1	synaptic_wiring	synaptic_wiring	5.151531513892637	1.0	0.5	0.5	0.4812754912866147	0.2577891099979524	0.22348638128866227	2697	5471	2	True
genome	GSE122357	GSM3464551_P8b	cerebellum	cerebellar	MAP3K4	MAP3K4	cytoskeleton_morphogenesis	cytoskeleton_morphogenesis	5.094184326912494	1.0	0.5	0.5	0.1538746755654431	0.1158104624373445	0.0380642131280986	2697	5471	2	True
genome	GSE122357	GSM3464551_P8b	cerebellum	cerebellar	MAPK1	MAPK1	cytoskeleton_morphogenesis	cytoskeleton_morphogenesis	5.278453396465785	1.0	0.5	0.5	0.6277345198368558	0.49894902435603306	0.12878549548082274	2697	5471	2	True
genome	GSE122357	GSM3464551_P8b	cerebellum	cerebellar	NFIA	NFIA	regulatory_morphogenesis_candidate	regulatory_morphogenesis_candidate	5.458070983658397	1.0	0.5	0.5	0.953652206154987	0.8245140723925728	0.12913813376241423	2697	5471	2	True
genome	GSE122357	GSM3464551_P8b	cerebellum	cerebellar	NFIB	NFIB	regulatory_morphogenesis_candidate	regulatory_morphogenesis_candidate	5.456430873042622	1.0	0.5	0.5	0.9985168705969596	0.9106303919181887	0.08788647867877086	2697	5471	2	True
genome	GSE122357	GSM3464551_P8b	cerebellum	cerebellar	PPP3CA	PPP3CA	synaptic_wiring	synaptic_wiring	5.455182618321777	1.0	0.5	0.5	0.8946978123841305	0.7186402168778425	0.17605759550628797	2697	5471	2	True
genome	GSE122357	GSM3464551_P8b	cerebellum	cerebellar	RFX3	RFX3	regulatory_morphogenesis_candidate	regulatory_morphogenesis_candidate	5.11374282878083	1.0	0.5	0.5	0.210975157582499	0.15597405591553176	0.05500110166696723	2697	5471	2	True
genome	GSE122357	GSM3464551_P8b	cerebellum	cerebellar	STXBP1	STXBP1	synaptic_wiring	synaptic_wiring	5.2525389164357135	1.0	0.5	0.5	0.5454208379681127	0.36593863511415425	0.17948220285395844	2697	5471	2	True
genome	GSE122357	GSM3464551_P8b	cerebellum	cerebellar	STXBP5	STXBP5	synaptic_wiring	synaptic_wiring	5.035665896251466	0.6666666666666666	0.6666666666666666	0.0	0.0763811642565813	0.06452426171732036	0.011856902539260944	2697	5471	2	False
genome	GSE122357	GSM3464551_P8b	cerebellum	cerebellar	STXBP5L	STXBP5L	synaptic_wiring	synaptic_wiring	5.06800546524533	1.0	0.5	0.5	0.103819058212829	0.059927376877649055	0.04389168133517994	2697	5471	2	True
genome	GSE122357	GSM3464551_P8b	cerebellum	cerebellar	SYNPR	SYNPR	synaptic_wiring	synaptic_wiring	5.163026400960264	1.0	0.5	0.5	0.3344456803856136	0.2369543995472844	0.09749128083832923	2697	5471	2	True
genome	GSE165657	Cerebellum_aggr	cerebellum	cerebellar	ADD2	ADD2	cytoskeleton_morphogenesis	cytoskeleton_morphogenesis	5.117839061510196	1.0	0.5	0.5	0.1326204915416533	0.0762257880087122	0.05639470353294111	25064	48486	2	True
genome	GSE165657	Cerebellum_aggr	cerebellum	cerebellar	CACNA1E	CACNA1E	synaptic_wiring	synaptic_wiring	5.063035403837544	0.6666666666666666	0.6666666666666666	0.0	0.0221832109798914	0.02023936919409825	0.0019438417857931475	25064	48486	2	False
genome	GSE165657	Cerebellum_aggr	cerebellum	cerebellar	CACNA2D1	CACNA2D1	synaptic_wiring	synaptic_wiring	5.237917524870884	1.0	0.5	0.5	0.1872007660389403	0.0757522149008818	0.11144855113805852	25064	48486	2	True
genome	GSE165657	Cerebellum_aggr	cerebellum	cerebellar	CALM2	CALM2	synaptic_wiring	synaptic_wiring	5.244131944083708	1.0	0.5	0.5	0.973308330673476	0.9285023634540988	0.04480596721937724	25064	48486	2	True
genome	GSE165657	Cerebellum_aggr	cerebellum	cerebellar	CAMTA1	CAMTA1	regulatory_morphogenesis_candidate	regulatory_morphogenesis_candidate	5.390005460425881	1.0	0.5	0.5	0.4630545802744973	0.3489109974418899	0.1141435828326074	25064	48486	2	True
genome	GSE165657	Cerebellum_aggr	cerebellum	cerebellar	GABRA2	GABRA2	synaptic_wiring	synaptic_wiring	5.068689083899109	1.0	0.5	0.5	0.1810963932333227	0.08892234825011924	0.09217404498320345	25064	48486	2	True
genome	GSE165657	Cerebellum_aggr	cerebellum	cerebellar	GABRB3	GABRB3	synaptic_wiring	synaptic_wiring	5.132148779890988	1.0	0.5	0.5	0.2181216086817746	0.1118143179086127	0.10630729077316191	25064	48486	2	True
genome	GSE165657	Cerebellum_aggr	cerebellum	cerebellar	GPM6A	GPM6A	cytoskeleton_morphogenesis	cytoskeleton_morphogenesis	5.4774639744097335	1.0	0.5	0.5	0.9006942227896585	0.7822536734571386	0.1184405493325199	25064	48486	2	True
genome	GSE165657	Cerebellum_aggr	cerebellum	cerebellar	GRIN2B	GRIN2B	synaptic_wiring	synaptic_wiring	5.09711546208696	1.0	0.5	0.5	0.199888285987871	0.06563863906176284	0.13424964692610816	25064	48486	2	True
genome	GSE165657	Cerebellum_aggr	cerebellum	cerebellar	KCND2	KCND2	synaptic_wiring	synaptic_wiring	5.07006775598519	1.0	0.5	0.5	0.0644749441429939	0.0513602626616899	0.013114681481304	25064	48486	2	True
genome	GSE165657	Cerebellum_aggr	cerebellum	cerebellar	KCND3	KCND3	synaptic_wiring	synaptic_wiring	5.086608727424575	1.0	0.5	0.5	0.0930817108203	0.0485369249608192	0.04454478585948081	25064	48486	2	True
genome	GSE165657	Cerebellum_aggr	cerebellum	cerebellar	KCNJ3	KCNJ3	synaptic_wiring	synaptic_wiring	5.11201500439703	1.0	0.5	0.5	0.0312799233961059	0.01558568909534145	0.01569423430076445	25064	48486	2	True
genome	GSE165657	Cerebellum_aggr	cerebellum	cerebellar	KCNJ6	KCNJ6	synaptic_wiring	synaptic_wiring	5.115876315326329	1.0	0.5	0.5	0.3098068943504628	0.20121951280269745	0.10858738154776537	25064	48486	2	True
genome	GSE165657	Cerebellum_aggr	cerebellum	cerebellar	KCNK1	KCNK1	synaptic_wiring	synaptic_wiring	5.151531513892637	1.0	0.5	0.5	0.1934248324289818	0.0674692758576216	0.1259555565713602	25064	48486	2	True
genome	GSE165657	Cerebellum_aggr	cerebellum	cerebellar	MAP3K4	MAP3K4	cytoskeleton_morphogenesis	cytoskeleton_morphogenesis	5.094184326912494	1.0	0.5	0.5	0.0475582508777529	0.03823266755488495	0.009325583322867953	25064	48486	2	True
genome	GSE165657	Cerebellum_aggr	cerebellum	cerebellar	MAPK1	MAPK1	cytoskeleton_morphogenesis	cytoskeleton_morphogenesis	5.278453396465785	1.0	0.5	0.5	0.0926428343440791	0.08042002610232066	0.012222808241758448	25064	48486	2	True
genome	GSE165657	Cerebellum_aggr	cerebellum	cerebellar	NFIA	NFIA	regulatory_morphogenesis_candidate	regulatory_morphogenesis_candidate	5.458070983658397	1.0	0.5	0.5	0.7730210660708586	0.534502287436013	0.2385187786348456	25064	48486	2	True
genome	GSE165657	Cerebellum_aggr	cerebellum	cerebellar	NFIB	NFIB	regulatory_morphogenesis_candidate	regulatory_morphogenesis_candidate	5.456430873042622	1.0	0.5	0.5	0.9483721672518352	0.6727430536526626	0.2756291135991725	25064	48486	2	True
genome	GSE165657	Cerebellum_aggr	cerebellum	cerebellar	PPP3CA	PPP3CA	synaptic_wiring	synaptic_wiring	5.455182618321777	1.0	0.5	0.5	0.2667969996808171	0.16582777209524263	0.10096922758557447	25064	48486	2	True
genome	GSE165657	Cerebellum_aggr	cerebellum	cerebellar	RFX3	RFX3	regulatory_morphogenesis_candidate	regulatory_morphogenesis_candidate	5.11374282878083	1.0	0.5	0.5	0.0970315991062879	0.07480499395342795	0.022226605152859957	25064	48486	2	True
genome	GSE165657	Cerebellum_aggr	cerebellum	cerebellar	STXBP1	STXBP1	synaptic_wiring	synaptic_wiring	5.2525389164357135	1.0	0.5	0.5	0.2639642515161187	0.13419510851518326	0.12976914300093542	25064	48486	2	True
genome	GSE165657	Cerebellum_aggr	cerebellum	cerebellar	STXBP5	STXBP5	synaptic_wiring	synaptic_wiring	5.035665896251466	1.0	0.5	0.5	0.0082189594637727	0.0053829174643417	0.0028360419994310007	25064	48486	2	True
genome	GSE165657	Cerebellum_aggr	cerebellum	cerebellar	STXBP5L	STXBP5L	synaptic_wiring	synaptic_wiring	5.06800546524533	1.0	0.5	0.5	0.0920842642834344	0.038813319999128196	0.053270944284306204	25064	48486	2	True
genome	GSE165657	Cerebellum_aggr	cerebellum	cerebellar	SYNPR	SYNPR	synaptic_wiring	synaptic_wiring	5.163026400960264	0.6666666666666666	0.6666666666666666	0.0	0.0043089690392594	0.0028690395892081	0.0014399294500512996	25064	48486	2	False
genome	GSE312658	Ctrl	cerebellum	cerebellar	ADD2	ADD2	cytoskeleton_morphogenesis	cytoskeleton_morphogenesis	5.117839061510196	0.6666666666666666	0.6666666666666666	0.0	0.3132859486057955	0.23156570116566583	0.08172024744012968	1829	3028	2	False
genome	GSE312658	Ctrl	cerebellum	cerebellar	CACNA1E	CACNA1E	synaptic_wiring	synaptic_wiring	5.063035403837544	1.0	0.5	0.5	0.7085839256424276	0.46876241831508303	0.23982150732734453	1829	3028	2	True
genome	GSE312658	Ctrl	cerebellum	cerebellar	CACNA2D1	CACNA2D1	synaptic_wiring	synaptic_wiring	5.237917524870884	1.0	0.5	0.5	0.8201202843083653	0.4430482272165312	0.37707205709183406	1829	3028	2	True
genome	GSE312658	Ctrl	cerebellum	cerebellar	CALM2	CALM2	synaptic_wiring	synaptic_wiring	5.244131944083708	0.6666666666666666	0.6666666666666666	0.0	0.6828868234007655	0.5749362526492405	0.10795057075152492	1829	3028	2	False
genome	GSE312658	Ctrl	cerebellum	cerebellar	CAMTA1	CAMTA1	regulatory_morphogenesis_candidate	regulatory_morphogenesis_candidate	5.390005460425881	0.6666666666666666	0.6666666666666666	0.0	0.7845817386550027	0.6091293933239138	0.1754523453310889	1829	3028	2	False
genome	GSE312658	Ctrl	cerebellum	cerebellar	GABRA2	GABRA2	synaptic_wiring	synaptic_wiring	5.068689083899109	1.0	0.5	0.5	0.3947512301804264	0.19256391292829383	0.20218731725213257	1829	3028	2	True
genome	GSE312658	Ctrl	cerebellum	cerebellar	GABRB3	GABRB3	synaptic_wiring	synaptic_wiring	5.132148779890988	1.0	0.5	0.5	0.8277747402952433	0.5927358376015541	0.2350389026936892	1829	3028	2	True
genome	GSE312658	Ctrl	cerebellum	cerebellar	GPM6A	GPM6A	cytoskeleton_morphogenesis	cytoskeleton_morphogenesis	5.4774639744097335	1.0	0.5	0.5	0.9595407326407872	0.7680838263864359	0.1914569062543513	1829	3028	2	True
genome	GSE312658	Ctrl	cerebellum	cerebellar	GRIN2B	GRIN2B	synaptic_wiring	synaptic_wiring	5.09711546208696	1.0	0.5	0.5	0.7987971569163478	0.4853795037089367	0.3134176532074111	1829	3028	2	True
genome	GSE312658	Ctrl	cerebellum	cerebellar	KCND2	KCND2	synaptic_wiring	synaptic_wiring	5.07006775598519	1.0	0.5	0.5	0.882449425915801	0.7245824686506535	0.15786695726514755	1829	3028	2	True
genome	GSE312658	Ctrl	cerebellum	cerebellar	KCND3	KCND3	synaptic_wiring	synaptic_wiring	5.086608727424575	1.0	0.5	0.5	0.7102241662110443	0.4314646988696573	0.278759467341387	1829	3028	2	True
genome	GSE312658	Ctrl	cerebellum	cerebellar	KCNJ3	KCNJ3	synaptic_wiring	synaptic_wiring	5.11201500439703	1.0	0.5	0.5	0.8091853471842537	0.4094373675379724	0.39974797964628134	1829	3028	2	True
genome	GSE312658	Ctrl	cerebellum	cerebellar	KCNJ6	KCNJ6	synaptic_wiring	synaptic_wiring	5.115876315326329	1.0	0.5	0.5	0.7807545106615636	0.39404831552454955	0.3867061951370141	1829	3028	2	True
genome	GSE312658	Ctrl	cerebellum	cerebellar	KCNK1	KCNK1	synaptic_wiring	synaptic_wiring	5.151531513892637	1.0	0.5	0.5	0.2487698195735374	0.125017937566231	0.12375188200730639	1829	3028	2	True
genome	GSE312658	Ctrl	cerebellum	cerebellar	MAP3K4	MAP3K4	cytoskeleton_morphogenesis	cytoskeleton_morphogenesis	5.094184326912494	0.6666666666666666	0.6666666666666666	0.0	0.3335155822854018	0.26913524373013065	0.06438033855527114	1829	3028	2	False
genome	GSE312658	Ctrl	cerebellum	cerebellar	MAPK1	MAPK1	cytoskeleton_morphogenesis	cytoskeleton_morphogenesis	5.278453396465785	0.6666666666666666	0.6666666666666666	0.0	0.5604155276107162	0.41584935755916635	0.14456617005154987	1829	3028	2	False
genome	GSE312658	Ctrl	cerebellum	cerebellar	NFIA	NFIA	regulatory_morphogenesis_candidate	regulatory_morphogenesis_candidate	5.458070983658397	1.0	0.5	0.5	0.9447785675232367	0.6229426991345814	0.3218358683886553	1829	3028	2	True
genome	GSE312658	Ctrl	cerebellum	cerebellar	NFIB	NFIB	regulatory_morphogenesis_candidate	regulatory_morphogenesis_candidate	5.456430873042622	1.0	0.5	0.5	0.9666484417714598	0.7108685093606499	0.2557799324108099	1829	3028	2	True
genome	GSE312658	Ctrl	cerebellum	cerebellar	PPP3CA	PPP3CA	synaptic_wiring	synaptic_wiring	5.455182618321777	1.0	0.5	0.5	0.9447785675232367	0.7586762628046626	0.18610230471857414	1829	3028	2	True
genome	GSE312658	Ctrl	cerebellum	cerebellar	RFX3	RFX3	regulatory_morphogenesis_candidate	regulatory_morphogenesis_candidate	5.11374282878083	1.0	0.5	0.5	0.6889010388190268	0.5022435755916637	0.1866574632273631	1829	3028	2	True
genome	GSE312658	Ctrl	cerebellum	cerebellar	STXBP1	STXBP1	synaptic_wiring	synaptic_wiring	5.2525389164357135	0.6666666666666666	0.6666666666666666	0.0	0.4647348277747403	0.3553362879724479	0.10939853980229242	1829	3028	2	False
genome	GSE312658	Ctrl	cerebellum	cerebellar	STXBP5	STXBP5	synaptic_wiring	synaptic_wiring	5.035665896251466	1.0	0.5	0.5	0.5418261344997266	0.36110666504768635	0.18071946945204026	1829	3028	2	True
genome	GSE312658	Ctrl	cerebellum	cerebellar	STXBP5L	STXBP5L	synaptic_wiring	synaptic_wiring	5.06800546524533	1.0	0.5	0.5	0.7845817386550027	0.5065872262451431	0.2779945124098596	1829	3028	2	True
genome	GSE312658	Ctrl	cerebellum	cerebellar	SYNPR	SYNPR	synaptic_wiring	synaptic_wiring	5.163026400960264	1.0	0.5	0.5	0.3176599234554401	0.18321292167078765	0.13444700178465244	1829	3028	2	True
genome	GSE312658	cKO	cerebellum	cerebellar	ADD2	ADD2	cytoskeleton_morphogenesis	cytoskeleton_morphogenesis	5.117839061510196	0.6666666666666666	0.6666666666666666	0.0	0.3044224989265779	0.24836618327295729	0.056056315653620625	2329	4617	2	False
genome	GSE312658	cKO	cerebellum	cerebellar	CACNA1E	CACNA1E	synaptic_wiring	synaptic_wiring	5.063035403837544	1.0	0.5	0.5	0.8046371833404895	0.5139231276691781	0.29071405567131137	2329	4617	2	True
genome	GSE312658	cKO	cerebellum	cerebellar	CACNA2D1	CACNA2D1	synaptic_wiring	synaptic_wiring	5.237917524870884	1.0	0.5	0.5	0.8162301416917132	0.3927487085710758	0.42348143312063735	2329	4617	2	True
genome	GSE312658	cKO	cerebellum	cerebellar	CALM2	CALM2	synaptic_wiring	synaptic_wiring	5.244131944083708	0.6666666666666666	0.6666666666666666	0.0	0.6109918419922714	0.5528801083295719	0.058111733662699505	2329	4617	2	False
genome	GSE312658	cKO	cerebellum	cerebellar	CAMTA1	CAMTA1	regulatory_morphogenesis_candidate	regulatory_morphogenesis_candidate	5.390005460425881	0.6666666666666666	0.6666666666666666	0.0	0.7754401030485186	0.6778275445682828	0.09761255848023587	2329	4617	2	False
genome	GSE312658	cKO	cerebellum	cerebellar	GABRA2	GABRA2	synaptic_wiring	synaptic_wiring	5.068689083899109	1.0	0.5	0.5	0.4401030485186775	0.20338992859044244	0.23671311992823504	2329	4617	2	True
genome	GSE312658	cKO	cerebellum	cerebellar	GABRB3	GABRB3	synaptic_wiring	synaptic_wiring	5.132148779890988	1.0	0.5	0.5	0.8441391155002147	0.6513450536053917	0.19279406189482295	2329	4617	2	True
genome	GSE312658	cKO	cerebellum	cerebellar	GPM6A	GPM6A	cytoskeleton_morphogenesis	cytoskeleton_morphogenesis	5.4774639744097335	1.0	0.5	0.5	0.9647917561185058	0.8143978411243438	0.150393914994162	2329	4617	2	True
genome	GSE312658	cKO	cerebellum	cerebellar	GRIN2B	GRIN2B	synaptic_wiring	synaptic_wiring	5.09711546208696	1.0	0.5	0.5	0.8900815800772864	0.4977537431184874	0.392327836958799	2329	4617	2	True
genome	GSE312658	cKO	cerebellum	cerebellar	KCND2	KCND2	synaptic_wiring	synaptic_wiring	5.07006775598519	1.0	0.5	0.5	0.888364104765994	0.718177223784668	0.17018688098132606	2329	4617	2	True
genome	GSE312658	cKO	cerebellum	cerebellar	KCND3	KCND3	synaptic_wiring	synaptic_wiring	5.086608727424575	1.0	0.5	0.5	0.6470588235294118	0.4166136206690354	0.2304452028603764	2329	4617	2	True
genome	GSE312658	cKO	cerebellum	cerebellar	KCNJ3	KCNJ3	synaptic_wiring	synaptic_wiring	5.11201500439703	1.0	0.5	0.5	0.7784456848432804	0.36464301008066846	0.4138026747626119	2329	4617	2	True
genome	GSE312658	cKO	cerebellum	cerebellar	KCNJ6	KCNJ6	synaptic_wiring	synaptic_wiring	5.115876315326329	1.0	0.5	0.5	0.7277801631601546	0.29816865926723224	0.42961150389292235	2329	4617	2	True
genome	GSE312658	cKO	cerebellum	cerebellar	KCNK1	KCNK1	synaptic_wiring	synaptic_wiring	5.151531513892637	1.0	0.5	0.5	0.2408759124087591	0.11703104444675916	0.12384486796199995	2329	4617	2	True
genome	GSE312658	cKO	cerebellum	cerebellar	MAP3K4	MAP3K4	cytoskeleton_morphogenesis	cytoskeleton_morphogenesis	5.094184326912494	0.6666666666666666	0.6666666666666666	0.0	0.3044224989265779	0.29638824269219044	0.008034256234387471	2329	4617	2	False
genome	GSE312658	cKO	cerebellum	cerebellar	MAPK1	MAPK1	cytoskeleton_morphogenesis	cytoskeleton_morphogenesis	5.278453396465785	0.6666666666666666	0.6666666666666666	0.0	0.498067840274796	0.44599145862990863	0.05207638164488737	2329	4617	2	False
genome	GSE312658	cKO	cerebellum	cerebellar	NFIA	NFIA	regulatory_morphogenesis_candidate	regulatory_morphogenesis_candidate	5.458070983658397	1.0	0.5	0.5	0.8875053671103478	0.5580217122090668	0.32948365490128095	2329	4617	2	True
genome	GSE312658	cKO	cerebellum	cerebellar	NFIB	NFIB	regulatory_morphogenesis_candidate	regulatory_morphogenesis_candidate	5.456430873042622	1.0	0.5	0.5	0.9433233147273508	0.6641407127067347	0.27918260202061607	2329	4617	2	True
genome	GSE312658	cKO	cerebellum	cerebellar	PPP3CA	PPP3CA	synaptic_wiring	synaptic_wiring	5.455182618321777	1.0	0.5	0.5	0.9282954057535424	0.8028550320397826	0.12544037371375982	2329	4617	2	True
genome	GSE312658	cKO	cerebellum	cerebellar	RFX3	RFX3	regulatory_morphogenesis_candidate	regulatory_morphogenesis_candidate	5.11374282878083	1.0	0.5	0.5	0.6277372262773723	0.5331643577190607	0.0945728685583116	2329	4617	2	True
genome	GSE312658	cKO	cerebellum	cerebellar	STXBP1	STXBP1	synaptic_wiring	synaptic_wiring	5.2525389164357135	0.6666666666666666	0.6666666666666666	0.0	0.437956204379562	0.354597062601993	0.08335914177756903	2329	4617	2	False
genome	GSE312658	cKO	cerebellum	cerebellar	STXBP5	STXBP5	synaptic_wiring	synaptic_wiring	5.035665896251466	1.0	0.5	0.5	0.5440103048518677	0.4126380642647438	0.13137224058712393	2329	4617	2	True
genome	GSE312658	cKO	cerebellum	cerebellar	STXBP5L	STXBP5L	synaptic_wiring	synaptic_wiring	5.06800546524533	1.0	0.5	0.5	0.8643194504079004	0.5359979784652539	0.3283214719426465	2329	4617	2	True
genome	GSE312658	cKO	cerebellum	cerebellar	SYNPR	SYNPR	synaptic_wiring	synaptic_wiring	5.163026400960264	1.0	0.5	0.5	0.34349506225848	0.19075340748199326	0.1527416547764867	2329	4617	2	True
