contrast_id	audit_scope	expression_layer	dataset	core_branch	branch_kind	sample	target_class	background_classes	module_score	module_label	candidate_median	background_median	delta_candidate_minus_background
primary_core_candidate_background|full_mgi_ortholog_matrix|GSE122357|GSM3464549_P0|cerebellar_candidate	primary_core_candidate_background	full_mgi_ortholog_matrix	GSE122357	cerebellum	cerebellar	GSM3464549_P0	cerebellar_candidate	broad_neuronal_structural_warning,other_or_ambiguous	cerebellar_fate_rank	Cerebellar fate	1.0	0.5	0.5
primary_core_candidate_background|full_mgi_ortholog_matrix|GSE122357|GSM3464549_P0|cerebellar_candidate	primary_core_candidate_background	full_mgi_ortholog_matrix	GSE122357	cerebellum	cerebellar	GSM3464549_P0	cerebellar_candidate	broad_neuronal_structural_warning,other_or_ambiguous	dentate_fate_rank	Dentate fate	0.6666666666666666	0.8333333333333333	-0.16666666666666663
primary_core_candidate_background|full_mgi_ortholog_matrix|GSE122357|GSM3464549_P0|cerebellar_candidate	primary_core_candidate_background	full_mgi_ortholog_matrix	GSE122357	cerebellum	cerebellar	GSM3464549_P0	cerebellar_candidate	broad_neuronal_structural_warning,other_or_ambiguous	niche_rank	Niche/progenitor	0.3333333333333333	0.6666666666666666	-0.3333333333333333
primary_core_candidate_background|full_mgi_ortholog_matrix|GSE122357|GSM3464549_P0|cerebellar_candidate	primary_core_candidate_background	full_mgi_ortholog_matrix	GSE122357	cerebellum	cerebellar	GSM3464549_P0	cerebellar_candidate	broad_neuronal_structural_warning,other_or_ambiguous	neurite_morphology_rank	Neurite/morphology	1.0	0.5	0.5
primary_core_candidate_background|full_mgi_ortholog_matrix|GSE122357|GSM3464549_P0|cerebellar_candidate	primary_core_candidate_background	full_mgi_ortholog_matrix	GSE122357	cerebellum	cerebellar	GSM3464549_P0	cerebellar_candidate	broad_neuronal_structural_warning,other_or_ambiguous	synaptic_excitability_rank	Synaptic/excitability	1.0	0.5	0.5
primary_core_candidate_background|full_mgi_ortholog_matrix|GSE122357|GSM3464549_P0|cerebellar_candidate	primary_core_candidate_background	full_mgi_ortholog_matrix	GSE122357	cerebellum	cerebellar	GSM3464549_P0	cerebellar_candidate	broad_neuronal_structural_warning,other_or_ambiguous	downstream_mean_rank	Downstream mean	1.0	0.5	0.5
primary_core_candidate_background|full_mgi_ortholog_matrix|GSE122357|GSM3464549_P0|cerebellar_candidate	primary_core_candidate_background	full_mgi_ortholog_matrix	GSE122357	cerebellum	cerebellar	GSM3464549_P0	cerebellar_candidate	broad_neuronal_structural_warning,other_or_ambiguous	branch_matched_fate_rank	Matched fate	1.0	0.5	0.5
primary_core_candidate_background|full_mgi_ortholog_matrix|GSE122357|GSM3464549_P0|cerebellar_candidate	primary_core_candidate_background	full_mgi_ortholog_matrix	GSE122357	cerebellum	cerebellar	GSM3464549_P0	cerebellar_candidate	broad_neuronal_structural_warning,other_or_ambiguous	branch_opposed_fate_rank	Opposed fate	0.6666666666666666	0.8333333333333333	-0.16666666666666663
primary_core_candidate_background|full_mgi_ortholog_matrix|GSE122357|GSM3464550_P8a|cerebellar_candidate	primary_core_candidate_background	full_mgi_ortholog_matrix	GSE122357	cerebellum	cerebellar	GSM3464550_P8a	cerebellar_candidate	broad_neuronal_structural_warning,other_or_ambiguous	cerebellar_fate_rank	Cerebellar fate	1.0	0.5	0.5
primary_core_candidate_background|full_mgi_ortholog_matrix|GSE122357|GSM3464550_P8a|cerebellar_candidate	primary_core_candidate_background	full_mgi_ortholog_matrix	GSE122357	cerebellum	cerebellar	GSM3464550_P8a	cerebellar_candidate	broad_neuronal_structural_warning,other_or_ambiguous	dentate_fate_rank	Dentate fate	0.6666666666666666	0.8333333333333333	-0.16666666666666663
primary_core_candidate_background|full_mgi_ortholog_matrix|GSE122357|GSM3464550_P8a|cerebellar_candidate	primary_core_candidate_background	full_mgi_ortholog_matrix	GSE122357	cerebellum	cerebellar	GSM3464550_P8a	cerebellar_candidate	broad_neuronal_structural_warning,other_or_ambiguous	niche_rank	Niche/progenitor	0.3333333333333333	0.8333333333333333	-0.49999999999999994
primary_core_candidate_background|full_mgi_ortholog_matrix|GSE122357|GSM3464550_P8a|cerebellar_candidate	primary_core_candidate_background	full_mgi_ortholog_matrix	GSE122357	cerebellum	cerebellar	GSM3464550_P8a	cerebellar_candidate	broad_neuronal_structural_warning,other_or_ambiguous	neurite_morphology_rank	Neurite/morphology	1.0	0.5	0.5
primary_core_candidate_background|full_mgi_ortholog_matrix|GSE122357|GSM3464550_P8a|cerebellar_candidate	primary_core_candidate_background	full_mgi_ortholog_matrix	GSE122357	cerebellum	cerebellar	GSM3464550_P8a	cerebellar_candidate	broad_neuronal_structural_warning,other_or_ambiguous	synaptic_excitability_rank	Synaptic/excitability	1.0	0.5	0.5
primary_core_candidate_background|full_mgi_ortholog_matrix|GSE122357|GSM3464550_P8a|cerebellar_candidate	primary_core_candidate_background	full_mgi_ortholog_matrix	GSE122357	cerebellum	cerebellar	GSM3464550_P8a	cerebellar_candidate	broad_neuronal_structural_warning,other_or_ambiguous	downstream_mean_rank	Downstream mean	1.0	0.5	0.5
primary_core_candidate_background|full_mgi_ortholog_matrix|GSE122357|GSM3464550_P8a|cerebellar_candidate	primary_core_candidate_background	full_mgi_ortholog_matrix	GSE122357	cerebellum	cerebellar	GSM3464550_P8a	cerebellar_candidate	broad_neuronal_structural_warning,other_or_ambiguous	branch_matched_fate_rank	Matched fate	1.0	0.5	0.5
primary_core_candidate_background|full_mgi_ortholog_matrix|GSE122357|GSM3464550_P8a|cerebellar_candidate	primary_core_candidate_background	full_mgi_ortholog_matrix	GSE122357	cerebellum	cerebellar	GSM3464550_P8a	cerebellar_candidate	broad_neuronal_structural_warning,other_or_ambiguous	branch_opposed_fate_rank	Opposed fate	0.6666666666666666	0.8333333333333333	-0.16666666666666663
primary_core_candidate_background|full_mgi_ortholog_matrix|GSE122357|GSM3464551_P8b|cerebellar_candidate	primary_core_candidate_background	full_mgi_ortholog_matrix	GSE122357	cerebellum	cerebellar	GSM3464551_P8b	cerebellar_candidate	broad_neuronal_structural_warning,other_or_ambiguous	cerebellar_fate_rank	Cerebellar fate	1.0	0.5	0.5
primary_core_candidate_background|full_mgi_ortholog_matrix|GSE122357|GSM3464551_P8b|cerebellar_candidate	primary_core_candidate_background	full_mgi_ortholog_matrix	GSE122357	cerebellum	cerebellar	GSM3464551_P8b	cerebellar_candidate	broad_neuronal_structural_warning,other_or_ambiguous	dentate_fate_rank	Dentate fate	0.6666666666666666	0.8333333333333333	-0.16666666666666663
primary_core_candidate_background|full_mgi_ortholog_matrix|GSE122357|GSM3464551_P8b|cerebellar_candidate	primary_core_candidate_background	full_mgi_ortholog_matrix	GSE122357	cerebellum	cerebellar	GSM3464551_P8b	cerebellar_candidate	broad_neuronal_structural_warning,other_or_ambiguous	niche_rank	Niche/progenitor	0.3333333333333333	0.8333333333333333	-0.49999999999999994
primary_core_candidate_background|full_mgi_ortholog_matrix|GSE122357|GSM3464551_P8b|cerebellar_candidate	primary_core_candidate_background	full_mgi_ortholog_matrix	GSE122357	cerebellum	cerebellar	GSM3464551_P8b	cerebellar_candidate	broad_neuronal_structural_warning,other_or_ambiguous	neurite_morphology_rank	Neurite/morphology	1.0	0.5	0.5
primary_core_candidate_background|full_mgi_ortholog_matrix|GSE122357|GSM3464551_P8b|cerebellar_candidate	primary_core_candidate_background	full_mgi_ortholog_matrix	GSE122357	cerebellum	cerebellar	GSM3464551_P8b	cerebellar_candidate	broad_neuronal_structural_warning,other_or_ambiguous	synaptic_excitability_rank	Synaptic/excitability	1.0	0.5	0.5
primary_core_candidate_background|full_mgi_ortholog_matrix|GSE122357|GSM3464551_P8b|cerebellar_candidate	primary_core_candidate_background	full_mgi_ortholog_matrix	GSE122357	cerebellum	cerebellar	GSM3464551_P8b	cerebellar_candidate	broad_neuronal_structural_warning,other_or_ambiguous	downstream_mean_rank	Downstream mean	1.0	0.5	0.5
primary_core_candidate_background|full_mgi_ortholog_matrix|GSE122357|GSM3464551_P8b|cerebellar_candidate	primary_core_candidate_background	full_mgi_ortholog_matrix	GSE122357	cerebellum	cerebellar	GSM3464551_P8b	cerebellar_candidate	broad_neuronal_structural_warning,other_or_ambiguous	branch_matched_fate_rank	Matched fate	1.0	0.5	0.5
primary_core_candidate_background|full_mgi_ortholog_matrix|GSE122357|GSM3464551_P8b|cerebellar_candidate	primary_core_candidate_background	full_mgi_ortholog_matrix	GSE122357	cerebellum	cerebellar	GSM3464551_P8b	cerebellar_candidate	broad_neuronal_structural_warning,other_or_ambiguous	branch_opposed_fate_rank	Opposed fate	0.6666666666666666	0.8333333333333333	-0.16666666666666663
primary_core_candidate_background|full_mgi_ortholog_matrix|GSE165657|Cerebellum_aggr|cerebellar_candidate	primary_core_candidate_background	full_mgi_ortholog_matrix	GSE165657	cerebellum	cerebellar	Cerebellum_aggr	cerebellar_candidate	broad_neuronal_structural_warning,other_or_ambiguous	cerebellar_fate_rank	Cerebellar fate	1.0	0.5	0.5
primary_core_candidate_background|full_mgi_ortholog_matrix|GSE165657|Cerebellum_aggr|cerebellar_candidate	primary_core_candidate_background	full_mgi_ortholog_matrix	GSE165657	cerebellum	cerebellar	Cerebellum_aggr	cerebellar_candidate	broad_neuronal_structural_warning,other_or_ambiguous	dentate_fate_rank	Dentate fate	0.6666666666666666	0.6666666666666666	0.0
primary_core_candidate_background|full_mgi_ortholog_matrix|GSE165657|Cerebellum_aggr|cerebellar_candidate	primary_core_candidate_background	full_mgi_ortholog_matrix	GSE165657	cerebellum	cerebellar	Cerebellum_aggr	cerebellar_candidate	broad_neuronal_structural_warning,other_or_ambiguous	niche_rank	Niche/progenitor	0.3333333333333333	0.8333333333333333	-0.49999999999999994
primary_core_candidate_background|full_mgi_ortholog_matrix|GSE165657|Cerebellum_aggr|cerebellar_candidate	primary_core_candidate_background	full_mgi_ortholog_matrix	GSE165657	cerebellum	cerebellar	Cerebellum_aggr	cerebellar_candidate	broad_neuronal_structural_warning,other_or_ambiguous	neurite_morphology_rank	Neurite/morphology	1.0	0.5	0.5
primary_core_candidate_background|full_mgi_ortholog_matrix|GSE165657|Cerebellum_aggr|cerebellar_candidate	primary_core_candidate_background	full_mgi_ortholog_matrix	GSE165657	cerebellum	cerebellar	Cerebellum_aggr	cerebellar_candidate	broad_neuronal_structural_warning,other_or_ambiguous	synaptic_excitability_rank	Synaptic/excitability	1.0	0.5	0.5
primary_core_candidate_background|full_mgi_ortholog_matrix|GSE165657|Cerebellum_aggr|cerebellar_candidate	primary_core_candidate_background	full_mgi_ortholog_matrix	GSE165657	cerebellum	cerebellar	Cerebellum_aggr	cerebellar_candidate	broad_neuronal_structural_warning,other_or_ambiguous	downstream_mean_rank	Downstream mean	1.0	0.5	0.5
primary_core_candidate_background|full_mgi_ortholog_matrix|GSE165657|Cerebellum_aggr|cerebellar_candidate	primary_core_candidate_background	full_mgi_ortholog_matrix	GSE165657	cerebellum	cerebellar	Cerebellum_aggr	cerebellar_candidate	broad_neuronal_structural_warning,other_or_ambiguous	branch_matched_fate_rank	Matched fate	1.0	0.5	0.5
primary_core_candidate_background|full_mgi_ortholog_matrix|GSE165657|Cerebellum_aggr|cerebellar_candidate	primary_core_candidate_background	full_mgi_ortholog_matrix	GSE165657	cerebellum	cerebellar	Cerebellum_aggr	cerebellar_candidate	broad_neuronal_structural_warning,other_or_ambiguous	branch_opposed_fate_rank	Opposed fate	0.6666666666666666	0.6666666666666666	0.0
primary_core_candidate_background|full_mgi_ortholog_matrix|GSE312658|Ctrl|cerebellar_candidate	primary_core_candidate_background	full_mgi_ortholog_matrix	GSE312658	cerebellum	cerebellar	Ctrl	cerebellar_candidate	broad_neuronal_structural_warning,other_or_ambiguous	cerebellar_fate_rank	Cerebellar fate	1.0	0.5	0.5
primary_core_candidate_background|full_mgi_ortholog_matrix|GSE312658|Ctrl|cerebellar_candidate	primary_core_candidate_background	full_mgi_ortholog_matrix	GSE312658	cerebellum	cerebellar	Ctrl	cerebellar_candidate	broad_neuronal_structural_warning,other_or_ambiguous	dentate_fate_rank	Dentate fate	0.6666666666666666	0.6666666666666666	0.0
primary_core_candidate_background|full_mgi_ortholog_matrix|GSE312658|Ctrl|cerebellar_candidate	primary_core_candidate_background	full_mgi_ortholog_matrix	GSE312658	cerebellum	cerebellar	Ctrl	cerebellar_candidate	broad_neuronal_structural_warning,other_or_ambiguous	niche_rank	Niche/progenitor	0.6666666666666666	0.6666666666666666	0.0
primary_core_candidate_background|full_mgi_ortholog_matrix|GSE312658|Ctrl|cerebellar_candidate	primary_core_candidate_background	full_mgi_ortholog_matrix	GSE312658	cerebellum	cerebellar	Ctrl	cerebellar_candidate	broad_neuronal_structural_warning,other_or_ambiguous	neurite_morphology_rank	Neurite/morphology	1.0	0.5	0.5
primary_core_candidate_background|full_mgi_ortholog_matrix|GSE312658|Ctrl|cerebellar_candidate	primary_core_candidate_background	full_mgi_ortholog_matrix	GSE312658	cerebellum	cerebellar	Ctrl	cerebellar_candidate	broad_neuronal_structural_warning,other_or_ambiguous	synaptic_excitability_rank	Synaptic/excitability	1.0	0.5	0.5
primary_core_candidate_background|full_mgi_ortholog_matrix|GSE312658|Ctrl|cerebellar_candidate	primary_core_candidate_background	full_mgi_ortholog_matrix	GSE312658	cerebellum	cerebellar	Ctrl	cerebellar_candidate	broad_neuronal_structural_warning,other_or_ambiguous	downstream_mean_rank	Downstream mean	1.0	0.5	0.5
primary_core_candidate_background|full_mgi_ortholog_matrix|GSE312658|Ctrl|cerebellar_candidate	primary_core_candidate_background	full_mgi_ortholog_matrix	GSE312658	cerebellum	cerebellar	Ctrl	cerebellar_candidate	broad_neuronal_structural_warning,other_or_ambiguous	branch_matched_fate_rank	Matched fate	1.0	0.5	0.5
primary_core_candidate_background|full_mgi_ortholog_matrix|GSE312658|Ctrl|cerebellar_candidate	primary_core_candidate_background	full_mgi_ortholog_matrix	GSE312658	cerebellum	cerebellar	Ctrl	cerebellar_candidate	broad_neuronal_structural_warning,other_or_ambiguous	branch_opposed_fate_rank	Opposed fate	0.6666666666666666	0.6666666666666666	0.0
primary_core_candidate_background|full_mgi_ortholog_matrix|GSE312658|cKO|cerebellar_candidate	primary_core_candidate_background	full_mgi_ortholog_matrix	GSE312658	cerebellum	cerebellar	cKO	cerebellar_candidate	broad_neuronal_structural_warning,other_or_ambiguous	cerebellar_fate_rank	Cerebellar fate	1.0	0.5	0.5
primary_core_candidate_background|full_mgi_ortholog_matrix|GSE312658|cKO|cerebellar_candidate	primary_core_candidate_background	full_mgi_ortholog_matrix	GSE312658	cerebellum	cerebellar	cKO	cerebellar_candidate	broad_neuronal_structural_warning,other_or_ambiguous	dentate_fate_rank	Dentate fate	0.6666666666666666	0.75	-0.08333333333333337
primary_core_candidate_background|full_mgi_ortholog_matrix|GSE312658|cKO|cerebellar_candidate	primary_core_candidate_background	full_mgi_ortholog_matrix	GSE312658	cerebellum	cerebellar	cKO	cerebellar_candidate	broad_neuronal_structural_warning,other_or_ambiguous	niche_rank	Niche/progenitor	0.3333333333333333	0.8333333333333333	-0.49999999999999994
primary_core_candidate_background|full_mgi_ortholog_matrix|GSE312658|cKO|cerebellar_candidate	primary_core_candidate_background	full_mgi_ortholog_matrix	GSE312658	cerebellum	cerebellar	cKO	cerebellar_candidate	broad_neuronal_structural_warning,other_or_ambiguous	neurite_morphology_rank	Neurite/morphology	0.6666666666666666	0.6666666666666666	0.0
primary_core_candidate_background|full_mgi_ortholog_matrix|GSE312658|cKO|cerebellar_candidate	primary_core_candidate_background	full_mgi_ortholog_matrix	GSE312658	cerebellum	cerebellar	cKO	cerebellar_candidate	broad_neuronal_structural_warning,other_or_ambiguous	synaptic_excitability_rank	Synaptic/excitability	1.0	0.5	0.5
primary_core_candidate_background|full_mgi_ortholog_matrix|GSE312658|cKO|cerebellar_candidate	primary_core_candidate_background	full_mgi_ortholog_matrix	GSE312658	cerebellum	cerebellar	cKO	cerebellar_candidate	broad_neuronal_structural_warning,other_or_ambiguous	downstream_mean_rank	Downstream mean	0.8333333333333333	0.5833333333333333	0.25
primary_core_candidate_background|full_mgi_ortholog_matrix|GSE312658|cKO|cerebellar_candidate	primary_core_candidate_background	full_mgi_ortholog_matrix	GSE312658	cerebellum	cerebellar	cKO	cerebellar_candidate	broad_neuronal_structural_warning,other_or_ambiguous	branch_matched_fate_rank	Matched fate	1.0	0.5	0.5
primary_core_candidate_background|full_mgi_ortholog_matrix|GSE312658|cKO|cerebellar_candidate	primary_core_candidate_background	full_mgi_ortholog_matrix	GSE312658	cerebellum	cerebellar	cKO	cerebellar_candidate	broad_neuronal_structural_warning,other_or_ambiguous	branch_opposed_fate_rank	Opposed fate	0.6666666666666666	0.75	-0.08333333333333337
primary_core_candidate_background|full_mgi_ortholog_matrix|GSE104323|10X_all_cells|dentate_candidate	primary_core_candidate_background	full_mgi_ortholog_matrix	GSE104323	mouse_dentate	dentate	10X_all_cells	dentate_candidate	non_dentate_background	cerebellar_fate_rank	Cerebellar fate	0.5	1.0	-0.5
primary_core_candidate_background|full_mgi_ortholog_matrix|GSE104323|10X_all_cells|dentate_candidate	primary_core_candidate_background	full_mgi_ortholog_matrix	GSE104323	mouse_dentate	dentate	10X_all_cells	dentate_candidate	non_dentate_background	dentate_fate_rank	Dentate fate	1.0	0.5	0.5
primary_core_candidate_background|full_mgi_ortholog_matrix|GSE104323|10X_all_cells|dentate_candidate	primary_core_candidate_background	full_mgi_ortholog_matrix	GSE104323	mouse_dentate	dentate	10X_all_cells	dentate_candidate	non_dentate_background	niche_rank	Niche/progenitor	0.5	1.0	-0.5
primary_core_candidate_background|full_mgi_ortholog_matrix|GSE104323|10X_all_cells|dentate_candidate	primary_core_candidate_background	full_mgi_ortholog_matrix	GSE104323	mouse_dentate	dentate	10X_all_cells	dentate_candidate	non_dentate_background	neurite_morphology_rank	Neurite/morphology	0.5	1.0	-0.5
primary_core_candidate_background|full_mgi_ortholog_matrix|GSE104323|10X_all_cells|dentate_candidate	primary_core_candidate_background	full_mgi_ortholog_matrix	GSE104323	mouse_dentate	dentate	10X_all_cells	dentate_candidate	non_dentate_background	synaptic_excitability_rank	Synaptic/excitability	1.0	0.5	0.5
primary_core_candidate_background|full_mgi_ortholog_matrix|GSE104323|10X_all_cells|dentate_candidate	primary_core_candidate_background	full_mgi_ortholog_matrix	GSE104323	mouse_dentate	dentate	10X_all_cells	dentate_candidate	non_dentate_background	downstream_mean_rank	Downstream mean	0.75	0.75	0.0
primary_core_candidate_background|full_mgi_ortholog_matrix|GSE104323|10X_all_cells|dentate_candidate	primary_core_candidate_background	full_mgi_ortholog_matrix	GSE104323	mouse_dentate	dentate	10X_all_cells	dentate_candidate	non_dentate_background	branch_matched_fate_rank	Matched fate	1.0	0.5	0.5
primary_core_candidate_background|full_mgi_ortholog_matrix|GSE104323|10X_all_cells|dentate_candidate	primary_core_candidate_background	full_mgi_ortholog_matrix	GSE104323	mouse_dentate	dentate	10X_all_cells	dentate_candidate	non_dentate_background	branch_opposed_fate_rank	Opposed fate	0.5	1.0	-0.5
primary_core_candidate_background|full_mgi_ortholog_matrix|GSE95752|C1_all_cells|dentate_candidate	primary_core_candidate_background	full_mgi_ortholog_matrix	GSE95752	mouse_dentate	dentate	C1_all_cells	dentate_candidate	other_or_ambiguous	cerebellar_fate_rank	Cerebellar fate	0.3333333333333333	1.0	-0.6666666666666667
primary_core_candidate_background|full_mgi_ortholog_matrix|GSE95752|C1_all_cells|dentate_candidate	primary_core_candidate_background	full_mgi_ortholog_matrix	GSE95752	mouse_dentate	dentate	C1_all_cells	dentate_candidate	other_or_ambiguous	dentate_fate_rank	Dentate fate	1.0	0.3333333333333333	0.6666666666666667
primary_core_candidate_background|full_mgi_ortholog_matrix|GSE95752|C1_all_cells|dentate_candidate	primary_core_candidate_background	full_mgi_ortholog_matrix	GSE95752	mouse_dentate	dentate	C1_all_cells	dentate_candidate	other_or_ambiguous	niche_rank	Niche/progenitor	0.3333333333333333	1.0	-0.6666666666666667
primary_core_candidate_background|full_mgi_ortholog_matrix|GSE95752|C1_all_cells|dentate_candidate	primary_core_candidate_background	full_mgi_ortholog_matrix	GSE95752	mouse_dentate	dentate	C1_all_cells	dentate_candidate	other_or_ambiguous	neurite_morphology_rank	Neurite/morphology	1.0	0.3333333333333333	0.6666666666666667
primary_core_candidate_background|full_mgi_ortholog_matrix|GSE95752|C1_all_cells|dentate_candidate	primary_core_candidate_background	full_mgi_ortholog_matrix	GSE95752	mouse_dentate	dentate	C1_all_cells	dentate_candidate	other_or_ambiguous	synaptic_excitability_rank	Synaptic/excitability	1.0	0.3333333333333333	0.6666666666666667
primary_core_candidate_background|full_mgi_ortholog_matrix|GSE95752|C1_all_cells|dentate_candidate	primary_core_candidate_background	full_mgi_ortholog_matrix	GSE95752	mouse_dentate	dentate	C1_all_cells	dentate_candidate	other_or_ambiguous	downstream_mean_rank	Downstream mean	1.0	0.3333333333333333	0.6666666666666667
primary_core_candidate_background|full_mgi_ortholog_matrix|GSE95752|C1_all_cells|dentate_candidate	primary_core_candidate_background	full_mgi_ortholog_matrix	GSE95752	mouse_dentate	dentate	C1_all_cells	dentate_candidate	other_or_ambiguous	branch_matched_fate_rank	Matched fate	1.0	0.3333333333333333	0.6666666666666667
primary_core_candidate_background|full_mgi_ortholog_matrix|GSE95752|C1_all_cells|dentate_candidate	primary_core_candidate_background	full_mgi_ortholog_matrix	GSE95752	mouse_dentate	dentate	C1_all_cells	dentate_candidate	other_or_ambiguous	branch_opposed_fate_rank	Opposed fate	0.3333333333333333	1.0	-0.6666666666666667
primary_core_candidate_background|selected_feature_matrix|GSE122357|GSM3464549_P0|cerebellar_candidate	primary_core_candidate_background	selected_feature_matrix	GSE122357	cerebellum	cerebellar	GSM3464549_P0	cerebellar_candidate	broad_neuronal_structural_warning,other_or_ambiguous	cerebellar_fate_rank	Cerebellar fate	1.0	0.5	0.5
primary_core_candidate_background|selected_feature_matrix|GSE122357|GSM3464549_P0|cerebellar_candidate	primary_core_candidate_background	selected_feature_matrix	GSE122357	cerebellum	cerebellar	GSM3464549_P0	cerebellar_candidate	broad_neuronal_structural_warning,other_or_ambiguous	dentate_fate_rank	Dentate fate	0.6666666666666666	0.6666666666666666	0.0
primary_core_candidate_background|selected_feature_matrix|GSE122357|GSM3464549_P0|cerebellar_candidate	primary_core_candidate_background	selected_feature_matrix	GSE122357	cerebellum	cerebellar	GSM3464549_P0	cerebellar_candidate	broad_neuronal_structural_warning,other_or_ambiguous	niche_rank	Niche/progenitor	0.6666666666666666	0.6666666666666666	0.0
primary_core_candidate_background|selected_feature_matrix|GSE122357|GSM3464549_P0|cerebellar_candidate	primary_core_candidate_background	selected_feature_matrix	GSE122357	cerebellum	cerebellar	GSM3464549_P0	cerebellar_candidate	broad_neuronal_structural_warning,other_or_ambiguous	neurite_morphology_rank	Neurite/morphology	1.0	0.5	0.5
primary_core_candidate_background|selected_feature_matrix|GSE122357|GSM3464549_P0|cerebellar_candidate	primary_core_candidate_background	selected_feature_matrix	GSE122357	cerebellum	cerebellar	GSM3464549_P0	cerebellar_candidate	broad_neuronal_structural_warning,other_or_ambiguous	synaptic_excitability_rank	Synaptic/excitability	1.0	0.5	0.5
primary_core_candidate_background|selected_feature_matrix|GSE122357|GSM3464549_P0|cerebellar_candidate	primary_core_candidate_background	selected_feature_matrix	GSE122357	cerebellum	cerebellar	GSM3464549_P0	cerebellar_candidate	broad_neuronal_structural_warning,other_or_ambiguous	downstream_mean_rank	Downstream mean	1.0	0.5	0.5
primary_core_candidate_background|selected_feature_matrix|GSE122357|GSM3464549_P0|cerebellar_candidate	primary_core_candidate_background	selected_feature_matrix	GSE122357	cerebellum	cerebellar	GSM3464549_P0	cerebellar_candidate	broad_neuronal_structural_warning,other_or_ambiguous	branch_matched_fate_rank	Matched fate	1.0	0.5	0.5
primary_core_candidate_background|selected_feature_matrix|GSE122357|GSM3464549_P0|cerebellar_candidate	primary_core_candidate_background	selected_feature_matrix	GSE122357	cerebellum	cerebellar	GSM3464549_P0	cerebellar_candidate	broad_neuronal_structural_warning,other_or_ambiguous	branch_opposed_fate_rank	Opposed fate	0.6666666666666666	0.6666666666666666	0.0
primary_core_candidate_background|selected_feature_matrix|GSE122357|GSM3464550_P8a|cerebellar_candidate	primary_core_candidate_background	selected_feature_matrix	GSE122357	cerebellum	cerebellar	GSM3464550_P8a	cerebellar_candidate	broad_neuronal_structural_warning,other_or_ambiguous	cerebellar_fate_rank	Cerebellar fate	1.0	0.5	0.5
primary_core_candidate_background|selected_feature_matrix|GSE122357|GSM3464550_P8a|cerebellar_candidate	primary_core_candidate_background	selected_feature_matrix	GSE122357	cerebellum	cerebellar	GSM3464550_P8a	cerebellar_candidate	broad_neuronal_structural_warning,other_or_ambiguous	dentate_fate_rank	Dentate fate	0.6666666666666666	0.6666666666666666	0.0
primary_core_candidate_background|selected_feature_matrix|GSE122357|GSM3464550_P8a|cerebellar_candidate	primary_core_candidate_background	selected_feature_matrix	GSE122357	cerebellum	cerebellar	GSM3464550_P8a	cerebellar_candidate	broad_neuronal_structural_warning,other_or_ambiguous	niche_rank	Niche/progenitor	1.0	0.5	0.5
primary_core_candidate_background|selected_feature_matrix|GSE122357|GSM3464550_P8a|cerebellar_candidate	primary_core_candidate_background	selected_feature_matrix	GSE122357	cerebellum	cerebellar	GSM3464550_P8a	cerebellar_candidate	broad_neuronal_structural_warning,other_or_ambiguous	neurite_morphology_rank	Neurite/morphology	1.0	0.5	0.5
primary_core_candidate_background|selected_feature_matrix|GSE122357|GSM3464550_P8a|cerebellar_candidate	primary_core_candidate_background	selected_feature_matrix	GSE122357	cerebellum	cerebellar	GSM3464550_P8a	cerebellar_candidate	broad_neuronal_structural_warning,other_or_ambiguous	synaptic_excitability_rank	Synaptic/excitability	1.0	0.5	0.5
primary_core_candidate_background|selected_feature_matrix|GSE122357|GSM3464550_P8a|cerebellar_candidate	primary_core_candidate_background	selected_feature_matrix	GSE122357	cerebellum	cerebellar	GSM3464550_P8a	cerebellar_candidate	broad_neuronal_structural_warning,other_or_ambiguous	downstream_mean_rank	Downstream mean	1.0	0.5	0.5
primary_core_candidate_background|selected_feature_matrix|GSE122357|GSM3464550_P8a|cerebellar_candidate	primary_core_candidate_background	selected_feature_matrix	GSE122357	cerebellum	cerebellar	GSM3464550_P8a	cerebellar_candidate	broad_neuronal_structural_warning,other_or_ambiguous	branch_matched_fate_rank	Matched fate	1.0	0.5	0.5
primary_core_candidate_background|selected_feature_matrix|GSE122357|GSM3464550_P8a|cerebellar_candidate	primary_core_candidate_background	selected_feature_matrix	GSE122357	cerebellum	cerebellar	GSM3464550_P8a	cerebellar_candidate	broad_neuronal_structural_warning,other_or_ambiguous	branch_opposed_fate_rank	Opposed fate	0.6666666666666666	0.6666666666666666	0.0
primary_core_candidate_background|selected_feature_matrix|GSE122357|GSM3464551_P8b|cerebellar_candidate	primary_core_candidate_background	selected_feature_matrix	GSE122357	cerebellum	cerebellar	GSM3464551_P8b	cerebellar_candidate	broad_neuronal_structural_warning,other_or_ambiguous	cerebellar_fate_rank	Cerebellar fate	1.0	0.5	0.5
primary_core_candidate_background|selected_feature_matrix|GSE122357|GSM3464551_P8b|cerebellar_candidate	primary_core_candidate_background	selected_feature_matrix	GSE122357	cerebellum	cerebellar	GSM3464551_P8b	cerebellar_candidate	broad_neuronal_structural_warning,other_or_ambiguous	dentate_fate_rank	Dentate fate	0.6666666666666666	0.6666666666666666	0.0
primary_core_candidate_background|selected_feature_matrix|GSE122357|GSM3464551_P8b|cerebellar_candidate	primary_core_candidate_background	selected_feature_matrix	GSE122357	cerebellum	cerebellar	GSM3464551_P8b	cerebellar_candidate	broad_neuronal_structural_warning,other_or_ambiguous	niche_rank	Niche/progenitor	0.8333333333333333	0.5833333333333333	0.25
primary_core_candidate_background|selected_feature_matrix|GSE122357|GSM3464551_P8b|cerebellar_candidate	primary_core_candidate_background	selected_feature_matrix	GSE122357	cerebellum	cerebellar	GSM3464551_P8b	cerebellar_candidate	broad_neuronal_structural_warning,other_or_ambiguous	neurite_morphology_rank	Neurite/morphology	1.0	0.5	0.5
primary_core_candidate_background|selected_feature_matrix|GSE122357|GSM3464551_P8b|cerebellar_candidate	primary_core_candidate_background	selected_feature_matrix	GSE122357	cerebellum	cerebellar	GSM3464551_P8b	cerebellar_candidate	broad_neuronal_structural_warning,other_or_ambiguous	synaptic_excitability_rank	Synaptic/excitability	1.0	0.5	0.5
primary_core_candidate_background|selected_feature_matrix|GSE122357|GSM3464551_P8b|cerebellar_candidate	primary_core_candidate_background	selected_feature_matrix	GSE122357	cerebellum	cerebellar	GSM3464551_P8b	cerebellar_candidate	broad_neuronal_structural_warning,other_or_ambiguous	downstream_mean_rank	Downstream mean	1.0	0.5	0.5
primary_core_candidate_background|selected_feature_matrix|GSE122357|GSM3464551_P8b|cerebellar_candidate	primary_core_candidate_background	selected_feature_matrix	GSE122357	cerebellum	cerebellar	GSM3464551_P8b	cerebellar_candidate	broad_neuronal_structural_warning,other_or_ambiguous	branch_matched_fate_rank	Matched fate	1.0	0.5	0.5
primary_core_candidate_background|selected_feature_matrix|GSE122357|GSM3464551_P8b|cerebellar_candidate	primary_core_candidate_background	selected_feature_matrix	GSE122357	cerebellum	cerebellar	GSM3464551_P8b	cerebellar_candidate	broad_neuronal_structural_warning,other_or_ambiguous	branch_opposed_fate_rank	Opposed fate	0.6666666666666666	0.6666666666666666	0.0
primary_core_candidate_background|selected_feature_matrix|GSE165657|Cerebellum_aggr|cerebellar_candidate	primary_core_candidate_background	selected_feature_matrix	GSE165657	cerebellum	cerebellar	Cerebellum_aggr	cerebellar_candidate	broad_neuronal_structural_warning,other_or_ambiguous	cerebellar_fate_rank	Cerebellar fate	1.0	0.5	0.5
primary_core_candidate_background|selected_feature_matrix|GSE165657|Cerebellum_aggr|cerebellar_candidate	primary_core_candidate_background	selected_feature_matrix	GSE165657	cerebellum	cerebellar	Cerebellum_aggr	cerebellar_candidate	broad_neuronal_structural_warning,other_or_ambiguous	dentate_fate_rank	Dentate fate	0.6666666666666666	0.6666666666666666	0.0
primary_core_candidate_background|selected_feature_matrix|GSE165657|Cerebellum_aggr|cerebellar_candidate	primary_core_candidate_background	selected_feature_matrix	GSE165657	cerebellum	cerebellar	Cerebellum_aggr	cerebellar_candidate	broad_neuronal_structural_warning,other_or_ambiguous	niche_rank	Niche/progenitor	1.0	0.5	0.5
primary_core_candidate_background|selected_feature_matrix|GSE165657|Cerebellum_aggr|cerebellar_candidate	primary_core_candidate_background	selected_feature_matrix	GSE165657	cerebellum	cerebellar	Cerebellum_aggr	cerebellar_candidate	broad_neuronal_structural_warning,other_or_ambiguous	neurite_morphology_rank	Neurite/morphology	1.0	0.5	0.5
primary_core_candidate_background|selected_feature_matrix|GSE165657|Cerebellum_aggr|cerebellar_candidate	primary_core_candidate_background	selected_feature_matrix	GSE165657	cerebellum	cerebellar	Cerebellum_aggr	cerebellar_candidate	broad_neuronal_structural_warning,other_or_ambiguous	synaptic_excitability_rank	Synaptic/excitability	1.0	0.5	0.5
primary_core_candidate_background|selected_feature_matrix|GSE165657|Cerebellum_aggr|cerebellar_candidate	primary_core_candidate_background	selected_feature_matrix	GSE165657	cerebellum	cerebellar	Cerebellum_aggr	cerebellar_candidate	broad_neuronal_structural_warning,other_or_ambiguous	downstream_mean_rank	Downstream mean	1.0	0.5	0.5
primary_core_candidate_background|selected_feature_matrix|GSE165657|Cerebellum_aggr|cerebellar_candidate	primary_core_candidate_background	selected_feature_matrix	GSE165657	cerebellum	cerebellar	Cerebellum_aggr	cerebellar_candidate	broad_neuronal_structural_warning,other_or_ambiguous	branch_matched_fate_rank	Matched fate	1.0	0.5	0.5
primary_core_candidate_background|selected_feature_matrix|GSE165657|Cerebellum_aggr|cerebellar_candidate	primary_core_candidate_background	selected_feature_matrix	GSE165657	cerebellum	cerebellar	Cerebellum_aggr	cerebellar_candidate	broad_neuronal_structural_warning,other_or_ambiguous	branch_opposed_fate_rank	Opposed fate	0.6666666666666666	0.6666666666666666	0.0
primary_core_candidate_background|selected_feature_matrix|GSE312658|Ctrl|cerebellar_candidate	primary_core_candidate_background	selected_feature_matrix	GSE312658	cerebellum	cerebellar	Ctrl	cerebellar_candidate	broad_neuronal_structural_warning,other_or_ambiguous	cerebellar_fate_rank	Cerebellar fate	1.0	0.5	0.5
primary_core_candidate_background|selected_feature_matrix|GSE312658|Ctrl|cerebellar_candidate	primary_core_candidate_background	selected_feature_matrix	GSE312658	cerebellum	cerebellar	Ctrl	cerebellar_candidate	broad_neuronal_structural_warning,other_or_ambiguous	dentate_fate_rank	Dentate fate	0.6666666666666666	0.6666666666666666	0.0
primary_core_candidate_background|selected_feature_matrix|GSE312658|Ctrl|cerebellar_candidate	primary_core_candidate_background	selected_feature_matrix	GSE312658	cerebellum	cerebellar	Ctrl	cerebellar_candidate	broad_neuronal_structural_warning,other_or_ambiguous	niche_rank	Niche/progenitor	0.8333333333333333	0.5833333333333333	0.25
primary_core_candidate_background|selected_feature_matrix|GSE312658|Ctrl|cerebellar_candidate	primary_core_candidate_background	selected_feature_matrix	GSE312658	cerebellum	cerebellar	Ctrl	cerebellar_candidate	broad_neuronal_structural_warning,other_or_ambiguous	neurite_morphology_rank	Neurite/morphology	1.0	0.5	0.5
primary_core_candidate_background|selected_feature_matrix|GSE312658|Ctrl|cerebellar_candidate	primary_core_candidate_background	selected_feature_matrix	GSE312658	cerebellum	cerebellar	Ctrl	cerebellar_candidate	broad_neuronal_structural_warning,other_or_ambiguous	synaptic_excitability_rank	Synaptic/excitability	1.0	0.5	0.5
primary_core_candidate_background|selected_feature_matrix|GSE312658|Ctrl|cerebellar_candidate	primary_core_candidate_background	selected_feature_matrix	GSE312658	cerebellum	cerebellar	Ctrl	cerebellar_candidate	broad_neuronal_structural_warning,other_or_ambiguous	downstream_mean_rank	Downstream mean	1.0	0.5	0.5
primary_core_candidate_background|selected_feature_matrix|GSE312658|Ctrl|cerebellar_candidate	primary_core_candidate_background	selected_feature_matrix	GSE312658	cerebellum	cerebellar	Ctrl	cerebellar_candidate	broad_neuronal_structural_warning,other_or_ambiguous	branch_matched_fate_rank	Matched fate	1.0	0.5	0.5
primary_core_candidate_background|selected_feature_matrix|GSE312658|Ctrl|cerebellar_candidate	primary_core_candidate_background	selected_feature_matrix	GSE312658	cerebellum	cerebellar	Ctrl	cerebellar_candidate	broad_neuronal_structural_warning,other_or_ambiguous	branch_opposed_fate_rank	Opposed fate	0.6666666666666666	0.6666666666666666	0.0
primary_core_candidate_background|selected_feature_matrix|GSE312658|cKO|cerebellar_candidate	primary_core_candidate_background	selected_feature_matrix	GSE312658	cerebellum	cerebellar	cKO	cerebellar_candidate	broad_neuronal_structural_warning,other_or_ambiguous	cerebellar_fate_rank	Cerebellar fate	1.0	0.5833333333333333	0.41666666666666674
primary_core_candidate_background|selected_feature_matrix|GSE312658|cKO|cerebellar_candidate	primary_core_candidate_background	selected_feature_matrix	GSE312658	cerebellum	cerebellar	cKO	cerebellar_candidate	broad_neuronal_structural_warning,other_or_ambiguous	dentate_fate_rank	Dentate fate	0.6666666666666666	0.6666666666666666	0.0
primary_core_candidate_background|selected_feature_matrix|GSE312658|cKO|cerebellar_candidate	primary_core_candidate_background	selected_feature_matrix	GSE312658	cerebellum	cerebellar	cKO	cerebellar_candidate	broad_neuronal_structural_warning,other_or_ambiguous	niche_rank	Niche/progenitor	0.6666666666666666	0.5833333333333333	0.08333333333333337
primary_core_candidate_background|selected_feature_matrix|GSE312658|cKO|cerebellar_candidate	primary_core_candidate_background	selected_feature_matrix	GSE312658	cerebellum	cerebellar	cKO	cerebellar_candidate	broad_neuronal_structural_warning,other_or_ambiguous	neurite_morphology_rank	Neurite/morphology	0.6666666666666666	0.6666666666666666	0.0
primary_core_candidate_background|selected_feature_matrix|GSE312658|cKO|cerebellar_candidate	primary_core_candidate_background	selected_feature_matrix	GSE312658	cerebellum	cerebellar	cKO	cerebellar_candidate	broad_neuronal_structural_warning,other_or_ambiguous	synaptic_excitability_rank	Synaptic/excitability	1.0	0.5	0.5
primary_core_candidate_background|selected_feature_matrix|GSE312658|cKO|cerebellar_candidate	primary_core_candidate_background	selected_feature_matrix	GSE312658	cerebellum	cerebellar	cKO	cerebellar_candidate	broad_neuronal_structural_warning,other_or_ambiguous	downstream_mean_rank	Downstream mean	0.8333333333333333	0.5833333333333333	0.25
primary_core_candidate_background|selected_feature_matrix|GSE312658|cKO|cerebellar_candidate	primary_core_candidate_background	selected_feature_matrix	GSE312658	cerebellum	cerebellar	cKO	cerebellar_candidate	broad_neuronal_structural_warning,other_or_ambiguous	branch_matched_fate_rank	Matched fate	1.0	0.5833333333333333	0.41666666666666674
primary_core_candidate_background|selected_feature_matrix|GSE312658|cKO|cerebellar_candidate	primary_core_candidate_background	selected_feature_matrix	GSE312658	cerebellum	cerebellar	cKO	cerebellar_candidate	broad_neuronal_structural_warning,other_or_ambiguous	branch_opposed_fate_rank	Opposed fate	0.6666666666666666	0.6666666666666666	0.0
primary_core_candidate_background|selected_feature_matrix|GSE104323|10X_all_cells|dentate_candidate	primary_core_candidate_background	selected_feature_matrix	GSE104323	mouse_dentate	dentate	10X_all_cells	dentate_candidate	non_dentate_background	cerebellar_fate_rank	Cerebellar fate	0.5	1.0	-0.5
primary_core_candidate_background|selected_feature_matrix|GSE104323|10X_all_cells|dentate_candidate	primary_core_candidate_background	selected_feature_matrix	GSE104323	mouse_dentate	dentate	10X_all_cells	dentate_candidate	non_dentate_background	dentate_fate_rank	Dentate fate	1.0	0.5	0.5
primary_core_candidate_background|selected_feature_matrix|GSE104323|10X_all_cells|dentate_candidate	primary_core_candidate_background	selected_feature_matrix	GSE104323	mouse_dentate	dentate	10X_all_cells	dentate_candidate	non_dentate_background	niche_rank	Niche/progenitor	0.5	1.0	-0.5
primary_core_candidate_background|selected_feature_matrix|GSE104323|10X_all_cells|dentate_candidate	primary_core_candidate_background	selected_feature_matrix	GSE104323	mouse_dentate	dentate	10X_all_cells	dentate_candidate	non_dentate_background	neurite_morphology_rank	Neurite/morphology	0.5	1.0	-0.5
primary_core_candidate_background|selected_feature_matrix|GSE104323|10X_all_cells|dentate_candidate	primary_core_candidate_background	selected_feature_matrix	GSE104323	mouse_dentate	dentate	10X_all_cells	dentate_candidate	non_dentate_background	synaptic_excitability_rank	Synaptic/excitability	1.0	0.5	0.5
primary_core_candidate_background|selected_feature_matrix|GSE104323|10X_all_cells|dentate_candidate	primary_core_candidate_background	selected_feature_matrix	GSE104323	mouse_dentate	dentate	10X_all_cells	dentate_candidate	non_dentate_background	downstream_mean_rank	Downstream mean	0.75	0.75	0.0
primary_core_candidate_background|selected_feature_matrix|GSE104323|10X_all_cells|dentate_candidate	primary_core_candidate_background	selected_feature_matrix	GSE104323	mouse_dentate	dentate	10X_all_cells	dentate_candidate	non_dentate_background	branch_matched_fate_rank	Matched fate	1.0	0.5	0.5
primary_core_candidate_background|selected_feature_matrix|GSE104323|10X_all_cells|dentate_candidate	primary_core_candidate_background	selected_feature_matrix	GSE104323	mouse_dentate	dentate	10X_all_cells	dentate_candidate	non_dentate_background	branch_opposed_fate_rank	Opposed fate	0.5	1.0	-0.5
primary_core_candidate_background|selected_feature_matrix|GSE268609|1|dentate_candidate	primary_core_candidate_background	selected_feature_matrix	GSE268609	human_dentate_hippocampus	dentate	1	dentate_candidate	other_or_ambiguous	cerebellar_fate_rank	Cerebellar fate	0.8333333333333333	0.6666666666666666	0.16666666666666663
primary_core_candidate_background|selected_feature_matrix|GSE268609|1|dentate_candidate	primary_core_candidate_background	selected_feature_matrix	GSE268609	human_dentate_hippocampus	dentate	1	dentate_candidate	other_or_ambiguous	dentate_fate_rank	Dentate fate	1.0	0.3333333333333333	0.6666666666666667
primary_core_candidate_background|selected_feature_matrix|GSE268609|1|dentate_candidate	primary_core_candidate_background	selected_feature_matrix	GSE268609	human_dentate_hippocampus	dentate	1	dentate_candidate	other_or_ambiguous	niche_rank	Niche/progenitor	0.8333333333333333	0.3333333333333333	0.49999999999999994
primary_core_candidate_background|selected_feature_matrix|GSE268609|1|dentate_candidate	primary_core_candidate_background	selected_feature_matrix	GSE268609	human_dentate_hippocampus	dentate	1	dentate_candidate	other_or_ambiguous	neurite_morphology_rank	Neurite/morphology	0.6666666666666666	0.3333333333333333	0.3333333333333333
primary_core_candidate_background|selected_feature_matrix|GSE268609|1|dentate_candidate	primary_core_candidate_background	selected_feature_matrix	GSE268609	human_dentate_hippocampus	dentate	1	dentate_candidate	other_or_ambiguous	synaptic_excitability_rank	Synaptic/excitability	0.6666666666666666	0.3333333333333333	0.3333333333333333
primary_core_candidate_background|selected_feature_matrix|GSE268609|1|dentate_candidate	primary_core_candidate_background	selected_feature_matrix	GSE268609	human_dentate_hippocampus	dentate	1	dentate_candidate	other_or_ambiguous	downstream_mean_rank	Downstream mean	0.6666666666666666	0.3333333333333333	0.3333333333333333
primary_core_candidate_background|selected_feature_matrix|GSE268609|1|dentate_candidate	primary_core_candidate_background	selected_feature_matrix	GSE268609	human_dentate_hippocampus	dentate	1	dentate_candidate	other_or_ambiguous	branch_matched_fate_rank	Matched fate	1.0	0.3333333333333333	0.6666666666666667
primary_core_candidate_background|selected_feature_matrix|GSE268609|1|dentate_candidate	primary_core_candidate_background	selected_feature_matrix	GSE268609	human_dentate_hippocampus	dentate	1	dentate_candidate	other_or_ambiguous	branch_opposed_fate_rank	Opposed fate	0.8333333333333333	0.6666666666666666	0.16666666666666663
primary_core_candidate_background|selected_feature_matrix|GSE268609|2|dentate_candidate	primary_core_candidate_background	selected_feature_matrix	GSE268609	human_dentate_hippocampus	dentate	2	dentate_candidate	broad_neuronal_structural_warning,other_or_ambiguous	cerebellar_fate_rank	Cerebellar fate	1.0	0.625	0.375
primary_core_candidate_background|selected_feature_matrix|GSE268609|2|dentate_candidate	primary_core_candidate_background	selected_feature_matrix	GSE268609	human_dentate_hippocampus	dentate	2	dentate_candidate	broad_neuronal_structural_warning,other_or_ambiguous	dentate_fate_rank	Dentate fate	1.0	0.5	0.5
primary_core_candidate_background|selected_feature_matrix|GSE268609|2|dentate_candidate	primary_core_candidate_background	selected_feature_matrix	GSE268609	human_dentate_hippocampus	dentate	2	dentate_candidate	broad_neuronal_structural_warning,other_or_ambiguous	niche_rank	Niche/progenitor	1.0	0.5	0.5
primary_core_candidate_background|selected_feature_matrix|GSE268609|2|dentate_candidate	primary_core_candidate_background	selected_feature_matrix	GSE268609	human_dentate_hippocampus	dentate	2	dentate_candidate	broad_neuronal_structural_warning,other_or_ambiguous	neurite_morphology_rank	Neurite/morphology	0.6666666666666666	0.6666666666666666	0.0
primary_core_candidate_background|selected_feature_matrix|GSE268609|2|dentate_candidate	primary_core_candidate_background	selected_feature_matrix	GSE268609	human_dentate_hippocampus	dentate	2	dentate_candidate	broad_neuronal_structural_warning,other_or_ambiguous	synaptic_excitability_rank	Synaptic/excitability	0.6666666666666666	0.6666666666666666	0.0
primary_core_candidate_background|selected_feature_matrix|GSE268609|2|dentate_candidate	primary_core_candidate_background	selected_feature_matrix	GSE268609	human_dentate_hippocampus	dentate	2	dentate_candidate	broad_neuronal_structural_warning,other_or_ambiguous	downstream_mean_rank	Downstream mean	0.6666666666666666	0.6666666666666666	0.0
primary_core_candidate_background|selected_feature_matrix|GSE268609|2|dentate_candidate	primary_core_candidate_background	selected_feature_matrix	GSE268609	human_dentate_hippocampus	dentate	2	dentate_candidate	broad_neuronal_structural_warning,other_or_ambiguous	branch_matched_fate_rank	Matched fate	1.0	0.5	0.5
primary_core_candidate_background|selected_feature_matrix|GSE268609|2|dentate_candidate	primary_core_candidate_background	selected_feature_matrix	GSE268609	human_dentate_hippocampus	dentate	2	dentate_candidate	broad_neuronal_structural_warning,other_or_ambiguous	branch_opposed_fate_rank	Opposed fate	1.0	0.625	0.375
primary_core_candidate_background|selected_feature_matrix|GSE268609|3|dentate_candidate	primary_core_candidate_background	selected_feature_matrix	GSE268609	human_dentate_hippocampus	dentate	3	dentate_candidate	broad_neuronal_structural_warning,other_or_ambiguous	cerebellar_fate_rank	Cerebellar fate	1.0	0.625	0.375
primary_core_candidate_background|selected_feature_matrix|GSE268609|3|dentate_candidate	primary_core_candidate_background	selected_feature_matrix	GSE268609	human_dentate_hippocampus	dentate	3	dentate_candidate	broad_neuronal_structural_warning,other_or_ambiguous	dentate_fate_rank	Dentate fate	1.0	0.5	0.5
primary_core_candidate_background|selected_feature_matrix|GSE268609|3|dentate_candidate	primary_core_candidate_background	selected_feature_matrix	GSE268609	human_dentate_hippocampus	dentate	3	dentate_candidate	broad_neuronal_structural_warning,other_or_ambiguous	niche_rank	Niche/progenitor	1.0	0.5	0.5
primary_core_candidate_background|selected_feature_matrix|GSE268609|3|dentate_candidate	primary_core_candidate_background	selected_feature_matrix	GSE268609	human_dentate_hippocampus	dentate	3	dentate_candidate	broad_neuronal_structural_warning,other_or_ambiguous	neurite_morphology_rank	Neurite/morphology	1.0	0.5	0.5
primary_core_candidate_background|selected_feature_matrix|GSE268609|3|dentate_candidate	primary_core_candidate_background	selected_feature_matrix	GSE268609	human_dentate_hippocampus	dentate	3	dentate_candidate	broad_neuronal_structural_warning,other_or_ambiguous	synaptic_excitability_rank	Synaptic/excitability	0.8333333333333333	0.5833333333333333	0.25
primary_core_candidate_background|selected_feature_matrix|GSE268609|3|dentate_candidate	primary_core_candidate_background	selected_feature_matrix	GSE268609	human_dentate_hippocampus	dentate	3	dentate_candidate	broad_neuronal_structural_warning,other_or_ambiguous	downstream_mean_rank	Downstream mean	0.9166666666666666	0.5416666666666666	0.375
primary_core_candidate_background|selected_feature_matrix|GSE268609|3|dentate_candidate	primary_core_candidate_background	selected_feature_matrix	GSE268609	human_dentate_hippocampus	dentate	3	dentate_candidate	broad_neuronal_structural_warning,other_or_ambiguous	branch_matched_fate_rank	Matched fate	1.0	0.5	0.5
primary_core_candidate_background|selected_feature_matrix|GSE268609|3|dentate_candidate	primary_core_candidate_background	selected_feature_matrix	GSE268609	human_dentate_hippocampus	dentate	3	dentate_candidate	broad_neuronal_structural_warning,other_or_ambiguous	branch_opposed_fate_rank	Opposed fate	1.0	0.625	0.375
primary_core_candidate_background|selected_feature_matrix|GSE268609|4|dentate_candidate	primary_core_candidate_background	selected_feature_matrix	GSE268609	human_dentate_hippocampus	dentate	4	dentate_candidate	broad_neuronal_structural_warning,other_or_ambiguous	cerebellar_fate_rank	Cerebellar fate	1.0	0.6666666666666666	0.33333333333333337
primary_core_candidate_background|selected_feature_matrix|GSE268609|4|dentate_candidate	primary_core_candidate_background	selected_feature_matrix	GSE268609	human_dentate_hippocampus	dentate	4	dentate_candidate	broad_neuronal_structural_warning,other_or_ambiguous	dentate_fate_rank	Dentate fate	1.0	0.5	0.5
primary_core_candidate_background|selected_feature_matrix|GSE268609|4|dentate_candidate	primary_core_candidate_background	selected_feature_matrix	GSE268609	human_dentate_hippocampus	dentate	4	dentate_candidate	broad_neuronal_structural_warning,other_or_ambiguous	niche_rank	Niche/progenitor	0.8333333333333333	0.5833333333333333	0.25
primary_core_candidate_background|selected_feature_matrix|GSE268609|4|dentate_candidate	primary_core_candidate_background	selected_feature_matrix	GSE268609	human_dentate_hippocampus	dentate	4	dentate_candidate	broad_neuronal_structural_warning,other_or_ambiguous	neurite_morphology_rank	Neurite/morphology	0.6666666666666666	0.6666666666666666	0.0
primary_core_candidate_background|selected_feature_matrix|GSE268609|4|dentate_candidate	primary_core_candidate_background	selected_feature_matrix	GSE268609	human_dentate_hippocampus	dentate	4	dentate_candidate	broad_neuronal_structural_warning,other_or_ambiguous	synaptic_excitability_rank	Synaptic/excitability	0.6666666666666666	0.6666666666666666	0.0
primary_core_candidate_background|selected_feature_matrix|GSE268609|4|dentate_candidate	primary_core_candidate_background	selected_feature_matrix	GSE268609	human_dentate_hippocampus	dentate	4	dentate_candidate	broad_neuronal_structural_warning,other_or_ambiguous	downstream_mean_rank	Downstream mean	0.6666666666666666	0.6666666666666666	0.0
primary_core_candidate_background|selected_feature_matrix|GSE268609|4|dentate_candidate	primary_core_candidate_background	selected_feature_matrix	GSE268609	human_dentate_hippocampus	dentate	4	dentate_candidate	broad_neuronal_structural_warning,other_or_ambiguous	branch_matched_fate_rank	Matched fate	1.0	0.5	0.5
primary_core_candidate_background|selected_feature_matrix|GSE268609|4|dentate_candidate	primary_core_candidate_background	selected_feature_matrix	GSE268609	human_dentate_hippocampus	dentate	4	dentate_candidate	broad_neuronal_structural_warning,other_or_ambiguous	branch_opposed_fate_rank	Opposed fate	1.0	0.6666666666666666	0.33333333333333337
primary_core_candidate_background|selected_feature_matrix|GSE268609|5|dentate_candidate	primary_core_candidate_background	selected_feature_matrix	GSE268609	human_dentate_hippocampus	dentate	5	dentate_candidate	broad_neuronal_structural_warning,other_or_ambiguous	cerebellar_fate_rank	Cerebellar fate	0.8333333333333333	0.5833333333333333	0.25
primary_core_candidate_background|selected_feature_matrix|GSE268609|5|dentate_candidate	primary_core_candidate_background	selected_feature_matrix	GSE268609	human_dentate_hippocampus	dentate	5	dentate_candidate	broad_neuronal_structural_warning,other_or_ambiguous	dentate_fate_rank	Dentate fate	1.0	0.5	0.5
primary_core_candidate_background|selected_feature_matrix|GSE268609|5|dentate_candidate	primary_core_candidate_background	selected_feature_matrix	GSE268609	human_dentate_hippocampus	dentate	5	dentate_candidate	broad_neuronal_structural_warning,other_or_ambiguous	niche_rank	Niche/progenitor	0.8333333333333333	0.5833333333333333	0.25
primary_core_candidate_background|selected_feature_matrix|GSE268609|5|dentate_candidate	primary_core_candidate_background	selected_feature_matrix	GSE268609	human_dentate_hippocampus	dentate	5	dentate_candidate	broad_neuronal_structural_warning,other_or_ambiguous	neurite_morphology_rank	Neurite/morphology	0.6666666666666666	0.6666666666666666	0.0
primary_core_candidate_background|selected_feature_matrix|GSE268609|5|dentate_candidate	primary_core_candidate_background	selected_feature_matrix	GSE268609	human_dentate_hippocampus	dentate	5	dentate_candidate	broad_neuronal_structural_warning,other_or_ambiguous	synaptic_excitability_rank	Synaptic/excitability	0.6666666666666666	0.6666666666666666	0.0
primary_core_candidate_background|selected_feature_matrix|GSE268609|5|dentate_candidate	primary_core_candidate_background	selected_feature_matrix	GSE268609	human_dentate_hippocampus	dentate	5	dentate_candidate	broad_neuronal_structural_warning,other_or_ambiguous	downstream_mean_rank	Downstream mean	0.6666666666666666	0.6666666666666666	0.0
primary_core_candidate_background|selected_feature_matrix|GSE268609|5|dentate_candidate	primary_core_candidate_background	selected_feature_matrix	GSE268609	human_dentate_hippocampus	dentate	5	dentate_candidate	broad_neuronal_structural_warning,other_or_ambiguous	branch_matched_fate_rank	Matched fate	1.0	0.5	0.5
primary_core_candidate_background|selected_feature_matrix|GSE268609|5|dentate_candidate	primary_core_candidate_background	selected_feature_matrix	GSE268609	human_dentate_hippocampus	dentate	5	dentate_candidate	broad_neuronal_structural_warning,other_or_ambiguous	branch_opposed_fate_rank	Opposed fate	0.8333333333333333	0.5833333333333333	0.25
primary_core_candidate_background|selected_feature_matrix|GSE268609|6|dentate_candidate	primary_core_candidate_background	selected_feature_matrix	GSE268609	human_dentate_hippocampus	dentate	6	dentate_candidate	broad_neuronal_structural_warning,other_or_ambiguous	cerebellar_fate_rank	Cerebellar fate	0.8333333333333333	0.5416666666666666	0.29166666666666663
primary_core_candidate_background|selected_feature_matrix|GSE268609|6|dentate_candidate	primary_core_candidate_background	selected_feature_matrix	GSE268609	human_dentate_hippocampus	dentate	6	dentate_candidate	broad_neuronal_structural_warning,other_or_ambiguous	dentate_fate_rank	Dentate fate	1.0	0.5	0.5
primary_core_candidate_background|selected_feature_matrix|GSE268609|6|dentate_candidate	primary_core_candidate_background	selected_feature_matrix	GSE268609	human_dentate_hippocampus	dentate	6	dentate_candidate	broad_neuronal_structural_warning,other_or_ambiguous	niche_rank	Niche/progenitor	0.8333333333333333	0.6666666666666666	0.16666666666666663
primary_core_candidate_background|selected_feature_matrix|GSE268609|6|dentate_candidate	primary_core_candidate_background	selected_feature_matrix	GSE268609	human_dentate_hippocampus	dentate	6	dentate_candidate	broad_neuronal_structural_warning,other_or_ambiguous	neurite_morphology_rank	Neurite/morphology	0.6666666666666666	0.6666666666666666	0.0
primary_core_candidate_background|selected_feature_matrix|GSE268609|6|dentate_candidate	primary_core_candidate_background	selected_feature_matrix	GSE268609	human_dentate_hippocampus	dentate	6	dentate_candidate	broad_neuronal_structural_warning,other_or_ambiguous	synaptic_excitability_rank	Synaptic/excitability	0.6666666666666666	0.6666666666666666	0.0
primary_core_candidate_background|selected_feature_matrix|GSE268609|6|dentate_candidate	primary_core_candidate_background	selected_feature_matrix	GSE268609	human_dentate_hippocampus	dentate	6	dentate_candidate	broad_neuronal_structural_warning,other_or_ambiguous	downstream_mean_rank	Downstream mean	0.6666666666666666	0.6666666666666666	0.0
primary_core_candidate_background|selected_feature_matrix|GSE268609|6|dentate_candidate	primary_core_candidate_background	selected_feature_matrix	GSE268609	human_dentate_hippocampus	dentate	6	dentate_candidate	broad_neuronal_structural_warning,other_or_ambiguous	branch_matched_fate_rank	Matched fate	1.0	0.5	0.5
primary_core_candidate_background|selected_feature_matrix|GSE268609|6|dentate_candidate	primary_core_candidate_background	selected_feature_matrix	GSE268609	human_dentate_hippocampus	dentate	6	dentate_candidate	broad_neuronal_structural_warning,other_or_ambiguous	branch_opposed_fate_rank	Opposed fate	0.8333333333333333	0.5416666666666666	0.29166666666666663
primary_core_candidate_background|selected_feature_matrix|GSE268609|7|dentate_candidate	primary_core_candidate_background	selected_feature_matrix	GSE268609	human_dentate_hippocampus	dentate	7	dentate_candidate	broad_neuronal_structural_warning,other_or_ambiguous	cerebellar_fate_rank	Cerebellar fate	1.0	0.5416666666666666	0.45833333333333337
primary_core_candidate_background|selected_feature_matrix|GSE268609|7|dentate_candidate	primary_core_candidate_background	selected_feature_matrix	GSE268609	human_dentate_hippocampus	dentate	7	dentate_candidate	broad_neuronal_structural_warning,other_or_ambiguous	dentate_fate_rank	Dentate fate	1.0	0.5	0.5
primary_core_candidate_background|selected_feature_matrix|GSE268609|7|dentate_candidate	primary_core_candidate_background	selected_feature_matrix	GSE268609	human_dentate_hippocampus	dentate	7	dentate_candidate	broad_neuronal_structural_warning,other_or_ambiguous	niche_rank	Niche/progenitor	1.0	0.5	0.5
primary_core_candidate_background|selected_feature_matrix|GSE268609|7|dentate_candidate	primary_core_candidate_background	selected_feature_matrix	GSE268609	human_dentate_hippocampus	dentate	7	dentate_candidate	broad_neuronal_structural_warning,other_or_ambiguous	neurite_morphology_rank	Neurite/morphology	0.6666666666666666	0.6666666666666666	0.0
primary_core_candidate_background|selected_feature_matrix|GSE268609|7|dentate_candidate	primary_core_candidate_background	selected_feature_matrix	GSE268609	human_dentate_hippocampus	dentate	7	dentate_candidate	broad_neuronal_structural_warning,other_or_ambiguous	synaptic_excitability_rank	Synaptic/excitability	0.6666666666666666	0.6666666666666666	0.0
primary_core_candidate_background|selected_feature_matrix|GSE268609|7|dentate_candidate	primary_core_candidate_background	selected_feature_matrix	GSE268609	human_dentate_hippocampus	dentate	7	dentate_candidate	broad_neuronal_structural_warning,other_or_ambiguous	downstream_mean_rank	Downstream mean	0.6666666666666666	0.6666666666666666	0.0
primary_core_candidate_background|selected_feature_matrix|GSE268609|7|dentate_candidate	primary_core_candidate_background	selected_feature_matrix	GSE268609	human_dentate_hippocampus	dentate	7	dentate_candidate	broad_neuronal_structural_warning,other_or_ambiguous	branch_matched_fate_rank	Matched fate	1.0	0.5	0.5
primary_core_candidate_background|selected_feature_matrix|GSE268609|7|dentate_candidate	primary_core_candidate_background	selected_feature_matrix	GSE268609	human_dentate_hippocampus	dentate	7	dentate_candidate	broad_neuronal_structural_warning,other_or_ambiguous	branch_opposed_fate_rank	Opposed fate	1.0	0.5416666666666666	0.45833333333333337
primary_core_candidate_background|selected_feature_matrix|GSE268609|8|dentate_candidate	primary_core_candidate_background	selected_feature_matrix	GSE268609	human_dentate_hippocampus	dentate	8	dentate_candidate	broad_neuronal_structural_warning,other_or_ambiguous	cerebellar_fate_rank	Cerebellar fate	0.8333333333333333	0.5833333333333333	0.25
primary_core_candidate_background|selected_feature_matrix|GSE268609|8|dentate_candidate	primary_core_candidate_background	selected_feature_matrix	GSE268609	human_dentate_hippocampus	dentate	8	dentate_candidate	broad_neuronal_structural_warning,other_or_ambiguous	dentate_fate_rank	Dentate fate	1.0	0.5	0.5
primary_core_candidate_background|selected_feature_matrix|GSE268609|8|dentate_candidate	primary_core_candidate_background	selected_feature_matrix	GSE268609	human_dentate_hippocampus	dentate	8	dentate_candidate	broad_neuronal_structural_warning,other_or_ambiguous	niche_rank	Niche/progenitor	0.8333333333333333	0.6666666666666666	0.16666666666666663
primary_core_candidate_background|selected_feature_matrix|GSE268609|8|dentate_candidate	primary_core_candidate_background	selected_feature_matrix	GSE268609	human_dentate_hippocampus	dentate	8	dentate_candidate	broad_neuronal_structural_warning,other_or_ambiguous	neurite_morphology_rank	Neurite/morphology	0.6666666666666666	0.6666666666666666	0.0
primary_core_candidate_background|selected_feature_matrix|GSE268609|8|dentate_candidate	primary_core_candidate_background	selected_feature_matrix	GSE268609	human_dentate_hippocampus	dentate	8	dentate_candidate	broad_neuronal_structural_warning,other_or_ambiguous	synaptic_excitability_rank	Synaptic/excitability	0.6666666666666666	0.6666666666666666	0.0
primary_core_candidate_background|selected_feature_matrix|GSE268609|8|dentate_candidate	primary_core_candidate_background	selected_feature_matrix	GSE268609	human_dentate_hippocampus	dentate	8	dentate_candidate	broad_neuronal_structural_warning,other_or_ambiguous	downstream_mean_rank	Downstream mean	0.6666666666666666	0.6666666666666666	0.0
primary_core_candidate_background|selected_feature_matrix|GSE268609|8|dentate_candidate	primary_core_candidate_background	selected_feature_matrix	GSE268609	human_dentate_hippocampus	dentate	8	dentate_candidate	broad_neuronal_structural_warning,other_or_ambiguous	branch_matched_fate_rank	Matched fate	1.0	0.5	0.5
primary_core_candidate_background|selected_feature_matrix|GSE268609|8|dentate_candidate	primary_core_candidate_background	selected_feature_matrix	GSE268609	human_dentate_hippocampus	dentate	8	dentate_candidate	broad_neuronal_structural_warning,other_or_ambiguous	branch_opposed_fate_rank	Opposed fate	0.8333333333333333	0.5833333333333333	0.25
primary_core_candidate_background|selected_feature_matrix|GSE268609|9|dentate_candidate	primary_core_candidate_background	selected_feature_matrix	GSE268609	human_dentate_hippocampus	dentate	9	dentate_candidate	broad_neuronal_structural_warning,other_or_ambiguous	cerebellar_fate_rank	Cerebellar fate	0.8333333333333333	0.625	0.20833333333333326
primary_core_candidate_background|selected_feature_matrix|GSE268609|9|dentate_candidate	primary_core_candidate_background	selected_feature_matrix	GSE268609	human_dentate_hippocampus	dentate	9	dentate_candidate	broad_neuronal_structural_warning,other_or_ambiguous	dentate_fate_rank	Dentate fate	1.0	0.5	0.5
primary_core_candidate_background|selected_feature_matrix|GSE268609|9|dentate_candidate	primary_core_candidate_background	selected_feature_matrix	GSE268609	human_dentate_hippocampus	dentate	9	dentate_candidate	broad_neuronal_structural_warning,other_or_ambiguous	niche_rank	Niche/progenitor	1.0	0.5	0.5
primary_core_candidate_background|selected_feature_matrix|GSE268609|9|dentate_candidate	primary_core_candidate_background	selected_feature_matrix	GSE268609	human_dentate_hippocampus	dentate	9	dentate_candidate	broad_neuronal_structural_warning,other_or_ambiguous	neurite_morphology_rank	Neurite/morphology	0.6666666666666666	0.6666666666666666	0.0
primary_core_candidate_background|selected_feature_matrix|GSE268609|9|dentate_candidate	primary_core_candidate_background	selected_feature_matrix	GSE268609	human_dentate_hippocampus	dentate	9	dentate_candidate	broad_neuronal_structural_warning,other_or_ambiguous	synaptic_excitability_rank	Synaptic/excitability	0.6666666666666666	0.6666666666666666	0.0
primary_core_candidate_background|selected_feature_matrix|GSE268609|9|dentate_candidate	primary_core_candidate_background	selected_feature_matrix	GSE268609	human_dentate_hippocampus	dentate	9	dentate_candidate	broad_neuronal_structural_warning,other_or_ambiguous	downstream_mean_rank	Downstream mean	0.6666666666666666	0.6666666666666666	0.0
primary_core_candidate_background|selected_feature_matrix|GSE268609|9|dentate_candidate	primary_core_candidate_background	selected_feature_matrix	GSE268609	human_dentate_hippocampus	dentate	9	dentate_candidate	broad_neuronal_structural_warning,other_or_ambiguous	branch_matched_fate_rank	Matched fate	1.0	0.5	0.5
primary_core_candidate_background|selected_feature_matrix|GSE268609|9|dentate_candidate	primary_core_candidate_background	selected_feature_matrix	GSE268609	human_dentate_hippocampus	dentate	9	dentate_candidate	broad_neuronal_structural_warning,other_or_ambiguous	branch_opposed_fate_rank	Opposed fate	0.8333333333333333	0.625	0.20833333333333326
primary_core_candidate_background|selected_feature_matrix|GSE268609|10|dentate_candidate	primary_core_candidate_background	selected_feature_matrix	GSE268609	human_dentate_hippocampus	dentate	10	dentate_candidate	broad_neuronal_structural_warning,other_or_ambiguous	cerebellar_fate_rank	Cerebellar fate	0.8333333333333333	0.5833333333333333	0.25
primary_core_candidate_background|selected_feature_matrix|GSE268609|10|dentate_candidate	primary_core_candidate_background	selected_feature_matrix	GSE268609	human_dentate_hippocampus	dentate	10	dentate_candidate	broad_neuronal_structural_warning,other_or_ambiguous	dentate_fate_rank	Dentate fate	1.0	0.5	0.5
primary_core_candidate_background|selected_feature_matrix|GSE268609|10|dentate_candidate	primary_core_candidate_background	selected_feature_matrix	GSE268609	human_dentate_hippocampus	dentate	10	dentate_candidate	broad_neuronal_structural_warning,other_or_ambiguous	niche_rank	Niche/progenitor	0.8333333333333333	0.5833333333333333	0.25
primary_core_candidate_background|selected_feature_matrix|GSE268609|10|dentate_candidate	primary_core_candidate_background	selected_feature_matrix	GSE268609	human_dentate_hippocampus	dentate	10	dentate_candidate	broad_neuronal_structural_warning,other_or_ambiguous	neurite_morphology_rank	Neurite/morphology	0.6666666666666666	0.6666666666666666	0.0
primary_core_candidate_background|selected_feature_matrix|GSE268609|10|dentate_candidate	primary_core_candidate_background	selected_feature_matrix	GSE268609	human_dentate_hippocampus	dentate	10	dentate_candidate	broad_neuronal_structural_warning,other_or_ambiguous	synaptic_excitability_rank	Synaptic/excitability	0.6666666666666666	0.6666666666666666	0.0
primary_core_candidate_background|selected_feature_matrix|GSE268609|10|dentate_candidate	primary_core_candidate_background	selected_feature_matrix	GSE268609	human_dentate_hippocampus	dentate	10	dentate_candidate	broad_neuronal_structural_warning,other_or_ambiguous	downstream_mean_rank	Downstream mean	0.6666666666666666	0.6666666666666666	0.0
primary_core_candidate_background|selected_feature_matrix|GSE268609|10|dentate_candidate	primary_core_candidate_background	selected_feature_matrix	GSE268609	human_dentate_hippocampus	dentate	10	dentate_candidate	broad_neuronal_structural_warning,other_or_ambiguous	branch_matched_fate_rank	Matched fate	1.0	0.5	0.5
primary_core_candidate_background|selected_feature_matrix|GSE268609|10|dentate_candidate	primary_core_candidate_background	selected_feature_matrix	GSE268609	human_dentate_hippocampus	dentate	10	dentate_candidate	broad_neuronal_structural_warning,other_or_ambiguous	branch_opposed_fate_rank	Opposed fate	0.8333333333333333	0.5833333333333333	0.25
primary_core_candidate_background|selected_feature_matrix|GSE268609|11|dentate_candidate	primary_core_candidate_background	selected_feature_matrix	GSE268609	human_dentate_hippocampus	dentate	11	dentate_candidate	broad_neuronal_structural_warning,other_or_ambiguous	cerebellar_fate_rank	Cerebellar fate	0.8333333333333333	0.6666666666666666	0.16666666666666663
primary_core_candidate_background|selected_feature_matrix|GSE268609|11|dentate_candidate	primary_core_candidate_background	selected_feature_matrix	GSE268609	human_dentate_hippocampus	dentate	11	dentate_candidate	broad_neuronal_structural_warning,other_or_ambiguous	dentate_fate_rank	Dentate fate	1.0	0.5	0.5
primary_core_candidate_background|selected_feature_matrix|GSE268609|11|dentate_candidate	primary_core_candidate_background	selected_feature_matrix	GSE268609	human_dentate_hippocampus	dentate	11	dentate_candidate	broad_neuronal_structural_warning,other_or_ambiguous	niche_rank	Niche/progenitor	1.0	0.5	0.5
primary_core_candidate_background|selected_feature_matrix|GSE268609|11|dentate_candidate	primary_core_candidate_background	selected_feature_matrix	GSE268609	human_dentate_hippocampus	dentate	11	dentate_candidate	broad_neuronal_structural_warning,other_or_ambiguous	neurite_morphology_rank	Neurite/morphology	0.6666666666666666	0.6666666666666666	0.0
primary_core_candidate_background|selected_feature_matrix|GSE268609|11|dentate_candidate	primary_core_candidate_background	selected_feature_matrix	GSE268609	human_dentate_hippocampus	dentate	11	dentate_candidate	broad_neuronal_structural_warning,other_or_ambiguous	synaptic_excitability_rank	Synaptic/excitability	0.6666666666666666	0.6666666666666666	0.0
primary_core_candidate_background|selected_feature_matrix|GSE268609|11|dentate_candidate	primary_core_candidate_background	selected_feature_matrix	GSE268609	human_dentate_hippocampus	dentate	11	dentate_candidate	broad_neuronal_structural_warning,other_or_ambiguous	downstream_mean_rank	Downstream mean	0.6666666666666666	0.6666666666666666	0.0
primary_core_candidate_background|selected_feature_matrix|GSE268609|11|dentate_candidate	primary_core_candidate_background	selected_feature_matrix	GSE268609	human_dentate_hippocampus	dentate	11	dentate_candidate	broad_neuronal_structural_warning,other_or_ambiguous	branch_matched_fate_rank	Matched fate	1.0	0.5	0.5
primary_core_candidate_background|selected_feature_matrix|GSE268609|11|dentate_candidate	primary_core_candidate_background	selected_feature_matrix	GSE268609	human_dentate_hippocampus	dentate	11	dentate_candidate	broad_neuronal_structural_warning,other_or_ambiguous	branch_opposed_fate_rank	Opposed fate	0.8333333333333333	0.6666666666666666	0.16666666666666663
primary_core_candidate_background|selected_feature_matrix|GSE268609|12|dentate_candidate	primary_core_candidate_background	selected_feature_matrix	GSE268609	human_dentate_hippocampus	dentate	12	dentate_candidate	broad_neuronal_structural_warning,other_or_ambiguous	cerebellar_fate_rank	Cerebellar fate	1.0	0.6666666666666666	0.33333333333333337
primary_core_candidate_background|selected_feature_matrix|GSE268609|12|dentate_candidate	primary_core_candidate_background	selected_feature_matrix	GSE268609	human_dentate_hippocampus	dentate	12	dentate_candidate	broad_neuronal_structural_warning,other_or_ambiguous	dentate_fate_rank	Dentate fate	1.0	0.5	0.5
primary_core_candidate_background|selected_feature_matrix|GSE268609|12|dentate_candidate	primary_core_candidate_background	selected_feature_matrix	GSE268609	human_dentate_hippocampus	dentate	12	dentate_candidate	broad_neuronal_structural_warning,other_or_ambiguous	niche_rank	Niche/progenitor	1.0	0.5	0.5
primary_core_candidate_background|selected_feature_matrix|GSE268609|12|dentate_candidate	primary_core_candidate_background	selected_feature_matrix	GSE268609	human_dentate_hippocampus	dentate	12	dentate_candidate	broad_neuronal_structural_warning,other_or_ambiguous	neurite_morphology_rank	Neurite/morphology	0.6666666666666666	0.6666666666666666	0.0
primary_core_candidate_background|selected_feature_matrix|GSE268609|12|dentate_candidate	primary_core_candidate_background	selected_feature_matrix	GSE268609	human_dentate_hippocampus	dentate	12	dentate_candidate	broad_neuronal_structural_warning,other_or_ambiguous	synaptic_excitability_rank	Synaptic/excitability	0.6666666666666666	0.6666666666666666	0.0
primary_core_candidate_background|selected_feature_matrix|GSE268609|12|dentate_candidate	primary_core_candidate_background	selected_feature_matrix	GSE268609	human_dentate_hippocampus	dentate	12	dentate_candidate	broad_neuronal_structural_warning,other_or_ambiguous	downstream_mean_rank	Downstream mean	0.6666666666666666	0.6666666666666666	0.0
primary_core_candidate_background|selected_feature_matrix|GSE268609|12|dentate_candidate	primary_core_candidate_background	selected_feature_matrix	GSE268609	human_dentate_hippocampus	dentate	12	dentate_candidate	broad_neuronal_structural_warning,other_or_ambiguous	branch_matched_fate_rank	Matched fate	1.0	0.5	0.5
primary_core_candidate_background|selected_feature_matrix|GSE268609|12|dentate_candidate	primary_core_candidate_background	selected_feature_matrix	GSE268609	human_dentate_hippocampus	dentate	12	dentate_candidate	broad_neuronal_structural_warning,other_or_ambiguous	branch_opposed_fate_rank	Opposed fate	1.0	0.6666666666666666	0.33333333333333337
primary_core_candidate_background|selected_feature_matrix|GSE268609|13|dentate_candidate	primary_core_candidate_background	selected_feature_matrix	GSE268609	human_dentate_hippocampus	dentate	13	dentate_candidate	broad_neuronal_structural_warning,other_or_ambiguous	cerebellar_fate_rank	Cerebellar fate	0.8333333333333333	0.5833333333333333	0.25
primary_core_candidate_background|selected_feature_matrix|GSE268609|13|dentate_candidate	primary_core_candidate_background	selected_feature_matrix	GSE268609	human_dentate_hippocampus	dentate	13	dentate_candidate	broad_neuronal_structural_warning,other_or_ambiguous	dentate_fate_rank	Dentate fate	1.0	0.5	0.5
primary_core_candidate_background|selected_feature_matrix|GSE268609|13|dentate_candidate	primary_core_candidate_background	selected_feature_matrix	GSE268609	human_dentate_hippocampus	dentate	13	dentate_candidate	broad_neuronal_structural_warning,other_or_ambiguous	niche_rank	Niche/progenitor	1.0	0.5	0.5
primary_core_candidate_background|selected_feature_matrix|GSE268609|13|dentate_candidate	primary_core_candidate_background	selected_feature_matrix	GSE268609	human_dentate_hippocampus	dentate	13	dentate_candidate	broad_neuronal_structural_warning,other_or_ambiguous	neurite_morphology_rank	Neurite/morphology	0.6666666666666666	0.6666666666666666	0.0
primary_core_candidate_background|selected_feature_matrix|GSE268609|13|dentate_candidate	primary_core_candidate_background	selected_feature_matrix	GSE268609	human_dentate_hippocampus	dentate	13	dentate_candidate	broad_neuronal_structural_warning,other_or_ambiguous	synaptic_excitability_rank	Synaptic/excitability	1.0	0.5	0.5
primary_core_candidate_background|selected_feature_matrix|GSE268609|13|dentate_candidate	primary_core_candidate_background	selected_feature_matrix	GSE268609	human_dentate_hippocampus	dentate	13	dentate_candidate	broad_neuronal_structural_warning,other_or_ambiguous	downstream_mean_rank	Downstream mean	0.8333333333333333	0.5833333333333333	0.25
primary_core_candidate_background|selected_feature_matrix|GSE268609|13|dentate_candidate	primary_core_candidate_background	selected_feature_matrix	GSE268609	human_dentate_hippocampus	dentate	13	dentate_candidate	broad_neuronal_structural_warning,other_or_ambiguous	branch_matched_fate_rank	Matched fate	1.0	0.5	0.5
primary_core_candidate_background|selected_feature_matrix|GSE268609|13|dentate_candidate	primary_core_candidate_background	selected_feature_matrix	GSE268609	human_dentate_hippocampus	dentate	13	dentate_candidate	broad_neuronal_structural_warning,other_or_ambiguous	branch_opposed_fate_rank	Opposed fate	0.8333333333333333	0.5833333333333333	0.25
primary_core_candidate_background|selected_feature_matrix|GSE268609|14|dentate_candidate	primary_core_candidate_background	selected_feature_matrix	GSE268609	human_dentate_hippocampus	dentate	14	dentate_candidate	broad_neuronal_structural_warning,other_or_ambiguous	cerebellar_fate_rank	Cerebellar fate	1.0	0.625	0.375
primary_core_candidate_background|selected_feature_matrix|GSE268609|14|dentate_candidate	primary_core_candidate_background	selected_feature_matrix	GSE268609	human_dentate_hippocampus	dentate	14	dentate_candidate	broad_neuronal_structural_warning,other_or_ambiguous	dentate_fate_rank	Dentate fate	1.0	0.5	0.5
primary_core_candidate_background|selected_feature_matrix|GSE268609|14|dentate_candidate	primary_core_candidate_background	selected_feature_matrix	GSE268609	human_dentate_hippocampus	dentate	14	dentate_candidate	broad_neuronal_structural_warning,other_or_ambiguous	niche_rank	Niche/progenitor	0.8333333333333333	0.5833333333333333	0.25
primary_core_candidate_background|selected_feature_matrix|GSE268609|14|dentate_candidate	primary_core_candidate_background	selected_feature_matrix	GSE268609	human_dentate_hippocampus	dentate	14	dentate_candidate	broad_neuronal_structural_warning,other_or_ambiguous	neurite_morphology_rank	Neurite/morphology	1.0	0.5	0.5
primary_core_candidate_background|selected_feature_matrix|GSE268609|14|dentate_candidate	primary_core_candidate_background	selected_feature_matrix	GSE268609	human_dentate_hippocampus	dentate	14	dentate_candidate	broad_neuronal_structural_warning,other_or_ambiguous	synaptic_excitability_rank	Synaptic/excitability	1.0	0.5	0.5
primary_core_candidate_background|selected_feature_matrix|GSE268609|14|dentate_candidate	primary_core_candidate_background	selected_feature_matrix	GSE268609	human_dentate_hippocampus	dentate	14	dentate_candidate	broad_neuronal_structural_warning,other_or_ambiguous	downstream_mean_rank	Downstream mean	1.0	0.5	0.5
primary_core_candidate_background|selected_feature_matrix|GSE268609|14|dentate_candidate	primary_core_candidate_background	selected_feature_matrix	GSE268609	human_dentate_hippocampus	dentate	14	dentate_candidate	broad_neuronal_structural_warning,other_or_ambiguous	branch_matched_fate_rank	Matched fate	1.0	0.5	0.5
primary_core_candidate_background|selected_feature_matrix|GSE268609|14|dentate_candidate	primary_core_candidate_background	selected_feature_matrix	GSE268609	human_dentate_hippocampus	dentate	14	dentate_candidate	broad_neuronal_structural_warning,other_or_ambiguous	branch_opposed_fate_rank	Opposed fate	1.0	0.625	0.375
primary_core_candidate_background|selected_feature_matrix|GSE268609|15|dentate_candidate	primary_core_candidate_background	selected_feature_matrix	GSE268609	human_dentate_hippocampus	dentate	15	dentate_candidate	broad_neuronal_structural_warning,other_or_ambiguous	cerebellar_fate_rank	Cerebellar fate	0.6666666666666666	0.6666666666666666	0.0
primary_core_candidate_background|selected_feature_matrix|GSE268609|15|dentate_candidate	primary_core_candidate_background	selected_feature_matrix	GSE268609	human_dentate_hippocampus	dentate	15	dentate_candidate	broad_neuronal_structural_warning,other_or_ambiguous	dentate_fate_rank	Dentate fate	1.0	0.5	0.5
primary_core_candidate_background|selected_feature_matrix|GSE268609|15|dentate_candidate	primary_core_candidate_background	selected_feature_matrix	GSE268609	human_dentate_hippocampus	dentate	15	dentate_candidate	broad_neuronal_structural_warning,other_or_ambiguous	niche_rank	Niche/progenitor	1.0	0.5833333333333333	0.41666666666666674
primary_core_candidate_background|selected_feature_matrix|GSE268609|15|dentate_candidate	primary_core_candidate_background	selected_feature_matrix	GSE268609	human_dentate_hippocampus	dentate	15	dentate_candidate	broad_neuronal_structural_warning,other_or_ambiguous	neurite_morphology_rank	Neurite/morphology	1.0	0.5	0.5
primary_core_candidate_background|selected_feature_matrix|GSE268609|15|dentate_candidate	primary_core_candidate_background	selected_feature_matrix	GSE268609	human_dentate_hippocampus	dentate	15	dentate_candidate	broad_neuronal_structural_warning,other_or_ambiguous	synaptic_excitability_rank	Synaptic/excitability	1.0	0.5	0.5
primary_core_candidate_background|selected_feature_matrix|GSE268609|15|dentate_candidate	primary_core_candidate_background	selected_feature_matrix	GSE268609	human_dentate_hippocampus	dentate	15	dentate_candidate	broad_neuronal_structural_warning,other_or_ambiguous	downstream_mean_rank	Downstream mean	1.0	0.5	0.5
primary_core_candidate_background|selected_feature_matrix|GSE268609|15|dentate_candidate	primary_core_candidate_background	selected_feature_matrix	GSE268609	human_dentate_hippocampus	dentate	15	dentate_candidate	broad_neuronal_structural_warning,other_or_ambiguous	branch_matched_fate_rank	Matched fate	1.0	0.5	0.5
primary_core_candidate_background|selected_feature_matrix|GSE268609|15|dentate_candidate	primary_core_candidate_background	selected_feature_matrix	GSE268609	human_dentate_hippocampus	dentate	15	dentate_candidate	broad_neuronal_structural_warning,other_or_ambiguous	branch_opposed_fate_rank	Opposed fate	0.6666666666666666	0.6666666666666666	0.0
primary_core_candidate_background|selected_feature_matrix|GSE268609|16|dentate_candidate	primary_core_candidate_background	selected_feature_matrix	GSE268609	human_dentate_hippocampus	dentate	16	dentate_candidate	broad_neuronal_structural_warning,other_or_ambiguous	cerebellar_fate_rank	Cerebellar fate	0.8333333333333333	0.6666666666666666	0.16666666666666663
primary_core_candidate_background|selected_feature_matrix|GSE268609|16|dentate_candidate	primary_core_candidate_background	selected_feature_matrix	GSE268609	human_dentate_hippocampus	dentate	16	dentate_candidate	broad_neuronal_structural_warning,other_or_ambiguous	dentate_fate_rank	Dentate fate	1.0	0.5	0.5
primary_core_candidate_background|selected_feature_matrix|GSE268609|16|dentate_candidate	primary_core_candidate_background	selected_feature_matrix	GSE268609	human_dentate_hippocampus	dentate	16	dentate_candidate	broad_neuronal_structural_warning,other_or_ambiguous	niche_rank	Niche/progenitor	1.0	0.5833333333333333	0.41666666666666674
primary_core_candidate_background|selected_feature_matrix|GSE268609|16|dentate_candidate	primary_core_candidate_background	selected_feature_matrix	GSE268609	human_dentate_hippocampus	dentate	16	dentate_candidate	broad_neuronal_structural_warning,other_or_ambiguous	neurite_morphology_rank	Neurite/morphology	1.0	0.5	0.5
primary_core_candidate_background|selected_feature_matrix|GSE268609|16|dentate_candidate	primary_core_candidate_background	selected_feature_matrix	GSE268609	human_dentate_hippocampus	dentate	16	dentate_candidate	broad_neuronal_structural_warning,other_or_ambiguous	synaptic_excitability_rank	Synaptic/excitability	1.0	0.5	0.5
primary_core_candidate_background|selected_feature_matrix|GSE268609|16|dentate_candidate	primary_core_candidate_background	selected_feature_matrix	GSE268609	human_dentate_hippocampus	dentate	16	dentate_candidate	broad_neuronal_structural_warning,other_or_ambiguous	downstream_mean_rank	Downstream mean	1.0	0.5	0.5
primary_core_candidate_background|selected_feature_matrix|GSE268609|16|dentate_candidate	primary_core_candidate_background	selected_feature_matrix	GSE268609	human_dentate_hippocampus	dentate	16	dentate_candidate	broad_neuronal_structural_warning,other_or_ambiguous	branch_matched_fate_rank	Matched fate	1.0	0.5	0.5
primary_core_candidate_background|selected_feature_matrix|GSE268609|16|dentate_candidate	primary_core_candidate_background	selected_feature_matrix	GSE268609	human_dentate_hippocampus	dentate	16	dentate_candidate	broad_neuronal_structural_warning,other_or_ambiguous	branch_opposed_fate_rank	Opposed fate	0.8333333333333333	0.6666666666666666	0.16666666666666663
primary_core_candidate_background|selected_feature_matrix|GSE268609|17|dentate_candidate	primary_core_candidate_background	selected_feature_matrix	GSE268609	human_dentate_hippocampus	dentate	17	dentate_candidate	broad_neuronal_structural_warning,other_or_ambiguous	cerebellar_fate_rank	Cerebellar fate	0.8333333333333333	0.6666666666666666	0.16666666666666663
primary_core_candidate_background|selected_feature_matrix|GSE268609|17|dentate_candidate	primary_core_candidate_background	selected_feature_matrix	GSE268609	human_dentate_hippocampus	dentate	17	dentate_candidate	broad_neuronal_structural_warning,other_or_ambiguous	dentate_fate_rank	Dentate fate	1.0	0.5	0.5
primary_core_candidate_background|selected_feature_matrix|GSE268609|17|dentate_candidate	primary_core_candidate_background	selected_feature_matrix	GSE268609	human_dentate_hippocampus	dentate	17	dentate_candidate	broad_neuronal_structural_warning,other_or_ambiguous	niche_rank	Niche/progenitor	1.0	0.5	0.5
primary_core_candidate_background|selected_feature_matrix|GSE268609|17|dentate_candidate	primary_core_candidate_background	selected_feature_matrix	GSE268609	human_dentate_hippocampus	dentate	17	dentate_candidate	broad_neuronal_structural_warning,other_or_ambiguous	neurite_morphology_rank	Neurite/morphology	0.6666666666666666	0.6666666666666666	0.0
primary_core_candidate_background|selected_feature_matrix|GSE268609|17|dentate_candidate	primary_core_candidate_background	selected_feature_matrix	GSE268609	human_dentate_hippocampus	dentate	17	dentate_candidate	broad_neuronal_structural_warning,other_or_ambiguous	synaptic_excitability_rank	Synaptic/excitability	1.0	0.5	0.5
primary_core_candidate_background|selected_feature_matrix|GSE268609|17|dentate_candidate	primary_core_candidate_background	selected_feature_matrix	GSE268609	human_dentate_hippocampus	dentate	17	dentate_candidate	broad_neuronal_structural_warning,other_or_ambiguous	downstream_mean_rank	Downstream mean	0.8333333333333333	0.5833333333333333	0.25
primary_core_candidate_background|selected_feature_matrix|GSE268609|17|dentate_candidate	primary_core_candidate_background	selected_feature_matrix	GSE268609	human_dentate_hippocampus	dentate	17	dentate_candidate	broad_neuronal_structural_warning,other_or_ambiguous	branch_matched_fate_rank	Matched fate	1.0	0.5	0.5
primary_core_candidate_background|selected_feature_matrix|GSE268609|17|dentate_candidate	primary_core_candidate_background	selected_feature_matrix	GSE268609	human_dentate_hippocampus	dentate	17	dentate_candidate	broad_neuronal_structural_warning,other_or_ambiguous	branch_opposed_fate_rank	Opposed fate	0.8333333333333333	0.6666666666666666	0.16666666666666663
primary_core_candidate_background|selected_feature_matrix|GSE268609|18|dentate_candidate	primary_core_candidate_background	selected_feature_matrix	GSE268609	human_dentate_hippocampus	dentate	18	dentate_candidate	broad_neuronal_structural_warning,other_or_ambiguous	cerebellar_fate_rank	Cerebellar fate	1.0	0.625	0.375
primary_core_candidate_background|selected_feature_matrix|GSE268609|18|dentate_candidate	primary_core_candidate_background	selected_feature_matrix	GSE268609	human_dentate_hippocampus	dentate	18	dentate_candidate	broad_neuronal_structural_warning,other_or_ambiguous	dentate_fate_rank	Dentate fate	0.6666666666666666	0.5	0.16666666666666663
primary_core_candidate_background|selected_feature_matrix|GSE268609|18|dentate_candidate	primary_core_candidate_background	selected_feature_matrix	GSE268609	human_dentate_hippocampus	dentate	18	dentate_candidate	broad_neuronal_structural_warning,other_or_ambiguous	niche_rank	Niche/progenitor	0.8333333333333333	0.5833333333333333	0.25
primary_core_candidate_background|selected_feature_matrix|GSE268609|18|dentate_candidate	primary_core_candidate_background	selected_feature_matrix	GSE268609	human_dentate_hippocampus	dentate	18	dentate_candidate	broad_neuronal_structural_warning,other_or_ambiguous	neurite_morphology_rank	Neurite/morphology	0.6666666666666666	0.6666666666666666	0.0
primary_core_candidate_background|selected_feature_matrix|GSE268609|18|dentate_candidate	primary_core_candidate_background	selected_feature_matrix	GSE268609	human_dentate_hippocampus	dentate	18	dentate_candidate	broad_neuronal_structural_warning,other_or_ambiguous	synaptic_excitability_rank	Synaptic/excitability	0.6666666666666666	0.6666666666666666	0.0
primary_core_candidate_background|selected_feature_matrix|GSE268609|18|dentate_candidate	primary_core_candidate_background	selected_feature_matrix	GSE268609	human_dentate_hippocampus	dentate	18	dentate_candidate	broad_neuronal_structural_warning,other_or_ambiguous	downstream_mean_rank	Downstream mean	0.6666666666666666	0.6666666666666666	0.0
primary_core_candidate_background|selected_feature_matrix|GSE268609|18|dentate_candidate	primary_core_candidate_background	selected_feature_matrix	GSE268609	human_dentate_hippocampus	dentate	18	dentate_candidate	broad_neuronal_structural_warning,other_or_ambiguous	branch_matched_fate_rank	Matched fate	0.6666666666666666	0.5	0.16666666666666663
primary_core_candidate_background|selected_feature_matrix|GSE268609|18|dentate_candidate	primary_core_candidate_background	selected_feature_matrix	GSE268609	human_dentate_hippocampus	dentate	18	dentate_candidate	broad_neuronal_structural_warning,other_or_ambiguous	branch_opposed_fate_rank	Opposed fate	1.0	0.625	0.375
primary_core_candidate_background|selected_feature_matrix|GSE268609|19|dentate_candidate	primary_core_candidate_background	selected_feature_matrix	GSE268609	human_dentate_hippocampus	dentate	19	dentate_candidate	broad_neuronal_structural_warning,other_or_ambiguous	cerebellar_fate_rank	Cerebellar fate	0.6666666666666666	0.6666666666666666	0.0
primary_core_candidate_background|selected_feature_matrix|GSE268609|19|dentate_candidate	primary_core_candidate_background	selected_feature_matrix	GSE268609	human_dentate_hippocampus	dentate	19	dentate_candidate	broad_neuronal_structural_warning,other_or_ambiguous	dentate_fate_rank	Dentate fate	1.0	0.5	0.5
primary_core_candidate_background|selected_feature_matrix|GSE268609|19|dentate_candidate	primary_core_candidate_background	selected_feature_matrix	GSE268609	human_dentate_hippocampus	dentate	19	dentate_candidate	broad_neuronal_structural_warning,other_or_ambiguous	niche_rank	Niche/progenitor	0.8333333333333333	0.5833333333333333	0.25
primary_core_candidate_background|selected_feature_matrix|GSE268609|19|dentate_candidate	primary_core_candidate_background	selected_feature_matrix	GSE268609	human_dentate_hippocampus	dentate	19	dentate_candidate	broad_neuronal_structural_warning,other_or_ambiguous	neurite_morphology_rank	Neurite/morphology	0.6666666666666666	0.6666666666666666	0.0
primary_core_candidate_background|selected_feature_matrix|GSE268609|19|dentate_candidate	primary_core_candidate_background	selected_feature_matrix	GSE268609	human_dentate_hippocampus	dentate	19	dentate_candidate	broad_neuronal_structural_warning,other_or_ambiguous	synaptic_excitability_rank	Synaptic/excitability	0.6666666666666666	0.6666666666666666	0.0
primary_core_candidate_background|selected_feature_matrix|GSE268609|19|dentate_candidate	primary_core_candidate_background	selected_feature_matrix	GSE268609	human_dentate_hippocampus	dentate	19	dentate_candidate	broad_neuronal_structural_warning,other_or_ambiguous	downstream_mean_rank	Downstream mean	0.6666666666666666	0.6666666666666666	0.0
primary_core_candidate_background|selected_feature_matrix|GSE268609|19|dentate_candidate	primary_core_candidate_background	selected_feature_matrix	GSE268609	human_dentate_hippocampus	dentate	19	dentate_candidate	broad_neuronal_structural_warning,other_or_ambiguous	branch_matched_fate_rank	Matched fate	1.0	0.5	0.5
primary_core_candidate_background|selected_feature_matrix|GSE268609|19|dentate_candidate	primary_core_candidate_background	selected_feature_matrix	GSE268609	human_dentate_hippocampus	dentate	19	dentate_candidate	broad_neuronal_structural_warning,other_or_ambiguous	branch_opposed_fate_rank	Opposed fate	0.6666666666666666	0.6666666666666666	0.0
primary_core_candidate_background|selected_feature_matrix|GSE268609|20|dentate_candidate	primary_core_candidate_background	selected_feature_matrix	GSE268609	human_dentate_hippocampus	dentate	20	dentate_candidate	broad_neuronal_structural_warning,other_or_ambiguous	cerebellar_fate_rank	Cerebellar fate	0.8333333333333333	0.6666666666666666	0.16666666666666663
primary_core_candidate_background|selected_feature_matrix|GSE268609|20|dentate_candidate	primary_core_candidate_background	selected_feature_matrix	GSE268609	human_dentate_hippocampus	dentate	20	dentate_candidate	broad_neuronal_structural_warning,other_or_ambiguous	dentate_fate_rank	Dentate fate	1.0	0.5833333333333333	0.41666666666666674
primary_core_candidate_background|selected_feature_matrix|GSE268609|20|dentate_candidate	primary_core_candidate_background	selected_feature_matrix	GSE268609	human_dentate_hippocampus	dentate	20	dentate_candidate	broad_neuronal_structural_warning,other_or_ambiguous	niche_rank	Niche/progenitor	1.0	0.5	0.5
primary_core_candidate_background|selected_feature_matrix|GSE268609|20|dentate_candidate	primary_core_candidate_background	selected_feature_matrix	GSE268609	human_dentate_hippocampus	dentate	20	dentate_candidate	broad_neuronal_structural_warning,other_or_ambiguous	neurite_morphology_rank	Neurite/morphology	1.0	0.5	0.5
primary_core_candidate_background|selected_feature_matrix|GSE268609|20|dentate_candidate	primary_core_candidate_background	selected_feature_matrix	GSE268609	human_dentate_hippocampus	dentate	20	dentate_candidate	broad_neuronal_structural_warning,other_or_ambiguous	synaptic_excitability_rank	Synaptic/excitability	1.0	0.5	0.5
primary_core_candidate_background|selected_feature_matrix|GSE268609|20|dentate_candidate	primary_core_candidate_background	selected_feature_matrix	GSE268609	human_dentate_hippocampus	dentate	20	dentate_candidate	broad_neuronal_structural_warning,other_or_ambiguous	downstream_mean_rank	Downstream mean	1.0	0.5	0.5
primary_core_candidate_background|selected_feature_matrix|GSE268609|20|dentate_candidate	primary_core_candidate_background	selected_feature_matrix	GSE268609	human_dentate_hippocampus	dentate	20	dentate_candidate	broad_neuronal_structural_warning,other_or_ambiguous	branch_matched_fate_rank	Matched fate	1.0	0.5833333333333333	0.41666666666666674
primary_core_candidate_background|selected_feature_matrix|GSE268609|20|dentate_candidate	primary_core_candidate_background	selected_feature_matrix	GSE268609	human_dentate_hippocampus	dentate	20	dentate_candidate	broad_neuronal_structural_warning,other_or_ambiguous	branch_opposed_fate_rank	Opposed fate	0.8333333333333333	0.6666666666666666	0.16666666666666663
primary_core_candidate_background|selected_feature_matrix|GSE268609|21|dentate_candidate	primary_core_candidate_background	selected_feature_matrix	GSE268609	human_dentate_hippocampus	dentate	21	dentate_candidate	broad_neuronal_structural_warning,other_or_ambiguous	cerebellar_fate_rank	Cerebellar fate	0.8333333333333333	0.5416666666666666	0.29166666666666663
primary_core_candidate_background|selected_feature_matrix|GSE268609|21|dentate_candidate	primary_core_candidate_background	selected_feature_matrix	GSE268609	human_dentate_hippocampus	dentate	21	dentate_candidate	broad_neuronal_structural_warning,other_or_ambiguous	dentate_fate_rank	Dentate fate	1.0	0.5	0.5
primary_core_candidate_background|selected_feature_matrix|GSE268609|21|dentate_candidate	primary_core_candidate_background	selected_feature_matrix	GSE268609	human_dentate_hippocampus	dentate	21	dentate_candidate	broad_neuronal_structural_warning,other_or_ambiguous	niche_rank	Niche/progenitor	0.8333333333333333	0.5833333333333333	0.25
primary_core_candidate_background|selected_feature_matrix|GSE268609|21|dentate_candidate	primary_core_candidate_background	selected_feature_matrix	GSE268609	human_dentate_hippocampus	dentate	21	dentate_candidate	broad_neuronal_structural_warning,other_or_ambiguous	neurite_morphology_rank	Neurite/morphology	0.6666666666666666	0.6666666666666666	0.0
primary_core_candidate_background|selected_feature_matrix|GSE268609|21|dentate_candidate	primary_core_candidate_background	selected_feature_matrix	GSE268609	human_dentate_hippocampus	dentate	21	dentate_candidate	broad_neuronal_structural_warning,other_or_ambiguous	synaptic_excitability_rank	Synaptic/excitability	0.8333333333333333	0.5833333333333333	0.25
primary_core_candidate_background|selected_feature_matrix|GSE268609|21|dentate_candidate	primary_core_candidate_background	selected_feature_matrix	GSE268609	human_dentate_hippocampus	dentate	21	dentate_candidate	broad_neuronal_structural_warning,other_or_ambiguous	downstream_mean_rank	Downstream mean	0.75	0.625	0.125
primary_core_candidate_background|selected_feature_matrix|GSE268609|21|dentate_candidate	primary_core_candidate_background	selected_feature_matrix	GSE268609	human_dentate_hippocampus	dentate	21	dentate_candidate	broad_neuronal_structural_warning,other_or_ambiguous	branch_matched_fate_rank	Matched fate	1.0	0.5	0.5
primary_core_candidate_background|selected_feature_matrix|GSE268609|21|dentate_candidate	primary_core_candidate_background	selected_feature_matrix	GSE268609	human_dentate_hippocampus	dentate	21	dentate_candidate	broad_neuronal_structural_warning,other_or_ambiguous	branch_opposed_fate_rank	Opposed fate	0.8333333333333333	0.5416666666666666	0.29166666666666663
primary_core_candidate_background|selected_feature_matrix|GSE268609|22|dentate_candidate	primary_core_candidate_background	selected_feature_matrix	GSE268609	human_dentate_hippocampus	dentate	22	dentate_candidate	broad_neuronal_structural_warning,other_or_ambiguous	cerebellar_fate_rank	Cerebellar fate	0.8333333333333333	0.6666666666666666	0.16666666666666663
primary_core_candidate_background|selected_feature_matrix|GSE268609|22|dentate_candidate	primary_core_candidate_background	selected_feature_matrix	GSE268609	human_dentate_hippocampus	dentate	22	dentate_candidate	broad_neuronal_structural_warning,other_or_ambiguous	dentate_fate_rank	Dentate fate	1.0	0.5	0.5
primary_core_candidate_background|selected_feature_matrix|GSE268609|22|dentate_candidate	primary_core_candidate_background	selected_feature_matrix	GSE268609	human_dentate_hippocampus	dentate	22	dentate_candidate	broad_neuronal_structural_warning,other_or_ambiguous	niche_rank	Niche/progenitor	1.0	0.5	0.5
primary_core_candidate_background|selected_feature_matrix|GSE268609|22|dentate_candidate	primary_core_candidate_background	selected_feature_matrix	GSE268609	human_dentate_hippocampus	dentate	22	dentate_candidate	broad_neuronal_structural_warning,other_or_ambiguous	neurite_morphology_rank	Neurite/morphology	1.0	0.5	0.5
primary_core_candidate_background|selected_feature_matrix|GSE268609|22|dentate_candidate	primary_core_candidate_background	selected_feature_matrix	GSE268609	human_dentate_hippocampus	dentate	22	dentate_candidate	broad_neuronal_structural_warning,other_or_ambiguous	synaptic_excitability_rank	Synaptic/excitability	1.0	0.5	0.5
primary_core_candidate_background|selected_feature_matrix|GSE268609|22|dentate_candidate	primary_core_candidate_background	selected_feature_matrix	GSE268609	human_dentate_hippocampus	dentate	22	dentate_candidate	broad_neuronal_structural_warning,other_or_ambiguous	downstream_mean_rank	Downstream mean	1.0	0.5	0.5
primary_core_candidate_background|selected_feature_matrix|GSE268609|22|dentate_candidate	primary_core_candidate_background	selected_feature_matrix	GSE268609	human_dentate_hippocampus	dentate	22	dentate_candidate	broad_neuronal_structural_warning,other_or_ambiguous	branch_matched_fate_rank	Matched fate	1.0	0.5	0.5
primary_core_candidate_background|selected_feature_matrix|GSE268609|22|dentate_candidate	primary_core_candidate_background	selected_feature_matrix	GSE268609	human_dentate_hippocampus	dentate	22	dentate_candidate	broad_neuronal_structural_warning,other_or_ambiguous	branch_opposed_fate_rank	Opposed fate	0.8333333333333333	0.6666666666666666	0.16666666666666663
primary_core_candidate_background|selected_feature_matrix|GSE268609|23|dentate_candidate	primary_core_candidate_background	selected_feature_matrix	GSE268609	human_dentate_hippocampus	dentate	23	dentate_candidate	broad_neuronal_structural_warning,other_or_ambiguous	cerebellar_fate_rank	Cerebellar fate	1.0	0.625	0.375
primary_core_candidate_background|selected_feature_matrix|GSE268609|23|dentate_candidate	primary_core_candidate_background	selected_feature_matrix	GSE268609	human_dentate_hippocampus	dentate	23	dentate_candidate	broad_neuronal_structural_warning,other_or_ambiguous	dentate_fate_rank	Dentate fate	0.6666666666666666	0.6666666666666666	0.0
primary_core_candidate_background|selected_feature_matrix|GSE268609|23|dentate_candidate	primary_core_candidate_background	selected_feature_matrix	GSE268609	human_dentate_hippocampus	dentate	23	dentate_candidate	broad_neuronal_structural_warning,other_or_ambiguous	niche_rank	Niche/progenitor	0.6666666666666666	0.6666666666666666	0.0
primary_core_candidate_background|selected_feature_matrix|GSE268609|23|dentate_candidate	primary_core_candidate_background	selected_feature_matrix	GSE268609	human_dentate_hippocampus	dentate	23	dentate_candidate	broad_neuronal_structural_warning,other_or_ambiguous	neurite_morphology_rank	Neurite/morphology	0.6666666666666666	0.6666666666666666	0.0
primary_core_candidate_background|selected_feature_matrix|GSE268609|23|dentate_candidate	primary_core_candidate_background	selected_feature_matrix	GSE268609	human_dentate_hippocampus	dentate	23	dentate_candidate	broad_neuronal_structural_warning,other_or_ambiguous	synaptic_excitability_rank	Synaptic/excitability	0.6666666666666666	0.6666666666666666	0.0
primary_core_candidate_background|selected_feature_matrix|GSE268609|23|dentate_candidate	primary_core_candidate_background	selected_feature_matrix	GSE268609	human_dentate_hippocampus	dentate	23	dentate_candidate	broad_neuronal_structural_warning,other_or_ambiguous	downstream_mean_rank	Downstream mean	0.6666666666666666	0.6666666666666666	0.0
primary_core_candidate_background|selected_feature_matrix|GSE268609|23|dentate_candidate	primary_core_candidate_background	selected_feature_matrix	GSE268609	human_dentate_hippocampus	dentate	23	dentate_candidate	broad_neuronal_structural_warning,other_or_ambiguous	branch_matched_fate_rank	Matched fate	0.6666666666666666	0.6666666666666666	0.0
primary_core_candidate_background|selected_feature_matrix|GSE268609|23|dentate_candidate	primary_core_candidate_background	selected_feature_matrix	GSE268609	human_dentate_hippocampus	dentate	23	dentate_candidate	broad_neuronal_structural_warning,other_or_ambiguous	branch_opposed_fate_rank	Opposed fate	1.0	0.625	0.375
primary_core_candidate_background|selected_feature_matrix|GSE268609|24|dentate_candidate	primary_core_candidate_background	selected_feature_matrix	GSE268609	human_dentate_hippocampus	dentate	24	dentate_candidate	broad_neuronal_structural_warning,other_or_ambiguous	cerebellar_fate_rank	Cerebellar fate	0.6666666666666666	0.6249999999999999	0.04166666666666674
primary_core_candidate_background|selected_feature_matrix|GSE268609|24|dentate_candidate	primary_core_candidate_background	selected_feature_matrix	GSE268609	human_dentate_hippocampus	dentate	24	dentate_candidate	broad_neuronal_structural_warning,other_or_ambiguous	dentate_fate_rank	Dentate fate	1.0	0.5	0.5
primary_core_candidate_background|selected_feature_matrix|GSE268609|24|dentate_candidate	primary_core_candidate_background	selected_feature_matrix	GSE268609	human_dentate_hippocampus	dentate	24	dentate_candidate	broad_neuronal_structural_warning,other_or_ambiguous	niche_rank	Niche/progenitor	0.8333333333333333	0.5833333333333333	0.25
primary_core_candidate_background|selected_feature_matrix|GSE268609|24|dentate_candidate	primary_core_candidate_background	selected_feature_matrix	GSE268609	human_dentate_hippocampus	dentate	24	dentate_candidate	broad_neuronal_structural_warning,other_or_ambiguous	neurite_morphology_rank	Neurite/morphology	1.0	0.5	0.5
primary_core_candidate_background|selected_feature_matrix|GSE268609|24|dentate_candidate	primary_core_candidate_background	selected_feature_matrix	GSE268609	human_dentate_hippocampus	dentate	24	dentate_candidate	broad_neuronal_structural_warning,other_or_ambiguous	synaptic_excitability_rank	Synaptic/excitability	1.0	0.5	0.5
primary_core_candidate_background|selected_feature_matrix|GSE268609|24|dentate_candidate	primary_core_candidate_background	selected_feature_matrix	GSE268609	human_dentate_hippocampus	dentate	24	dentate_candidate	broad_neuronal_structural_warning,other_or_ambiguous	downstream_mean_rank	Downstream mean	1.0	0.5	0.5
primary_core_candidate_background|selected_feature_matrix|GSE268609|24|dentate_candidate	primary_core_candidate_background	selected_feature_matrix	GSE268609	human_dentate_hippocampus	dentate	24	dentate_candidate	broad_neuronal_structural_warning,other_or_ambiguous	branch_matched_fate_rank	Matched fate	1.0	0.5	0.5
primary_core_candidate_background|selected_feature_matrix|GSE268609|24|dentate_candidate	primary_core_candidate_background	selected_feature_matrix	GSE268609	human_dentate_hippocampus	dentate	24	dentate_candidate	broad_neuronal_structural_warning,other_or_ambiguous	branch_opposed_fate_rank	Opposed fate	0.6666666666666666	0.6249999999999999	0.04166666666666674
primary_core_candidate_background|selected_feature_matrix|GSE268609|25|dentate_candidate	primary_core_candidate_background	selected_feature_matrix	GSE268609	human_dentate_hippocampus	dentate	25	dentate_candidate	broad_neuronal_structural_warning,other_or_ambiguous	cerebellar_fate_rank	Cerebellar fate	0.8333333333333333	0.5833333333333333	0.25
primary_core_candidate_background|selected_feature_matrix|GSE268609|25|dentate_candidate	primary_core_candidate_background	selected_feature_matrix	GSE268609	human_dentate_hippocampus	dentate	25	dentate_candidate	broad_neuronal_structural_warning,other_or_ambiguous	dentate_fate_rank	Dentate fate	1.0	0.5833333333333333	0.41666666666666674
primary_core_candidate_background|selected_feature_matrix|GSE268609|25|dentate_candidate	primary_core_candidate_background	selected_feature_matrix	GSE268609	human_dentate_hippocampus	dentate	25	dentate_candidate	broad_neuronal_structural_warning,other_or_ambiguous	niche_rank	Niche/progenitor	1.0	0.5	0.5
primary_core_candidate_background|selected_feature_matrix|GSE268609|25|dentate_candidate	primary_core_candidate_background	selected_feature_matrix	GSE268609	human_dentate_hippocampus	dentate	25	dentate_candidate	broad_neuronal_structural_warning,other_or_ambiguous	neurite_morphology_rank	Neurite/morphology	1.0	0.5	0.5
primary_core_candidate_background|selected_feature_matrix|GSE268609|25|dentate_candidate	primary_core_candidate_background	selected_feature_matrix	GSE268609	human_dentate_hippocampus	dentate	25	dentate_candidate	broad_neuronal_structural_warning,other_or_ambiguous	synaptic_excitability_rank	Synaptic/excitability	1.0	0.5	0.5
primary_core_candidate_background|selected_feature_matrix|GSE268609|25|dentate_candidate	primary_core_candidate_background	selected_feature_matrix	GSE268609	human_dentate_hippocampus	dentate	25	dentate_candidate	broad_neuronal_structural_warning,other_or_ambiguous	downstream_mean_rank	Downstream mean	1.0	0.5	0.5
primary_core_candidate_background|selected_feature_matrix|GSE268609|25|dentate_candidate	primary_core_candidate_background	selected_feature_matrix	GSE268609	human_dentate_hippocampus	dentate	25	dentate_candidate	broad_neuronal_structural_warning,other_or_ambiguous	branch_matched_fate_rank	Matched fate	1.0	0.5833333333333333	0.41666666666666674
primary_core_candidate_background|selected_feature_matrix|GSE268609|25|dentate_candidate	primary_core_candidate_background	selected_feature_matrix	GSE268609	human_dentate_hippocampus	dentate	25	dentate_candidate	broad_neuronal_structural_warning,other_or_ambiguous	branch_opposed_fate_rank	Opposed fate	0.8333333333333333	0.5833333333333333	0.25
primary_core_candidate_background|selected_feature_matrix|GSE268609|26|dentate_candidate	primary_core_candidate_background	selected_feature_matrix	GSE268609	human_dentate_hippocampus	dentate	26	dentate_candidate	broad_neuronal_structural_warning,other_or_ambiguous	cerebellar_fate_rank	Cerebellar fate	0.6666666666666666	0.625	0.04166666666666663
primary_core_candidate_background|selected_feature_matrix|GSE268609|26|dentate_candidate	primary_core_candidate_background	selected_feature_matrix	GSE268609	human_dentate_hippocampus	dentate	26	dentate_candidate	broad_neuronal_structural_warning,other_or_ambiguous	dentate_fate_rank	Dentate fate	1.0	0.5833333333333333	0.41666666666666674
primary_core_candidate_background|selected_feature_matrix|GSE268609|26|dentate_candidate	primary_core_candidate_background	selected_feature_matrix	GSE268609	human_dentate_hippocampus	dentate	26	dentate_candidate	broad_neuronal_structural_warning,other_or_ambiguous	niche_rank	Niche/progenitor	1.0	0.5	0.5
primary_core_candidate_background|selected_feature_matrix|GSE268609|26|dentate_candidate	primary_core_candidate_background	selected_feature_matrix	GSE268609	human_dentate_hippocampus	dentate	26	dentate_candidate	broad_neuronal_structural_warning,other_or_ambiguous	neurite_morphology_rank	Neurite/morphology	0.6666666666666666	0.6666666666666666	0.0
primary_core_candidate_background|selected_feature_matrix|GSE268609|26|dentate_candidate	primary_core_candidate_background	selected_feature_matrix	GSE268609	human_dentate_hippocampus	dentate	26	dentate_candidate	broad_neuronal_structural_warning,other_or_ambiguous	synaptic_excitability_rank	Synaptic/excitability	1.0	0.5	0.5
primary_core_candidate_background|selected_feature_matrix|GSE268609|26|dentate_candidate	primary_core_candidate_background	selected_feature_matrix	GSE268609	human_dentate_hippocampus	dentate	26	dentate_candidate	broad_neuronal_structural_warning,other_or_ambiguous	downstream_mean_rank	Downstream mean	0.8333333333333333	0.5833333333333333	0.25
primary_core_candidate_background|selected_feature_matrix|GSE268609|26|dentate_candidate	primary_core_candidate_background	selected_feature_matrix	GSE268609	human_dentate_hippocampus	dentate	26	dentate_candidate	broad_neuronal_structural_warning,other_or_ambiguous	branch_matched_fate_rank	Matched fate	1.0	0.5833333333333333	0.41666666666666674
primary_core_candidate_background|selected_feature_matrix|GSE268609|26|dentate_candidate	primary_core_candidate_background	selected_feature_matrix	GSE268609	human_dentate_hippocampus	dentate	26	dentate_candidate	broad_neuronal_structural_warning,other_or_ambiguous	branch_opposed_fate_rank	Opposed fate	0.6666666666666666	0.625	0.04166666666666663
primary_core_candidate_background|selected_feature_matrix|GSE268609|27|dentate_candidate	primary_core_candidate_background	selected_feature_matrix	GSE268609	human_dentate_hippocampus	dentate	27	dentate_candidate	broad_neuronal_structural_warning,other_or_ambiguous	cerebellar_fate_rank	Cerebellar fate	0.8333333333333333	0.5833333333333333	0.25
primary_core_candidate_background|selected_feature_matrix|GSE268609|27|dentate_candidate	primary_core_candidate_background	selected_feature_matrix	GSE268609	human_dentate_hippocampus	dentate	27	dentate_candidate	broad_neuronal_structural_warning,other_or_ambiguous	dentate_fate_rank	Dentate fate	1.0	0.5	0.5
primary_core_candidate_background|selected_feature_matrix|GSE268609|27|dentate_candidate	primary_core_candidate_background	selected_feature_matrix	GSE268609	human_dentate_hippocampus	dentate	27	dentate_candidate	broad_neuronal_structural_warning,other_or_ambiguous	niche_rank	Niche/progenitor	1.0	0.5	0.5
primary_core_candidate_background|selected_feature_matrix|GSE268609|27|dentate_candidate	primary_core_candidate_background	selected_feature_matrix	GSE268609	human_dentate_hippocampus	dentate	27	dentate_candidate	broad_neuronal_structural_warning,other_or_ambiguous	neurite_morphology_rank	Neurite/morphology	1.0	0.5	0.5
primary_core_candidate_background|selected_feature_matrix|GSE268609|27|dentate_candidate	primary_core_candidate_background	selected_feature_matrix	GSE268609	human_dentate_hippocampus	dentate	27	dentate_candidate	broad_neuronal_structural_warning,other_or_ambiguous	synaptic_excitability_rank	Synaptic/excitability	0.6666666666666666	0.6666666666666666	0.0
primary_core_candidate_background|selected_feature_matrix|GSE268609|27|dentate_candidate	primary_core_candidate_background	selected_feature_matrix	GSE268609	human_dentate_hippocampus	dentate	27	dentate_candidate	broad_neuronal_structural_warning,other_or_ambiguous	downstream_mean_rank	Downstream mean	0.8333333333333333	0.5833333333333333	0.25
primary_core_candidate_background|selected_feature_matrix|GSE268609|27|dentate_candidate	primary_core_candidate_background	selected_feature_matrix	GSE268609	human_dentate_hippocampus	dentate	27	dentate_candidate	broad_neuronal_structural_warning,other_or_ambiguous	branch_matched_fate_rank	Matched fate	1.0	0.5	0.5
primary_core_candidate_background|selected_feature_matrix|GSE268609|27|dentate_candidate	primary_core_candidate_background	selected_feature_matrix	GSE268609	human_dentate_hippocampus	dentate	27	dentate_candidate	broad_neuronal_structural_warning,other_or_ambiguous	branch_opposed_fate_rank	Opposed fate	0.8333333333333333	0.5833333333333333	0.25
primary_core_candidate_background|selected_feature_matrix|GSE268609|28|dentate_candidate	primary_core_candidate_background	selected_feature_matrix	GSE268609	human_dentate_hippocampus	dentate	28	dentate_candidate	broad_neuronal_structural_warning,other_or_ambiguous	cerebellar_fate_rank	Cerebellar fate	0.6666666666666666	0.6666666666666666	0.0
primary_core_candidate_background|selected_feature_matrix|GSE268609|28|dentate_candidate	primary_core_candidate_background	selected_feature_matrix	GSE268609	human_dentate_hippocampus	dentate	28	dentate_candidate	broad_neuronal_structural_warning,other_or_ambiguous	dentate_fate_rank	Dentate fate	1.0	0.5	0.5
primary_core_candidate_background|selected_feature_matrix|GSE268609|28|dentate_candidate	primary_core_candidate_background	selected_feature_matrix	GSE268609	human_dentate_hippocampus	dentate	28	dentate_candidate	broad_neuronal_structural_warning,other_or_ambiguous	niche_rank	Niche/progenitor	0.8333333333333333	0.6666666666666666	0.16666666666666663
primary_core_candidate_background|selected_feature_matrix|GSE268609|28|dentate_candidate	primary_core_candidate_background	selected_feature_matrix	GSE268609	human_dentate_hippocampus	dentate	28	dentate_candidate	broad_neuronal_structural_warning,other_or_ambiguous	neurite_morphology_rank	Neurite/morphology	1.0	0.5	0.5
primary_core_candidate_background|selected_feature_matrix|GSE268609|28|dentate_candidate	primary_core_candidate_background	selected_feature_matrix	GSE268609	human_dentate_hippocampus	dentate	28	dentate_candidate	broad_neuronal_structural_warning,other_or_ambiguous	synaptic_excitability_rank	Synaptic/excitability	1.0	0.5	0.5
primary_core_candidate_background|selected_feature_matrix|GSE268609|28|dentate_candidate	primary_core_candidate_background	selected_feature_matrix	GSE268609	human_dentate_hippocampus	dentate	28	dentate_candidate	broad_neuronal_structural_warning,other_or_ambiguous	downstream_mean_rank	Downstream mean	1.0	0.5	0.5
primary_core_candidate_background|selected_feature_matrix|GSE268609|28|dentate_candidate	primary_core_candidate_background	selected_feature_matrix	GSE268609	human_dentate_hippocampus	dentate	28	dentate_candidate	broad_neuronal_structural_warning,other_or_ambiguous	branch_matched_fate_rank	Matched fate	1.0	0.5	0.5
primary_core_candidate_background|selected_feature_matrix|GSE268609|28|dentate_candidate	primary_core_candidate_background	selected_feature_matrix	GSE268609	human_dentate_hippocampus	dentate	28	dentate_candidate	broad_neuronal_structural_warning,other_or_ambiguous	branch_opposed_fate_rank	Opposed fate	0.6666666666666666	0.6666666666666666	0.0
primary_core_candidate_background|selected_feature_matrix|GSE268609|29|dentate_candidate	primary_core_candidate_background	selected_feature_matrix	GSE268609	human_dentate_hippocampus	dentate	29	dentate_candidate	broad_neuronal_structural_warning,other_or_ambiguous	cerebellar_fate_rank	Cerebellar fate	0.8333333333333333	0.5833333333333333	0.25
primary_core_candidate_background|selected_feature_matrix|GSE268609|29|dentate_candidate	primary_core_candidate_background	selected_feature_matrix	GSE268609	human_dentate_hippocampus	dentate	29	dentate_candidate	broad_neuronal_structural_warning,other_or_ambiguous	dentate_fate_rank	Dentate fate	1.0	0.5	0.5
primary_core_candidate_background|selected_feature_matrix|GSE268609|29|dentate_candidate	primary_core_candidate_background	selected_feature_matrix	GSE268609	human_dentate_hippocampus	dentate	29	dentate_candidate	broad_neuronal_structural_warning,other_or_ambiguous	niche_rank	Niche/progenitor	0.8333333333333333	0.6666666666666666	0.16666666666666663
primary_core_candidate_background|selected_feature_matrix|GSE268609|29|dentate_candidate	primary_core_candidate_background	selected_feature_matrix	GSE268609	human_dentate_hippocampus	dentate	29	dentate_candidate	broad_neuronal_structural_warning,other_or_ambiguous	neurite_morphology_rank	Neurite/morphology	0.6666666666666666	0.6666666666666666	0.0
primary_core_candidate_background|selected_feature_matrix|GSE268609|29|dentate_candidate	primary_core_candidate_background	selected_feature_matrix	GSE268609	human_dentate_hippocampus	dentate	29	dentate_candidate	broad_neuronal_structural_warning,other_or_ambiguous	synaptic_excitability_rank	Synaptic/excitability	0.6666666666666666	0.6666666666666666	0.0
primary_core_candidate_background|selected_feature_matrix|GSE268609|29|dentate_candidate	primary_core_candidate_background	selected_feature_matrix	GSE268609	human_dentate_hippocampus	dentate	29	dentate_candidate	broad_neuronal_structural_warning,other_or_ambiguous	downstream_mean_rank	Downstream mean	0.6666666666666666	0.6666666666666666	0.0
primary_core_candidate_background|selected_feature_matrix|GSE268609|29|dentate_candidate	primary_core_candidate_background	selected_feature_matrix	GSE268609	human_dentate_hippocampus	dentate	29	dentate_candidate	broad_neuronal_structural_warning,other_or_ambiguous	branch_matched_fate_rank	Matched fate	1.0	0.5	0.5
primary_core_candidate_background|selected_feature_matrix|GSE268609|29|dentate_candidate	primary_core_candidate_background	selected_feature_matrix	GSE268609	human_dentate_hippocampus	dentate	29	dentate_candidate	broad_neuronal_structural_warning,other_or_ambiguous	branch_opposed_fate_rank	Opposed fate	0.8333333333333333	0.5833333333333333	0.25
primary_core_candidate_background|selected_feature_matrix|GSE268609|30|dentate_candidate	primary_core_candidate_background	selected_feature_matrix	GSE268609	human_dentate_hippocampus	dentate	30	dentate_candidate	broad_neuronal_structural_warning,other_or_ambiguous	cerebellar_fate_rank	Cerebellar fate	0.8333333333333333	0.6666666666666666	0.16666666666666663
primary_core_candidate_background|selected_feature_matrix|GSE268609|30|dentate_candidate	primary_core_candidate_background	selected_feature_matrix	GSE268609	human_dentate_hippocampus	dentate	30	dentate_candidate	broad_neuronal_structural_warning,other_or_ambiguous	dentate_fate_rank	Dentate fate	1.0	0.5	0.5
primary_core_candidate_background|selected_feature_matrix|GSE268609|30|dentate_candidate	primary_core_candidate_background	selected_feature_matrix	GSE268609	human_dentate_hippocampus	dentate	30	dentate_candidate	broad_neuronal_structural_warning,other_or_ambiguous	niche_rank	Niche/progenitor	1.0	0.5833333333333333	0.41666666666666674
primary_core_candidate_background|selected_feature_matrix|GSE268609|30|dentate_candidate	primary_core_candidate_background	selected_feature_matrix	GSE268609	human_dentate_hippocampus	dentate	30	dentate_candidate	broad_neuronal_structural_warning,other_or_ambiguous	neurite_morphology_rank	Neurite/morphology	1.0	0.6666666666666666	0.33333333333333337
primary_core_candidate_background|selected_feature_matrix|GSE268609|30|dentate_candidate	primary_core_candidate_background	selected_feature_matrix	GSE268609	human_dentate_hippocampus	dentate	30	dentate_candidate	broad_neuronal_structural_warning,other_or_ambiguous	synaptic_excitability_rank	Synaptic/excitability	1.0	0.5	0.5
primary_core_candidate_background|selected_feature_matrix|GSE268609|30|dentate_candidate	primary_core_candidate_background	selected_feature_matrix	GSE268609	human_dentate_hippocampus	dentate	30	dentate_candidate	broad_neuronal_structural_warning,other_or_ambiguous	downstream_mean_rank	Downstream mean	1.0	0.5833333333333333	0.41666666666666674
primary_core_candidate_background|selected_feature_matrix|GSE268609|30|dentate_candidate	primary_core_candidate_background	selected_feature_matrix	GSE268609	human_dentate_hippocampus	dentate	30	dentate_candidate	broad_neuronal_structural_warning,other_or_ambiguous	branch_matched_fate_rank	Matched fate	1.0	0.5	0.5
primary_core_candidate_background|selected_feature_matrix|GSE268609|30|dentate_candidate	primary_core_candidate_background	selected_feature_matrix	GSE268609	human_dentate_hippocampus	dentate	30	dentate_candidate	broad_neuronal_structural_warning,other_or_ambiguous	branch_opposed_fate_rank	Opposed fate	0.8333333333333333	0.6666666666666666	0.16666666666666663
primary_core_candidate_background|selected_feature_matrix|GSE268609|31|dentate_candidate	primary_core_candidate_background	selected_feature_matrix	GSE268609	human_dentate_hippocampus	dentate	31	dentate_candidate	broad_neuronal_structural_warning,other_or_ambiguous	cerebellar_fate_rank	Cerebellar fate	0.6666666666666666	0.6666666666666666	0.0
primary_core_candidate_background|selected_feature_matrix|GSE268609|31|dentate_candidate	primary_core_candidate_background	selected_feature_matrix	GSE268609	human_dentate_hippocampus	dentate	31	dentate_candidate	broad_neuronal_structural_warning,other_or_ambiguous	dentate_fate_rank	Dentate fate	1.0	0.5	0.5
primary_core_candidate_background|selected_feature_matrix|GSE268609|31|dentate_candidate	primary_core_candidate_background	selected_feature_matrix	GSE268609	human_dentate_hippocampus	dentate	31	dentate_candidate	broad_neuronal_structural_warning,other_or_ambiguous	niche_rank	Niche/progenitor	0.8333333333333333	0.5833333333333333	0.25
primary_core_candidate_background|selected_feature_matrix|GSE268609|31|dentate_candidate	primary_core_candidate_background	selected_feature_matrix	GSE268609	human_dentate_hippocampus	dentate	31	dentate_candidate	broad_neuronal_structural_warning,other_or_ambiguous	neurite_morphology_rank	Neurite/morphology	1.0	0.5	0.5
primary_core_candidate_background|selected_feature_matrix|GSE268609|31|dentate_candidate	primary_core_candidate_background	selected_feature_matrix	GSE268609	human_dentate_hippocampus	dentate	31	dentate_candidate	broad_neuronal_structural_warning,other_or_ambiguous	synaptic_excitability_rank	Synaptic/excitability	1.0	0.5	0.5
primary_core_candidate_background|selected_feature_matrix|GSE268609|31|dentate_candidate	primary_core_candidate_background	selected_feature_matrix	GSE268609	human_dentate_hippocampus	dentate	31	dentate_candidate	broad_neuronal_structural_warning,other_or_ambiguous	downstream_mean_rank	Downstream mean	1.0	0.5	0.5
primary_core_candidate_background|selected_feature_matrix|GSE268609|31|dentate_candidate	primary_core_candidate_background	selected_feature_matrix	GSE268609	human_dentate_hippocampus	dentate	31	dentate_candidate	broad_neuronal_structural_warning,other_or_ambiguous	branch_matched_fate_rank	Matched fate	1.0	0.5	0.5
primary_core_candidate_background|selected_feature_matrix|GSE268609|31|dentate_candidate	primary_core_candidate_background	selected_feature_matrix	GSE268609	human_dentate_hippocampus	dentate	31	dentate_candidate	broad_neuronal_structural_warning,other_or_ambiguous	branch_opposed_fate_rank	Opposed fate	0.6666666666666666	0.6666666666666666	0.0
primary_core_candidate_background|selected_feature_matrix|GSE268609|32|dentate_candidate	primary_core_candidate_background	selected_feature_matrix	GSE268609	human_dentate_hippocampus	dentate	32	dentate_candidate	broad_neuronal_structural_warning,other_or_ambiguous	cerebellar_fate_rank	Cerebellar fate	0.6666666666666666	0.6666666666666666	0.0
primary_core_candidate_background|selected_feature_matrix|GSE268609|32|dentate_candidate	primary_core_candidate_background	selected_feature_matrix	GSE268609	human_dentate_hippocampus	dentate	32	dentate_candidate	broad_neuronal_structural_warning,other_or_ambiguous	dentate_fate_rank	Dentate fate	1.0	0.5833333333333333	0.41666666666666674
primary_core_candidate_background|selected_feature_matrix|GSE268609|32|dentate_candidate	primary_core_candidate_background	selected_feature_matrix	GSE268609	human_dentate_hippocampus	dentate	32	dentate_candidate	broad_neuronal_structural_warning,other_or_ambiguous	niche_rank	Niche/progenitor	1.0	0.5	0.5
primary_core_candidate_background|selected_feature_matrix|GSE268609|32|dentate_candidate	primary_core_candidate_background	selected_feature_matrix	GSE268609	human_dentate_hippocampus	dentate	32	dentate_candidate	broad_neuronal_structural_warning,other_or_ambiguous	neurite_morphology_rank	Neurite/morphology	1.0	0.5	0.5
primary_core_candidate_background|selected_feature_matrix|GSE268609|32|dentate_candidate	primary_core_candidate_background	selected_feature_matrix	GSE268609	human_dentate_hippocampus	dentate	32	dentate_candidate	broad_neuronal_structural_warning,other_or_ambiguous	synaptic_excitability_rank	Synaptic/excitability	1.0	0.4999999999999999	0.5000000000000001
primary_core_candidate_background|selected_feature_matrix|GSE268609|32|dentate_candidate	primary_core_candidate_background	selected_feature_matrix	GSE268609	human_dentate_hippocampus	dentate	32	dentate_candidate	broad_neuronal_structural_warning,other_or_ambiguous	downstream_mean_rank	Downstream mean	1.0	0.5	0.5
primary_core_candidate_background|selected_feature_matrix|GSE268609|32|dentate_candidate	primary_core_candidate_background	selected_feature_matrix	GSE268609	human_dentate_hippocampus	dentate	32	dentate_candidate	broad_neuronal_structural_warning,other_or_ambiguous	branch_matched_fate_rank	Matched fate	1.0	0.5833333333333333	0.41666666666666674
primary_core_candidate_background|selected_feature_matrix|GSE268609|32|dentate_candidate	primary_core_candidate_background	selected_feature_matrix	GSE268609	human_dentate_hippocampus	dentate	32	dentate_candidate	broad_neuronal_structural_warning,other_or_ambiguous	branch_opposed_fate_rank	Opposed fate	0.6666666666666666	0.6666666666666666	0.0
primary_core_candidate_background|selected_feature_matrix|GSE268609|33|dentate_candidate	primary_core_candidate_background	selected_feature_matrix	GSE268609	human_dentate_hippocampus	dentate	33	dentate_candidate	broad_neuronal_structural_warning,other_or_ambiguous	cerebellar_fate_rank	Cerebellar fate	0.6666666666666666	0.5833333333333333	0.08333333333333337
primary_core_candidate_background|selected_feature_matrix|GSE268609|33|dentate_candidate	primary_core_candidate_background	selected_feature_matrix	GSE268609	human_dentate_hippocampus	dentate	33	dentate_candidate	broad_neuronal_structural_warning,other_or_ambiguous	dentate_fate_rank	Dentate fate	0.6666666666666666	0.6666666666666666	0.0
primary_core_candidate_background|selected_feature_matrix|GSE268609|33|dentate_candidate	primary_core_candidate_background	selected_feature_matrix	GSE268609	human_dentate_hippocampus	dentate	33	dentate_candidate	broad_neuronal_structural_warning,other_or_ambiguous	niche_rank	Niche/progenitor	1.0	0.5	0.5
primary_core_candidate_background|selected_feature_matrix|GSE268609|33|dentate_candidate	primary_core_candidate_background	selected_feature_matrix	GSE268609	human_dentate_hippocampus	dentate	33	dentate_candidate	broad_neuronal_structural_warning,other_or_ambiguous	neurite_morphology_rank	Neurite/morphology	0.6666666666666666	0.6666666666666666	0.0
primary_core_candidate_background|selected_feature_matrix|GSE268609|33|dentate_candidate	primary_core_candidate_background	selected_feature_matrix	GSE268609	human_dentate_hippocampus	dentate	33	dentate_candidate	broad_neuronal_structural_warning,other_or_ambiguous	synaptic_excitability_rank	Synaptic/excitability	0.6666666666666666	0.6666666666666666	0.0
primary_core_candidate_background|selected_feature_matrix|GSE268609|33|dentate_candidate	primary_core_candidate_background	selected_feature_matrix	GSE268609	human_dentate_hippocampus	dentate	33	dentate_candidate	broad_neuronal_structural_warning,other_or_ambiguous	downstream_mean_rank	Downstream mean	0.6666666666666666	0.6666666666666666	0.0
primary_core_candidate_background|selected_feature_matrix|GSE268609|33|dentate_candidate	primary_core_candidate_background	selected_feature_matrix	GSE268609	human_dentate_hippocampus	dentate	33	dentate_candidate	broad_neuronal_structural_warning,other_or_ambiguous	branch_matched_fate_rank	Matched fate	0.6666666666666666	0.6666666666666666	0.0
primary_core_candidate_background|selected_feature_matrix|GSE268609|33|dentate_candidate	primary_core_candidate_background	selected_feature_matrix	GSE268609	human_dentate_hippocampus	dentate	33	dentate_candidate	broad_neuronal_structural_warning,other_or_ambiguous	branch_opposed_fate_rank	Opposed fate	0.6666666666666666	0.5833333333333333	0.08333333333333337
primary_core_candidate_background|selected_feature_matrix|GSE268609|34|dentate_candidate	primary_core_candidate_background	selected_feature_matrix	GSE268609	human_dentate_hippocampus	dentate	34	dentate_candidate	broad_neuronal_structural_warning,other_or_ambiguous	cerebellar_fate_rank	Cerebellar fate	0.8333333333333333	0.6666666666666666	0.16666666666666663
primary_core_candidate_background|selected_feature_matrix|GSE268609|34|dentate_candidate	primary_core_candidate_background	selected_feature_matrix	GSE268609	human_dentate_hippocampus	dentate	34	dentate_candidate	broad_neuronal_structural_warning,other_or_ambiguous	dentate_fate_rank	Dentate fate	1.0	0.5	0.5
primary_core_candidate_background|selected_feature_matrix|GSE268609|34|dentate_candidate	primary_core_candidate_background	selected_feature_matrix	GSE268609	human_dentate_hippocampus	dentate	34	dentate_candidate	broad_neuronal_structural_warning,other_or_ambiguous	niche_rank	Niche/progenitor	1.0	0.5	0.5
primary_core_candidate_background|selected_feature_matrix|GSE268609|34|dentate_candidate	primary_core_candidate_background	selected_feature_matrix	GSE268609	human_dentate_hippocampus	dentate	34	dentate_candidate	broad_neuronal_structural_warning,other_or_ambiguous	neurite_morphology_rank	Neurite/morphology	0.6666666666666666	0.6666666666666666	0.0
primary_core_candidate_background|selected_feature_matrix|GSE268609|34|dentate_candidate	primary_core_candidate_background	selected_feature_matrix	GSE268609	human_dentate_hippocampus	dentate	34	dentate_candidate	broad_neuronal_structural_warning,other_or_ambiguous	synaptic_excitability_rank	Synaptic/excitability	0.6666666666666666	0.6666666666666666	0.0
primary_core_candidate_background|selected_feature_matrix|GSE268609|34|dentate_candidate	primary_core_candidate_background	selected_feature_matrix	GSE268609	human_dentate_hippocampus	dentate	34	dentate_candidate	broad_neuronal_structural_warning,other_or_ambiguous	downstream_mean_rank	Downstream mean	0.6666666666666666	0.6666666666666666	0.0
primary_core_candidate_background|selected_feature_matrix|GSE268609|34|dentate_candidate	primary_core_candidate_background	selected_feature_matrix	GSE268609	human_dentate_hippocampus	dentate	34	dentate_candidate	broad_neuronal_structural_warning,other_or_ambiguous	branch_matched_fate_rank	Matched fate	1.0	0.5	0.5
primary_core_candidate_background|selected_feature_matrix|GSE268609|34|dentate_candidate	primary_core_candidate_background	selected_feature_matrix	GSE268609	human_dentate_hippocampus	dentate	34	dentate_candidate	broad_neuronal_structural_warning,other_or_ambiguous	branch_opposed_fate_rank	Opposed fate	0.8333333333333333	0.6666666666666666	0.16666666666666663
primary_core_candidate_background|selected_feature_matrix|GSE268609|35|dentate_candidate	primary_core_candidate_background	selected_feature_matrix	GSE268609	human_dentate_hippocampus	dentate	35	dentate_candidate	broad_neuronal_structural_warning,other_or_ambiguous	cerebellar_fate_rank	Cerebellar fate	0.6666666666666666	0.6666666666666666	0.0
primary_core_candidate_background|selected_feature_matrix|GSE268609|35|dentate_candidate	primary_core_candidate_background	selected_feature_matrix	GSE268609	human_dentate_hippocampus	dentate	35	dentate_candidate	broad_neuronal_structural_warning,other_or_ambiguous	dentate_fate_rank	Dentate fate	1.0	0.5	0.5
primary_core_candidate_background|selected_feature_matrix|GSE268609|35|dentate_candidate	primary_core_candidate_background	selected_feature_matrix	GSE268609	human_dentate_hippocampus	dentate	35	dentate_candidate	broad_neuronal_structural_warning,other_or_ambiguous	niche_rank	Niche/progenitor	0.8333333333333333	0.6666666666666666	0.16666666666666663
primary_core_candidate_background|selected_feature_matrix|GSE268609|35|dentate_candidate	primary_core_candidate_background	selected_feature_matrix	GSE268609	human_dentate_hippocampus	dentate	35	dentate_candidate	broad_neuronal_structural_warning,other_or_ambiguous	neurite_morphology_rank	Neurite/morphology	1.0	0.5	0.5
primary_core_candidate_background|selected_feature_matrix|GSE268609|35|dentate_candidate	primary_core_candidate_background	selected_feature_matrix	GSE268609	human_dentate_hippocampus	dentate	35	dentate_candidate	broad_neuronal_structural_warning,other_or_ambiguous	synaptic_excitability_rank	Synaptic/excitability	1.0	0.5	0.5
primary_core_candidate_background|selected_feature_matrix|GSE268609|35|dentate_candidate	primary_core_candidate_background	selected_feature_matrix	GSE268609	human_dentate_hippocampus	dentate	35	dentate_candidate	broad_neuronal_structural_warning,other_or_ambiguous	downstream_mean_rank	Downstream mean	1.0	0.5	0.5
primary_core_candidate_background|selected_feature_matrix|GSE268609|35|dentate_candidate	primary_core_candidate_background	selected_feature_matrix	GSE268609	human_dentate_hippocampus	dentate	35	dentate_candidate	broad_neuronal_structural_warning,other_or_ambiguous	branch_matched_fate_rank	Matched fate	1.0	0.5	0.5
primary_core_candidate_background|selected_feature_matrix|GSE268609|35|dentate_candidate	primary_core_candidate_background	selected_feature_matrix	GSE268609	human_dentate_hippocampus	dentate	35	dentate_candidate	broad_neuronal_structural_warning,other_or_ambiguous	branch_opposed_fate_rank	Opposed fate	0.6666666666666666	0.6666666666666666	0.0
primary_core_candidate_background|selected_feature_matrix|GSE268609|36|dentate_candidate	primary_core_candidate_background	selected_feature_matrix	GSE268609	human_dentate_hippocampus	dentate	36	dentate_candidate	broad_neuronal_structural_warning,other_or_ambiguous	cerebellar_fate_rank	Cerebellar fate	0.8333333333333333	0.625	0.20833333333333326
primary_core_candidate_background|selected_feature_matrix|GSE268609|36|dentate_candidate	primary_core_candidate_background	selected_feature_matrix	GSE268609	human_dentate_hippocampus	dentate	36	dentate_candidate	broad_neuronal_structural_warning,other_or_ambiguous	dentate_fate_rank	Dentate fate	1.0	0.5	0.5
primary_core_candidate_background|selected_feature_matrix|GSE268609|36|dentate_candidate	primary_core_candidate_background	selected_feature_matrix	GSE268609	human_dentate_hippocampus	dentate	36	dentate_candidate	broad_neuronal_structural_warning,other_or_ambiguous	niche_rank	Niche/progenitor	0.8333333333333333	0.6666666666666666	0.16666666666666663
primary_core_candidate_background|selected_feature_matrix|GSE268609|36|dentate_candidate	primary_core_candidate_background	selected_feature_matrix	GSE268609	human_dentate_hippocampus	dentate	36	dentate_candidate	broad_neuronal_structural_warning,other_or_ambiguous	neurite_morphology_rank	Neurite/morphology	1.0	0.5	0.5
primary_core_candidate_background|selected_feature_matrix|GSE268609|36|dentate_candidate	primary_core_candidate_background	selected_feature_matrix	GSE268609	human_dentate_hippocampus	dentate	36	dentate_candidate	broad_neuronal_structural_warning,other_or_ambiguous	synaptic_excitability_rank	Synaptic/excitability	1.0	0.5	0.5
primary_core_candidate_background|selected_feature_matrix|GSE268609|36|dentate_candidate	primary_core_candidate_background	selected_feature_matrix	GSE268609	human_dentate_hippocampus	dentate	36	dentate_candidate	broad_neuronal_structural_warning,other_or_ambiguous	downstream_mean_rank	Downstream mean	1.0	0.5	0.5
primary_core_candidate_background|selected_feature_matrix|GSE268609|36|dentate_candidate	primary_core_candidate_background	selected_feature_matrix	GSE268609	human_dentate_hippocampus	dentate	36	dentate_candidate	broad_neuronal_structural_warning,other_or_ambiguous	branch_matched_fate_rank	Matched fate	1.0	0.5	0.5
primary_core_candidate_background|selected_feature_matrix|GSE268609|36|dentate_candidate	primary_core_candidate_background	selected_feature_matrix	GSE268609	human_dentate_hippocampus	dentate	36	dentate_candidate	broad_neuronal_structural_warning,other_or_ambiguous	branch_opposed_fate_rank	Opposed fate	0.8333333333333333	0.625	0.20833333333333326
primary_core_candidate_background|selected_feature_matrix|GSE268609|37|dentate_candidate	primary_core_candidate_background	selected_feature_matrix	GSE268609	human_dentate_hippocampus	dentate	37	dentate_candidate	broad_neuronal_structural_warning,other_or_ambiguous	cerebellar_fate_rank	Cerebellar fate	0.6666666666666666	0.6666666666666666	0.0
primary_core_candidate_background|selected_feature_matrix|GSE268609|37|dentate_candidate	primary_core_candidate_background	selected_feature_matrix	GSE268609	human_dentate_hippocampus	dentate	37	dentate_candidate	broad_neuronal_structural_warning,other_or_ambiguous	dentate_fate_rank	Dentate fate	1.0	0.5	0.5
primary_core_candidate_background|selected_feature_matrix|GSE268609|37|dentate_candidate	primary_core_candidate_background	selected_feature_matrix	GSE268609	human_dentate_hippocampus	dentate	37	dentate_candidate	broad_neuronal_structural_warning,other_or_ambiguous	niche_rank	Niche/progenitor	0.8333333333333333	0.5833333333333333	0.25
primary_core_candidate_background|selected_feature_matrix|GSE268609|37|dentate_candidate	primary_core_candidate_background	selected_feature_matrix	GSE268609	human_dentate_hippocampus	dentate	37	dentate_candidate	broad_neuronal_structural_warning,other_or_ambiguous	neurite_morphology_rank	Neurite/morphology	1.0	0.5	0.5
primary_core_candidate_background|selected_feature_matrix|GSE268609|37|dentate_candidate	primary_core_candidate_background	selected_feature_matrix	GSE268609	human_dentate_hippocampus	dentate	37	dentate_candidate	broad_neuronal_structural_warning,other_or_ambiguous	synaptic_excitability_rank	Synaptic/excitability	0.8333333333333333	0.5833333333333333	0.25
primary_core_candidate_background|selected_feature_matrix|GSE268609|37|dentate_candidate	primary_core_candidate_background	selected_feature_matrix	GSE268609	human_dentate_hippocampus	dentate	37	dentate_candidate	broad_neuronal_structural_warning,other_or_ambiguous	downstream_mean_rank	Downstream mean	0.9166666666666666	0.5416666666666666	0.375
primary_core_candidate_background|selected_feature_matrix|GSE268609|37|dentate_candidate	primary_core_candidate_background	selected_feature_matrix	GSE268609	human_dentate_hippocampus	dentate	37	dentate_candidate	broad_neuronal_structural_warning,other_or_ambiguous	branch_matched_fate_rank	Matched fate	1.0	0.5	0.5
primary_core_candidate_background|selected_feature_matrix|GSE268609|37|dentate_candidate	primary_core_candidate_background	selected_feature_matrix	GSE268609	human_dentate_hippocampus	dentate	37	dentate_candidate	broad_neuronal_structural_warning,other_or_ambiguous	branch_opposed_fate_rank	Opposed fate	0.6666666666666666	0.6666666666666666	0.0
primary_core_candidate_background|selected_feature_matrix|GSE268609|38|dentate_candidate	primary_core_candidate_background	selected_feature_matrix	GSE268609	human_dentate_hippocampus	dentate	38	dentate_candidate	broad_neuronal_structural_warning,other_or_ambiguous	cerebellar_fate_rank	Cerebellar fate	0.6666666666666666	0.6666666666666666	0.0
primary_core_candidate_background|selected_feature_matrix|GSE268609|38|dentate_candidate	primary_core_candidate_background	selected_feature_matrix	GSE268609	human_dentate_hippocampus	dentate	38	dentate_candidate	broad_neuronal_structural_warning,other_or_ambiguous	dentate_fate_rank	Dentate fate	1.0	0.5	0.5
primary_core_candidate_background|selected_feature_matrix|GSE268609|38|dentate_candidate	primary_core_candidate_background	selected_feature_matrix	GSE268609	human_dentate_hippocampus	dentate	38	dentate_candidate	broad_neuronal_structural_warning,other_or_ambiguous	niche_rank	Niche/progenitor	0.8333333333333333	0.5833333333333333	0.25
primary_core_candidate_background|selected_feature_matrix|GSE268609|38|dentate_candidate	primary_core_candidate_background	selected_feature_matrix	GSE268609	human_dentate_hippocampus	dentate	38	dentate_candidate	broad_neuronal_structural_warning,other_or_ambiguous	neurite_morphology_rank	Neurite/morphology	0.6666666666666666	0.6666666666666666	0.0
primary_core_candidate_background|selected_feature_matrix|GSE268609|38|dentate_candidate	primary_core_candidate_background	selected_feature_matrix	GSE268609	human_dentate_hippocampus	dentate	38	dentate_candidate	broad_neuronal_structural_warning,other_or_ambiguous	synaptic_excitability_rank	Synaptic/excitability	0.6666666666666666	0.6666666666666666	0.0
primary_core_candidate_background|selected_feature_matrix|GSE268609|38|dentate_candidate	primary_core_candidate_background	selected_feature_matrix	GSE268609	human_dentate_hippocampus	dentate	38	dentate_candidate	broad_neuronal_structural_warning,other_or_ambiguous	downstream_mean_rank	Downstream mean	0.6666666666666666	0.6666666666666666	0.0
primary_core_candidate_background|selected_feature_matrix|GSE268609|38|dentate_candidate	primary_core_candidate_background	selected_feature_matrix	GSE268609	human_dentate_hippocampus	dentate	38	dentate_candidate	broad_neuronal_structural_warning,other_or_ambiguous	branch_matched_fate_rank	Matched fate	1.0	0.5	0.5
primary_core_candidate_background|selected_feature_matrix|GSE268609|38|dentate_candidate	primary_core_candidate_background	selected_feature_matrix	GSE268609	human_dentate_hippocampus	dentate	38	dentate_candidate	broad_neuronal_structural_warning,other_or_ambiguous	branch_opposed_fate_rank	Opposed fate	0.6666666666666666	0.6666666666666666	0.0
primary_core_candidate_background|selected_feature_matrix|GSE268609|39|dentate_candidate	primary_core_candidate_background	selected_feature_matrix	GSE268609	human_dentate_hippocampus	dentate	39	dentate_candidate	broad_neuronal_structural_warning,other_or_ambiguous	cerebellar_fate_rank	Cerebellar fate	0.8333333333333333	0.6666666666666666	0.16666666666666663
primary_core_candidate_background|selected_feature_matrix|GSE268609|39|dentate_candidate	primary_core_candidate_background	selected_feature_matrix	GSE268609	human_dentate_hippocampus	dentate	39	dentate_candidate	broad_neuronal_structural_warning,other_or_ambiguous	dentate_fate_rank	Dentate fate	1.0	0.5833333333333333	0.41666666666666674
primary_core_candidate_background|selected_feature_matrix|GSE268609|39|dentate_candidate	primary_core_candidate_background	selected_feature_matrix	GSE268609	human_dentate_hippocampus	dentate	39	dentate_candidate	broad_neuronal_structural_warning,other_or_ambiguous	niche_rank	Niche/progenitor	1.0	0.5	0.5
primary_core_candidate_background|selected_feature_matrix|GSE268609|39|dentate_candidate	primary_core_candidate_background	selected_feature_matrix	GSE268609	human_dentate_hippocampus	dentate	39	dentate_candidate	broad_neuronal_structural_warning,other_or_ambiguous	neurite_morphology_rank	Neurite/morphology	1.0	0.5	0.5
primary_core_candidate_background|selected_feature_matrix|GSE268609|39|dentate_candidate	primary_core_candidate_background	selected_feature_matrix	GSE268609	human_dentate_hippocampus	dentate	39	dentate_candidate	broad_neuronal_structural_warning,other_or_ambiguous	synaptic_excitability_rank	Synaptic/excitability	1.0	0.5	0.5
primary_core_candidate_background|selected_feature_matrix|GSE268609|39|dentate_candidate	primary_core_candidate_background	selected_feature_matrix	GSE268609	human_dentate_hippocampus	dentate	39	dentate_candidate	broad_neuronal_structural_warning,other_or_ambiguous	downstream_mean_rank	Downstream mean	1.0	0.5	0.5
primary_core_candidate_background|selected_feature_matrix|GSE268609|39|dentate_candidate	primary_core_candidate_background	selected_feature_matrix	GSE268609	human_dentate_hippocampus	dentate	39	dentate_candidate	broad_neuronal_structural_warning,other_or_ambiguous	branch_matched_fate_rank	Matched fate	1.0	0.5833333333333333	0.41666666666666674
primary_core_candidate_background|selected_feature_matrix|GSE268609|39|dentate_candidate	primary_core_candidate_background	selected_feature_matrix	GSE268609	human_dentate_hippocampus	dentate	39	dentate_candidate	broad_neuronal_structural_warning,other_or_ambiguous	branch_opposed_fate_rank	Opposed fate	0.8333333333333333	0.6666666666666666	0.16666666666666663
primary_core_candidate_background|selected_feature_matrix|GSE325391|S1R1|dentate_candidate	primary_core_candidate_background	selected_feature_matrix	GSE325391	human_dentate_hippocampus	dentate	S1R1	dentate_candidate	non_dentate_background	cerebellar_fate_rank	Cerebellar fate	0.75	0.75	0.0
primary_core_candidate_background|selected_feature_matrix|GSE325391|S1R1|dentate_candidate	primary_core_candidate_background	selected_feature_matrix	GSE325391	human_dentate_hippocampus	dentate	S1R1	dentate_candidate	non_dentate_background	dentate_fate_rank	Dentate fate	1.0	0.5	0.5
primary_core_candidate_background|selected_feature_matrix|GSE325391|S1R1|dentate_candidate	primary_core_candidate_background	selected_feature_matrix	GSE325391	human_dentate_hippocampus	dentate	S1R1	dentate_candidate	non_dentate_background	niche_rank	Niche/progenitor	1.0	0.5	0.5
primary_core_candidate_background|selected_feature_matrix|GSE325391|S1R1|dentate_candidate	primary_core_candidate_background	selected_feature_matrix	GSE325391	human_dentate_hippocampus	dentate	S1R1	dentate_candidate	non_dentate_background	neurite_morphology_rank	Neurite/morphology	1.0	0.5	0.5
primary_core_candidate_background|selected_feature_matrix|GSE325391|S1R1|dentate_candidate	primary_core_candidate_background	selected_feature_matrix	GSE325391	human_dentate_hippocampus	dentate	S1R1	dentate_candidate	non_dentate_background	synaptic_excitability_rank	Synaptic/excitability	1.0	0.5	0.5
primary_core_candidate_background|selected_feature_matrix|GSE325391|S1R1|dentate_candidate	primary_core_candidate_background	selected_feature_matrix	GSE325391	human_dentate_hippocampus	dentate	S1R1	dentate_candidate	non_dentate_background	downstream_mean_rank	Downstream mean	1.0	0.5	0.5
primary_core_candidate_background|selected_feature_matrix|GSE325391|S1R1|dentate_candidate	primary_core_candidate_background	selected_feature_matrix	GSE325391	human_dentate_hippocampus	dentate	S1R1	dentate_candidate	non_dentate_background	branch_matched_fate_rank	Matched fate	1.0	0.5	0.5
primary_core_candidate_background|selected_feature_matrix|GSE325391|S1R1|dentate_candidate	primary_core_candidate_background	selected_feature_matrix	GSE325391	human_dentate_hippocampus	dentate	S1R1	dentate_candidate	non_dentate_background	branch_opposed_fate_rank	Opposed fate	0.75	0.75	0.0
primary_core_candidate_background|selected_feature_matrix|GSE325391|S1R3|dentate_candidate	primary_core_candidate_background	selected_feature_matrix	GSE325391	human_dentate_hippocampus	dentate	S1R3	dentate_candidate	non_dentate_background	cerebellar_fate_rank	Cerebellar fate	0.75	0.75	0.0
primary_core_candidate_background|selected_feature_matrix|GSE325391|S1R3|dentate_candidate	primary_core_candidate_background	selected_feature_matrix	GSE325391	human_dentate_hippocampus	dentate	S1R3	dentate_candidate	non_dentate_background	dentate_fate_rank	Dentate fate	1.0	0.5	0.5
primary_core_candidate_background|selected_feature_matrix|GSE325391|S1R3|dentate_candidate	primary_core_candidate_background	selected_feature_matrix	GSE325391	human_dentate_hippocampus	dentate	S1R3	dentate_candidate	non_dentate_background	niche_rank	Niche/progenitor	1.0	0.5	0.5
primary_core_candidate_background|selected_feature_matrix|GSE325391|S1R3|dentate_candidate	primary_core_candidate_background	selected_feature_matrix	GSE325391	human_dentate_hippocampus	dentate	S1R3	dentate_candidate	non_dentate_background	neurite_morphology_rank	Neurite/morphology	1.0	0.5	0.5
primary_core_candidate_background|selected_feature_matrix|GSE325391|S1R3|dentate_candidate	primary_core_candidate_background	selected_feature_matrix	GSE325391	human_dentate_hippocampus	dentate	S1R3	dentate_candidate	non_dentate_background	synaptic_excitability_rank	Synaptic/excitability	1.0	0.5	0.5
primary_core_candidate_background|selected_feature_matrix|GSE325391|S1R3|dentate_candidate	primary_core_candidate_background	selected_feature_matrix	GSE325391	human_dentate_hippocampus	dentate	S1R3	dentate_candidate	non_dentate_background	downstream_mean_rank	Downstream mean	1.0	0.5	0.5
primary_core_candidate_background|selected_feature_matrix|GSE325391|S1R3|dentate_candidate	primary_core_candidate_background	selected_feature_matrix	GSE325391	human_dentate_hippocampus	dentate	S1R3	dentate_candidate	non_dentate_background	branch_matched_fate_rank	Matched fate	1.0	0.5	0.5
primary_core_candidate_background|selected_feature_matrix|GSE325391|S1R3|dentate_candidate	primary_core_candidate_background	selected_feature_matrix	GSE325391	human_dentate_hippocampus	dentate	S1R3	dentate_candidate	non_dentate_background	branch_opposed_fate_rank	Opposed fate	0.75	0.75	0.0
primary_core_candidate_background|selected_feature_matrix|GSE325391|S2R3|dentate_candidate	primary_core_candidate_background	selected_feature_matrix	GSE325391	human_dentate_hippocampus	dentate	S2R3	dentate_candidate	non_dentate_background	cerebellar_fate_rank	Cerebellar fate	0.75	0.75	0.0
primary_core_candidate_background|selected_feature_matrix|GSE325391|S2R3|dentate_candidate	primary_core_candidate_background	selected_feature_matrix	GSE325391	human_dentate_hippocampus	dentate	S2R3	dentate_candidate	non_dentate_background	dentate_fate_rank	Dentate fate	1.0	0.5	0.5
primary_core_candidate_background|selected_feature_matrix|GSE325391|S2R3|dentate_candidate	primary_core_candidate_background	selected_feature_matrix	GSE325391	human_dentate_hippocampus	dentate	S2R3	dentate_candidate	non_dentate_background	niche_rank	Niche/progenitor	1.0	0.5	0.5
primary_core_candidate_background|selected_feature_matrix|GSE325391|S2R3|dentate_candidate	primary_core_candidate_background	selected_feature_matrix	GSE325391	human_dentate_hippocampus	dentate	S2R3	dentate_candidate	non_dentate_background	neurite_morphology_rank	Neurite/morphology	1.0	0.5	0.5
primary_core_candidate_background|selected_feature_matrix|GSE325391|S2R3|dentate_candidate	primary_core_candidate_background	selected_feature_matrix	GSE325391	human_dentate_hippocampus	dentate	S2R3	dentate_candidate	non_dentate_background	synaptic_excitability_rank	Synaptic/excitability	1.0	0.5	0.5
primary_core_candidate_background|selected_feature_matrix|GSE325391|S2R3|dentate_candidate	primary_core_candidate_background	selected_feature_matrix	GSE325391	human_dentate_hippocampus	dentate	S2R3	dentate_candidate	non_dentate_background	downstream_mean_rank	Downstream mean	1.0	0.5	0.5
primary_core_candidate_background|selected_feature_matrix|GSE325391|S2R3|dentate_candidate	primary_core_candidate_background	selected_feature_matrix	GSE325391	human_dentate_hippocampus	dentate	S2R3	dentate_candidate	non_dentate_background	branch_matched_fate_rank	Matched fate	1.0	0.5	0.5
primary_core_candidate_background|selected_feature_matrix|GSE325391|S2R3|dentate_candidate	primary_core_candidate_background	selected_feature_matrix	GSE325391	human_dentate_hippocampus	dentate	S2R3	dentate_candidate	non_dentate_background	branch_opposed_fate_rank	Opposed fate	0.75	0.75	0.0
primary_core_candidate_background|selected_feature_matrix|GSE325391|S2R5|dentate_candidate	primary_core_candidate_background	selected_feature_matrix	GSE325391	human_dentate_hippocampus	dentate	S2R5	dentate_candidate	non_dentate_background	cerebellar_fate_rank	Cerebellar fate	0.75	0.75	0.0
primary_core_candidate_background|selected_feature_matrix|GSE325391|S2R5|dentate_candidate	primary_core_candidate_background	selected_feature_matrix	GSE325391	human_dentate_hippocampus	dentate	S2R5	dentate_candidate	non_dentate_background	dentate_fate_rank	Dentate fate	1.0	0.5	0.5
primary_core_candidate_background|selected_feature_matrix|GSE325391|S2R5|dentate_candidate	primary_core_candidate_background	selected_feature_matrix	GSE325391	human_dentate_hippocampus	dentate	S2R5	dentate_candidate	non_dentate_background	niche_rank	Niche/progenitor	1.0	0.5	0.5
primary_core_candidate_background|selected_feature_matrix|GSE325391|S2R5|dentate_candidate	primary_core_candidate_background	selected_feature_matrix	GSE325391	human_dentate_hippocampus	dentate	S2R5	dentate_candidate	non_dentate_background	neurite_morphology_rank	Neurite/morphology	1.0	0.5	0.5
primary_core_candidate_background|selected_feature_matrix|GSE325391|S2R5|dentate_candidate	primary_core_candidate_background	selected_feature_matrix	GSE325391	human_dentate_hippocampus	dentate	S2R5	dentate_candidate	non_dentate_background	synaptic_excitability_rank	Synaptic/excitability	1.0	0.5	0.5
primary_core_candidate_background|selected_feature_matrix|GSE325391|S2R5|dentate_candidate	primary_core_candidate_background	selected_feature_matrix	GSE325391	human_dentate_hippocampus	dentate	S2R5	dentate_candidate	non_dentate_background	downstream_mean_rank	Downstream mean	1.0	0.5	0.5
primary_core_candidate_background|selected_feature_matrix|GSE325391|S2R5|dentate_candidate	primary_core_candidate_background	selected_feature_matrix	GSE325391	human_dentate_hippocampus	dentate	S2R5	dentate_candidate	non_dentate_background	branch_matched_fate_rank	Matched fate	1.0	0.5	0.5
primary_core_candidate_background|selected_feature_matrix|GSE325391|S2R5|dentate_candidate	primary_core_candidate_background	selected_feature_matrix	GSE325391	human_dentate_hippocampus	dentate	S2R5	dentate_candidate	non_dentate_background	branch_opposed_fate_rank	Opposed fate	0.75	0.75	0.0
primary_core_candidate_background|selected_feature_matrix|GSE325391|S2R6|dentate_candidate	primary_core_candidate_background	selected_feature_matrix	GSE325391	human_dentate_hippocampus	dentate	S2R6	dentate_candidate	non_dentate_background	cerebellar_fate_rank	Cerebellar fate	0.75	0.75	0.0
primary_core_candidate_background|selected_feature_matrix|GSE325391|S2R6|dentate_candidate	primary_core_candidate_background	selected_feature_matrix	GSE325391	human_dentate_hippocampus	dentate	S2R6	dentate_candidate	non_dentate_background	dentate_fate_rank	Dentate fate	1.0	0.5	0.5
primary_core_candidate_background|selected_feature_matrix|GSE325391|S2R6|dentate_candidate	primary_core_candidate_background	selected_feature_matrix	GSE325391	human_dentate_hippocampus	dentate	S2R6	dentate_candidate	non_dentate_background	niche_rank	Niche/progenitor	0.75	0.75	0.0
primary_core_candidate_background|selected_feature_matrix|GSE325391|S2R6|dentate_candidate	primary_core_candidate_background	selected_feature_matrix	GSE325391	human_dentate_hippocampus	dentate	S2R6	dentate_candidate	non_dentate_background	neurite_morphology_rank	Neurite/morphology	1.0	0.5	0.5
primary_core_candidate_background|selected_feature_matrix|GSE325391|S2R6|dentate_candidate	primary_core_candidate_background	selected_feature_matrix	GSE325391	human_dentate_hippocampus	dentate	S2R6	dentate_candidate	non_dentate_background	synaptic_excitability_rank	Synaptic/excitability	1.0	0.5	0.5
primary_core_candidate_background|selected_feature_matrix|GSE325391|S2R6|dentate_candidate	primary_core_candidate_background	selected_feature_matrix	GSE325391	human_dentate_hippocampus	dentate	S2R6	dentate_candidate	non_dentate_background	downstream_mean_rank	Downstream mean	1.0	0.5	0.5
primary_core_candidate_background|selected_feature_matrix|GSE325391|S2R6|dentate_candidate	primary_core_candidate_background	selected_feature_matrix	GSE325391	human_dentate_hippocampus	dentate	S2R6	dentate_candidate	non_dentate_background	branch_matched_fate_rank	Matched fate	1.0	0.5	0.5
primary_core_candidate_background|selected_feature_matrix|GSE325391|S2R6|dentate_candidate	primary_core_candidate_background	selected_feature_matrix	GSE325391	human_dentate_hippocampus	dentate	S2R6	dentate_candidate	non_dentate_background	branch_opposed_fate_rank	Opposed fate	0.75	0.75	0.0
primary_core_candidate_background|selected_feature_matrix|GSE325391|S5R6|dentate_candidate	primary_core_candidate_background	selected_feature_matrix	GSE325391	human_dentate_hippocampus	dentate	S5R6	dentate_candidate	non_dentate_background	cerebellar_fate_rank	Cerebellar fate	0.875	0.625	0.25
primary_core_candidate_background|selected_feature_matrix|GSE325391|S5R6|dentate_candidate	primary_core_candidate_background	selected_feature_matrix	GSE325391	human_dentate_hippocampus	dentate	S5R6	dentate_candidate	non_dentate_background	dentate_fate_rank	Dentate fate	1.0	0.5	0.5
primary_core_candidate_background|selected_feature_matrix|GSE325391|S5R6|dentate_candidate	primary_core_candidate_background	selected_feature_matrix	GSE325391	human_dentate_hippocampus	dentate	S5R6	dentate_candidate	non_dentate_background	niche_rank	Niche/progenitor	0.75	0.75	0.0
primary_core_candidate_background|selected_feature_matrix|GSE325391|S5R6|dentate_candidate	primary_core_candidate_background	selected_feature_matrix	GSE325391	human_dentate_hippocampus	dentate	S5R6	dentate_candidate	non_dentate_background	neurite_morphology_rank	Neurite/morphology	1.0	0.5	0.5
primary_core_candidate_background|selected_feature_matrix|GSE325391|S5R6|dentate_candidate	primary_core_candidate_background	selected_feature_matrix	GSE325391	human_dentate_hippocampus	dentate	S5R6	dentate_candidate	non_dentate_background	synaptic_excitability_rank	Synaptic/excitability	1.0	0.5	0.5
primary_core_candidate_background|selected_feature_matrix|GSE325391|S5R6|dentate_candidate	primary_core_candidate_background	selected_feature_matrix	GSE325391	human_dentate_hippocampus	dentate	S5R6	dentate_candidate	non_dentate_background	downstream_mean_rank	Downstream mean	1.0	0.5	0.5
primary_core_candidate_background|selected_feature_matrix|GSE325391|S5R6|dentate_candidate	primary_core_candidate_background	selected_feature_matrix	GSE325391	human_dentate_hippocampus	dentate	S5R6	dentate_candidate	non_dentate_background	branch_matched_fate_rank	Matched fate	1.0	0.5	0.5
primary_core_candidate_background|selected_feature_matrix|GSE325391|S5R6|dentate_candidate	primary_core_candidate_background	selected_feature_matrix	GSE325391	human_dentate_hippocampus	dentate	S5R6	dentate_candidate	non_dentate_background	branch_opposed_fate_rank	Opposed fate	0.875	0.625	0.25
primary_core_candidate_background|selected_feature_matrix|GSE325391|S7R5|dentate_candidate	primary_core_candidate_background	selected_feature_matrix	GSE325391	human_dentate_hippocampus	dentate	S7R5	dentate_candidate	non_dentate_background	cerebellar_fate_rank	Cerebellar fate	0.625	0.875	-0.25
primary_core_candidate_background|selected_feature_matrix|GSE325391|S7R5|dentate_candidate	primary_core_candidate_background	selected_feature_matrix	GSE325391	human_dentate_hippocampus	dentate	S7R5	dentate_candidate	non_dentate_background	dentate_fate_rank	Dentate fate	1.0	0.5	0.5
primary_core_candidate_background|selected_feature_matrix|GSE325391|S7R5|dentate_candidate	primary_core_candidate_background	selected_feature_matrix	GSE325391	human_dentate_hippocampus	dentate	S7R5	dentate_candidate	non_dentate_background	niche_rank	Niche/progenitor	1.0	0.5	0.5
primary_core_candidate_background|selected_feature_matrix|GSE325391|S7R5|dentate_candidate	primary_core_candidate_background	selected_feature_matrix	GSE325391	human_dentate_hippocampus	dentate	S7R5	dentate_candidate	non_dentate_background	neurite_morphology_rank	Neurite/morphology	1.0	0.5	0.5
primary_core_candidate_background|selected_feature_matrix|GSE325391|S7R5|dentate_candidate	primary_core_candidate_background	selected_feature_matrix	GSE325391	human_dentate_hippocampus	dentate	S7R5	dentate_candidate	non_dentate_background	synaptic_excitability_rank	Synaptic/excitability	1.0	0.5	0.5
primary_core_candidate_background|selected_feature_matrix|GSE325391|S7R5|dentate_candidate	primary_core_candidate_background	selected_feature_matrix	GSE325391	human_dentate_hippocampus	dentate	S7R5	dentate_candidate	non_dentate_background	downstream_mean_rank	Downstream mean	1.0	0.5	0.5
primary_core_candidate_background|selected_feature_matrix|GSE325391|S7R5|dentate_candidate	primary_core_candidate_background	selected_feature_matrix	GSE325391	human_dentate_hippocampus	dentate	S7R5	dentate_candidate	non_dentate_background	branch_matched_fate_rank	Matched fate	1.0	0.5	0.5
primary_core_candidate_background|selected_feature_matrix|GSE325391|S7R5|dentate_candidate	primary_core_candidate_background	selected_feature_matrix	GSE325391	human_dentate_hippocampus	dentate	S7R5	dentate_candidate	non_dentate_background	branch_opposed_fate_rank	Opposed fate	0.625	0.875	-0.25
primary_core_candidate_background|selected_feature_matrix|GSE325391|S8R5|dentate_candidate	primary_core_candidate_background	selected_feature_matrix	GSE325391	human_dentate_hippocampus	dentate	S8R5	dentate_candidate	non_dentate_background	cerebellar_fate_rank	Cerebellar fate	0.75	0.75	0.0
primary_core_candidate_background|selected_feature_matrix|GSE325391|S8R5|dentate_candidate	primary_core_candidate_background	selected_feature_matrix	GSE325391	human_dentate_hippocampus	dentate	S8R5	dentate_candidate	non_dentate_background	dentate_fate_rank	Dentate fate	1.0	0.5	0.5
primary_core_candidate_background|selected_feature_matrix|GSE325391|S8R5|dentate_candidate	primary_core_candidate_background	selected_feature_matrix	GSE325391	human_dentate_hippocampus	dentate	S8R5	dentate_candidate	non_dentate_background	niche_rank	Niche/progenitor	0.75	0.75	0.0
primary_core_candidate_background|selected_feature_matrix|GSE325391|S8R5|dentate_candidate	primary_core_candidate_background	selected_feature_matrix	GSE325391	human_dentate_hippocampus	dentate	S8R5	dentate_candidate	non_dentate_background	neurite_morphology_rank	Neurite/morphology	1.0	0.5	0.5
primary_core_candidate_background|selected_feature_matrix|GSE325391|S8R5|dentate_candidate	primary_core_candidate_background	selected_feature_matrix	GSE325391	human_dentate_hippocampus	dentate	S8R5	dentate_candidate	non_dentate_background	synaptic_excitability_rank	Synaptic/excitability	1.0	0.5	0.5
primary_core_candidate_background|selected_feature_matrix|GSE325391|S8R5|dentate_candidate	primary_core_candidate_background	selected_feature_matrix	GSE325391	human_dentate_hippocampus	dentate	S8R5	dentate_candidate	non_dentate_background	downstream_mean_rank	Downstream mean	1.0	0.5	0.5
primary_core_candidate_background|selected_feature_matrix|GSE325391|S8R5|dentate_candidate	primary_core_candidate_background	selected_feature_matrix	GSE325391	human_dentate_hippocampus	dentate	S8R5	dentate_candidate	non_dentate_background	branch_matched_fate_rank	Matched fate	1.0	0.5	0.5
primary_core_candidate_background|selected_feature_matrix|GSE325391|S8R5|dentate_candidate	primary_core_candidate_background	selected_feature_matrix	GSE325391	human_dentate_hippocampus	dentate	S8R5	dentate_candidate	non_dentate_background	branch_opposed_fate_rank	Opposed fate	0.75	0.75	0.0
primary_core_candidate_background|selected_feature_matrix|GSE95752|C1_all_cells|dentate_candidate	primary_core_candidate_background	selected_feature_matrix	GSE95752	mouse_dentate	dentate	C1_all_cells	dentate_candidate	other_or_ambiguous	cerebellar_fate_rank	Cerebellar fate	0.3333333333333333	1.0	-0.6666666666666667
primary_core_candidate_background|selected_feature_matrix|GSE95752|C1_all_cells|dentate_candidate	primary_core_candidate_background	selected_feature_matrix	GSE95752	mouse_dentate	dentate	C1_all_cells	dentate_candidate	other_or_ambiguous	dentate_fate_rank	Dentate fate	1.0	0.3333333333333333	0.6666666666666667
primary_core_candidate_background|selected_feature_matrix|GSE95752|C1_all_cells|dentate_candidate	primary_core_candidate_background	selected_feature_matrix	GSE95752	mouse_dentate	dentate	C1_all_cells	dentate_candidate	other_or_ambiguous	niche_rank	Niche/progenitor	0.8333333333333333	0.6666666666666666	0.16666666666666663
primary_core_candidate_background|selected_feature_matrix|GSE95752|C1_all_cells|dentate_candidate	primary_core_candidate_background	selected_feature_matrix	GSE95752	mouse_dentate	dentate	C1_all_cells	dentate_candidate	other_or_ambiguous	neurite_morphology_rank	Neurite/morphology	1.0	0.3333333333333333	0.6666666666666667
primary_core_candidate_background|selected_feature_matrix|GSE95752|C1_all_cells|dentate_candidate	primary_core_candidate_background	selected_feature_matrix	GSE95752	mouse_dentate	dentate	C1_all_cells	dentate_candidate	other_or_ambiguous	synaptic_excitability_rank	Synaptic/excitability	1.0	0.3333333333333333	0.6666666666666667
primary_core_candidate_background|selected_feature_matrix|GSE95752|C1_all_cells|dentate_candidate	primary_core_candidate_background	selected_feature_matrix	GSE95752	mouse_dentate	dentate	C1_all_cells	dentate_candidate	other_or_ambiguous	downstream_mean_rank	Downstream mean	1.0	0.3333333333333333	0.6666666666666667
primary_core_candidate_background|selected_feature_matrix|GSE95752|C1_all_cells|dentate_candidate	primary_core_candidate_background	selected_feature_matrix	GSE95752	mouse_dentate	dentate	C1_all_cells	dentate_candidate	other_or_ambiguous	branch_matched_fate_rank	Matched fate	1.0	0.3333333333333333	0.6666666666666667
primary_core_candidate_background|selected_feature_matrix|GSE95752|C1_all_cells|dentate_candidate	primary_core_candidate_background	selected_feature_matrix	GSE95752	mouse_dentate	dentate	C1_all_cells	dentate_candidate	other_or_ambiguous	branch_opposed_fate_rank	Opposed fate	0.3333333333333333	1.0	-0.6666666666666667
