architecture	replicate	seed	n_inputs	n_outputs	expansion_ratio	input_degree	output_active_fraction_parameter	observed_output_active_fraction	median_input_hamming_distance	median_output_hamming_distance	median_input_jaccard_distance	median_output_jaccard_distance	separation_gain	near_pair_input_jaccard_distance	near_pair_output_jaccard_distance	near_pair_separation_gain	distance_spearman_correlation	collapse_rate	output_entropy_bits	active_fraction_penalty	information_retention_score	useful_pattern_separation_score	relative_wiring_cost	relative_active_output_load	relative_wiring_activity_cost	resource_adjusted_useful_score
excessively_sparse	1	20094	64	32	0.5	2	0.01	0.03125	0.28125	0.0625	0.9055059523809523	1.0	1.1043549700211561	0.8076923076923077	1.0	1.2380952365623583	0.20577022551313687	0.07313519813519813	0.17270903339082908	0.7905694276912053	0.03293927052404632	0.03224096597988206	1.0	0.015625	0.03125	1.031710878341478
excessively_sparse	2	30094	64	32	0.5	2	0.01	0.03125	0.296875	0.0625	0.9047619047619048	1.0	1.1052631566731301	0.8095238095238095	1.0	1.2352941161211073	0.1559574123424935	0.07993395493395493	0.17099490304401085	0.7905694276912053	0.024536250079009104	0.02396175249014495	1.0	0.015625	0.03125	0.7667760551478046
excessively_sparse	3	40094	64	32	0.5	2	0.01	0.03125	0.28125	0.0625	0.9047619047619048	1.0	1.1052631566731301	0.8095238095238095	1.0	1.2352941161211073	0.17816105725724848	0.0877039627039627	0.16928148340022056	0.7905694276912053	0.02751427196544238	0.026870046264587534	1.0	0.015625	0.03125	0.8598414529518746
intermediate	1	20114	64	32	0.5	2	0.03	0.03125	0.28125	0.0625	0.9090909090909091	1.0	1.09999999879	0.8095238095238095	1.0	1.2352941161211073	0.2387689901219229	0.10314685314685315	0.1587171821476579	0.7905694276912053	0.03398781168715018	0.03319201298921706	1.0	0.015625	0.03125	1.0621443816663259
intermediate	2	30114	64	32	0.5	2	0.03	0.03125	0.28125	0.0625	0.9090909090909091	1.0	1.09999999879	0.8181818181818182	1.0	1.222222220728395	0.2034171099201942	0.07323232323232323	0.17355575115105712	0.7905694276912053	0.032718800041585255	0.031614590323560995	1.0	0.015625	0.03125	1.0116668579806125
intermediate	3	40114	64	32	0.5	2	0.03	0.03125	0.3125	0.0625	0.9	1.0	1.1111111098765432	0.7916666666666666	1.0	1.2631578931412744	0.20228131161276122	0.0707070707070707	0.17004490673545244	0.7905694276912053	0.03196480224860163	0.031920499437497744	1.0	0.015625	0.03125	1.0214559493133375
intermediate	1	20134	64	32	0.5	2	0.05	0.0625	0.28125	0.125	0.9	1.0	1.1111111098765432	0.8	1.0	1.2499999984374999	0.20202984242747282	0.008741258741258742	0.30823091934879937	0.8944271838444985	0.06172750976602532	0.06901345332093292	1.0	0.03125	0.0625	1.104215235467483
intermediate	2	30134	64	32	0.5	2	0.05	0.0625	0.265625	0.125	0.9090909090909091	1.0	1.09999999879	0.8125	1.0	1.2307692292544379	0.28033906672351294	0.011557886557886558	0.308748480839547	0.8944271838444985	0.08555387664145811	0.09418056967042268	1.0	0.03125	0.0625	1.5068890906165375
intermediate	3	40134	64	32	0.5	2	0.05	0.0625	0.296875	0.125	0.9	1.0	1.1111111098765432	0.8	1.0	1.2499999984374999	0.1998979846194089	0.005050505050505051	0.31600779225650005	0.8944271838444985	0.06285028382238551	0.0702687528660187	1.0	0.03125	0.0625	1.1243000278674988
intermediate	1	20184	64	32	0.5	2	0.1	0.09375	0.296875	0.1875	0.9	1.0	1.1111111098765432	0.7916666666666666	0.8	1.0105263145130194	0.3330651138734721	0.0020396270396270395	0.4146081652375701	0.7302967394453056	0.1378098605782197	0.10170148215568084	1.0	0.046875	0.09375	1.084815798089227
intermediate	2	30184	64	32	0.5	2	0.1	0.09375	0.296875	0.1875	0.9	1.0	1.1111111098765432	0.8095238095238095	1.0	1.2352941161211073	0.2656501323806623	0.0018453768453768455	0.4246106427132985	0.7302967394453056	0.11258971886315897	0.10157070553320095	1.0	0.046875	0.09375	1.0834208474643212
intermediate	3	40184	64	32	0.5	2	0.1	0.09375	0.296875	0.1875	0.9047619047619048	1.0	1.1052631566731301	0.8095238095238095	0.8	0.9882352928968859	0.31123754440123874	0.003205128205128205	0.4219805768136896	0.7302967394453056	0.13091524915830427	0.09448219149192517	1.0	0.046875	0.09375	1.0078100318305616
intermediate	1	20284	64	32	0.5	2	0.2	0.1875	0.28125	0.3125	0.9047619047619048	0.9090909090909091	1.0047846878846638	0.8095238095238095	0.8	0.9882352928968859	0.3916947646768946	0.0005827505827505828	0.660298350435448	0.5163977781172615	0.25848468705621097	0.13191055416817749	1.0	0.09375	0.1875	0.7035229518114908
intermediate	2	30284	64	32	0.5	2	0.2	0.1875	0.3125	0.3125	0.9	0.9090909090909091	1.0101010089786757	0.8	0.8	0.99999999875	0.3919219393442693	0.0006798756798756799	0.6627215079195508	0.5163977781172615	0.2595585110522209	0.13403543823124722	1.0	0.09375	0.1875	0.7148556667540883
intermediate	3	40284	64	32	0.5	2	0.2	0.1875	0.28125	0.3125	0.9047619047619048	0.9090909090909091	1.0047846878846638	0.8076923076923077	0.8	0.9904761892498867	0.3462305926443203	0.0002913752913752914	0.6355730185243642	0.5163977781172615	0.2199907043342972	0.11252078020513599	1.0	0.09375	0.1875	0.6001108245601342
excessively_sparse	1	20128	64	32	0.5	4	0.01	0.03125	0.3125	0.0625	0.8947368421052632	1.0	1.1176470575743944	0.8	1.0	1.2499999984374999	0.17095117553029246	0.04768842268842269	0.18285871032313306	0.7905694276912053	0.029769175613560427	0.0294182501227915	2.0	0.015625	0.0625	0.47069199443359205
excessively_sparse	2	30128	64	32	0.5	4	0.01	0.03125	0.28125	0.0625	0.9047619047619048	1.0	1.1052631566731301	0.8	1.0	1.2499999984374999	0.19445075489393054	0.04992229992229992	0.18141424486213706	0.7905694276912053	0.033515070977432296	0.03311998806067348	2.0	0.015625	0.0625	0.5299198004920589
excessively_sparse	3	40128	64	32	0.5	4	0.01	0.03125	0.296875	0.0625	0.8947368421052632	1.0	1.1176470575743944	0.7931034482758621	1.0	1.2608695636275993	0.19000849452777013	0.06332556332556333	0.1715744565141527	0.7905694276912053	0.030536152557116263	0.03043858739110576	2.0	0.015625	0.0625	0.48701739046541387
intermediate	1	20148	64	32	0.5	4	0.03	0.03125	0.28125	0.0625	0.9166666666666666	1.0	1.0909090897190084	0.8125	1.0	1.2307692292544379	0.162122134584759	0.0506021756021756	0.18059359065763875	0.7905694276912053	0.027796676860453937	0.027046403557218504	2.0	0.015625	0.0625	0.4327424499916169
intermediate	2	30148	64	32	0.5	4	0.03	0.03125	0.28125	0.0625	0.9090909090909091	1.0	1.09999999879	0.8148148148148148	1.0	1.227272725766529	0.17637271827260867	0.04331779331779332	0.18594063744445716	0.7905694276912053	0.0313742548839056	0.03044069185585896	2.0	0.015625	0.0625	0.48705106190092634
intermediate	3	40148	64	32	0.5	4	0.03	0.03125	0.265625	0.0625	0.9166666666666666	1.0	1.0909090897190084	0.8235294117647058	1.0	1.2142857128112245	0.1428554459899644	0.045066045066045064	0.18416320676709852	0.7905694276912053	0.025123087210007066	0.02411758993619121	2.0	0.015625	0.0625	0.38588143280495646
intermediate	1	20168	64	32	0.5	4	0.05	0.0625	0.296875	0.125	0.9	1.0	1.1111111098765432	0.8076923076923077	1.0	1.2380952365623583	0.26312700036661374	0.003690753690753691	0.32676716554109975	0.8944271838444985	0.08566392841936504	0.09486303810078499	2.0	0.03125	0.125	0.7589042987350455
intermediate	2	30168	64	32	0.5	4	0.05	0.0625	0.3125	0.125	0.8947368421052632	1.0	1.1176470575743944	0.8	1.0	1.2499999984374999	0.25521863187247557	0.00573038073038073	0.3212225112104985	0.8944271838444985	0.08151218193758727	0.09113338906040398	2.0	0.03125	0.125	0.729067106650695
intermediate	3	40168	64	32	0.5	4	0.05	0.0625	0.28125	0.125	0.9130434782608695	1.0	1.0952380940385489	0.8125	1.0	1.2307692292544379	0.21970851883546147	0.005439005439005439	0.321378735934617	0.8944271838444985	0.07022559980845512	0.07730668971465918	2.0	0.03125	0.125	0.6184535127696453
intermediate	1	20218	64	32	0.5	4	0.1	0.09375	0.296875	0.1875	0.9	1.0	1.1111111098765432	0.7916666666666666	0.8	1.0105263145130194	0.32214675330254755	0.0011655011655011655	0.42581374185604515	0.7302967394453056	0.1370146373940649	0.10111462011160235	2.0	0.046875	0.1875	0.5392779710523967
intermediate	2	30218	64	32	0.5	4	0.1	0.09375	0.28125	0.1875	0.9090909090909091	1.0	1.09999999879	0.8181818181818182	1.0	1.222222220728395	0.2634570361655986	0.0011655011655011655	0.4345635357646412	0.7302967394453056	0.11435538430369875	0.10207188956914179	2.0	0.046875	0.1875	0.5443834081320447
intermediate	3	40218	64	32	0.5	4	0.1	0.09375	0.3125	0.1875	0.8947368421052632	1.0	1.1176470575743944	0.8	1.0	1.2499999984374999	0.267209047478192	0.0020396270396270395	0.43084291135342423	0.7302967394453056	0.11489031163971962	0.1048800248493278	2.0	0.046875	0.1875	0.5593601295464943
intermediate	1	20318	64	32	0.5	4	0.2	0.1875	0.296875	0.3125	0.9032258064516129	0.9090909090909091	1.0064935053791744	0.8095238095238095	0.8	0.9882352928968859	0.33712571068668956	9.712509712509713e-05	0.6736651119598224	0.5163977781172615	0.2270877715700221	0.1158880014664232	2.0	0.09375	0.375	0.30903466975303606
intermediate	2	30318	64	32	0.5	4	0.2	0.1875	0.28125	0.3125	0.9047619047619048	0.9090909090909091	1.0047846878846638	0.8125	0.8	0.9846153834035504	0.3336753328884868	0.00019425019425019425	0.6684752016420658	0.5163977781172615	0.2230103572138905	0.11339032893110346	2.0	0.09375	0.375	0.3023742096766113
intermediate	3	40318	64	32	0.5	4	0.2	0.1875	0.296875	0.3125	0.9047619047619048	0.9090909090909091	1.0047846878846638	0.8	0.8	0.99999999875	0.3900304151823984	0.0002913752913752914	0.6599036735103994	0.5163977781172615	0.2573075088576231	0.13287302570087287	2.0	0.09375	0.375	0.3543280675907861
excessively_sparse	1	20196	64	32	0.5	8	0.01	0.03125	0.296875	0.0625	0.9047619047619048	1.0	1.1052631566731301	0.8	1.0	1.2499999984374999	0.18247647784420468	0.056332556332556336	0.17947002272789284	0.7905694276912053	0.030904219492450175	0.03053991385856226	4.0	0.015625	0.125	0.24431930891394363
excessively_sparse	2	30196	64	32	0.5	8	0.01	0.03125	0.296875	0.0625	0.9047619047619048	1.0	1.1052631566731301	0.8125	1.0	1.2307692292544379	0.13970023953562638	0.04895104895104895	0.18533436254645122	0.7905694276912053	0.024623850758750856	0.02395921671131089	4.0	0.015625	0.125	0.19167373215709727
excessively_sparse	3	40196	64	32	0.5	8	0.01	0.03125	0.296875	0.0625	0.9	1.0	1.1111111098765432	0.8	1.0	1.2499999984374999	0.159073065350973	0.047299922299922297	0.18496702379961502	0.7905694276912053	0.028031553010563617	0.02770111099144481	4.0	0.015625	0.125	0.22160888615868737
intermediate	1	20216	64	32	0.5	8	0.03	0.03125	0.296875	0.0625	0.8947368421052632	1.0	1.1176470575743944	0.7894736842105263	1.0	1.2666666650622223	0.1681409301606793	0.050699300699300696	0.18105620027664635	0.7905694276912053	0.028899521247813535	0.028939632063025914	4.0	0.015625	0.125	0.23151705465207087
intermediate	2	30216	64	32	0.5	8	0.03	0.03125	0.265625	0.0625	0.9069264069264069	1.0	1.102625297113573	0.8125	1.0	1.2307692292544379	0.13935212472942204	0.045940170940170943	0.18367609686731684	0.7905694276912053	0.02441978562382232	0.023760659595331045	4.0	0.015625	0.125	0.19008527524196617
intermediate	3	40216	64	32	0.5	8	0.03	0.03125	0.296875	0.0625	0.8947368421052632	1.0	1.1176470575743944	0.8	1.0	1.2499999984374999	0.1729150490597773	0.04992229992229992	0.18482560621079747	0.7905694276912053	0.03036365555395927	0.03000572220487593	4.0	0.015625	0.125	0.24004577571864125
intermediate	1	20236	64	32	0.5	8	0.05	0.0625	0.28125	0.125	0.9090909090909091	1.0	1.09999999879	0.8125	1.0	1.2307692292544379	0.2638104091456675	0.005050505050505051	0.3230926232151307	0.8944271838444985	0.0848047163287835	0.0933558689345594	4.0	0.03125	0.25	0.37342347424454364
intermediate	2	30236	64	32	0.5	8	0.05	0.0625	0.265625	0.125	0.9130434782608695	1.0	1.0952380940385489	0.8125	1.0	1.2307692292544379	0.22807816796785751	0.0033022533022533025	0.324361318346704	0.8944271838444985	0.07373543542313221	0.08117043418324872	4.0	0.03125	0.25	0.3246817354342679
intermediate	3	40236	64	32	0.5	8	0.05	0.0625	0.28125	0.125	0.9047619047619048	1.0	1.1052631566731301	0.8148148148148148	1.0	1.227272725766529	0.2373083358945026	0.004273504273504274	0.32113388250205355	0.8944271838444985	0.07588207312233082	0.08329621363010893	4.0	0.03125	0.25	0.33318485318769625
intermediate	1	20286	64	32	0.5	8	0.1	0.09375	0.296875	0.1875	0.9	1.0	1.1111111098765432	0.8	1.0	1.2499999984374999	0.2823880668809961	0.002331002331002331	0.4340724841597774	0.7302967394453056	0.12229116267252133	0.11163604656385215	4.0	0.046875	0.375	0.29769612337641604
intermediate	2	30286	64	32	0.5	8	0.1	0.09375	0.28125	0.1875	0.9090909090909091	1.0	1.09999999879	0.8181818181818182	1.0	1.222222220728395	0.2597751150930761	0.0009712509712509713	0.43771589753120393	0.7302967394453056	0.11359725894744735	0.10139519832181626	4.0	0.046875	0.375	0.27038719480381085
intermediate	3	40286	64	32	0.5	8	0.1	0.09375	0.28125	0.1875	0.9047619047619048	1.0	1.1052631566731301	0.8076923076923077	1.0	1.2380952365623583	0.2931858111390296	0.0006798756798756799	0.4304320205504607	0.7302967394453056	0.12611076311253241	0.11402644066173322	4.0	0.046875	0.375	0.30407050762043386
intermediate	1	20386	64	32	0.5	8	0.2	0.1875	0.28125	0.3125	0.9	0.9090909090909091	1.0101010089786757	0.8095238095238095	0.8	0.9882352928968859	0.3119470897185681	0.0	0.6654490291623735	0.5163977781172615	0.20758488800324895	0.10593524098196541	4.0	0.09375	0.75	0.14124698778762457
intermediate	2	30386	64	32	0.5	8	0.2	0.1875	0.296875	0.3125	0.9047619047619048	0.9090909090909091	1.0047846878846638	0.8095238095238095	0.8	0.9882352928968859	0.3712113341860574	9.712509712509713e-05	0.6797683387368887	0.5163977781172615	0.2523132036351778	0.12876110726136256	4.0	0.09375	0.75	0.17168147611957477
intermediate	3	40386	64	32	0.5	8	0.2	0.1875	0.28125	0.3125	0.9047619047619048	0.9090909090909091	1.0047846878846638	0.8125	0.8	0.9846153834035504	0.3142646735377683	9.712509712509713e-05	0.6784181106386054	0.5163977781172615	0.21318213871481978	0.10839313982141771	4.0	0.09375	0.75	0.14452418623585803
excessively_sparse	1	20332	64	32	0.5	16	0.01	0.03125	0.3125	0.0625	0.8888888888888888	1.0	1.124999998734375	0.7931034482758621	1.0	1.2608695636275993	0.14697194455204718	0.04671717171717172	0.18502850960354128	0.7905694276912053	0.025923573093143557	0.02584074544458216	8.0	0.015625	0.25	0.1033629813648767
excessively_sparse	2	30332	64	32	0.5	16	0.01	0.03125	0.296875	0.0625	0.9047619047619048	1.0	1.1052631566731301	0.8076923076923077	1.0	1.2380952365623583	0.11876104742309063	0.04584304584304584	0.18500528695249124	0.7905694276912053	0.02096418476701539	0.02051974913578855	8.0	0.015625	0.25	0.0820789962148382
excessively_sparse	3	40332	64	32	0.5	16	0.01	0.03125	0.3125	0.0625	0.9	1.0	1.1111111098765432	0.8	1.0	1.2499999984374999	0.15237106020036395	0.03817016317016317	0.18928765558058724	0.7905694276912053	0.027741058415159246	0.02741404080925837	8.0	0.015625	0.25	0.10965616279840881
intermediate	1	20352	64	32	0.5	16	0.03	0.03125	0.296875	0.0625	0.9	1.0	1.1111111098765432	0.8086080586080586	1.0	1.2366930902033195	0.15298940221375062	0.046620046620046623	0.18516403796537545	0.7905694276912053	0.027007476483079416	0.026404986906711003	8.0	0.015625	0.25	0.10561994720436421
intermediate	2	30352	64	32	0.5	16	0.03	0.03125	0.28125	0.0625	0.9047619047619048	1.0	1.1052631566731301	0.8	1.0	1.2499999984374999	0.17939604368130493	0.045745920745920744	0.1876218073770234	0.7905694276912053	0.03211886584850216	0.03174024170025089	8.0	0.015625	0.25	0.12696096629315967
intermediate	3	40352	64	32	0.5	16	0.03	0.03125	0.28125	0.0625	0.9090909090909091	1.0	1.09999999879	0.8125	1.0	1.2307692292544379	0.16546361104205698	0.05264180264180264	0.17871917178808872	0.7905694276912053	0.028014821431770497	0.02725866008483379	8.0	0.015625	0.25	0.10903463990319659
intermediate	1	20372	64	32	0.5	16	0.05	0.0625	0.296875	0.125	0.9047619047619048	1.0	1.1052631566731301	0.8	1.0	1.2499999984374999	0.20058174577731866	0.0034965034965034965	0.32774303943739275	0.8944271838444985	0.06550941342574929	0.0732417501155702	8.0	0.03125	0.5	0.14648349993817342
intermediate	2	30372	64	32	0.5	16	0.05	0.0625	0.28125	0.125	0.9	1.0	1.1111111098765432	0.8076923076923077	1.0	1.2380952365623583	0.21509163014937033	0.004759129759129759	0.32051610745866943	0.8944271838444985	0.06861223605658862	0.07598023209200454	8.0	0.03125	0.5	0.15196046388008816
intermediate	3	40372	64	32	0.5	16	0.05	0.0625	0.265625	0.125	0.9047619047619048	1.0	1.1052631566731301	0.8	1.0	1.2499999984374999	0.24540070940434325	0.005827505827505828	0.3175204468125473	0.8944271838444985	0.07746566514236623	0.08660924578914789	8.0	0.03125	0.5	0.1732184912318588
integrator_like_low_expansion	1	20422	64	32	0.5	16	0.1	0.09375	0.3125	0.1875	0.8947368421052632	1.0	1.1176470575743944	0.7916666666666666	1.0	1.2631578931412744	0.222715190774788	0.000777000777000777	0.4331378803223861	0.7302967394453056	0.09639143119118472	0.08891917619427733	8.0	0.046875	0.75	0.11855890143429125
integrator_like_low_expansion	2	30422	64	32	0.5	16	0.1	0.09375	0.296875	0.1875	0.9047619047619048	1.0	1.1052631566731301	0.8	1.0	1.2499999984374999	0.2951183791179682	0.0016511266511266512	0.4361577355799733	0.7302967394453056	0.12850563397311981	0.11730905671701529	8.0	0.046875	0.75	0.15641207541413762
integrator_like_low_expansion	3	40422	64	32	0.5	16	0.1	0.09375	0.296875	0.1875	0.9047619047619048	1.0	1.1052631566731301	0.8125	1.0	1.2307692292544379	0.2593897728130746	0.0012626262626262627	0.43610480163748205	0.7302967394453056	0.11297829571562501	0.10154791493865917	8.0	0.046875	0.75	0.1353972197376826
integrator_like_low_expansion	1	20522	64	32	0.5	16	0.2	0.2960069444444444	0.296875	0.40625	0.9	0.8333333333333334	0.9259259248971194	0.8	0.75	0.937499998828125	0.3885796966177706	0.0	0.8567607475481198	0.41099264645621697	0.33291983135626274	0.12827587722734377	8.0	0.1480034722222222	2.3680555555555554	0.05416928537518219
integrator_like_low_expansion	2	30522	64	32	0.5	16	0.2	0.2955729166666667	0.296875	0.40625	0.9	0.8333333333333334	0.9259259248971194	0.8	0.7692307692307693	0.9615384603365384	0.387335912742144	0.0	0.8647666749823892	0.41129429247485466	0.3349551893632927	0.13246649754591344	8.0	0.14778645833333334	2.3645833333333335	0.05602107382832452
integrator_like_low_expansion	3	40522	64	32	0.5	16	0.2	0.1875	0.296875	0.3125	0.9	0.9090909090909091	1.0101010089786757	0.8095238095238095	0.8	0.9882352928968859	0.36565170589219526	9.712509712509713e-05	0.6737170216381678	0.5163977781172615	0.24632185189296615	0.12570358560492592	8.0	0.09375	1.5	0.08380239034741568
excessively_sparse	1	20604	64	32	0.5	32	0.01	0.03125	0.3125	0.0625	0.9	1.0	1.1111111098765432	0.8	1.0	1.2499999984374999	0.11029387898979447	0.045940170940170943	0.18620684046902178	0.7905694276912053	0.01959397962999753	0.0193630015536466	16.0	0.015625	0.5	0.038726003029841194
excessively_sparse	2	30604	64	32	0.5	32	0.01	0.03125	0.28125	0.0625	0.9047619047619048	1.0	1.1052631566731301	0.8	1.0	1.2499999984374999	0.13635450708623106	0.03972416472416473	0.18941003794920866	0.7905694276912053	0.024800959840773996	0.024508600753755827	16.0	0.015625	0.5	0.049017201409477254
excessively_sparse	3	40604	64	32	0.5	32	0.01	0.03125	0.296875	0.0625	0.9	1.0	1.1111111098765432	0.8	1.0	1.2499999984374999	0.1359925031079425	0.04671717171717172	0.18436881692697538	0.7905694276912053	0.023901447684667655	0.023619692241799124	16.0	0.015625	0.5	0.04723938438911948
intermediate	1	20624	64	32	0.5	32	0.03	0.03125	0.28125	0.0625	0.9047619047619048	1.0	1.1052631566731301	0.8148148148148148	1.0	1.227272725766529	0.12400659734398874	0.04312354312354312	0.18786809842341023	0.7905694276912053	0.022292239468895768	0.02162891819935388	16.0	0.015625	0.5	0.04325783631219209
intermediate	2	30624	64	32	0.5	32	0.03	0.03125	0.296875	0.0625	0.9	1.0	1.1111111098765432	0.8	1.0	1.2499999984374999	0.1712210490347407	0.03923853923853924	0.1895487029773283	0.7905694276912053	0.03118125165799295	0.03081368030892656	16.0	0.015625	0.5	0.0616273604945984
intermediate	3	40624	64	32	0.5	32	0.03	0.03125	0.3125	0.0625	0.9047619047619048	1.0	1.1052631566731301	0.8076923076923077	1.0	1.2380952365623583	0.1348458846997107	0.04632867132867133	0.18500482482122188	0.7905694276912053	0.02379137146059033	0.023287000157324763	16.0	0.015625	0.5	0.04657400022150153
intermediate	1	20644	64	32	0.5	32	0.05	0.0625	0.296875	0.125	0.9	1.0	1.1111111098765432	0.8	1.0	1.2499999984374999	0.18664373112445504	0.003885003885003885	0.32183623838381537	0.8944271838444985	0.059835349146655045	0.0668979534558713	16.0	0.03125	1.0	0.06689795338897334
intermediate	2	30644	64	32	0.5	32	0.05	0.0625	0.3125	0.125	0.8903903903903904	1.0	1.1231028655177293	0.8	1.0	1.2499999984374999	0.19109133653696253	0.0035936285936285935	0.3227966072107986	0.8944271838444985	0.061461967026648696	0.06871656751559031	16.0	0.03125	1.0	0.06871656744687374
intermediate	3	40644	64	32	0.5	32	0.05	0.0625	0.3125	0.125	0.9	1.0	1.1111111098765432	0.8	1.0	1.2499999984374999	0.20392417212492941	0.004273504273504274	0.3216458664097707	0.8944271838444985	0.06531106203773174	0.07301998652410217	16.0	0.03125	1.0	0.07301998645108218
integrator_like_low_expansion	1	20694	64	32	0.5	32	0.1	0.09375	0.28125	0.1875	0.9090909090909091	1.0	1.09999999879	0.8125	1.0	1.2307692292544379	0.2152386679947245	0.0002913752913752914	0.44146111945813843	0.7302967394453056	0.0949918169881624	0.08538118662776494	16.0	0.046875	1.5	0.05692079104722943
integrator_like_low_expansion	2	30694	64	32	0.5	32	0.1	0.09375	0.28125	0.1875	0.9130434782608695	1.0	1.0952380940385489	0.8125	1.0	1.2307692292544379	0.24434544504357034	0.0006798756798756799	0.43456531038188806	0.7302967394453056	0.10611186220974181	0.0953761807912219	16.0	0.046875	1.5	0.06358412048509185
integrator_like_low_expansion	3	40694	64	32	0.5	32	0.1	0.09375	0.3125	0.1875	0.9	1.0	1.1111111098765432	0.8	1.0	1.2499999984374999	0.2831017392875979	0.001456876456876457	0.43383353876137465	0.7302967394453056	0.12264009723227179	0.11195457877753594	16.0	0.046875	1.5	0.07463638580193303
integrator_like_low_expansion	1	20794	64	32	0.5	32	0.2	0.2805989583333333	0.28125	0.40625	0.9047619047619048	0.8333333333333334	0.9210526305609419	0.8	0.7692307692307693	0.9615384603365384	0.393032785176573	0.0	0.8381700867533927	0.42212587528530193	0.3294283236483757	0.13371174931732216	16.0	0.14029947916666666	4.489583333333333	0.02978266341439395
integrator_like_low_expansion	2	30794	64	32	0.5	32	0.2	0.2918836805555556	0.28125	0.40625	0.9	0.8260869565217391	0.9178743951154053	0.8	0.7692307692307693	0.9615384603365384	0.3766548655041419	0.0	0.8488900546794164	0.4138853883078675	0.3197385693730792	0.1272453094005385	16.0	0.1459418402777778	4.670138888888889	0.027246579256139828
integrator_like_low_expansion	3	40794	64	32	0.5	32	0.2	0.2914496527777778	0.3125	0.40625	0.9	0.8333333333333334	0.9259259248971194	0.8076923076923077	0.7857142857142857	0.9727891144418529	0.3174654117932103	0.0	0.8595607707689235	0.41419345339472424	0.27288081405344555	0.10994992424161512	16.0	0.1457248263888889	4.663194444444445	0.023578241381083113
excessively_sparse	1	20145	64	64	1.0	2	0.01	0.015625	0.296875	0.03125	0.8947368421052632	1.0	1.1176470575743944	0.8	1.0	1.2499999984374999	0.16057895448095263	0.045454545454545456	0.09663234314419675	0.559017012263491	0.014811796966087958	0.01035005809485734	2.0	0.015625	0.03125	0.3312018484369757
excessively_sparse	2	30145	64	64	1.0	2	0.01	0.015625	0.28125	0.03125	0.9047619047619048	1.0	1.1052631566731301	0.8181818181818182	1.0	1.222222220728395	0.1960193564383229	0.05555555555555555	0.09367820656150619	0.559017012263491	0.01734258944234479	0.011849203083816687	2.0	0.015625	0.03125	0.3791744865485504
excessively_sparse	3	40145	64	64	1.0	2	0.01	0.015625	0.3125	0.03125	0.8947368421052632	1.0	1.1176470575743944	0.7916666666666666	1.0	1.2631578931412744	0.21715374942495397	0.04836829836829837	0.09466429681858873	0.559017012263491	0.01956241405363098	0.013813543886031883	2.0	0.015625	0.03125	0.44203339020795174
intermediate	1	20165	64	64	1.0	2	0.03	0.03125	0.2890625	0.0625	0.9	1.0	1.1111111098765432	0.8	1.0	1.2499999984374999	0.2255782886055464	0.004953379953379953	0.17953035156446978	0.7905694276912053	0.040297546736987634	0.03982251052674675	2.0	0.03125	0.0625	0.6371601582333855
intermediate	2	30165	64	64	1.0	2	0.03	0.03125	0.296875	0.0625	0.8947368421052632	1.0	1.1176470575743944	0.8	1.0	1.2499999984374999	0.23687449969664834	0.002428127428127428	0.18708188409409043	0.7905694276912053	0.04420732540567723	0.043686199877548654	2.0	0.03125	0.0625	0.6989791868571115
intermediate	3	40165	64	64	1.0	2	0.03	0.03125	0.3125	0.0625	0.9	1.0	1.1111111098765432	0.8	1.0	1.2499999984374999	0.24787496752551835	0.0026223776223776225	0.18408579456705954	0.7905694276912053	0.04551060057657345	0.04497411175841324	2.0	0.03125	0.0625	0.7195857766212395
intermediate	1	20185	64	64	1.0	2	0.05	0.046875	0.296875	0.09375	0.9047619047619048	1.0	1.1052631566731301	0.8148148148148148	1.0	1.227272725766529	0.2868696058748382	9.712509712509713e-05	0.2582274367175179	0.9682458468798097	0.07407040820283818	0.08801799344722505	2.0	0.046875	0.09375	0.9388585867559089
intermediate	2	30185	64	64	1.0	2	0.05	0.046875	0.3125	0.09375	0.9	1.0	1.1111111098765432	0.8	1.0	1.2499999984374999	0.32250442800051476	0.0012626262626262627	0.2557574309595406	0.9682458468798097	0.08237875889770688	0.0997036138426428	2.0	0.046875	0.09375	1.0635052029774676
intermediate	3	40185	64	64	1.0	2	0.05	0.046875	0.28125	0.09375	0.9047619047619048	1.0	1.1052631566731301	0.8076923076923077	1.0	1.2380952365623583	0.27578159393783913	0.0002913752913752914	0.25250236972506546	0.9682458468798097	0.06961521593001052	0.08345336829194919	2.0	0.046875	0.09375	0.8901692522856527
intermediate	1	20235	64	64	1.0	2	0.1	0.09375	0.3125	0.15625	0.9	0.9090909090909091	1.0101010089786757	0.8	0.9090909090909091	1.1363636349431818	0.41746056247290064	9.712509712509713e-05	0.41884352745465603	0.7302967394453056	0.17483367217254803	0.14509143246961442	2.0	0.09375	0.1875	0.7738209690442318
intermediate	2	30235	64	64	1.0	2	0.1	0.09375	0.28125	0.15625	0.9090909090909091	0.9090909090909091	0.9999999989	0.8125	0.9090909090909091	1.1188811175040345	0.40724202643389906	0.0	0.42121605905556936	0.7302967394453056	0.17153688145629095	0.1401653986774414	2.0	0.09375	0.1875	0.7475487889594273
intermediate	3	40235	64	64	1.0	2	0.1	0.09375	0.265625	0.15625	0.9090909090909091	0.9090909090909091	0.9999999989	0.8125	0.9090909090909091	1.1188811175040345	0.397130791681166	0.0	0.41821853053263913	0.7302967394453056	0.16608745612616088	0.13571259023487184	2.0	0.09375	0.1875	0.7238004773923806
intermediate	1	20335	64	64	1.0	2	0.2	0.203125	0.296875	0.3125	0.9047619047619048	0.8695652173913043	0.9610983971070697	0.8	0.7619047619047619	0.9523809511904762	0.5080993164079863	0.0	0.6735425994999662	0.4961389371355688	0.34222653437759093	0.16170657982233075	2.0	0.203125	0.40625	0.39804696473669854
intermediate	2	30335	64	64	1.0	2	0.2	0.203125	0.28125	0.3125	0.9	0.8695652173913043	0.9661835738056898	0.8095238095238095	0.8181818181818182	1.0106951859172697	0.5111048791126444	0.0	0.6812811628970057	0.4961389371355688	0.34820612640419585	0.1746063029907979	2.0	0.203125	0.40625	0.42980012938091755
intermediate	3	40335	64	64	1.0	2	0.2	0.203125	0.28125	0.3125	0.9047619047619048	0.8695652173913043	0.9610983971070697	0.8095238095238095	0.7619047619047619	0.9411764694256055	0.5706871074591872	9.712509712509713e-05	0.6623446597102836	0.4961389371355688	0.377954845524319	0.17648763775250229	2.0	0.203125	0.40625	0.43443110724448286
excessively_sparse	1	20179	64	64	1.0	4	0.01	0.015625	0.296875	0.03125	0.9047619047619048	1.0	1.1052631566731301	0.8181818181818182	1.0	1.222222220728395	0.17868046640154578	0.036616161616161616	0.09948117376772522	0.559017012263491	0.017124477712239454	0.011700179767917254	4.0	0.015625	0.0625	0.1872028732914301
excessively_sparse	2	30179	64	64	1.0	4	0.01	0.015625	0.296875	0.03125	0.8947368421052632	1.0	1.1176470575743944	0.7916666666666666	1.0	1.2631578931412744	0.17501077482839345	0.03273115773115773	0.10051949751482822	0.559017012263491	0.017016188777519998	0.012015586103374975	4.0	0.015625	0.0625	0.1922493745780096
excessively_sparse	3	40179	64	64	1.0	4	0.01	0.015625	0.28125	0.03125	0.9047619047619048	1.0	1.1052631566731301	0.8181818181818182	1.0	1.222222220728395	0.17328829881016944	0.033702408702408704	0.09935942773382772	0.559017012263491	0.016637543987094952	0.011367485701856465	4.0	0.015625	0.0625	0.18187976831962716
intermediate	1	20199	64	64	1.0	4	0.03	0.03125	0.28125	0.0625	0.9047619047619048	1.0	1.1052631566731301	0.8125	1.0	1.2307692292544379	0.22047645810885808	0.001456876456876457	0.1920055757468631	0.7905694276912053	0.04227103575031779	0.041130078153739244	4.0	0.03125	0.125	0.329040622597589
intermediate	2	30199	64	64	1.0	4	0.03	0.03125	0.28125	0.0625	0.9090909090909091	1.0	1.09999999879	0.8125	1.0	1.2307692292544379	0.23395857861240135	0.0018453768453768455	0.18742017771765992	0.7905694276912053	0.043767641267765875	0.04258628808106506	4.0	0.03125	0.125	0.34069030192299804
intermediate	3	40199	64	64	1.0	4	0.03	0.03125	0.28125	0.0625	0.9090909090909091	1.0	1.09999999879	0.8125	1.0	1.2307692292544379	0.2396469631002037	0.001456876456876457	0.1890161997492679	0.7905694276912053	0.04523116588324058	0.04401031000874975	4.0	0.03125	0.125	0.3520824772533382
intermediate	1	20219	64	64	1.0	4	0.05	0.046875	0.28125	0.09375	0.9047619047619048	1.0	1.1052631566731301	0.8181818181818182	1.0	1.222222220728395	0.2880812031773517	0.0009712509712509713	0.25844837098841283	0.9682458468798097	0.07438180403946444	0.08802428892475167	4.0	0.046875	0.1875	0.4694628717615403
intermediate	2	30219	64	64	1.0	4	0.05	0.046875	0.296875	0.09375	0.9047619047619048	1.0	1.1052631566731301	0.8095238095238095	1.0	1.2352941161211073	0.29569024255662685	0.0002913752913752914	0.2611548893964877	0.9682458468798097	0.07719845231293516	0.09233462915585244	4.0	0.046875	0.1875	0.49245135287147246
intermediate	3	40219	64	64	1.0	4	0.05	0.046875	0.296875	0.09375	0.8947368421052632	1.0	1.1176470575743944	0.8	1.0	1.2499999984374999	0.28514054415324036	0.0	0.26173051491524213	0.9682458468798097	0.07462998144443993	0.09032521186996376	4.0	0.046875	0.1875	0.4817344607372229
intermediate	1	20269	64	64	1.0	4	0.1	0.09375	0.28125	0.1875	0.9047619047619048	1.0	1.1052631566731301	0.8	0.9090909090909091	1.1363636349431818	0.4083876629263198	0.0	0.4275654667854867	0.7302967394453056	0.1746124617285259	0.1449078537584796	4.0	0.09375	0.375	0.3864209423254897
intermediate	2	30269	64	64	1.0	4	0.1	0.09375	0.296875	0.1875	0.9	1.0	1.1111111098765432	0.8076923076923077	0.9090909090909091	1.1255411241475983	0.41351617643752486	0.0	0.4321822873329382	0.7302967394453056	0.17871436698194032	0.14689945899442372	4.0	0.09375	0.375	0.3917318896071782
intermediate	3	40269	64	64	1.0	4	0.1	0.09375	0.328125	0.1875	0.8846153846153846	1.0	1.1304347813308129	0.78125	0.9090909090909091	1.163636362146909	0.3521171777809316	0.0	0.4340918778456073	0.7302967394453056	0.15285120692462015	0.12989293136808447	4.0	0.09375	0.375	0.34638114939120884
intermediate	1	20369	64	64	1.0	4	0.2	0.203125	0.296875	0.3125	0.9047619047619048	0.8695652173913043	0.9610983971070697	0.8	0.8181818181818182	1.0227272714488638	0.49009512178336173	0.0	0.6968428534524714	0.4961389371355688	0.3415192831266543	0.1732919460647302	4.0	0.203125	0.8125	0.21328239489408962
intermediate	2	30369	64	64	1.0	4	0.2	0.203125	0.28125	0.3125	0.9047619047619048	0.8695652173913043	0.9610983971070697	0.8181818181818182	0.8181818181818182	0.9999999987777778	0.4433461297627671	0.0	0.7059500099300515	0.4961389371355688	0.3129802047084754	0.155281665918747	4.0	0.203125	0.8125	0.19111589628016137
intermediate	3	40369	64	64	1.0	4	0.2	0.203125	0.296875	0.3125	0.9047619047619048	0.8695652173913043	0.9610983971070697	0.8095238095238095	0.8181818181818182	1.0106951859172697	0.4968938972579612	0.0	0.6960627176649554	0.4961389371355688	0.3458693165165076	0.1734345208067936	4.0	0.203125	0.8125	0.21345787149949014
excessively_sparse	1	20247	64	64	1.0	8	0.01	0.015625	0.28125	0.03125	0.9047619047619048	1.0	1.1052631566731301	0.8	1.0	1.2499999984374999	0.13491504769833562	0.028846153846153848	0.10221370403416799	0.559017012263491	0.013392373483408911	0.009358205753067304	8.0	0.015625	0.125	0.07486564542561328
excessively_sparse	2	30247	64	64	1.0	8	0.01	0.015625	0.296875	0.03125	0.9047619047619048	1.0	1.1052631566731301	0.8076923076923077	1.0	1.2380952365623583	0.1326117250694473	0.027389277389277388	0.10248178448432357	0.559017012263491	0.01321805810934498	0.009148433472363476	8.0	0.015625	0.125	0.07318746719340807
excessively_sparse	3	40247	64	64	1.0	8	0.01	0.015625	0.28125	0.03125	0.9090909090909091	1.0	1.09999999879	0.8125	1.0	1.2307692292544379	0.13831344298387668	0.027292152292152292	0.10426166547303745	0.559017012263491	0.014027215528062551	0.009651017975658531	8.0	0.015625	0.125	0.0772081431876031
intermediate	1	20267	64	64	1.0	8	0.03	0.03125	0.296875	0.0625	0.9032258064516129	1.0	1.107142855917092	0.8076923076923077	1.0	1.2380952365623583	0.22765375694110446	0.0033993783993783995	0.1887231112194826	0.7905694276912053	0.04281747601089466	0.04190975590682543	8.0	0.03125	0.25	0.1676390229567456
intermediate	2	30267	64	64	1.0	8	0.03	0.03125	0.3125	0.0625	0.8928571428571429	1.0	1.1199999987456	0.7916666666666666	1.0	1.2631578931412744	0.1976961075432643	0.0018453768453768455	0.19123973878586625	0.7905694276912053	0.037737583153654136	0.03768527934132422	8.0	0.03125	0.25	0.1507411167623324
intermediate	3	40267	64	64	1.0	8	0.03	0.03125	0.265625	0.0625	0.9130434782608695	1.0	1.0952380940385489	0.8095238095238095	1.0	1.2352941161211073	0.22827511453815164	0.0017482517482517483	0.19005539086482004	0.7905694276912053	0.04330906836280847	0.042295019546454406	8.0	0.03125	0.25	0.1691800775090973
intermediate	1	20287	64	64	1.0	8	0.05	0.046875	0.296875	0.09375	0.9	1.0	1.1111111098765432	0.8	1.0	1.2499999984374999	0.27595497629936594	0.0006798756798756799	0.26343990924945854	0.9682458468798097	0.07264812861434938	0.08792656090813436	8.0	0.046875	0.375	0.23447082846310274
intermediate	2	30287	64	64	1.0	8	0.05	0.046875	0.3125	0.09375	0.9	1.0	1.1111111098765432	0.8095238095238095	1.0	1.2352941161211073	0.2410771702351371	0.0003885003885003885	0.26148782454225233	0.9682458468798097	0.06301425421474613	0.07536935806517822	8.0	0.046875	0.375	0.20098495430451535
intermediate	3	40287	64	64	1.0	8	0.05	0.046875	0.296875	0.09375	0.9047619047619048	1.0	1.1052631566731301	0.8076923076923077	1.0	1.2380952365623583	0.2921182346238144	0.00019425019425019425	0.26208907256086056	0.9682458468798097	0.07654612520209511	0.09176200766560103	8.0	0.046875	0.375	0.24469868645573956
intermediate	1	20337	64	64	1.0	8	0.1	0.09375	0.296875	0.1875	0.9047619047619048	1.0	1.1052631566731301	0.8076923076923077	0.9090909090909091	1.1255411241475983	0.39057090446617293	9.712509712509713e-05	0.4292962058074331	0.7302967394453056	0.16765432236207806	0.13780833443320623	8.0	0.09375	0.75	0.18374444566594905
intermediate	2	30337	64	64	1.0	8	0.1	0.09375	0.28125	0.1875	0.9090909090909091	1.0	1.09999999879	0.8181818181818182	0.9090909090909091	1.1111111097530864	0.3859822550321372	0.0	0.43452992638608046	0.7302967394453056	0.1677208408654479	0.13609553674595162	8.0	0.09375	0.75	0.1814607154193212
intermediate	3	40337	64	64	1.0	8	0.1	0.09375	0.3125	0.1875	0.9	1.0	1.1111111098765432	0.8095238095238095	0.9090909090909091	1.1229946510191884	0.3537210246143924	0.0	0.4373273906037061	0.7302967394453056	0.15469189269628153	0.12686581171221747	8.0	0.09375	0.75	0.16915441539075074
intermediate	1	20437	64	64	1.0	8	0.2	0.203125	0.296875	0.3125	0.9	0.8695652173913043	0.9661835738056898	0.8095238095238095	0.8181818181818182	1.0106951859172697	0.46405204368227654	0.0	0.7000046429708144	0.4961389371355688	0.32483858515768876	0.1628887607718497	8.0	0.203125	1.625	0.10023923733637566
intermediate	2	30437	64	64	1.0	8	0.2	0.203125	0.28125	0.3125	0.9130434782608695	0.8695652173913043	0.9523809513378685	0.8125	0.8181818181818182	1.0069930057536312	0.45700921082672796	0.0	0.6968936552803089	0.4961389371355688	0.3184868194298078	0.15911870288134583	8.0	0.203125	1.625	0.09791920171287792
intermediate	3	40437	64	64	1.0	8	0.2	0.203125	0.28125	0.3125	0.9047619047619048	0.8695652173913043	0.9610983971070697	0.8	0.8181818181818182	1.0227272714488638	0.5013139653195708	0.0	0.7071575410205807	0.4961389371355688	0.35450795099466437	0.17988258865167064	8.0	0.203125	1.625	0.1106969775636761
excessively_sparse	1	20383	64	64	1.0	16	0.01	0.015625	0.3125	0.03125	0.9	1.0	1.1111111098765432	0.8	1.0	1.2499999984374999	0.13748469847561196	0.021464646464646464	0.10494656536694665	0.559017012263491	0.014118843237414727	0.009865841941662916	16.0	0.015625	0.25	0.03946336760879819
excessively_sparse	2	30383	64	64	1.0	16	0.01	0.015625	0.3125	0.03125	0.9	1.0	1.1111111098765432	0.8	1.0	1.2499999984374999	0.19471761939640042	0.030982905982905984	0.10253088608292266	0.559017012263491	0.0193460096557392	0.013518435629316922	16.0	0.015625	0.25	0.05407374230097271
excessively_sparse	3	40383	64	64	1.0	16	0.01	0.015625	0.296875	0.03125	0.9	1.0	1.1111111098765432	0.8	1.0	1.2499999984374999	0.1781996895798263	0.029526029526029528	0.1027706148857893	0.559017012263491	0.017772961069579516	0.012419234479715557	16.0	0.015625	0.25	0.04967693772015447
intermediate	1	20403	64	64	1.0	16	0.03	0.03125	0.296875	0.0625	0.9032258064516129	1.0	1.107142855917092	0.8095238095238095	1.0	1.2352941161211073	0.21535662020110505	0.0018453768453768455	0.18970130392803486	0.7905694276912053	0.04077804168484154	0.03982325492846651	16.0	0.03125	0.5	0.07964650969764
intermediate	2	30403	64	64	1.0	16	0.03	0.03125	0.3125	0.0625	0.896551724137931	1.0	1.1153846141405326	0.8	1.0	1.2499999984374999	0.2181378795250267	0.002233877233877234	0.18817481718837023	0.7905694276912053	0.040956359284577554	0.04047355684931287	16.0	0.03125	0.5	0.08094711353673152
intermediate	3	40403	64	64	1.0	16	0.03	0.03125	0.296875	0.0625	0.9	1.0	1.1111111098765432	0.8	1.0	1.2499999984374999	0.22263611793229796	0.002136752136752137	0.18661806913108092	0.7905694276912053	0.04145914483529804	0.040970415455047426	16.0	0.03125	0.5	0.0819408307462132
intermediate	1	20423	64	64	1.0	16	0.05	0.046875	0.3125	0.09375	0.8947368421052632	1.0	1.1176470575743944	0.8	1.0	1.2499999984374999	0.2556597120146843	0.0004856254856254856	0.25598716215373707	0.9682458468798097	0.06541382210238056	0.07917082687499231	16.0	0.046875	0.75	0.10556110235924163
intermediate	2	30423	64	64	1.0	16	0.05	0.046875	0.28125	0.09375	0.9047619047619048	1.0	1.1052631566731301	0.8125	1.0	1.2307692292544379	0.240121681152535	0.0002913752913752914	0.26286053316867497	0.9682458468798097	0.06310012195795858	0.0751956073208705	16.0	0.046875	0.75	0.10026080962747959
intermediate	3	40423	64	64	1.0	16	0.05	0.046875	0.296875	0.09375	0.9090909090909091	1.0	1.09999999879	0.8125	1.0	1.2307692292544379	0.2493706609171407	0.0002913752913752914	0.2614752100700265	0.9682458468798097	0.06518524704244853	0.07768042418339048	16.0	0.046875	0.75	0.10357389877308879
integrator_like_low_expansion	1	20473	64	64	1.0	16	0.1	0.09375	0.28125	0.1875	0.9047619047619048	1.0	1.1052631566731301	0.8181818181818182	0.9090909090909091	1.1111111097530864	0.3359664294333946	0.0	0.4356633745292317	0.7302967394453056	0.1463682683754897	0.11876918780247717	16.0	0.09375	1.5	0.07917945848219847
integrator_like_low_expansion	2	30473	64	64	1.0	16	0.1	0.09375	0.296875	0.1875	0.9047619047619048	1.0	1.1052631566731301	0.8181818181818182	0.9090909090909091	1.1111111097530864	0.33415080317727225	0.0	0.4378564302474331	0.7302967394453056	0.14631007784351305	0.11872196962945805	16.0	0.09375	1.5	0.0791479797002067
integrator_like_low_expansion	3	40473	64	64	1.0	16	0.1	0.09375	0.28125	0.1875	0.9047619047619048	1.0	1.1052631566731301	0.8	0.9090909090909091	1.1363636349431818	0.3116040713927226	0.0	0.43964937512926994	0.7302967394453056	0.13699653527554692	0.11369104875224495	16.0	0.09375	1.5	0.07579403245096727
integrator_like_low_expansion	1	20573	64	64	1.0	16	0.2	0.203125	0.28125	0.3125	0.9	0.8695652173913043	0.9661835738056898	0.8095238095238095	0.8181818181818182	1.0106951859172697	0.44770617733058854	0.0	0.7054456638768066	0.4961389371355688	0.31583238148872433	0.1583726428538248	16.0	0.203125	3.25	0.04873004394002915
integrator_like_low_expansion	2	30573	64	64	1.0	16	0.2	0.203125	0.3125	0.3125	0.8947368421052632	0.8695652173913043	0.97186700658643	0.8	0.8181818181818182	1.0227272714488638	0.45722642340953645	0.0	0.7085796013383705	0.4961389371355688	0.3239813168208983	0.16439292202334094	16.0	0.203125	3.25	0.05058243753007954
integrator_like_low_expansion	3	40573	64	64	1.0	16	0.2	0.203125	0.28125	0.3125	0.9090909090909091	0.8695652173913043	0.9565217380782609	0.8181818181818182	0.8181818181818182	0.9999999987777778	0.485784414728165	0.0	0.7077471562668636	0.4961389371355688	0.34381253808262147	0.1705787870097089	16.0	0.203125	3.25	0.0524857806022225
excessively_sparse	1	20655	64	64	1.0	32	0.01	0.015625	0.28125	0.03125	0.9047619047619048	1.0	1.1052631566731301	0.8095238095238095	1.0	1.2352941161211073	0.09628577375631228	0.023310023310023312	0.10538512497184283	0.559017012263491	0.00991055943551024	0.0068437410406914	32.0	0.015625	0.5	0.013687482054007837
excessively_sparse	2	30655	64	64	1.0	32	0.01	0.015625	0.296875	0.03125	0.9047619047619048	1.0	1.1052631566731301	0.8095238095238095	1.0	1.2352941161211073	0.1295957859673568	0.022727272727272728	0.10577021316861536	0.559017012263491	0.013395842682350636	0.009250504871739226	32.0	0.015625	0.5	0.01850100970647643
excessively_sparse	3	40655	64	64	1.0	32	0.01	0.015625	0.296875	0.03125	0.9	1.0	1.1111111098765432	0.8095238095238095	1.0	1.2352941161211073	0.14642394769950037	0.027000777000777	0.10489286540490964	0.559017012263491	0.01494412716344969	0.010319673379825332	32.0	0.015625	0.5	0.020639346718371972
intermediate	1	20675	64	64	1.0	32	0.03	0.03125	0.28125	0.0625	0.9090909090909091	1.0	1.09999999879	0.8136574074074074	1.0	1.2290184906659005	0.16445330182125487	0.0013597513597513598	0.19031326238646312	0.7905694276912053	0.03125508736532621	0.030368206908124567	32.0	0.03125	1.0	0.03036820687775636
intermediate	2	30675	64	64	1.0	32	0.03	0.03125	0.296875	0.0625	0.9	1.0	1.1111111098765432	0.8	1.0	1.2499999984374999	0.18546970072019284	0.002136752136752137	0.19127886614465606	0.7905694276912053	0.03540062971166952	0.034983319420099405	32.0	0.03125	1.0	0.034983319385116084
intermediate	3	40675	64	64	1.0	32	0.03	0.03125	0.296875	0.0625	0.9	1.0	1.1111111098765432	0.8076923076923077	1.0	1.2380952365623583	0.1791490497617343	0.0010683760683760685	0.19044253215330648	0.7905694276912053	0.03408114824355445	0.03335863616875194	32.0	0.03125	1.0	0.0333586361353933
intermediate	1	20695	64	64	1.0	32	0.05	0.046875	0.28125	0.09375	0.9047619047619048	1.0	1.1052631566731301	0.8076923076923077	1.0	1.2380952365623583	0.2536595490398912	0.0002913752913752914	0.25986138567343475	0.9682458468798097	0.06589711551530389	0.0789961817543549	32.0	0.046875	1.5	0.05266412113446051
intermediate	2	30695	64	64	1.0	32	0.05	0.046875	0.296875	0.09375	0.9	1.0	1.1111111098765432	0.8	1.0	1.2499999984374999	0.23102903217471113	0.0002913752913752914	0.2603646410205861	0.9682458468798097	0.06013426428186472	0.07278093946663432	32.0	0.046875	1.5	0.04852062627874246
intermediate	3	40695	64	64	1.0	32	0.05	0.046875	0.28125	0.09375	0.9047619047619048	1.0	1.1052631566731301	0.8125	1.0	1.2307692292544379	0.24568097215999934	0.000777000777000777	0.25941588615909594	0.9682458468798097	0.06368402608969256	0.07589143839758626	32.0	0.046875	1.5	0.05059429223132798
integrator_like_low_expansion	1	20745	64	64	1.0	32	0.1	0.09375	0.28125	0.1875	0.9	1.0	1.1111111098765432	0.8	0.9090909090909091	1.1363636349431818	0.3413651710556315	0.0	0.4343024011291555	0.7302967394453056	0.14825571345132568	0.12303484545716176	32.0	0.09375	3.0	0.04101161513871671
integrator_like_low_expansion	2	30745	64	64	1.0	32	0.1	0.09375	0.296875	0.1875	0.9	1.0	1.1111111098765432	0.8	0.9090909090909091	1.1363636349431818	0.323651806679293	9.712509712509713e-05	0.4351165197701019	0.7302967394453056	0.1408125699766103	0.11685790977078264	32.0	0.09375	3.0	0.03895263657727667
integrator_like_low_expansion	3	40745	64	64	1.0	32	0.1	0.09375	0.296875	0.1875	0.9	1.0	1.1111111098765432	0.8	0.9090909090909091	1.1363636349431818	0.3128691622353812	0.0	0.4342957706946423	0.7302967394453056	0.13587775393960194	0.11276259152409543	32.0	0.09375	3.0	0.03758753049550263
integrator_like_low_expansion	1	20845	64	64	1.0	32	0.2	0.203125	0.296875	0.3125	0.9	0.8695652173913043	0.9661835738056898	0.8	0.8181818181818182	1.0227272714488638	0.46237940319646376	0.0	0.7069012553424772	0.4961389371355688	0.3268565805640856	0.16585187346217228	32.0	0.203125	6.5	0.02551567283640871
integrator_like_low_expansion	2	30845	64	64	1.0	32	0.2	0.203125	0.28125	0.3125	0.9047619047619048	0.8695652173913043	0.9610983971070697	0.8095238095238095	0.8181818181818182	1.0106951859172697	0.43285226148360945	0.0	0.7088549594190685	0.4961389371355688	0.306829472248416	0.15385817691135253	32.0	0.203125	6.5	0.023670488751951085
integrator_like_low_expansion	3	40845	64	64	1.0	32	0.2	0.203125	0.28125	0.3125	0.9090909090909091	0.8695652173913043	0.9565217380782609	0.8148148148148148	0.8181818181818182	1.0041322301726148	0.4480755272020028	0.0	0.7103100415619898	0.4961389371355688	0.3182725463497651	0.15855991260000316	32.0	0.203125	6.5	0.024393832703939897
excessively_sparse	1	20246	64	128	2.0	2	0.01	0.0078125	0.28125	0.015625	0.9047619047619048	1.0	1.1052631566731301	0.8095238095238095	1.0	1.2352941161211073	0.19587937942907147	0.027777777777777776	0.05251178472775573	0.3952847328192679	0.010000254255041734	0.0048830531973743044	4.0	0.015625	0.03125	0.15625769731573144
excessively_sparse	2	30246	64	128	2.0	2	0.01	0.0078125	0.3125	0.015625	0.8928571428571429	1.0	1.1199999987456	0.7916666666666666	1.0	1.2631578931412744	0.22751014578249185	0.027583527583527584	0.05181506048210412	0.3952847328192679	0.011463284874095722	0.0057236987279550115	4.0	0.015625	0.03125	0.18315835343349307
excessively_sparse	3	40246	64	128	2.0	2	0.01	0.0078125	0.265625	0.015625	0.9090909090909091	1.0	1.09999999879	0.8125	1.0	1.2307692292544379	0.17517377510982218	0.022824397824397824	0.053238214447695206	0.3952847328192679	0.009113080062974933	0.0044335525088247275	4.0	0.015625	0.03125	0.14187367574243365
intermediate	1	20266	64	128	2.0	2	0.03	0.03125	0.28125	0.0625	0.9047619047619048	1.0	1.1052631566731301	0.8125	1.0	1.2307692292544379	0.3465717215686059	0.0	0.18744521081281657	0.7905694276912053	0.06496320941118809	0.06320975658089494	4.0	0.0625	0.125	0.505678048601735
intermediate	2	30266	64	128	2.0	2	0.03	0.03125	0.3125	0.0625	0.8947368421052632	1.0	1.1176470575743944	0.7931034482758621	1.0	1.2608695636275993	0.35734016102786326	9.712509712509713e-05	0.18797354501067123	0.7905694276912053	0.06716397290206173	0.06694937926084063	4.0	0.0625	0.125	0.5355950298019648
intermediate	3	40266	64	128	2.0	2	0.03	0.03125	0.28125	0.0625	0.9	1.0	1.1111111098765432	0.8	1.0	1.2499999984374999	0.35027940043233896	9.712509712509713e-05	0.185073198721396	0.7905694276912053	0.06482103272359205	0.06405690834823267	4.0	0.0625	0.125	0.5124552626862193
intermediate	1	20286	64	128	2.0	2	0.05	0.046875	0.296875	0.09375	0.9	1.0	1.1111111098765432	0.8	0.9090909090909091	1.1363636349431818	0.4059787940196629	0.0	0.2545162015203639	0.9682458468798097	0.10332818055170284	0.11368986540883473	4.0	0.09375	0.1875	0.6063459456132735
intermediate	2	30286	64	128	2.0	2	0.05	0.046875	0.28125	0.09375	0.9090909090909091	1.0	1.09999999879	0.8181818181818182	0.9090909090909091	1.1111111097530864	0.401212698875363	0.0	0.26063210317765517	0.9682458468798097	0.1045689095294691	0.11249823582323439	4.0	0.09375	0.1875	0.5999905878573003
intermediate	3	40286	64	128	2.0	2	0.05	0.046875	0.28125	0.09375	0.9047619047619048	1.0	1.1052631566731301	0.8076923076923077	0.9090909090909091	1.1255411241475983	0.3921645273400967	0.0	0.2570050260833668	0.9682458468798097	0.10078825457801276	0.10983909214301615	4.0	0.09375	0.1875	0.5858084883051076
intermediate	1	20336	64	128	2.0	2	0.1	0.1015625	0.296875	0.171875	0.896551724137931	0.9166666666666666	1.022435896295488	0.8	0.8695652173913043	1.0869565203804348	0.5047376252563212	0.0	0.43923517320905003	0.7016464119913641	0.2216985182545848	0.16908040182900969	4.0	0.203125	0.40625	0.41619791116999816
intermediate	2	30336	64	128	2.0	2	0.1	0.1015625	0.3125	0.1875	0.9	0.96	1.0666666654814814	0.8	0.9166666666666666	1.1458333319010416	0.49106621233959263	0.0	0.44544229372209354	0.7016464119913641	0.21874165999396877	0.17586169871411392	4.0	0.203125	0.40625	0.43289033423070417
intermediate	3	40336	64	128	2.0	2	0.1	0.1015625	0.296875	0.1875	0.9090909090909091	0.96	1.0559999988384001	0.8125	0.8695652173913043	1.0702341123951633	0.5315996044825991	0.0	0.44169436365277237	0.7016464119913641	0.2348045490200071	0.17632082315598063	4.0	0.203125	0.40625	0.43402048670020954
intermediate	1	20436	64	128	2.0	2	0.2	0.203125	0.28125	0.3125	0.9090909090909091	0.8695652173913043	0.9565217380782609	0.8125	0.7906976744186046	0.9731663673174625	0.6867781518516813	0.0	0.6847756587073685	0.4961389371355688	0.4702889613200642	0.2270676097138496	4.0	0.40625	0.8125	0.2794678269961622
intermediate	2	30436	64	128	2.0	2	0.2	0.203125	0.296875	0.3125	0.9	0.8695652173913043	0.9661835738056898	0.8	0.7906976744186046	0.9883720917877906	0.6814857586829046	0.0	0.6788628668535561	0.4961389371355688	0.46263537585934733	0.22686245333403274	4.0	0.40625	0.8125	0.27921532683669836
intermediate	3	40436	64	128	2.0	2	0.2	0.203125	0.296875	0.3125	0.9047619047619048	0.8695652173913043	0.9610983971070697	0.8076923076923077	0.7906976744186046	0.9789590242586088	0.670206667904743	0.0	0.6898776073336172	0.4961389371355688	0.4623605724731603	0.2245683866236247	4.0	0.40625	0.8125	0.2763918601196712
excessively_sparse	1	20280	64	128	2.0	4	0.01	0.0078125	0.296875	0.015625	0.9	1.0	1.1111111098765432	0.8	1.0	1.2499999984374999	0.1788453671672981	0.02496114996114996	0.053614979652391086	0.3952847328192679	0.009349443478451182	0.004619615328461009	8.0	0.015625	0.0625	0.07391384407275464
excessively_sparse	2	30280	64	128	2.0	4	0.01	0.0078125	0.265625	0.015625	0.9090909090909091	1.0	1.09999999879	0.8125	1.0	1.2307692292544379	0.16145965651639227	0.021270396270396272	0.054363718569478546	0.3952847328192679	0.008590845417250506	0.00417948311540925	8.0	0.015625	0.0625	0.06687172877660034
excessively_sparse	3	40280	64	128	2.0	4	0.01	0.0078125	0.3125	0.015625	0.896551724137931	1.0	1.1153846141405326	0.8	1.0	1.2499999984374999	0.18772171798585796	0.026126651126651128	0.052856884699088044	0.3952847328192679	0.009663146506547756	0.004774617850324442	8.0	0.015625	0.0625	0.07639388438288892
intermediate	1	20300	64	128	2.0	4	0.03	0.03125	0.3125	0.0625	0.8947368421052632	1.0	1.1176470575743944	0.8	1.0	1.2499999984374999	0.35026324238810413	0.0	0.186202730430672	0.7905694276912053	0.06521997210216528	0.06445114494299253	8.0	0.0625	0.25	0.2578045787407518
intermediate	2	30300	64	128	2.0	4	0.03	0.03125	0.28125	0.0625	0.9047619047619048	1.0	1.1052631566731301	0.8125	1.0	1.2307692292544379	0.3064434542581988	0.0	0.18842418050018872	0.7905694276912053	0.05774135673824818	0.056182832362446464	8.0	0.0625	0.25	0.2247313285508605
intermediate	3	40300	64	128	2.0	4	0.03	0.03125	0.3125	0.0625	0.8888888888888888	1.0	1.124999998734375	0.8	1.0	1.2499999984374999	0.32649844184976445	0.0	0.18872009007283136	0.7905694276912053	0.06161681535452664	0.06089046298761542	8.0	0.0625	0.25	0.24356185097621424
intermediate	1	20320	64	128	2.0	4	0.05	0.046875	0.28125	0.09375	0.9090909090909091	1.0	1.09999999879	0.8125	0.9090909090909091	1.1188811175040345	0.4005157153144929	0.0	0.2582628349529318	0.9682458468798097	0.1034383240803223	0.11206011477002939	8.0	0.09375	0.375	0.29882697192320645
intermediate	2	30320	64	128	2.0	4	0.05	0.046875	0.296875	0.09375	0.9	1.0	1.1111111098765432	0.8	0.9090909090909091	1.1363636349431818	0.39760556937509667	0.0	0.25682302294254106	0.9682458468798097	0.10211426426570255	0.1123542183623457	8.0	0.09375	0.375	0.29961124816729184
intermediate	3	40320	64	128	2.0	4	0.05	0.046875	0.28125	0.09375	0.9090909090909091	1.0	1.09999999879	0.8125	0.9090909090909091	1.1188811175040345	0.4368479502066021	0.0	0.25700060242366485	0.9682458468798097	0.11227018637063989	0.12162813040336042	8.0	0.09375	0.375	0.3243416802107166
intermediate	1	20370	64	128	2.0	4	0.1	0.1015625	0.28125	0.1875	0.9047619047619048	0.96	1.061052630406205	0.8125	0.9166666666666666	1.128205126816568	0.5208793275626944	0.0	0.45739185481304806	0.7016464119913641	0.238245961767674	0.18859576045536133	8.0	0.203125	0.8125	0.23211785873629967
intermediate	2	30370	64	128	2.0	4	0.1	0.1015625	0.296875	0.1875	0.9	0.96	1.0666666654814814	0.8	0.8695652173913043	1.0869565203804348	0.5418429717666708	0.0	0.452675998128976	0.7016464119913641	0.2452793080736483	0.18706450677225606	8.0	0.203125	0.8125	0.23023323882095117
intermediate	3	40370	64	128	2.0	4	0.1	0.1015625	0.296875	0.1875	0.8947368421052632	0.96	1.0729411752714186	0.8	0.9166666666666666	1.1458333319010416	0.5146564157264901	0.0	0.45169139997411994	0.7016464119913641	0.232465876925161	0.18689555528769491	8.0	0.203125	0.8125	0.23002529853251646
intermediate	1	20470	64	128	2.0	4	0.2	0.203125	0.296875	0.3125	0.8947368421052632	0.8695652173913043	0.97186700658643	0.7916666666666666	0.8181818181818182	1.0334928216610426	0.6250315401936503	0.0	0.6998625738568431	0.4961389371355688	0.43743618246163496	0.22429804033069417	8.0	0.40625	1.625	0.1380295631954859
intermediate	2	30470	64	128	2.0	4	0.2	0.203125	0.296875	0.3125	0.9047619047619048	0.8695652173913043	0.9610983971070697	0.8	0.8181818181818182	1.0227272714488638	0.5820008396149375	0.0	0.6990789642763762	0.4961389371355688	0.4068645441659919	0.2064491000267075	8.0	0.40625	1.625	0.12704559993825346
intermediate	3	40470	64	128	2.0	4	0.2	0.203125	0.296875	0.3125	0.9090909090909091	0.8695652173913043	0.9565217380782609	0.8181818181818182	0.8181818181818182	0.9999999987777778	0.5860339627762179	0.0	0.7021414435479236	0.4961389371355688	0.4114787325918038	0.20415062079247104	8.0	0.40625	1.625	0.12563115117959378
excessively_sparse	1	20348	64	128	2.0	8	0.01	0.0078125	0.296875	0.015625	0.9047619047619048	1.0	1.1052631566731301	0.8125	1.0	1.2307692292544379	0.1403845429269047	0.023989898989898988	0.054242281801855655	0.3952847328192679	0.007432100184501155	0.003615748593354858	16.0	0.015625	0.125	0.028925988515430958
excessively_sparse	2	30348	64	128	2.0	8	0.01	0.0078125	0.296875	0.015625	0.9	1.0	1.1111111098765432	0.8	1.0	1.2499999984374999	0.12268341465440016	0.01418026418026418	0.056759070310187024	0.3952847328192679	0.006864653755474817	0.003391866027797226	16.0	0.015625	0.125	0.027134928005298382
excessively_sparse	3	40348	64	128	2.0	8	0.01	0.0078125	0.28125	0.015625	0.9130434782608695	1.0	1.0952380940385489	0.8181818181818182	1.0	1.222222220728395	0.12960734762107512	0.014568764568764568	0.056864697842582954	0.3952847328192679	0.00726270966151569	0.0035088022989400855	16.0	0.015625	0.125	0.02807041816695734
intermediate	1	20368	64	128	2.0	8	0.03	0.03125	0.28125	0.0625	0.9047619047619048	1.0	1.1052631566731301	0.8125	1.0	1.2307692292544379	0.315353422728263	0.0	0.18962323262444208	0.7905694276912053	0.059798335436915435	0.05818429017238728	16.0	0.0625	0.5	0.1163685801120374
intermediate	2	30368	64	128	2.0	8	0.03	0.03125	0.296875	0.0625	0.9047619047619048	1.0	1.1052631566731301	0.8181818181818182	1.0	1.222222220728395	0.31610184069415154	0.0	0.1873435202303466	0.7905694276912053	0.05921963158693457	0.057221059126667126	16.0	0.0625	0.5	0.11444211802445002
intermediate	3	40368	64	128	2.0	8	0.03	0.03125	0.28125	0.0625	0.9090909090909091	1.0	1.09999999879	0.8095238095238095	1.0	1.2352941161211073	0.29286754299066986	9.712509712509713e-05	0.19096721993544163	0.7905694276912053	0.05592266847205914	0.054613281825909285	16.0	0.0625	0.5	0.10922656343336545
intermediate	1	20388	64	128	2.0	8	0.05	0.046875	0.296875	0.09375	0.9	1.0	1.1111111098765432	0.8	1.0	1.2499999984374999	0.3726638443796505	0.0	0.2603260679425694	0.9682458468798097	0.09701411327171601	0.11741689018331194	16.0	0.09375	0.75	0.15655585336900812
intermediate	2	30388	64	128	2.0	8	0.05	0.046875	0.3125	0.09375	0.8947368421052632	1.0	1.1176470575743944	0.8	1.0	1.2499999984374999	0.3463629824660916	0.0	0.2623711030710807	0.9682458468798097	0.09087563777261783	0.10998744843237965	16.0	0.09375	0.75	0.14664993104763963
intermediate	3	40388	64	128	2.0	8	0.05	0.046875	0.296875	0.09375	0.9047619047619048	1.0	1.1052631566731301	0.8095238095238095	0.9090909090909091	1.1229946510191884	0.37252971083046704	0.0	0.25987434869393705	0.9682458468798097	0.09681091597120833	0.10526588830615854	16.0	0.09375	0.75	0.14035451755440537
intermediate	1	20438	64	128	2.0	8	0.1	0.1015625	0.28125	0.1875	0.9090909090909091	0.96	1.0559999988384001	0.8125	0.9166666666666666	1.128205126816568	0.4942107718173068	9.712509712509713e-05	0.45823971557563725	0.7016464119913641	0.2264450078822671	0.17925411262383467	16.0	0.203125	1.625	0.11031022308524581
intermediate	2	30438	64	128	2.0	8	0.1	0.1015625	0.296875	0.1875	0.9032258064516129	0.96	1.0628571416804082	0.8070719602977667	0.9166666666666666	1.1357929783518588	0.5270600883920659	0.0	0.4572200353521474	0.7016464119913641	0.2409824322473263	0.19204494121166707	16.0	0.203125	1.625	0.11818150221137573
intermediate	3	40438	64	128	2.0	8	0.1	0.1015625	0.296875	0.1875	0.9047619047619048	0.96	1.061052630406205	0.8095238095238095	0.9166666666666666	1.1323529397776817	0.5196546066677056	0.0	0.45703949388019527	0.7016464119913641	0.23750267842392012	0.1886985801477126	16.0	0.203125	1.625	0.11612220309636331
intermediate	1	20538	64	128	2.0	8	0.2	0.203125	0.296875	0.3125	0.9	0.8695652173913043	0.9661835738056898	0.8076923076923077	0.8181818181818182	1.0129870117328386	0.6028608020164791	0.0	0.702085808476681	0.4961389371355688	0.42326001358264004	0.21272299084219282	16.0	0.40625	3.25	0.06545322793130448
intermediate	2	30538	64	128	2.0	8	0.2	0.203125	0.296875	0.328125	0.9047619047619048	0.8936170212765957	0.9876819697930099	0.8	0.8181818181818182	1.0227272714488638	0.6089529470457812	0.0	0.7099294218801384	0.4961389371355688	0.43231361364841797	0.2193623350738502	16.0	0.40625	3.25	0.06749610307887818
intermediate	3	40538	64	128	2.0	8	0.2	0.203125	0.28125	0.3125	0.896551724137931	0.8695652173913043	0.9698996644700283	0.8	0.8181818181818182	1.0227272714488638	0.5878685477099612	0.0	0.7012711187309064	0.4961389371355688	0.4122552341192777	0.20918441600677196	16.0	0.40625	3.25	0.06436443567458693
excessively_sparse	1	20484	64	128	2.0	16	0.01	0.0078125	0.296875	0.015625	0.9	1.0	1.1111111098765432	0.8095238095238095	1.0	1.2352941161211073	0.12452109451092644	0.014277389277389278	0.056980429323977226	0.3952847328192679	0.006993963558623234	0.0034151027810154443	32.0	0.015625	0.25	0.013660411069420132
excessively_sparse	2	30484	64	128	2.0	16	0.01	0.0078125	0.3125	0.015625	0.896551724137931	1.0	1.1153846141405326	0.8	1.0	1.2499999984374999	0.09478298958222274	0.011363636363636364	0.05777377911499786	0.3952847328192679	0.0054137445550735885	0.002674963209161333	32.0	0.015625	0.25	0.01069985279384592
excessively_sparse	3	40484	64	128	2.0	16	0.01	0.0078125	0.296875	0.015625	0.9016129032258065	1.0	1.1091234334746753	0.8095238095238095	1.0	1.2352941161211073	0.1378167484580562	0.020007770007770008	0.05466851884866417	0.3952847328192679	0.007383494219442037	0.00360530783883461	32.0	0.015625	0.25	0.014421231297653514
intermediate	1	20504	64	128	2.0	16	0.03	0.03125	0.296875	0.0625	0.9047619047619048	1.0	1.1052631566731301	0.8148148148148148	1.0	1.227272725766529	0.2737724862203722	0.0	0.1882577226444064	0.7905694276912053	0.05153978477854441	0.05000618222062638	32.0	0.0625	1.0	0.050006182170620195
intermediate	2	30504	64	128	2.0	16	0.03	0.03125	0.28125	0.0625	0.9090909090909091	1.0	1.09999999879	0.8125	1.0	1.2307692292544379	0.2693097587315798	9.712509712509713e-05	0.18842949287187563	0.7905694276912053	0.050740972562649866	0.04937139887997275	32.0	0.0625	1.0	0.04937139883060135
intermediate	3	40504	64	128	2.0	16	0.03	0.03125	0.28125	0.0625	0.9047619047619048	1.0	1.1052631566731301	0.8	1.0	1.2499999984374999	0.32377769809928547	9.712509712509713e-05	0.18775565969702043	0.7905694276912053	0.060785190960778536	0.06006864196236833	32.0	0.0625	1.0	0.060068641902299685
intermediate	1	20524	64	128	2.0	16	0.05	0.046875	0.28125	0.09375	0.9130434782608695	1.0	1.0952380940385489	0.8181818181818182	1.0	1.222222220728395	0.36362019033565773	0.0	0.2612750389268239	0.9682458468798097	0.09500487938452809	0.11242987529272486	32.0	0.09375	1.5	0.07495325014518106
intermediate	2	30524	64	128	2.0	16	0.05	0.046875	0.296875	0.09375	0.9	1.0	1.1111111098765432	0.8	0.9090909090909091	1.1363636349431818	0.356977615321263	0.0	0.2587520039983718	0.9682458468798097	0.09236867334693666	0.10163134572519854	32.0	0.09375	1.5	0.0677542304382962
intermediate	3	40524	64	128	2.0	16	0.05	0.046875	0.296875	0.09375	0.9	1.0	1.1111111098765432	0.8	0.9090909090909091	1.1363636349431818	0.3597689070015358	0.0	0.2598840864227398	0.9682458468798097	0.09349821371940177	0.10287415569469323	32.0	0.09375	1.5	0.06858277041740697
intermediate	1	20574	64	128	2.0	16	0.1	0.1015625	0.296875	0.1875	0.9	0.96	1.0666666654814814	0.8	0.9166666666666666	1.1458333319010416	0.48806906189014626	0.0	0.459362931218517	0.7016464119913641	0.22420083490692938	0.18025071072854779	32.0	0.203125	3.25	0.05546175713018032
intermediate	2	30574	64	128	2.0	16	0.1	0.1015625	0.28125	0.1875	0.9130434782608695	0.96	1.0514285702770068	0.8181818181818182	0.9166666666666666	1.1203703690010287	0.4697619084798614	0.0	0.4633656887989641	0.7016464119913641	0.21767155029428692	0.1711124436153689	32.0	0.203125	3.25	0.05264998263468274
intermediate	3	40574	64	128	2.0	16	0.1	0.1015625	0.296875	0.1875	0.8947368421052632	0.96	1.0729411752714186	0.8	0.9166666666666666	1.1458333319010416	0.4790526335170651	0.0	0.45610769784956046	0.7016464119913641	0.21849959382223774	0.17566708481128895	32.0	0.203125	3.25	0.054051410694534625
intermediate	1	20674	64	128	2.0	16	0.2	0.203125	0.296875	0.3125	0.9	0.8695652173913043	0.9661835738056898	0.8	0.8181818181818182	1.0227272714488638	0.5806430460921334	0.0	0.7023733658023023	0.4961389371355688	0.40782821061343305	0.20693807866505992	32.0	0.40625	6.5	0.03183662748203435
intermediate	2	30674	64	128	2.0	16	0.2	0.203125	0.28125	0.328125	0.9047619047619048	0.8936170212765957	0.9876819697930099	0.8095238095238095	0.8181818181818182	1.0106951859172697	0.5728773506335655	0.0	0.7080292353032003	0.4961389371355688	0.4056139124916067	0.20339316379397016	32.0	0.40625	6.5	0.03129125596348906
intermediate	3	40674	64	128	2.0	16	0.2	0.203125	0.296875	0.328125	0.9	0.8936170212765957	0.9929078003152088	0.8	0.8181818181818182	1.0227272714488638	0.5729904561216297	0.0	0.70645403575057	0.4961389371355688	0.4047914201736852	0.2053971661863361	32.0	0.40625	6.5	0.03159956402380562
excessively_sparse	1	20756	64	128	2.0	32	0.01	0.0078125	0.296875	0.015625	0.9	1.0	1.1111111098765432	0.8095238095238095	1.0	1.2352941161211073	0.09825178232443739	0.013014763014763014	0.05728846985730824	0.3952847328192679	0.005555438148112171	0.002712681029912585	64.0	0.015625	0.5	0.0054253620489744464
excessively_sparse	2	30756	64	128	2.0	32	0.01	0.0078125	0.296875	0.015625	0.9	1.0	1.1111111098765432	0.8076923076923077	1.0	1.2380952365623583	0.06841647914025877	0.009518259518259518	0.059095266949814415	0.3952847328192679	0.004004606917746202	0.001959855205369464	64.0	0.015625	0.5	0.003919710402899507
excessively_sparse	3	40756	64	128	2.0	32	0.01	0.0078125	0.296875	0.015625	0.9047619047619048	1.0	1.1052631566731301	0.8095238095238095	1.0	1.2352941161211073	0.1273983210165174	0.012432012432012432	0.05779412439224106	0.3952847328192679	0.0072713390659635575	0.0035505432731717944	64.0	0.015625	0.5	0.007101086532141416
intermediate	1	20776	64	128	2.0	32	0.03	0.03125	0.296875	0.0625	0.9	1.0	1.1111111098765432	0.8	1.0	1.2499999984374999	0.2524182687902812	0.0	0.1901920932915922	0.7905694276912053	0.048007958926263354	0.0474420307068961	64.0	0.0625	2.0	0.02372101534158754
intermediate	2	30776	64	128	2.0	32	0.03	0.03125	0.296875	0.0625	0.9	1.0	1.1111111098765432	0.8095238095238095	1.0	1.2352941161211073	0.24350149781481678	0.0	0.18838235006089193	0.7905694276912053	0.045871384401702325	0.044797340908838516	64.0	0.0625	2.0	0.02239867044321992
intermediate	3	40776	64	128	2.0	32	0.03	0.03125	0.28125	0.0625	0.9	1.0	1.1111111098765432	0.8	1.0	1.2499999984374999	0.2796351698451005	0.0	0.187626244155776	0.7905694276912053	0.05246689665189872	0.05184840550872097	64.0	0.0625	2.0	0.02592420274139838
intermediate	1	20796	64	128	2.0	32	0.05	0.046875	0.296875	0.09375	0.9047619047619048	1.0	1.1052631566731301	0.8148148148148148	1.0	1.227272725766529	0.31599531804924635	0.0	0.2638992205925278	0.9682458468798097	0.08339091814408404	0.09909357143900316	64.0	0.09375	3.0	0.03303119046865732
intermediate	2	30796	64	128	2.0	32	0.05	0.046875	0.28125	0.09375	0.9047619047619048	1.0	1.1052631566731301	0.8076923076923077	1.0	1.2380952365623583	0.3137546822800903	0.0	0.2589412280333806	0.9682458468798097	0.08124402273082974	0.0973937559468603	64.0	0.09375	3.0	0.03246458530479857
intermediate	3	40796	64	128	2.0	32	0.05	0.046875	0.296875	0.09375	0.9047619047619048	1.0	1.1052631566731301	0.8076923076923077	1.0	1.2380952365623583	0.31569993823073245	0.0	0.26116329970885765	0.9682458468798097	0.08244923758622062	0.09883854409919444	64.0	0.09375	3.0	0.03294618135541608
intermediate	1	20846	64	128	2.0	32	0.1	0.1015625	0.328125	0.1875	0.8823529411764706	0.96	1.0879999987669333	0.782608695652174	0.9166666666666666	1.17129629479964	0.4527423954332358	0.0	0.4579278088699601	0.7016464119913641	0.2073233331232787	0.17038574617318222	64.0	0.203125	6.5	0.026213191714918312
intermediate	2	30846	64	128	2.0	32	0.1	0.1015625	0.296875	0.1875	0.9	0.96	1.0666666654814814	0.8095238095238095	0.9166666666666666	1.1323529397776817	0.462778615699784	0.0	0.45969387571593245	0.7016464119913641	0.21273649544948778	0.16902156600216117	64.0	0.203125	6.5	0.026003317842485822
intermediate	3	40846	64	128	2.0	32	0.1	0.1015625	0.296875	0.1875	0.8947368421052632	0.96	1.0729411752714186	0.8	0.9166666666666666	1.1458333319010416	0.43581368608384496	0.0	0.4552120487945054	0.7016464119913641	0.19838764093491248	0.1594976811443296	64.0	0.203125	6.5	0.02453810478766023
intermediate	1	20946	64	128	2.0	32	0.2	0.203125	0.28125	0.328125	0.9047619047619048	0.8936170212765957	0.9876819697930099	0.8095238095238095	0.8181818181818182	1.0106951859172697	0.5633796116654604	0.0	0.7058320808970489	0.4961389371355688	0.3976514036368032	0.19940040166762296	64.0	0.40625	13.0	0.015338492434791113
intermediate	2	30946	64	128	2.0	32	0.2	0.203125	0.296875	0.328125	0.9	0.8936170212765957	0.9929078003152088	0.8	0.8181818181818182	1.0227272714488638	0.5724747267553862	0.0	0.7098614441419742	0.4961389371355688	0.4063777362693605	0.2062020864847646	64.0	0.40625	13.0	0.015861698959146377
intermediate	3	40946	64	128	2.0	32	0.2	0.203125	0.296875	0.328125	0.9047619047619048	0.8936170212765957	0.9876819697930099	0.8095238095238095	0.8181818181818182	1.0106951859172697	0.594827042422495	0.0	0.7111493228797974	0.4961389371355688	0.4230108484493498	0.21211677443895674	64.0	0.40625	13.0	0.016316674955587696
excessively_sparse	1	20448	64	256	4.0	2	0.01	0.01171875	0.296875	0.0234375	0.9	1.0	1.1111111098765432	0.8095238095238095	1.0	1.2352941161211073	0.28434412373654977	0.00019425019425019425	0.08087142525601745	0.48412293893183783	0.022990847705430032	0.013749313627334898	8.0	0.046875	0.09375	0.14665934379387258
excessively_sparse	2	30448	64	256	4.0	2	0.01	0.01171875	0.3125	0.0234375	0.8947368421052632	1.0	1.1176470575743944	0.7916666666666666	1.0	1.2631578931412744	0.2752111375666113	9.712509712509713e-05	0.0812118159307457	0.48412293893183783	0.022348225461744576	0.013666469781201654	8.0	0.046875	0.09375	0.14577567611121042
excessively_sparse	3	40448	64	256	4.0	2	0.01	0.01171875	0.3125	0.0234375	0.8947368421052632	1.0	1.1176470575743944	0.8	1.0	1.2499999984374999	0.24626480345979188	0.0	0.0819938196757724	0.48412293893183783	0.02019219188737171	0.012219379084713282	8.0	0.046875	0.09375	0.13034004217998124
granule_like_sparse_expansion	1	20468	64	256	4.0	2	0.03	0.03125	0.296875	0.0625	0.9047619047619048	1.0	1.1052631566731301	0.8095238095238095	0.9333333333333333	1.1529411750463667	0.4507984519120979	0.0	0.18592047904297762	0.7905694276912053	0.08381266413132996	0.07639357086712456	8.0	0.125	0.25	0.3055742822462011
granule_like_sparse_expansion	2	30468	64	256	4.0	2	0.03	0.03125	0.296875	0.0625	0.9	1.0	1.1111111098765432	0.8	0.9333333333333333	1.1666666652083333	0.4368313612336215	0.0	0.1865131404835862	0.7905694276912053	0.08147478904540263	0.07514672347743317	8.0	0.125	0.25	0.3005868927073851
granule_like_sparse_expansion	3	40468	64	256	4.0	2	0.03	0.03125	0.28125	0.0625	0.9090909090909091	1.0	1.09999999879	0.8181818181818182	0.9333333333333333	1.140740739346502	0.43630310148531853	0.0	0.1886890201613468	0.7905694276912053	0.08232560471262142	0.07424409142856378	8.0	0.125	0.25	0.2969763645263496
granule_like_sparse_expansion	1	20488	64	256	4.0	2	0.05	0.05078125	0.28125	0.09375	0.9047619047619048	0.96	1.061052630406205	0.8	0.96	1.1999999984999998	0.49259830045060143	0.0	0.2722792752858256	0.9922778669435472	0.13412430825371913	0.15970629879950218	8.0	0.203125	0.40625	0.39312319607724056
granule_like_sparse_expansion	2	30488	64	256	4.0	2	0.05	0.05078125	0.296875	0.1015625	0.9047619047619048	1.0	1.1052631566731301	0.8095238095238095	0.96	1.1858823514762629	0.49512753329395665	0.0	0.27506112613995093	0.9922778669435472	0.13619033689073176	0.16025854832458	8.0	0.203125	0.40625	0.3944825795202398
granule_like_sparse_expansion	3	40488	64	256	4.0	2	0.05	0.05078125	0.28125	0.09375	0.9047619047619048	0.96	1.061052630406205	0.8125	0.96	1.1815384600842604	0.4749351603794913	0.0	0.270906079046999	0.9922778669435472	0.1286628220999656	0.15084615346549315	8.0	0.203125	0.40625	0.37131360761644194
granule_like_sparse_expansion	1	20538	64	256	4.0	2	0.1	0.1015625	0.296875	0.1796875	0.9	0.9387755102040817	1.0430838990677753	0.8076923076923077	0.8936170212765957	1.1063829773535967	0.5878714258855674	0.0	0.43725015474749923	0.7016464119913641	0.25704687194009734	0.1995428253133596	8.0	0.40625	0.8125	0.24559116931417654
granule_like_sparse_expansion	2	30538	64	256	4.0	2	0.1	0.1015625	0.296875	0.1796875	0.9047619047619048	0.9387755102040817	1.0375939838155916	0.8	0.8936170212765957	1.117021275199468	0.6007819810503122	0.0	0.44292731110801775	0.7016464119913641	0.2661027474287629	0.2085590846884048	8.0	0.40625	0.8125	0.25668810391595903
granule_like_sparse_expansion	3	40538	64	256	4.0	2	0.1	0.1015625	0.28125	0.1796875	0.896551724137931	0.9387755102040817	1.0470957602135613	0.8	0.8936170212765957	1.117021275199468	0.5702720180978517	0.0	0.4401197827431661	0.7016464119913641	0.2509879967097334	0.19671283880889504	8.0	0.40625	0.8125	0.2421081090052762
intermediate	1	20638	64	256	4.0	2	0.2	0.19921875	0.296875	0.3046875	0.9047619047619048	0.8666666666666667	0.9578947357833796	0.8125	0.8	0.9846153834035504	0.7767584335084308	0.0	0.6661534900075967	0.5009794316107594	0.5174403413744749	0.25523886059836376	8.0	0.796875	1.59375	0.1601498732161342
intermediate	2	30638	64	256	4.0	2	0.2	0.19921875	0.3125	0.296875	0.8846153846153846	0.8539325842696629	0.9653150941701324	0.7894736842105263	0.7857142857142857	0.9952380939774603	0.7227292547652279	0.0	0.6478968063204427	0.5009794316107594	0.46825397599674473	0.2334685361117228	8.0	0.796875	1.59375	0.1464900617821068
intermediate	3	40638	64	256	4.0	2	0.2	0.19921875	0.296875	0.3125	0.9090909090909091	0.8791208791208791	0.9670329659692308	0.8125	0.8	0.9846153834035504	0.7837485976992224	0.0	0.6764777911729025	0.5009794316107594	0.5301885202064298	0.2615271809700016	8.0	0.796875	1.59375	0.16409548599586266
excessively_sparse	1	20482	64	256	4.0	4	0.01	0.01171875	0.3125	0.0234375	0.8947368421052632	1.0	1.1176470575743944	0.7931034482758621	1.0	1.2608695636275993	0.2695740673964599	9.712509712509713e-05	0.08263574561396872	0.48412293893183783	0.022274290454732778	0.013596580581527436	16.0	0.046875	0.1875	0.07251509604806582
excessively_sparse	2	30482	64	256	4.0	4	0.01	0.01171875	0.265625	0.0234375	0.9090909090909091	1.0	1.09999999879	0.8125	1.0	1.2307692292544379	0.2395177987023883	9.712509712509713e-05	0.082851897318414	0.48412293893183783	0.01984257666463821	0.011823072638820778	16.0	0.046875	0.1875	0.06305638707074342
excessively_sparse	3	40482	64	256	4.0	4	0.01	0.01171875	0.3125	0.0234375	0.9	1.0	1.1111111098765432	0.8095238095238095	1.0	1.2352941161211073	0.24622154199943438	9.712509712509713e-05	0.08317557116430851	0.48412293893183783	0.020477628303931766	0.01224632242804383	16.0	0.046875	0.1875	0.06531371926789392
granule_like_sparse_expansion	1	20502	64	256	4.0	4	0.03	0.03125	0.296875	0.0625	0.9	1.0	1.1111111098765432	0.8	0.9333333333333333	1.1666666652083333	0.41655763661279316	0.0	0.18806534218931714	0.7905694276912053	0.07834005447115817	0.07225546060966893	16.0	0.125	0.5	0.14451092093031603
granule_like_sparse_expansion	2	30502	64	256	4.0	4	0.03	0.03125	0.28125	0.0625	0.9	1.0	1.1111111098765432	0.8	0.9333333333333333	1.1666666652083333	0.4534954323631087	0.0	0.18591889167299977	0.7905694276912053	0.084313368163717	0.07776483298801953	16.0	0.125	0.5	0.15552966566497975
granule_like_sparse_expansion	3	40502	64	256	4.0	4	0.03	0.03125	0.296875	0.0625	0.9047619047619048	1.0	1.1052631566731301	0.8076923076923077	1.0	1.2380952365623583	0.4162546284852182	0.0	0.18934813718197835	0.7905694276912053	0.07881703849705253	0.0771461364016378	16.0	0.125	0.5	0.15429227249469105
granule_like_sparse_expansion	1	20522	64	256	4.0	4	0.05	0.05078125	0.296875	0.09375	0.9	0.96	1.0666666654814814	0.8	0.9166666666666666	1.1458333319010416	0.5488470132653315	0.0	0.273483292191547	0.9922778669435472	0.1501004880973005	0.17066201163251843	16.0	0.203125	0.8125	0.21004555251996662
granule_like_sparse_expansion	2	30522	64	256	4.0	4	0.05	0.05078125	0.296875	0.1015625	0.9	1.0	1.1111111098765432	0.8	0.96	1.1999999984999998	0.5064885494432875	0.0	0.2768758768798072	0.9922778669435472	0.1402344612566918	0.16698186229659384	16.0	0.203125	0.8125	0.2055161379582495
granule_like_sparse_expansion	3	40522	64	256	4.0	4	0.05	0.05078125	0.296875	0.1015625	0.9	1.0	1.1111111098765432	0.8095238095238095	0.96	1.1858823514762629	0.5232462363849564	0.0	0.27498739510776715	0.9922778669435472	0.14388611954344213	0.16931436670569142	16.0	0.203125	0.8125	0.2083869126120671
granule_like_sparse_expansion	1	20572	64	256	4.0	4	0.1	0.1015625	0.296875	0.1875	0.9090909090909091	0.96	1.0559999988384001	0.8181818181818182	0.9166666666666666	1.1203703690010287	0.6076408731465598	0.0	0.4597369001671626	0.7016464119913641	0.27935493143526746	0.2196019869811487	16.0	0.40625	1.625	0.1351396842129286
granule_like_sparse_expansion	2	30572	64	256	4.0	4	0.1	0.1015625	0.296875	0.1796875	0.9047619047619048	0.9387755102040817	1.0375939838155916	0.8125	0.8936170212765957	1.0998363325252423	0.6534860215246129	0.0	0.4527827614866426	0.7016464119913641	0.2958872054188338	0.22833503693071983	16.0	0.40625	1.625	0.1405138687939729
granule_like_sparse_expansion	3	40572	64	256	4.0	4	0.1	0.1015625	0.296875	0.1796875	0.9	0.9387755102040817	1.0430838990677753	0.7916666666666666	0.8936170212765957	1.1287793938709259	0.6582634459236476	0.0	0.4514690332967032	0.7016464119913641	0.29718556158570586	0.2353721569771638	16.0	0.40625	1.625	0.14484440420450423
intermediate	1	20672	64	256	4.0	4	0.2	0.19921875	0.28125	0.3125	0.9	0.8791208791208791	0.9768009757156424	0.8	0.8275862068965517	1.034482757327586	0.6747886022722807	0.0	0.6873630787220357	0.5009794316107594	0.4638247711444141	0.24037931371495944	16.0	0.796875	3.1875	0.07541311800456355
intermediate	2	30672	64	256	4.0	4	0.2	0.19921875	0.28125	0.3125	0.9047619047619048	0.8791208791208791	0.9716599179544002	0.8125	0.813953488372093	1.001788907532682	0.6967670333228102	0.0	0.6884976923581163	0.5009794316107594	0.47972249455396554	0.24076103277241417	16.0	0.796875	3.1875	0.07553287300294315
intermediate	3	40672	64	256	4.0	4	0.2	0.19921875	0.28125	0.3125	0.9047619047619048	0.8791208791208791	0.9716599179544002	0.8	0.8275862068965517	1.034482757327586	0.6798136005442188	0.0	0.6918562622078339	0.5009794316107594	0.4703332966705727	0.24375238690252143	16.0	0.796875	3.1875	0.07647133704346669
excessively_sparse	1	20550	64	256	4.0	8	0.01	0.01171875	0.296875	0.0234375	0.9	1.0	1.1111111098765432	0.8	1.0	1.2499999984374999	0.24123778495031653	0.0	0.08305548033962921	0.48412293893183783	0.020036120105116715	0.012124931672444317	32.0	0.046875	0.375	0.032333151040296444
excessively_sparse	2	30550	64	256	4.0	8	0.01	0.01171875	0.3125	0.0234375	0.8888888888888888	1.0	1.124999998734375	0.7916666666666666	1.0	1.2631578931412744	0.25963631736853693	0.0	0.08278619121934266	0.48412293893183783	0.021494301817157637	0.013144275224672871	32.0	0.046875	0.375	0.03505140050565725
excessively_sparse	3	40550	64	256	4.0	8	0.01	0.01171875	0.28125	0.0234375	0.9090909090909091	1.0	1.09999999879	0.8125	1.0	1.2307692292544379	0.20434622643981332	0.0	0.08421589793516862	0.48412293893183783	0.017209200949292174	0.010253992529213425	32.0	0.046875	0.375	0.027343980004985183
granule_like_sparse_expansion	1	20570	64	256	4.0	8	0.03	0.03125	0.3125	0.0625	0.8928571428571429	1.0	1.1199999987456	0.7916666666666666	1.0	1.2631578931412744	0.38352153555296337	0.0	0.18908237857647403	0.7905694276912053	0.07251716417765607	0.07241665630648683	32.0	0.125	1.0	0.07241665623407018
granule_like_sparse_expansion	2	30570	64	256	4.0	8	0.03	0.03125	0.28125	0.0625	0.9090909090909091	1.0	1.09999999879	0.8181818181818182	1.0	1.222222220728395	0.41628157042652086	0.0	0.19127958158993574	0.7905694276912053	0.07962616461478628	0.0769389027144447	32.0	0.125	1.0	0.07693890263750579
granule_like_sparse_expansion	3	40570	64	256	4.0	8	0.03	0.03125	0.28125	0.0625	0.9	1.0	1.1111111098765432	0.8	1.0	1.2499999984374999	0.38604910237971835	0.0	0.1901354310312969	0.7905694276912053	0.07340161248021301	0.07253633837194662	32.0	0.125	1.0	0.07253633829941028
granule_like_sparse_expansion	1	20590	64	256	4.0	8	0.05	0.05078125	0.28125	0.09375	0.9047619047619048	0.96	1.061052630406205	0.8125	0.96	1.1815384600842604	0.47891492368965416	0.0	0.2754561938087411	0.9922778669435472	0.13192008203775582	0.1546650121259316	32.0	0.203125	1.625	0.09517846894200191
granule_like_sparse_expansion	2	30590	64	256	4.0	8	0.05	0.05078125	0.296875	0.1015625	0.8947368421052632	1.0	1.1176470575743944	0.8	0.96	1.1999999984999998	0.5026910415992029	0.0	0.2762134931566518	0.9922778669435472	0.1388500485786716	0.16533339582771583	32.0	0.203125	1.625	0.10174362813905981
granule_like_sparse_expansion	3	40590	64	256	4.0	8	0.05	0.05078125	0.28125	0.1015625	0.9	1.0	1.1111111098765432	0.8	0.96	1.1999999984999998	0.49811818095302707	0.0	0.2737366777419008	0.9922778669435472	0.1363532159769206	0.16236033375761547	32.0	0.203125	1.625	0.09991405148166241
granule_like_sparse_expansion	1	20640	64	256	4.0	8	0.1	0.1015625	0.296875	0.1875	0.9047619047619048	0.96	1.061052630406205	0.8181818181818182	0.9166666666666666	1.1203703690010287	0.6434708389587827	0.0	0.46038579056323525	0.7016464119913641	0.2962448308984274	0.2328792019669927	32.0	0.40625	3.25	0.07165513904471925
granule_like_sparse_expansion	2	30640	64	256	4.0	8	0.1	0.1015625	0.296875	0.1796875	0.9	0.9387755102040817	1.0430838990677753	0.8	0.8936170212765957	1.117021275199468	0.6341739932010811	0.0	0.4559248919315396	0.7016464119913641	0.28913570931599586	0.22661126000519743	32.0	0.40625	3.25	0.06972654151860642
granule_like_sparse_expansion	3	40640	64	256	4.0	8	0.1	0.1015625	0.28125	0.1796875	0.9090909090909091	0.9387755102040817	1.0326530600885715	0.8125	0.8936170212765957	1.0998363325252423	0.6501980925729514	0.0	0.45670138387060705	0.7016464119913641	0.29694636866809593	0.22915238920282496	32.0	0.40625	3.25	0.07050842742532816
intermediate	1	20740	64	256	4.0	8	0.2	0.19921875	0.265625	0.3125	0.9130434782608695	0.8791208791208791	0.9628466760778451	0.8125	0.8275862068965517	1.0185676380036728	0.7268568067311642	0.0	0.6948903300040352	0.5009794316107594	0.5050857662950979	0.25773589030207034	32.0	0.796875	6.375	0.04042915925672803
intermediate	2	30740	64	256	4.0	8	0.2	0.19921875	0.265625	0.3125	0.9130434782608695	0.8791208791208791	0.9628466760778451	0.8095238095238095	0.8275862068965517	1.0223123719622957	0.7231318391374805	0.0	0.6962219294233787	0.5009794316107594	0.5034602442717729	0.25785092547255134	32.0	0.796875	6.375	0.040447203989349666
intermediate	3	40740	64	256	4.0	8	0.2	0.19921875	0.28125	0.3125	0.9090909090909091	0.8791208791208791	0.9670329659692308	0.8181818181818182	0.8275862068965517	1.0114942516372925	0.6725444410846705	0.0	0.6989948620895484	0.5009794316107594	0.4701051088450717	0.238220035800033	32.0	0.796875	6.375	0.03736784874708473
excessively_sparse	1	20686	64	256	4.0	16	0.01	0.01171875	0.296875	0.0234375	0.9047619047619048	1.0	1.1052631566731301	0.8095238095238095	1.0	1.2352941161211073	0.24464414244039537	9.712509712509713e-05	0.08199515686371572	0.48412293893183783	0.020057686541207768	0.011995182884392101	64.0	0.046875	0.75	0.0159935771578647
excessively_sparse	2	30686	64	256	4.0	16	0.01	0.01171875	0.296875	0.0234375	0.9047619047619048	1.0	1.1052631566731301	0.8076923076923077	1.0	1.2380952365623583	0.2466973282119247	0.00019425019425019425	0.08312048210056944	0.48412293893183783	0.020501617636948504	0.012288470840245896	64.0	0.046875	0.75	0.01638462776514836
excessively_sparse	3	40686	64	256	4.0	16	0.01	0.01171875	0.296875	0.0234375	0.8888888888888888	1.0	1.124999998734375	0.7916666666666666	1.0	1.2631578931412744	0.22680473440882687	0.0002913752913752914	0.08308068747814945	0.48412293893183783	0.01883760284619598	0.011519640809446119	64.0	0.046875	0.75	0.015359521058782131
intermediate	1	20706	64	256	4.0	16	0.03	0.03125	0.296875	0.0625	0.9090909090909091	1.0	1.09999999879	0.8125	1.0	1.2307692292544379	0.3760784904901862	0.0	0.19124439227674656	0.7905694276912053	0.07192290236215187	0.06998159715489877	64.0	0.125	2.0	0.03499079855995398
intermediate	2	30706	64	256	4.0	16	0.03	0.03125	0.28125	0.0625	0.9047619047619048	1.0	1.1052631566731301	0.8	1.0	1.2499999984374999	0.3978890321228124	0.0	0.18795577309578076	0.7905694276912053	0.07478554063897515	0.073903952485785	64.0	0.125	2.0	0.03695197622441651
intermediate	3	40706	64	256	4.0	16	0.03	0.03125	0.3125	0.0625	0.9	1.0	1.1111111098765432	0.7916666666666666	0.9333333333333333	1.178947366931856	0.4082055270674848	0.0	0.1879529083672316	0.7905694276912053	0.07672341602391246	0.07150927311822342	64.0	0.125	2.0	0.03575463654123439
intermediate	1	20726	64	256	4.0	16	0.05	0.05078125	0.28125	0.09375	0.8947368421052632	0.96	1.0729411752714186	0.7894736842105263	0.96	1.2159999984597334	0.4820741964321788	0.0	0.27238713606651066	0.9922778669435472	0.1313108097377257	0.15844092099421556	64.0	0.203125	3.25	0.04875105259860446
intermediate	2	30726	64	256	4.0	16	0.05	0.05078125	0.296875	0.1015625	0.9047619047619048	1.0	1.1052631566731301	0.8	0.96	1.1999999984999998	0.4660795947554853	0.0	0.27760703197256675	0.9922778669435472	0.12938697296304696	0.15406539525788382	64.0	0.203125	3.25	0.047404736987839716
intermediate	3	40726	64	256	4.0	16	0.05	0.05078125	0.296875	0.09375	0.8947368421052632	0.96	1.0729411752714186	0.8	0.96	1.1999999984999998	0.4476339519938336	0.0	0.27418800891243833	0.9922778669435472	0.12273586201879524	0.14614569505110309	64.0	0.203125	3.25	0.0449679061557339
dense_expansion	1	20776	64	256	4.0	16	0.1	0.1015625	0.296875	0.1796875	0.9	0.9387755102040817	1.0430838990677753	0.8	0.8936170212765957	1.117021275199468	0.592768560714	0.0	0.4570811539037122	0.7016464119913641	0.27094333772899776	0.212352916552688	64.0	0.40625	6.5	0.032669679464618205
dense_expansion	2	30776	64	256	4.0	16	0.1	0.1015625	0.296875	0.1796875	0.9	0.9387755102040817	1.0430838990677753	0.8095238095238095	0.9166666666666666	1.1323529397776817	0.5586574649546543	0.0	0.4552063899222234	0.7016464119913641	0.2543044478251092	0.2020477770957768	64.0	0.40625	6.5	0.03108427339456808
dense_expansion	3	40776	64	256	4.0	16	0.1	0.1015625	0.28125	0.1796875	0.9	0.9387755102040817	1.0430838990677753	0.8	0.8936170212765957	1.117021275199468	0.6075633055902786	0.0	0.4535798254274497	0.7016464119913641	0.2755784580857628	0.21598571053308954	64.0	0.40625	6.5	0.033228570846132455
dense_expansion	1	20876	64	256	4.0	16	0.2	0.19921875	0.28125	0.3203125	0.9047619047619048	0.8913043478260869	0.9851258570347464	0.8095238095238095	0.8275862068965517	1.0223123719622957	0.6908490643588122	0.0	0.7022827133349132	0.5009794316107594	0.4851713554227927	0.24848413441162986	64.0	0.796875	12.75	0.01948895171703066
dense_expansion	2	30876	64	256	4.0	16	0.2	0.19921875	0.296875	0.3203125	0.9	0.8913043478260869	0.990338163150832	0.8	0.8275862068965517	1.034482757327586	0.7288068078232067	0.0	0.7005107793955614	0.5009794316107594	0.5105370249770257	0.26458815338227	64.0	0.796875	12.75	0.02075201202835435
dense_expansion	3	40876	64	256	4.0	16	0.2	0.19921875	0.296875	0.3203125	0.9047619047619048	0.8913043478260869	0.9851258570347464	0.8	0.8275862068965517	1.034482757327586	0.6789405182028369	0.0	0.7007241384335188	0.5009794316107594	0.47575000966528963	0.24655962324103847	64.0	0.796875	12.75	0.019338009664447094
excessively_sparse	1	20958	64	256	4.0	32	0.01	0.01171875	0.296875	0.0234375	0.9	1.0	1.1111111098765432	0.8	1.0	1.2499999984374999	0.2270127205098241	9.712509712509713e-05	0.0820683250085454	0.48412293893183783	0.018628744233534007	0.011273252994593445	128.0	0.046875	1.5	0.007515501991385295
excessively_sparse	2	30958	64	256	4.0	32	0.01	0.01171875	0.296875	0.0234375	0.9	1.0	1.1111111098765432	0.8	1.0	1.2499999984374999	0.2142335899332705	0.0	0.08301279096208407	0.48412293893183783	0.017784128218187423	0.01076213051070924	128.0	0.046875	1.5	0.0071747536690229905
excessively_sparse	3	40958	64	256	4.0	32	0.01	0.01171875	0.28125	0.0234375	0.9	1.0	1.1111111098765432	0.8095238095238095	1.0	1.2352941161211073	0.20878273102856906	9.712509712509713e-05	0.08307934849206289	0.48412293893183783	0.01734384858364356	0.010372214923819532	128.0	0.046875	1.5	0.006914809944603148
intermediate	1	20978	64	256	4.0	32	0.03	0.03125	0.296875	0.0625	0.9047619047619048	1.0	1.1052631566731301	0.8	1.0	1.2499999984374999	0.3314584189095238	0.0	0.187886626355679	0.7905694276912053	0.062276604106097824	0.0615424740064588	128.0	0.125	4.0	0.015385618497768296
intermediate	2	30978	64	256	4.0	32	0.03	0.03125	0.296875	0.0625	0.9	1.0	1.1111111098765432	0.8095238095238095	1.0	1.2352941161211073	0.336138162057145	0.0	0.18927025896803687	0.7905694276912053	0.06362095698159577	0.06213132077926403	128.0	0.125	4.0	0.0155328301909328
intermediate	3	40978	64	256	4.0	32	0.03	0.03125	0.296875	0.0625	0.8947368421052632	1.0	1.1176470575743944	0.8	1.0	1.2499999984374999	0.33672012445660615	0.0	0.18808400774468073	0.7905694276912053	0.06333167049608616	0.06258510304529215	128.0	0.125	4.0	0.015646275757411468
intermediate	1	20998	64	256	4.0	32	0.05	0.05078125	0.28125	0.1015625	0.9047619047619048	1.0	1.1052631566731301	0.8181818181818182	0.96	1.1733333318992591	0.3993187214330864	0.0	0.2780639904671756	0.9922778669435472	0.11103615714993449	0.1292763660152009	128.0	0.203125	6.5	0.019888671691586497
intermediate	2	30998	64	256	4.0	32	0.05	0.05078125	0.28125	0.09375	0.9047619047619048	0.96	1.061052630406205	0.8	0.96	1.1999999984999998	0.4166299769946323	0.0	0.2751566854713352	0.9922778669435472	0.11463852353784165	0.13650392335619466	128.0	0.203125	6.5	0.021000603590029854
intermediate	3	40998	64	256	4.0	32	0.05	0.05078125	0.3125	0.1015625	0.8947368421052632	1.0	1.1176470575743944	0.8	0.96	1.1999999984999998	0.39957899749147885	0.0	0.27834943816684776	0.9922778669435472	0.1112225894550254	0.13243645641889898	128.0	0.203125	6.5	0.02037483944592679
dense_expansion	1	21048	64	256	4.0	32	0.1	0.1015625	0.28125	0.1796875	0.9047619047619048	0.9387755102040817	1.0375939838155916	0.8125	0.9166666666666666	1.128205126816568	0.5782501310569398	0.0	0.45850847480257517	0.7016464119913641	0.2651325856453067	0.20987924093350732	128.0	0.40625	13.0	0.01614455699364329
dense_expansion	2	31048	64	256	4.0	32	0.1	0.1015625	0.28125	0.1796875	0.8947368421052632	0.9387755102040817	1.0492196867024928	0.8	0.8936170212765957	1.117021275199468	0.5721904834752025	0.0	0.4542999559134648	0.7016464119913641	0.2599461114168886	0.2037337967731047	128.0	0.40625	13.0	0.01567183051980253
dense_expansion	3	41048	64	256	4.0	32	0.1	0.1015625	0.265625	0.1796875	0.9166666666666666	0.9387755102040817	1.0241187372872325	0.8125	0.9166666666666666	1.128205126816568	0.5311386899275969	0.0	0.4581535364556868	0.7016464119913641	0.24334306913876902	0.19263063615122597	128.0	0.40625	13.0	0.01481774124126217
dense_expansion	1	21148	64	256	4.0	32	0.2	0.2969021267361111	0.28125	0.41796875	0.9090909090909091	0.8292682926829268	0.9121951209478049	0.8125	0.7703703703703704	0.9481481469811966	0.6227842997010157	0.0	0.8640548849981715	0.4103725918234092	0.5381198164568278	0.20937919859592097	128.0	1.1876085069444444	38.00347222222222	0.005509475485978851
dense_expansion	2	31148	64	256	4.0	32	0.2	0.19921875	0.28125	0.3125	0.9047619047619048	0.8791208791208791	0.9716599179544002	0.8095238095238095	0.8275862068965517	1.0223123719622957	0.6958830975925658	0.0	0.6987135493936829	0.5009794316107594	0.48622294908197233	0.249022715960671	128.0	0.796875	25.5	0.009765596703957075
dense_expansion	3	41148	64	256	4.0	32	0.2	0.2957356770833333	0.296875	0.4140625	0.9047619047619048	0.83125	0.9187499989845396	0.8095238095238095	0.7672684883973109	0.9478022492023342	0.6286619801614773	0.0	0.8591643573831911	0.41118109740154424	0.5401239661966801	0.21049623113517527	128.0	1.1829427083333333	37.854166666666664	0.005560714966550083
excessively_sparse	1	20852	64	512	8.0	2	0.01	0.009765625	0.296875	0.01953125	0.8947368421052632	1.0	1.1176470575743944	0.8	1.0	1.2499999984374999	0.3289699573766102	0.0	0.06891020964121136	0.4419417608690086	0.022669388728482575	0.012523186949958071	16.0	0.078125	0.15625	0.08014839596678192
excessively_sparse	2	30852	64	512	8.0	2	0.01	0.009765625	0.296875	0.01953125	0.8947368421052632	1.0	1.1176470575743944	0.8	1.0	1.2499999984374999	0.3147530540804267	0.0	0.06985274811814778	0.4419417608690086	0.02198636580609779	0.012145866509138938	16.0	0.078125	0.15625	0.07773354516099451
excessively_sparse	3	40852	64	512	8.0	2	0.01	0.009765625	0.28125	0.01953125	0.9090909090909091	1.0	1.09999999879	0.8125	1.0	1.2307692292544379	0.3305533923723252	0.0	0.07014921837432742	0.4419417608690086	0.023188062105900978	0.012612643674595896	16.0	0.078125	0.15625	0.08072091900079985
granule_like_sparse_expansion	1	20872	64	512	8.0	2	0.03	0.029296875	0.296875	0.05859375	0.9032258064516129	1.0	1.107142855917092	0.8095238095238095	0.9655172413793104	1.192697767289345	0.5228358872387544	0.0	0.17853453638246158	0.7654655576836884	0.09334426273228398	0.08522042395115167	16.0	0.234375	0.46875	0.18180357070794262
granule_like_sparse_expansion	2	30872	64	512	8.0	2	0.03	0.029296875	0.3125	0.05859375	0.9	1.0	1.1111111098765432	0.8	0.9655172413793104	1.2068965502155173	0.5446355890233502	0.0	0.17637616853533605	0.7654655576836884	0.09606073843992444	0.0887445355873393	16.0	0.234375	0.46875	0.18932167551577092
granule_like_sparse_expansion	3	40872	64	512	8.0	2	0.03	0.029296875	0.296875	0.05859375	0.9	1.0	1.1111111098765432	0.8095238095238095	0.9655172413793104	1.192697767289345	0.5232737560845662	0.0	0.17785629580455603	0.7654655576836884	0.0930675319489377	0.084967777307568	16.0	0.234375	0.46875	0.18126459120278057
granule_like_sparse_expansion	1	20892	64	512	8.0	2	0.05	0.05078125	0.28125	0.09765625	0.9047619047619048	0.9803921568627451	1.0835913300716962	0.8076923076923077	0.9387755102040817	1.1622934873850712	0.5679752454797757	0.0	0.270982649022336	0.9922778669435472	0.15391143659922119	0.1775088460000941	16.0	0.40625	0.8125	0.21847242557738053
granule_like_sparse_expansion	2	30892	64	512	8.0	2	0.05	0.05078125	0.28125	0.09765625	0.9090909090909091	0.9803921568627451	1.0784313713627451	0.8125	0.9387755102040817	1.1554160111368192	0.5998148064293586	0.0	0.27260734101058326	0.9922778669435472	0.16351391947948515	0.18746768426251748	16.0	0.40625	0.8125	0.23072945726989294
granule_like_sparse_expansion	3	40892	64	512	8.0	2	0.05	0.05078125	0.296875	0.09765625	0.9047619047619048	0.9803921568627451	1.0835913300716962	0.8125	0.9387755102040817	1.1554160111368192	0.601593585170045	0.0	0.2738646523271051	0.9922778669435472	0.16475521804481108	0.18889082529088252	16.0	0.40625	0.8125	0.23248101545649416
granule_like_sparse_expansion	1	20942	64	512	8.0	2	0.1	0.099609375	0.296875	0.17578125	0.9047619047619048	0.9375	1.0361842093810596	0.8095238095238095	0.8913043478260869	1.101023016542726	0.6422531416295663	0.0	0.43599689052227464	0.7084919048757248	0.28002037267865293	0.218434342436457	16.0	0.796875	1.59375	0.13705684222707462
granule_like_sparse_expansion	2	30942	64	512	8.0	2	0.1	0.099609375	0.3125	0.17578125	0.9	0.9375	1.0416666655092592	0.8076923076923077	0.8913043478260869	1.1035196673707977	0.5812513052449257	0.0	0.4363321520855961	0.7084919048757248	0.2536186329200802	0.19828786076960786	16.0	0.796875	1.59375	0.12441591256168906
granule_like_sparse_expansion	3	40942	64	512	8.0	2	0.1	0.099609375	0.296875	0.17578125	0.9	0.9375	1.0416666655092592	0.8076923076923077	0.8913043478260869	1.1035196673707977	0.6228870485192933	0.0	0.4329815093788296	0.7084919048757248	0.2696985744404079	0.21085971784751786	16.0	0.796875	1.59375	0.1323041366056243
intermediate	1	21042	64	512	8.0	2	0.2	0.19921875	0.296875	0.3046875	0.9	0.8666666666666667	0.9629629618930041	0.8076923076923077	0.7928994082840237	0.9816849804695623	0.8454880437420098	0.0	0.6678764227683018	0.5009794316107594	0.564681530147783	0.27771262595614377	16.0	1.59375	3.1875	0.08712552968439788
intermediate	2	31042	64	512	8.0	2	0.2	0.19921875	0.28125	0.3046875	0.9047619047619048	0.8666666666666667	0.9578947357833796	0.8	0.7928994082840237	0.9911242591161243	0.8530429693482586	0.0	0.6704993678968612	0.5009794316107594	0.5719647717368689	0.2839993084983982	16.0	1.59375	3.1875	0.08909782224605502
intermediate	3	41042	64	512	8.0	2	0.2	0.19921875	0.296875	0.3046875	0.9047619047619048	0.8666666666666667	0.9578947357833796	0.8	0.7928994082840237	0.9911242591161243	0.85768670957625	0.0	0.6666887332326135	0.5009794316107594	0.5718100659178386	0.2839224919743807	16.0	1.59375	3.1875	0.08907372294441003
excessively_sparse	1	20886	64	512	8.0	4	0.01	0.009765625	0.296875	0.01953125	0.9047619047619048	1.0	1.1052631566731301	0.8	1.0	1.2499999984374999	0.3137757354088309	0.0	0.07070515275678055	0.4419417608690086	0.022185561303452544	0.012255907520074057	32.0	0.078125	0.3125	0.039218903938736484
excessively_sparse	2	30886	64	512	8.0	4	0.01	0.009765625	0.296875	0.01953125	0.9047619047619048	1.0	1.1052631566731301	0.8076923076923077	1.0	1.2380952365623583	0.3071359609593633	0.0	0.0701020540785868	0.4419417608690086	0.02153086174465201	0.01178095525988671	32.0	0.078125	0.3125	0.03769905671100049
excessively_sparse	3	40886	64	512	8.0	4	0.01	0.009765625	0.28125	0.01953125	0.9047619047619048	1.0	1.1052631566731301	0.8	1.0	1.2499999984374999	0.3467009048699156	0.0	0.06962181982849178	0.4419417608690086	0.02413794793322833	0.013334459000051145	32.0	0.078125	0.3125	0.0426702686636188
granule_like_sparse_expansion	1	20906	64	512	8.0	4	0.03	0.029296875	0.296875	0.05859375	0.9	1.0	1.1111111098765432	0.8	0.9655172413793104	1.2068965502155173	0.5500813461621127	0.0	0.1778990436208481	0.7654655576836884	0.09785894539590853	0.09040578703918538	32.0	0.234375	0.9375	0.09643283940560271
granule_like_sparse_expansion	2	30906	64	512	8.0	4	0.03	0.029296875	0.296875	0.05859375	0.9047619047619048	1.0	1.1052631566731301	0.8	0.9655172413793104	1.2068965502155173	0.5165550779144997	0.0	0.1797618717215018	0.7654655576836884	0.09285690765315667	0.08578471579113882	32.0	0.234375	0.9375	0.09150369674627747
granule_like_sparse_expansion	3	40906	64	512	8.0	4	0.03	0.029296875	0.296875	0.05859375	0.9	1.0	1.1111111098765432	0.8	0.9655172413793104	1.2068965502155173	0.5093040403405604	0.0	0.17737049085970474	0.7654655576836884	0.09033550763203607	0.08345535129177893	32.0	0.234375	0.9375	0.08901904128294388
granule_like_sparse_expansion	1	20926	64	512	8.0	4	0.05	0.05078125	0.296875	0.09765625	0.9	0.9803921568627451	1.0893246175260227	0.8076923076923077	0.9387755102040817	1.1622934873850712	0.5894021478215522	0.0	0.2755868612528787	0.9922778669435472	0.1624314879338468	0.18733517543790668	32.0	0.40625	1.625	0.11528318481392215
granule_like_sparse_expansion	2	30926	64	512	8.0	4	0.05	0.05078125	0.3125	0.09765625	0.9	0.9803921568627451	1.0893246175260227	0.8	0.9387755102040817	1.1734693862882652	0.6092941695331416	0.0	0.27501971673155373	0.9922778669435472	0.1675679099111919	0.19511736449803785	32.0	0.40625	1.625	0.12007222423259423
granule_like_sparse_expansion	3	40926	64	512	8.0	4	0.05	0.05078125	0.296875	0.09765625	0.9	0.9803921568627451	1.0893246175260227	0.8	0.9387755102040817	1.1734693862882652	0.601397817830651	0.0	0.2772485199549073	0.9922778669435472	0.16673665489765896	0.19414944475999082	32.0	0.40625	1.625	0.11947658131723952
granule_like_sparse_expansion	1	20976	64	512	8.0	4	0.1	0.099609375	0.3125	0.1796875	0.8888888888888888	0.9484536082474226	1.067010308077964	0.7894736842105263	0.8913043478260869	1.1289855058163285	0.7666621449784866	0.0	0.44406424504265185	0.7084919048757248	0.34044724661265174	0.2723159534613367	32.0	0.796875	3.1875	0.085432455961068
granule_like_sparse_expansion	2	30976	64	512	8.0	4	0.1	0.099609375	0.28125	0.1796875	0.9090909090909091	0.9484536082474226	1.0432989679245361	0.8181818181818182	0.9032258064516129	1.1039426509804857	0.7377709672402178	0.0	0.4521622759242465	0.7084919048757248	0.3335921996581696	0.26091394548809405	32.0	0.796875	3.1875	0.08185535542156508
granule_like_sparse_expansion	3	40976	64	512	8.0	4	0.1	0.099609375	0.265625	0.1796875	0.92	0.9484536082474226	1.0309278339309726	0.8260869565217391	0.9032258064516129	1.0933786064862836	0.7559691961593005	0.0	0.4515762945081827	0.7084919048757248	0.3413777683639464	0.2644482512782065	32.0	0.796875	3.1875	0.08296415723772307
intermediate	1	21076	64	512	8.0	4	0.2	0.19921875	0.265625	0.3125	0.9166666666666666	0.8791208791208791	0.9590409579947325	0.8181818181818182	0.8275862068965517	1.0114942516372925	0.723949624131935	0.0	0.6888936104597451	0.5009794316107594	0.49872427035922406	0.25272244718036785	32.0	1.59375	6.375	0.03964273680638825
intermediate	2	31076	64	512	8.0	4	0.2	0.19921875	0.296875	0.3125	0.9	0.8791208791208791	0.9768009757156424	0.7916666666666666	0.8208092485549133	1.0368116810754968	0.7595451804400394	0.0	0.6858894925757544	0.5009794316107594	0.5209640584003784	0.27059984236306556	32.0	1.59375	6.375	0.04244703408950879
intermediate	3	41076	64	512	8.0	4	0.2	0.19921875	0.28125	0.3125	0.9	0.8791208791208791	0.9768009757156424	0.8095238095238095	0.8275862068965517	1.0223123719622957	0.7207160743525056	0.0	0.6867613107006358	0.5009794316107594	0.49495991586534366	0.2534974187729533	32.0	1.59375	6.375	0.039764300977755136
excessively_sparse	1	20954	64	512	8.0	8	0.01	0.009765625	0.28125	0.01953125	0.9047619047619048	1.0	1.1052631566731301	0.8	1.0	1.2499999984374999	0.30909153178520316	0.0	0.06861807098897293	0.4419417608690086	0.021209264670127456	0.011716574704170505	64.0	0.078125	0.625	0.01874651949667838
excessively_sparse	2	30954	64	512	8.0	8	0.01	0.009765625	0.28125	0.01953125	0.9047619047619048	1.0	1.1052631566731301	0.8	1.0	1.2499999984374999	0.3118887995198617	0.0	0.06952943704728855	0.4419417608690086	0.021685452651970624	0.011979633897842219	64.0	0.078125	0.625	0.01916741420587969
excessively_sparse	3	40954	64	512	8.0	8	0.01	0.009765625	0.296875	0.01953125	0.9	1.0	1.1111111098765432	0.8076923076923077	1.0	1.2380952365623583	0.2997427896409039	0.0	0.07015924844228151	0.4419417608690086	0.0210297288471987	0.01150675238244632	64.0	0.078125	0.625	0.018410803782456825
granule_like_sparse_expansion	1	20974	64	512	8.0	8	0.03	0.029296875	0.28125	0.05859375	0.9047619047619048	1.0	1.1052631566731301	0.8125	0.9655172413793104	1.188328911004285	0.48605354294368647	0.0	0.1778429960635416	0.7654655576836884	0.08644121832440448	0.07862908047461405	64.0	0.234375	1.875	0.04193550956409522
granule_like_sparse_expansion	2	30974	64	512	8.0	8	0.03	0.029296875	0.28125	0.05859375	0.9090909090909091	1.0	1.09999999879	0.8125	0.9655172413793104	1.188328911004285	0.5043614594979984	0.0	0.1803050282624882	0.7654655576836884	0.0909389072092964	0.08272029006345553	64.0	0.234375	1.875	0.04411748801031362
granule_like_sparse_expansion	3	40974	64	512	8.0	8	0.03	0.029296875	0.296875	0.05859375	0.9	1.0	1.1111111098765432	0.8	0.9655172413793104	1.2068965502155173	0.5101170523604996	0.0	0.17927392157587413	0.7654655576836884	0.09145068443939229	0.0844855937141656	64.0	0.234375	1.875	0.045058983290190195
granule_like_sparse_expansion	1	20994	64	512	8.0	8	0.05	0.05078125	0.296875	0.09765625	0.8947368421052632	0.9803921568627451	1.0957324093866612	0.7916666666666666	0.9387755102040817	1.1858216956020127	0.6017972684515468	0.0	0.27477789282497955	0.9922778669435472	0.16536058533294457	0.19457395074814782	64.0	0.40625	3.25	0.05986890790408582
granule_like_sparse_expansion	2	30994	64	512	8.0	8	0.05	0.05078125	0.28125	0.09765625	0.9047619047619048	0.9803921568627451	1.0835913300716962	0.8125	0.9387755102040817	1.1554160111368192	0.6119927951181565	0.0	0.27684569900235756	0.9922778669435472	0.16942757314889265	0.19424765114523568	64.0	0.40625	3.25	0.05976850802629759
granule_like_sparse_expansion	3	40994	64	512	8.0	8	0.05	0.05078125	0.296875	0.09765625	0.9047619047619048	0.9803921568627451	1.0835913300716962	0.8125	0.9387755102040817	1.1554160111368192	0.6044485863753908	0.0	0.27706932932468015	0.9922778669435472	0.16747416443828053	0.19200808029669622	64.0	0.40625	3.25	0.05907940930388209
granule_like_sparse_expansion	1	21044	64	512	8.0	8	0.1	0.099609375	0.296875	0.1796875	0.8947368421052632	0.9484536082474226	1.0600363845035494	0.8	0.9032258064516129	1.1290322566532258	0.7220743215403977	0.0	0.44650867996127075	0.7084919048757248	0.3224124521449332	0.25790101365032053	64.0	0.796875	6.375	0.04045506095841027
granule_like_sparse_expansion	2	31044	64	512	8.0	8	0.1	0.099609375	0.28125	0.1796875	0.9090909090909091	0.9484536082474226	1.0432989679245361	0.8125	0.9032258064516129	1.1116625296491698	0.7337870945579671	0.0	0.452306975893239	0.7084919048757248	0.3318970216890003	0.26140338974606625	64.0	0.796875	6.375	0.04100445328706852
granule_like_sparse_expansion	3	41044	64	512	8.0	8	0.1	0.099609375	0.3125	0.1796875	0.9	0.9484536082474226	1.0538373413262059	0.8076923076923077	0.9032258064516129	1.1182795685079365	0.7281189320907329	0.0	0.4509131716831163	0.7084919048757248	0.3283184170315559	0.260124062383327	64.0	0.796875	6.375	0.04080377448510169
intermediate	1	21144	64	512	8.0	8	0.2	0.19921875	0.296875	0.3125	0.9047619047619048	0.8791208791208791	0.9716599179544002	0.8095238095238095	0.8275862068965517	1.0223123719622957	0.7747696695966517	0.0	0.6939107770480433	0.5009794316107594	0.5376210234630684	0.27534662375172697	64.0	1.59375	12.75	0.021595813625892638
intermediate	2	31144	64	512	8.0	8	0.2	0.19921875	0.28125	0.3125	0.9090909090909091	0.8791208791208791	0.9670329659692308	0.8095238095238095	0.8342857142857143	1.0305882340210382	0.7610187548492052	0.0	0.6933520752350714	0.5009794316107594	0.5276539329675065	0.27242957644524934	64.0	1.59375	12.75	0.021367025601873122
intermediate	3	41144	64	512	8.0	8	0.2	0.19921875	0.296875	0.31640625	0.9090909090909091	0.8852459016393442	0.9737704907321312	0.8	0.8342857142857143	1.0428571415535715	0.8126463131497229	0.0	0.7020626776877881	0.5009794316107594	0.5705286466230032	0.2980726788918077	64.0	1.59375	12.75	0.023378249323014078
excessively_sparse	1	21090	64	512	8.0	16	0.01	0.009765625	0.296875	0.01953125	0.9047619047619048	1.0	1.1052631566731301	0.8076923076923077	1.0	1.2380952365623583	0.27959489857166364	0.0	0.07043889131304416	0.4419417608690086	0.01969435467217102	0.010776081051322436	128.0	0.078125	1.25	0.008620864834161256
excessively_sparse	2	31090	64	512	8.0	16	0.01	0.009765625	0.296875	0.01953125	0.9	1.0	1.1111111098765432	0.8095238095238095	1.0	1.2352941161211073	0.24414225707488693	0.0	0.07052082257502028	0.4419417608690086	0.01721711279424309	0.009399304932667371	128.0	0.078125	1.25	0.0075194439401183415
excessively_sparse	3	41090	64	512	8.0	16	0.01	0.009765625	0.28125	0.01953125	0.9090909090909091	1.0	1.09999999879	0.8125	1.0	1.2307692292544379	0.28733804794223383	0.0	0.06943114700251277	0.4419417608690086	0.0199502102460923	0.010851484350785826	128.0	0.078125	1.25	0.00868118747368371
intermediate	1	21110	64	512	8.0	16	0.03	0.029296875	0.296875	0.05859375	0.9047619047619048	1.0	1.1052631566731301	0.8125	0.9655172413793104	1.188328911004285	0.43373767508950145	0.0	0.1803674607699283	0.7654655576836884	0.07823216309614556	0.07116191982284094	128.0	0.234375	3.75	0.01897651194769718
intermediate	2	31110	64	512	8.0	16	0.03	0.029296875	0.265625	0.05859375	0.9047619047619048	1.0	1.1052631566731301	0.8125	0.9655172413793104	1.188328911004285	0.4716373847434194	0.0	0.1782561017113595	0.7654655576836884	0.08407224162570255	0.07647420039430715	128.0	0.234375	3.75	0.020393120099710407
intermediate	3	41110	64	512	8.0	16	0.03	0.029296875	0.296875	0.05859375	0.9047619047619048	1.0	1.1052631566731301	0.8076923076923077	0.9655172413793104	1.195402297370553	0.4538318356073797	0.0	0.18066662895362082	0.7654655576836884	0.08199226785101911	0.07502614624939087	128.0	0.234375	3.75	0.020006972327835704
intermediate	1	21130	64	512	8.0	16	0.05	0.05078125	0.28125	0.09765625	0.9047619047619048	0.9803921568627451	1.0835913300716962	0.8095238095238095	0.9387755102040817	1.1596638641136927	0.5645347709536598	0.0	0.27636733696139276	0.9922778669435472	0.15601897127057276	0.17953240093858178	128.0	0.40625	6.5	0.02762036937091714
intermediate	2	31130	64	512	8.0	16	0.05	0.05078125	0.296875	0.09765625	0.9047619047619048	0.9803921568627451	1.0835913300716962	0.8	0.9387755102040817	1.1734693862882652	0.5871697435447688	0.0	0.2757920124636358	0.9922778669435472	0.16193672522996874	0.18856036969763545	128.0	0.40625	6.5	0.0290092876413271
intermediate	3	41130	64	512	8.0	16	0.05	0.05078125	0.25	0.09765625	0.9166666666666666	0.9803921568627451	1.0695187154107924	0.8125	0.9387755102040817	1.1554160111368192	0.5749458084064001	0.0	0.27474517268618015	0.9922778669435472	0.15796358541581185	0.18110426103156282	128.0	0.40625	6.5	0.027862194000569326
dense_expansion	1	21180	64	512	8.0	16	0.1	0.099609375	0.296875	0.1796875	0.9047619047619048	0.9484536082474226	1.0482908290095667	0.8095238095238095	0.9032258064516129	1.1157495242384194	0.6982740265632177	0.0	0.4535324469607031	0.7084919048757248	0.3166899279163191	0.25034323150711046	128.0	0.796875	12.75	0.019634763253919663
dense_expansion	2	31180	64	512	8.0	16	0.1	0.099609375	0.28125	0.1796875	0.9090909090909091	0.9484536082474226	1.0432989679245361	0.8181818181818182	0.9032258064516129	1.1039426509804857	0.6975497688359047	0.0	0.45367020409494785	0.7084919048757248	0.3164575459941686	0.24751234288279447	128.0	0.796875	12.75	0.01941273277359857
dense_expansion	3	41180	64	512	8.0	16	0.1	0.099609375	0.296875	0.1796875	0.9	0.9484536082474226	1.0538373413262059	0.7916666666666666	0.9032258064516129	1.1409168067082478	0.7184906225308877	0.0	0.4521681433661503	0.7084919048757248	0.324878570815781	0.2626091996575308	128.0	0.796875	12.75	0.02059679997152424
dense_expansion	1	21280	64	512	8.0	16	0.2	0.19921875	0.296875	0.3203125	0.9	0.8913043478260869	0.990338163150832	0.8	0.8342857142857143	1.0428571415535715	0.8031566537959655	0.0	0.7031512046542341	0.5009794316107594	0.5647405686426967	0.2950486976781796	128.0	1.59375	25.5	0.011570537163396434
dense_expansion	2	31280	64	512	8.0	16	0.2	0.19921875	0.28125	0.31640625	0.9090909090909091	0.8852459016393442	0.9737704907321312	0.8181818181818182	0.8342857142857143	1.019682538436261	0.7863470613841173	0.0	0.7018082935898158	0.5009794316107594	0.5518648893193534	0.2819146482109258	128.0	1.59375	25.5	0.011055476399994916
dense_expansion	3	41280	64	512	8.0	16	0.2	0.19921875	0.296875	0.31640625	0.9	0.8852459016393442	0.9836065562841529	0.8	0.8342857142857143	1.0428571415535715	0.7603094051973736	0.0	0.699664644349871	0.5009794316107594	0.5319616095832823	0.2779233312378495	128.0	1.59375	25.5	0.010898954165762767
excessively_sparse	1	21362	64	512	8.0	32	0.01	0.009765625	0.296875	0.01953125	0.9047619047619048	1.0	1.1052631566731301	0.8076923076923077	1.0	1.2380952365623583	0.24433610187989263	0.0	0.07034725282887772	0.4419417608690086	0.01718837353416723	0.009404893403606675	256.0	0.078125	2.5	0.003761957359937887
excessively_sparse	2	31362	64	512	8.0	32	0.01	0.009765625	0.296875	0.01953125	0.896551724137931	1.0	1.1153846141405326	0.8	1.0	1.2499999984374999	0.28095305445310914	0.0	0.0699856776495878	0.4419417608690086	0.019662689903622382	0.010862204735707435	256.0	0.078125	2.5	0.004344881892545021
excessively_sparse	3	41362	64	512	8.0	32	0.01	0.009765625	0.28125	0.01953125	0.9	1.0	1.1111111098765432	0.8	1.0	1.2499999984374999	0.27203013883581945	0.0	0.06999213014278288	0.4419417608690086	0.01903996888015597	0.010518196704086323	256.0	0.078125	2.5	0.004207278679951618
intermediate	1	21382	64	512	8.0	32	0.03	0.029296875	0.28125	0.05859375	0.9047619047619048	1.0	1.1052631566731301	0.8	0.9655172413793104	1.2068965502155173	0.42377782692814375	0.0	0.17932067162408355	0.7654655576836884	0.07599212454414937	0.07020439266332887	256.0	0.234375	7.5	0.00936058568719577
intermediate	2	31382	64	512	8.0	32	0.03	0.029296875	0.28125	0.05859375	0.9047619047619048	1.0	1.1052631566731301	0.8	0.9655172413793104	1.2068965502155173	0.41243469313540965	0.0	0.17781751872438034	0.7654655576836884	0.07333811376918976	0.06775251734472633	256.0	0.234375	7.5	0.009033668978092355
intermediate	3	41382	64	512	8.0	32	0.03	0.029296875	0.28125	0.05859375	0.9	1.0	1.1111111098765432	0.8	0.9655172413793104	1.2068965502155173	0.40757655454777875	0.0	0.1798323969917367	0.7654655576836884	0.07329546876196037	0.06771312027758783	256.0	0.234375	7.5	0.009028416035807922
intermediate	1	21402	64	512	8.0	32	0.05	0.05078125	0.296875	0.09765625	0.9047619047619048	0.9803921568627451	1.0835913300716962	0.8095238095238095	0.96	1.1858823514762629	0.5017106420193986	0.0	0.27859449781513995	0.9922778669435472	0.1397738243619058	0.16447532693883976	256.0	0.40625	13.0	0.01265194822509137
intermediate	2	31402	64	512	8.0	32	0.05	0.05078125	0.296875	0.09765625	0.9	0.9803921568627451	1.0893246175260227	0.8	0.9387755102040817	1.1734693862882652	0.5221100759867859	0.0	0.27762161529630214	0.9922778669435472	0.14494904265792657	0.16877978131324375	256.0	0.40625	13.0	0.012983060100020054
intermediate	3	41402	64	512	8.0	32	0.05	0.05078125	0.28125	0.09765625	0.9	0.9803921568627451	1.0893246175260227	0.8	0.9387755102040817	1.1734693862882652	0.5261527218479327	0.0	0.27631550850946074	0.9922778669435472	0.1453841568910484	0.16928643167647445	256.0	0.40625	13.0	0.013022033204880955
dense_expansion	1	21452	64	512	8.0	32	0.1	0.099609375	0.3125	0.1796875	0.8846153846153846	0.9484536082474226	1.0721649472415957	0.7894736842105263	0.9032258064516129	1.1440860200562006	0.6839098641335813	0.0	0.4509368663926278	0.7084919048757248	0.308400171027405	0.249981679481054	256.0	0.796875	25.5	0.00980320311651964
dense_expansion	2	31452	64	512	8.0	32	0.1	0.099609375	0.28125	0.1796875	0.9130434782608695	0.9484536082474226	1.0387825221808917	0.8214285714285714	0.9148936170212766	1.113783532409122	0.6552793854401987	0.0	0.45300093710259276	0.7084919048757248	0.2968421756684211	0.23424012487494553	256.0	0.796875	25.5	0.009185887249637634
dense_expansion	3	41452	64	512	8.0	32	0.1	0.099609375	0.296875	0.1796875	0.9	0.9484536082474226	1.0538373413262059	0.8	0.9032258064516129	1.1290322566532258	0.6716501285409571	0.0	0.4496570961879786	0.7084919048757248	0.3020122464540093	0.24158268074672898	256.0	0.796875	25.5	0.009473830617147261
dense_expansion	1	21552	64	512	8.0	32	0.2	0.19921875	0.3125	0.3203125	0.896551724137931	0.8913043478260869	0.994147156081779	0.8	0.8375974025974027	1.0469967519380075	0.7703341986532971	0.0	0.7025514161006112	0.5009794316107594	0.5411993821346034	0.2838719768695678	256.0	1.59375	51.0	0.005566117193411798
dense_expansion	2	31552	64	512	8.0	32	0.2	0.19921875	0.296875	0.3203125	0.9047619047619048	0.8913043478260869	0.9851258570347464	0.8125	0.8409090909090909	1.034965033691232	0.7394784509716931	0.0	0.7024220649985841	0.5009794316107594	0.5194259805534909	0.26932039414565667	256.0	1.59375	51.0	0.005280792041968155
dense_expansion	3	41552	64	512	8.0	32	0.2	0.19921875	0.28125	0.3203125	0.9130434782608695	0.8913043478260869	0.9761904751213153	0.8181818181818182	0.8409090909090909	1.027777776521605	0.7786957112683219	0.0	0.7042373377883759	0.5009794316107594	0.5483865946508288	0.28236180427077695	256.0	1.59375	51.0	0.005536505965985107
excessively_sparse	1	21660	64	1024	16.0	2	0.01	0.009765625	0.296875	0.01953125	0.9	1.0	1.1111111098765432	0.8	1.0	1.2499999984374999	0.4073207359261702	0.0	0.06989940981627449	0.4419417608690086	0.02847147904716989	0.015728419461153654	32.0	0.15625	0.3125	0.050330942114632675
excessively_sparse	2	31660	64	1024	16.0	2	0.01	0.009765625	0.296875	0.01953125	0.9047619047619048	1.0	1.1052631566731301	0.8095238095238095	1.0	1.2352941161211073	0.4219345229159105	0.0	0.07046304431230778	0.4419417608690086	0.029730790985116242	0.016230872951703338	32.0	0.15625	0.3125	0.05193879327924654
excessively_sparse	3	41660	64	1024	16.0	2	0.01	0.009765625	0.265625	0.01953125	0.9166666666666666	1.0	1.0909090897190084	0.8235294117647058	1.0	1.2142857128112245	0.44371602975159996	0.0	0.07048069416071553	0.4419417608690086	0.03127341378712947	0.01678267629940498	32.0	0.15625	0.3125	0.05370456398624133
granule_like_sparse_expansion	1	21680	64	1024	16.0	2	0.03	0.0302734375	0.296875	0.05859375	0.9	0.9836065573770492	1.0928961736490588	0.8095238095238095	0.9666666666666667	1.194117645583737	0.6569296281267846	0.0	0.18203363848300755	0.7781187377258049	0.11958329043520768	0.11111264573526115	32.0	0.484375	0.96875	0.11469692451155017
granule_like_sparse_expansion	2	31680	64	1024	16.0	2	0.03	0.0302734375	0.28125	0.05859375	0.9	0.9836065573770492	1.0928961736490588	0.8	0.9666666666666667	1.2083333318229166	0.6831661873243269	0.0	0.1820892923465242	0.7781187377258049	0.12439724760495968	0.11696162690401184	32.0	0.484375	0.96875	0.12073458248596362
granule_like_sparse_expansion	3	41680	64	1024	16.0	2	0.03	0.0302734375	0.296875	0.05859375	0.8947368421052632	0.9836065573770492	1.099324974663339	0.8	0.9491525423728814	1.1864406764830508	0.6861934569009447	0.0	0.1816239649652306	0.7781187377258049	0.12462917637554764	0.11505662389618514	32.0	0.484375	0.96875	0.11876812777023692
granule_like_sparse_expansion	1	21700	64	1024	16.0	2	0.05	0.0498046875	0.296875	0.095703125	0.9	0.98	1.0888888876790124	0.8	0.9375	1.1718749985351562	0.7059226720369971	0.0	0.2674426185628802	0.9980449739365456	0.1887938079124798	0.22081020804124357	32.0	0.796875	1.59375	0.13854758142914259
granule_like_sparse_expansion	2	31700	64	1024	16.0	2	0.05	0.0498046875	0.28125	0.09375	0.9047619047619048	0.9696969696969697	1.0717703337436415	0.8095238095238095	0.9375	1.158088233863538	0.6823138420212234	0.0	0.26726986359557686	0.9980449739365456	0.18236192748638635	0.21077831822134785	32.0	0.796875	1.59375	0.1322530623304124
granule_like_sparse_expansion	3	41700	64	1024	16.0	2	0.05	0.0498046875	0.296875	0.095703125	0.896551724137931	0.98	1.0930769218577219	0.8	0.9375	1.1718749985351562	0.682885397614032	0.0	0.2676535741266463	0.9980449739365456	0.18277671739029167	0.2137727155265353	32.0	0.796875	1.59375	0.13413189985405702
granule_like_sparse_expansion	1	21750	64	1024	16.0	2	0.1	0.099609375	0.3125	0.177734375	0.8947368421052632	0.9430051813471503	1.0539469662100507	0.8	0.8972972972972973	1.1216216202195946	0.672676165996632	0.0	0.43844127312738945	0.7084919048757248	0.2949289946220145	0.23436822716427178	32.0	1.59375	3.1875	0.07352728693042965
granule_like_sparse_expansion	2	31750	64	1024	16.0	2	0.1	0.099609375	0.28125	0.17578125	0.9090909090909091	0.9375	1.031249998865625	0.8148148148148148	0.8882751247327156	1.0901558335613235	0.6833839783374865	0.0	0.43329026171560836	0.7084919048757248	0.2961036228261032	0.22870054341498045	32.0	1.59375	3.1875	0.07174919006846471
granule_like_sparse_expansion	3	41750	64	1024	16.0	2	0.1	0.099609375	0.296875	0.17578125	0.9090909090909091	0.9375	1.031249998865625	0.8	0.8913043478260869	1.1141304333899456	0.7108655520701503	0.0	0.43404825349192494	0.7084919048757248	0.3085499513436218	0.24355464246313674	32.0	1.59375	3.1875	0.07640929957230665
intermediate	1	21850	64	1024	16.0	2	0.2	0.2001953125	0.28125	0.306640625	0.9047619047619048	0.8674033149171271	0.9587089259540411	0.8125	0.8011695906432749	0.986054879578117	0.882738167026929	0.0	0.6727969543378449	0.49975603679536823	0.5939035502534896	0.29266787676679973	32.0	3.203125	6.40625	0.045684741732076484
intermediate	2	31850	64	1024	16.0	2	0.2	0.2001953125	0.3125	0.302734375	0.8947368421052632	0.8611111111111112	0.9624182995779509	0.7916666666666666	0.7869822485207101	0.9940828389810029	0.8794295473207501	0.0	0.6598502097851109	0.49975603679536823	0.580291771290822	0.2882883135724416	32.0	3.203125	6.40625	0.045001102599405346
intermediate	3	41850	64	1024	16.0	2	0.2	0.2001953125	0.3125	0.306640625	0.8947368421052632	0.8674033149171271	0.9694507626474029	0.8	0.8011695906432749	1.001461987052266	0.864939154430556	0.0	0.6709284537775725	0.49975603679536823	0.5803122894937739	0.2904385674472187	32.0	3.203125	6.40625	0.04533675198468401
excessively_sparse	1	21694	64	1024	16.0	4	0.01	0.009765625	0.3125	0.01953125	0.8947368421052632	1.0	1.1176470575743944	0.8	1.0	1.2499999984374999	0.4129537998501968	0.0	0.06987048671624865	0.4419417608690086	0.028853282986857583	0.015939338342655384	64.0	0.15625	0.625	0.02550294130744391
excessively_sparse	2	31694	64	1024	16.0	4	0.01	0.009765625	0.296875	0.01953125	0.9	1.0	1.1111111098765432	0.8	1.0	1.2499999984374999	0.4205492628025439	0.0	0.0692152053063613	0.4419417608690086	0.02910840356631697	0.016080273890129473	64.0	0.15625	0.625	0.025728438183041658
excessively_sparse	3	41694	64	1024	16.0	4	0.01	0.009765625	0.296875	0.01953125	0.9	1.0	1.1111111098765432	0.8	1.0	1.2499999984374999	0.39244755661631414	0.0	0.07030957473888151	0.4419417608690086	0.027592820813006173	0.015243024752749938	64.0	0.15625	0.625	0.024388839565377757
granule_like_sparse_expansion	1	21714	64	1024	16.0	4	0.03	0.0302734375	0.296875	0.05859375	0.9	0.9836065573770492	1.0928961736490588	0.8	0.9666666666666667	1.2083333318229166	0.6384867015434833	0.0	0.18311849350141504	0.7781187377258049	0.11691872290733027	0.10993011750716168	64.0	0.484375	1.9375	0.05673812513570248
granule_like_sparse_expansion	2	31714	64	1024	16.0	4	0.03	0.0302734375	0.28125	0.05859375	0.9047619047619048	0.9836065573770492	1.0871440885309478	0.8095238095238095	0.9666666666666667	1.194117645583737	0.6183299496850844	0.0	0.1834550607855716	0.7781187377258049	0.11343575850501658	0.10540057229239475	64.0	0.484375	1.9375	0.0544002953486423
granule_like_sparse_expansion	3	41714	64	1024	16.0	4	0.03	0.0302734375	0.3125	0.05859375	0.8888888888888888	0.9836065573770492	1.1065573758043035	0.7916666666666666	0.9666666666666667	1.2210526300365652	0.6190612154319826	0.0	0.18241715786818913	0.7781187377258049	0.11292738746552901	0.10729501331672879	64.0	0.484375	1.9375	0.05537807136069714
granule_like_sparse_expansion	1	21734	64	1024	16.0	4	0.05	0.0498046875	0.28125	0.095703125	0.9090909090909091	0.98	1.0779999988142	0.8125	0.9484536082474226	1.1673275164062709	0.7221452401588037	0.0	0.27105315207953656	0.9980449739365456	0.19573974360427765	0.2280456801882479	64.0	0.796875	3.1875	0.0715437427817111
granule_like_sparse_expansion	2	31734	64	1024	16.0	4	0.05	0.0498046875	0.296875	0.095703125	0.9047619047619048	0.98	1.0831578935396675	0.8	0.9375	1.1718749985351562	0.712384141032874	0.0	0.2707888257237322	0.9980449739365456	0.19290566501450157	0.22561937012220648	64.0	0.796875	3.1875	0.07078254746711339
granule_like_sparse_expansion	3	41734	64	1024	16.0	4	0.05	0.0498046875	0.3125	0.095703125	0.9	0.98	1.0888888876790124	0.8	0.9484536082474226	1.1855670088273196	0.7073043556316354	0.0	0.2721297010489121	0.9980449739365456	0.19247852284863035	0.22775005710477322	64.0	0.796875	3.1875	0.07145099828496383
granule_like_sparse_expansion	1	21784	64	1024	16.0	4	0.1	0.099609375	0.2890625	0.1796875	0.9047619047619048	0.9484536082474226	1.0482908290095667	0.8	0.8972972972972973	1.1216216202195946	0.8224611762626385	0.0	0.44745732888414247	0.7084919048757248	0.3680162810413901	0.29244775836909503	64.0	1.59375	6.375	0.045874158168348375
granule_like_sparse_expansion	2	31784	64	1024	16.0	4	0.1	0.099609375	0.28125	0.177734375	0.9047619047619048	0.9430051813471503	1.042268883494869	0.8095238095238095	0.8972972972972973	1.1084260717627235	0.833515312377013	0.0	0.44520534800090467	0.7084919048757248	0.3710854747108909	0.2914174677499712	64.0	1.59375	6.375	0.0457125439536092
granule_like_sparse_expansion	3	41784	64	1024	16.0	4	0.1	0.099609375	0.296875	0.177734375	0.9047619047619048	0.9430051813471503	1.042268883494869	0.8095238095238095	0.8972972972972973	1.1084260717627235	0.8292899943026091	0.0	0.44717665507681253	0.7084919048757248	0.37083912574090966	0.2912240072188882	64.0	1.59375	6.375	0.045682197203640154
intermediate	1	21884	64	1024	16.0	4	0.2	0.2001953125	0.28125	0.314453125	0.9090909090909091	0.8797814207650273	0.9677595617769946	0.8125	0.8252148997134671	1.0156491060896222	0.7868882312090818	0.0	0.6913437230017665	0.49975603679536823	0.5440102393503614	0.276126961242959	64.0	3.203125	12.8125	0.021551372583134252
intermediate	2	31884	64	1024	16.0	4	0.2	0.2001953125	0.28125	0.3125	0.9047619047619048	0.8767123287671232	0.9689978359874017	0.8125	0.8218390804597702	1.0114942516286474	0.7858121517267213	0.0	0.685796938266049	0.49975603679536823	0.5389075677064414	0.272417968639064	64.0	3.203125	12.8125	0.021261890233584553
intermediate	3	41884	64	1024	16.0	4	0.2	0.2001953125	0.28125	0.3125	0.9047619047619048	0.8767123287671232	0.9689978359874017	0.8	0.8218390804597702	1.0272988492905892	0.8031864821328277	0.0	0.688506073302263	0.49975603679536823	0.5529987709427314	0.283908906247298	64.0	3.203125	12.8125	0.02215874390049867
excessively_sparse	1	21762	64	1024	16.0	8	0.01	0.009765625	0.296875	0.01953125	0.9047619047619048	1.0	1.1052631566731301	0.8181818181818182	1.0	1.222222220728395	0.3920452565011429	0.0	0.070488000487338	0.4419417608690086	0.027634486231311112	0.0149267964888157	128.0	0.15625	1.25	0.01194143718149941
excessively_sparse	2	31762	64	1024	16.0	8	0.01	0.009765625	0.28125	0.01953125	0.9047619047619048	1.0	1.1052631566731301	0.8	1.0	1.2499999984374999	0.39397500286529685	0.0	0.06961696398271025	0.4419417608690086	0.027427343584561538	0.015151610630711026	128.0	0.15625	1.25	0.012121288494871789
excessively_sparse	3	41762	64	1024	16.0	8	0.01	0.009765625	0.28125	0.01953125	0.9	1.0	1.1111111098765432	0.8076923076923077	1.0	1.2380952365623583	0.3805358519281954	0.0	0.06986916957523896	0.4419417608690086	0.02658772396782911	0.014547898279315939	128.0	0.15625	1.25	0.011638318614142095
granule_like_sparse_expansion	1	21782	64	1024	16.0	8	0.03	0.0302734375	0.265625	0.05859375	0.9090909090909091	0.9836065573770492	1.0819672119245902	0.8125	0.9666666666666667	1.18974358827929	0.5948955975827275	0.0	0.1831471493349095	0.7781187377258049	0.10895343284916402	0.10086492383668144	128.0	0.484375	3.875	0.026029657757587556
granule_like_sparse_expansion	2	31782	64	1024	16.0	8	0.03	0.0302734375	0.3125	0.05859375	0.9	0.9836065573770492	1.0928961736490588	0.8	0.9666666666666667	1.2083333318229166	0.6174228651605399	0.0	0.18341063733358126	0.7781187377258049	0.11324192120342043	0.10647308998145305	128.0	0.484375	3.875	0.027476926439735774
granule_like_sparse_expansion	3	41782	64	1024	16.0	8	0.03	0.0302734375	0.296875	0.05859375	0.9	0.9836065573770492	1.0928961736490588	0.8	0.9666666666666667	1.2083333318229166	0.6160846884784099	0.0	0.18437707362490224	0.7781187377258049	0.11359189196675874	0.10680214187477852	128.0	0.484375	3.875	0.027561843057346238
granule_like_sparse_expansion	1	21802	64	1024	16.0	8	0.05	0.0498046875	0.296875	0.095703125	0.9047619047619048	0.98	1.0831578935396675	0.8	0.9484536082474226	1.1855670088273196	0.7117709127905659	0.0	0.27276993929946974	0.9980449739365456	0.19414970867701084	0.2297274863899391	128.0	0.796875	6.375	0.03603568413394563
granule_like_sparse_expansion	2	31802	64	1024	16.0	8	0.05	0.0498046875	0.28125	0.095703125	0.9090909090909091	0.98	1.0779999988142	0.8095238095238095	0.9484536082474226	1.171619161681875	0.7153406497624168	0.0	0.27320113372781835	0.9980449739365456	0.1954318765166865	0.22852408562785073	128.0	0.796875	6.375	0.03584691538698099
granule_like_sparse_expansion	3	41802	64	1024	16.0	8	0.05	0.0498046875	0.296875	0.095703125	0.8947368421052632	0.98	1.0952941164229066	0.8	0.9484536082474226	1.1855670088273196	0.6964279804687203	0.0	0.27063762533003854	0.9980449739365456	0.18847961484744893	0.22301835243379528	128.0	0.796875	6.375	0.03498327096451953
granule_like_sparse_expansion	1	21852	64	1024	16.0	8	0.1	0.099609375	0.296875	0.1796875	0.9	0.9484536082474226	1.0538373413262059	0.8076923076923077	0.9090909090909091	1.1255411241475983	0.8124171626238592	0.0	0.4517265166818814	0.7084919048757248	0.3669903749646535	0.2926516210910832	128.0	1.59375	12.75	0.02295306831906903
granule_like_sparse_expansion	2	31852	64	1024	16.0	8	0.1	0.099609375	0.3125	0.1796875	0.8947368421052632	0.9484536082474226	1.0600363845035494	0.8	0.9032258064516129	1.1290322566532258	0.8031365949050068	0.0	0.4513655266594372	0.7084919048757248	0.36250817213876546	0.2899739896183837	128.0	1.59375	12.75	0.02274305800750123
granule_like_sparse_expansion	3	41852	64	1024	16.0	8	0.1	0.099609375	0.3125	0.1796875	0.8947368421052632	0.9484536082474226	1.0600363845035494	0.8	0.9032258064516129	1.1290322566532258	0.8204707829176934	0.0	0.45050682669202724	0.7084919048757248	0.3696276888057732	0.2956689637203649	128.0	1.59375	12.75	0.0231897226429157
intermediate	1	21952	64	1024	16.0	8	0.2	0.2001953125	0.296875	0.314453125	0.9	0.8797814207650273	0.9775349108749916	0.8	0.8252148997134671	1.0315186233524356	0.8404489216426541	0.0	0.6945540443294613	0.49975603679536823	0.5837371975792399	0.3009209962462123	128.0	3.203125	25.625	0.011743258389637818
intermediate	2	31952	64	1024	16.0	8	0.2	0.2001953125	0.296875	0.31640625	0.9047619047619048	0.8828337874659401	0.9757636587523003	0.8076923076923077	0.8285714285714286	1.0258503388659541	0.846243377653295	0.0	0.6978619058280362	0.49975603679536823	0.590561016323483	0.30276580980850243	128.0	3.203125	25.625	0.01181525111401706
intermediate	3	41952	64	1024	16.0	8	0.2	0.2001953125	0.296875	0.318359375	0.9	0.8858695652173914	0.9842995158145464	0.8	0.8285714285714286	1.035714284419643	0.8591422323663167	0.0	0.7002721766996505	0.49975603679536823	0.6016334011537575	0.3114081353523568	128.0	3.203125	25.625	0.012152512598642118
excessively_sparse	1	21898	64	1024	16.0	16	0.01	0.009765625	0.28125	0.01953125	0.9047619047619048	1.0	1.1052631566731301	0.8	1.0	1.2499999984374999	0.3527212273238191	0.0	0.07042747954901649	0.4419417608690086	0.024841267023852264	0.013722991596269392	256.0	0.15625	2.5	0.005489196636312078
excessively_sparse	2	31898	64	1024	16.0	16	0.01	0.009765625	0.296875	0.01953125	0.9	1.0	1.1111111098765432	0.8	1.0	1.2499999984374999	0.3696886377110076	0.0	0.0700355256846138	0.4419417608690086	0.025891338081719156	0.014303079410983377	256.0	0.15625	2.5	0.005721231762104858
excessively_sparse	3	41898	64	1024	16.0	16	0.01	0.009765625	0.3125	0.01953125	0.8947368421052632	1.0	1.1176470575743944	0.8	1.0	1.2499999984374999	0.3574576884465548	0.0	0.06979838257701985	0.4419417608690086	0.0249499684932898	0.013783041244709672	256.0	0.15625	2.5	0.005513216495678582
intermediate	1	21918	64	1024	16.0	16	0.03	0.0302734375	0.3125	0.05859375	0.8928571428571429	0.9836065573770492	1.101639343028459	0.7894736842105263	0.9666666666666667	1.2244444428934815	0.5753469285732532	0.0	0.18259794796663897	0.7781187377258049	0.10505716852638444	0.10009460031966101	256.0	0.484375	7.75	0.01291543229764459
intermediate	2	31918	64	1024	16.0	16	0.03	0.0302734375	0.296875	0.05859375	0.9047619047619048	0.9836065573770492	1.0871440885309478	0.8	0.9666666666666667	1.2083333318229166	0.5755283627694743	0.0	0.18500244958271583	0.7781187377258049	0.10647415691668265	0.10010985657621364	256.0	0.484375	7.75	0.012917400846876934
intermediate	3	41918	64	1024	16.0	16	0.03	0.0302734375	0.28125	0.05859375	0.9047619047619048	0.9836065573770492	1.0871440885309478	0.8	0.9666666666666667	1.2083333318229166	0.5719445174442036	0.0	0.1839536992330718	0.7781187377258049	0.10521130973993542	0.09892249380760519	256.0	0.484375	7.75	0.012764192747721418
intermediate	1	21938	64	1024	16.0	16	0.05	0.0498046875	0.3125	0.095703125	0.8947368421052632	0.98	1.0952941164229066	0.8	0.9484536082474226	1.1855670088273196	0.6570304014665019	0.0	0.2731756553357405	0.9980449739365456	0.17948471049611633	0.21237513910615022	256.0	0.796875	12.75	0.01665687365407791
intermediate	2	31938	64	1024	16.0	16	0.05	0.0498046875	0.296875	0.095703125	0.8947368421052632	0.98	1.0952941164229066	0.8	0.9484536082474226	1.1855670088273196	0.676932834782849	0.0	0.2721722765632679	0.9980449739365456	0.18424235072327455	0.2180046130722996	256.0	0.796875	12.75	0.017098401023937348
intermediate	3	41938	64	1024	16.0	16	0.05	0.0498046875	0.28125	0.095703125	0.9090909090909091	0.98	1.0779999988142	0.8181818181818182	0.9484536082474226	1.159221075330024	0.6503998901730587	0.0	0.2728476485853039	0.9980449739365456	0.17746008067385896	0.20531328645010374	256.0	0.796875	12.75	0.016103002857568684
dense_expansion	1	21988	64	1024	16.0	16	0.1	0.099609375	0.296875	0.1796875	0.9090909090909091	0.9484536082474226	1.0432989679245361	0.8095238095238095	0.9090909090909091	1.1229946510191884	0.7924959231557213	0.0	0.4545059910886695	0.7084919048757248	0.36019414498762115	0.2865822110927576	256.0	1.59375	25.5	0.0112385180816282
dense_expansion	2	31988	64	1024	16.0	16	0.1	0.099609375	0.265625	0.1796875	0.9090909090909091	0.9484536082474226	1.0432989679245361	0.8125	0.9090909090909091	1.1188811175040345	0.7947369960833028	0.0	0.45214309772133354	0.7084919048757248	0.35933484728285187	0.2848512784630143	256.0	1.59375	25.5	0.011170638370660535
dense_expansion	3	41988	64	1024	16.0	16	0.1	0.099609375	0.296875	0.1796875	0.9047619047619048	0.9484536082474226	1.0482908290095667	0.8076923076923077	0.9090909090909091	1.1255411241475983	0.7835791805142848	0.0	0.4532110756384682	0.7084919048757248	0.35512676324878845	0.2831911408237807	256.0	1.59375	25.5	0.011105534933830399
dense_expansion	1	22088	64	1024	16.0	16	0.2	0.2001953125	0.296875	0.318359375	0.8947368421052632	0.8858695652173914	0.9900895129599256	0.7916666666666666	0.8285714285714286	1.0466165400313416	0.868990602258638	0.0	0.7003670335060749	0.49975603679536823	0.6086123702485398	0.3183364859822993	256.0	3.203125	51.25	0.006211443628801714
dense_expansion	2	32088	64	1024	16.0	16	0.2	0.2001953125	0.296875	0.3203125	0.9047619047619048	0.8888888888888888	0.9824561392650046	0.8181818181818182	0.8385269121813032	1.0248662247467561	0.8510524673797248	0.0	0.7055141538911869	0.49975603679536823	0.6004295614404135	0.3075298637376927	256.0	3.203125	51.25	0.0060005827069598465
dense_expansion	3	42088	64	1024	16.0	16	0.2	0.2001953125	0.28125	0.318359375	0.9047619047619048	0.8858695652173914	0.9791189920528274	0.8125	0.8352272727272727	1.0279720267068317	0.8527125170668748	0.0	0.7013456110293899	0.49975603679536823	0.5980461813146764	0.3072373901182306	256.0	3.203125	51.25	0.00599487590462899
excessively_sparse	1	22170	64	1024	16.0	32	0.01	0.009765625	0.296875	0.01953125	0.9047619047619048	1.0	1.1052631566731301	0.8095238095238095	1.0	1.2352941161211073	0.3106214597641714	0.0	0.07030075039537095	0.4419417608690086	0.021836921710326775	0.011921388237334194	512.0	0.15625	5.0	0.002384277646989983
excessively_sparse	2	32170	64	1024	16.0	32	0.01	0.009765625	0.28125	0.01953125	0.9090909090909091	1.0	1.09999999879	0.8095238095238095	1.0	1.2352941161211073	0.31414670164802244	0.0	0.07052576596272285	0.4419417608690086	0.02215543675838975	0.012095274538606971	512.0	0.15625	5.0	0.002419054907237583
excessively_sparse	3	42170	64	1024	16.0	32	0.01	0.009765625	0.28125	0.01953125	0.9047619047619048	1.0	1.1052631566731301	0.8	1.0	1.2499999984374999	0.3295567783767544	0.0	0.07025323468204409	0.4419417608690086	0.02315242969236052	0.012790031917309617	512.0	0.15625	5.0	0.0025580063829503223
intermediate	1	22190	64	1024	16.0	32	0.03	0.0302734375	0.296875	0.05859375	0.9	0.9836065573770492	1.0928961736490588	0.8	0.9666666666666667	1.2083333318229166	0.5156097536980561	0.0	0.18406886753214846	0.7781187377258049	0.09490770345173118	0.08923476696758846	512.0	0.484375	15.5	0.005757081739472992
intermediate	2	32190	64	1024	16.0	32	0.03	0.0302734375	0.28125	0.05859375	0.9047619047619048	0.9836065573770492	1.0871440885309478	0.8148148148148148	0.9666666666666667	1.1863636349076447	0.5066834755013724	0.0	0.18443247062847948	0.7781187377258049	0.09344888521334277	0.08626563519261703	512.0	0.484375	15.5	0.005565524850777516
intermediate	3	42190	64	1024	16.0	32	0.03	0.0302734375	0.265625	0.05859375	0.9090909090909091	0.9836065573770492	1.0819672119245902	0.8125	0.9666666666666667	1.18974358827929	0.5042357488047122	0.0	0.1856926720373301	0.7781187377258049	0.09363288353229099	0.08668174484385563	512.0	0.484375	15.5	0.005592370634726662
intermediate	1	22210	64	1024	16.0	32	0.05	0.0498046875	0.3125	0.095703125	0.896551724137931	0.98	1.0930769218577219	0.8	0.9484536082474226	1.1855670088273196	0.6226495316915717	0.0	0.27386920003177995	0.9980449739365456	0.17052452914453314	0.2017730117399867	512.0	0.796875	25.5	0.007912667126748001
intermediate	2	32210	64	1024	16.0	32	0.05	0.0498046875	0.296875	0.095703125	0.9090909090909091	0.98	1.0779999988142	0.8095238095238095	0.9484536082474226	1.171619161681875	0.6102624808591459	0.0	0.27435823233320467	0.9980449739365456	0.1674305355077914	0.19578131630861417	512.0	0.796875	25.5	0.007677698678468097
intermediate	3	42210	64	1024	16.0	32	0.05	0.0498046875	0.28125	0.095703125	0.9047619047619048	0.98	1.0831578935396675	0.8095238095238095	0.9484536082474226	1.171619161681875	0.652938870554613	0.0	0.27187227763677235	0.9980449739365456	0.1775159778952643	0.20757451269412205	512.0	0.796875	25.5	0.008140176968077721
dense_expansion	1	22260	64	1024	16.0	32	0.1	0.099609375	0.28125	0.1796875	0.9	0.9484536082474226	1.0538373413262059	0.8095238095238095	0.9090909090909091	1.1229946510191884	0.7423531758989438	0.0	0.4493795053005202	0.7084919048757248	0.3335983029437374	0.2654216916204828	512.0	1.59375	51.0	0.005204346894417225
dense_expansion	2	32260	64	1024	16.0	32	0.1	0.099609375	0.296875	0.1796875	0.9047619047619048	0.9484536082474226	1.0482908290095667	0.8125	0.9148936170212766	1.1260229118710814	0.7677096056436871	0.0	0.4539285868849724	0.7084919048757248	0.3484853364278583	0.27801397576420767	512.0	1.59375	51.0	0.005451254426642283
dense_expansion	3	42260	64	1024	16.0	32	0.1	0.099609375	0.296875	0.1796875	0.9	0.9484536082474226	1.0538373413262059	0.8	0.9090909090909091	1.1363636349431818	0.7519022832503204	0.0	0.4522996428442603	0.7084919048757248	0.34008513416790376	0.2738040502560797	512.0	1.59375	51.0	0.0053687068676609995
dense_expansion	1	22360	64	1024	16.0	32	0.2	0.2001953125	0.3125	0.318359375	0.8928571428571429	0.8858695652173914	0.9921739119322435	0.8	0.8385269121813032	1.0481586389164306	0.8423730238868935	0.0	0.7019942883436705	0.49975603679536823	0.5913410514233856	0.309758402711641	512.0	3.203125	102.5	0.0030220331971572583
dense_expansion	2	32360	64	1024	16.0	32	0.2	0.2001953125	0.296875	0.318359375	0.896551724137931	0.8858695652173914	0.9880852831788414	0.8	0.8385269121813032	1.0481586389164306	0.8383302795301927	0.0	0.7016976744099012	0.49975603679536823	0.5882544075337386	0.30814154577486097	512.0	3.203125	102.5	0.003006258983140046
dense_expansion	3	42360	64	1024	16.0	32	0.2	0.2001953125	0.28125	0.318359375	0.9047619047619048	0.8858695652173914	0.9791189920528274	0.8	0.8352272727272727	1.0440340896040483	0.8471299336840218	0.0	0.7006000933048533	0.49975603679536823	0.5934993105803599	0.30966558842381525	512.0	3.203125	102.5	0.0030211276919101865
