dataset	cell_id	species	region	platform	curated_group	developmental_stage	postnatal_day	Leiden	louvain	nGene	nCounts	percent_mito	count_matrix_present	gene_identifier_status	promotion_status	source_note	geo_accession	title	maturation_state	activity_state	timepoint	cell_state	cell_type	sex	mouseid	treatment	projection_label	quality_control
GSE292261	20210412_Blanca_Plate1_A1-E1	mouse	dentate_gyrus	Smart-seq2	DG_P5_Leiden2	DG_P5	5	2.0	DG_P5	6025.0	928456.0	0.0	True	gene symbols already present in count matrix header	promote_to_primary_dentate_developmental_validation	filtered Smart-seq2 metadata; postnatal DG samples with QC metrics and clustering labels												
GSE292261	20210412_Blanca_Plate1_A10-E1	mouse	dentate_gyrus	Smart-seq2	DG_P5_Leiden2	DG_P5	5	2.0	DG_P5	4521.0	1057669.0	0.0	True	gene symbols already present in count matrix header	promote_to_primary_dentate_developmental_validation	filtered Smart-seq2 metadata; postnatal DG samples with QC metrics and clustering labels												
GSE292261	20210412_Blanca_Plate1_A11-E1	mouse	dentate_gyrus	Smart-seq2	DG_P5_Leiden1	DG_P5	5	1.0	DG_P5	5244.0	1106140.0	0.0	True	gene symbols already present in count matrix header	promote_to_primary_dentate_developmental_validation	filtered Smart-seq2 metadata; postnatal DG samples with QC metrics and clustering labels												
GSE292261	20210412_Blanca_Plate1_A12-E1	mouse	dentate_gyrus	Smart-seq2	DG_P5_Leiden5	DG_P5	5	5.0	DG_P5	4589.0	961160.0	0.0	True	gene symbols already present in count matrix header	promote_to_primary_dentate_developmental_validation	filtered Smart-seq2 metadata; postnatal DG samples with QC metrics and clustering labels												
GSE292261	20210412_Blanca_Plate1_A2-E1	mouse	dentate_gyrus	Smart-seq2	DG_P5_Leiden2	DG_P5	5	2.0	DG_P5	2524.0	879544.0	0.0	True	gene symbols already present in count matrix header	promote_to_primary_dentate_developmental_validation	filtered Smart-seq2 metadata; postnatal DG samples with QC metrics and clustering labels												
GSE292261	20210412_Blanca_Plate1_A3-E1	mouse	dentate_gyrus	Smart-seq2	DG_P5_Leiden2	DG_P5	5	2.0	DG_P5	4329.0	1129122.0	0.0	True	gene symbols already present in count matrix header	promote_to_primary_dentate_developmental_validation	filtered Smart-seq2 metadata; postnatal DG samples with QC metrics and clustering labels												
GSE292261	20210412_Blanca_Plate1_A4-E1	mouse	dentate_gyrus	Smart-seq2	DG_P5_Leiden2	DG_P5	5	2.0	DG_P5	4630.0	1152041.0	0.0	True	gene symbols already present in count matrix header	promote_to_primary_dentate_developmental_validation	filtered Smart-seq2 metadata; postnatal DG samples with QC metrics and clustering labels												
GSE292261	20210412_Blanca_Plate1_A5-E1	mouse	dentate_gyrus	Smart-seq2	DG_P5_Leiden2	DG_P5	5	2.0	DG_P5	5601.0	1150308.0	0.0	True	gene symbols already present in count matrix header	promote_to_primary_dentate_developmental_validation	filtered Smart-seq2 metadata; postnatal DG samples with QC metrics and clustering labels												
GSE292261	20210412_Blanca_Plate1_A6-E1	mouse	dentate_gyrus	Smart-seq2	DG_P5_Leiden2	DG_P5	5	2.0	DG_P5	3550.0	1044626.0	0.0	True	gene symbols already present in count matrix header	promote_to_primary_dentate_developmental_validation	filtered Smart-seq2 metadata; postnatal DG samples with QC metrics and clustering labels												
GSE292261	20210412_Blanca_Plate1_A7-E1	mouse	dentate_gyrus	Smart-seq2	DG_P5_Leiden2	DG_P5	5	2.0	DG_P5	4512.0	1186512.0	0.0	True	gene symbols already present in count matrix header	promote_to_primary_dentate_developmental_validation	filtered Smart-seq2 metadata; postnatal DG samples with QC metrics and clustering labels												
GSE292261	20210412_Blanca_Plate1_A8-E1	mouse	dentate_gyrus	Smart-seq2	DG_P5_Leiden2	DG_P5	5	2.0	DG_P5	3885.0	1110419.0	0.0	True	gene symbols already present in count matrix header	promote_to_primary_dentate_developmental_validation	filtered Smart-seq2 metadata; postnatal DG samples with QC metrics and clustering labels												
GSE292261	20210412_Blanca_Plate1_A9-E1	mouse	dentate_gyrus	Smart-seq2	DG_P5_Leiden2	DG_P5	5	2.0	DG_P5	4260.0	1115300.0	0.0	True	gene symbols already present in count matrix header	promote_to_primary_dentate_developmental_validation	filtered Smart-seq2 metadata; postnatal DG samples with QC metrics and clustering labels												
GSE292261	20210412_Blanca_Plate1_B1-E1	mouse	dentate_gyrus	Smart-seq2	DG_P5_Leiden2	DG_P5	5	2.0	DG_P5	4638.0	811138.0	0.0	True	gene symbols already present in count matrix header	promote_to_primary_dentate_developmental_validation	filtered Smart-seq2 metadata; postnatal DG samples with QC metrics and clustering labels												
GSE292261	20210412_Blanca_Plate1_B10-E1	mouse	dentate_gyrus	Smart-seq2	DG_P5_Leiden2	DG_P5	5	2.0	DG_P5	4676.0	1127521.0	0.0	True	gene symbols already present in count matrix header	promote_to_primary_dentate_developmental_validation	filtered Smart-seq2 metadata; postnatal DG samples with QC metrics and clustering labels												
GSE292261	20210412_Blanca_Plate1_B11-E1	mouse	dentate_gyrus	Smart-seq2	DG_P5_Leiden2	DG_P5	5	2.0	DG_P5	4967.0	283577.0	0.0	True	gene symbols already present in count matrix header	promote_to_primary_dentate_developmental_validation	filtered Smart-seq2 metadata; postnatal DG samples with QC metrics and clustering labels												
GSE292261	20210412_Blanca_Plate1_B12-E1	mouse	dentate_gyrus	Smart-seq2	DG_P5_Leiden2	DG_P5	5	2.0	DG_P5	4863.0	1139779.0	0.0	True	gene symbols already present in count matrix header	promote_to_primary_dentate_developmental_validation	filtered Smart-seq2 metadata; postnatal DG samples with QC metrics and clustering labels												
GSE292261	20210412_Blanca_Plate1_B2-E1	mouse	dentate_gyrus	Smart-seq2	DG_P5_Leiden2	DG_P5	5	2.0	DG_P5	4297.0	1020965.0	0.0	True	gene symbols already present in count matrix header	promote_to_primary_dentate_developmental_validation	filtered Smart-seq2 metadata; postnatal DG samples with QC metrics and clustering labels												
GSE292261	20210412_Blanca_Plate1_B3-E1	mouse	dentate_gyrus	Smart-seq2	DG_P5_Leiden2	DG_P5	5	2.0	DG_P5	4824.0	1111356.0	0.0	True	gene symbols already present in count matrix header	promote_to_primary_dentate_developmental_validation	filtered Smart-seq2 metadata; postnatal DG samples with QC metrics and clustering labels												
GSE292261	20210412_Blanca_Plate1_B4-E1	mouse	dentate_gyrus	Smart-seq2	DG_P5_Leiden2	DG_P5	5	2.0	DG_P5	4110.0	1084748.0	0.0	True	gene symbols already present in count matrix header	promote_to_primary_dentate_developmental_validation	filtered Smart-seq2 metadata; postnatal DG samples with QC metrics and clustering labels												
GSE292261	20210412_Blanca_Plate1_B5-E1	mouse	dentate_gyrus	Smart-seq2	DG_P5_Leiden2	DG_P5	5	2.0	DG_P5	2510.0	942666.0	0.0	True	gene symbols already present in count matrix header	promote_to_primary_dentate_developmental_validation	filtered Smart-seq2 metadata; postnatal DG samples with QC metrics and clustering labels												
GSE292261	20210412_Blanca_Plate1_B6-E1	mouse	dentate_gyrus	Smart-seq2	DG_P5_Leiden2	DG_P5	5	2.0	DG_P5	2677.0	871628.0	0.0	True	gene symbols already present in count matrix header	promote_to_primary_dentate_developmental_validation	filtered Smart-seq2 metadata; postnatal DG samples with QC metrics and clustering labels												
GSE292261	20210412_Blanca_Plate1_B7-E1	mouse	dentate_gyrus	Smart-seq2	DG_P5_Leiden2	DG_P5	5	2.0	DG_P5	3812.0	1160381.0	0.0	True	gene symbols already present in count matrix header	promote_to_primary_dentate_developmental_validation	filtered Smart-seq2 metadata; postnatal DG samples with QC metrics and clustering labels												
GSE292261	20210412_Blanca_Plate1_B8-E1	mouse	dentate_gyrus	Smart-seq2	DG_P5_Leiden2	DG_P5	5	2.0	DG_P5	5075.0	1114897.0	0.0	True	gene symbols already present in count matrix header	promote_to_primary_dentate_developmental_validation	filtered Smart-seq2 metadata; postnatal DG samples with QC metrics and clustering labels												
GSE292261	20210412_Blanca_Plate1_B9-E1	mouse	dentate_gyrus	Smart-seq2	DG_P5_Leiden2	DG_P5	5	2.0	DG_P5	4786.0	941615.0	0.0	True	gene symbols already present in count matrix header	promote_to_primary_dentate_developmental_validation	filtered Smart-seq2 metadata; postnatal DG samples with QC metrics and clustering labels												
GSE292261	20210412_Blanca_Plate1_C1-E1	mouse	dentate_gyrus	Smart-seq2	DG_P5_Leiden1	DG_P5	5	1.0	DG_P5	5378.0	1049116.0	0.0	True	gene symbols already present in count matrix header	promote_to_primary_dentate_developmental_validation	filtered Smart-seq2 metadata; postnatal DG samples with QC metrics and clustering labels												
GSE292261	20210412_Blanca_Plate1_C10-E1	mouse	dentate_gyrus	Smart-seq2	DG_P5_Leiden2	DG_P5	5	2.0	DG_P5	4482.0	1107715.0	0.0	True	gene symbols already present in count matrix header	promote_to_primary_dentate_developmental_validation	filtered Smart-seq2 metadata; postnatal DG samples with QC metrics and clustering labels												
GSE292261	20210412_Blanca_Plate1_C11-E1	mouse	dentate_gyrus	Smart-seq2	DG_P5_Leiden2	DG_P5	5	2.0	DG_P5	5381.0	1045740.0	0.0	True	gene symbols already present in count matrix header	promote_to_primary_dentate_developmental_validation	filtered Smart-seq2 metadata; postnatal DG samples with QC metrics and clustering labels												
GSE292261	20210412_Blanca_Plate1_C12-E1	mouse	dentate_gyrus	Smart-seq2	DG_P5_Leiden2	DG_P5	5	2.0	DG_P5	4953.0	939532.0	0.0	True	gene symbols already present in count matrix header	promote_to_primary_dentate_developmental_validation	filtered Smart-seq2 metadata; postnatal DG samples with QC metrics and clustering labels												
GSE292261	20210412_Blanca_Plate1_C2-E1	mouse	dentate_gyrus	Smart-seq2	DG_P5_Leiden2	DG_P5	5	2.0	DG_P5	4412.0	864434.0	0.0	True	gene symbols already present in count matrix header	promote_to_primary_dentate_developmental_validation	filtered Smart-seq2 metadata; postnatal DG samples with QC metrics and clustering labels												
GSE292261	20210412_Blanca_Plate1_C3-E1	mouse	dentate_gyrus	Smart-seq2	DG_P5_Leiden2	DG_P5	5	2.0	DG_P5	3882.0	1102250.0	0.0	True	gene symbols already present in count matrix header	promote_to_primary_dentate_developmental_validation	filtered Smart-seq2 metadata; postnatal DG samples with QC metrics and clustering labels												
GSE292261	20210412_Blanca_Plate1_C4-E1	mouse	dentate_gyrus	Smart-seq2	DG_P5_Leiden2	DG_P5	5	2.0	DG_P5	4105.0	1116690.0	0.0	True	gene symbols already present in count matrix header	promote_to_primary_dentate_developmental_validation	filtered Smart-seq2 metadata; postnatal DG samples with QC metrics and clustering labels												
GSE292261	20210412_Blanca_Plate1_C5-E1	mouse	dentate_gyrus	Smart-seq2	DG_P5_Leiden2	DG_P5	5	2.0	DG_P5	3564.0	1057563.0	0.0	True	gene symbols already present in count matrix header	promote_to_primary_dentate_developmental_validation	filtered Smart-seq2 metadata; postnatal DG samples with QC metrics and clustering labels												
GSE292261	20210412_Blanca_Plate1_C6-E1	mouse	dentate_gyrus	Smart-seq2	DG_P5_Leiden2	DG_P5	5	2.0	DG_P5	4654.0	1135398.0	0.0	True	gene symbols already present in count matrix header	promote_to_primary_dentate_developmental_validation	filtered Smart-seq2 metadata; postnatal DG samples with QC metrics and clustering labels												
GSE292261	20210412_Blanca_Plate1_C7-E1	mouse	dentate_gyrus	Smart-seq2	DG_P5_Leiden2	DG_P5	5	2.0	DG_P5	3315.0	1134392.0	0.0	True	gene symbols already present in count matrix header	promote_to_primary_dentate_developmental_validation	filtered Smart-seq2 metadata; postnatal DG samples with QC metrics and clustering labels												
GSE292261	20210412_Blanca_Plate1_C8-E1	mouse	dentate_gyrus	Smart-seq2	DG_P5_Leiden2	DG_P5	5	2.0	DG_P5	4440.0	1082582.0	0.0	True	gene symbols already present in count matrix header	promote_to_primary_dentate_developmental_validation	filtered Smart-seq2 metadata; postnatal DG samples with QC metrics and clustering labels												
GSE292261	20210412_Blanca_Plate1_C9-E1	mouse	dentate_gyrus	Smart-seq2	DG_P5_Leiden2	DG_P5	5	2.0	DG_P5	4977.0	1099532.0	0.0	True	gene symbols already present in count matrix header	promote_to_primary_dentate_developmental_validation	filtered Smart-seq2 metadata; postnatal DG samples with QC metrics and clustering labels												
GSE292261	20210412_Blanca_Plate1_D1-E1	mouse	dentate_gyrus	Smart-seq2	DG_P5_Leiden2	DG_P5	5	2.0	DG_P5	4922.0	875450.0	0.0	True	gene symbols already present in count matrix header	promote_to_primary_dentate_developmental_validation	filtered Smart-seq2 metadata; postnatal DG samples with QC metrics and clustering labels												
GSE292261	20210412_Blanca_Plate1_D10-E1	mouse	dentate_gyrus	Smart-seq2	DG_P5_Leiden2	DG_P5	5	2.0	DG_P5	4973.0	663712.0	0.0	True	gene symbols already present in count matrix header	promote_to_primary_dentate_developmental_validation	filtered Smart-seq2 metadata; postnatal DG samples with QC metrics and clustering labels												
GSE292261	20210412_Blanca_Plate1_D11-E1	mouse	dentate_gyrus	Smart-seq2	DG_P5_Leiden1	DG_P5	5	1.0	DG_P5	5368.0	898357.0	0.0	True	gene symbols already present in count matrix header	promote_to_primary_dentate_developmental_validation	filtered Smart-seq2 metadata; postnatal DG samples with QC metrics and clustering labels												
GSE292261	20210412_Blanca_Plate1_D12-E1	mouse	dentate_gyrus	Smart-seq2	DG_P5_Leiden1	DG_P5	5	1.0	DG_P5	5766.0	842293.0	0.0	True	gene symbols already present in count matrix header	promote_to_primary_dentate_developmental_validation	filtered Smart-seq2 metadata; postnatal DG samples with QC metrics and clustering labels												
GSE292261	20210412_Blanca_Plate1_D2-E1	mouse	dentate_gyrus	Smart-seq2	DG_P5_Leiden2	DG_P5	5	2.0	DG_P5	3727.0	912239.0	0.0	True	gene symbols already present in count matrix header	promote_to_primary_dentate_developmental_validation	filtered Smart-seq2 metadata; postnatal DG samples with QC metrics and clustering labels												
GSE292261	20210412_Blanca_Plate1_D3-E1	mouse	dentate_gyrus	Smart-seq2	DG_P5_Leiden2	DG_P5	5	2.0	DG_P5	4793.0	841313.0	0.0	True	gene symbols already present in count matrix header	promote_to_primary_dentate_developmental_validation	filtered Smart-seq2 metadata; postnatal DG samples with QC metrics and clustering labels												
GSE292261	20210412_Blanca_Plate1_D4-E1	mouse	dentate_gyrus	Smart-seq2	DG_P5_Leiden2	DG_P5	5	2.0	DG_P5	3703.0	925342.0	0.0	True	gene symbols already present in count matrix header	promote_to_primary_dentate_developmental_validation	filtered Smart-seq2 metadata; postnatal DG samples with QC metrics and clustering labels												
GSE292261	20210412_Blanca_Plate1_D5-E1	mouse	dentate_gyrus	Smart-seq2	DG_P5_Leiden2	DG_P5	5	2.0	DG_P5	3295.0	835467.0	0.0	True	gene symbols already present in count matrix header	promote_to_primary_dentate_developmental_validation	filtered Smart-seq2 metadata; postnatal DG samples with QC metrics and clustering labels												
GSE292261	20210412_Blanca_Plate1_D6-E1	mouse	dentate_gyrus	Smart-seq2	DG_P5_Leiden2	DG_P5	5	2.0	DG_P5	4000.0	982903.0	0.0	True	gene symbols already present in count matrix header	promote_to_primary_dentate_developmental_validation	filtered Smart-seq2 metadata; postnatal DG samples with QC metrics and clustering labels												
GSE292261	20210412_Blanca_Plate1_D7-E1	mouse	dentate_gyrus	Smart-seq2	DG_P5_Leiden2	DG_P5	5	2.0	DG_P5	4482.0	1052013.0	0.0	True	gene symbols already present in count matrix header	promote_to_primary_dentate_developmental_validation	filtered Smart-seq2 metadata; postnatal DG samples with QC metrics and clustering labels												
GSE292261	20210412_Blanca_Plate1_D8-E1	mouse	dentate_gyrus	Smart-seq2	DG_P5_Leiden2	DG_P5	5	2.0	DG_P5	4558.0	922175.0	0.0	True	gene symbols already present in count matrix header	promote_to_primary_dentate_developmental_validation	filtered Smart-seq2 metadata; postnatal DG samples with QC metrics and clustering labels												
GSE292261	20210412_Blanca_Plate1_D9-E1	mouse	dentate_gyrus	Smart-seq2	DG_P5_Leiden2	DG_P5	5	2.0	DG_P5	4766.0	975814.0	0.0	True	gene symbols already present in count matrix header	promote_to_primary_dentate_developmental_validation	filtered Smart-seq2 metadata; postnatal DG samples with QC metrics and clustering labels												
GSE292261	20210412_Blanca_Plate1_E1-E1	mouse	dentate_gyrus	Smart-seq2	DG_P5_Leiden2	DG_P5	5	2.0	DG_P5	4929.0	965042.0	0.0	True	gene symbols already present in count matrix header	promote_to_primary_dentate_developmental_validation	filtered Smart-seq2 metadata; postnatal DG samples with QC metrics and clustering labels												
GSE292261	20210412_Blanca_Plate1_E10-E1	mouse	dentate_gyrus	Smart-seq2	DG_P5_Leiden1	DG_P5	5	1.0	DG_P5	4877.0	1034133.0	0.0	True	gene symbols already present in count matrix header	promote_to_primary_dentate_developmental_validation	filtered Smart-seq2 metadata; postnatal DG samples with QC metrics and clustering labels												
GSE292261	20210412_Blanca_Plate1_E11-E1	mouse	dentate_gyrus	Smart-seq2	DG_P5_Leiden1	DG_P5	5	1.0	DG_P5	5591.0	919740.0	0.0	True	gene symbols already present in count matrix header	promote_to_primary_dentate_developmental_validation	filtered Smart-seq2 metadata; postnatal DG samples with QC metrics and clustering labels												
GSE292261	20210412_Blanca_Plate1_E12-E1	mouse	dentate_gyrus	Smart-seq2	DG_P5_Leiden1	DG_P5	5	1.0	DG_P5	5947.0	838844.0	0.0	True	gene symbols already present in count matrix header	promote_to_primary_dentate_developmental_validation	filtered Smart-seq2 metadata; postnatal DG samples with QC metrics and clustering labels												
GSE292261	20210412_Blanca_Plate1_E2-E1	mouse	dentate_gyrus	Smart-seq2	DG_P5_Leiden2	DG_P5	5	2.0	DG_P5	3410.0	1009237.0	0.0	True	gene symbols already present in count matrix header	promote_to_primary_dentate_developmental_validation	filtered Smart-seq2 metadata; postnatal DG samples with QC metrics and clustering labels												
GSE292261	20210412_Blanca_Plate1_E3-E1	mouse	dentate_gyrus	Smart-seq2	DG_P5_Leiden2	DG_P5	5	2.0	DG_P5	4446.0	1095808.0	0.0	True	gene symbols already present in count matrix header	promote_to_primary_dentate_developmental_validation	filtered Smart-seq2 metadata; postnatal DG samples with QC metrics and clustering labels												
GSE292261	20210412_Blanca_Plate1_E4-E1	mouse	dentate_gyrus	Smart-seq2	DG_P5_Leiden2	DG_P5	5	2.0	DG_P5	3370.0	1019885.0	0.0	True	gene symbols already present in count matrix header	promote_to_primary_dentate_developmental_validation	filtered Smart-seq2 metadata; postnatal DG samples with QC metrics and clustering labels												
GSE292261	20210412_Blanca_Plate1_E5-E1	mouse	dentate_gyrus	Smart-seq2	DG_P5_Leiden2	DG_P5	5	2.0	DG_P5	4601.0	1078348.0	0.0	True	gene symbols already present in count matrix header	promote_to_primary_dentate_developmental_validation	filtered Smart-seq2 metadata; postnatal DG samples with QC metrics and clustering labels												
GSE292261	20210412_Blanca_Plate1_E6-E1	mouse	dentate_gyrus	Smart-seq2	DG_P5_Leiden2	DG_P5	5	2.0	DG_P5	4367.0	908209.0	0.0	True	gene symbols already present in count matrix header	promote_to_primary_dentate_developmental_validation	filtered Smart-seq2 metadata; postnatal DG samples with QC metrics and clustering labels												
GSE292261	20210412_Blanca_Plate1_E7-E1	mouse	dentate_gyrus	Smart-seq2	DG_P5_Leiden2	DG_P5	5	2.0	DG_P5	3839.0	1099812.0	0.0	True	gene symbols already present in count matrix header	promote_to_primary_dentate_developmental_validation	filtered Smart-seq2 metadata; postnatal DG samples with QC metrics and clustering labels												
GSE292261	20210412_Blanca_Plate1_E8-E1	mouse	dentate_gyrus	Smart-seq2	DG_P5_Leiden2	DG_P5	5	2.0	DG_P5	3664.0	1092397.0	0.0	True	gene symbols already present in count matrix header	promote_to_primary_dentate_developmental_validation	filtered Smart-seq2 metadata; postnatal DG samples with QC metrics and clustering labels												
GSE292261	20210412_Blanca_Plate1_E9-E1	mouse	dentate_gyrus	Smart-seq2	DG_P5_Leiden1	DG_P5	5	1.0	DG_P5	5608.0	1085528.0	0.0	True	gene symbols already present in count matrix header	promote_to_primary_dentate_developmental_validation	filtered Smart-seq2 metadata; postnatal DG samples with QC metrics and clustering labels												
GSE292261	20210412_Blanca_Plate1_F1-E1	mouse	dentate_gyrus	Smart-seq2	DG_P5_Leiden2	DG_P5	5	2.0	DG_P5	3382.0	746155.0	0.0	True	gene symbols already present in count matrix header	promote_to_primary_dentate_developmental_validation	filtered Smart-seq2 metadata; postnatal DG samples with QC metrics and clustering labels												
GSE292261	20210412_Blanca_Plate1_F10-E1	mouse	dentate_gyrus	Smart-seq2	DG_P5_Leiden2	DG_P5	5	2.0	DG_P5	4596.0	968428.0	0.0	True	gene symbols already present in count matrix header	promote_to_primary_dentate_developmental_validation	filtered Smart-seq2 metadata; postnatal DG samples with QC metrics and clustering labels												
GSE292261	20210412_Blanca_Plate1_F11-E1	mouse	dentate_gyrus	Smart-seq2	DG_P5_Leiden2	DG_P5	5	2.0	DG_P5	4452.0	966003.0	0.0	True	gene symbols already present in count matrix header	promote_to_primary_dentate_developmental_validation	filtered Smart-seq2 metadata; postnatal DG samples with QC metrics and clustering labels												
GSE292261	20210412_Blanca_Plate1_F12-E1	mouse	dentate_gyrus	Smart-seq2	DG_P5_Leiden2	DG_P5	5	2.0	DG_P5	3909.0	721284.0	0.0	True	gene symbols already present in count matrix header	promote_to_primary_dentate_developmental_validation	filtered Smart-seq2 metadata; postnatal DG samples with QC metrics and clustering labels												
GSE292261	20210412_Blanca_Plate1_F2-E1	mouse	dentate_gyrus	Smart-seq2	DG_P5_Leiden2	DG_P5	5	2.0	DG_P5	3922.0	941591.0	0.0	True	gene symbols already present in count matrix header	promote_to_primary_dentate_developmental_validation	filtered Smart-seq2 metadata; postnatal DG samples with QC metrics and clustering labels												
GSE292261	20210412_Blanca_Plate1_F3-E1	mouse	dentate_gyrus	Smart-seq2	DG_P5_Leiden2	DG_P5	5	2.0	DG_P5	4608.0	949463.0	0.0	True	gene symbols already present in count matrix header	promote_to_primary_dentate_developmental_validation	filtered Smart-seq2 metadata; postnatal DG samples with QC metrics and clustering labels												
GSE292261	20210412_Blanca_Plate1_F4-E1	mouse	dentate_gyrus	Smart-seq2	DG_P5_Leiden2	DG_P5	5	2.0	DG_P5	5012.0	901148.0	0.0	True	gene symbols already present in count matrix header	promote_to_primary_dentate_developmental_validation	filtered Smart-seq2 metadata; postnatal DG samples with QC metrics and clustering labels												
GSE292261	20210412_Blanca_Plate1_F5-E1	mouse	dentate_gyrus	Smart-seq2	DG_P5_Leiden2	DG_P5	5	2.0	DG_P5	4666.0	994206.0	0.0	True	gene symbols already present in count matrix header	promote_to_primary_dentate_developmental_validation	filtered Smart-seq2 metadata; postnatal DG samples with QC metrics and clustering labels												
GSE292261	20210412_Blanca_Plate1_F6-E1	mouse	dentate_gyrus	Smart-seq2	DG_P5_Leiden2	DG_P5	5	2.0	DG_P5	3868.0	974603.0	0.0	True	gene symbols already present in count matrix header	promote_to_primary_dentate_developmental_validation	filtered Smart-seq2 metadata; postnatal DG samples with QC metrics and clustering labels												
GSE292261	20210412_Blanca_Plate1_F7-E1	mouse	dentate_gyrus	Smart-seq2	DG_P5_Leiden2	DG_P5	5	2.0	DG_P5	3142.0	884854.0	0.0	True	gene symbols already present in count matrix header	promote_to_primary_dentate_developmental_validation	filtered Smart-seq2 metadata; postnatal DG samples with QC metrics and clustering labels												
GSE292261	20210412_Blanca_Plate1_F8-E1	mouse	dentate_gyrus	Smart-seq2	DG_P5_Leiden2	DG_P5	5	2.0	DG_P5	5155.0	995129.0	0.0	True	gene symbols already present in count matrix header	promote_to_primary_dentate_developmental_validation	filtered Smart-seq2 metadata; postnatal DG samples with QC metrics and clustering labels												
GSE292261	20210412_Blanca_Plate1_F9-E1	mouse	dentate_gyrus	Smart-seq2	DG_P5_Leiden1	DG_P5	5	1.0	DG_P5	5208.0	978024.0	0.0	True	gene symbols already present in count matrix header	promote_to_primary_dentate_developmental_validation	filtered Smart-seq2 metadata; postnatal DG samples with QC metrics and clustering labels												
GSE292261	20210412_Blanca_Plate1_G1-E1	mouse	dentate_gyrus	Smart-seq2	DG_P5_Leiden2	DG_P5	5	2.0	DG_P5	3496.0	1027304.0	0.0	True	gene symbols already present in count matrix header	promote_to_primary_dentate_developmental_validation	filtered Smart-seq2 metadata; postnatal DG samples with QC metrics and clustering labels												
GSE292261	20210412_Blanca_Plate1_G10-E1	mouse	dentate_gyrus	Smart-seq2	DG_P5_Leiden2	DG_P5	5	2.0	DG_P5	4802.0	1107536.0	0.0	True	gene symbols already present in count matrix header	promote_to_primary_dentate_developmental_validation	filtered Smart-seq2 metadata; postnatal DG samples with QC metrics and clustering labels												
GSE292261	20210412_Blanca_Plate1_G11-E1	mouse	dentate_gyrus	Smart-seq2	DG_P5_Leiden1	DG_P5	5	1.0	DG_P5	5283.0	887544.0	0.0	True	gene symbols already present in count matrix header	promote_to_primary_dentate_developmental_validation	filtered Smart-seq2 metadata; postnatal DG samples with QC metrics and clustering labels												
GSE292261	20210412_Blanca_Plate1_G2-E1	mouse	dentate_gyrus	Smart-seq2	DG_P5_Leiden2	DG_P5	5	2.0	DG_P5	4139.0	1011907.0	0.0	True	gene symbols already present in count matrix header	promote_to_primary_dentate_developmental_validation	filtered Smart-seq2 metadata; postnatal DG samples with QC metrics and clustering labels												
GSE292261	20210412_Blanca_Plate1_G3-E1	mouse	dentate_gyrus	Smart-seq2	DG_P5_Leiden2	DG_P5	5	2.0	DG_P5	3594.0	983562.0	0.0	True	gene symbols already present in count matrix header	promote_to_primary_dentate_developmental_validation	filtered Smart-seq2 metadata; postnatal DG samples with QC metrics and clustering labels												
GSE292261	20210412_Blanca_Plate1_G4-E1	mouse	dentate_gyrus	Smart-seq2	DG_P5_Leiden2	DG_P5	5	2.0	DG_P5	4174.0	1096869.0	0.0	True	gene symbols already present in count matrix header	promote_to_primary_dentate_developmental_validation	filtered Smart-seq2 metadata; postnatal DG samples with QC metrics and clustering labels												
GSE292261	20210412_Blanca_Plate1_G5-E1	mouse	dentate_gyrus	Smart-seq2	DG_P5_Leiden2	DG_P5	5	2.0	DG_P5	4130.0	892229.0	0.0	True	gene symbols already present in count matrix header	promote_to_primary_dentate_developmental_validation	filtered Smart-seq2 metadata; postnatal DG samples with QC metrics and clustering labels												
GSE292261	20210412_Blanca_Plate1_G6-E1	mouse	dentate_gyrus	Smart-seq2	DG_P5_Leiden2	DG_P5	5	2.0	DG_P5	3680.0	695266.0	0.0	True	gene symbols already present in count matrix header	promote_to_primary_dentate_developmental_validation	filtered Smart-seq2 metadata; postnatal DG samples with QC metrics and clustering labels												
GSE292261	20210412_Blanca_Plate1_G7-E1	mouse	dentate_gyrus	Smart-seq2	DG_P5_Leiden2	DG_P5	5	2.0	DG_P5	3076.0	918893.0	0.0	True	gene symbols already present in count matrix header	promote_to_primary_dentate_developmental_validation	filtered Smart-seq2 metadata; postnatal DG samples with QC metrics and clustering labels												
GSE292261	20210412_Blanca_Plate1_G8-E1	mouse	dentate_gyrus	Smart-seq2	DG_P5_Leiden2	DG_P5	5	2.0	DG_P5	3636.0	1125127.0	0.0	True	gene symbols already present in count matrix header	promote_to_primary_dentate_developmental_validation	filtered Smart-seq2 metadata; postnatal DG samples with QC metrics and clustering labels												
GSE292261	20210412_Blanca_Plate1_G9-E1	mouse	dentate_gyrus	Smart-seq2	DG_P5_Leiden2	DG_P5	5	2.0	DG_P5	5497.0	1050887.0	0.0	True	gene symbols already present in count matrix header	promote_to_primary_dentate_developmental_validation	filtered Smart-seq2 metadata; postnatal DG samples with QC metrics and clustering labels												
GSE292261	20210412_Blanca_Plate1_H1-E1	mouse	dentate_gyrus	Smart-seq2	DG_P5_Leiden2	DG_P5	5	2.0	DG_P5	4785.0	921553.0	0.0	True	gene symbols already present in count matrix header	promote_to_primary_dentate_developmental_validation	filtered Smart-seq2 metadata; postnatal DG samples with QC metrics and clustering labels												
GSE292261	20210412_Blanca_Plate1_H10-E1	mouse	dentate_gyrus	Smart-seq2	DG_P5_Leiden2	DG_P5	5	2.0	DG_P5	4776.0	1018439.0	0.0	True	gene symbols already present in count matrix header	promote_to_primary_dentate_developmental_validation	filtered Smart-seq2 metadata; postnatal DG samples with QC metrics and clustering labels												
GSE292261	20210412_Blanca_Plate1_H11-E1	mouse	dentate_gyrus	Smart-seq2	DG_P5_Leiden1	DG_P5	5	1.0	DG_P5	5363.0	761980.0	0.0	True	gene symbols already present in count matrix header	promote_to_primary_dentate_developmental_validation	filtered Smart-seq2 metadata; postnatal DG samples with QC metrics and clustering labels												
GSE292261	20210412_Blanca_Plate1_H2-E1	mouse	dentate_gyrus	Smart-seq2	DG_P5_Leiden2	DG_P5	5	2.0	DG_P5	4014.0	825777.0	0.0	True	gene symbols already present in count matrix header	promote_to_primary_dentate_developmental_validation	filtered Smart-seq2 metadata; postnatal DG samples with QC metrics and clustering labels												
GSE292261	20210412_Blanca_Plate1_H3-E1	mouse	dentate_gyrus	Smart-seq2	DG_P5_Leiden2	DG_P5	5	2.0	DG_P5	5069.0	997621.0	0.0	True	gene symbols already present in count matrix header	promote_to_primary_dentate_developmental_validation	filtered Smart-seq2 metadata; postnatal DG samples with QC metrics and clustering labels												
GSE292261	20210412_Blanca_Plate1_H4-E1	mouse	dentate_gyrus	Smart-seq2	DG_P5_Leiden2	DG_P5	5	2.0	DG_P5	4349.0	1012858.0	0.0	True	gene symbols already present in count matrix header	promote_to_primary_dentate_developmental_validation	filtered Smart-seq2 metadata; postnatal DG samples with QC metrics and clustering labels												
GSE292261	20210412_Blanca_Plate1_H5-E1	mouse	dentate_gyrus	Smart-seq2	DG_P5_Leiden2	DG_P5	5	2.0	DG_P5	4492.0	1078864.0	0.0	True	gene symbols already present in count matrix header	promote_to_primary_dentate_developmental_validation	filtered Smart-seq2 metadata; postnatal DG samples with QC metrics and clustering labels												
GSE292261	20210412_Blanca_Plate1_H6-E1	mouse	dentate_gyrus	Smart-seq2	DG_P5_Leiden2	DG_P5	5	2.0	DG_P5	4675.0	1016784.0	0.0	True	gene symbols already present in count matrix header	promote_to_primary_dentate_developmental_validation	filtered Smart-seq2 metadata; postnatal DG samples with QC metrics and clustering labels												
GSE292261	20210412_Blanca_Plate1_H7-E1	mouse	dentate_gyrus	Smart-seq2	DG_P5_Leiden2	DG_P5	5	2.0	DG_P5	4637.0	1085131.0	0.0	True	gene symbols already present in count matrix header	promote_to_primary_dentate_developmental_validation	filtered Smart-seq2 metadata; postnatal DG samples with QC metrics and clustering labels												
GSE292261	20210412_Blanca_Plate1_H8-E1	mouse	dentate_gyrus	Smart-seq2	DG_P5_Leiden2	DG_P5	5	2.0	DG_P5	3695.0	750303.0	0.0	True	gene symbols already present in count matrix header	promote_to_primary_dentate_developmental_validation	filtered Smart-seq2 metadata; postnatal DG samples with QC metrics and clustering labels												
GSE292261	20210412_Blanca_Plate1_H9-E1	mouse	dentate_gyrus	Smart-seq2	DG_P5_Leiden1	DG_P5	5	1.0	DG_P5	5040.0	1002107.0	0.0	True	gene symbols already present in count matrix header	promote_to_primary_dentate_developmental_validation	filtered Smart-seq2 metadata; postnatal DG samples with QC metrics and clustering labels												
GSE292261	20210417_Blanca_Plate3_A1-E1	mouse	dentate_gyrus	Smart-seq2	DG_P10_Leiden1	DG_P10	10	1.0	DG_P10	3538.0	241545.0	0.0	True	gene symbols already present in count matrix header	promote_to_primary_dentate_developmental_validation	filtered Smart-seq2 metadata; postnatal DG samples with QC metrics and clustering labels												
GSE292261	20210417_Blanca_Plate3_A10-E1	mouse	dentate_gyrus	Smart-seq2	DG_P10_Leiden4	DG_P10	10	4.0	DG_P10	4423.0	549294.0	0.0	True	gene symbols already present in count matrix header	promote_to_primary_dentate_developmental_validation	filtered Smart-seq2 metadata; postnatal DG samples with QC metrics and clustering labels												
GSE292261	20210417_Blanca_Plate3_A11-E1	mouse	dentate_gyrus	Smart-seq2	DG_P10_Leiden1	DG_P10	10	1.0	DG_P10	4694.0	347009.0	0.0	True	gene symbols already present in count matrix header	promote_to_primary_dentate_developmental_validation	filtered Smart-seq2 metadata; postnatal DG samples with QC metrics and clustering labels												
GSE292261	20210417_Blanca_Plate3_A12-E1	mouse	dentate_gyrus	Smart-seq2	DG_P10_Leiden4	DG_P10	10	4.0	DG_P10	4725.0	483809.0	0.0	True	gene symbols already present in count matrix header	promote_to_primary_dentate_developmental_validation	filtered Smart-seq2 metadata; postnatal DG samples with QC metrics and clustering labels												
GSE292261	20210417_Blanca_Plate3_A2-E1	mouse	dentate_gyrus	Smart-seq2	DG_P10_Leiden4	DG_P10	10	4.0	DG_P10	3698.0	312785.0	0.0	True	gene symbols already present in count matrix header	promote_to_primary_dentate_developmental_validation	filtered Smart-seq2 metadata; postnatal DG samples with QC metrics and clustering labels												
GSE292261	20210417_Blanca_Plate3_A3-E1	mouse	dentate_gyrus	Smart-seq2	DG_P10_Leiden5	DG_P10	10	5.0	DG_P10	4443.0	392485.0	0.0	True	gene symbols already present in count matrix header	promote_to_primary_dentate_developmental_validation	filtered Smart-seq2 metadata; postnatal DG samples with QC metrics and clustering labels												
GSE292261	20210417_Blanca_Plate3_A4-E1	mouse	dentate_gyrus	Smart-seq2	DG_P10_Leiden4	DG_P10	10	4.0	DG_P10	5217.0	414670.0	0.0	True	gene symbols already present in count matrix header	promote_to_primary_dentate_developmental_validation	filtered Smart-seq2 metadata; postnatal DG samples with QC metrics and clustering labels												
GSE292261	20210417_Blanca_Plate3_A5-E1	mouse	dentate_gyrus	Smart-seq2	DG_P10_Leiden5	DG_P10	10	5.0	DG_P10	5105.0	431899.0	0.0	True	gene symbols already present in count matrix header	promote_to_primary_dentate_developmental_validation	filtered Smart-seq2 metadata; postnatal DG samples with QC metrics and clustering labels												
GSE292261	20210417_Blanca_Plate3_A6-E1	mouse	dentate_gyrus	Smart-seq2	DG_P10_Leiden4	DG_P10	10	4.0	DG_P10	5546.0	501374.0	0.0	True	gene symbols already present in count matrix header	promote_to_primary_dentate_developmental_validation	filtered Smart-seq2 metadata; postnatal DG samples with QC metrics and clustering labels												
GSE292261	20210417_Blanca_Plate3_A7-E1	mouse	dentate_gyrus	Smart-seq2	DG_P10_Leiden5	DG_P10	10	5.0	DG_P10	5145.0	480900.0	0.0	True	gene symbols already present in count matrix header	promote_to_primary_dentate_developmental_validation	filtered Smart-seq2 metadata; postnatal DG samples with QC metrics and clustering labels												
GSE292261	20210417_Blanca_Plate3_A8-E1	mouse	dentate_gyrus	Smart-seq2	DG_P10_Leiden4	DG_P10	10	4.0	DG_P10	4604.0	377426.0	0.0	True	gene symbols already present in count matrix header	promote_to_primary_dentate_developmental_validation	filtered Smart-seq2 metadata; postnatal DG samples with QC metrics and clustering labels												
GSE292261	20210417_Blanca_Plate3_A9-E1	mouse	dentate_gyrus	Smart-seq2	DG_P10_Leiden4	DG_P10	10	4.0	DG_P10	4953.0	497982.0	0.0	True	gene symbols already present in count matrix header	promote_to_primary_dentate_developmental_validation	filtered Smart-seq2 metadata; postnatal DG samples with QC metrics and clustering labels												
GSE292261	20210417_Blanca_Plate3_B10-E1	mouse	dentate_gyrus	Smart-seq2	DG_P10_Leiden4	DG_P10	10	4.0	DG_P10	5482.0	499500.0	0.0	True	gene symbols already present in count matrix header	promote_to_primary_dentate_developmental_validation	filtered Smart-seq2 metadata; postnatal DG samples with QC metrics and clustering labels												
GSE292261	20210417_Blanca_Plate3_B11-E1	mouse	dentate_gyrus	Smart-seq2	DG_P10_Leiden1	DG_P10	10	1.0	DG_P10	4993.0	500513.0	0.0	True	gene symbols already present in count matrix header	promote_to_primary_dentate_developmental_validation	filtered Smart-seq2 metadata; postnatal DG samples with QC metrics and clustering labels												
GSE292261	20210417_Blanca_Plate3_B12-E1	mouse	dentate_gyrus	Smart-seq2	DG_P10_Leiden1	DG_P10	10	1.0	DG_P10	3442.0	279729.0	0.0	True	gene symbols already present in count matrix header	promote_to_primary_dentate_developmental_validation	filtered Smart-seq2 metadata; postnatal DG samples with QC metrics and clustering labels												
GSE292261	20210417_Blanca_Plate3_B2-E1	mouse	dentate_gyrus	Smart-seq2	DG_P10_Leiden1	DG_P10	10	1.0	DG_P10	4407.0	504765.0	0.0	True	gene symbols already present in count matrix header	promote_to_primary_dentate_developmental_validation	filtered Smart-seq2 metadata; postnatal DG samples with QC metrics and clustering labels												
GSE292261	20210417_Blanca_Plate3_B3-E1	mouse	dentate_gyrus	Smart-seq2	DG_P10_Leiden4	DG_P10	10	4.0	DG_P10	5281.0	555947.0	0.0	True	gene symbols already present in count matrix header	promote_to_primary_dentate_developmental_validation	filtered Smart-seq2 metadata; postnatal DG samples with QC metrics and clustering labels												
GSE292261	20210417_Blanca_Plate3_B4-E1	mouse	dentate_gyrus	Smart-seq2	DG_P10_Leiden4	DG_P10	10	4.0	DG_P10	5779.0	580049.0	0.0	True	gene symbols already present in count matrix header	promote_to_primary_dentate_developmental_validation	filtered Smart-seq2 metadata; postnatal DG samples with QC metrics and clustering labels												
GSE292261	20210417_Blanca_Plate3_B5-E1	mouse	dentate_gyrus	Smart-seq2	DG_P10_Leiden4	DG_P10	10	4.0	DG_P10	5090.0	550981.0	0.0	True	gene symbols already present in count matrix header	promote_to_primary_dentate_developmental_validation	filtered Smart-seq2 metadata; postnatal DG samples with QC metrics and clustering labels												
GSE292261	20210417_Blanca_Plate3_B6-E1	mouse	dentate_gyrus	Smart-seq2	DG_P10_Leiden4	DG_P10	10	4.0	DG_P10	5488.0	549778.0	0.0	True	gene symbols already present in count matrix header	promote_to_primary_dentate_developmental_validation	filtered Smart-seq2 metadata; postnatal DG samples with QC metrics and clustering labels												
GSE292261	20210417_Blanca_Plate3_B7-E1	mouse	dentate_gyrus	Smart-seq2	DG_P10_Leiden4	DG_P10	10	4.0	DG_P10	5452.0	492054.0	0.0	True	gene symbols already present in count matrix header	promote_to_primary_dentate_developmental_validation	filtered Smart-seq2 metadata; postnatal DG samples with QC metrics and clustering labels												
GSE292261	20210417_Blanca_Plate3_B8-E1	mouse	dentate_gyrus	Smart-seq2	DG_P10_Leiden4	DG_P10	10	4.0	DG_P10	4918.0	523000.0	0.0	True	gene symbols already present in count matrix header	promote_to_primary_dentate_developmental_validation	filtered Smart-seq2 metadata; postnatal DG samples with QC metrics and clustering labels												
GSE292261	20210417_Blanca_Plate3_B9-E1	mouse	dentate_gyrus	Smart-seq2	DG_P10_Leiden5	DG_P10	10	5.0	DG_P10	4394.0	498676.0	0.0	True	gene symbols already present in count matrix header	promote_to_primary_dentate_developmental_validation	filtered Smart-seq2 metadata; postnatal DG samples with QC metrics and clustering labels												
GSE292261	20210417_Blanca_Plate3_C10-E1	mouse	dentate_gyrus	Smart-seq2	DG_P10_Leiden5	DG_P10	10	5.0	DG_P10	5125.0	470638.0	0.0	True	gene symbols already present in count matrix header	promote_to_primary_dentate_developmental_validation	filtered Smart-seq2 metadata; postnatal DG samples with QC metrics and clustering labels												
GSE292261	20210417_Blanca_Plate3_C11-E1	mouse	dentate_gyrus	Smart-seq2	DG_P10_Leiden1	DG_P10	10	1.0	DG_P10	5180.0	456473.0	0.0	True	gene symbols already present in count matrix header	promote_to_primary_dentate_developmental_validation	filtered Smart-seq2 metadata; postnatal DG samples with QC metrics and clustering labels												
GSE292261	20210417_Blanca_Plate3_C12-E1	mouse	dentate_gyrus	Smart-seq2	DG_P10_Leiden1	DG_P10	10	1.0	DG_P10	4456.0	378902.0	0.0	True	gene symbols already present in count matrix header	promote_to_primary_dentate_developmental_validation	filtered Smart-seq2 metadata; postnatal DG samples with QC metrics and clustering labels												
GSE292261	20210417_Blanca_Plate3_C2-E1	mouse	dentate_gyrus	Smart-seq2	DG_P10_Leiden4	DG_P10	10	4.0	DG_P10	5368.0	428596.0	0.0	True	gene symbols already present in count matrix header	promote_to_primary_dentate_developmental_validation	filtered Smart-seq2 metadata; postnatal DG samples with QC metrics and clustering labels												
GSE292261	20210417_Blanca_Plate3_C3-E1	mouse	dentate_gyrus	Smart-seq2	DG_P10_Leiden5	DG_P10	10	5.0	DG_P10	6827.0	610593.0	0.0	True	gene symbols already present in count matrix header	promote_to_primary_dentate_developmental_validation	filtered Smart-seq2 metadata; postnatal DG samples with QC metrics and clustering labels												
GSE292261	20210417_Blanca_Plate3_C4-E1	mouse	dentate_gyrus	Smart-seq2	DG_P10_Leiden4	DG_P10	10	4.0	DG_P10	5203.0	645972.0	0.0	True	gene symbols already present in count matrix header	promote_to_primary_dentate_developmental_validation	filtered Smart-seq2 metadata; postnatal DG samples with QC metrics and clustering labels												
GSE292261	20210417_Blanca_Plate3_C5-E1	mouse	dentate_gyrus	Smart-seq2	DG_P10_Leiden4	DG_P10	10	4.0	DG_P10	4986.0	273007.0	0.0	True	gene symbols already present in count matrix header	promote_to_primary_dentate_developmental_validation	filtered Smart-seq2 metadata; postnatal DG samples with QC metrics and clustering labels												
GSE292261	20210417_Blanca_Plate3_C6-E1	mouse	dentate_gyrus	Smart-seq2	DG_P10_Leiden4	DG_P10	10	4.0	DG_P10	5100.0	439597.0	0.0	True	gene symbols already present in count matrix header	promote_to_primary_dentate_developmental_validation	filtered Smart-seq2 metadata; postnatal DG samples with QC metrics and clustering labels												
GSE292261	20210417_Blanca_Plate3_C7-E1	mouse	dentate_gyrus	Smart-seq2	DG_P10_Leiden4	DG_P10	10	4.0	DG_P10	4895.0	399310.0	0.0	True	gene symbols already present in count matrix header	promote_to_primary_dentate_developmental_validation	filtered Smart-seq2 metadata; postnatal DG samples with QC metrics and clustering labels												
GSE292261	20210417_Blanca_Plate3_C8-E1	mouse	dentate_gyrus	Smart-seq2	DG_P10_Leiden1	DG_P10	10	1.0	DG_P10	5188.0	479993.0	0.0	True	gene symbols already present in count matrix header	promote_to_primary_dentate_developmental_validation	filtered Smart-seq2 metadata; postnatal DG samples with QC metrics and clustering labels												
GSE292261	20210417_Blanca_Plate3_C9-E1	mouse	dentate_gyrus	Smart-seq2	DG_P10_Leiden4	DG_P10	10	4.0	DG_P10	5300.0	583877.0	0.0	True	gene symbols already present in count matrix header	promote_to_primary_dentate_developmental_validation	filtered Smart-seq2 metadata; postnatal DG samples with QC metrics and clustering labels												
GSE292261	20210417_Blanca_Plate3_D1-E1	mouse	dentate_gyrus	Smart-seq2	DG_P10_Leiden1	DG_P10	10	1.0	DG_P10	7843.0	420484.0	0.0	True	gene symbols already present in count matrix header	promote_to_primary_dentate_developmental_validation	filtered Smart-seq2 metadata; postnatal DG samples with QC metrics and clustering labels												
GSE292261	20210417_Blanca_Plate3_D10-E1	mouse	dentate_gyrus	Smart-seq2	DG_P10_Leiden5	DG_P10	10	5.0	DG_P10	4134.0	285654.0	0.0	True	gene symbols already present in count matrix header	promote_to_primary_dentate_developmental_validation	filtered Smart-seq2 metadata; postnatal DG samples with QC metrics and clustering labels												
GSE292261	20210417_Blanca_Plate3_D11-E1	mouse	dentate_gyrus	Smart-seq2	DG_P10_Leiden1	DG_P10	10	1.0	DG_P10	4653.0	392989.0	0.0	True	gene symbols already present in count matrix header	promote_to_primary_dentate_developmental_validation	filtered Smart-seq2 metadata; postnatal DG samples with QC metrics and clustering labels												
GSE292261	20210417_Blanca_Plate3_D12-E1	mouse	dentate_gyrus	Smart-seq2	DG_P10_Leiden1	DG_P10	10	1.0	DG_P10	4299.0	374772.0	0.0	True	gene symbols already present in count matrix header	promote_to_primary_dentate_developmental_validation	filtered Smart-seq2 metadata; postnatal DG samples with QC metrics and clustering labels												
GSE292261	20210417_Blanca_Plate3_D2-E1	mouse	dentate_gyrus	Smart-seq2	DG_P10_Leiden1	DG_P10	10	1.0	DG_P10	4539.0	379119.0	0.0	True	gene symbols already present in count matrix header	promote_to_primary_dentate_developmental_validation	filtered Smart-seq2 metadata; postnatal DG samples with QC metrics and clustering labels												
GSE292261	20210417_Blanca_Plate3_D3-E1	mouse	dentate_gyrus	Smart-seq2	DG_P10_Leiden1	DG_P10	10	1.0	DG_P10	4971.0	414655.0	0.0	True	gene symbols already present in count matrix header	promote_to_primary_dentate_developmental_validation	filtered Smart-seq2 metadata; postnatal DG samples with QC metrics and clustering labels												
GSE292261	20210417_Blanca_Plate3_D4-E1	mouse	dentate_gyrus	Smart-seq2	DG_P10_Leiden1	DG_P10	10	1.0	DG_P10	4516.0	364665.0	0.0	True	gene symbols already present in count matrix header	promote_to_primary_dentate_developmental_validation	filtered Smart-seq2 metadata; postnatal DG samples with QC metrics and clustering labels												
GSE292261	20210417_Blanca_Plate3_D5-E1	mouse	dentate_gyrus	Smart-seq2	DG_P10_Leiden5	DG_P10	10	5.0	DG_P10	4966.0	369931.0	0.0	True	gene symbols already present in count matrix header	promote_to_primary_dentate_developmental_validation	filtered Smart-seq2 metadata; postnatal DG samples with QC metrics and clustering labels												
GSE292261	20210417_Blanca_Plate3_D6-E1	mouse	dentate_gyrus	Smart-seq2	DG_P10_Leiden4	DG_P10	10	4.0	DG_P10	5314.0	374996.0	0.0	True	gene symbols already present in count matrix header	promote_to_primary_dentate_developmental_validation	filtered Smart-seq2 metadata; postnatal DG samples with QC metrics and clustering labels												
GSE292261	20210417_Blanca_Plate3_D7-E1	mouse	dentate_gyrus	Smart-seq2	DG_P10_Leiden4	DG_P10	10	4.0	DG_P10	5245.0	396840.0	0.0	True	gene symbols already present in count matrix header	promote_to_primary_dentate_developmental_validation	filtered Smart-seq2 metadata; postnatal DG samples with QC metrics and clustering labels												
GSE292261	20210417_Blanca_Plate3_D8-E1	mouse	dentate_gyrus	Smart-seq2	DG_P10_Leiden5	DG_P10	10	5.0	DG_P10	5237.0	396028.0	0.0	True	gene symbols already present in count matrix header	promote_to_primary_dentate_developmental_validation	filtered Smart-seq2 metadata; postnatal DG samples with QC metrics and clustering labels												
GSE292261	20210417_Blanca_Plate3_D9-E1	mouse	dentate_gyrus	Smart-seq2	DG_P10_Leiden1	DG_P10	10	1.0	DG_P10	5024.0	458561.0	0.0	True	gene symbols already present in count matrix header	promote_to_primary_dentate_developmental_validation	filtered Smart-seq2 metadata; postnatal DG samples with QC metrics and clustering labels												
GSE292261	20210417_Blanca_Plate3_E1-E1	mouse	dentate_gyrus	Smart-seq2	DG_P10_Leiden4	DG_P10	10	4.0	DG_P10	6322.0	481415.0	0.0	True	gene symbols already present in count matrix header	promote_to_primary_dentate_developmental_validation	filtered Smart-seq2 metadata; postnatal DG samples with QC metrics and clustering labels												
GSE292261	20210417_Blanca_Plate3_E10-E1	mouse	dentate_gyrus	Smart-seq2	DG_P10_Leiden5	DG_P10	10	5.0	DG_P10	5135.0	428844.0	0.0	True	gene symbols already present in count matrix header	promote_to_primary_dentate_developmental_validation	filtered Smart-seq2 metadata; postnatal DG samples with QC metrics and clustering labels												
GSE292261	20210417_Blanca_Plate3_E11-E1	mouse	dentate_gyrus	Smart-seq2	DG_P10_Leiden1	DG_P10	10	1.0	DG_P10	5407.0	444909.0	0.0	True	gene symbols already present in count matrix header	promote_to_primary_dentate_developmental_validation	filtered Smart-seq2 metadata; postnatal DG samples with QC metrics and clustering labels												
GSE292261	20210417_Blanca_Plate3_E12-E1	mouse	dentate_gyrus	Smart-seq2	DG_P10_Leiden1	DG_P10	10	1.0	DG_P10	4249.0	281589.0	0.0	True	gene symbols already present in count matrix header	promote_to_primary_dentate_developmental_validation	filtered Smart-seq2 metadata; postnatal DG samples with QC metrics and clustering labels												
GSE292261	20210417_Blanca_Plate3_E2-E1	mouse	dentate_gyrus	Smart-seq2	DG_P10_Leiden4	DG_P10	10	4.0	DG_P10	5130.0	526631.0	0.0	True	gene symbols already present in count matrix header	promote_to_primary_dentate_developmental_validation	filtered Smart-seq2 metadata; postnatal DG samples with QC metrics and clustering labels												
GSE292261	20210417_Blanca_Plate3_E3-E1	mouse	dentate_gyrus	Smart-seq2	DG_P10_Leiden5	DG_P10	10	5.0	DG_P10	4842.0	466147.0	0.0	True	gene symbols already present in count matrix header	promote_to_primary_dentate_developmental_validation	filtered Smart-seq2 metadata; postnatal DG samples with QC metrics and clustering labels												
GSE292261	20210417_Blanca_Plate3_E4-E1	mouse	dentate_gyrus	Smart-seq2	DG_P10_Leiden1	DG_P10	10	1.0	DG_P10	4526.0	434565.0	0.0	True	gene symbols already present in count matrix header	promote_to_primary_dentate_developmental_validation	filtered Smart-seq2 metadata; postnatal DG samples with QC metrics and clustering labels												
GSE292261	20210417_Blanca_Plate3_E5-E1	mouse	dentate_gyrus	Smart-seq2	DG_P10_Leiden4	DG_P10	10	4.0	DG_P10	5481.0	413376.0	0.0	True	gene symbols already present in count matrix header	promote_to_primary_dentate_developmental_validation	filtered Smart-seq2 metadata; postnatal DG samples with QC metrics and clustering labels												
GSE292261	20210417_Blanca_Plate3_E6-E1	mouse	dentate_gyrus	Smart-seq2	DG_P10_Leiden4	DG_P10	10	4.0	DG_P10	5090.0	515896.0	0.0	True	gene symbols already present in count matrix header	promote_to_primary_dentate_developmental_validation	filtered Smart-seq2 metadata; postnatal DG samples with QC metrics and clustering labels												
GSE292261	20210417_Blanca_Plate3_E7-E1	mouse	dentate_gyrus	Smart-seq2	DG_P10_Leiden4	DG_P10	10	4.0	DG_P10	5147.0	440524.0	0.0	True	gene symbols already present in count matrix header	promote_to_primary_dentate_developmental_validation	filtered Smart-seq2 metadata; postnatal DG samples with QC metrics and clustering labels												
GSE292261	20210417_Blanca_Plate3_E8-E1	mouse	dentate_gyrus	Smart-seq2	DG_P10_Leiden4	DG_P10	10	4.0	DG_P10	5372.0	504808.0	0.0	True	gene symbols already present in count matrix header	promote_to_primary_dentate_developmental_validation	filtered Smart-seq2 metadata; postnatal DG samples with QC metrics and clustering labels												
GSE292261	20210417_Blanca_Plate3_E9-E1	mouse	dentate_gyrus	Smart-seq2	DG_P10_Leiden4	DG_P10	10	4.0	DG_P10	5050.0	533024.0	0.0	True	gene symbols already present in count matrix header	promote_to_primary_dentate_developmental_validation	filtered Smart-seq2 metadata; postnatal DG samples with QC metrics and clustering labels												
GSE292261	20210417_Blanca_Plate3_F1-E1	mouse	dentate_gyrus	Smart-seq2	DG_P10_Leiden4	DG_P10	10	4.0	DG_P10	4591.0	474078.0	0.0	True	gene symbols already present in count matrix header	promote_to_primary_dentate_developmental_validation	filtered Smart-seq2 metadata; postnatal DG samples with QC metrics and clustering labels												
GSE292261	20210417_Blanca_Plate3_F10-E1	mouse	dentate_gyrus	Smart-seq2	DG_P10_Leiden4	DG_P10	10	4.0	DG_P10	5442.0	453192.0	0.0	True	gene symbols already present in count matrix header	promote_to_primary_dentate_developmental_validation	filtered Smart-seq2 metadata; postnatal DG samples with QC metrics and clustering labels												
GSE292261	20210417_Blanca_Plate3_F11-E1	mouse	dentate_gyrus	Smart-seq2	DG_P10_Leiden4	DG_P10	10	4.0	DG_P10	5379.0	352968.0	0.0	True	gene symbols already present in count matrix header	promote_to_primary_dentate_developmental_validation	filtered Smart-seq2 metadata; postnatal DG samples with QC metrics and clustering labels												
GSE292261	20210417_Blanca_Plate3_F12-E1	mouse	dentate_gyrus	Smart-seq2	DG_P10_Leiden1	DG_P10	10	1.0	DG_P10	4438.0	251114.0	0.0	True	gene symbols already present in count matrix header	promote_to_primary_dentate_developmental_validation	filtered Smart-seq2 metadata; postnatal DG samples with QC metrics and clustering labels												
GSE292261	20210417_Blanca_Plate3_F2-E1	mouse	dentate_gyrus	Smart-seq2	DG_P10_Leiden1	DG_P10	10	1.0	DG_P10	4340.0	377166.0	0.0	True	gene symbols already present in count matrix header	promote_to_primary_dentate_developmental_validation	filtered Smart-seq2 metadata; postnatal DG samples with QC metrics and clustering labels												
GSE292261	20210417_Blanca_Plate3_F4-E1	mouse	dentate_gyrus	Smart-seq2	DG_P10_Leiden1	DG_P10	10	1.0	DG_P10	4971.0	425997.0	0.0	True	gene symbols already present in count matrix header	promote_to_primary_dentate_developmental_validation	filtered Smart-seq2 metadata; postnatal DG samples with QC metrics and clustering labels												
GSE292261	20210417_Blanca_Plate3_F5-E1	mouse	dentate_gyrus	Smart-seq2	DG_P10_Leiden1	DG_P10	10	1.0	DG_P10	5143.0	410506.0	0.0	True	gene symbols already present in count matrix header	promote_to_primary_dentate_developmental_validation	filtered Smart-seq2 metadata; postnatal DG samples with QC metrics and clustering labels												
GSE292261	20210417_Blanca_Plate3_F6-E1	mouse	dentate_gyrus	Smart-seq2	DG_P10_Leiden4	DG_P10	10	4.0	DG_P10	4838.0	377387.0	0.0	True	gene symbols already present in count matrix header	promote_to_primary_dentate_developmental_validation	filtered Smart-seq2 metadata; postnatal DG samples with QC metrics and clustering labels												
GSE292261	20210417_Blanca_Plate3_F7-E1	mouse	dentate_gyrus	Smart-seq2	DG_P10_Leiden1	DG_P10	10	1.0	DG_P10	5246.0	415244.0	0.0	True	gene symbols already present in count matrix header	promote_to_primary_dentate_developmental_validation	filtered Smart-seq2 metadata; postnatal DG samples with QC metrics and clustering labels												
GSE292261	20210417_Blanca_Plate3_F8-E1	mouse	dentate_gyrus	Smart-seq2	DG_P10_Leiden4	DG_P10	10	4.0	DG_P10	5955.0	496876.0	0.0	True	gene symbols already present in count matrix header	promote_to_primary_dentate_developmental_validation	filtered Smart-seq2 metadata; postnatal DG samples with QC metrics and clustering labels												
GSE292261	20210417_Blanca_Plate3_F9-E1	mouse	dentate_gyrus	Smart-seq2	DG_P10_Leiden4	DG_P10	10	4.0	DG_P10	5947.0	540483.0	0.0	True	gene symbols already present in count matrix header	promote_to_primary_dentate_developmental_validation	filtered Smart-seq2 metadata; postnatal DG samples with QC metrics and clustering labels												
GSE292261	20210417_Blanca_Plate3_G1-E1	mouse	dentate_gyrus	Smart-seq2	DG_P10_Leiden4	DG_P10	10	4.0	DG_P10	4640.0	514223.0	0.0	True	gene symbols already present in count matrix header	promote_to_primary_dentate_developmental_validation	filtered Smart-seq2 metadata; postnatal DG samples with QC metrics and clustering labels												
GSE292261	20210417_Blanca_Plate3_G10-E1	mouse	dentate_gyrus	Smart-seq2	DG_P10_Leiden5	DG_P10	10	5.0	DG_P10	5045.0	487966.0	0.0	True	gene symbols already present in count matrix header	promote_to_primary_dentate_developmental_validation	filtered Smart-seq2 metadata; postnatal DG samples with QC metrics and clustering labels												
GSE292261	20210417_Blanca_Plate3_G11-E1	mouse	dentate_gyrus	Smart-seq2	DG_P10_Leiden1	DG_P10	10	1.0	DG_P10	4315.0	418032.0	0.0	True	gene symbols already present in count matrix header	promote_to_primary_dentate_developmental_validation	filtered Smart-seq2 metadata; postnatal DG samples with QC metrics and clustering labels												
GSE292261	20210417_Blanca_Plate3_G2-E1	mouse	dentate_gyrus	Smart-seq2	DG_P10_Leiden4	DG_P10	10	4.0	DG_P10	5380.0	596614.0	0.0	True	gene symbols already present in count matrix header	promote_to_primary_dentate_developmental_validation	filtered Smart-seq2 metadata; postnatal DG samples with QC metrics and clustering labels												
GSE292261	20210417_Blanca_Plate3_G3-E1	mouse	dentate_gyrus	Smart-seq2	DG_P10_Leiden4	DG_P10	10	4.0	DG_P10	5174.0	575859.0	0.0	True	gene symbols already present in count matrix header	promote_to_primary_dentate_developmental_validation	filtered Smart-seq2 metadata; postnatal DG samples with QC metrics and clustering labels												
GSE292261	20210417_Blanca_Plate3_G4-E1	mouse	dentate_gyrus	Smart-seq2	DG_P10_Leiden5	DG_P10	10	5.0	DG_P10	4286.0	303541.0	0.0	True	gene symbols already present in count matrix header	promote_to_primary_dentate_developmental_validation	filtered Smart-seq2 metadata; postnatal DG samples with QC metrics and clustering labels												
GSE292261	20210417_Blanca_Plate3_G5-E1	mouse	dentate_gyrus	Smart-seq2	DG_P10_Leiden5	DG_P10	10	5.0	DG_P10	3914.0	333886.0	0.0	True	gene symbols already present in count matrix header	promote_to_primary_dentate_developmental_validation	filtered Smart-seq2 metadata; postnatal DG samples with QC metrics and clustering labels												
GSE292261	20210417_Blanca_Plate3_G6-E1	mouse	dentate_gyrus	Smart-seq2	DG_P10_Leiden1	DG_P10	10	1.0	DG_P10	5057.0	478856.0	0.0	True	gene symbols already present in count matrix header	promote_to_primary_dentate_developmental_validation	filtered Smart-seq2 metadata; postnatal DG samples with QC metrics and clustering labels												
GSE292261	20210417_Blanca_Plate3_G7-E1	mouse	dentate_gyrus	Smart-seq2	DG_P10_Leiden4	DG_P10	10	4.0	DG_P10	3896.0	604028.0	0.0	True	gene symbols already present in count matrix header	promote_to_primary_dentate_developmental_validation	filtered Smart-seq2 metadata; postnatal DG samples with QC metrics and clustering labels												
GSE292261	20210417_Blanca_Plate3_G8-E1	mouse	dentate_gyrus	Smart-seq2	DG_P10_Leiden5	DG_P10	10	5.0	DG_P10	4781.0	482999.0	0.0	True	gene symbols already present in count matrix header	promote_to_primary_dentate_developmental_validation	filtered Smart-seq2 metadata; postnatal DG samples with QC metrics and clustering labels												
GSE292261	20210417_Blanca_Plate3_G9-E1	mouse	dentate_gyrus	Smart-seq2	DG_P10_Leiden4	DG_P10	10	4.0	DG_P10	4897.0	487273.0	0.0	True	gene symbols already present in count matrix header	promote_to_primary_dentate_developmental_validation	filtered Smart-seq2 metadata; postnatal DG samples with QC metrics and clustering labels												
GSE292261	20210417_Blanca_Plate3_H1-E1	mouse	dentate_gyrus	Smart-seq2	DG_P10_Leiden2	DG_P10	10	2.0	DG_P10	2943.0	79884.0	0.0	True	gene symbols already present in count matrix header	promote_to_primary_dentate_developmental_validation	filtered Smart-seq2 metadata; postnatal DG samples with QC metrics and clustering labels												
GSE292261	20210417_Blanca_Plate3_H10-E1	mouse	dentate_gyrus	Smart-seq2	DG_P10_Leiden4	DG_P10	10	4.0	DG_P10	4915.0	483853.0	0.0	True	gene symbols already present in count matrix header	promote_to_primary_dentate_developmental_validation	filtered Smart-seq2 metadata; postnatal DG samples with QC metrics and clustering labels												
GSE292261	20210417_Blanca_Plate3_H11-E1	mouse	dentate_gyrus	Smart-seq2	DG_P10_Leiden5	DG_P10	10	5.0	DG_P10	4626.0	441172.0	0.0	True	gene symbols already present in count matrix header	promote_to_primary_dentate_developmental_validation	filtered Smart-seq2 metadata; postnatal DG samples with QC metrics and clustering labels												
GSE292261	20210417_Blanca_Plate3_H2-E1	mouse	dentate_gyrus	Smart-seq2	DG_P10_Leiden1	DG_P10	10	1.0	DG_P10	4383.0	390542.0	0.0	True	gene symbols already present in count matrix header	promote_to_primary_dentate_developmental_validation	filtered Smart-seq2 metadata; postnatal DG samples with QC metrics and clustering labels												
GSE292261	20210417_Blanca_Plate3_H3-E1	mouse	dentate_gyrus	Smart-seq2	DG_P10_Leiden4	DG_P10	10	4.0	DG_P10	5369.0	552638.0	0.0	True	gene symbols already present in count matrix header	promote_to_primary_dentate_developmental_validation	filtered Smart-seq2 metadata; postnatal DG samples with QC metrics and clustering labels												
GSE292261	20210417_Blanca_Plate3_H4-E1	mouse	dentate_gyrus	Smart-seq2	DG_P10_Leiden5	DG_P10	10	5.0	DG_P10	4942.0	414804.0	0.0	True	gene symbols already present in count matrix header	promote_to_primary_dentate_developmental_validation	filtered Smart-seq2 metadata; postnatal DG samples with QC metrics and clustering labels												
GSE292261	20210417_Blanca_Plate3_H5-E1	mouse	dentate_gyrus	Smart-seq2	DG_P10_Leiden4	DG_P10	10	4.0	DG_P10	5350.0	383295.0	0.0	True	gene symbols already present in count matrix header	promote_to_primary_dentate_developmental_validation	filtered Smart-seq2 metadata; postnatal DG samples with QC metrics and clustering labels												
GSE292261	20210417_Blanca_Plate3_H6-E1	mouse	dentate_gyrus	Smart-seq2	DG_P10_Leiden4	DG_P10	10	4.0	DG_P10	5821.0	398821.0	0.0	True	gene symbols already present in count matrix header	promote_to_primary_dentate_developmental_validation	filtered Smart-seq2 metadata; postnatal DG samples with QC metrics and clustering labels												
GSE292261	20210417_Blanca_Plate3_H7-E1	mouse	dentate_gyrus	Smart-seq2	DG_P10_Leiden4	DG_P10	10	4.0	DG_P10	4839.0	534849.0	0.0	True	gene symbols already present in count matrix header	promote_to_primary_dentate_developmental_validation	filtered Smart-seq2 metadata; postnatal DG samples with QC metrics and clustering labels												
GSE292261	20210417_Blanca_Plate3_H8-E1	mouse	dentate_gyrus	Smart-seq2	DG_P10_Leiden5	DG_P10	10	5.0	DG_P10	4714.0	516394.0	0.0	True	gene symbols already present in count matrix header	promote_to_primary_dentate_developmental_validation	filtered Smart-seq2 metadata; postnatal DG samples with QC metrics and clustering labels												
GSE292261	20210417_Blanca_Plate3_H9-E1	mouse	dentate_gyrus	Smart-seq2	DG_P10_Leiden4	DG_P10	10	4.0	DG_P10	5302.0	556857.0	0.0	True	gene symbols already present in count matrix header	promote_to_primary_dentate_developmental_validation	filtered Smart-seq2 metadata; postnatal DG samples with QC metrics and clustering labels												
GSE292261	20210421_Blanca_Plate2_A1-E1	mouse	dentate_gyrus	Smart-seq2	DG_P15_Leiden3	DG_P15	15	3.0	DG_P15	4055.0	542158.0	0.0	True	gene symbols already present in count matrix header	promote_to_primary_dentate_developmental_validation	filtered Smart-seq2 metadata; postnatal DG samples with QC metrics and clustering labels												
GSE292261	20210421_Blanca_Plate2_A10-E1	mouse	dentate_gyrus	Smart-seq2	DG_P15_Leiden3	DG_P15	15	3.0	DG_P15	4324.0	701738.0	0.0	True	gene symbols already present in count matrix header	promote_to_primary_dentate_developmental_validation	filtered Smart-seq2 metadata; postnatal DG samples with QC metrics and clustering labels												
GSE292261	20210421_Blanca_Plate2_A11-E1	mouse	dentate_gyrus	Smart-seq2	DG_P15_Leiden3	DG_P15	15	3.0	DG_P15	4236.0	714422.0	0.0	True	gene symbols already present in count matrix header	promote_to_primary_dentate_developmental_validation	filtered Smart-seq2 metadata; postnatal DG samples with QC metrics and clustering labels												
GSE292261	20210421_Blanca_Plate2_A12-E1	mouse	dentate_gyrus	Smart-seq2	DG_P15_Leiden3	DG_P15	15	3.0	DG_P15	5278.0	646804.0	0.0	True	gene symbols already present in count matrix header	promote_to_primary_dentate_developmental_validation	filtered Smart-seq2 metadata; postnatal DG samples with QC metrics and clustering labels												
GSE292261	20210421_Blanca_Plate2_A2-E1	mouse	dentate_gyrus	Smart-seq2	DG_P15_Leiden3	DG_P15	15	3.0	DG_P15	5170.0	578529.0	0.0	True	gene symbols already present in count matrix header	promote_to_primary_dentate_developmental_validation	filtered Smart-seq2 metadata; postnatal DG samples with QC metrics and clustering labels												
GSE292261	20210421_Blanca_Plate2_A3-E1	mouse	dentate_gyrus	Smart-seq2	DG_P15_Leiden3	DG_P15	15	3.0	DG_P15	4048.0	526052.0	0.0	True	gene symbols already present in count matrix header	promote_to_primary_dentate_developmental_validation	filtered Smart-seq2 metadata; postnatal DG samples with QC metrics and clustering labels												
GSE292261	20210421_Blanca_Plate2_A4-E1	mouse	dentate_gyrus	Smart-seq2	DG_P15_Leiden3	DG_P15	15	3.0	DG_P15	5082.0	649398.0	0.0	True	gene symbols already present in count matrix header	promote_to_primary_dentate_developmental_validation	filtered Smart-seq2 metadata; postnatal DG samples with QC metrics and clustering labels												
GSE292261	20210421_Blanca_Plate2_A5-E1	mouse	dentate_gyrus	Smart-seq2	DG_P15_Leiden3	DG_P15	15	3.0	DG_P15	4469.0	732579.0	0.0	True	gene symbols already present in count matrix header	promote_to_primary_dentate_developmental_validation	filtered Smart-seq2 metadata; postnatal DG samples with QC metrics and clustering labels												
GSE292261	20210421_Blanca_Plate2_A6-E1	mouse	dentate_gyrus	Smart-seq2	DG_P15_Leiden3	DG_P15	15	3.0	DG_P15	4216.0	735799.0	0.0	True	gene symbols already present in count matrix header	promote_to_primary_dentate_developmental_validation	filtered Smart-seq2 metadata; postnatal DG samples with QC metrics and clustering labels												
GSE292261	20210421_Blanca_Plate2_A7-E1	mouse	dentate_gyrus	Smart-seq2	DG_P15_Leiden3	DG_P15	15	3.0	DG_P15	4355.0	528812.0	0.0	True	gene symbols already present in count matrix header	promote_to_primary_dentate_developmental_validation	filtered Smart-seq2 metadata; postnatal DG samples with QC metrics and clustering labels												
GSE292261	20210421_Blanca_Plate2_A8-E1	mouse	dentate_gyrus	Smart-seq2	DG_P15_Leiden3	DG_P15	15	3.0	DG_P15	4661.0	737310.0	0.0	True	gene symbols already present in count matrix header	promote_to_primary_dentate_developmental_validation	filtered Smart-seq2 metadata; postnatal DG samples with QC metrics and clustering labels												
GSE292261	20210421_Blanca_Plate2_A9-E1	mouse	dentate_gyrus	Smart-seq2	DG_P15_Leiden3	DG_P15	15	3.0	DG_P15	4068.0	592784.0	0.0	True	gene symbols already present in count matrix header	promote_to_primary_dentate_developmental_validation	filtered Smart-seq2 metadata; postnatal DG samples with QC metrics and clustering labels												
GSE292261	20210421_Blanca_Plate2_B1-E1	mouse	dentate_gyrus	Smart-seq2	DG_P15_Leiden3	DG_P15	15	3.0	DG_P15	4409.0	684808.0	0.0	True	gene symbols already present in count matrix header	promote_to_primary_dentate_developmental_validation	filtered Smart-seq2 metadata; postnatal DG samples with QC metrics and clustering labels												
GSE292261	20210421_Blanca_Plate2_B10-E1	mouse	dentate_gyrus	Smart-seq2	DG_P15_Leiden3	DG_P15	15	3.0	DG_P15	4588.0	725948.0	0.0	True	gene symbols already present in count matrix header	promote_to_primary_dentate_developmental_validation	filtered Smart-seq2 metadata; postnatal DG samples with QC metrics and clustering labels												
GSE292261	20210421_Blanca_Plate2_B11-E1	mouse	dentate_gyrus	Smart-seq2	DG_P15_Leiden3	DG_P15	15	3.0	DG_P15	4474.0	615402.0	0.0	True	gene symbols already present in count matrix header	promote_to_primary_dentate_developmental_validation	filtered Smart-seq2 metadata; postnatal DG samples with QC metrics and clustering labels												
GSE292261	20210421_Blanca_Plate2_B12-E1	mouse	dentate_gyrus	Smart-seq2	DG_P15_Leiden3	DG_P15	15	3.0	DG_P15	4851.0	695835.0	0.0	True	gene symbols already present in count matrix header	promote_to_primary_dentate_developmental_validation	filtered Smart-seq2 metadata; postnatal DG samples with QC metrics and clustering labels												
GSE292261	20210421_Blanca_Plate2_B2-E1	mouse	dentate_gyrus	Smart-seq2	DG_P15_Leiden3	DG_P15	15	3.0	DG_P15	4746.0	700389.0	0.0	True	gene symbols already present in count matrix header	promote_to_primary_dentate_developmental_validation	filtered Smart-seq2 metadata; postnatal DG samples with QC metrics and clustering labels												
GSE292261	20210421_Blanca_Plate2_B3-E1	mouse	dentate_gyrus	Smart-seq2	DG_P15_Leiden3	DG_P15	15	3.0	DG_P15	4003.0	664453.0	0.0	True	gene symbols already present in count matrix header	promote_to_primary_dentate_developmental_validation	filtered Smart-seq2 metadata; postnatal DG samples with QC metrics and clustering labels												
GSE292261	20210421_Blanca_Plate2_B4-E1	mouse	dentate_gyrus	Smart-seq2	DG_P15_Leiden3	DG_P15	15	3.0	DG_P15	4331.0	819601.0	0.0	True	gene symbols already present in count matrix header	promote_to_primary_dentate_developmental_validation	filtered Smart-seq2 metadata; postnatal DG samples with QC metrics and clustering labels												
GSE292261	20210421_Blanca_Plate2_B5-E1	mouse	dentate_gyrus	Smart-seq2	DG_P15_Leiden3	DG_P15	15	3.0	DG_P15	4673.0	782322.0	0.0	True	gene symbols already present in count matrix header	promote_to_primary_dentate_developmental_validation	filtered Smart-seq2 metadata; postnatal DG samples with QC metrics and clustering labels												
GSE292261	20210421_Blanca_Plate2_B6-E1	mouse	dentate_gyrus	Smart-seq2	DG_P15_Leiden3	DG_P15	15	3.0	DG_P15	4266.0	689777.0	0.0	True	gene symbols already present in count matrix header	promote_to_primary_dentate_developmental_validation	filtered Smart-seq2 metadata; postnatal DG samples with QC metrics and clustering labels												
GSE292261	20210421_Blanca_Plate2_B7-E1	mouse	dentate_gyrus	Smart-seq2	DG_P15_Leiden3	DG_P15	15	3.0	DG_P15	4801.0	642639.0	0.0	True	gene symbols already present in count matrix header	promote_to_primary_dentate_developmental_validation	filtered Smart-seq2 metadata; postnatal DG samples with QC metrics and clustering labels												
GSE292261	20210421_Blanca_Plate2_B8-E1	mouse	dentate_gyrus	Smart-seq2	DG_P15_Leiden3	DG_P15	15	3.0	DG_P15	5132.0	800667.0	0.0	True	gene symbols already present in count matrix header	promote_to_primary_dentate_developmental_validation	filtered Smart-seq2 metadata; postnatal DG samples with QC metrics and clustering labels												
GSE292261	20210421_Blanca_Plate2_B9-E1	mouse	dentate_gyrus	Smart-seq2	DG_P15_Leiden3	DG_P15	15	3.0	DG_P15	4369.0	711287.0	0.0	True	gene symbols already present in count matrix header	promote_to_primary_dentate_developmental_validation	filtered Smart-seq2 metadata; postnatal DG samples with QC metrics and clustering labels												
GSE292261	20210421_Blanca_Plate2_C1-E1	mouse	dentate_gyrus	Smart-seq2	DG_P15_Leiden3	DG_P15	15	3.0	DG_P15	4775.0	650239.0	0.0	True	gene symbols already present in count matrix header	promote_to_primary_dentate_developmental_validation	filtered Smart-seq2 metadata; postnatal DG samples with QC metrics and clustering labels												
GSE292261	20210421_Blanca_Plate2_C10-E1	mouse	dentate_gyrus	Smart-seq2	DG_P15_Leiden4	DG_P15	15	4.0	DG_P15	5362.0	503662.0	0.0	True	gene symbols already present in count matrix header	promote_to_primary_dentate_developmental_validation	filtered Smart-seq2 metadata; postnatal DG samples with QC metrics and clustering labels												
GSE292261	20210421_Blanca_Plate2_C11-E1	mouse	dentate_gyrus	Smart-seq2	DG_P15_Leiden3	DG_P15	15	3.0	DG_P15	4793.0	492811.0	0.0	True	gene symbols already present in count matrix header	promote_to_primary_dentate_developmental_validation	filtered Smart-seq2 metadata; postnatal DG samples with QC metrics and clustering labels												
GSE292261	20210421_Blanca_Plate2_C12-E1	mouse	dentate_gyrus	Smart-seq2	DG_P15_Leiden3	DG_P15	15	3.0	DG_P15	4811.0	705542.0	0.0	True	gene symbols already present in count matrix header	promote_to_primary_dentate_developmental_validation	filtered Smart-seq2 metadata; postnatal DG samples with QC metrics and clustering labels												
GSE292261	20210421_Blanca_Plate2_C2-E1	mouse	dentate_gyrus	Smart-seq2	DG_P15_Leiden3	DG_P15	15	3.0	DG_P15	5465.0	637946.0	0.0	True	gene symbols already present in count matrix header	promote_to_primary_dentate_developmental_validation	filtered Smart-seq2 metadata; postnatal DG samples with QC metrics and clustering labels												
GSE292261	20210421_Blanca_Plate2_C3-E1	mouse	dentate_gyrus	Smart-seq2	DG_P15_Leiden3	DG_P15	15	3.0	DG_P15	4653.0	681037.0	0.0	True	gene symbols already present in count matrix header	promote_to_primary_dentate_developmental_validation	filtered Smart-seq2 metadata; postnatal DG samples with QC metrics and clustering labels												
GSE292261	20210421_Blanca_Plate2_C4-E1	mouse	dentate_gyrus	Smart-seq2	DG_P15_Leiden3	DG_P15	15	3.0	DG_P15	5528.0	729631.0	0.0	True	gene symbols already present in count matrix header	promote_to_primary_dentate_developmental_validation	filtered Smart-seq2 metadata; postnatal DG samples with QC metrics and clustering labels												
GSE292261	20210421_Blanca_Plate2_C5-E1	mouse	dentate_gyrus	Smart-seq2	DG_P15_Leiden3	DG_P15	15	3.0	DG_P15	5413.0	643314.0	0.0	True	gene symbols already present in count matrix header	promote_to_primary_dentate_developmental_validation	filtered Smart-seq2 metadata; postnatal DG samples with QC metrics and clustering labels												
GSE292261	20210421_Blanca_Plate2_C6-E1	mouse	dentate_gyrus	Smart-seq2	DG_P15_Leiden3	DG_P15	15	3.0	DG_P15	5149.0	654016.0	0.0	True	gene symbols already present in count matrix header	promote_to_primary_dentate_developmental_validation	filtered Smart-seq2 metadata; postnatal DG samples with QC metrics and clustering labels												
GSE292261	20210421_Blanca_Plate2_C7-E1	mouse	dentate_gyrus	Smart-seq2	DG_P15_Leiden3	DG_P15	15	3.0	DG_P15	4628.0	569426.0	0.0	True	gene symbols already present in count matrix header	promote_to_primary_dentate_developmental_validation	filtered Smart-seq2 metadata; postnatal DG samples with QC metrics and clustering labels												
GSE292261	20210421_Blanca_Plate2_C8-E1	mouse	dentate_gyrus	Smart-seq2	DG_P15_Leiden3	DG_P15	15	3.0	DG_P15	5065.0	730622.0	0.0	True	gene symbols already present in count matrix header	promote_to_primary_dentate_developmental_validation	filtered Smart-seq2 metadata; postnatal DG samples with QC metrics and clustering labels												
GSE292261	20210421_Blanca_Plate2_C9-E1	mouse	dentate_gyrus	Smart-seq2	DG_P15_Leiden3	DG_P15	15	3.0	DG_P15	4928.0	630188.0	0.0	True	gene symbols already present in count matrix header	promote_to_primary_dentate_developmental_validation	filtered Smart-seq2 metadata; postnatal DG samples with QC metrics and clustering labels												
GSE292261	20210421_Blanca_Plate2_D1-E1	mouse	dentate_gyrus	Smart-seq2	DG_P15_Leiden3	DG_P15	15	3.0	DG_P15	5246.0	594172.0	0.0	True	gene symbols already present in count matrix header	promote_to_primary_dentate_developmental_validation	filtered Smart-seq2 metadata; postnatal DG samples with QC metrics and clustering labels												
GSE292261	20210421_Blanca_Plate2_D10-E1	mouse	dentate_gyrus	Smart-seq2	DG_P15_Leiden3	DG_P15	15	3.0	DG_P15	5309.0	643751.0	0.0	True	gene symbols already present in count matrix header	promote_to_primary_dentate_developmental_validation	filtered Smart-seq2 metadata; postnatal DG samples with QC metrics and clustering labels												
GSE292261	20210421_Blanca_Plate2_D11-E1	mouse	dentate_gyrus	Smart-seq2	DG_P15_Leiden3	DG_P15	15	3.0	DG_P15	5016.0	620217.0	0.0	True	gene symbols already present in count matrix header	promote_to_primary_dentate_developmental_validation	filtered Smart-seq2 metadata; postnatal DG samples with QC metrics and clustering labels												
GSE292261	20210421_Blanca_Plate2_D12-E1	mouse	dentate_gyrus	Smart-seq2	DG_P15_Leiden3	DG_P15	15	3.0	DG_P15	5249.0	582390.0	0.0	True	gene symbols already present in count matrix header	promote_to_primary_dentate_developmental_validation	filtered Smart-seq2 metadata; postnatal DG samples with QC metrics and clustering labels												
GSE292261	20210421_Blanca_Plate2_D2-E1	mouse	dentate_gyrus	Smart-seq2	DG_P15_Leiden3	DG_P15	15	3.0	DG_P15	5486.0	623075.0	0.0	True	gene symbols already present in count matrix header	promote_to_primary_dentate_developmental_validation	filtered Smart-seq2 metadata; postnatal DG samples with QC metrics and clustering labels												
GSE292261	20210421_Blanca_Plate2_D3-E1	mouse	dentate_gyrus	Smart-seq2	DG_P15_Leiden3	DG_P15	15	3.0	DG_P15	5409.0	637601.0	0.0	True	gene symbols already present in count matrix header	promote_to_primary_dentate_developmental_validation	filtered Smart-seq2 metadata; postnatal DG samples with QC metrics and clustering labels												
GSE292261	20210421_Blanca_Plate2_D4-E1	mouse	dentate_gyrus	Smart-seq2	DG_P15_Leiden3	DG_P15	15	3.0	DG_P15	5381.0	579558.0	0.0	True	gene symbols already present in count matrix header	promote_to_primary_dentate_developmental_validation	filtered Smart-seq2 metadata; postnatal DG samples with QC metrics and clustering labels												
GSE292261	20210421_Blanca_Plate2_D5-E1	mouse	dentate_gyrus	Smart-seq2	DG_P15_Leiden3	DG_P15	15	3.0	DG_P15	4789.0	633044.0	0.0	True	gene symbols already present in count matrix header	promote_to_primary_dentate_developmental_validation	filtered Smart-seq2 metadata; postnatal DG samples with QC metrics and clustering labels												
GSE292261	20210421_Blanca_Plate2_D6-E1	mouse	dentate_gyrus	Smart-seq2	DG_P15_Leiden3	DG_P15	15	3.0	DG_P15	4506.0	597212.0	0.0	True	gene symbols already present in count matrix header	promote_to_primary_dentate_developmental_validation	filtered Smart-seq2 metadata; postnatal DG samples with QC metrics and clustering labels												
GSE292261	20210421_Blanca_Plate2_D7-E1	mouse	dentate_gyrus	Smart-seq2	DG_P15_Leiden3	DG_P15	15	3.0	DG_P15	4769.0	532867.0	0.0	True	gene symbols already present in count matrix header	promote_to_primary_dentate_developmental_validation	filtered Smart-seq2 metadata; postnatal DG samples with QC metrics and clustering labels												
GSE292261	20210421_Blanca_Plate2_D8-E1	mouse	dentate_gyrus	Smart-seq2	DG_P15_Leiden3	DG_P15	15	3.0	DG_P15	4753.0	691212.0	0.0	True	gene symbols already present in count matrix header	promote_to_primary_dentate_developmental_validation	filtered Smart-seq2 metadata; postnatal DG samples with QC metrics and clustering labels												
GSE292261	20210421_Blanca_Plate2_D9-E1	mouse	dentate_gyrus	Smart-seq2	DG_P15_Leiden3	DG_P15	15	3.0	DG_P15	4533.0	568609.0	0.0	True	gene symbols already present in count matrix header	promote_to_primary_dentate_developmental_validation	filtered Smart-seq2 metadata; postnatal DG samples with QC metrics and clustering labels												
GSE292261	20210421_Blanca_Plate2_E1-E1	mouse	dentate_gyrus	Smart-seq2	DG_P15_Leiden3	DG_P15	15	3.0	DG_P15	6032.0	511458.0	0.0	True	gene symbols already present in count matrix header	promote_to_primary_dentate_developmental_validation	filtered Smart-seq2 metadata; postnatal DG samples with QC metrics and clustering labels												
GSE292261	20210421_Blanca_Plate2_E10-E1	mouse	dentate_gyrus	Smart-seq2	DG_P15_Leiden3	DG_P15	15	3.0	DG_P15	5315.0	611246.0	0.0	True	gene symbols already present in count matrix header	promote_to_primary_dentate_developmental_validation	filtered Smart-seq2 metadata; postnatal DG samples with QC metrics and clustering labels												
GSE292261	20210421_Blanca_Plate2_E11-E1	mouse	dentate_gyrus	Smart-seq2	DG_P15_Leiden3	DG_P15	15	3.0	DG_P15	5211.0	585184.0	0.0	True	gene symbols already present in count matrix header	promote_to_primary_dentate_developmental_validation	filtered Smart-seq2 metadata; postnatal DG samples with QC metrics and clustering labels												
GSE292261	20210421_Blanca_Plate2_E12-E1	mouse	dentate_gyrus	Smart-seq2	DG_P15_Leiden3	DG_P15	15	3.0	DG_P15	4821.0	514918.0	0.0	True	gene symbols already present in count matrix header	promote_to_primary_dentate_developmental_validation	filtered Smart-seq2 metadata; postnatal DG samples with QC metrics and clustering labels												
GSE292261	20210421_Blanca_Plate2_E2-E1	mouse	dentate_gyrus	Smart-seq2	DG_P15_Leiden3	DG_P15	15	3.0	DG_P15	5079.0	599109.0	0.0	True	gene symbols already present in count matrix header	promote_to_primary_dentate_developmental_validation	filtered Smart-seq2 metadata; postnatal DG samples with QC metrics and clustering labels												
GSE292261	20210421_Blanca_Plate2_E3-E1	mouse	dentate_gyrus	Smart-seq2	DG_P15_Leiden3	DG_P15	15	3.0	DG_P15	5091.0	533673.0	0.0	True	gene symbols already present in count matrix header	promote_to_primary_dentate_developmental_validation	filtered Smart-seq2 metadata; postnatal DG samples with QC metrics and clustering labels												
GSE292261	20210421_Blanca_Plate2_E4-E1	mouse	dentate_gyrus	Smart-seq2	DG_P15_Leiden3	DG_P15	15	3.0	DG_P15	5264.0	212197.0	0.0	True	gene symbols already present in count matrix header	promote_to_primary_dentate_developmental_validation	filtered Smart-seq2 metadata; postnatal DG samples with QC metrics and clustering labels												
GSE292261	20210421_Blanca_Plate2_E5-E1	mouse	dentate_gyrus	Smart-seq2	DG_P15_Leiden3	DG_P15	15	3.0	DG_P15	5011.0	491917.0	0.0	True	gene symbols already present in count matrix header	promote_to_primary_dentate_developmental_validation	filtered Smart-seq2 metadata; postnatal DG samples with QC metrics and clustering labels												
GSE292261	20210421_Blanca_Plate2_E6-E1	mouse	dentate_gyrus	Smart-seq2	DG_P15_Leiden3	DG_P15	15	3.0	DG_P15	5275.0	483522.0	0.0	True	gene symbols already present in count matrix header	promote_to_primary_dentate_developmental_validation	filtered Smart-seq2 metadata; postnatal DG samples with QC metrics and clustering labels												
GSE292261	20210421_Blanca_Plate2_E7-E1	mouse	dentate_gyrus	Smart-seq2	DG_P15_Leiden3	DG_P15	15	3.0	DG_P15	5299.0	501125.0	0.0	True	gene symbols already present in count matrix header	promote_to_primary_dentate_developmental_validation	filtered Smart-seq2 metadata; postnatal DG samples with QC metrics and clustering labels												
GSE292261	20210421_Blanca_Plate2_E8-E1	mouse	dentate_gyrus	Smart-seq2	DG_P15_Leiden3	DG_P15	15	3.0	DG_P15	5291.0	593088.0	0.0	True	gene symbols already present in count matrix header	promote_to_primary_dentate_developmental_validation	filtered Smart-seq2 metadata; postnatal DG samples with QC metrics and clustering labels												
GSE292261	20210421_Blanca_Plate2_E9-E1	mouse	dentate_gyrus	Smart-seq2	DG_P15_Leiden3	DG_P15	15	3.0	DG_P15	5326.0	428890.0	0.0	True	gene symbols already present in count matrix header	promote_to_primary_dentate_developmental_validation	filtered Smart-seq2 metadata; postnatal DG samples with QC metrics and clustering labels												
GSE292261	20210421_Blanca_Plate2_F1-E1	mouse	dentate_gyrus	Smart-seq2	DG_P15_Leiden3	DG_P15	15	3.0	DG_P15	4847.0	520101.0	0.0	True	gene symbols already present in count matrix header	promote_to_primary_dentate_developmental_validation	filtered Smart-seq2 metadata; postnatal DG samples with QC metrics and clustering labels												
GSE292261	20210421_Blanca_Plate2_F10-E1	mouse	dentate_gyrus	Smart-seq2	DG_P15_Leiden3	DG_P15	15	3.0	DG_P15	4761.0	535761.0	0.0	True	gene symbols already present in count matrix header	promote_to_primary_dentate_developmental_validation	filtered Smart-seq2 metadata; postnatal DG samples with QC metrics and clustering labels												
GSE292261	20210421_Blanca_Plate2_F11-E1	mouse	dentate_gyrus	Smart-seq2	DG_P15_Leiden3	DG_P15	15	3.0	DG_P15	5102.0	500366.0	0.0	True	gene symbols already present in count matrix header	promote_to_primary_dentate_developmental_validation	filtered Smart-seq2 metadata; postnatal DG samples with QC metrics and clustering labels												
GSE292261	20210421_Blanca_Plate2_F12-E1	mouse	dentate_gyrus	Smart-seq2	DG_P15_Leiden3	DG_P15	15	3.0	DG_P15	5390.0	568101.0	0.0	True	gene symbols already present in count matrix header	promote_to_primary_dentate_developmental_validation	filtered Smart-seq2 metadata; postnatal DG samples with QC metrics and clustering labels												
GSE292261	20210421_Blanca_Plate2_F2-E1	mouse	dentate_gyrus	Smart-seq2	DG_P15_Leiden3	DG_P15	15	3.0	DG_P15	5328.0	605745.0	0.0	True	gene symbols already present in count matrix header	promote_to_primary_dentate_developmental_validation	filtered Smart-seq2 metadata; postnatal DG samples with QC metrics and clustering labels												
GSE292261	20210421_Blanca_Plate2_F3-E1	mouse	dentate_gyrus	Smart-seq2	DG_P15_Leiden3	DG_P15	15	3.0	DG_P15	4948.0	594479.0	0.0	True	gene symbols already present in count matrix header	promote_to_primary_dentate_developmental_validation	filtered Smart-seq2 metadata; postnatal DG samples with QC metrics and clustering labels												
GSE292261	20210421_Blanca_Plate2_F4-E1	mouse	dentate_gyrus	Smart-seq2	DG_P15_Leiden3	DG_P15	15	3.0	DG_P15	5549.0	603040.0	0.0	True	gene symbols already present in count matrix header	promote_to_primary_dentate_developmental_validation	filtered Smart-seq2 metadata; postnatal DG samples with QC metrics and clustering labels												
GSE292261	20210421_Blanca_Plate2_F5-E1	mouse	dentate_gyrus	Smart-seq2	DG_P15_Leiden3	DG_P15	15	3.0	DG_P15	4484.0	477757.0	0.0	True	gene symbols already present in count matrix header	promote_to_primary_dentate_developmental_validation	filtered Smart-seq2 metadata; postnatal DG samples with QC metrics and clustering labels												
GSE292261	20210421_Blanca_Plate2_F6-E1	mouse	dentate_gyrus	Smart-seq2	DG_P15_Leiden3	DG_P15	15	3.0	DG_P15	5624.0	546040.0	0.0	True	gene symbols already present in count matrix header	promote_to_primary_dentate_developmental_validation	filtered Smart-seq2 metadata; postnatal DG samples with QC metrics and clustering labels												
GSE292261	20210421_Blanca_Plate2_F7-E1	mouse	dentate_gyrus	Smart-seq2	DG_P15_Leiden3	DG_P15	15	3.0	DG_P15	4862.0	518025.0	0.0	True	gene symbols already present in count matrix header	promote_to_primary_dentate_developmental_validation	filtered Smart-seq2 metadata; postnatal DG samples with QC metrics and clustering labels												
GSE292261	20210421_Blanca_Plate2_F8-E1	mouse	dentate_gyrus	Smart-seq2	DG_P15_Leiden3	DG_P15	15	3.0	DG_P15	4706.0	593293.0	0.0	True	gene symbols already present in count matrix header	promote_to_primary_dentate_developmental_validation	filtered Smart-seq2 metadata; postnatal DG samples with QC metrics and clustering labels												
GSE292261	20210421_Blanca_Plate2_F9-E1	mouse	dentate_gyrus	Smart-seq2	DG_P15_Leiden3	DG_P15	15	3.0	DG_P15	4634.0	560968.0	0.0	True	gene symbols already present in count matrix header	promote_to_primary_dentate_developmental_validation	filtered Smart-seq2 metadata; postnatal DG samples with QC metrics and clustering labels												
GSE292261	20210421_Blanca_Plate2_G1-E1	mouse	dentate_gyrus	Smart-seq2	DG_P15_Leiden3	DG_P15	15	3.0	DG_P15	5363.0	405824.0	0.0	True	gene symbols already present in count matrix header	promote_to_primary_dentate_developmental_validation	filtered Smart-seq2 metadata; postnatal DG samples with QC metrics and clustering labels												
GSE292261	20210421_Blanca_Plate2_G10-E1	mouse	dentate_gyrus	Smart-seq2	DG_P15_Leiden3	DG_P15	15	3.0	DG_P15	5120.0	549844.0	0.0	True	gene symbols already present in count matrix header	promote_to_primary_dentate_developmental_validation	filtered Smart-seq2 metadata; postnatal DG samples with QC metrics and clustering labels												
GSE292261	20210421_Blanca_Plate2_G11-E1	mouse	dentate_gyrus	Smart-seq2	DG_P15_Leiden3	DG_P15	15	3.0	DG_P15	5132.0	439870.0	0.0	True	gene symbols already present in count matrix header	promote_to_primary_dentate_developmental_validation	filtered Smart-seq2 metadata; postnatal DG samples with QC metrics and clustering labels												
GSE292261	20210421_Blanca_Plate2_G2-E1	mouse	dentate_gyrus	Smart-seq2	DG_P15_Leiden3	DG_P15	15	3.0	DG_P15	5811.0	510487.0	0.0	True	gene symbols already present in count matrix header	promote_to_primary_dentate_developmental_validation	filtered Smart-seq2 metadata; postnatal DG samples with QC metrics and clustering labels												
GSE292261	20210421_Blanca_Plate2_G3-E1	mouse	dentate_gyrus	Smart-seq2	DG_P15_Leiden3	DG_P15	15	3.0	DG_P15	4419.0	486388.0	0.0	True	gene symbols already present in count matrix header	promote_to_primary_dentate_developmental_validation	filtered Smart-seq2 metadata; postnatal DG samples with QC metrics and clustering labels												
GSE292261	20210421_Blanca_Plate2_G4-E1	mouse	dentate_gyrus	Smart-seq2	DG_P15_Leiden3	DG_P15	15	3.0	DG_P15	5864.0	463993.0	0.0	True	gene symbols already present in count matrix header	promote_to_primary_dentate_developmental_validation	filtered Smart-seq2 metadata; postnatal DG samples with QC metrics and clustering labels												
GSE292261	20210421_Blanca_Plate2_G5-E1	mouse	dentate_gyrus	Smart-seq2	DG_P15_Leiden1	DG_P15	15	1.0	DG_P15	5229.0	471360.0	0.0	True	gene symbols already present in count matrix header	promote_to_primary_dentate_developmental_validation	filtered Smart-seq2 metadata; postnatal DG samples with QC metrics and clustering labels												
GSE292261	20210421_Blanca_Plate2_G6-E1	mouse	dentate_gyrus	Smart-seq2	DG_P15_Leiden3	DG_P15	15	3.0	DG_P15	5010.0	448582.0	0.0	True	gene symbols already present in count matrix header	promote_to_primary_dentate_developmental_validation	filtered Smart-seq2 metadata; postnatal DG samples with QC metrics and clustering labels												
GSE292261	20210421_Blanca_Plate2_G7-E1	mouse	dentate_gyrus	Smart-seq2	DG_P15_Leiden3	DG_P15	15	3.0	DG_P15	5209.0	448009.0	0.0	True	gene symbols already present in count matrix header	promote_to_primary_dentate_developmental_validation	filtered Smart-seq2 metadata; postnatal DG samples with QC metrics and clustering labels												
GSE292261	20210421_Blanca_Plate2_G8-E1	mouse	dentate_gyrus	Smart-seq2	DG_P15_Leiden3	DG_P15	15	3.0	DG_P15	4783.0	547243.0	0.0	True	gene symbols already present in count matrix header	promote_to_primary_dentate_developmental_validation	filtered Smart-seq2 metadata; postnatal DG samples with QC metrics and clustering labels												
GSE292261	20210421_Blanca_Plate2_G9-E1	mouse	dentate_gyrus	Smart-seq2	DG_P15_Leiden3	DG_P15	15	3.0	DG_P15	4990.0	521696.0	0.0	True	gene symbols already present in count matrix header	promote_to_primary_dentate_developmental_validation	filtered Smart-seq2 metadata; postnatal DG samples with QC metrics and clustering labels												
GSE292261	20210421_Blanca_Plate2_H1-E1	mouse	dentate_gyrus	Smart-seq2	DG_P15_Leiden3	DG_P15	15	3.0	DG_P15	5929.0	519636.0	0.0	True	gene symbols already present in count matrix header	promote_to_primary_dentate_developmental_validation	filtered Smart-seq2 metadata; postnatal DG samples with QC metrics and clustering labels												
GSE292261	20210421_Blanca_Plate2_H10-E1	mouse	dentate_gyrus	Smart-seq2	DG_P15_Leiden3	DG_P15	15	3.0	DG_P15	4929.0	738692.0	0.0	True	gene symbols already present in count matrix header	promote_to_primary_dentate_developmental_validation	filtered Smart-seq2 metadata; postnatal DG samples with QC metrics and clustering labels												
GSE292261	20210421_Blanca_Plate2_H11-E1	mouse	dentate_gyrus	Smart-seq2	DG_P15_Leiden2	DG_P15	15	2.0	DG_P15	2089.0	457096.0	0.0	True	gene symbols already present in count matrix header	promote_to_primary_dentate_developmental_validation	filtered Smart-seq2 metadata; postnatal DG samples with QC metrics and clustering labels												
GSE292261	20210421_Blanca_Plate2_H2-E1	mouse	dentate_gyrus	Smart-seq2	DG_P15_Leiden3	DG_P15	15	3.0	DG_P15	5439.0	518324.0	0.0	True	gene symbols already present in count matrix header	promote_to_primary_dentate_developmental_validation	filtered Smart-seq2 metadata; postnatal DG samples with QC metrics and clustering labels												
GSE292261	20210421_Blanca_Plate2_H3-E1	mouse	dentate_gyrus	Smart-seq2	DG_P15_Leiden3	DG_P15	15	3.0	DG_P15	5856.0	516998.0	0.0	True	gene symbols already present in count matrix header	promote_to_primary_dentate_developmental_validation	filtered Smart-seq2 metadata; postnatal DG samples with QC metrics and clustering labels												
GSE292261	20210421_Blanca_Plate2_H4-E1	mouse	dentate_gyrus	Smart-seq2	DG_P15_Leiden3	DG_P15	15	3.0	DG_P15	5727.0	481608.0	0.0	True	gene symbols already present in count matrix header	promote_to_primary_dentate_developmental_validation	filtered Smart-seq2 metadata; postnatal DG samples with QC metrics and clustering labels												
GSE292261	20210421_Blanca_Plate2_H5-E1	mouse	dentate_gyrus	Smart-seq2	DG_P15_Leiden3	DG_P15	15	3.0	DG_P15	4598.0	371869.0	0.0	True	gene symbols already present in count matrix header	promote_to_primary_dentate_developmental_validation	filtered Smart-seq2 metadata; postnatal DG samples with QC metrics and clustering labels												
GSE292261	20210421_Blanca_Plate2_H6-E1	mouse	dentate_gyrus	Smart-seq2	DG_P15_Leiden3	DG_P15	15	3.0	DG_P15	5380.0	391212.0	0.0	True	gene symbols already present in count matrix header	promote_to_primary_dentate_developmental_validation	filtered Smart-seq2 metadata; postnatal DG samples with QC metrics and clustering labels												
GSE292261	20210421_Blanca_Plate2_H7-E1	mouse	dentate_gyrus	Smart-seq2	DG_P15_Leiden3	DG_P15	15	3.0	DG_P15	5484.0	463460.0	0.0	True	gene symbols already present in count matrix header	promote_to_primary_dentate_developmental_validation	filtered Smart-seq2 metadata; postnatal DG samples with QC metrics and clustering labels												
GSE292261	20210421_Blanca_Plate2_H9-E1	mouse	dentate_gyrus	Smart-seq2	DG_P15_Leiden3	DG_P15	15	3.0	DG_P15	4880.0	563450.0	0.0	True	gene symbols already present in count matrix header	promote_to_primary_dentate_developmental_validation	filtered Smart-seq2 metadata; postnatal DG samples with QC metrics and clustering labels												
GSE292261	4032-S4-SMART_A11_R1_L001-E2	mouse	dentate_gyrus	Smart-seq2	DG_P7_Leiden2	DG_P7	7	2.0	DG_P7	4380.0	621084.0	0.0	True	gene symbols already present in count matrix header	promote_to_primary_dentate_developmental_validation	filtered Smart-seq2 metadata; postnatal DG samples with QC metrics and clustering labels												
GSE292261	4032-S4-SMART_A1_R1_L001-E2	mouse	dentate_gyrus	Smart-seq2	DG_P7_Leiden1	DG_P7	7	1.0	DG_P7	4188.0	804027.0	0.0	True	gene symbols already present in count matrix header	promote_to_primary_dentate_developmental_validation	filtered Smart-seq2 metadata; postnatal DG samples with QC metrics and clustering labels												
GSE292261	4032-S4-SMART_A2_R1_L001-E2	mouse	dentate_gyrus	Smart-seq2	DG_P7_Leiden2	DG_P7	7	2.0	DG_P7	2974.0	430364.0	0.0	True	gene symbols already present in count matrix header	promote_to_primary_dentate_developmental_validation	filtered Smart-seq2 metadata; postnatal DG samples with QC metrics and clustering labels												
GSE292261	4032-S4-SMART_A3_R1_L001-E2	mouse	dentate_gyrus	Smart-seq2	DG_P7_Leiden1	DG_P7	7	1.0	DG_P7	4460.0	916677.0	0.0	True	gene symbols already present in count matrix header	promote_to_primary_dentate_developmental_validation	filtered Smart-seq2 metadata; postnatal DG samples with QC metrics and clustering labels												
GSE292261	4032-S4-SMART_A4_R1_L001-E2	mouse	dentate_gyrus	Smart-seq2	DG_P7_Leiden1	DG_P7	7	1.0	DG_P7	3800.0	557457.0	0.0	True	gene symbols already present in count matrix header	promote_to_primary_dentate_developmental_validation	filtered Smart-seq2 metadata; postnatal DG samples with QC metrics and clustering labels												
GSE292261	4032-S4-SMART_A5_R1_L001-E2	mouse	dentate_gyrus	Smart-seq2	DG_P7_Leiden1	DG_P7	7	1.0	DG_P7	3872.0	783164.0	0.0	True	gene symbols already present in count matrix header	promote_to_primary_dentate_developmental_validation	filtered Smart-seq2 metadata; postnatal DG samples with QC metrics and clustering labels												
GSE292261	4032-S4-SMART_A6_R1_L001-E2	mouse	dentate_gyrus	Smart-seq2	DG_P7_Leiden1	DG_P7	7	1.0	DG_P7	4252.0	732492.0	0.0	True	gene symbols already present in count matrix header	promote_to_primary_dentate_developmental_validation	filtered Smart-seq2 metadata; postnatal DG samples with QC metrics and clustering labels												
GSE292261	4032-S4-SMART_A7_R1_L001-E2	mouse	dentate_gyrus	Smart-seq2	DG_P7_Leiden1	DG_P7	7	1.0	DG_P7	4260.0	743078.0	0.0	True	gene symbols already present in count matrix header	promote_to_primary_dentate_developmental_validation	filtered Smart-seq2 metadata; postnatal DG samples with QC metrics and clustering labels												
GSE292261	4032-S4-SMART_A8_R1_L001-E2	mouse	dentate_gyrus	Smart-seq2	DG_P7_Leiden1	DG_P7	7	1.0	DG_P7	4336.0	832751.0	0.0	True	gene symbols already present in count matrix header	promote_to_primary_dentate_developmental_validation	filtered Smart-seq2 metadata; postnatal DG samples with QC metrics and clustering labels												
GSE292261	4032-S4-SMART_A9_R1_L001-E2	mouse	dentate_gyrus	Smart-seq2	DG_P7_Leiden2	DG_P7	7	2.0	DG_P7	3590.0	448285.0	0.0	True	gene symbols already present in count matrix header	promote_to_primary_dentate_developmental_validation	filtered Smart-seq2 metadata; postnatal DG samples with QC metrics and clustering labels												
GSE292261	4032-S4-SMART_B1_R1_L001-E2	mouse	dentate_gyrus	Smart-seq2	DG_P7_Leiden2	DG_P7	7	2.0	DG_P7	3308.0	760029.0	0.0	True	gene symbols already present in count matrix header	promote_to_primary_dentate_developmental_validation	filtered Smart-seq2 metadata; postnatal DG samples with QC metrics and clustering labels												
GSE292261	4032-S4-SMART_B2_R1_L001-E2	mouse	dentate_gyrus	Smart-seq2	DG_P7_Leiden1	DG_P7	7	1.0	DG_P7	4051.0	958440.0	0.0	True	gene symbols already present in count matrix header	promote_to_primary_dentate_developmental_validation	filtered Smart-seq2 metadata; postnatal DG samples with QC metrics and clustering labels												
GSE292261	4032-S4-SMART_B3_R1_L001-E2	mouse	dentate_gyrus	Smart-seq2	DG_P7_Leiden1	DG_P7	7	1.0	DG_P7	3792.0	902189.0	0.0	True	gene symbols already present in count matrix header	promote_to_primary_dentate_developmental_validation	filtered Smart-seq2 metadata; postnatal DG samples with QC metrics and clustering labels												
GSE292261	4032-S4-SMART_B4_R1_L001-E2	mouse	dentate_gyrus	Smart-seq2	DG_P7_Leiden1	DG_P7	7	1.0	DG_P7	4528.0	1036526.0	0.0	True	gene symbols already present in count matrix header	promote_to_primary_dentate_developmental_validation	filtered Smart-seq2 metadata; postnatal DG samples with QC metrics and clustering labels												
GSE292261	4032-S4-SMART_B5_R1_L001-E2	mouse	dentate_gyrus	Smart-seq2	DG_P7_Leiden1	DG_P7	7	1.0	DG_P7	4255.0	991821.0	0.0	True	gene symbols already present in count matrix header	promote_to_primary_dentate_developmental_validation	filtered Smart-seq2 metadata; postnatal DG samples with QC metrics and clustering labels												
GSE292261	4032-S4-SMART_B6_R1_L001-E2	mouse	dentate_gyrus	Smart-seq2	DG_P7_Leiden1	DG_P7	7	1.0	DG_P7	5176.0	926884.0	0.0	True	gene symbols already present in count matrix header	promote_to_primary_dentate_developmental_validation	filtered Smart-seq2 metadata; postnatal DG samples with QC metrics and clustering labels												
GSE292261	4032-S4-SMART_B8_R1_L001-E2	mouse	dentate_gyrus	Smart-seq2	DG_P7_Leiden1	DG_P7	7	1.0	DG_P7	4528.0	928841.0	0.0	True	gene symbols already present in count matrix header	promote_to_primary_dentate_developmental_validation	filtered Smart-seq2 metadata; postnatal DG samples with QC metrics and clustering labels												
GSE292261	4032-S4-SMART_B9_R1_L001-E2	mouse	dentate_gyrus	Smart-seq2	DG_P7_Leiden1	DG_P7	7	1.0	DG_P7	4452.0	939438.0	0.0	True	gene symbols already present in count matrix header	promote_to_primary_dentate_developmental_validation	filtered Smart-seq2 metadata; postnatal DG samples with QC metrics and clustering labels												
GSE292261	4032-S4-SMART_C10_R1_L001-E2	mouse	dentate_gyrus	Smart-seq2	DG_P7_Leiden2	DG_P7	7	2.0	DG_P7	1995.0	597340.0	0.0	True	gene symbols already present in count matrix header	promote_to_primary_dentate_developmental_validation	filtered Smart-seq2 metadata; postnatal DG samples with QC metrics and clustering labels												
GSE292261	4032-S4-SMART_C11_R1_L001-E2	mouse	dentate_gyrus	Smart-seq2	DG_P7_Leiden2	DG_P7	7	2.0	DG_P7	3753.0	741271.0	0.0	True	gene symbols already present in count matrix header	promote_to_primary_dentate_developmental_validation	filtered Smart-seq2 metadata; postnatal DG samples with QC metrics and clustering labels												
GSE292261	4032-S4-SMART_C1_R1_L001-E2	mouse	dentate_gyrus	Smart-seq2	DG_P7_Leiden1	DG_P7	7	1.0	DG_P7	3887.0	795064.0	0.0	True	gene symbols already present in count matrix header	promote_to_primary_dentate_developmental_validation	filtered Smart-seq2 metadata; postnatal DG samples with QC metrics and clustering labels												
GSE292261	4032-S4-SMART_C2_R1_L001-E2	mouse	dentate_gyrus	Smart-seq2	DG_P7_Leiden1	DG_P7	7	1.0	DG_P7	4141.0	949252.0	0.0	True	gene symbols already present in count matrix header	promote_to_primary_dentate_developmental_validation	filtered Smart-seq2 metadata; postnatal DG samples with QC metrics and clustering labels												
GSE292261	4032-S4-SMART_C3_R1_L001-E2	mouse	dentate_gyrus	Smart-seq2	DG_P7_Leiden1	DG_P7	7	1.0	DG_P7	3714.0	906979.0	0.0	True	gene symbols already present in count matrix header	promote_to_primary_dentate_developmental_validation	filtered Smart-seq2 metadata; postnatal DG samples with QC metrics and clustering labels												
GSE292261	4032-S4-SMART_C4_R1_L001-E2	mouse	dentate_gyrus	Smart-seq2	DG_P7_Leiden1	DG_P7	7	1.0	DG_P7	3401.0	879618.0	0.0	True	gene symbols already present in count matrix header	promote_to_primary_dentate_developmental_validation	filtered Smart-seq2 metadata; postnatal DG samples with QC metrics and clustering labels												
GSE292261	4032-S4-SMART_C5_R1_L001-E2	mouse	dentate_gyrus	Smart-seq2	DG_P7_Leiden1	DG_P7	7	1.0	DG_P7	4260.0	876698.0	0.0	True	gene symbols already present in count matrix header	promote_to_primary_dentate_developmental_validation	filtered Smart-seq2 metadata; postnatal DG samples with QC metrics and clustering labels												
GSE292261	4032-S4-SMART_C6_R1_L001-E2	mouse	dentate_gyrus	Smart-seq2	DG_P7_Leiden1	DG_P7	7	1.0	DG_P7	4834.0	906533.0	0.0	True	gene symbols already present in count matrix header	promote_to_primary_dentate_developmental_validation	filtered Smart-seq2 metadata; postnatal DG samples with QC metrics and clustering labels												
GSE292261	4032-S4-SMART_C7_R1_L001-E2	mouse	dentate_gyrus	Smart-seq2	DG_P7_Leiden1	DG_P7	7	1.0	DG_P7	4348.0	805595.0	0.0	True	gene symbols already present in count matrix header	promote_to_primary_dentate_developmental_validation	filtered Smart-seq2 metadata; postnatal DG samples with QC metrics and clustering labels												
GSE292261	4032-S4-SMART_C9_R1_L001-E2	mouse	dentate_gyrus	Smart-seq2	DG_P7_Leiden2	DG_P7	7	2.0	DG_P7	2887.0	501965.0	0.0	True	gene symbols already present in count matrix header	promote_to_primary_dentate_developmental_validation	filtered Smart-seq2 metadata; postnatal DG samples with QC metrics and clustering labels												
GSE292261	4032-S4-SMART_D10_R1_L001-E2	mouse	dentate_gyrus	Smart-seq2	DG_P7_Leiden1	DG_P7	7	1.0	DG_P7	4418.0	797494.0	0.0	True	gene symbols already present in count matrix header	promote_to_primary_dentate_developmental_validation	filtered Smart-seq2 metadata; postnatal DG samples with QC metrics and clustering labels												
GSE292261	4032-S4-SMART_D12_R1_L001-E2	mouse	dentate_gyrus	Smart-seq2	DG_P7_Leiden1	DG_P7	7	1.0	DG_P7	4276.0	747148.0	0.0	True	gene symbols already present in count matrix header	promote_to_primary_dentate_developmental_validation	filtered Smart-seq2 metadata; postnatal DG samples with QC metrics and clustering labels												
GSE292261	4032-S4-SMART_D1_R1_L001-E2	mouse	dentate_gyrus	Smart-seq2	DG_P7_Leiden1	DG_P7	7	1.0	DG_P7	3994.0	728195.0	0.0	True	gene symbols already present in count matrix header	promote_to_primary_dentate_developmental_validation	filtered Smart-seq2 metadata; postnatal DG samples with QC metrics and clustering labels												
GSE292261	4032-S4-SMART_D2_R1_L001-E2	mouse	dentate_gyrus	Smart-seq2	DG_P7_Leiden1	DG_P7	7	1.0	DG_P7	4401.0	768755.0	0.0	True	gene symbols already present in count matrix header	promote_to_primary_dentate_developmental_validation	filtered Smart-seq2 metadata; postnatal DG samples with QC metrics and clustering labels												
GSE292261	4032-S4-SMART_D3_R1_L001-E2	mouse	dentate_gyrus	Smart-seq2	DG_P7_Leiden1	DG_P7	7	1.0	DG_P7	3646.0	743946.0	0.0	True	gene symbols already present in count matrix header	promote_to_primary_dentate_developmental_validation	filtered Smart-seq2 metadata; postnatal DG samples with QC metrics and clustering labels												
GSE292261	4032-S4-SMART_D4_R1_L001-E2	mouse	dentate_gyrus	Smart-seq2	DG_P7_Leiden1	DG_P7	7	1.0	DG_P7	4075.0	783305.0	0.0	True	gene symbols already present in count matrix header	promote_to_primary_dentate_developmental_validation	filtered Smart-seq2 metadata; postnatal DG samples with QC metrics and clustering labels												
GSE292261	4032-S4-SMART_D5_R1_L001-E2	mouse	dentate_gyrus	Smart-seq2	DG_P7_Leiden1	DG_P7	7	1.0	DG_P7	4097.0	767303.0	0.0	True	gene symbols already present in count matrix header	promote_to_primary_dentate_developmental_validation	filtered Smart-seq2 metadata; postnatal DG samples with QC metrics and clustering labels												
GSE292261	4032-S4-SMART_D6_R1_L001-E2	mouse	dentate_gyrus	Smart-seq2	DG_P7_Leiden1	DG_P7	7	1.0	DG_P7	4430.0	748772.0	0.0	True	gene symbols already present in count matrix header	promote_to_primary_dentate_developmental_validation	filtered Smart-seq2 metadata; postnatal DG samples with QC metrics and clustering labels												
GSE292261	4032-S4-SMART_D7_R1_L001-E2	mouse	dentate_gyrus	Smart-seq2	DG_P7_Leiden1	DG_P7	7	1.0	DG_P7	4357.0	685184.0	0.0	True	gene symbols already present in count matrix header	promote_to_primary_dentate_developmental_validation	filtered Smart-seq2 metadata; postnatal DG samples with QC metrics and clustering labels												
GSE292261	4032-S4-SMART_D8_R1_L001-E2	mouse	dentate_gyrus	Smart-seq2	DG_P7_Leiden1	DG_P7	7	1.0	DG_P7	4283.0	744247.0	0.0	True	gene symbols already present in count matrix header	promote_to_primary_dentate_developmental_validation	filtered Smart-seq2 metadata; postnatal DG samples with QC metrics and clustering labels												
GSE292261	4032-S4-SMART_D9_R1_L001-E2	mouse	dentate_gyrus	Smart-seq2	DG_P7_Leiden1	DG_P7	7	1.0	DG_P7	4498.0	810678.0	0.0	True	gene symbols already present in count matrix header	promote_to_primary_dentate_developmental_validation	filtered Smart-seq2 metadata; postnatal DG samples with QC metrics and clustering labels												
GSE292261	4032-S4-SMART_E10_R1_L001-E2	mouse	dentate_gyrus	Smart-seq2	DG_P7_Leiden1	DG_P7	7	1.0	DG_P7	3536.0	879277.0	0.0	True	gene symbols already present in count matrix header	promote_to_primary_dentate_developmental_validation	filtered Smart-seq2 metadata; postnatal DG samples with QC metrics and clustering labels												
GSE292261	4032-S4-SMART_E11_R1_L001-E2	mouse	dentate_gyrus	Smart-seq2	DG_P7_Leiden1	DG_P7	7	1.0	DG_P7	4935.0	993386.0	0.0	True	gene symbols already present in count matrix header	promote_to_primary_dentate_developmental_validation	filtered Smart-seq2 metadata; postnatal DG samples with QC metrics and clustering labels												
GSE292261	4032-S4-SMART_E12_R1_L001-E2	mouse	dentate_gyrus	Smart-seq2	DG_P7_Leiden1	DG_P7	7	1.0	DG_P7	4730.0	933939.0	0.0	True	gene symbols already present in count matrix header	promote_to_primary_dentate_developmental_validation	filtered Smart-seq2 metadata; postnatal DG samples with QC metrics and clustering labels												
GSE292261	4032-S4-SMART_E1_R1_L001-E2	mouse	dentate_gyrus	Smart-seq2	DG_P7_Leiden1	DG_P7	7	1.0	DG_P7	4076.0	861433.0	0.0	True	gene symbols already present in count matrix header	promote_to_primary_dentate_developmental_validation	filtered Smart-seq2 metadata; postnatal DG samples with QC metrics and clustering labels												
GSE292261	4032-S4-SMART_E2_R1_L001-E2	mouse	dentate_gyrus	Smart-seq2	DG_P7_Leiden1	DG_P7	7	1.0	DG_P7	4195.0	893931.0	0.0	True	gene symbols already present in count matrix header	promote_to_primary_dentate_developmental_validation	filtered Smart-seq2 metadata; postnatal DG samples with QC metrics and clustering labels												
GSE292261	4032-S4-SMART_E3_R1_L001-E2	mouse	dentate_gyrus	Smart-seq2	DG_P7_Leiden1	DG_P7	7	1.0	DG_P7	4553.0	918532.0	0.0	True	gene symbols already present in count matrix header	promote_to_primary_dentate_developmental_validation	filtered Smart-seq2 metadata; postnatal DG samples with QC metrics and clustering labels												
GSE292261	4032-S4-SMART_E4_R1_L001-E2	mouse	dentate_gyrus	Smart-seq2	DG_P7_Leiden1	DG_P7	7	1.0	DG_P7	4024.0	686501.0	0.0	True	gene symbols already present in count matrix header	promote_to_primary_dentate_developmental_validation	filtered Smart-seq2 metadata; postnatal DG samples with QC metrics and clustering labels												
GSE292261	4032-S4-SMART_E5_R1_L001-E2	mouse	dentate_gyrus	Smart-seq2	DG_P7_Leiden2	DG_P7	7	2.0	DG_P7	2869.0	746561.0	0.0	True	gene symbols already present in count matrix header	promote_to_primary_dentate_developmental_validation	filtered Smart-seq2 metadata; postnatal DG samples with QC metrics and clustering labels												
GSE292261	4032-S4-SMART_E6_R1_L001-E2	mouse	dentate_gyrus	Smart-seq2	DG_P7_Leiden1	DG_P7	7	1.0	DG_P7	4285.0	882278.0	0.0	True	gene symbols already present in count matrix header	promote_to_primary_dentate_developmental_validation	filtered Smart-seq2 metadata; postnatal DG samples with QC metrics and clustering labels												
GSE292261	4032-S4-SMART_E7_R1_L001-E2	mouse	dentate_gyrus	Smart-seq2	DG_P7_Leiden1	DG_P7	7	1.0	DG_P7	4134.0	794673.0	0.0	True	gene symbols already present in count matrix header	promote_to_primary_dentate_developmental_validation	filtered Smart-seq2 metadata; postnatal DG samples with QC metrics and clustering labels												
GSE292261	4032-S4-SMART_E8_R1_L001-E2	mouse	dentate_gyrus	Smart-seq2	DG_P7_Leiden1	DG_P7	7	1.0	DG_P7	4079.0	915690.0	0.0	True	gene symbols already present in count matrix header	promote_to_primary_dentate_developmental_validation	filtered Smart-seq2 metadata; postnatal DG samples with QC metrics and clustering labels												
GSE292261	4032-S4-SMART_E9_R1_L001-E2	mouse	dentate_gyrus	Smart-seq2	DG_P7_Leiden1	DG_P7	7	1.0	DG_P7	4486.0	891320.0	0.0	True	gene symbols already present in count matrix header	promote_to_primary_dentate_developmental_validation	filtered Smart-seq2 metadata; postnatal DG samples with QC metrics and clustering labels												
GSE292261	4032-S4-SMART_F11_R1_L001-E2	mouse	dentate_gyrus	Smart-seq2	DG_P7_Leiden1	DG_P7	7	1.0	DG_P7	4424.0	759145.0	0.0	True	gene symbols already present in count matrix header	promote_to_primary_dentate_developmental_validation	filtered Smart-seq2 metadata; postnatal DG samples with QC metrics and clustering labels												
GSE292261	4032-S4-SMART_F1_R1_L001-E2	mouse	dentate_gyrus	Smart-seq2	DG_P7_Leiden1	DG_P7	7	1.0	DG_P7	3975.0	786134.0	0.0	True	gene symbols already present in count matrix header	promote_to_primary_dentate_developmental_validation	filtered Smart-seq2 metadata; postnatal DG samples with QC metrics and clustering labels												
GSE292261	4032-S4-SMART_F2_R1_L001-E2	mouse	dentate_gyrus	Smart-seq2	DG_P7_Leiden1	DG_P7	7	1.0	DG_P7	4659.0	827475.0	0.0	True	gene symbols already present in count matrix header	promote_to_primary_dentate_developmental_validation	filtered Smart-seq2 metadata; postnatal DG samples with QC metrics and clustering labels												
GSE292261	4032-S4-SMART_F3_R1_L001-E2	mouse	dentate_gyrus	Smart-seq2	DG_P7_Leiden1	DG_P7	7	1.0	DG_P7	4007.0	827632.0	0.0	True	gene symbols already present in count matrix header	promote_to_primary_dentate_developmental_validation	filtered Smart-seq2 metadata; postnatal DG samples with QC metrics and clustering labels												
GSE292261	4032-S4-SMART_F5_R1_L001-E2	mouse	dentate_gyrus	Smart-seq2	DG_P7_Leiden1	DG_P7	7	1.0	DG_P7	3724.0	790794.0	0.0	True	gene symbols already present in count matrix header	promote_to_primary_dentate_developmental_validation	filtered Smart-seq2 metadata; postnatal DG samples with QC metrics and clustering labels												
GSE292261	4032-S4-SMART_F6_R1_L001-E2	mouse	dentate_gyrus	Smart-seq2	DG_P7_Leiden1	DG_P7	7	1.0	DG_P7	3431.0	736865.0	0.0	True	gene symbols already present in count matrix header	promote_to_primary_dentate_developmental_validation	filtered Smart-seq2 metadata; postnatal DG samples with QC metrics and clustering labels												
GSE292261	4032-S4-SMART_G11_R1_L001-E2	mouse	dentate_gyrus	Smart-seq2	DG_P7_Leiden1	DG_P7	7	1.0	DG_P7	4298.0	875208.0	0.0	True	gene symbols already present in count matrix header	promote_to_primary_dentate_developmental_validation	filtered Smart-seq2 metadata; postnatal DG samples with QC metrics and clustering labels												
GSE292261	4032-S4-SMART_G1_R1_L001-E2	mouse	dentate_gyrus	Smart-seq2	DG_P7_Leiden1	DG_P7	7	1.0	DG_P7	3753.0	769636.0	0.0	True	gene symbols already present in count matrix header	promote_to_primary_dentate_developmental_validation	filtered Smart-seq2 metadata; postnatal DG samples with QC metrics and clustering labels												
GSE292261	4032-S4-SMART_G2_R1_L001-E2	mouse	dentate_gyrus	Smart-seq2	DG_P7_Leiden1	DG_P7	7	1.0	DG_P7	4329.0	862498.0	0.0	True	gene symbols already present in count matrix header	promote_to_primary_dentate_developmental_validation	filtered Smart-seq2 metadata; postnatal DG samples with QC metrics and clustering labels												
GSE292261	4032-S4-SMART_G3_R1_L001-E2	mouse	dentate_gyrus	Smart-seq2	DG_P7_Leiden1	DG_P7	7	1.0	DG_P7	4299.0	963283.0	0.0	True	gene symbols already present in count matrix header	promote_to_primary_dentate_developmental_validation	filtered Smart-seq2 metadata; postnatal DG samples with QC metrics and clustering labels												
GSE292261	4032-S4-SMART_G4_R1_L001-E2	mouse	dentate_gyrus	Smart-seq2	DG_P7_Leiden1	DG_P7	7	1.0	DG_P7	4000.0	943127.0	0.0	True	gene symbols already present in count matrix header	promote_to_primary_dentate_developmental_validation	filtered Smart-seq2 metadata; postnatal DG samples with QC metrics and clustering labels												
GSE292261	4032-S4-SMART_G5_R1_L001-E2	mouse	dentate_gyrus	Smart-seq2	DG_P7_Leiden1	DG_P7	7	1.0	DG_P7	4006.0	864374.0	0.0	True	gene symbols already present in count matrix header	promote_to_primary_dentate_developmental_validation	filtered Smart-seq2 metadata; postnatal DG samples with QC metrics and clustering labels												
GSE292261	4032-S4-SMART_G6_R1_L001-E2	mouse	dentate_gyrus	Smart-seq2	DG_P7_Leiden1	DG_P7	7	1.0	DG_P7	3632.0	854042.0	0.0	True	gene symbols already present in count matrix header	promote_to_primary_dentate_developmental_validation	filtered Smart-seq2 metadata; postnatal DG samples with QC metrics and clustering labels												
GSE292261	4032-S4-SMART_G7_R1_L001-E2	mouse	dentate_gyrus	Smart-seq2	DG_P7_Leiden2	DG_P7	7	2.0	DG_P7	3870.0	481810.0	0.0	True	gene symbols already present in count matrix header	promote_to_primary_dentate_developmental_validation	filtered Smart-seq2 metadata; postnatal DG samples with QC metrics and clustering labels												
GSE292261	4032-S4-SMART_G8_R1_L001-E2	mouse	dentate_gyrus	Smart-seq2	DG_P7_Leiden1	DG_P7	7	1.0	DG_P7	4753.0	920960.0	0.0	True	gene symbols already present in count matrix header	promote_to_primary_dentate_developmental_validation	filtered Smart-seq2 metadata; postnatal DG samples with QC metrics and clustering labels												
GSE292261	4032-S4-SMART_G9_R1_L001-E2	mouse	dentate_gyrus	Smart-seq2	DG_P7_Leiden1	DG_P7	7	1.0	DG_P7	3815.0	855477.0	0.0	True	gene symbols already present in count matrix header	promote_to_primary_dentate_developmental_validation	filtered Smart-seq2 metadata; postnatal DG samples with QC metrics and clustering labels												
GSE292261	4032-S4-SMART_H10_R1_L001-E2	mouse	dentate_gyrus	Smart-seq2	DG_P7_Leiden2	DG_P7	7	2.0	DG_P7	3074.0	514548.0	0.0	True	gene symbols already present in count matrix header	promote_to_primary_dentate_developmental_validation	filtered Smart-seq2 metadata; postnatal DG samples with QC metrics and clustering labels												
GSE292261	4032-S4-SMART_H11_R1_L001-E2	mouse	dentate_gyrus	Smart-seq2	DG_P7_Leiden1	DG_P7	7	1.0	DG_P7	3805.0	840906.0	0.0	True	gene symbols already present in count matrix header	promote_to_primary_dentate_developmental_validation	filtered Smart-seq2 metadata; postnatal DG samples with QC metrics and clustering labels												
GSE292261	4032-S4-SMART_H1_R1_L001-E2	mouse	dentate_gyrus	Smart-seq2	DG_P7_Leiden1	DG_P7	7	1.0	DG_P7	4064.0	827816.0	0.0	True	gene symbols already present in count matrix header	promote_to_primary_dentate_developmental_validation	filtered Smart-seq2 metadata; postnatal DG samples with QC metrics and clustering labels												
GSE292261	4032-S4-SMART_H2_R1_L001-E2	mouse	dentate_gyrus	Smart-seq2	DG_P7_Leiden1	DG_P7	7	1.0	DG_P7	3663.0	859989.0	0.0	True	gene symbols already present in count matrix header	promote_to_primary_dentate_developmental_validation	filtered Smart-seq2 metadata; postnatal DG samples with QC metrics and clustering labels												
GSE292261	4032-S4-SMART_H3_R1_L001-E2	mouse	dentate_gyrus	Smart-seq2	DG_P7_Leiden1	DG_P7	7	1.0	DG_P7	3780.0	863580.0	0.0	True	gene symbols already present in count matrix header	promote_to_primary_dentate_developmental_validation	filtered Smart-seq2 metadata; postnatal DG samples with QC metrics and clustering labels												
GSE292261	4032-S4-SMART_H5_R1_L001-E2	mouse	dentate_gyrus	Smart-seq2	DG_P7_Leiden2	DG_P7	7	2.0	DG_P7	4084.0	829553.0	0.0	True	gene symbols already present in count matrix header	promote_to_primary_dentate_developmental_validation	filtered Smart-seq2 metadata; postnatal DG samples with QC metrics and clustering labels												
GSE292261	4032-S4-SMART_H6_R1_L001-E2	mouse	dentate_gyrus	Smart-seq2	DG_P7_Leiden1	DG_P7	7	1.0	DG_P7	4175.0	899037.0	0.0	True	gene symbols already present in count matrix header	promote_to_primary_dentate_developmental_validation	filtered Smart-seq2 metadata; postnatal DG samples with QC metrics and clustering labels												
GSE292261	4032-S4-SMART_H7_R1_L001-E2	mouse	dentate_gyrus	Smart-seq2	DG_P7_Leiden1	DG_P7	7	1.0	DG_P7	4124.0	733438.0	0.0	True	gene symbols already present in count matrix header	promote_to_primary_dentate_developmental_validation	filtered Smart-seq2 metadata; postnatal DG samples with QC metrics and clustering labels												
GSE292261	4032-S4-SMART_H8_R1_L001-E2	mouse	dentate_gyrus	Smart-seq2	DG_P7_Leiden1	DG_P7	7	1.0	DG_P7	4553.0	925451.0	0.0	True	gene symbols already present in count matrix header	promote_to_primary_dentate_developmental_validation	filtered Smart-seq2 metadata; postnatal DG samples with QC metrics and clustering labels												
GSE292261	A10_4229-S1-SMART_S10-E3	mouse	dentate_gyrus	Smart-seq2	DG_P28_Leiden0	DG_P28	28	0.0	DG_P28	2362.0	860266.0	0.0	True	gene symbols already present in count matrix header	promote_to_primary_dentate_developmental_validation	filtered Smart-seq2 metadata; postnatal DG samples with QC metrics and clustering labels												
GSE292261	A12_4229-S1-SMART_S12-E3	mouse	dentate_gyrus	Smart-seq2	DG_P28_Leiden0	DG_P28	28	0.0	DG_P28	2144.0	885931.0	0.0	True	gene symbols already present in count matrix header	promote_to_primary_dentate_developmental_validation	filtered Smart-seq2 metadata; postnatal DG samples with QC metrics and clustering labels												
GSE292261	A1_4229-S1-SMART_S1-E3	mouse	dentate_gyrus	Smart-seq2	DG_P28_Leiden0	DG_P28	28	0.0	DG_P28	2296.0	680895.0	0.0	True	gene symbols already present in count matrix header	promote_to_primary_dentate_developmental_validation	filtered Smart-seq2 metadata; postnatal DG samples with QC metrics and clustering labels												
GSE292261	A2_4229-S1-SMART_S2-E3	mouse	dentate_gyrus	Smart-seq2	DG_P28_Leiden0	DG_P28	28	0.0	DG_P28	1656.0	724826.0	0.0	True	gene symbols already present in count matrix header	promote_to_primary_dentate_developmental_validation	filtered Smart-seq2 metadata; postnatal DG samples with QC metrics and clustering labels												
GSE292261	A3_4229-S1-SMART_S3-E3	mouse	dentate_gyrus	Smart-seq2	DG_P28_Leiden0	DG_P28	28	0.0	DG_P28	1376.0	219742.0	0.0	True	gene symbols already present in count matrix header	promote_to_primary_dentate_developmental_validation	filtered Smart-seq2 metadata; postnatal DG samples with QC metrics and clustering labels												
GSE292261	A4_4229-S1-SMART_S4-E3	mouse	dentate_gyrus	Smart-seq2	DG_P28_Leiden0	DG_P28	28	0.0	DG_P28	1705.0	320283.0	0.0	True	gene symbols already present in count matrix header	promote_to_primary_dentate_developmental_validation	filtered Smart-seq2 metadata; postnatal DG samples with QC metrics and clustering labels												
GSE292261	A5_4229-S1-SMART_S5-E3	mouse	dentate_gyrus	Smart-seq2	DG_P28_Leiden0	DG_P28	28	0.0	DG_P28	1698.0	546418.0	0.0	True	gene symbols already present in count matrix header	promote_to_primary_dentate_developmental_validation	filtered Smart-seq2 metadata; postnatal DG samples with QC metrics and clustering labels												
GSE292261	A6_4229-S1-SMART_S6-E3	mouse	dentate_gyrus	Smart-seq2	DG_P28_Leiden0	DG_P28	28	0.0	DG_P28	1784.0	601966.0	0.0	True	gene symbols already present in count matrix header	promote_to_primary_dentate_developmental_validation	filtered Smart-seq2 metadata; postnatal DG samples with QC metrics and clustering labels												
GSE292261	A7_4229-S1-SMART_S7-E3	mouse	dentate_gyrus	Smart-seq2	DG_P28_Leiden0	DG_P28	28	0.0	DG_P28	2305.0	705242.0	0.0	True	gene symbols already present in count matrix header	promote_to_primary_dentate_developmental_validation	filtered Smart-seq2 metadata; postnatal DG samples with QC metrics and clustering labels												
GSE292261	A8_4229-S1-SMART_S8-E3	mouse	dentate_gyrus	Smart-seq2	DG_P28_Leiden0	DG_P28	28	0.0	DG_P28	1436.0	656167.0	0.0	True	gene symbols already present in count matrix header	promote_to_primary_dentate_developmental_validation	filtered Smart-seq2 metadata; postnatal DG samples with QC metrics and clustering labels												
GSE292261	B10_4229-S1-SMART_S22-E3	mouse	dentate_gyrus	Smart-seq2	DG_P28_Leiden0	DG_P28	28	0.0	DG_P28	1750.0	812153.0	0.0	True	gene symbols already present in count matrix header	promote_to_primary_dentate_developmental_validation	filtered Smart-seq2 metadata; postnatal DG samples with QC metrics and clustering labels												
GSE292261	B11_4229-S1-SMART_S23-E3	mouse	dentate_gyrus	Smart-seq2	DG_P28_Leiden0	DG_P28	28	0.0	DG_P28	2552.0	863279.0	0.0	True	gene symbols already present in count matrix header	promote_to_primary_dentate_developmental_validation	filtered Smart-seq2 metadata; postnatal DG samples with QC metrics and clustering labels												
GSE292261	B12_4229-S1-SMART_S24-E3	mouse	dentate_gyrus	Smart-seq2	DG_P28_Leiden2	DG_P28	28	2.0	DG_P28	3378.0	331167.0	0.0	True	gene symbols already present in count matrix header	promote_to_primary_dentate_developmental_validation	filtered Smart-seq2 metadata; postnatal DG samples with QC metrics and clustering labels												
GSE292261	B1_4229-S1-SMART_S13-E3	mouse	dentate_gyrus	Smart-seq2	DG_P28_Leiden0	DG_P28	28	0.0	DG_P28	2172.0	792951.0	0.0	True	gene symbols already present in count matrix header	promote_to_primary_dentate_developmental_validation	filtered Smart-seq2 metadata; postnatal DG samples with QC metrics and clustering labels												
GSE292261	B2_4229-S1-SMART_S14-E3	mouse	dentate_gyrus	Smart-seq2	DG_P28_Leiden0	DG_P28	28	0.0	DG_P28	1380.0	952440.0	0.0	True	gene symbols already present in count matrix header	promote_to_primary_dentate_developmental_validation	filtered Smart-seq2 metadata; postnatal DG samples with QC metrics and clustering labels												
GSE292261	B3_4229-S1-SMART_S15-E3	mouse	dentate_gyrus	Smart-seq2	DG_P28_Leiden0	DG_P28	28	0.0	DG_P28	1995.0	833490.0	0.0	True	gene symbols already present in count matrix header	promote_to_primary_dentate_developmental_validation	filtered Smart-seq2 metadata; postnatal DG samples with QC metrics and clustering labels												
GSE292261	B4_4229-S1-SMART_S16-E3	mouse	dentate_gyrus	Smart-seq2	DG_P28_Leiden0	DG_P28	28	0.0	DG_P28	2269.0	731537.0	0.0	True	gene symbols already present in count matrix header	promote_to_primary_dentate_developmental_validation	filtered Smart-seq2 metadata; postnatal DG samples with QC metrics and clustering labels												
GSE292261	B5_4229-S1-SMART_S17-E3	mouse	dentate_gyrus	Smart-seq2	DG_P28_Leiden0	DG_P28	28	0.0	DG_P28	2068.0	955372.0	0.0	True	gene symbols already present in count matrix header	promote_to_primary_dentate_developmental_validation	filtered Smart-seq2 metadata; postnatal DG samples with QC metrics and clustering labels												
GSE292261	B6_4229-S1-SMART_S18-E3	mouse	dentate_gyrus	Smart-seq2	DG_P28_Leiden0	DG_P28	28	0.0	DG_P28	1926.0	964652.0	0.0	True	gene symbols already present in count matrix header	promote_to_primary_dentate_developmental_validation	filtered Smart-seq2 metadata; postnatal DG samples with QC metrics and clustering labels												
GSE292261	B7_4229-S1-SMART_S19-E3	mouse	dentate_gyrus	Smart-seq2	DG_P28_Leiden0	DG_P28	28	0.0	DG_P28	2294.0	850630.0	0.0	True	gene symbols already present in count matrix header	promote_to_primary_dentate_developmental_validation	filtered Smart-seq2 metadata; postnatal DG samples with QC metrics and clustering labels												
GSE292261	B8_4229-S1-SMART_S20-E3	mouse	dentate_gyrus	Smart-seq2	DG_P28_Leiden0	DG_P28	28	0.0	DG_P28	1884.0	767046.0	0.0	True	gene symbols already present in count matrix header	promote_to_primary_dentate_developmental_validation	filtered Smart-seq2 metadata; postnatal DG samples with QC metrics and clustering labels												
GSE292261	B9_4229-S1-SMART_S21-E3	mouse	dentate_gyrus	Smart-seq2	DG_P28_Leiden0	DG_P28	28	0.0	DG_P28	2017.0	875622.0	0.0	True	gene symbols already present in count matrix header	promote_to_primary_dentate_developmental_validation	filtered Smart-seq2 metadata; postnatal DG samples with QC metrics and clustering labels												
GSE292261	C10_4229-S1-SMART_S34-E3	mouse	dentate_gyrus	Smart-seq2	DG_P28_Leiden0	DG_P28	28	0.0	DG_P28	1979.0	820107.0	0.0	True	gene symbols already present in count matrix header	promote_to_primary_dentate_developmental_validation	filtered Smart-seq2 metadata; postnatal DG samples with QC metrics and clustering labels												
GSE292261	C11_4229-S1-SMART_S35-E3	mouse	dentate_gyrus	Smart-seq2	DG_P28_Leiden0	DG_P28	28	0.0	DG_P28	1555.0	762034.0	0.0	True	gene symbols already present in count matrix header	promote_to_primary_dentate_developmental_validation	filtered Smart-seq2 metadata; postnatal DG samples with QC metrics and clustering labels												
GSE292261	C1_4229-S1-SMART_S25-E3	mouse	dentate_gyrus	Smart-seq2	DG_P28_Leiden0	DG_P28	28	0.0	DG_P28	1802.0	713540.0	0.0	True	gene symbols already present in count matrix header	promote_to_primary_dentate_developmental_validation	filtered Smart-seq2 metadata; postnatal DG samples with QC metrics and clustering labels												
GSE292261	C2_4229-S1-SMART_S26-E3	mouse	dentate_gyrus	Smart-seq2	DG_P28_Leiden0	DG_P28	28	0.0	DG_P28	2847.0	904088.0	0.0	True	gene symbols already present in count matrix header	promote_to_primary_dentate_developmental_validation	filtered Smart-seq2 metadata; postnatal DG samples with QC metrics and clustering labels												
GSE292261	C3_4229-S1-SMART_S27-E3	mouse	dentate_gyrus	Smart-seq2	DG_P28_Leiden0	DG_P28	28	0.0	DG_P28	1523.0	840108.0	0.0	True	gene symbols already present in count matrix header	promote_to_primary_dentate_developmental_validation	filtered Smart-seq2 metadata; postnatal DG samples with QC metrics and clustering labels												
GSE292261	C4_4229-S1-SMART_S28-E3	mouse	dentate_gyrus	Smart-seq2	DG_P28_Leiden0	DG_P28	28	0.0	DG_P28	1575.0	822004.0	0.0	True	gene symbols already present in count matrix header	promote_to_primary_dentate_developmental_validation	filtered Smart-seq2 metadata; postnatal DG samples with QC metrics and clustering labels												
GSE292261	C5_4229-S1-SMART_S29-E3	mouse	dentate_gyrus	Smart-seq2	DG_P28_Leiden0	DG_P28	28	0.0	DG_P28	1618.0	765692.0	0.0	True	gene symbols already present in count matrix header	promote_to_primary_dentate_developmental_validation	filtered Smart-seq2 metadata; postnatal DG samples with QC metrics and clustering labels												
GSE292261	C7_4229-S1-SMART_S31-E3	mouse	dentate_gyrus	Smart-seq2	DG_P28_Leiden0	DG_P28	28	0.0	DG_P28	1759.0	614930.0	0.0	True	gene symbols already present in count matrix header	promote_to_primary_dentate_developmental_validation	filtered Smart-seq2 metadata; postnatal DG samples with QC metrics and clustering labels												
GSE292261	C8_4229-S1-SMART_S32-E3	mouse	dentate_gyrus	Smart-seq2	DG_P28_Leiden0	DG_P28	28	0.0	DG_P28	1728.0	837927.0	0.0	True	gene symbols already present in count matrix header	promote_to_primary_dentate_developmental_validation	filtered Smart-seq2 metadata; postnatal DG samples with QC metrics and clustering labels												
GSE292261	C9_4229-S1-SMART_S33-E3	mouse	dentate_gyrus	Smart-seq2	DG_P28_Leiden0	DG_P28	28	0.0	DG_P28	1885.0	839578.0	0.0	True	gene symbols already present in count matrix header	promote_to_primary_dentate_developmental_validation	filtered Smart-seq2 metadata; postnatal DG samples with QC metrics and clustering labels												
GSE292261	D10_4229-S1-SMART_S46-E3	mouse	dentate_gyrus	Smart-seq2	DG_P28_Leiden0	DG_P28	28	0.0	DG_P28	2340.0	1015335.0	0.0	True	gene symbols already present in count matrix header	promote_to_primary_dentate_developmental_validation	filtered Smart-seq2 metadata; postnatal DG samples with QC metrics and clustering labels												
GSE292261	D11_4229-S1-SMART_S47-E3	mouse	dentate_gyrus	Smart-seq2	DG_P28_Leiden0	DG_P28	28	0.0	DG_P28	1595.0	773214.0	0.0	True	gene symbols already present in count matrix header	promote_to_primary_dentate_developmental_validation	filtered Smart-seq2 metadata; postnatal DG samples with QC metrics and clustering labels												
GSE292261	D12_4229-S1-SMART_S48-E3	mouse	dentate_gyrus	Smart-seq2	DG_P28_Leiden0	DG_P28	28	0.0	DG_P28	1686.0	989201.0	0.0	True	gene symbols already present in count matrix header	promote_to_primary_dentate_developmental_validation	filtered Smart-seq2 metadata; postnatal DG samples with QC metrics and clustering labels												
GSE292261	D1_4229-S1-SMART_S37-E3	mouse	dentate_gyrus	Smart-seq2	DG_P28_Leiden0	DG_P28	28	0.0	DG_P28	2243.0	875746.0	0.0	True	gene symbols already present in count matrix header	promote_to_primary_dentate_developmental_validation	filtered Smart-seq2 metadata; postnatal DG samples with QC metrics and clustering labels												
GSE292261	D2_4229-S1-SMART_S38-E3	mouse	dentate_gyrus	Smart-seq2	DG_P28_Leiden0	DG_P28	28	0.0	DG_P28	1554.0	714113.0	0.0	True	gene symbols already present in count matrix header	promote_to_primary_dentate_developmental_validation	filtered Smart-seq2 metadata; postnatal DG samples with QC metrics and clustering labels												
GSE292261	D3_4229-S1-SMART_S39-E3	mouse	dentate_gyrus	Smart-seq2	DG_P28_Leiden0	DG_P28	28	0.0	DG_P28	2130.0	783277.0	0.0	True	gene symbols already present in count matrix header	promote_to_primary_dentate_developmental_validation	filtered Smart-seq2 metadata; postnatal DG samples with QC metrics and clustering labels												
GSE292261	D4_4229-S1-SMART_S40-E3	mouse	dentate_gyrus	Smart-seq2	DG_P28_Leiden0	DG_P28	28	0.0	DG_P28	3051.0	782899.0	0.0	True	gene symbols already present in count matrix header	promote_to_primary_dentate_developmental_validation	filtered Smart-seq2 metadata; postnatal DG samples with QC metrics and clustering labels												
GSE292261	D5_4229-S1-SMART_S41-E3	mouse	dentate_gyrus	Smart-seq2	DG_P28_Leiden0	DG_P28	28	0.0	DG_P28	1981.0	837934.0	0.0	True	gene symbols already present in count matrix header	promote_to_primary_dentate_developmental_validation	filtered Smart-seq2 metadata; postnatal DG samples with QC metrics and clustering labels												
GSE292261	D6_4229-S1-SMART_S42-E3	mouse	dentate_gyrus	Smart-seq2	DG_P28_Leiden0	DG_P28	28	0.0	DG_P28	2500.0	971458.0	0.0	True	gene symbols already present in count matrix header	promote_to_primary_dentate_developmental_validation	filtered Smart-seq2 metadata; postnatal DG samples with QC metrics and clustering labels												
GSE292261	D7_4229-S1-SMART_S43-E3	mouse	dentate_gyrus	Smart-seq2	DG_P28_Leiden0	DG_P28	28	0.0	DG_P28	1368.0	730203.0	0.0	True	gene symbols already present in count matrix header	promote_to_primary_dentate_developmental_validation	filtered Smart-seq2 metadata; postnatal DG samples with QC metrics and clustering labels												
GSE292261	D9_4229-S1-SMART_S45-E3	mouse	dentate_gyrus	Smart-seq2	DG_P28_Leiden0	DG_P28	28	0.0	DG_P28	1333.0	782871.0	0.0	True	gene symbols already present in count matrix header	promote_to_primary_dentate_developmental_validation	filtered Smart-seq2 metadata; postnatal DG samples with QC metrics and clustering labels												
GSE292261	E10_4229-S1-SMART_S58-E3	mouse	dentate_gyrus	Smart-seq2	DG_P28_Leiden0	DG_P28	28	0.0	DG_P28	2202.0	920027.0	0.0	True	gene symbols already present in count matrix header	promote_to_primary_dentate_developmental_validation	filtered Smart-seq2 metadata; postnatal DG samples with QC metrics and clustering labels												
GSE292261	E11_4229-S1-SMART_S59-E3	mouse	dentate_gyrus	Smart-seq2	DG_P28_Leiden0	DG_P28	28	0.0	DG_P28	2339.0	870247.0	0.0	True	gene symbols already present in count matrix header	promote_to_primary_dentate_developmental_validation	filtered Smart-seq2 metadata; postnatal DG samples with QC metrics and clustering labels												
GSE292261	E12_4229-S1-SMART_S60-E3	mouse	dentate_gyrus	Smart-seq2	DG_P28_Leiden0	DG_P28	28	0.0	DG_P28	1946.0	791120.0	0.0	True	gene symbols already present in count matrix header	promote_to_primary_dentate_developmental_validation	filtered Smart-seq2 metadata; postnatal DG samples with QC metrics and clustering labels												
GSE292261	E1_4229-S1-SMART_S49-E3	mouse	dentate_gyrus	Smart-seq2	DG_P28_Leiden0	DG_P28	28	0.0	DG_P28	1418.0	715748.0	0.0	True	gene symbols already present in count matrix header	promote_to_primary_dentate_developmental_validation	filtered Smart-seq2 metadata; postnatal DG samples with QC metrics and clustering labels												
GSE292261	E2_4229-S1-SMART_S50-E3	mouse	dentate_gyrus	Smart-seq2	DG_P28_Leiden0	DG_P28	28	0.0	DG_P28	2188.0	970216.0	0.0	True	gene symbols already present in count matrix header	promote_to_primary_dentate_developmental_validation	filtered Smart-seq2 metadata; postnatal DG samples with QC metrics and clustering labels												
GSE292261	E3_4229-S1-SMART_S51-E3	mouse	dentate_gyrus	Smart-seq2	DG_P28_Leiden0	DG_P28	28	0.0	DG_P28	1843.0	619629.0	0.0	True	gene symbols already present in count matrix header	promote_to_primary_dentate_developmental_validation	filtered Smart-seq2 metadata; postnatal DG samples with QC metrics and clustering labels												
GSE292261	E4_4229-S1-SMART_S52-E3	mouse	dentate_gyrus	Smart-seq2	DG_P28_Leiden0	DG_P28	28	0.0	DG_P28	2287.0	803799.0	0.0	True	gene symbols already present in count matrix header	promote_to_primary_dentate_developmental_validation	filtered Smart-seq2 metadata; postnatal DG samples with QC metrics and clustering labels												
GSE292261	E5_4229-S1-SMART_S53-E3	mouse	dentate_gyrus	Smart-seq2	DG_P28_Leiden0	DG_P28	28	0.0	DG_P28	1539.0	921259.0	0.0	True	gene symbols already present in count matrix header	promote_to_primary_dentate_developmental_validation	filtered Smart-seq2 metadata; postnatal DG samples with QC metrics and clustering labels												
GSE292261	E6_4229-S1-SMART_S54-E3	mouse	dentate_gyrus	Smart-seq2	DG_P28_Leiden0	DG_P28	28	0.0	DG_P28	1983.0	886410.0	0.0	True	gene symbols already present in count matrix header	promote_to_primary_dentate_developmental_validation	filtered Smart-seq2 metadata; postnatal DG samples with QC metrics and clustering labels												
GSE292261	E7_4229-S1-SMART_S55-E3	mouse	dentate_gyrus	Smart-seq2	DG_P28_Leiden0	DG_P28	28	0.0	DG_P28	1631.0	822802.0	0.0	True	gene symbols already present in count matrix header	promote_to_primary_dentate_developmental_validation	filtered Smart-seq2 metadata; postnatal DG samples with QC metrics and clustering labels												
GSE292261	E8_4229-S1-SMART_S56-E3	mouse	dentate_gyrus	Smart-seq2	DG_P28_Leiden0	DG_P28	28	0.0	DG_P28	1813.0	901607.0	0.0	True	gene symbols already present in count matrix header	promote_to_primary_dentate_developmental_validation	filtered Smart-seq2 metadata; postnatal DG samples with QC metrics and clustering labels												
GSE292261	E9_4229-S1-SMART_S57-E3	mouse	dentate_gyrus	Smart-seq2	DG_P28_Leiden0	DG_P28	28	0.0	DG_P28	1038.0	623340.0	0.0	True	gene symbols already present in count matrix header	promote_to_primary_dentate_developmental_validation	filtered Smart-seq2 metadata; postnatal DG samples with QC metrics and clustering labels												
GSE292261	F10_4229-S1-SMART_S70-E3	mouse	dentate_gyrus	Smart-seq2	DG_P28_Leiden0	DG_P28	28	0.0	DG_P28	1416.0	823746.0	0.0	True	gene symbols already present in count matrix header	promote_to_primary_dentate_developmental_validation	filtered Smart-seq2 metadata; postnatal DG samples with QC metrics and clustering labels												
GSE292261	F11_4229-S1-SMART_S71-E3	mouse	dentate_gyrus	Smart-seq2	DG_P28_Leiden0	DG_P28	28	0.0	DG_P28	2334.0	952913.0	0.0	True	gene symbols already present in count matrix header	promote_to_primary_dentate_developmental_validation	filtered Smart-seq2 metadata; postnatal DG samples with QC metrics and clustering labels												
GSE292261	F12_4229-S1-SMART_S72-E3	mouse	dentate_gyrus	Smart-seq2	DG_P28_Leiden0	DG_P28	28	0.0	DG_P28	2635.0	829867.0	0.0	True	gene symbols already present in count matrix header	promote_to_primary_dentate_developmental_validation	filtered Smart-seq2 metadata; postnatal DG samples with QC metrics and clustering labels												
GSE292261	F1_4229-S1-SMART_S61-E3	mouse	dentate_gyrus	Smart-seq2	DG_P28_Leiden0	DG_P28	28	0.0	DG_P28	1616.0	553279.0	0.0	True	gene symbols already present in count matrix header	promote_to_primary_dentate_developmental_validation	filtered Smart-seq2 metadata; postnatal DG samples with QC metrics and clustering labels												
GSE292261	F2_4229-S1-SMART_S62-E3	mouse	dentate_gyrus	Smart-seq2	DG_P28_Leiden0	DG_P28	28	0.0	DG_P28	2009.0	937407.0	0.0	True	gene symbols already present in count matrix header	promote_to_primary_dentate_developmental_validation	filtered Smart-seq2 metadata; postnatal DG samples with QC metrics and clustering labels												
GSE292261	F3_4229-S1-SMART_S63-E3	mouse	dentate_gyrus	Smart-seq2	DG_P28_Leiden0	DG_P28	28	0.0	DG_P28	1553.0	839607.0	0.0	True	gene symbols already present in count matrix header	promote_to_primary_dentate_developmental_validation	filtered Smart-seq2 metadata; postnatal DG samples with QC metrics and clustering labels												
GSE292261	F4_4229-S1-SMART_S64-E3	mouse	dentate_gyrus	Smart-seq2	DG_P28_Leiden0	DG_P28	28	0.0	DG_P28	2074.0	845170.0	0.0	True	gene symbols already present in count matrix header	promote_to_primary_dentate_developmental_validation	filtered Smart-seq2 metadata; postnatal DG samples with QC metrics and clustering labels												
GSE292261	F5_4229-S1-SMART_S65-E3	mouse	dentate_gyrus	Smart-seq2	DG_P28_Leiden0	DG_P28	28	0.0	DG_P28	2136.0	798689.0	0.0	True	gene symbols already present in count matrix header	promote_to_primary_dentate_developmental_validation	filtered Smart-seq2 metadata; postnatal DG samples with QC metrics and clustering labels												
GSE292261	F6_4229-S1-SMART_S66-E3	mouse	dentate_gyrus	Smart-seq2	DG_P28_Leiden0	DG_P28	28	0.0	DG_P28	2007.0	1046852.0	0.0	True	gene symbols already present in count matrix header	promote_to_primary_dentate_developmental_validation	filtered Smart-seq2 metadata; postnatal DG samples with QC metrics and clustering labels												
GSE292261	F7_4229-S1-SMART_S67-E3	mouse	dentate_gyrus	Smart-seq2	DG_P28_Leiden0	DG_P28	28	0.0	DG_P28	1220.0	783087.0	0.0	True	gene symbols already present in count matrix header	promote_to_primary_dentate_developmental_validation	filtered Smart-seq2 metadata; postnatal DG samples with QC metrics and clustering labels												
GSE292261	F8_4229-S1-SMART_S68-E3	mouse	dentate_gyrus	Smart-seq2	DG_P28_Leiden0	DG_P28	28	0.0	DG_P28	1354.0	870630.0	0.0	True	gene symbols already present in count matrix header	promote_to_primary_dentate_developmental_validation	filtered Smart-seq2 metadata; postnatal DG samples with QC metrics and clustering labels												
GSE292261	F9_4229-S1-SMART_S69-E3	mouse	dentate_gyrus	Smart-seq2	DG_P28_Leiden0	DG_P28	28	0.0	DG_P28	2231.0	944611.0	0.0	True	gene symbols already present in count matrix header	promote_to_primary_dentate_developmental_validation	filtered Smart-seq2 metadata; postnatal DG samples with QC metrics and clustering labels												
GSE292261	G10_4229-S1-SMART_S82-E3	mouse	dentate_gyrus	Smart-seq2	DG_P28_Leiden0	DG_P28	28	0.0	DG_P28	1646.0	856415.0	0.0	True	gene symbols already present in count matrix header	promote_to_primary_dentate_developmental_validation	filtered Smart-seq2 metadata; postnatal DG samples with QC metrics and clustering labels												
GSE292261	G11_4229-S1-SMART_S83-E3	mouse	dentate_gyrus	Smart-seq2	DG_P28_Leiden0	DG_P28	28	0.0	DG_P28	2064.0	903793.0	0.0	True	gene symbols already present in count matrix header	promote_to_primary_dentate_developmental_validation	filtered Smart-seq2 metadata; postnatal DG samples with QC metrics and clustering labels												
GSE292261	G1_4229-S1-SMART_S73-E3	mouse	dentate_gyrus	Smart-seq2	DG_P28_Leiden0	DG_P28	28	0.0	DG_P28	1433.0	772476.0	0.0	True	gene symbols already present in count matrix header	promote_to_primary_dentate_developmental_validation	filtered Smart-seq2 metadata; postnatal DG samples with QC metrics and clustering labels												
GSE292261	G2_4229-S1-SMART_S74-E3	mouse	dentate_gyrus	Smart-seq2	DG_P28_Leiden0	DG_P28	28	0.0	DG_P28	1762.0	602994.0	0.0	True	gene symbols already present in count matrix header	promote_to_primary_dentate_developmental_validation	filtered Smart-seq2 metadata; postnatal DG samples with QC metrics and clustering labels												
GSE292261	G3_4229-S1-SMART_S75-E3	mouse	dentate_gyrus	Smart-seq2	DG_P28_Leiden0	DG_P28	28	0.0	DG_P28	2021.0	755077.0	0.0	True	gene symbols already present in count matrix header	promote_to_primary_dentate_developmental_validation	filtered Smart-seq2 metadata; postnatal DG samples with QC metrics and clustering labels												
GSE292261	G4_4229-S1-SMART_S76-E3	mouse	dentate_gyrus	Smart-seq2	DG_P28_Leiden0	DG_P28	28	0.0	DG_P28	1838.0	869678.0	0.0	True	gene symbols already present in count matrix header	promote_to_primary_dentate_developmental_validation	filtered Smart-seq2 metadata; postnatal DG samples with QC metrics and clustering labels												
GSE292261	G5_4229-S1-SMART_S77-E3	mouse	dentate_gyrus	Smart-seq2	DG_P28_Leiden0	DG_P28	28	0.0	DG_P28	1186.0	854875.0	0.0	True	gene symbols already present in count matrix header	promote_to_primary_dentate_developmental_validation	filtered Smart-seq2 metadata; postnatal DG samples with QC metrics and clustering labels												
GSE292261	G6_4229-S1-SMART_S78-E3	mouse	dentate_gyrus	Smart-seq2	DG_P28_Leiden0	DG_P28	28	0.0	DG_P28	2290.0	877502.0	0.0	True	gene symbols already present in count matrix header	promote_to_primary_dentate_developmental_validation	filtered Smart-seq2 metadata; postnatal DG samples with QC metrics and clustering labels												
GSE292261	G7_4229-S1-SMART_S79-E3	mouse	dentate_gyrus	Smart-seq2	DG_P28_Leiden0	DG_P28	28	0.0	DG_P28	2240.0	878212.0	0.0	True	gene symbols already present in count matrix header	promote_to_primary_dentate_developmental_validation	filtered Smart-seq2 metadata; postnatal DG samples with QC metrics and clustering labels												
GSE292261	G8_4229-S1-SMART_S80-E3	mouse	dentate_gyrus	Smart-seq2	DG_P28_Leiden0	DG_P28	28	0.0	DG_P28	1398.0	867984.0	0.0	True	gene symbols already present in count matrix header	promote_to_primary_dentate_developmental_validation	filtered Smart-seq2 metadata; postnatal DG samples with QC metrics and clustering labels												
GSE292261	G9_4229-S1-SMART_S81-E3	mouse	dentate_gyrus	Smart-seq2	DG_P28_Leiden0	DG_P28	28	0.0	DG_P28	1548.0	846228.0	0.0	True	gene symbols already present in count matrix header	promote_to_primary_dentate_developmental_validation	filtered Smart-seq2 metadata; postnatal DG samples with QC metrics and clustering labels												
GSE292261	H10_4229-S1-SMART_S94-E3	mouse	dentate_gyrus	Smart-seq2	DG_P28_Leiden0	DG_P28	28	0.0	DG_P28	2100.0	407062.0	0.0	True	gene symbols already present in count matrix header	promote_to_primary_dentate_developmental_validation	filtered Smart-seq2 metadata; postnatal DG samples with QC metrics and clustering labels												
GSE292261	H11_4229-S1-SMART_S95-E3	mouse	dentate_gyrus	Smart-seq2	DG_P28_Leiden0	DG_P28	28	0.0	DG_P28	2524.0	796018.0	0.0	True	gene symbols already present in count matrix header	promote_to_primary_dentate_developmental_validation	filtered Smart-seq2 metadata; postnatal DG samples with QC metrics and clustering labels												
GSE292261	H1_4229-S1-SMART_S85-E3	mouse	dentate_gyrus	Smart-seq2	DG_P28_Leiden0	DG_P28	28	0.0	DG_P28	2188.0	633977.0	0.0	True	gene symbols already present in count matrix header	promote_to_primary_dentate_developmental_validation	filtered Smart-seq2 metadata; postnatal DG samples with QC metrics and clustering labels												
GSE292261	H2_4229-S1-SMART_S86-E3	mouse	dentate_gyrus	Smart-seq2	DG_P28_Leiden0	DG_P28	28	0.0	DG_P28	1921.0	831838.0	0.0	True	gene symbols already present in count matrix header	promote_to_primary_dentate_developmental_validation	filtered Smart-seq2 metadata; postnatal DG samples with QC metrics and clustering labels												
GSE292261	H3_4229-S1-SMART_S87-E3	mouse	dentate_gyrus	Smart-seq2	DG_P28_Leiden0	DG_P28	28	0.0	DG_P28	2436.0	781217.0	0.0	True	gene symbols already present in count matrix header	promote_to_primary_dentate_developmental_validation	filtered Smart-seq2 metadata; postnatal DG samples with QC metrics and clustering labels												
GSE292261	H4_4229-S1-SMART_S88-E3	mouse	dentate_gyrus	Smart-seq2	DG_P28_Leiden0	DG_P28	28	0.0	DG_P28	1685.0	591728.0	0.0	True	gene symbols already present in count matrix header	promote_to_primary_dentate_developmental_validation	filtered Smart-seq2 metadata; postnatal DG samples with QC metrics and clustering labels												
GSE292261	H6_4229-S1-SMART_S90-E3	mouse	dentate_gyrus	Smart-seq2	DG_P28_Leiden0	DG_P28	28	0.0	DG_P28	2161.0	768599.0	0.0	True	gene symbols already present in count matrix header	promote_to_primary_dentate_developmental_validation	filtered Smart-seq2 metadata; postnatal DG samples with QC metrics and clustering labels												
GSE292261	H7_4229-S1-SMART_S91-E3	mouse	dentate_gyrus	Smart-seq2	DG_P28_Leiden0	DG_P28	28	0.0	DG_P28	1802.0	680663.0	0.0	True	gene symbols already present in count matrix header	promote_to_primary_dentate_developmental_validation	filtered Smart-seq2 metadata; postnatal DG samples with QC metrics and clustering labels												
GSE292261	H8_4229-S1-SMART_S92-E3	mouse	dentate_gyrus	Smart-seq2	DG_P28_Leiden0	DG_P28	28	0.0	DG_P28	1557.0	788093.0	0.0	True	gene symbols already present in count matrix header	promote_to_primary_dentate_developmental_validation	filtered Smart-seq2 metadata; postnatal DG samples with QC metrics and clustering labels												
GSE292261	H9_4229-S1-SMART_S93-E3	mouse	dentate_gyrus	Smart-seq2	DG_P28_Leiden0	DG_P28	28	0.0	DG_P28	1877.0	695678.0	0.0	True	gene symbols already present in count matrix header	promote_to_primary_dentate_developmental_validation	filtered Smart-seq2 metadata; postnatal DG samples with QC metrics and clustering labels												
GSE292261	4518_S1_SMART_A10-E4	mouse	dentate_gyrus	Smart-seq2	DG_P28_Leiden0	DG_P28	28	0.0	DG_P28	2055.0	428463.0	0.0	True	gene symbols already present in count matrix header	promote_to_primary_dentate_developmental_validation	filtered Smart-seq2 metadata; postnatal DG samples with QC metrics and clustering labels												
GSE292261	4518_S1_SMART_A11-E4	mouse	dentate_gyrus	Smart-seq2	DG_P28_Leiden0	DG_P28	28	0.0	DG_P28	2650.0	551502.0	0.0	True	gene symbols already present in count matrix header	promote_to_primary_dentate_developmental_validation	filtered Smart-seq2 metadata; postnatal DG samples with QC metrics and clustering labels												
GSE292261	4518_S1_SMART_A12-E4	mouse	dentate_gyrus	Smart-seq2	DG_P28_Leiden0	DG_P28	28	0.0	DG_P28	3719.0	519945.0	0.0	True	gene symbols already present in count matrix header	promote_to_primary_dentate_developmental_validation	filtered Smart-seq2 metadata; postnatal DG samples with QC metrics and clustering labels												
GSE292261	4518_S1_SMART_A1-E4	mouse	dentate_gyrus	Smart-seq2	DG_P28_Leiden0	DG_P28	28	0.0	DG_P28	2240.0	516864.0	0.0	True	gene symbols already present in count matrix header	promote_to_primary_dentate_developmental_validation	filtered Smart-seq2 metadata; postnatal DG samples with QC metrics and clustering labels												
GSE292261	4518_S1_SMART_A2-E4	mouse	dentate_gyrus	Smart-seq2	DG_P28_Leiden0	DG_P28	28	0.0	DG_P28	2269.0	527341.0	0.0	True	gene symbols already present in count matrix header	promote_to_primary_dentate_developmental_validation	filtered Smart-seq2 metadata; postnatal DG samples with QC metrics and clustering labels												
GSE292261	4518_S1_SMART_A3-E4	mouse	dentate_gyrus	Smart-seq2	DG_P28_Leiden0	DG_P28	28	0.0	DG_P28	1902.0	356035.0	0.0	True	gene symbols already present in count matrix header	promote_to_primary_dentate_developmental_validation	filtered Smart-seq2 metadata; postnatal DG samples with QC metrics and clustering labels												
GSE292261	4518_S1_SMART_A4-E4	mouse	dentate_gyrus	Smart-seq2	DG_P28_Leiden0	DG_P28	28	0.0	DG_P28	2014.0	520907.0	0.0	True	gene symbols already present in count matrix header	promote_to_primary_dentate_developmental_validation	filtered Smart-seq2 metadata; postnatal DG samples with QC metrics and clustering labels												
GSE292261	4518_S1_SMART_A5-E4	mouse	dentate_gyrus	Smart-seq2	DG_P28_Leiden0	DG_P28	28	0.0	DG_P28	2115.0	271602.0	0.0	True	gene symbols already present in count matrix header	promote_to_primary_dentate_developmental_validation	filtered Smart-seq2 metadata; postnatal DG samples with QC metrics and clustering labels												
GSE292261	4518_S1_SMART_A6-E4	mouse	dentate_gyrus	Smart-seq2	DG_P28_Leiden0	DG_P28	28	0.0	DG_P28	1635.0	308765.0	0.0	True	gene symbols already present in count matrix header	promote_to_primary_dentate_developmental_validation	filtered Smart-seq2 metadata; postnatal DG samples with QC metrics and clustering labels												
GSE292261	4518_S1_SMART_A7-E4	mouse	dentate_gyrus	Smart-seq2	DG_P28_Leiden0	DG_P28	28	0.0	DG_P28	1989.0	442456.0	0.0	True	gene symbols already present in count matrix header	promote_to_primary_dentate_developmental_validation	filtered Smart-seq2 metadata; postnatal DG samples with QC metrics and clustering labels												
GSE292261	4518_S1_SMART_A8-E4	mouse	dentate_gyrus	Smart-seq2	DG_P28_Leiden0	DG_P28	28	0.0	DG_P28	2162.0	480561.0	0.0	True	gene symbols already present in count matrix header	promote_to_primary_dentate_developmental_validation	filtered Smart-seq2 metadata; postnatal DG samples with QC metrics and clustering labels												
GSE292261	4518_S1_SMART_A9-E4	mouse	dentate_gyrus	Smart-seq2	DG_P28_Leiden2	DG_P28	28	2.0	DG_P28	2208.0	187941.0	0.0	True	gene symbols already present in count matrix header	promote_to_primary_dentate_developmental_validation	filtered Smart-seq2 metadata; postnatal DG samples with QC metrics and clustering labels												
GSE292261	4518_S1_SMART_B10-E4	mouse	dentate_gyrus	Smart-seq2	DG_P28_Leiden0	DG_P28	28	0.0	DG_P28	1877.0	425367.0	0.0	True	gene symbols already present in count matrix header	promote_to_primary_dentate_developmental_validation	filtered Smart-seq2 metadata; postnatal DG samples with QC metrics and clustering labels												
GSE292261	4518_S1_SMART_B11-E4	mouse	dentate_gyrus	Smart-seq2	DG_P28_Leiden0	DG_P28	28	0.0	DG_P28	2229.0	484916.0	0.0	True	gene symbols already present in count matrix header	promote_to_primary_dentate_developmental_validation	filtered Smart-seq2 metadata; postnatal DG samples with QC metrics and clustering labels												
GSE292261	4518_S1_SMART_B12-E4	mouse	dentate_gyrus	Smart-seq2	DG_P28_Leiden0	DG_P28	28	0.0	DG_P28	2429.0	511349.0	0.0	True	gene symbols already present in count matrix header	promote_to_primary_dentate_developmental_validation	filtered Smart-seq2 metadata; postnatal DG samples with QC metrics and clustering labels												
GSE292261	4518_S1_SMART_B1-E4	mouse	dentate_gyrus	Smart-seq2	DG_P28_Leiden0	DG_P28	28	0.0	DG_P28	1712.0	349025.0	0.0	True	gene symbols already present in count matrix header	promote_to_primary_dentate_developmental_validation	filtered Smart-seq2 metadata; postnatal DG samples with QC metrics and clustering labels												
GSE292261	4518_S1_SMART_B2-E4	mouse	dentate_gyrus	Smart-seq2	DG_P28_Leiden0	DG_P28	28	0.0	DG_P28	2134.0	374336.0	0.0	True	gene symbols already present in count matrix header	promote_to_primary_dentate_developmental_validation	filtered Smart-seq2 metadata; postnatal DG samples with QC metrics and clustering labels												
GSE292261	4518_S1_SMART_B3-E4	mouse	dentate_gyrus	Smart-seq2	DG_P28_Leiden0	DG_P28	28	0.0	DG_P28	2116.0	372433.0	0.0	True	gene symbols already present in count matrix header	promote_to_primary_dentate_developmental_validation	filtered Smart-seq2 metadata; postnatal DG samples with QC metrics and clustering labels												
GSE292261	4518_S1_SMART_B4-E4	mouse	dentate_gyrus	Smart-seq2	DG_P28_Leiden0	DG_P28	28	0.0	DG_P28	1801.0	381972.0	0.0	True	gene symbols already present in count matrix header	promote_to_primary_dentate_developmental_validation	filtered Smart-seq2 metadata; postnatal DG samples with QC metrics and clustering labels												
GSE292261	4518_S1_SMART_B5-E4	mouse	dentate_gyrus	Smart-seq2	DG_P28_Leiden0	DG_P28	28	0.0	DG_P28	2281.0	500226.0	0.0	True	gene symbols already present in count matrix header	promote_to_primary_dentate_developmental_validation	filtered Smart-seq2 metadata; postnatal DG samples with QC metrics and clustering labels												
GSE292261	4518_S1_SMART_B6-E4	mouse	dentate_gyrus	Smart-seq2	DG_P28_Leiden0	DG_P28	28	0.0	DG_P28	2098.0	403702.0	0.0	True	gene symbols already present in count matrix header	promote_to_primary_dentate_developmental_validation	filtered Smart-seq2 metadata; postnatal DG samples with QC metrics and clustering labels												
GSE292261	4518_S1_SMART_B7-E4	mouse	dentate_gyrus	Smart-seq2	DG_P28_Leiden0	DG_P28	28	0.0	DG_P28	1838.0	416624.0	0.0	True	gene symbols already present in count matrix header	promote_to_primary_dentate_developmental_validation	filtered Smart-seq2 metadata; postnatal DG samples with QC metrics and clustering labels												
GSE292261	4518_S1_SMART_B8-E4	mouse	dentate_gyrus	Smart-seq2	DG_P28_Leiden0	DG_P28	28	0.0	DG_P28	2343.0	537759.0	0.0	True	gene symbols already present in count matrix header	promote_to_primary_dentate_developmental_validation	filtered Smart-seq2 metadata; postnatal DG samples with QC metrics and clustering labels												
GSE292261	4518_S1_SMART_B9-E4	mouse	dentate_gyrus	Smart-seq2	DG_P28_Leiden0	DG_P28	28	0.0	DG_P28	2117.0	504848.0	0.0	True	gene symbols already present in count matrix header	promote_to_primary_dentate_developmental_validation	filtered Smart-seq2 metadata; postnatal DG samples with QC metrics and clustering labels												
GSE292261	4518_S1_SMART_C10-E4	mouse	dentate_gyrus	Smart-seq2	DG_P28_Leiden0	DG_P28	28	0.0	DG_P28	2059.0	457270.0	0.0	True	gene symbols already present in count matrix header	promote_to_primary_dentate_developmental_validation	filtered Smart-seq2 metadata; postnatal DG samples with QC metrics and clustering labels												
GSE292261	4518_S1_SMART_C11-E4	mouse	dentate_gyrus	Smart-seq2	DG_P28_Leiden0	DG_P28	28	0.0	DG_P28	1851.0	430550.0	0.0	True	gene symbols already present in count matrix header	promote_to_primary_dentate_developmental_validation	filtered Smart-seq2 metadata; postnatal DG samples with QC metrics and clustering labels												
GSE292261	4518_S1_SMART_C12-E4	mouse	dentate_gyrus	Smart-seq2	DG_P28_Leiden0	DG_P28	28	0.0	DG_P28	2386.0	535004.0	0.0	True	gene symbols already present in count matrix header	promote_to_primary_dentate_developmental_validation	filtered Smart-seq2 metadata; postnatal DG samples with QC metrics and clustering labels												
GSE292261	4518_S1_SMART_C1-E4	mouse	dentate_gyrus	Smart-seq2	DG_P28_Leiden0	DG_P28	28	0.0	DG_P28	1844.0	402004.0	0.0	True	gene symbols already present in count matrix header	promote_to_primary_dentate_developmental_validation	filtered Smart-seq2 metadata; postnatal DG samples with QC metrics and clustering labels												
GSE292261	4518_S1_SMART_C2-E4	mouse	dentate_gyrus	Smart-seq2	DG_P28_Leiden0	DG_P28	28	0.0	DG_P28	2060.0	518201.0	0.0	True	gene symbols already present in count matrix header	promote_to_primary_dentate_developmental_validation	filtered Smart-seq2 metadata; postnatal DG samples with QC metrics and clustering labels												
GSE292261	4518_S1_SMART_C3-E4	mouse	dentate_gyrus	Smart-seq2	DG_P28_Leiden0	DG_P28	28	0.0	DG_P28	2051.0	480985.0	0.0	True	gene symbols already present in count matrix header	promote_to_primary_dentate_developmental_validation	filtered Smart-seq2 metadata; postnatal DG samples with QC metrics and clustering labels												
GSE292261	4518_S1_SMART_C4-E4	mouse	dentate_gyrus	Smart-seq2	DG_P28_Leiden0	DG_P28	28	0.0	DG_P28	2007.0	387888.0	0.0	True	gene symbols already present in count matrix header	promote_to_primary_dentate_developmental_validation	filtered Smart-seq2 metadata; postnatal DG samples with QC metrics and clustering labels												
GSE292261	4518_S1_SMART_C5-E4	mouse	dentate_gyrus	Smart-seq2	DG_P28_Leiden0	DG_P28	28	0.0	DG_P28	1490.0	261826.0	0.0	True	gene symbols already present in count matrix header	promote_to_primary_dentate_developmental_validation	filtered Smart-seq2 metadata; postnatal DG samples with QC metrics and clustering labels												
GSE292261	4518_S1_SMART_C6-E4	mouse	dentate_gyrus	Smart-seq2	DG_P28_Leiden0	DG_P28	28	0.0	DG_P28	1866.0	337338.0	0.0	True	gene symbols already present in count matrix header	promote_to_primary_dentate_developmental_validation	filtered Smart-seq2 metadata; postnatal DG samples with QC metrics and clustering labels												
GSE292261	4518_S1_SMART_C7-E4	mouse	dentate_gyrus	Smart-seq2	DG_P28_Leiden0	DG_P28	28	0.0	DG_P28	1876.0	429467.0	0.0	True	gene symbols already present in count matrix header	promote_to_primary_dentate_developmental_validation	filtered Smart-seq2 metadata; postnatal DG samples with QC metrics and clustering labels												
GSE292261	4518_S1_SMART_C8-E4	mouse	dentate_gyrus	Smart-seq2	DG_P28_Leiden0	DG_P28	28	0.0	DG_P28	2168.0	539379.0	0.0	True	gene symbols already present in count matrix header	promote_to_primary_dentate_developmental_validation	filtered Smart-seq2 metadata; postnatal DG samples with QC metrics and clustering labels												
GSE292261	4518_S1_SMART_C9-E4	mouse	dentate_gyrus	Smart-seq2	DG_P28_Leiden0	DG_P28	28	0.0	DG_P28	1971.0	451508.0	0.0	True	gene symbols already present in count matrix header	promote_to_primary_dentate_developmental_validation	filtered Smart-seq2 metadata; postnatal DG samples with QC metrics and clustering labels												
GSE292261	4518_S1_SMART_D10-E4	mouse	dentate_gyrus	Smart-seq2	DG_P28_Leiden0	DG_P28	28	0.0	DG_P28	1904.0	493451.0	0.0	True	gene symbols already present in count matrix header	promote_to_primary_dentate_developmental_validation	filtered Smart-seq2 metadata; postnatal DG samples with QC metrics and clustering labels												
GSE292261	4518_S1_SMART_D11-E4	mouse	dentate_gyrus	Smart-seq2	DG_P28_Leiden0	DG_P28	28	0.0	DG_P28	2015.0	444694.0	0.0	True	gene symbols already present in count matrix header	promote_to_primary_dentate_developmental_validation	filtered Smart-seq2 metadata; postnatal DG samples with QC metrics and clustering labels												
GSE292261	4518_S1_SMART_D12-E4	mouse	dentate_gyrus	Smart-seq2	DG_P28_Leiden0	DG_P28	28	0.0	DG_P28	1622.0	353398.0	0.0	True	gene symbols already present in count matrix header	promote_to_primary_dentate_developmental_validation	filtered Smart-seq2 metadata; postnatal DG samples with QC metrics and clustering labels												
GSE292261	4518_S1_SMART_D1-E4	mouse	dentate_gyrus	Smart-seq2	DG_P28_Leiden0	DG_P28	28	0.0	DG_P28	1929.0	392737.0	0.0	True	gene symbols already present in count matrix header	promote_to_primary_dentate_developmental_validation	filtered Smart-seq2 metadata; postnatal DG samples with QC metrics and clustering labels												
GSE292261	4518_S1_SMART_D2-E4	mouse	dentate_gyrus	Smart-seq2	DG_P28_Leiden0	DG_P28	28	0.0	DG_P28	2123.0	549694.0	0.0	True	gene symbols already present in count matrix header	promote_to_primary_dentate_developmental_validation	filtered Smart-seq2 metadata; postnatal DG samples with QC metrics and clustering labels												
GSE292261	4518_S1_SMART_D3-E4	mouse	dentate_gyrus	Smart-seq2	DG_P28_Leiden0	DG_P28	28	0.0	DG_P28	1431.0	235777.0	0.0	True	gene symbols already present in count matrix header	promote_to_primary_dentate_developmental_validation	filtered Smart-seq2 metadata; postnatal DG samples with QC metrics and clustering labels												
GSE292261	4518_S1_SMART_D4-E4	mouse	dentate_gyrus	Smart-seq2	DG_P28_Leiden0	DG_P28	28	0.0	DG_P28	1784.0	367240.0	0.0	True	gene symbols already present in count matrix header	promote_to_primary_dentate_developmental_validation	filtered Smart-seq2 metadata; postnatal DG samples with QC metrics and clustering labels												
GSE292261	4518_S1_SMART_D5-E4	mouse	dentate_gyrus	Smart-seq2	DG_P28_Leiden0	DG_P28	28	0.0	DG_P28	2103.0	400387.0	0.0	True	gene symbols already present in count matrix header	promote_to_primary_dentate_developmental_validation	filtered Smart-seq2 metadata; postnatal DG samples with QC metrics and clustering labels												
GSE292261	4518_S1_SMART_D6-E4	mouse	dentate_gyrus	Smart-seq2	DG_P28_Leiden0	DG_P28	28	0.0	DG_P28	1850.0	449681.0	0.0	True	gene symbols already present in count matrix header	promote_to_primary_dentate_developmental_validation	filtered Smart-seq2 metadata; postnatal DG samples with QC metrics and clustering labels												
GSE292261	4518_S1_SMART_D7-E4	mouse	dentate_gyrus	Smart-seq2	DG_P28_Leiden0	DG_P28	28	0.0	DG_P28	1684.0	323192.0	0.0	True	gene symbols already present in count matrix header	promote_to_primary_dentate_developmental_validation	filtered Smart-seq2 metadata; postnatal DG samples with QC metrics and clustering labels												
GSE292261	4518_S1_SMART_D8-E4	mouse	dentate_gyrus	Smart-seq2	DG_P28_Leiden0	DG_P28	28	0.0	DG_P28	2192.0	564411.0	0.0	True	gene symbols already present in count matrix header	promote_to_primary_dentate_developmental_validation	filtered Smart-seq2 metadata; postnatal DG samples with QC metrics and clustering labels												
GSE292261	4518_S1_SMART_D9-E4	mouse	dentate_gyrus	Smart-seq2	DG_P28_Leiden0	DG_P28	28	0.0	DG_P28	1569.0	361654.0	0.0	True	gene symbols already present in count matrix header	promote_to_primary_dentate_developmental_validation	filtered Smart-seq2 metadata; postnatal DG samples with QC metrics and clustering labels												
GSE292261	4518_S1_SMART_E10-E4	mouse	dentate_gyrus	Smart-seq2	DG_P28_Leiden0	DG_P28	28	0.0	DG_P28	1722.0	411916.0	0.0	True	gene symbols already present in count matrix header	promote_to_primary_dentate_developmental_validation	filtered Smart-seq2 metadata; postnatal DG samples with QC metrics and clustering labels												
GSE292261	4518_S1_SMART_E11-E4	mouse	dentate_gyrus	Smart-seq2	DG_P28_Leiden2	DG_P28	28	2.0	DG_P28	1226.0	162509.0	0.0	True	gene symbols already present in count matrix header	promote_to_primary_dentate_developmental_validation	filtered Smart-seq2 metadata; postnatal DG samples with QC metrics and clustering labels												
GSE292261	4518_S1_SMART_E12-E4	mouse	dentate_gyrus	Smart-seq2	DG_P28_Leiden0	DG_P28	28	0.0	DG_P28	1761.0	407680.0	0.0	True	gene symbols already present in count matrix header	promote_to_primary_dentate_developmental_validation	filtered Smart-seq2 metadata; postnatal DG samples with QC metrics and clustering labels												
GSE292261	4518_S1_SMART_E7-E4	mouse	dentate_gyrus	Smart-seq2	DG_P28_Leiden0	DG_P28	28	0.0	DG_P28	1147.0	113115.0	0.0	True	gene symbols already present in count matrix header	promote_to_primary_dentate_developmental_validation	filtered Smart-seq2 metadata; postnatal DG samples with QC metrics and clustering labels												
GSE292261	4518_S1_SMART_E8-E4	mouse	dentate_gyrus	Smart-seq2	DG_P28_Leiden0	DG_P28	28	0.0	DG_P28	1766.0	447672.0	0.0	True	gene symbols already present in count matrix header	promote_to_primary_dentate_developmental_validation	filtered Smart-seq2 metadata; postnatal DG samples with QC metrics and clustering labels												
GSE292261	4518_S1_SMART_E9-E4	mouse	dentate_gyrus	Smart-seq2	DG_P28_Leiden0	DG_P28	28	0.0	DG_P28	1627.0	359006.0	0.0	True	gene symbols already present in count matrix header	promote_to_primary_dentate_developmental_validation	filtered Smart-seq2 metadata; postnatal DG samples with QC metrics and clustering labels												
GSE292261	4518_S1_SMART_F10-E4	mouse	dentate_gyrus	Smart-seq2	DG_P28_Leiden0	DG_P28	28	0.0	DG_P28	1676.0	377052.0	0.0	True	gene symbols already present in count matrix header	promote_to_primary_dentate_developmental_validation	filtered Smart-seq2 metadata; postnatal DG samples with QC metrics and clustering labels												
GSE292261	4518_S1_SMART_F11-E4	mouse	dentate_gyrus	Smart-seq2	DG_P28_Leiden0	DG_P28	28	0.0	DG_P28	1648.0	398168.0	0.0	True	gene symbols already present in count matrix header	promote_to_primary_dentate_developmental_validation	filtered Smart-seq2 metadata; postnatal DG samples with QC metrics and clustering labels												
GSE292261	4518_S1_SMART_F12-E4	mouse	dentate_gyrus	Smart-seq2	DG_P28_Leiden0	DG_P28	28	0.0	DG_P28	1621.0	522163.0	0.0	True	gene symbols already present in count matrix header	promote_to_primary_dentate_developmental_validation	filtered Smart-seq2 metadata; postnatal DG samples with QC metrics and clustering labels												
GSE292261	4518_S1_SMART_F3-E4	mouse	dentate_gyrus	Smart-seq2	DG_P28_Leiden0	DG_P28	28	0.0	DG_P28	2308.0	503945.0	0.0	True	gene symbols already present in count matrix header	promote_to_primary_dentate_developmental_validation	filtered Smart-seq2 metadata; postnatal DG samples with QC metrics and clustering labels												
GSE292261	4518_S1_SMART_F4-E4	mouse	dentate_gyrus	Smart-seq2	DG_P28_Leiden0	DG_P28	28	0.0	DG_P28	2349.0	645076.0	0.0	True	gene symbols already present in count matrix header	promote_to_primary_dentate_developmental_validation	filtered Smart-seq2 metadata; postnatal DG samples with QC metrics and clustering labels												
GSE292261	4518_S1_SMART_F5-E4	mouse	dentate_gyrus	Smart-seq2	DG_P28_Leiden0	DG_P28	28	0.0	DG_P28	1805.0	475184.0	0.0	True	gene symbols already present in count matrix header	promote_to_primary_dentate_developmental_validation	filtered Smart-seq2 metadata; postnatal DG samples with QC metrics and clustering labels												
GSE292261	4518_S1_SMART_F6-E4	mouse	dentate_gyrus	Smart-seq2	DG_P28_Leiden0	DG_P28	28	0.0	DG_P28	1428.0	315720.0	0.0	True	gene symbols already present in count matrix header	promote_to_primary_dentate_developmental_validation	filtered Smart-seq2 metadata; postnatal DG samples with QC metrics and clustering labels												
GSE292261	4518_S1_SMART_F7-E4	mouse	dentate_gyrus	Smart-seq2	DG_P28_Leiden0	DG_P28	28	0.0	DG_P28	1640.0	370993.0	0.0	True	gene symbols already present in count matrix header	promote_to_primary_dentate_developmental_validation	filtered Smart-seq2 metadata; postnatal DG samples with QC metrics and clustering labels												
GSE292261	4518_S1_SMART_F9-E4	mouse	dentate_gyrus	Smart-seq2	DG_P28_Leiden0	DG_P28	28	0.0	DG_P28	1908.0	335409.0	0.0	True	gene symbols already present in count matrix header	promote_to_primary_dentate_developmental_validation	filtered Smart-seq2 metadata; postnatal DG samples with QC metrics and clustering labels												
GSE292261	4518_S1_SMART_G10-E4	mouse	dentate_gyrus	Smart-seq2	DG_P28_Leiden0	DG_P28	28	0.0	DG_P28	1760.0	458349.0	0.0	True	gene symbols already present in count matrix header	promote_to_primary_dentate_developmental_validation	filtered Smart-seq2 metadata; postnatal DG samples with QC metrics and clustering labels												
GSE292261	4518_S1_SMART_G11-E4	mouse	dentate_gyrus	Smart-seq2	DG_P28_Leiden0	DG_P28	28	0.0	DG_P28	2429.0	506046.0	0.0	True	gene symbols already present in count matrix header	promote_to_primary_dentate_developmental_validation	filtered Smart-seq2 metadata; postnatal DG samples with QC metrics and clustering labels												
GSE292261	4518_S1_SMART_G8-E4	mouse	dentate_gyrus	Smart-seq2	DG_P28_Leiden0	DG_P28	28	0.0	DG_P28	1811.0	447875.0	0.0	True	gene symbols already present in count matrix header	promote_to_primary_dentate_developmental_validation	filtered Smart-seq2 metadata; postnatal DG samples with QC metrics and clustering labels												
GSE292261	4518_S1_SMART_G9-E4	mouse	dentate_gyrus	Smart-seq2	DG_P28_Leiden0	DG_P28	28	0.0	DG_P28	1762.0	441878.0	0.0	True	gene symbols already present in count matrix header	promote_to_primary_dentate_developmental_validation	filtered Smart-seq2 metadata; postnatal DG samples with QC metrics and clustering labels												
GSE214309	X043019_02	mouse	dentate_gyrus	snRNA-seq	mature_inactive_or_unsorted_1hr								True	Ensembl gene IDs in rows; marker genes currently resolved by feature-alias lookup; full object analysis needs complete Ensembl-to-symbol map	promote_to_primary_dentate_activity_maturation_validation	PROX1+CTIP2+ dentate granule neurons split by mature/immature, activity state, and 1hr/4hr timepoint	GSM6603519	mature, 1hr, X043019_02	mature	inactive_or_unsorted	1hr	mature	dentate granule cell	F	60			
GSE214309	X043019_03	mouse	dentate_gyrus	snRNA-seq	mature_inactive_or_unsorted_1hr								True	Ensembl gene IDs in rows; marker genes currently resolved by feature-alias lookup; full object analysis needs complete Ensembl-to-symbol map	promote_to_primary_dentate_activity_maturation_validation	PROX1+CTIP2+ dentate granule neurons split by mature/immature, activity state, and 1hr/4hr timepoint	GSM6603520	mature, 1hr, X043019_03	mature	inactive_or_unsorted	1hr	mature	dentate granule cell	F	60			
GSE214309	X043019_07	mouse	dentate_gyrus	snRNA-seq	mature_inactive_or_unsorted_1hr								True	Ensembl gene IDs in rows; marker genes currently resolved by feature-alias lookup; full object analysis needs complete Ensembl-to-symbol map	promote_to_primary_dentate_activity_maturation_validation	PROX1+CTIP2+ dentate granule neurons split by mature/immature, activity state, and 1hr/4hr timepoint	GSM6603521	mature, 1hr, X043019_07	mature	inactive_or_unsorted	1hr	mature	dentate granule cell	F	66			
GSE214309	X043019_08	mouse	dentate_gyrus	snRNA-seq	mature_inactive_or_unsorted_1hr								True	Ensembl gene IDs in rows; marker genes currently resolved by feature-alias lookup; full object analysis needs complete Ensembl-to-symbol map	promote_to_primary_dentate_activity_maturation_validation	PROX1+CTIP2+ dentate granule neurons split by mature/immature, activity state, and 1hr/4hr timepoint	GSM6603522	mature, 1hr, X043019_08	mature	inactive_or_unsorted	1hr	mature	dentate granule cell	F	66			
GSE214309	X043019_09	mouse	dentate_gyrus	snRNA-seq	mature_inactive_or_unsorted_1hr								True	Ensembl gene IDs in rows; marker genes currently resolved by feature-alias lookup; full object analysis needs complete Ensembl-to-symbol map	promote_to_primary_dentate_activity_maturation_validation	PROX1+CTIP2+ dentate granule neurons split by mature/immature, activity state, and 1hr/4hr timepoint	GSM6603523	mature, 1hr, X043019_09	mature	inactive_or_unsorted	1hr	mature	dentate granule cell	F	66			
GSE214309	X043019_10	mouse	dentate_gyrus	snRNA-seq	mature_inactive_or_unsorted_1hr								True	Ensembl gene IDs in rows; marker genes currently resolved by feature-alias lookup; full object analysis needs complete Ensembl-to-symbol map	promote_to_primary_dentate_activity_maturation_validation	PROX1+CTIP2+ dentate granule neurons split by mature/immature, activity state, and 1hr/4hr timepoint	GSM6603524	mature, 1hr, X043019_10	mature	inactive_or_unsorted	1hr	mature	dentate granule cell	F	66			
GSE214309	X043019_100	mouse	dentate_gyrus	snRNA-seq	immature_inactive_or_unsorted_1hr								True	Ensembl gene IDs in rows; marker genes currently resolved by feature-alias lookup; full object analysis needs complete Ensembl-to-symbol map	promote_to_primary_dentate_activity_maturation_validation	PROX1+CTIP2+ dentate granule neurons split by mature/immature, activity state, and 1hr/4hr timepoint	GSM6603525	immature, 1hr, X043019_100	immature	inactive_or_unsorted	1hr	immature	dentate granule cell	F	66			
GSE214309	X043019_102	mouse	dentate_gyrus	snRNA-seq	immature_inactive_or_unsorted_1hr								True	Ensembl gene IDs in rows; marker genes currently resolved by feature-alias lookup; full object analysis needs complete Ensembl-to-symbol map	promote_to_primary_dentate_activity_maturation_validation	PROX1+CTIP2+ dentate granule neurons split by mature/immature, activity state, and 1hr/4hr timepoint	GSM6603526	immature, 1hr, X043019_102	immature	inactive_or_unsorted	1hr	immature	dentate granule cell	F	66			
GSE214309	X043019_103	mouse	dentate_gyrus	snRNA-seq	immature_inactive_or_unsorted_1hr								True	Ensembl gene IDs in rows; marker genes currently resolved by feature-alias lookup; full object analysis needs complete Ensembl-to-symbol map	promote_to_primary_dentate_activity_maturation_validation	PROX1+CTIP2+ dentate granule neurons split by mature/immature, activity state, and 1hr/4hr timepoint	GSM6603527	immature, 1hr, X043019_103	immature	inactive_or_unsorted	1hr	immature	dentate granule cell	M	69			
GSE214309	X043019_104	mouse	dentate_gyrus	snRNA-seq	immature_inactive_or_unsorted_1hr								True	Ensembl gene IDs in rows; marker genes currently resolved by feature-alias lookup; full object analysis needs complete Ensembl-to-symbol map	promote_to_primary_dentate_activity_maturation_validation	PROX1+CTIP2+ dentate granule neurons split by mature/immature, activity state, and 1hr/4hr timepoint	GSM6603528	immature, 1hr, X043019_104	immature	inactive_or_unsorted	1hr	immature	dentate granule cell	M	69			
GSE214309	X043019_105	mouse	dentate_gyrus	snRNA-seq	immature_inactive_or_unsorted_1hr								True	Ensembl gene IDs in rows; marker genes currently resolved by feature-alias lookup; full object analysis needs complete Ensembl-to-symbol map	promote_to_primary_dentate_activity_maturation_validation	PROX1+CTIP2+ dentate granule neurons split by mature/immature, activity state, and 1hr/4hr timepoint	GSM6603529	immature, 1hr, X043019_105	immature	inactive_or_unsorted	1hr	immature	dentate granule cell	M	69			
GSE214309	X043019_106	mouse	dentate_gyrus	snRNA-seq	immature_inactive_or_unsorted_1hr								True	Ensembl gene IDs in rows; marker genes currently resolved by feature-alias lookup; full object analysis needs complete Ensembl-to-symbol map	promote_to_primary_dentate_activity_maturation_validation	PROX1+CTIP2+ dentate granule neurons split by mature/immature, activity state, and 1hr/4hr timepoint	GSM6603530	immature, 1hr, X043019_106	immature	inactive_or_unsorted	1hr	immature	dentate granule cell	M	69			
GSE214309	X043019_109	mouse	dentate_gyrus	snRNA-seq	immature_active_1hr								True	Ensembl gene IDs in rows; marker genes currently resolved by feature-alias lookup; full object analysis needs complete Ensembl-to-symbol map	promote_to_primary_dentate_activity_maturation_validation	PROX1+CTIP2+ dentate granule neurons split by mature/immature, activity state, and 1hr/4hr timepoint	GSM6603531	immatureactive, 1hr, X043019_109	immature	active	1hr	immatureactive	dentate granule cell	F	60			
GSE214309	X043019_11	mouse	dentate_gyrus	snRNA-seq	mature_inactive_or_unsorted_1hr								True	Ensembl gene IDs in rows; marker genes currently resolved by feature-alias lookup; full object analysis needs complete Ensembl-to-symbol map	promote_to_primary_dentate_activity_maturation_validation	PROX1+CTIP2+ dentate granule neurons split by mature/immature, activity state, and 1hr/4hr timepoint	GSM6603532	mature, 1hr, X043019_11	mature	inactive_or_unsorted	1hr	mature	dentate granule cell	F	66			
GSE214309	X043019_110	mouse	dentate_gyrus	snRNA-seq	immature_active_1hr								True	Ensembl gene IDs in rows; marker genes currently resolved by feature-alias lookup; full object analysis needs complete Ensembl-to-symbol map	promote_to_primary_dentate_activity_maturation_validation	PROX1+CTIP2+ dentate granule neurons split by mature/immature, activity state, and 1hr/4hr timepoint	GSM6603533	immatureactive, 1hr, X043019_110	immature	active	1hr	immatureactive	dentate granule cell	F	60			
GSE214309	X043019_111	mouse	dentate_gyrus	snRNA-seq	immature_active_1hr								True	Ensembl gene IDs in rows; marker genes currently resolved by feature-alias lookup; full object analysis needs complete Ensembl-to-symbol map	promote_to_primary_dentate_activity_maturation_validation	PROX1+CTIP2+ dentate granule neurons split by mature/immature, activity state, and 1hr/4hr timepoint	GSM6603534	immatureactive, 1hr, X043019_111	immature	active	1hr	immatureactive	dentate granule cell	F	60			
GSE214309	X043019_112	mouse	dentate_gyrus	snRNA-seq	immature_active_1hr								True	Ensembl gene IDs in rows; marker genes currently resolved by feature-alias lookup; full object analysis needs complete Ensembl-to-symbol map	promote_to_primary_dentate_activity_maturation_validation	PROX1+CTIP2+ dentate granule neurons split by mature/immature, activity state, and 1hr/4hr timepoint	GSM6603535	immatureactive, 1hr, X043019_112	immature	active	1hr	immatureactive	dentate granule cell	F	60			
GSE214309	X043019_113	mouse	dentate_gyrus	snRNA-seq	immature_active_1hr								True	Ensembl gene IDs in rows; marker genes currently resolved by feature-alias lookup; full object analysis needs complete Ensembl-to-symbol map	promote_to_primary_dentate_activity_maturation_validation	PROX1+CTIP2+ dentate granule neurons split by mature/immature, activity state, and 1hr/4hr timepoint	GSM6603536	immatureactive, 1hr, X043019_113	immature	active	1hr	immatureactive	dentate granule cell	F	60			
GSE214309	X043019_114	mouse	dentate_gyrus	snRNA-seq	immature_active_1hr								True	Ensembl gene IDs in rows; marker genes currently resolved by feature-alias lookup; full object analysis needs complete Ensembl-to-symbol map	promote_to_primary_dentate_activity_maturation_validation	PROX1+CTIP2+ dentate granule neurons split by mature/immature, activity state, and 1hr/4hr timepoint	GSM6603537	immatureactive, 1hr, X043019_114	immature	active	1hr	immatureactive	dentate granule cell	F	60			
GSE214309	X043019_115	mouse	dentate_gyrus	snRNA-seq	immature_active_1hr								True	Ensembl gene IDs in rows; marker genes currently resolved by feature-alias lookup; full object analysis needs complete Ensembl-to-symbol map	promote_to_primary_dentate_activity_maturation_validation	PROX1+CTIP2+ dentate granule neurons split by mature/immature, activity state, and 1hr/4hr timepoint	GSM6603538	immatureactive, 1hr, X043019_115	immature	active	1hr	immatureactive	dentate granule cell	F	66			
GSE214309	X043019_116	mouse	dentate_gyrus	snRNA-seq	immature_active_1hr								True	Ensembl gene IDs in rows; marker genes currently resolved by feature-alias lookup; full object analysis needs complete Ensembl-to-symbol map	promote_to_primary_dentate_activity_maturation_validation	PROX1+CTIP2+ dentate granule neurons split by mature/immature, activity state, and 1hr/4hr timepoint	GSM6603539	immatureactive, 1hr, X043019_116	immature	active	1hr	immatureactive	dentate granule cell	F	66			
GSE214309	X043019_117	mouse	dentate_gyrus	snRNA-seq	immature_active_1hr								True	Ensembl gene IDs in rows; marker genes currently resolved by feature-alias lookup; full object analysis needs complete Ensembl-to-symbol map	promote_to_primary_dentate_activity_maturation_validation	PROX1+CTIP2+ dentate granule neurons split by mature/immature, activity state, and 1hr/4hr timepoint	GSM6603540	immatureactive, 1hr, X043019_117	immature	active	1hr	immatureactive	dentate granule cell	F	66			
GSE214309	X043019_118	mouse	dentate_gyrus	snRNA-seq	immature_active_1hr								True	Ensembl gene IDs in rows; marker genes currently resolved by feature-alias lookup; full object analysis needs complete Ensembl-to-symbol map	promote_to_primary_dentate_activity_maturation_validation	PROX1+CTIP2+ dentate granule neurons split by mature/immature, activity state, and 1hr/4hr timepoint	GSM6603541	immatureactive, 1hr, X043019_118	immature	active	1hr	immatureactive	dentate granule cell	F	66			
GSE214309	X043019_12	mouse	dentate_gyrus	snRNA-seq	mature_inactive_or_unsorted_1hr								True	Ensembl gene IDs in rows; marker genes currently resolved by feature-alias lookup; full object analysis needs complete Ensembl-to-symbol map	promote_to_primary_dentate_activity_maturation_validation	PROX1+CTIP2+ dentate granule neurons split by mature/immature, activity state, and 1hr/4hr timepoint	GSM6603542	mature, 1hr, X043019_12	mature	inactive_or_unsorted	1hr	mature	dentate granule cell	F	66			
GSE214309	X043019_120	mouse	dentate_gyrus	snRNA-seq	immature_active_1hr								True	Ensembl gene IDs in rows; marker genes currently resolved by feature-alias lookup; full object analysis needs complete Ensembl-to-symbol map	promote_to_primary_dentate_activity_maturation_validation	PROX1+CTIP2+ dentate granule neurons split by mature/immature, activity state, and 1hr/4hr timepoint	GSM6603543	immatureactive, 1hr, X043019_120	immature	active	1hr	immatureactive	dentate granule cell	F	66			
GSE214309	X043019_121	mouse	dentate_gyrus	snRNA-seq	immature_active_1hr								True	Ensembl gene IDs in rows; marker genes currently resolved by feature-alias lookup; full object analysis needs complete Ensembl-to-symbol map	promote_to_primary_dentate_activity_maturation_validation	PROX1+CTIP2+ dentate granule neurons split by mature/immature, activity state, and 1hr/4hr timepoint	GSM6603544	immatureactive, 1hr, X043019_121	immature	active	1hr	immatureactive	dentate granule cell	M	69			
GSE214309	X043019_122	mouse	dentate_gyrus	snRNA-seq	immature_active_1hr								True	Ensembl gene IDs in rows; marker genes currently resolved by feature-alias lookup; full object analysis needs complete Ensembl-to-symbol map	promote_to_primary_dentate_activity_maturation_validation	PROX1+CTIP2+ dentate granule neurons split by mature/immature, activity state, and 1hr/4hr timepoint	GSM6603545	immatureactive, 1hr, X043019_122	immature	active	1hr	immatureactive	dentate granule cell	M	69			
GSE214309	X043019_123	mouse	dentate_gyrus	snRNA-seq	immature_active_1hr								True	Ensembl gene IDs in rows; marker genes currently resolved by feature-alias lookup; full object analysis needs complete Ensembl-to-symbol map	promote_to_primary_dentate_activity_maturation_validation	PROX1+CTIP2+ dentate granule neurons split by mature/immature, activity state, and 1hr/4hr timepoint	GSM6603546	immatureactive, 1hr, X043019_123	immature	active	1hr	immatureactive	dentate granule cell	M	69			
GSE214309	X043019_124	mouse	dentate_gyrus	snRNA-seq	immature_active_1hr								True	Ensembl gene IDs in rows; marker genes currently resolved by feature-alias lookup; full object analysis needs complete Ensembl-to-symbol map	promote_to_primary_dentate_activity_maturation_validation	PROX1+CTIP2+ dentate granule neurons split by mature/immature, activity state, and 1hr/4hr timepoint	GSM6603547	immatureactive, 1hr, X043019_124	immature	active	1hr	immatureactive	dentate granule cell	M	69			
GSE214309	X043019_125	mouse	dentate_gyrus	snRNA-seq	immature_active_1hr								True	Ensembl gene IDs in rows; marker genes currently resolved by feature-alias lookup; full object analysis needs complete Ensembl-to-symbol map	promote_to_primary_dentate_activity_maturation_validation	PROX1+CTIP2+ dentate granule neurons split by mature/immature, activity state, and 1hr/4hr timepoint	GSM6603548	immatureactive, 1hr, X043019_125	immature	active	1hr	immatureactive	dentate granule cell	M	69			
GSE214309	X043019_127	mouse	dentate_gyrus	snRNA-seq	immature_active_1hr								True	Ensembl gene IDs in rows; marker genes currently resolved by feature-alias lookup; full object analysis needs complete Ensembl-to-symbol map	promote_to_primary_dentate_activity_maturation_validation	PROX1+CTIP2+ dentate granule neurons split by mature/immature, activity state, and 1hr/4hr timepoint	GSM6603549	immatureactive, 1hr, X043019_127	immature	active	1hr	immatureactive	dentate granule cell	F	60			
GSE214309	X043019_128	mouse	dentate_gyrus	snRNA-seq	immature_active_1hr								True	Ensembl gene IDs in rows; marker genes currently resolved by feature-alias lookup; full object analysis needs complete Ensembl-to-symbol map	promote_to_primary_dentate_activity_maturation_validation	PROX1+CTIP2+ dentate granule neurons split by mature/immature, activity state, and 1hr/4hr timepoint	GSM6603550	immatureactive, 1hr, X043019_128	immature	active	1hr	immatureactive	dentate granule cell	F	60			
GSE214309	X043019_129	mouse	dentate_gyrus	snRNA-seq	immature_active_1hr								True	Ensembl gene IDs in rows; marker genes currently resolved by feature-alias lookup; full object analysis needs complete Ensembl-to-symbol map	promote_to_primary_dentate_activity_maturation_validation	PROX1+CTIP2+ dentate granule neurons split by mature/immature, activity state, and 1hr/4hr timepoint	GSM6603551	immatureactive, 1hr, X043019_129	immature	active	1hr	immatureactive	dentate granule cell	F	60			
GSE214309	X043019_13	mouse	dentate_gyrus	snRNA-seq	mature_inactive_or_unsorted_1hr								True	Ensembl gene IDs in rows; marker genes currently resolved by feature-alias lookup; full object analysis needs complete Ensembl-to-symbol map	promote_to_primary_dentate_activity_maturation_validation	PROX1+CTIP2+ dentate granule neurons split by mature/immature, activity state, and 1hr/4hr timepoint	GSM6603552	mature, 1hr, X043019_13	mature	inactive_or_unsorted	1hr	mature	dentate granule cell	M	69			
GSE214309	X043019_130	mouse	dentate_gyrus	snRNA-seq	immature_active_1hr								True	Ensembl gene IDs in rows; marker genes currently resolved by feature-alias lookup; full object analysis needs complete Ensembl-to-symbol map	promote_to_primary_dentate_activity_maturation_validation	PROX1+CTIP2+ dentate granule neurons split by mature/immature, activity state, and 1hr/4hr timepoint	GSM6603553	immatureactive, 1hr, X043019_130	immature	active	1hr	immatureactive	dentate granule cell	F	60			
GSE214309	X043019_131	mouse	dentate_gyrus	snRNA-seq	immature_active_1hr								True	Ensembl gene IDs in rows; marker genes currently resolved by feature-alias lookup; full object analysis needs complete Ensembl-to-symbol map	promote_to_primary_dentate_activity_maturation_validation	PROX1+CTIP2+ dentate granule neurons split by mature/immature, activity state, and 1hr/4hr timepoint	GSM6603554	immatureactive, 1hr, X043019_131	immature	active	1hr	immatureactive	dentate granule cell	F	60			
GSE214309	X043019_132	mouse	dentate_gyrus	snRNA-seq	immature_active_1hr								True	Ensembl gene IDs in rows; marker genes currently resolved by feature-alias lookup; full object analysis needs complete Ensembl-to-symbol map	promote_to_primary_dentate_activity_maturation_validation	PROX1+CTIP2+ dentate granule neurons split by mature/immature, activity state, and 1hr/4hr timepoint	GSM6603555	immatureactive, 1hr, X043019_132	immature	active	1hr	immatureactive	dentate granule cell	F	60			
GSE214309	X043019_135	mouse	dentate_gyrus	snRNA-seq	immature_active_1hr								True	Ensembl gene IDs in rows; marker genes currently resolved by feature-alias lookup; full object analysis needs complete Ensembl-to-symbol map	promote_to_primary_dentate_activity_maturation_validation	PROX1+CTIP2+ dentate granule neurons split by mature/immature, activity state, and 1hr/4hr timepoint	GSM6603556	immatureactive, 1hr, X043019_135	immature	active	1hr	immatureactive	dentate granule cell	F	66			
GSE214309	X043019_136	mouse	dentate_gyrus	snRNA-seq	immature_active_1hr								True	Ensembl gene IDs in rows; marker genes currently resolved by feature-alias lookup; full object analysis needs complete Ensembl-to-symbol map	promote_to_primary_dentate_activity_maturation_validation	PROX1+CTIP2+ dentate granule neurons split by mature/immature, activity state, and 1hr/4hr timepoint	GSM6603557	immatureactive, 1hr, X043019_136	immature	active	1hr	immatureactive	dentate granule cell	F	66			
GSE214309	X043019_137	mouse	dentate_gyrus	snRNA-seq	immature_active_1hr								True	Ensembl gene IDs in rows; marker genes currently resolved by feature-alias lookup; full object analysis needs complete Ensembl-to-symbol map	promote_to_primary_dentate_activity_maturation_validation	PROX1+CTIP2+ dentate granule neurons split by mature/immature, activity state, and 1hr/4hr timepoint	GSM6603558	immatureactive, 1hr, X043019_137	immature	active	1hr	immatureactive	dentate granule cell	M	69			
GSE214309	X043019_139	mouse	dentate_gyrus	snRNA-seq	immature_active_1hr								True	Ensembl gene IDs in rows; marker genes currently resolved by feature-alias lookup; full object analysis needs complete Ensembl-to-symbol map	promote_to_primary_dentate_activity_maturation_validation	PROX1+CTIP2+ dentate granule neurons split by mature/immature, activity state, and 1hr/4hr timepoint	GSM6603559	immatureactive, 1hr, X043019_139	immature	active	1hr	immatureactive	dentate granule cell	M	69			
GSE214309	X043019_14	mouse	dentate_gyrus	snRNA-seq	mature_inactive_or_unsorted_1hr								True	Ensembl gene IDs in rows; marker genes currently resolved by feature-alias lookup; full object analysis needs complete Ensembl-to-symbol map	promote_to_primary_dentate_activity_maturation_validation	PROX1+CTIP2+ dentate granule neurons split by mature/immature, activity state, and 1hr/4hr timepoint	GSM6603560	mature, 1hr, X043019_14	mature	inactive_or_unsorted	1hr	mature	dentate granule cell	M	69			
GSE214309	X043019_140	mouse	dentate_gyrus	snRNA-seq	immature_active_1hr								True	Ensembl gene IDs in rows; marker genes currently resolved by feature-alias lookup; full object analysis needs complete Ensembl-to-symbol map	promote_to_primary_dentate_activity_maturation_validation	PROX1+CTIP2+ dentate granule neurons split by mature/immature, activity state, and 1hr/4hr timepoint	GSM6603561	immatureactive, 1hr, X043019_140	immature	active	1hr	immatureactive	dentate granule cell	M	69			
GSE214309	X043019_141	mouse	dentate_gyrus	snRNA-seq	immature_active_1hr								True	Ensembl gene IDs in rows; marker genes currently resolved by feature-alias lookup; full object analysis needs complete Ensembl-to-symbol map	promote_to_primary_dentate_activity_maturation_validation	PROX1+CTIP2+ dentate granule neurons split by mature/immature, activity state, and 1hr/4hr timepoint	GSM6603562	immatureactive, 1hr, X043019_141	immature	active	1hr	immatureactive	dentate granule cell	M	69			
GSE214309	X043019_142	mouse	dentate_gyrus	snRNA-seq	immature_active_1hr								True	Ensembl gene IDs in rows; marker genes currently resolved by feature-alias lookup; full object analysis needs complete Ensembl-to-symbol map	promote_to_primary_dentate_activity_maturation_validation	PROX1+CTIP2+ dentate granule neurons split by mature/immature, activity state, and 1hr/4hr timepoint	GSM6603563	immatureactive, 1hr, X043019_142	immature	active	1hr	immatureactive	dentate granule cell	M	69			
GSE214309	X043019_143	mouse	dentate_gyrus	snRNA-seq	mature_inactive_or_unsorted_1hr								True	Ensembl gene IDs in rows; marker genes currently resolved by feature-alias lookup; full object analysis needs complete Ensembl-to-symbol map	promote_to_primary_dentate_activity_maturation_validation	PROX1+CTIP2+ dentate granule neurons split by mature/immature, activity state, and 1hr/4hr timepoint	GSM6603564	mature, 1hr, X043019_143	mature	inactive_or_unsorted	1hr	mature	dentate granule cell	F	62			
GSE214309	X043019_144	mouse	dentate_gyrus	snRNA-seq	mature_inactive_or_unsorted_1hr								True	Ensembl gene IDs in rows; marker genes currently resolved by feature-alias lookup; full object analysis needs complete Ensembl-to-symbol map	promote_to_primary_dentate_activity_maturation_validation	PROX1+CTIP2+ dentate granule neurons split by mature/immature, activity state, and 1hr/4hr timepoint	GSM6603565	mature, 1hr, X043019_144	mature	inactive_or_unsorted	1hr	mature	dentate granule cell	F	62			
GSE214309	X043019_145	mouse	dentate_gyrus	snRNA-seq	mature_inactive_or_unsorted_1hr								True	Ensembl gene IDs in rows; marker genes currently resolved by feature-alias lookup; full object analysis needs complete Ensembl-to-symbol map	promote_to_primary_dentate_activity_maturation_validation	PROX1+CTIP2+ dentate granule neurons split by mature/immature, activity state, and 1hr/4hr timepoint	GSM6603566	mature, 1hr, X043019_145	mature	inactive_or_unsorted	1hr	mature	dentate granule cell	F	62			
GSE214309	X043019_146	mouse	dentate_gyrus	snRNA-seq	mature_inactive_or_unsorted_1hr								True	Ensembl gene IDs in rows; marker genes currently resolved by feature-alias lookup; full object analysis needs complete Ensembl-to-symbol map	promote_to_primary_dentate_activity_maturation_validation	PROX1+CTIP2+ dentate granule neurons split by mature/immature, activity state, and 1hr/4hr timepoint	GSM6603567	mature, 1hr, X043019_146	mature	inactive_or_unsorted	1hr	mature	dentate granule cell	F	62			
GSE214309	X043019_147	mouse	dentate_gyrus	snRNA-seq	mature_inactive_or_unsorted_1hr								True	Ensembl gene IDs in rows; marker genes currently resolved by feature-alias lookup; full object analysis needs complete Ensembl-to-symbol map	promote_to_primary_dentate_activity_maturation_validation	PROX1+CTIP2+ dentate granule neurons split by mature/immature, activity state, and 1hr/4hr timepoint	GSM6603568	mature, 1hr, X043019_147	mature	inactive_or_unsorted	1hr	mature	dentate granule cell	F	62			
GSE214309	X043019_149	mouse	dentate_gyrus	snRNA-seq	mature_inactive_or_unsorted_1hr								True	Ensembl gene IDs in rows; marker genes currently resolved by feature-alias lookup; full object analysis needs complete Ensembl-to-symbol map	promote_to_primary_dentate_activity_maturation_validation	PROX1+CTIP2+ dentate granule neurons split by mature/immature, activity state, and 1hr/4hr timepoint	GSM6603569	mature, 1hr, X043019_149	mature	inactive_or_unsorted	1hr	mature	dentate granule cell	F	60			
GSE214309	X043019_15	mouse	dentate_gyrus	snRNA-seq	mature_inactive_or_unsorted_1hr								True	Ensembl gene IDs in rows; marker genes currently resolved by feature-alias lookup; full object analysis needs complete Ensembl-to-symbol map	promote_to_primary_dentate_activity_maturation_validation	PROX1+CTIP2+ dentate granule neurons split by mature/immature, activity state, and 1hr/4hr timepoint	GSM6603570	mature, 1hr, X043019_15	mature	inactive_or_unsorted	1hr	mature	dentate granule cell	M	69			
GSE214309	X043019_150	mouse	dentate_gyrus	snRNA-seq	mature_inactive_or_unsorted_1hr								True	Ensembl gene IDs in rows; marker genes currently resolved by feature-alias lookup; full object analysis needs complete Ensembl-to-symbol map	promote_to_primary_dentate_activity_maturation_validation	PROX1+CTIP2+ dentate granule neurons split by mature/immature, activity state, and 1hr/4hr timepoint	GSM6603571	mature, 1hr, X043019_150	mature	inactive_or_unsorted	1hr	mature	dentate granule cell	F	60			
GSE214309	X043019_151	mouse	dentate_gyrus	snRNA-seq	mature_inactive_or_unsorted_1hr								True	Ensembl gene IDs in rows; marker genes currently resolved by feature-alias lookup; full object analysis needs complete Ensembl-to-symbol map	promote_to_primary_dentate_activity_maturation_validation	PROX1+CTIP2+ dentate granule neurons split by mature/immature, activity state, and 1hr/4hr timepoint	GSM6603572	mature, 1hr, X043019_151	mature	inactive_or_unsorted	1hr	mature	dentate granule cell	F	60			
GSE214309	X043019_152	mouse	dentate_gyrus	snRNA-seq	mature_inactive_or_unsorted_1hr								True	Ensembl gene IDs in rows; marker genes currently resolved by feature-alias lookup; full object analysis needs complete Ensembl-to-symbol map	promote_to_primary_dentate_activity_maturation_validation	PROX1+CTIP2+ dentate granule neurons split by mature/immature, activity state, and 1hr/4hr timepoint	GSM6603573	mature, 1hr, X043019_152	mature	inactive_or_unsorted	1hr	mature	dentate granule cell	F	60			
GSE214309	X043019_154	mouse	dentate_gyrus	snRNA-seq	mature_inactive_or_unsorted_1hr								True	Ensembl gene IDs in rows; marker genes currently resolved by feature-alias lookup; full object analysis needs complete Ensembl-to-symbol map	promote_to_primary_dentate_activity_maturation_validation	PROX1+CTIP2+ dentate granule neurons split by mature/immature, activity state, and 1hr/4hr timepoint	GSM6603574	mature, 1hr, X043019_154	mature	inactive_or_unsorted	1hr	mature	dentate granule cell	F	60			
GSE214309	X043019_155	mouse	dentate_gyrus	snRNA-seq	mature_inactive_or_unsorted_1hr								True	Ensembl gene IDs in rows; marker genes currently resolved by feature-alias lookup; full object analysis needs complete Ensembl-to-symbol map	promote_to_primary_dentate_activity_maturation_validation	PROX1+CTIP2+ dentate granule neurons split by mature/immature, activity state, and 1hr/4hr timepoint	GSM6603575	mature, 1hr, X043019_155	mature	inactive_or_unsorted	1hr	mature	dentate granule cell	M	70			
GSE214309	X043019_158	mouse	dentate_gyrus	snRNA-seq	mature_inactive_or_unsorted_1hr								True	Ensembl gene IDs in rows; marker genes currently resolved by feature-alias lookup; full object analysis needs complete Ensembl-to-symbol map	promote_to_primary_dentate_activity_maturation_validation	PROX1+CTIP2+ dentate granule neurons split by mature/immature, activity state, and 1hr/4hr timepoint	GSM6603576	mature, 1hr, X043019_158	mature	inactive_or_unsorted	1hr	mature	dentate granule cell	M	70			
GSE214309	X043019_159	mouse	dentate_gyrus	snRNA-seq	mature_inactive_or_unsorted_1hr								True	Ensembl gene IDs in rows; marker genes currently resolved by feature-alias lookup; full object analysis needs complete Ensembl-to-symbol map	promote_to_primary_dentate_activity_maturation_validation	PROX1+CTIP2+ dentate granule neurons split by mature/immature, activity state, and 1hr/4hr timepoint	GSM6603577	mature, 1hr, X043019_159	mature	inactive_or_unsorted	1hr	mature	dentate granule cell	M	70			
GSE214309	X043019_16	mouse	dentate_gyrus	snRNA-seq	mature_inactive_or_unsorted_1hr								True	Ensembl gene IDs in rows; marker genes currently resolved by feature-alias lookup; full object analysis needs complete Ensembl-to-symbol map	promote_to_primary_dentate_activity_maturation_validation	PROX1+CTIP2+ dentate granule neurons split by mature/immature, activity state, and 1hr/4hr timepoint	GSM6603578	mature, 1hr, X043019_16	mature	inactive_or_unsorted	1hr	mature	dentate granule cell	M	69			
GSE214309	X043019_160	mouse	dentate_gyrus	snRNA-seq	mature_inactive_or_unsorted_1hr								True	Ensembl gene IDs in rows; marker genes currently resolved by feature-alias lookup; full object analysis needs complete Ensembl-to-symbol map	promote_to_primary_dentate_activity_maturation_validation	PROX1+CTIP2+ dentate granule neurons split by mature/immature, activity state, and 1hr/4hr timepoint	GSM6603579	mature, 1hr, X043019_160	mature	inactive_or_unsorted	1hr	mature	dentate granule cell	M	70			
GSE214309	X043019_161	mouse	dentate_gyrus	snRNA-seq	mature_active_1hr								True	Ensembl gene IDs in rows; marker genes currently resolved by feature-alias lookup; full object analysis needs complete Ensembl-to-symbol map	promote_to_primary_dentate_activity_maturation_validation	PROX1+CTIP2+ dentate granule neurons split by mature/immature, activity state, and 1hr/4hr timepoint	GSM6603580	matureactive, 1hr, X043019_161	mature	active	1hr	matureactive	dentate granule cell	F	62			
GSE214309	X043019_163	mouse	dentate_gyrus	snRNA-seq	mature_active_1hr								True	Ensembl gene IDs in rows; marker genes currently resolved by feature-alias lookup; full object analysis needs complete Ensembl-to-symbol map	promote_to_primary_dentate_activity_maturation_validation	PROX1+CTIP2+ dentate granule neurons split by mature/immature, activity state, and 1hr/4hr timepoint	GSM6603581	matureactive, 1hr, X043019_163	mature	active	1hr	matureactive	dentate granule cell	F	62			
GSE214309	X043019_164	mouse	dentate_gyrus	snRNA-seq	mature_active_1hr								True	Ensembl gene IDs in rows; marker genes currently resolved by feature-alias lookup; full object analysis needs complete Ensembl-to-symbol map	promote_to_primary_dentate_activity_maturation_validation	PROX1+CTIP2+ dentate granule neurons split by mature/immature, activity state, and 1hr/4hr timepoint	GSM6603582	matureactive, 1hr, X043019_164	mature	active	1hr	matureactive	dentate granule cell	F	62			
GSE214309	X043019_165	mouse	dentate_gyrus	snRNA-seq	mature_active_1hr								True	Ensembl gene IDs in rows; marker genes currently resolved by feature-alias lookup; full object analysis needs complete Ensembl-to-symbol map	promote_to_primary_dentate_activity_maturation_validation	PROX1+CTIP2+ dentate granule neurons split by mature/immature, activity state, and 1hr/4hr timepoint	GSM6603583	matureactive, 1hr, X043019_165	mature	active	1hr	matureactive	dentate granule cell	F	62			
GSE214309	X043019_166	mouse	dentate_gyrus	snRNA-seq	mature_active_1hr								True	Ensembl gene IDs in rows; marker genes currently resolved by feature-alias lookup; full object analysis needs complete Ensembl-to-symbol map	promote_to_primary_dentate_activity_maturation_validation	PROX1+CTIP2+ dentate granule neurons split by mature/immature, activity state, and 1hr/4hr timepoint	GSM6603584	matureactive, 1hr, X043019_166	mature	active	1hr	matureactive	dentate granule cell	F	62			
GSE214309	X043019_167	mouse	dentate_gyrus	snRNA-seq	mature_active_1hr								True	Ensembl gene IDs in rows; marker genes currently resolved by feature-alias lookup; full object analysis needs complete Ensembl-to-symbol map	promote_to_primary_dentate_activity_maturation_validation	PROX1+CTIP2+ dentate granule neurons split by mature/immature, activity state, and 1hr/4hr timepoint	GSM6603585	matureactive, 1hr, X043019_167	mature	active	1hr	matureactive	dentate granule cell	F	60			
GSE214309	X043019_168	mouse	dentate_gyrus	snRNA-seq	mature_active_1hr								True	Ensembl gene IDs in rows; marker genes currently resolved by feature-alias lookup; full object analysis needs complete Ensembl-to-symbol map	promote_to_primary_dentate_activity_maturation_validation	PROX1+CTIP2+ dentate granule neurons split by mature/immature, activity state, and 1hr/4hr timepoint	GSM6603586	matureactive, 1hr, X043019_168	mature	active	1hr	matureactive	dentate granule cell	F	60			
GSE214309	X043019_169	mouse	dentate_gyrus	snRNA-seq	mature_active_1hr								True	Ensembl gene IDs in rows; marker genes currently resolved by feature-alias lookup; full object analysis needs complete Ensembl-to-symbol map	promote_to_primary_dentate_activity_maturation_validation	PROX1+CTIP2+ dentate granule neurons split by mature/immature, activity state, and 1hr/4hr timepoint	GSM6603587	matureactive, 1hr, X043019_169	mature	active	1hr	matureactive	dentate granule cell	F	60			
GSE214309	X043019_17	mouse	dentate_gyrus	snRNA-seq	mature_inactive_or_unsorted_1hr								True	Ensembl gene IDs in rows; marker genes currently resolved by feature-alias lookup; full object analysis needs complete Ensembl-to-symbol map	promote_to_primary_dentate_activity_maturation_validation	PROX1+CTIP2+ dentate granule neurons split by mature/immature, activity state, and 1hr/4hr timepoint	GSM6603588	mature, 1hr, X043019_17	mature	inactive_or_unsorted	1hr	mature	dentate granule cell	M	69			
GSE214309	X043019_170	mouse	dentate_gyrus	snRNA-seq	mature_active_1hr								True	Ensembl gene IDs in rows; marker genes currently resolved by feature-alias lookup; full object analysis needs complete Ensembl-to-symbol map	promote_to_primary_dentate_activity_maturation_validation	PROX1+CTIP2+ dentate granule neurons split by mature/immature, activity state, and 1hr/4hr timepoint	GSM6603589	matureactive, 1hr, X043019_170	mature	active	1hr	matureactive	dentate granule cell	F	60			
GSE214309	X043019_171	mouse	dentate_gyrus	snRNA-seq	mature_active_1hr								True	Ensembl gene IDs in rows; marker genes currently resolved by feature-alias lookup; full object analysis needs complete Ensembl-to-symbol map	promote_to_primary_dentate_activity_maturation_validation	PROX1+CTIP2+ dentate granule neurons split by mature/immature, activity state, and 1hr/4hr timepoint	GSM6603590	matureactive, 1hr, X043019_171	mature	active	1hr	matureactive	dentate granule cell	F	60			
GSE214309	X043019_172	mouse	dentate_gyrus	snRNA-seq	mature_active_1hr								True	Ensembl gene IDs in rows; marker genes currently resolved by feature-alias lookup; full object analysis needs complete Ensembl-to-symbol map	promote_to_primary_dentate_activity_maturation_validation	PROX1+CTIP2+ dentate granule neurons split by mature/immature, activity state, and 1hr/4hr timepoint	GSM6603591	matureactive, 1hr, X043019_172	mature	active	1hr	matureactive	dentate granule cell	F	60			
GSE214309	X043019_173	mouse	dentate_gyrus	snRNA-seq	mature_active_1hr								True	Ensembl gene IDs in rows; marker genes currently resolved by feature-alias lookup; full object analysis needs complete Ensembl-to-symbol map	promote_to_primary_dentate_activity_maturation_validation	PROX1+CTIP2+ dentate granule neurons split by mature/immature, activity state, and 1hr/4hr timepoint	GSM6603592	matureactive, 1hr, X043019_173	mature	active	1hr	matureactive	dentate granule cell	M	70			
GSE214309	X043019_174	mouse	dentate_gyrus	snRNA-seq	mature_active_1hr								True	Ensembl gene IDs in rows; marker genes currently resolved by feature-alias lookup; full object analysis needs complete Ensembl-to-symbol map	promote_to_primary_dentate_activity_maturation_validation	PROX1+CTIP2+ dentate granule neurons split by mature/immature, activity state, and 1hr/4hr timepoint	GSM6603593	matureactive, 1hr, X043019_174	mature	active	1hr	matureactive	dentate granule cell	M	70			
GSE214309	X043019_175	mouse	dentate_gyrus	snRNA-seq	mature_active_1hr								True	Ensembl gene IDs in rows; marker genes currently resolved by feature-alias lookup; full object analysis needs complete Ensembl-to-symbol map	promote_to_primary_dentate_activity_maturation_validation	PROX1+CTIP2+ dentate granule neurons split by mature/immature, activity state, and 1hr/4hr timepoint	GSM6603594	matureactive, 1hr, X043019_175	mature	active	1hr	matureactive	dentate granule cell	M	70			
GSE214309	X043019_176	mouse	dentate_gyrus	snRNA-seq	mature_active_1hr								True	Ensembl gene IDs in rows; marker genes currently resolved by feature-alias lookup; full object analysis needs complete Ensembl-to-symbol map	promote_to_primary_dentate_activity_maturation_validation	PROX1+CTIP2+ dentate granule neurons split by mature/immature, activity state, and 1hr/4hr timepoint	GSM6603595	matureactive, 1hr, X043019_176	mature	active	1hr	matureactive	dentate granule cell	M	70			
GSE214309	X043019_178	mouse	dentate_gyrus	snRNA-seq	mature_active_1hr								True	Ensembl gene IDs in rows; marker genes currently resolved by feature-alias lookup; full object analysis needs complete Ensembl-to-symbol map	promote_to_primary_dentate_activity_maturation_validation	PROX1+CTIP2+ dentate granule neurons split by mature/immature, activity state, and 1hr/4hr timepoint	GSM6603596	matureactive, 1hr, X043019_178	mature	active	1hr	matureactive	dentate granule cell	M	70			
GSE214309	X043019_179	mouse	dentate_gyrus	snRNA-seq	mature_active_1hr								True	Ensembl gene IDs in rows; marker genes currently resolved by feature-alias lookup; full object analysis needs complete Ensembl-to-symbol map	promote_to_primary_dentate_activity_maturation_validation	PROX1+CTIP2+ dentate granule neurons split by mature/immature, activity state, and 1hr/4hr timepoint	GSM6603597	matureactive, 1hr, X043019_179	mature	active	1hr	matureactive	dentate granule cell	F	62			
GSE214309	X043019_18	mouse	dentate_gyrus	snRNA-seq	mature_inactive_or_unsorted_1hr								True	Ensembl gene IDs in rows; marker genes currently resolved by feature-alias lookup; full object analysis needs complete Ensembl-to-symbol map	promote_to_primary_dentate_activity_maturation_validation	PROX1+CTIP2+ dentate granule neurons split by mature/immature, activity state, and 1hr/4hr timepoint	GSM6603598	mature, 1hr, X043019_18	mature	inactive_or_unsorted	1hr	mature	dentate granule cell	M	69			
GSE214309	X043019_180	mouse	dentate_gyrus	snRNA-seq	mature_active_1hr								True	Ensembl gene IDs in rows; marker genes currently resolved by feature-alias lookup; full object analysis needs complete Ensembl-to-symbol map	promote_to_primary_dentate_activity_maturation_validation	PROX1+CTIP2+ dentate granule neurons split by mature/immature, activity state, and 1hr/4hr timepoint	GSM6603599	matureactive, 1hr, X043019_180	mature	active	1hr	matureactive	dentate granule cell	F	62			
GSE214309	X043019_181	mouse	dentate_gyrus	snRNA-seq	mature_active_1hr								True	Ensembl gene IDs in rows; marker genes currently resolved by feature-alias lookup; full object analysis needs complete Ensembl-to-symbol map	promote_to_primary_dentate_activity_maturation_validation	PROX1+CTIP2+ dentate granule neurons split by mature/immature, activity state, and 1hr/4hr timepoint	GSM6603600	matureactive, 1hr, X043019_181	mature	active	1hr	matureactive	dentate granule cell	F	62			
GSE214309	X043019_182	mouse	dentate_gyrus	snRNA-seq	mature_active_1hr								True	Ensembl gene IDs in rows; marker genes currently resolved by feature-alias lookup; full object analysis needs complete Ensembl-to-symbol map	promote_to_primary_dentate_activity_maturation_validation	PROX1+CTIP2+ dentate granule neurons split by mature/immature, activity state, and 1hr/4hr timepoint	GSM6603601	matureactive, 1hr, X043019_182	mature	active	1hr	matureactive	dentate granule cell	F	62			
GSE214309	X043019_183	mouse	dentate_gyrus	snRNA-seq	mature_active_1hr								True	Ensembl gene IDs in rows; marker genes currently resolved by feature-alias lookup; full object analysis needs complete Ensembl-to-symbol map	promote_to_primary_dentate_activity_maturation_validation	PROX1+CTIP2+ dentate granule neurons split by mature/immature, activity state, and 1hr/4hr timepoint	GSM6603602	matureactive, 1hr, X043019_183	mature	active	1hr	matureactive	dentate granule cell	F	62			
GSE214309	X043019_184	mouse	dentate_gyrus	snRNA-seq	mature_active_1hr								True	Ensembl gene IDs in rows; marker genes currently resolved by feature-alias lookup; full object analysis needs complete Ensembl-to-symbol map	promote_to_primary_dentate_activity_maturation_validation	PROX1+CTIP2+ dentate granule neurons split by mature/immature, activity state, and 1hr/4hr timepoint	GSM6603603	matureactive, 1hr, X043019_184	mature	active	1hr	matureactive	dentate granule cell	F	62			
GSE214309	X043019_185	mouse	dentate_gyrus	snRNA-seq	mature_active_1hr								True	Ensembl gene IDs in rows; marker genes currently resolved by feature-alias lookup; full object analysis needs complete Ensembl-to-symbol map	promote_to_primary_dentate_activity_maturation_validation	PROX1+CTIP2+ dentate granule neurons split by mature/immature, activity state, and 1hr/4hr timepoint	GSM6603604	matureactive, 1hr, X043019_185	mature	active	1hr	matureactive	dentate granule cell	F	60			
GSE214309	X043019_186	mouse	dentate_gyrus	snRNA-seq	mature_active_1hr								True	Ensembl gene IDs in rows; marker genes currently resolved by feature-alias lookup; full object analysis needs complete Ensembl-to-symbol map	promote_to_primary_dentate_activity_maturation_validation	PROX1+CTIP2+ dentate granule neurons split by mature/immature, activity state, and 1hr/4hr timepoint	GSM6603605	matureactive, 1hr, X043019_186	mature	active	1hr	matureactive	dentate granule cell	F	60			
GSE214309	X043019_187	mouse	dentate_gyrus	snRNA-seq	mature_active_1hr								True	Ensembl gene IDs in rows; marker genes currently resolved by feature-alias lookup; full object analysis needs complete Ensembl-to-symbol map	promote_to_primary_dentate_activity_maturation_validation	PROX1+CTIP2+ dentate granule neurons split by mature/immature, activity state, and 1hr/4hr timepoint	GSM6603606	matureactive, 1hr, X043019_187	mature	active	1hr	matureactive	dentate granule cell	F	60			
GSE214309	X043019_188	mouse	dentate_gyrus	snRNA-seq	mature_active_1hr								True	Ensembl gene IDs in rows; marker genes currently resolved by feature-alias lookup; full object analysis needs complete Ensembl-to-symbol map	promote_to_primary_dentate_activity_maturation_validation	PROX1+CTIP2+ dentate granule neurons split by mature/immature, activity state, and 1hr/4hr timepoint	GSM6603607	matureactive, 1hr, X043019_188	mature	active	1hr	matureactive	dentate granule cell	F	60			
GSE214309	X043019_189	mouse	dentate_gyrus	snRNA-seq	mature_active_1hr								True	Ensembl gene IDs in rows; marker genes currently resolved by feature-alias lookup; full object analysis needs complete Ensembl-to-symbol map	promote_to_primary_dentate_activity_maturation_validation	PROX1+CTIP2+ dentate granule neurons split by mature/immature, activity state, and 1hr/4hr timepoint	GSM6603608	matureactive, 1hr, X043019_189	mature	active	1hr	matureactive	dentate granule cell	F	60			
GSE214309	X043019_19	mouse	dentate_gyrus	snRNA-seq	mature_inactive_or_unsorted_1hr								True	Ensembl gene IDs in rows; marker genes currently resolved by feature-alias lookup; full object analysis needs complete Ensembl-to-symbol map	promote_to_primary_dentate_activity_maturation_validation	PROX1+CTIP2+ dentate granule neurons split by mature/immature, activity state, and 1hr/4hr timepoint	GSM6603609	mature, 1hr, X043019_19	mature	inactive_or_unsorted	1hr	mature	dentate granule cell	F	60			
GSE214309	X043019_190	mouse	dentate_gyrus	snRNA-seq	mature_active_1hr								True	Ensembl gene IDs in rows; marker genes currently resolved by feature-alias lookup; full object analysis needs complete Ensembl-to-symbol map	promote_to_primary_dentate_activity_maturation_validation	PROX1+CTIP2+ dentate granule neurons split by mature/immature, activity state, and 1hr/4hr timepoint	GSM6603610	matureactive, 1hr, X043019_190	mature	active	1hr	matureactive	dentate granule cell	F	60			
GSE214309	X043019_191	mouse	dentate_gyrus	snRNA-seq	mature_active_1hr								True	Ensembl gene IDs in rows; marker genes currently resolved by feature-alias lookup; full object analysis needs complete Ensembl-to-symbol map	promote_to_primary_dentate_activity_maturation_validation	PROX1+CTIP2+ dentate granule neurons split by mature/immature, activity state, and 1hr/4hr timepoint	GSM6603611	matureactive, 1hr, X043019_191	mature	active	1hr	matureactive	dentate granule cell	M	70			
GSE214309	X043019_192	mouse	dentate_gyrus	snRNA-seq	mature_active_1hr								True	Ensembl gene IDs in rows; marker genes currently resolved by feature-alias lookup; full object analysis needs complete Ensembl-to-symbol map	promote_to_primary_dentate_activity_maturation_validation	PROX1+CTIP2+ dentate granule neurons split by mature/immature, activity state, and 1hr/4hr timepoint	GSM6603612	matureactive, 1hr, X043019_192	mature	active	1hr	matureactive	dentate granule cell	M	70			
GSE214309	X043019_194	mouse	dentate_gyrus	snRNA-seq	mature_active_1hr								True	Ensembl gene IDs in rows; marker genes currently resolved by feature-alias lookup; full object analysis needs complete Ensembl-to-symbol map	promote_to_primary_dentate_activity_maturation_validation	PROX1+CTIP2+ dentate granule neurons split by mature/immature, activity state, and 1hr/4hr timepoint	GSM6603613	matureactive, 1hr, X043019_194	mature	active	1hr	matureactive	dentate granule cell	M	70			
GSE214309	X043019_195	mouse	dentate_gyrus	snRNA-seq	mature_active_1hr								True	Ensembl gene IDs in rows; marker genes currently resolved by feature-alias lookup; full object analysis needs complete Ensembl-to-symbol map	promote_to_primary_dentate_activity_maturation_validation	PROX1+CTIP2+ dentate granule neurons split by mature/immature, activity state, and 1hr/4hr timepoint	GSM6603614	matureactive, 1hr, X043019_195	mature	active	1hr	matureactive	dentate granule cell	M	70			
GSE214309	X043019_196	mouse	dentate_gyrus	snRNA-seq	mature_active_1hr								True	Ensembl gene IDs in rows; marker genes currently resolved by feature-alias lookup; full object analysis needs complete Ensembl-to-symbol map	promote_to_primary_dentate_activity_maturation_validation	PROX1+CTIP2+ dentate granule neurons split by mature/immature, activity state, and 1hr/4hr timepoint	GSM6603615	matureactive, 1hr, X043019_196	mature	active	1hr	matureactive	dentate granule cell	M	70			
GSE214309	X043019_197	mouse	dentate_gyrus	snRNA-seq	immature_inactive_or_unsorted_1hr								True	Ensembl gene IDs in rows; marker genes currently resolved by feature-alias lookup; full object analysis needs complete Ensembl-to-symbol map	promote_to_primary_dentate_activity_maturation_validation	PROX1+CTIP2+ dentate granule neurons split by mature/immature, activity state, and 1hr/4hr timepoint	GSM6603616	immature, 1hr, X043019_197	immature	inactive_or_unsorted	1hr	immature	dentate granule cell	F	62			
GSE214309	X043019_198	mouse	dentate_gyrus	snRNA-seq	immature_inactive_or_unsorted_1hr								True	Ensembl gene IDs in rows; marker genes currently resolved by feature-alias lookup; full object analysis needs complete Ensembl-to-symbol map	promote_to_primary_dentate_activity_maturation_validation	PROX1+CTIP2+ dentate granule neurons split by mature/immature, activity state, and 1hr/4hr timepoint	GSM6603617	immature, 1hr, X043019_198	immature	inactive_or_unsorted	1hr	immature	dentate granule cell	F	62			
GSE214309	X043019_199	mouse	dentate_gyrus	snRNA-seq	immature_inactive_or_unsorted_1hr								True	Ensembl gene IDs in rows; marker genes currently resolved by feature-alias lookup; full object analysis needs complete Ensembl-to-symbol map	promote_to_primary_dentate_activity_maturation_validation	PROX1+CTIP2+ dentate granule neurons split by mature/immature, activity state, and 1hr/4hr timepoint	GSM6603618	immature, 1hr, X043019_199	immature	inactive_or_unsorted	1hr	immature	dentate granule cell	F	62			
GSE214309	X043019_20	mouse	dentate_gyrus	snRNA-seq	mature_inactive_or_unsorted_1hr								True	Ensembl gene IDs in rows; marker genes currently resolved by feature-alias lookup; full object analysis needs complete Ensembl-to-symbol map	promote_to_primary_dentate_activity_maturation_validation	PROX1+CTIP2+ dentate granule neurons split by mature/immature, activity state, and 1hr/4hr timepoint	GSM6603619	mature, 1hr, X043019_20	mature	inactive_or_unsorted	1hr	mature	dentate granule cell	F	60			
GSE214309	X043019_200	mouse	dentate_gyrus	snRNA-seq	immature_inactive_or_unsorted_1hr								True	Ensembl gene IDs in rows; marker genes currently resolved by feature-alias lookup; full object analysis needs complete Ensembl-to-symbol map	promote_to_primary_dentate_activity_maturation_validation	PROX1+CTIP2+ dentate granule neurons split by mature/immature, activity state, and 1hr/4hr timepoint	GSM6603620	immature, 1hr, X043019_200	immature	inactive_or_unsorted	1hr	immature	dentate granule cell	F	62			
GSE214309	X043019_201	mouse	dentate_gyrus	snRNA-seq	immature_inactive_or_unsorted_1hr								True	Ensembl gene IDs in rows; marker genes currently resolved by feature-alias lookup; full object analysis needs complete Ensembl-to-symbol map	promote_to_primary_dentate_activity_maturation_validation	PROX1+CTIP2+ dentate granule neurons split by mature/immature, activity state, and 1hr/4hr timepoint	GSM6603621	immature, 1hr, X043019_201	immature	inactive_or_unsorted	1hr	immature	dentate granule cell	F	62			
GSE214309	X043019_203	mouse	dentate_gyrus	snRNA-seq	immature_inactive_or_unsorted_1hr								True	Ensembl gene IDs in rows; marker genes currently resolved by feature-alias lookup; full object analysis needs complete Ensembl-to-symbol map	promote_to_primary_dentate_activity_maturation_validation	PROX1+CTIP2+ dentate granule neurons split by mature/immature, activity state, and 1hr/4hr timepoint	GSM6603622	immature, 1hr, X043019_203	immature	inactive_or_unsorted	1hr	immature	dentate granule cell	F	60			
GSE214309	X043019_204	mouse	dentate_gyrus	snRNA-seq	immature_inactive_or_unsorted_1hr								True	Ensembl gene IDs in rows; marker genes currently resolved by feature-alias lookup; full object analysis needs complete Ensembl-to-symbol map	promote_to_primary_dentate_activity_maturation_validation	PROX1+CTIP2+ dentate granule neurons split by mature/immature, activity state, and 1hr/4hr timepoint	GSM6603623	immature, 1hr, X043019_204	immature	inactive_or_unsorted	1hr	immature	dentate granule cell	F	60			
GSE214309	X043019_205	mouse	dentate_gyrus	snRNA-seq	immature_inactive_or_unsorted_1hr								True	Ensembl gene IDs in rows; marker genes currently resolved by feature-alias lookup; full object analysis needs complete Ensembl-to-symbol map	promote_to_primary_dentate_activity_maturation_validation	PROX1+CTIP2+ dentate granule neurons split by mature/immature, activity state, and 1hr/4hr timepoint	GSM6603624	immature, 1hr, X043019_205	immature	inactive_or_unsorted	1hr	immature	dentate granule cell	F	60			
GSE214309	X043019_206	mouse	dentate_gyrus	snRNA-seq	immature_inactive_or_unsorted_1hr								True	Ensembl gene IDs in rows; marker genes currently resolved by feature-alias lookup; full object analysis needs complete Ensembl-to-symbol map	promote_to_primary_dentate_activity_maturation_validation	PROX1+CTIP2+ dentate granule neurons split by mature/immature, activity state, and 1hr/4hr timepoint	GSM6603625	immature, 1hr, X043019_206	immature	inactive_or_unsorted	1hr	immature	dentate granule cell	F	60			
GSE214309	X043019_207	mouse	dentate_gyrus	snRNA-seq	immature_inactive_or_unsorted_1hr								True	Ensembl gene IDs in rows; marker genes currently resolved by feature-alias lookup; full object analysis needs complete Ensembl-to-symbol map	promote_to_primary_dentate_activity_maturation_validation	PROX1+CTIP2+ dentate granule neurons split by mature/immature, activity state, and 1hr/4hr timepoint	GSM6603626	immature, 1hr, X043019_207	immature	inactive_or_unsorted	1hr	immature	dentate granule cell	F	60			
GSE214309	X043019_208	mouse	dentate_gyrus	snRNA-seq	immature_inactive_or_unsorted_1hr								True	Ensembl gene IDs in rows; marker genes currently resolved by feature-alias lookup; full object analysis needs complete Ensembl-to-symbol map	promote_to_primary_dentate_activity_maturation_validation	PROX1+CTIP2+ dentate granule neurons split by mature/immature, activity state, and 1hr/4hr timepoint	GSM6603627	immature, 1hr, X043019_208	immature	inactive_or_unsorted	1hr	immature	dentate granule cell	F	60			
GSE214309	X043019_209	mouse	dentate_gyrus	snRNA-seq	immature_inactive_or_unsorted_1hr								True	Ensembl gene IDs in rows; marker genes currently resolved by feature-alias lookup; full object analysis needs complete Ensembl-to-symbol map	promote_to_primary_dentate_activity_maturation_validation	PROX1+CTIP2+ dentate granule neurons split by mature/immature, activity state, and 1hr/4hr timepoint	GSM6603628	immature, 1hr, X043019_209	immature	inactive_or_unsorted	1hr	immature	dentate granule cell	M	70			
GSE214309	X043019_21	mouse	dentate_gyrus	snRNA-seq	mature_inactive_or_unsorted_1hr								True	Ensembl gene IDs in rows; marker genes currently resolved by feature-alias lookup; full object analysis needs complete Ensembl-to-symbol map	promote_to_primary_dentate_activity_maturation_validation	PROX1+CTIP2+ dentate granule neurons split by mature/immature, activity state, and 1hr/4hr timepoint	GSM6603629	mature, 1hr, X043019_21	mature	inactive_or_unsorted	1hr	mature	dentate granule cell	F	60			
GSE214309	X043019_210	mouse	dentate_gyrus	snRNA-seq	immature_inactive_or_unsorted_1hr								True	Ensembl gene IDs in rows; marker genes currently resolved by feature-alias lookup; full object analysis needs complete Ensembl-to-symbol map	promote_to_primary_dentate_activity_maturation_validation	PROX1+CTIP2+ dentate granule neurons split by mature/immature, activity state, and 1hr/4hr timepoint	GSM6603630	immature, 1hr, X043019_210	immature	inactive_or_unsorted	1hr	immature	dentate granule cell	M	70			
GSE214309	X043019_211	mouse	dentate_gyrus	snRNA-seq	immature_inactive_or_unsorted_1hr								True	Ensembl gene IDs in rows; marker genes currently resolved by feature-alias lookup; full object analysis needs complete Ensembl-to-symbol map	promote_to_primary_dentate_activity_maturation_validation	PROX1+CTIP2+ dentate granule neurons split by mature/immature, activity state, and 1hr/4hr timepoint	GSM6603631	immature, 1hr, X043019_211	immature	inactive_or_unsorted	1hr	immature	dentate granule cell	M	70			
GSE214309	X043019_212	mouse	dentate_gyrus	snRNA-seq	immature_inactive_or_unsorted_1hr								True	Ensembl gene IDs in rows; marker genes currently resolved by feature-alias lookup; full object analysis needs complete Ensembl-to-symbol map	promote_to_primary_dentate_activity_maturation_validation	PROX1+CTIP2+ dentate granule neurons split by mature/immature, activity state, and 1hr/4hr timepoint	GSM6603632	immature, 1hr, X043019_212	immature	inactive_or_unsorted	1hr	immature	dentate granule cell	M	70			
GSE214309	X043019_213	mouse	dentate_gyrus	snRNA-seq	immature_inactive_or_unsorted_1hr								True	Ensembl gene IDs in rows; marker genes currently resolved by feature-alias lookup; full object analysis needs complete Ensembl-to-symbol map	promote_to_primary_dentate_activity_maturation_validation	PROX1+CTIP2+ dentate granule neurons split by mature/immature, activity state, and 1hr/4hr timepoint	GSM6603633	immature, 1hr, X043019_213	immature	inactive_or_unsorted	1hr	immature	dentate granule cell	M	70			
GSE214309	X043019_214	mouse	dentate_gyrus	snRNA-seq	immature_inactive_or_unsorted_1hr								True	Ensembl gene IDs in rows; marker genes currently resolved by feature-alias lookup; full object analysis needs complete Ensembl-to-symbol map	promote_to_primary_dentate_activity_maturation_validation	PROX1+CTIP2+ dentate granule neurons split by mature/immature, activity state, and 1hr/4hr timepoint	GSM6603634	immature, 1hr, X043019_214	immature	inactive_or_unsorted	1hr	immature	dentate granule cell	M	70			
GSE214309	X043019_215	mouse	dentate_gyrus	snRNA-seq	immature_inactive_or_unsorted_1hr								True	Ensembl gene IDs in rows; marker genes currently resolved by feature-alias lookup; full object analysis needs complete Ensembl-to-symbol map	promote_to_primary_dentate_activity_maturation_validation	PROX1+CTIP2+ dentate granule neurons split by mature/immature, activity state, and 1hr/4hr timepoint	GSM6603635	immature, 1hr, X043019_215	immature	inactive_or_unsorted	1hr	immature	dentate granule cell	F	62			
GSE214309	X043019_216	mouse	dentate_gyrus	snRNA-seq	immature_inactive_or_unsorted_1hr								True	Ensembl gene IDs in rows; marker genes currently resolved by feature-alias lookup; full object analysis needs complete Ensembl-to-symbol map	promote_to_primary_dentate_activity_maturation_validation	PROX1+CTIP2+ dentate granule neurons split by mature/immature, activity state, and 1hr/4hr timepoint	GSM6603636	immature, 1hr, X043019_216	immature	inactive_or_unsorted	1hr	immature	dentate granule cell	F	62			
GSE214309	X043019_217	mouse	dentate_gyrus	snRNA-seq	immature_inactive_or_unsorted_1hr								True	Ensembl gene IDs in rows; marker genes currently resolved by feature-alias lookup; full object analysis needs complete Ensembl-to-symbol map	promote_to_primary_dentate_activity_maturation_validation	PROX1+CTIP2+ dentate granule neurons split by mature/immature, activity state, and 1hr/4hr timepoint	GSM6603637	immature, 1hr, X043019_217	immature	inactive_or_unsorted	1hr	immature	dentate granule cell	F	62			
GSE214309	X043019_219	mouse	dentate_gyrus	snRNA-seq	immature_inactive_or_unsorted_1hr								True	Ensembl gene IDs in rows; marker genes currently resolved by feature-alias lookup; full object analysis needs complete Ensembl-to-symbol map	promote_to_primary_dentate_activity_maturation_validation	PROX1+CTIP2+ dentate granule neurons split by mature/immature, activity state, and 1hr/4hr timepoint	GSM6603638	immature, 1hr, X043019_219	immature	inactive_or_unsorted	1hr	immature	dentate granule cell	F	62			
GSE214309	X043019_22	mouse	dentate_gyrus	snRNA-seq	mature_inactive_or_unsorted_1hr								True	Ensembl gene IDs in rows; marker genes currently resolved by feature-alias lookup; full object analysis needs complete Ensembl-to-symbol map	promote_to_primary_dentate_activity_maturation_validation	PROX1+CTIP2+ dentate granule neurons split by mature/immature, activity state, and 1hr/4hr timepoint	GSM6603639	mature, 1hr, X043019_22	mature	inactive_or_unsorted	1hr	mature	dentate granule cell	F	60			
GSE214309	X043019_221	mouse	dentate_gyrus	snRNA-seq	immature_inactive_or_unsorted_1hr								True	Ensembl gene IDs in rows; marker genes currently resolved by feature-alias lookup; full object analysis needs complete Ensembl-to-symbol map	promote_to_primary_dentate_activity_maturation_validation	PROX1+CTIP2+ dentate granule neurons split by mature/immature, activity state, and 1hr/4hr timepoint	GSM6603640	immature, 1hr, X043019_221	immature	inactive_or_unsorted	1hr	immature	dentate granule cell	F	60			
GSE214309	X043019_222	mouse	dentate_gyrus	snRNA-seq	immature_inactive_or_unsorted_1hr								True	Ensembl gene IDs in rows; marker genes currently resolved by feature-alias lookup; full object analysis needs complete Ensembl-to-symbol map	promote_to_primary_dentate_activity_maturation_validation	PROX1+CTIP2+ dentate granule neurons split by mature/immature, activity state, and 1hr/4hr timepoint	GSM6603641	immature, 1hr, X043019_222	immature	inactive_or_unsorted	1hr	immature	dentate granule cell	F	60			
GSE214309	X043019_223	mouse	dentate_gyrus	snRNA-seq	immature_inactive_or_unsorted_1hr								True	Ensembl gene IDs in rows; marker genes currently resolved by feature-alias lookup; full object analysis needs complete Ensembl-to-symbol map	promote_to_primary_dentate_activity_maturation_validation	PROX1+CTIP2+ dentate granule neurons split by mature/immature, activity state, and 1hr/4hr timepoint	GSM6603642	immature, 1hr, X043019_223	immature	inactive_or_unsorted	1hr	immature	dentate granule cell	F	60			
GSE214309	X043019_224	mouse	dentate_gyrus	snRNA-seq	immature_inactive_or_unsorted_1hr								True	Ensembl gene IDs in rows; marker genes currently resolved by feature-alias lookup; full object analysis needs complete Ensembl-to-symbol map	promote_to_primary_dentate_activity_maturation_validation	PROX1+CTIP2+ dentate granule neurons split by mature/immature, activity state, and 1hr/4hr timepoint	GSM6603643	immature, 1hr, X043019_224	immature	inactive_or_unsorted	1hr	immature	dentate granule cell	F	60			
GSE214309	X043019_225	mouse	dentate_gyrus	snRNA-seq	immature_inactive_or_unsorted_1hr								True	Ensembl gene IDs in rows; marker genes currently resolved by feature-alias lookup; full object analysis needs complete Ensembl-to-symbol map	promote_to_primary_dentate_activity_maturation_validation	PROX1+CTIP2+ dentate granule neurons split by mature/immature, activity state, and 1hr/4hr timepoint	GSM6603644	immature, 1hr, X043019_225	immature	inactive_or_unsorted	1hr	immature	dentate granule cell	F	60			
GSE214309	X043019_227	mouse	dentate_gyrus	snRNA-seq	immature_inactive_or_unsorted_1hr								True	Ensembl gene IDs in rows; marker genes currently resolved by feature-alias lookup; full object analysis needs complete Ensembl-to-symbol map	promote_to_primary_dentate_activity_maturation_validation	PROX1+CTIP2+ dentate granule neurons split by mature/immature, activity state, and 1hr/4hr timepoint	GSM6603645	immature, 1hr, X043019_227	immature	inactive_or_unsorted	1hr	immature	dentate granule cell	M	70			
GSE214309	X043019_228	mouse	dentate_gyrus	snRNA-seq	immature_inactive_or_unsorted_1hr								True	Ensembl gene IDs in rows; marker genes currently resolved by feature-alias lookup; full object analysis needs complete Ensembl-to-symbol map	promote_to_primary_dentate_activity_maturation_validation	PROX1+CTIP2+ dentate granule neurons split by mature/immature, activity state, and 1hr/4hr timepoint	GSM6603646	immature, 1hr, X043019_228	immature	inactive_or_unsorted	1hr	immature	dentate granule cell	M	70			
GSE214309	X043019_229	mouse	dentate_gyrus	snRNA-seq	immature_inactive_or_unsorted_1hr								True	Ensembl gene IDs in rows; marker genes currently resolved by feature-alias lookup; full object analysis needs complete Ensembl-to-symbol map	promote_to_primary_dentate_activity_maturation_validation	PROX1+CTIP2+ dentate granule neurons split by mature/immature, activity state, and 1hr/4hr timepoint	GSM6603647	immature, 1hr, X043019_229	immature	inactive_or_unsorted	1hr	immature	dentate granule cell	M	70			
GSE214309	X043019_23	mouse	dentate_gyrus	snRNA-seq	mature_inactive_or_unsorted_1hr								True	Ensembl gene IDs in rows; marker genes currently resolved by feature-alias lookup; full object analysis needs complete Ensembl-to-symbol map	promote_to_primary_dentate_activity_maturation_validation	PROX1+CTIP2+ dentate granule neurons split by mature/immature, activity state, and 1hr/4hr timepoint	GSM6603648	mature, 1hr, X043019_23	mature	inactive_or_unsorted	1hr	mature	dentate granule cell	F	60			
GSE214309	X043019_230	mouse	dentate_gyrus	snRNA-seq	immature_inactive_or_unsorted_1hr								True	Ensembl gene IDs in rows; marker genes currently resolved by feature-alias lookup; full object analysis needs complete Ensembl-to-symbol map	promote_to_primary_dentate_activity_maturation_validation	PROX1+CTIP2+ dentate granule neurons split by mature/immature, activity state, and 1hr/4hr timepoint	GSM6603649	immature, 1hr, X043019_230	immature	inactive_or_unsorted	1hr	immature	dentate granule cell	M	70			
GSE214309	X043019_231	mouse	dentate_gyrus	snRNA-seq	immature_inactive_or_unsorted_1hr								True	Ensembl gene IDs in rows; marker genes currently resolved by feature-alias lookup; full object analysis needs complete Ensembl-to-symbol map	promote_to_primary_dentate_activity_maturation_validation	PROX1+CTIP2+ dentate granule neurons split by mature/immature, activity state, and 1hr/4hr timepoint	GSM6603650	immature, 1hr, X043019_231	immature	inactive_or_unsorted	1hr	immature	dentate granule cell	M	70			
GSE214309	X043019_232	mouse	dentate_gyrus	snRNA-seq	immature_inactive_or_unsorted_1hr								True	Ensembl gene IDs in rows; marker genes currently resolved by feature-alias lookup; full object analysis needs complete Ensembl-to-symbol map	promote_to_primary_dentate_activity_maturation_validation	PROX1+CTIP2+ dentate granule neurons split by mature/immature, activity state, and 1hr/4hr timepoint	GSM6603651	immature, 1hr, X043019_232	immature	inactive_or_unsorted	1hr	immature	dentate granule cell	M	70			
GSE214309	X043019_233	mouse	dentate_gyrus	snRNA-seq	immature_active_1hr								True	Ensembl gene IDs in rows; marker genes currently resolved by feature-alias lookup; full object analysis needs complete Ensembl-to-symbol map	promote_to_primary_dentate_activity_maturation_validation	PROX1+CTIP2+ dentate granule neurons split by mature/immature, activity state, and 1hr/4hr timepoint	GSM6603652	immatureactive, 1hr, X043019_233	immature	active	1hr	immatureactive	dentate granule cell	F	62			
GSE214309	X043019_234	mouse	dentate_gyrus	snRNA-seq	immature_active_1hr								True	Ensembl gene IDs in rows; marker genes currently resolved by feature-alias lookup; full object analysis needs complete Ensembl-to-symbol map	promote_to_primary_dentate_activity_maturation_validation	PROX1+CTIP2+ dentate granule neurons split by mature/immature, activity state, and 1hr/4hr timepoint	GSM6603653	immatureactive, 1hr, X043019_234	immature	active	1hr	immatureactive	dentate granule cell	F	62			
GSE214309	X043019_235	mouse	dentate_gyrus	snRNA-seq	immature_active_1hr								True	Ensembl gene IDs in rows; marker genes currently resolved by feature-alias lookup; full object analysis needs complete Ensembl-to-symbol map	promote_to_primary_dentate_activity_maturation_validation	PROX1+CTIP2+ dentate granule neurons split by mature/immature, activity state, and 1hr/4hr timepoint	GSM6603654	immatureactive, 1hr, X043019_235	immature	active	1hr	immatureactive	dentate granule cell	F	62			
GSE214309	X043019_236	mouse	dentate_gyrus	snRNA-seq	immature_active_1hr								True	Ensembl gene IDs in rows; marker genes currently resolved by feature-alias lookup; full object analysis needs complete Ensembl-to-symbol map	promote_to_primary_dentate_activity_maturation_validation	PROX1+CTIP2+ dentate granule neurons split by mature/immature, activity state, and 1hr/4hr timepoint	GSM6603655	immatureactive, 1hr, X043019_236	immature	active	1hr	immatureactive	dentate granule cell	F	62			
GSE214309	X043019_238	mouse	dentate_gyrus	snRNA-seq	immature_active_1hr								True	Ensembl gene IDs in rows; marker genes currently resolved by feature-alias lookup; full object analysis needs complete Ensembl-to-symbol map	promote_to_primary_dentate_activity_maturation_validation	PROX1+CTIP2+ dentate granule neurons split by mature/immature, activity state, and 1hr/4hr timepoint	GSM6603656	immatureactive, 1hr, X043019_238	immature	active	1hr	immatureactive	dentate granule cell	F	62			
GSE214309	X043019_243	mouse	dentate_gyrus	snRNA-seq	immature_active_1hr								True	Ensembl gene IDs in rows; marker genes currently resolved by feature-alias lookup; full object analysis needs complete Ensembl-to-symbol map	promote_to_primary_dentate_activity_maturation_validation	PROX1+CTIP2+ dentate granule neurons split by mature/immature, activity state, and 1hr/4hr timepoint	GSM6603657	immatureactive, 1hr, X043019_243	immature	active	1hr	immatureactive	dentate granule cell	F	60			
GSE214309	X043019_244	mouse	dentate_gyrus	snRNA-seq	immature_active_1hr								True	Ensembl gene IDs in rows; marker genes currently resolved by feature-alias lookup; full object analysis needs complete Ensembl-to-symbol map	promote_to_primary_dentate_activity_maturation_validation	PROX1+CTIP2+ dentate granule neurons split by mature/immature, activity state, and 1hr/4hr timepoint	GSM6603658	immatureactive, 1hr, X043019_244	immature	active	1hr	immatureactive	dentate granule cell	F	60			
GSE214309	X043019_245	mouse	dentate_gyrus	snRNA-seq	immature_active_1hr								True	Ensembl gene IDs in rows; marker genes currently resolved by feature-alias lookup; full object analysis needs complete Ensembl-to-symbol map	promote_to_primary_dentate_activity_maturation_validation	PROX1+CTIP2+ dentate granule neurons split by mature/immature, activity state, and 1hr/4hr timepoint	GSM6603659	immatureactive, 1hr, X043019_245	immature	active	1hr	immatureactive	dentate granule cell	M	70			
GSE214309	X043019_246	mouse	dentate_gyrus	snRNA-seq	immature_active_1hr								True	Ensembl gene IDs in rows; marker genes currently resolved by feature-alias lookup; full object analysis needs complete Ensembl-to-symbol map	promote_to_primary_dentate_activity_maturation_validation	PROX1+CTIP2+ dentate granule neurons split by mature/immature, activity state, and 1hr/4hr timepoint	GSM6603660	immatureactive, 1hr, X043019_246	immature	active	1hr	immatureactive	dentate granule cell	M	70			
GSE214309	X043019_247	mouse	dentate_gyrus	snRNA-seq	immature_active_1hr								True	Ensembl gene IDs in rows; marker genes currently resolved by feature-alias lookup; full object analysis needs complete Ensembl-to-symbol map	promote_to_primary_dentate_activity_maturation_validation	PROX1+CTIP2+ dentate granule neurons split by mature/immature, activity state, and 1hr/4hr timepoint	GSM6603661	immatureactive, 1hr, X043019_247	immature	active	1hr	immatureactive	dentate granule cell	M	70			
GSE214309	X043019_248	mouse	dentate_gyrus	snRNA-seq	immature_active_1hr								True	Ensembl gene IDs in rows; marker genes currently resolved by feature-alias lookup; full object analysis needs complete Ensembl-to-symbol map	promote_to_primary_dentate_activity_maturation_validation	PROX1+CTIP2+ dentate granule neurons split by mature/immature, activity state, and 1hr/4hr timepoint	GSM6603662	immatureactive, 1hr, X043019_248	immature	active	1hr	immatureactive	dentate granule cell	M	70			
GSE214309	X043019_249	mouse	dentate_gyrus	snRNA-seq	immature_active_1hr								True	Ensembl gene IDs in rows; marker genes currently resolved by feature-alias lookup; full object analysis needs complete Ensembl-to-symbol map	promote_to_primary_dentate_activity_maturation_validation	PROX1+CTIP2+ dentate granule neurons split by mature/immature, activity state, and 1hr/4hr timepoint	GSM6603663	immatureactive, 1hr, X043019_249	immature	active	1hr	immatureactive	dentate granule cell	M	70			
GSE214309	X043019_25	mouse	dentate_gyrus	snRNA-seq	mature_inactive_or_unsorted_1hr								True	Ensembl gene IDs in rows; marker genes currently resolved by feature-alias lookup; full object analysis needs complete Ensembl-to-symbol map	promote_to_primary_dentate_activity_maturation_validation	PROX1+CTIP2+ dentate granule neurons split by mature/immature, activity state, and 1hr/4hr timepoint	GSM6603664	mature, 1hr, X043019_25	mature	inactive_or_unsorted	1hr	mature	dentate granule cell	F	66			
GSE214309	X043019_250	mouse	dentate_gyrus	snRNA-seq	immature_active_1hr								True	Ensembl gene IDs in rows; marker genes currently resolved by feature-alias lookup; full object analysis needs complete Ensembl-to-symbol map	promote_to_primary_dentate_activity_maturation_validation	PROX1+CTIP2+ dentate granule neurons split by mature/immature, activity state, and 1hr/4hr timepoint	GSM6603665	immatureactive, 1hr, X043019_250	immature	active	1hr	immatureactive	dentate granule cell	M	70			
GSE214309	X043019_26	mouse	dentate_gyrus	snRNA-seq	mature_inactive_or_unsorted_1hr								True	Ensembl gene IDs in rows; marker genes currently resolved by feature-alias lookup; full object analysis needs complete Ensembl-to-symbol map	promote_to_primary_dentate_activity_maturation_validation	PROX1+CTIP2+ dentate granule neurons split by mature/immature, activity state, and 1hr/4hr timepoint	GSM6603666	mature, 1hr, X043019_26	mature	inactive_or_unsorted	1hr	mature	dentate granule cell	F	66			
GSE214309	X043019_27	mouse	dentate_gyrus	snRNA-seq	mature_inactive_or_unsorted_1hr								True	Ensembl gene IDs in rows; marker genes currently resolved by feature-alias lookup; full object analysis needs complete Ensembl-to-symbol map	promote_to_primary_dentate_activity_maturation_validation	PROX1+CTIP2+ dentate granule neurons split by mature/immature, activity state, and 1hr/4hr timepoint	GSM6603667	mature, 1hr, X043019_27	mature	inactive_or_unsorted	1hr	mature	dentate granule cell	F	66			
GSE214309	X043019_28	mouse	dentate_gyrus	snRNA-seq	mature_inactive_or_unsorted_1hr								True	Ensembl gene IDs in rows; marker genes currently resolved by feature-alias lookup; full object analysis needs complete Ensembl-to-symbol map	promote_to_primary_dentate_activity_maturation_validation	PROX1+CTIP2+ dentate granule neurons split by mature/immature, activity state, and 1hr/4hr timepoint	GSM6603668	mature, 1hr, X043019_28	mature	inactive_or_unsorted	1hr	mature	dentate granule cell	F	66			
GSE214309	X043019_29	mouse	dentate_gyrus	snRNA-seq	mature_inactive_or_unsorted_1hr								True	Ensembl gene IDs in rows; marker genes currently resolved by feature-alias lookup; full object analysis needs complete Ensembl-to-symbol map	promote_to_primary_dentate_activity_maturation_validation	PROX1+CTIP2+ dentate granule neurons split by mature/immature, activity state, and 1hr/4hr timepoint	GSM6603669	mature, 1hr, X043019_29	mature	inactive_or_unsorted	1hr	mature	dentate granule cell	F	66			
GSE214309	X043019_30	mouse	dentate_gyrus	snRNA-seq	mature_inactive_or_unsorted_1hr								True	Ensembl gene IDs in rows; marker genes currently resolved by feature-alias lookup; full object analysis needs complete Ensembl-to-symbol map	promote_to_primary_dentate_activity_maturation_validation	PROX1+CTIP2+ dentate granule neurons split by mature/immature, activity state, and 1hr/4hr timepoint	GSM6603670	mature, 1hr, X043019_30	mature	inactive_or_unsorted	1hr	mature	dentate granule cell	F	66			
GSE214309	X043019_31	mouse	dentate_gyrus	snRNA-seq	mature_inactive_or_unsorted_1hr								True	Ensembl gene IDs in rows; marker genes currently resolved by feature-alias lookup; full object analysis needs complete Ensembl-to-symbol map	promote_to_primary_dentate_activity_maturation_validation	PROX1+CTIP2+ dentate granule neurons split by mature/immature, activity state, and 1hr/4hr timepoint	GSM6603671	mature, 1hr, X043019_31	mature	inactive_or_unsorted	1hr	mature	dentate granule cell	M	69			
GSE214309	X043019_32	mouse	dentate_gyrus	snRNA-seq	mature_inactive_or_unsorted_1hr								True	Ensembl gene IDs in rows; marker genes currently resolved by feature-alias lookup; full object analysis needs complete Ensembl-to-symbol map	promote_to_primary_dentate_activity_maturation_validation	PROX1+CTIP2+ dentate granule neurons split by mature/immature, activity state, and 1hr/4hr timepoint	GSM6603672	mature, 1hr, X043019_32	mature	inactive_or_unsorted	1hr	mature	dentate granule cell	M	69			
GSE214309	X043019_33	mouse	dentate_gyrus	snRNA-seq	mature_inactive_or_unsorted_1hr								True	Ensembl gene IDs in rows; marker genes currently resolved by feature-alias lookup; full object analysis needs complete Ensembl-to-symbol map	promote_to_primary_dentate_activity_maturation_validation	PROX1+CTIP2+ dentate granule neurons split by mature/immature, activity state, and 1hr/4hr timepoint	GSM6603673	mature, 1hr, X043019_33	mature	inactive_or_unsorted	1hr	mature	dentate granule cell	M	69			
GSE214309	X043019_34	mouse	dentate_gyrus	snRNA-seq	mature_inactive_or_unsorted_1hr								True	Ensembl gene IDs in rows; marker genes currently resolved by feature-alias lookup; full object analysis needs complete Ensembl-to-symbol map	promote_to_primary_dentate_activity_maturation_validation	PROX1+CTIP2+ dentate granule neurons split by mature/immature, activity state, and 1hr/4hr timepoint	GSM6603674	mature, 1hr, X043019_34	mature	inactive_or_unsorted	1hr	mature	dentate granule cell	M	69			
GSE214309	X043019_35	mouse	dentate_gyrus	snRNA-seq	mature_inactive_or_unsorted_1hr								True	Ensembl gene IDs in rows; marker genes currently resolved by feature-alias lookup; full object analysis needs complete Ensembl-to-symbol map	promote_to_primary_dentate_activity_maturation_validation	PROX1+CTIP2+ dentate granule neurons split by mature/immature, activity state, and 1hr/4hr timepoint	GSM6603675	mature, 1hr, X043019_35	mature	inactive_or_unsorted	1hr	mature	dentate granule cell	M	69			
GSE214309	X043019_37	mouse	dentate_gyrus	snRNA-seq	mature_active_1hr								True	Ensembl gene IDs in rows; marker genes currently resolved by feature-alias lookup; full object analysis needs complete Ensembl-to-symbol map	promote_to_primary_dentate_activity_maturation_validation	PROX1+CTIP2+ dentate granule neurons split by mature/immature, activity state, and 1hr/4hr timepoint	GSM6603676	matureactive, 1hr, X043019_37	mature	active	1hr	matureactive	dentate granule cell	F	60			
GSE214309	X043019_38	mouse	dentate_gyrus	snRNA-seq	mature_active_1hr								True	Ensembl gene IDs in rows; marker genes currently resolved by feature-alias lookup; full object analysis needs complete Ensembl-to-symbol map	promote_to_primary_dentate_activity_maturation_validation	PROX1+CTIP2+ dentate granule neurons split by mature/immature, activity state, and 1hr/4hr timepoint	GSM6603677	matureactive, 1hr, X043019_38	mature	active	1hr	matureactive	dentate granule cell	F	60			
GSE214309	X043019_39	mouse	dentate_gyrus	snRNA-seq	mature_active_1hr								True	Ensembl gene IDs in rows; marker genes currently resolved by feature-alias lookup; full object analysis needs complete Ensembl-to-symbol map	promote_to_primary_dentate_activity_maturation_validation	PROX1+CTIP2+ dentate granule neurons split by mature/immature, activity state, and 1hr/4hr timepoint	GSM6603678	matureactive, 1hr, X043019_39	mature	active	1hr	matureactive	dentate granule cell	F	60			
GSE214309	X043019_40	mouse	dentate_gyrus	snRNA-seq	mature_active_1hr								True	Ensembl gene IDs in rows; marker genes currently resolved by feature-alias lookup; full object analysis needs complete Ensembl-to-symbol map	promote_to_primary_dentate_activity_maturation_validation	PROX1+CTIP2+ dentate granule neurons split by mature/immature, activity state, and 1hr/4hr timepoint	GSM6603679	matureactive, 1hr, X043019_40	mature	active	1hr	matureactive	dentate granule cell	F	60			
GSE214309	X043019_41	mouse	dentate_gyrus	snRNA-seq	mature_active_1hr								True	Ensembl gene IDs in rows; marker genes currently resolved by feature-alias lookup; full object analysis needs complete Ensembl-to-symbol map	promote_to_primary_dentate_activity_maturation_validation	PROX1+CTIP2+ dentate granule neurons split by mature/immature, activity state, and 1hr/4hr timepoint	GSM6603680	matureactive, 1hr, X043019_41	mature	active	1hr	matureactive	dentate granule cell	F	60			
GSE214309	X043019_42	mouse	dentate_gyrus	snRNA-seq	mature_active_1hr								True	Ensembl gene IDs in rows; marker genes currently resolved by feature-alias lookup; full object analysis needs complete Ensembl-to-symbol map	promote_to_primary_dentate_activity_maturation_validation	PROX1+CTIP2+ dentate granule neurons split by mature/immature, activity state, and 1hr/4hr timepoint	GSM6603681	matureactive, 1hr, X043019_42	mature	active	1hr	matureactive	dentate granule cell	F	60			
GSE214309	X043019_43	mouse	dentate_gyrus	snRNA-seq	mature_active_1hr								True	Ensembl gene IDs in rows; marker genes currently resolved by feature-alias lookup; full object analysis needs complete Ensembl-to-symbol map	promote_to_primary_dentate_activity_maturation_validation	PROX1+CTIP2+ dentate granule neurons split by mature/immature, activity state, and 1hr/4hr timepoint	GSM6603682	matureactive, 1hr, X043019_43	mature	active	1hr	matureactive	dentate granule cell	F	66			
GSE214309	X043019_44	mouse	dentate_gyrus	snRNA-seq	mature_active_1hr								True	Ensembl gene IDs in rows; marker genes currently resolved by feature-alias lookup; full object analysis needs complete Ensembl-to-symbol map	promote_to_primary_dentate_activity_maturation_validation	PROX1+CTIP2+ dentate granule neurons split by mature/immature, activity state, and 1hr/4hr timepoint	GSM6603683	matureactive, 1hr, X043019_44	mature	active	1hr	matureactive	dentate granule cell	F	66			
GSE214309	X043019_45	mouse	dentate_gyrus	snRNA-seq	mature_active_1hr								True	Ensembl gene IDs in rows; marker genes currently resolved by feature-alias lookup; full object analysis needs complete Ensembl-to-symbol map	promote_to_primary_dentate_activity_maturation_validation	PROX1+CTIP2+ dentate granule neurons split by mature/immature, activity state, and 1hr/4hr timepoint	GSM6603684	matureactive, 1hr, X043019_45	mature	active	1hr	matureactive	dentate granule cell	F	66			
GSE214309	X043019_46	mouse	dentate_gyrus	snRNA-seq	mature_active_1hr								True	Ensembl gene IDs in rows; marker genes currently resolved by feature-alias lookup; full object analysis needs complete Ensembl-to-symbol map	promote_to_primary_dentate_activity_maturation_validation	PROX1+CTIP2+ dentate granule neurons split by mature/immature, activity state, and 1hr/4hr timepoint	GSM6603685	matureactive, 1hr, X043019_46	mature	active	1hr	matureactive	dentate granule cell	F	66			
GSE214309	X043019_47	mouse	dentate_gyrus	snRNA-seq	mature_active_1hr								True	Ensembl gene IDs in rows; marker genes currently resolved by feature-alias lookup; full object analysis needs complete Ensembl-to-symbol map	promote_to_primary_dentate_activity_maturation_validation	PROX1+CTIP2+ dentate granule neurons split by mature/immature, activity state, and 1hr/4hr timepoint	GSM6603686	matureactive, 1hr, X043019_47	mature	active	1hr	matureactive	dentate granule cell	F	66			
GSE214309	X043019_48	mouse	dentate_gyrus	snRNA-seq	mature_active_1hr								True	Ensembl gene IDs in rows; marker genes currently resolved by feature-alias lookup; full object analysis needs complete Ensembl-to-symbol map	promote_to_primary_dentate_activity_maturation_validation	PROX1+CTIP2+ dentate granule neurons split by mature/immature, activity state, and 1hr/4hr timepoint	GSM6603687	matureactive, 1hr, X043019_48	mature	active	1hr	matureactive	dentate granule cell	F	66			
GSE214309	X043019_49	mouse	dentate_gyrus	snRNA-seq	mature_active_1hr								True	Ensembl gene IDs in rows; marker genes currently resolved by feature-alias lookup; full object analysis needs complete Ensembl-to-symbol map	promote_to_primary_dentate_activity_maturation_validation	PROX1+CTIP2+ dentate granule neurons split by mature/immature, activity state, and 1hr/4hr timepoint	GSM6603688	matureactive, 1hr, X043019_49	mature	active	1hr	matureactive	dentate granule cell	M	69			
GSE214309	X043019_50	mouse	dentate_gyrus	snRNA-seq	mature_active_1hr								True	Ensembl gene IDs in rows; marker genes currently resolved by feature-alias lookup; full object analysis needs complete Ensembl-to-symbol map	promote_to_primary_dentate_activity_maturation_validation	PROX1+CTIP2+ dentate granule neurons split by mature/immature, activity state, and 1hr/4hr timepoint	GSM6603689	matureactive, 1hr, X043019_50	mature	active	1hr	matureactive	dentate granule cell	M	69			
GSE214309	X043019_51	mouse	dentate_gyrus	snRNA-seq	mature_active_1hr								True	Ensembl gene IDs in rows; marker genes currently resolved by feature-alias lookup; full object analysis needs complete Ensembl-to-symbol map	promote_to_primary_dentate_activity_maturation_validation	PROX1+CTIP2+ dentate granule neurons split by mature/immature, activity state, and 1hr/4hr timepoint	GSM6603690	matureactive, 1hr, X043019_51	mature	active	1hr	matureactive	dentate granule cell	M	69			
GSE214309	X043019_52	mouse	dentate_gyrus	snRNA-seq	mature_active_1hr								True	Ensembl gene IDs in rows; marker genes currently resolved by feature-alias lookup; full object analysis needs complete Ensembl-to-symbol map	promote_to_primary_dentate_activity_maturation_validation	PROX1+CTIP2+ dentate granule neurons split by mature/immature, activity state, and 1hr/4hr timepoint	GSM6603691	matureactive, 1hr, X043019_52	mature	active	1hr	matureactive	dentate granule cell	M	69			
GSE214309	X043019_53	mouse	dentate_gyrus	snRNA-seq	mature_active_1hr								True	Ensembl gene IDs in rows; marker genes currently resolved by feature-alias lookup; full object analysis needs complete Ensembl-to-symbol map	promote_to_primary_dentate_activity_maturation_validation	PROX1+CTIP2+ dentate granule neurons split by mature/immature, activity state, and 1hr/4hr timepoint	GSM6603692	matureactive, 1hr, X043019_53	mature	active	1hr	matureactive	dentate granule cell	M	69			
GSE214309	X043019_55	mouse	dentate_gyrus	snRNA-seq	mature_active_1hr								True	Ensembl gene IDs in rows; marker genes currently resolved by feature-alias lookup; full object analysis needs complete Ensembl-to-symbol map	promote_to_primary_dentate_activity_maturation_validation	PROX1+CTIP2+ dentate granule neurons split by mature/immature, activity state, and 1hr/4hr timepoint	GSM6603693	matureactive, 1hr, X043019_55	mature	active	1hr	matureactive	dentate granule cell	F	60			
GSE214309	X043019_57	mouse	dentate_gyrus	snRNA-seq	mature_active_1hr								True	Ensembl gene IDs in rows; marker genes currently resolved by feature-alias lookup; full object analysis needs complete Ensembl-to-symbol map	promote_to_primary_dentate_activity_maturation_validation	PROX1+CTIP2+ dentate granule neurons split by mature/immature, activity state, and 1hr/4hr timepoint	GSM6603694	matureactive, 1hr, X043019_57	mature	active	1hr	matureactive	dentate granule cell	F	60			
GSE214309	X043019_59	mouse	dentate_gyrus	snRNA-seq	mature_active_1hr								True	Ensembl gene IDs in rows; marker genes currently resolved by feature-alias lookup; full object analysis needs complete Ensembl-to-symbol map	promote_to_primary_dentate_activity_maturation_validation	PROX1+CTIP2+ dentate granule neurons split by mature/immature, activity state, and 1hr/4hr timepoint	GSM6603695	matureactive, 1hr, X043019_59	mature	active	1hr	matureactive	dentate granule cell	F	60			
GSE214309	X043019_60	mouse	dentate_gyrus	snRNA-seq	mature_active_1hr								True	Ensembl gene IDs in rows; marker genes currently resolved by feature-alias lookup; full object analysis needs complete Ensembl-to-symbol map	promote_to_primary_dentate_activity_maturation_validation	PROX1+CTIP2+ dentate granule neurons split by mature/immature, activity state, and 1hr/4hr timepoint	GSM6603696	matureactive, 1hr, X043019_60	mature	active	1hr	matureactive	dentate granule cell	F	60			
GSE214309	X043019_62	mouse	dentate_gyrus	snRNA-seq	mature_active_1hr								True	Ensembl gene IDs in rows; marker genes currently resolved by feature-alias lookup; full object analysis needs complete Ensembl-to-symbol map	promote_to_primary_dentate_activity_maturation_validation	PROX1+CTIP2+ dentate granule neurons split by mature/immature, activity state, and 1hr/4hr timepoint	GSM6603697	matureactive, 1hr, X043019_62	mature	active	1hr	matureactive	dentate granule cell	F	66			
GSE214309	X043019_63	mouse	dentate_gyrus	snRNA-seq	mature_active_1hr								True	Ensembl gene IDs in rows; marker genes currently resolved by feature-alias lookup; full object analysis needs complete Ensembl-to-symbol map	promote_to_primary_dentate_activity_maturation_validation	PROX1+CTIP2+ dentate granule neurons split by mature/immature, activity state, and 1hr/4hr timepoint	GSM6603698	matureactive, 1hr, X043019_63	mature	active	1hr	matureactive	dentate granule cell	F	66			
GSE214309	X043019_65	mouse	dentate_gyrus	snRNA-seq	mature_active_1hr								True	Ensembl gene IDs in rows; marker genes currently resolved by feature-alias lookup; full object analysis needs complete Ensembl-to-symbol map	promote_to_primary_dentate_activity_maturation_validation	PROX1+CTIP2+ dentate granule neurons split by mature/immature, activity state, and 1hr/4hr timepoint	GSM6603699	matureactive, 1hr, X043019_65	mature	active	1hr	matureactive	dentate granule cell	F	66			
GSE214309	X043019_67	mouse	dentate_gyrus	snRNA-seq	mature_active_1hr								True	Ensembl gene IDs in rows; marker genes currently resolved by feature-alias lookup; full object analysis needs complete Ensembl-to-symbol map	promote_to_primary_dentate_activity_maturation_validation	PROX1+CTIP2+ dentate granule neurons split by mature/immature, activity state, and 1hr/4hr timepoint	GSM6603700	matureactive, 1hr, X043019_67	mature	active	1hr	matureactive	dentate granule cell	M	69			
GSE214309	X043019_69	mouse	dentate_gyrus	snRNA-seq	mature_active_1hr								True	Ensembl gene IDs in rows; marker genes currently resolved by feature-alias lookup; full object analysis needs complete Ensembl-to-symbol map	promote_to_primary_dentate_activity_maturation_validation	PROX1+CTIP2+ dentate granule neurons split by mature/immature, activity state, and 1hr/4hr timepoint	GSM6603701	matureactive, 1hr, X043019_69	mature	active	1hr	matureactive	dentate granule cell	M	69			
GSE214309	X043019_70	mouse	dentate_gyrus	snRNA-seq	mature_active_1hr								True	Ensembl gene IDs in rows; marker genes currently resolved by feature-alias lookup; full object analysis needs complete Ensembl-to-symbol map	promote_to_primary_dentate_activity_maturation_validation	PROX1+CTIP2+ dentate granule neurons split by mature/immature, activity state, and 1hr/4hr timepoint	GSM6603702	matureactive, 1hr, X043019_70	mature	active	1hr	matureactive	dentate granule cell	M	69			
GSE214309	X043019_71	mouse	dentate_gyrus	snRNA-seq	mature_active_1hr								True	Ensembl gene IDs in rows; marker genes currently resolved by feature-alias lookup; full object analysis needs complete Ensembl-to-symbol map	promote_to_primary_dentate_activity_maturation_validation	PROX1+CTIP2+ dentate granule neurons split by mature/immature, activity state, and 1hr/4hr timepoint	GSM6603703	matureactive, 1hr, X043019_71	mature	active	1hr	matureactive	dentate granule cell	M	69			
GSE214309	X043019_73	mouse	dentate_gyrus	snRNA-seq	immature_inactive_or_unsorted_1hr								True	Ensembl gene IDs in rows; marker genes currently resolved by feature-alias lookup; full object analysis needs complete Ensembl-to-symbol map	promote_to_primary_dentate_activity_maturation_validation	PROX1+CTIP2+ dentate granule neurons split by mature/immature, activity state, and 1hr/4hr timepoint	GSM6603704	immature, 1hr, X043019_73	immature	inactive_or_unsorted	1hr	immature	dentate granule cell	F	60			
GSE214309	X043019_74	mouse	dentate_gyrus	snRNA-seq	immature_inactive_or_unsorted_1hr								True	Ensembl gene IDs in rows; marker genes currently resolved by feature-alias lookup; full object analysis needs complete Ensembl-to-symbol map	promote_to_primary_dentate_activity_maturation_validation	PROX1+CTIP2+ dentate granule neurons split by mature/immature, activity state, and 1hr/4hr timepoint	GSM6603705	immature, 1hr, X043019_74	immature	inactive_or_unsorted	1hr	immature	dentate granule cell	F	60			
GSE214309	X043019_75	mouse	dentate_gyrus	snRNA-seq	immature_inactive_or_unsorted_1hr								True	Ensembl gene IDs in rows; marker genes currently resolved by feature-alias lookup; full object analysis needs complete Ensembl-to-symbol map	promote_to_primary_dentate_activity_maturation_validation	PROX1+CTIP2+ dentate granule neurons split by mature/immature, activity state, and 1hr/4hr timepoint	GSM6603706	immature, 1hr, X043019_75	immature	inactive_or_unsorted	1hr	immature	dentate granule cell	F	60			
GSE214309	X043019_76	mouse	dentate_gyrus	snRNA-seq	immature_inactive_or_unsorted_1hr								True	Ensembl gene IDs in rows; marker genes currently resolved by feature-alias lookup; full object analysis needs complete Ensembl-to-symbol map	promote_to_primary_dentate_activity_maturation_validation	PROX1+CTIP2+ dentate granule neurons split by mature/immature, activity state, and 1hr/4hr timepoint	GSM6603707	immature, 1hr, X043019_76	immature	inactive_or_unsorted	1hr	immature	dentate granule cell	F	60			
GSE214309	X043019_77	mouse	dentate_gyrus	snRNA-seq	immature_inactive_or_unsorted_1hr								True	Ensembl gene IDs in rows; marker genes currently resolved by feature-alias lookup; full object analysis needs complete Ensembl-to-symbol map	promote_to_primary_dentate_activity_maturation_validation	PROX1+CTIP2+ dentate granule neurons split by mature/immature, activity state, and 1hr/4hr timepoint	GSM6603708	immature, 1hr, X043019_77	immature	inactive_or_unsorted	1hr	immature	dentate granule cell	F	60			
GSE214309	X043019_78	mouse	dentate_gyrus	snRNA-seq	immature_inactive_or_unsorted_1hr								True	Ensembl gene IDs in rows; marker genes currently resolved by feature-alias lookup; full object analysis needs complete Ensembl-to-symbol map	promote_to_primary_dentate_activity_maturation_validation	PROX1+CTIP2+ dentate granule neurons split by mature/immature, activity state, and 1hr/4hr timepoint	GSM6603709	immature, 1hr, X043019_78	immature	inactive_or_unsorted	1hr	immature	dentate granule cell	F	60			
GSE214309	X043019_79	mouse	dentate_gyrus	snRNA-seq	immature_inactive_or_unsorted_1hr								True	Ensembl gene IDs in rows; marker genes currently resolved by feature-alias lookup; full object analysis needs complete Ensembl-to-symbol map	promote_to_primary_dentate_activity_maturation_validation	PROX1+CTIP2+ dentate granule neurons split by mature/immature, activity state, and 1hr/4hr timepoint	GSM6603710	immature, 1hr, X043019_79	immature	inactive_or_unsorted	1hr	immature	dentate granule cell	F	66			
GSE214309	X043019_80	mouse	dentate_gyrus	snRNA-seq	immature_inactive_or_unsorted_1hr								True	Ensembl gene IDs in rows; marker genes currently resolved by feature-alias lookup; full object analysis needs complete Ensembl-to-symbol map	promote_to_primary_dentate_activity_maturation_validation	PROX1+CTIP2+ dentate granule neurons split by mature/immature, activity state, and 1hr/4hr timepoint	GSM6603711	immature, 1hr, X043019_80	immature	inactive_or_unsorted	1hr	immature	dentate granule cell	F	66			
GSE214309	X043019_81	mouse	dentate_gyrus	snRNA-seq	immature_inactive_or_unsorted_1hr								True	Ensembl gene IDs in rows; marker genes currently resolved by feature-alias lookup; full object analysis needs complete Ensembl-to-symbol map	promote_to_primary_dentate_activity_maturation_validation	PROX1+CTIP2+ dentate granule neurons split by mature/immature, activity state, and 1hr/4hr timepoint	GSM6603712	immature, 1hr, X043019_81	immature	inactive_or_unsorted	1hr	immature	dentate granule cell	F	66			
GSE214309	X043019_82	mouse	dentate_gyrus	snRNA-seq	immature_inactive_or_unsorted_1hr								True	Ensembl gene IDs in rows; marker genes currently resolved by feature-alias lookup; full object analysis needs complete Ensembl-to-symbol map	promote_to_primary_dentate_activity_maturation_validation	PROX1+CTIP2+ dentate granule neurons split by mature/immature, activity state, and 1hr/4hr timepoint	GSM6603713	immature, 1hr, X043019_82	immature	inactive_or_unsorted	1hr	immature	dentate granule cell	F	66			
GSE214309	X043019_84	mouse	dentate_gyrus	snRNA-seq	immature_inactive_or_unsorted_1hr								True	Ensembl gene IDs in rows; marker genes currently resolved by feature-alias lookup; full object analysis needs complete Ensembl-to-symbol map	promote_to_primary_dentate_activity_maturation_validation	PROX1+CTIP2+ dentate granule neurons split by mature/immature, activity state, and 1hr/4hr timepoint	GSM6603714	immature, 1hr, X043019_84	immature	inactive_or_unsorted	1hr	immature	dentate granule cell	F	66			
GSE214309	X043019_85	mouse	dentate_gyrus	snRNA-seq	immature_inactive_or_unsorted_1hr								True	Ensembl gene IDs in rows; marker genes currently resolved by feature-alias lookup; full object analysis needs complete Ensembl-to-symbol map	promote_to_primary_dentate_activity_maturation_validation	PROX1+CTIP2+ dentate granule neurons split by mature/immature, activity state, and 1hr/4hr timepoint	GSM6603715	immature, 1hr, X043019_85	immature	inactive_or_unsorted	1hr	immature	dentate granule cell	M	69			
GSE214309	X043019_86	mouse	dentate_gyrus	snRNA-seq	immature_inactive_or_unsorted_1hr								True	Ensembl gene IDs in rows; marker genes currently resolved by feature-alias lookup; full object analysis needs complete Ensembl-to-symbol map	promote_to_primary_dentate_activity_maturation_validation	PROX1+CTIP2+ dentate granule neurons split by mature/immature, activity state, and 1hr/4hr timepoint	GSM6603716	immature, 1hr, X043019_86	immature	inactive_or_unsorted	1hr	immature	dentate granule cell	M	69			
GSE214309	X043019_87	mouse	dentate_gyrus	snRNA-seq	immature_inactive_or_unsorted_1hr								True	Ensembl gene IDs in rows; marker genes currently resolved by feature-alias lookup; full object analysis needs complete Ensembl-to-symbol map	promote_to_primary_dentate_activity_maturation_validation	PROX1+CTIP2+ dentate granule neurons split by mature/immature, activity state, and 1hr/4hr timepoint	GSM6603717	immature, 1hr, X043019_87	immature	inactive_or_unsorted	1hr	immature	dentate granule cell	M	69			
GSE214309	X043019_88	mouse	dentate_gyrus	snRNA-seq	immature_inactive_or_unsorted_1hr								True	Ensembl gene IDs in rows; marker genes currently resolved by feature-alias lookup; full object analysis needs complete Ensembl-to-symbol map	promote_to_primary_dentate_activity_maturation_validation	PROX1+CTIP2+ dentate granule neurons split by mature/immature, activity state, and 1hr/4hr timepoint	GSM6603718	immature, 1hr, X043019_88	immature	inactive_or_unsorted	1hr	immature	dentate granule cell	M	69			
GSE214309	X043019_89	mouse	dentate_gyrus	snRNA-seq	immature_inactive_or_unsorted_1hr								True	Ensembl gene IDs in rows; marker genes currently resolved by feature-alias lookup; full object analysis needs complete Ensembl-to-symbol map	promote_to_primary_dentate_activity_maturation_validation	PROX1+CTIP2+ dentate granule neurons split by mature/immature, activity state, and 1hr/4hr timepoint	GSM6603719	immature, 1hr, X043019_89	immature	inactive_or_unsorted	1hr	immature	dentate granule cell	M	69			
GSE214309	X043019_90	mouse	dentate_gyrus	snRNA-seq	immature_inactive_or_unsorted_1hr								True	Ensembl gene IDs in rows; marker genes currently resolved by feature-alias lookup; full object analysis needs complete Ensembl-to-symbol map	promote_to_primary_dentate_activity_maturation_validation	PROX1+CTIP2+ dentate granule neurons split by mature/immature, activity state, and 1hr/4hr timepoint	GSM6603720	immature, 1hr, X043019_90	immature	inactive_or_unsorted	1hr	immature	dentate granule cell	M	69			
GSE214309	X043019_91	mouse	dentate_gyrus	snRNA-seq	immature_inactive_or_unsorted_1hr								True	Ensembl gene IDs in rows; marker genes currently resolved by feature-alias lookup; full object analysis needs complete Ensembl-to-symbol map	promote_to_primary_dentate_activity_maturation_validation	PROX1+CTIP2+ dentate granule neurons split by mature/immature, activity state, and 1hr/4hr timepoint	GSM6603721	immature, 1hr, X043019_91	immature	inactive_or_unsorted	1hr	immature	dentate granule cell	F	60			
GSE214309	X043019_92	mouse	dentate_gyrus	snRNA-seq	immature_inactive_or_unsorted_1hr								True	Ensembl gene IDs in rows; marker genes currently resolved by feature-alias lookup; full object analysis needs complete Ensembl-to-symbol map	promote_to_primary_dentate_activity_maturation_validation	PROX1+CTIP2+ dentate granule neurons split by mature/immature, activity state, and 1hr/4hr timepoint	GSM6603722	immature, 1hr, X043019_92	immature	inactive_or_unsorted	1hr	immature	dentate granule cell	F	60			
GSE214309	X043019_93	mouse	dentate_gyrus	snRNA-seq	immature_inactive_or_unsorted_1hr								True	Ensembl gene IDs in rows; marker genes currently resolved by feature-alias lookup; full object analysis needs complete Ensembl-to-symbol map	promote_to_primary_dentate_activity_maturation_validation	PROX1+CTIP2+ dentate granule neurons split by mature/immature, activity state, and 1hr/4hr timepoint	GSM6603723	immature, 1hr, X043019_93	immature	inactive_or_unsorted	1hr	immature	dentate granule cell	F	60			
GSE214309	X043019_94	mouse	dentate_gyrus	snRNA-seq	immature_inactive_or_unsorted_1hr								True	Ensembl gene IDs in rows; marker genes currently resolved by feature-alias lookup; full object analysis needs complete Ensembl-to-symbol map	promote_to_primary_dentate_activity_maturation_validation	PROX1+CTIP2+ dentate granule neurons split by mature/immature, activity state, and 1hr/4hr timepoint	GSM6603724	immature, 1hr, X043019_94	immature	inactive_or_unsorted	1hr	immature	dentate granule cell	F	60			
GSE214309	X043019_96	mouse	dentate_gyrus	snRNA-seq	immature_inactive_or_unsorted_1hr								True	Ensembl gene IDs in rows; marker genes currently resolved by feature-alias lookup; full object analysis needs complete Ensembl-to-symbol map	promote_to_primary_dentate_activity_maturation_validation	PROX1+CTIP2+ dentate granule neurons split by mature/immature, activity state, and 1hr/4hr timepoint	GSM6603725	immature, 1hr, X043019_96	immature	inactive_or_unsorted	1hr	immature	dentate granule cell	F	60			
GSE214309	X043019_97	mouse	dentate_gyrus	snRNA-seq	immature_inactive_or_unsorted_1hr								True	Ensembl gene IDs in rows; marker genes currently resolved by feature-alias lookup; full object analysis needs complete Ensembl-to-symbol map	promote_to_primary_dentate_activity_maturation_validation	PROX1+CTIP2+ dentate granule neurons split by mature/immature, activity state, and 1hr/4hr timepoint	GSM6603726	immature, 1hr, X043019_97	immature	inactive_or_unsorted	1hr	immature	dentate granule cell	F	66			
GSE214309	X043019_98	mouse	dentate_gyrus	snRNA-seq	immature_inactive_or_unsorted_1hr								True	Ensembl gene IDs in rows; marker genes currently resolved by feature-alias lookup; full object analysis needs complete Ensembl-to-symbol map	promote_to_primary_dentate_activity_maturation_validation	PROX1+CTIP2+ dentate granule neurons split by mature/immature, activity state, and 1hr/4hr timepoint	GSM6603727	immature, 1hr, X043019_98	immature	inactive_or_unsorted	1hr	immature	dentate granule cell	F	66			
GSE214309	X043019_99	mouse	dentate_gyrus	snRNA-seq	immature_inactive_or_unsorted_1hr								True	Ensembl gene IDs in rows; marker genes currently resolved by feature-alias lookup; full object analysis needs complete Ensembl-to-symbol map	promote_to_primary_dentate_activity_maturation_validation	PROX1+CTIP2+ dentate granule neurons split by mature/immature, activity state, and 1hr/4hr timepoint	GSM6603728	immature, 1hr, X043019_99	immature	inactive_or_unsorted	1hr	immature	dentate granule cell	F	66			
GSE214309	X100119_01	mouse	dentate_gyrus	snRNA-seq	mature_inactive_or_unsorted_4hr								True	Ensembl gene IDs in rows; marker genes currently resolved by feature-alias lookup; full object analysis needs complete Ensembl-to-symbol map	promote_to_primary_dentate_activity_maturation_validation	PROX1+CTIP2+ dentate granule neurons split by mature/immature, activity state, and 1hr/4hr timepoint	GSM6603729	mature, 4hr, X100119_01	mature	inactive_or_unsorted	4hr	mature	dentate granule cell	M	103			
GSE214309	X100119_02	mouse	dentate_gyrus	snRNA-seq	mature_inactive_or_unsorted_4hr								True	Ensembl gene IDs in rows; marker genes currently resolved by feature-alias lookup; full object analysis needs complete Ensembl-to-symbol map	promote_to_primary_dentate_activity_maturation_validation	PROX1+CTIP2+ dentate granule neurons split by mature/immature, activity state, and 1hr/4hr timepoint	GSM6603730	mature, 4hr, X100119_02	mature	inactive_or_unsorted	4hr	mature	dentate granule cell	M	103			
GSE214309	X100119_03	mouse	dentate_gyrus	snRNA-seq	mature_inactive_or_unsorted_4hr								True	Ensembl gene IDs in rows; marker genes currently resolved by feature-alias lookup; full object analysis needs complete Ensembl-to-symbol map	promote_to_primary_dentate_activity_maturation_validation	PROX1+CTIP2+ dentate granule neurons split by mature/immature, activity state, and 1hr/4hr timepoint	GSM6603731	mature, 4hr, X100119_03	mature	inactive_or_unsorted	4hr	mature	dentate granule cell	M	103			
GSE214309	X100119_04	mouse	dentate_gyrus	snRNA-seq	mature_inactive_or_unsorted_4hr								True	Ensembl gene IDs in rows; marker genes currently resolved by feature-alias lookup; full object analysis needs complete Ensembl-to-symbol map	promote_to_primary_dentate_activity_maturation_validation	PROX1+CTIP2+ dentate granule neurons split by mature/immature, activity state, and 1hr/4hr timepoint	GSM6603732	mature, 4hr, X100119_04	mature	inactive_or_unsorted	4hr	mature	dentate granule cell	M	103			
GSE214309	X100119_05	mouse	dentate_gyrus	snRNA-seq	mature_inactive_or_unsorted_4hr								True	Ensembl gene IDs in rows; marker genes currently resolved by feature-alias lookup; full object analysis needs complete Ensembl-to-symbol map	promote_to_primary_dentate_activity_maturation_validation	PROX1+CTIP2+ dentate granule neurons split by mature/immature, activity state, and 1hr/4hr timepoint	GSM6603733	mature, 4hr, X100119_05	mature	inactive_or_unsorted	4hr	mature	dentate granule cell	M	103			
GSE214309	X100119_06	mouse	dentate_gyrus	snRNA-seq	mature_inactive_or_unsorted_4hr								True	Ensembl gene IDs in rows; marker genes currently resolved by feature-alias lookup; full object analysis needs complete Ensembl-to-symbol map	promote_to_primary_dentate_activity_maturation_validation	PROX1+CTIP2+ dentate granule neurons split by mature/immature, activity state, and 1hr/4hr timepoint	GSM6603734	mature, 4hr, X100119_06	mature	inactive_or_unsorted	4hr	mature	dentate granule cell	M	103			
GSE214309	X100119_07	mouse	dentate_gyrus	snRNA-seq	mature_inactive_or_unsorted_4hr								True	Ensembl gene IDs in rows; marker genes currently resolved by feature-alias lookup; full object analysis needs complete Ensembl-to-symbol map	promote_to_primary_dentate_activity_maturation_validation	PROX1+CTIP2+ dentate granule neurons split by mature/immature, activity state, and 1hr/4hr timepoint	GSM6603735	mature, 4hr, X100119_07	mature	inactive_or_unsorted	4hr	mature	dentate granule cell	M	110			
GSE214309	X100119_08	mouse	dentate_gyrus	snRNA-seq	mature_inactive_or_unsorted_4hr								True	Ensembl gene IDs in rows; marker genes currently resolved by feature-alias lookup; full object analysis needs complete Ensembl-to-symbol map	promote_to_primary_dentate_activity_maturation_validation	PROX1+CTIP2+ dentate granule neurons split by mature/immature, activity state, and 1hr/4hr timepoint	GSM6603736	mature, 4hr, X100119_08	mature	inactive_or_unsorted	4hr	mature	dentate granule cell	M	110			
GSE214309	X100119_09	mouse	dentate_gyrus	snRNA-seq	mature_inactive_or_unsorted_4hr								True	Ensembl gene IDs in rows; marker genes currently resolved by feature-alias lookup; full object analysis needs complete Ensembl-to-symbol map	promote_to_primary_dentate_activity_maturation_validation	PROX1+CTIP2+ dentate granule neurons split by mature/immature, activity state, and 1hr/4hr timepoint	GSM6603737	mature, 4hr, X100119_09	mature	inactive_or_unsorted	4hr	mature	dentate granule cell	M	110			
GSE214309	X100119_10	mouse	dentate_gyrus	snRNA-seq	mature_inactive_or_unsorted_4hr								True	Ensembl gene IDs in rows; marker genes currently resolved by feature-alias lookup; full object analysis needs complete Ensembl-to-symbol map	promote_to_primary_dentate_activity_maturation_validation	PROX1+CTIP2+ dentate granule neurons split by mature/immature, activity state, and 1hr/4hr timepoint	GSM6603738	mature, 4hr, X100119_10	mature	inactive_or_unsorted	4hr	mature	dentate granule cell	M	110			
GSE214309	X100119_103	mouse	dentate_gyrus	snRNA-seq	mature_active_4hr								True	Ensembl gene IDs in rows; marker genes currently resolved by feature-alias lookup; full object analysis needs complete Ensembl-to-symbol map	promote_to_primary_dentate_activity_maturation_validation	PROX1+CTIP2+ dentate granule neurons split by mature/immature, activity state, and 1hr/4hr timepoint	GSM6603739	matureactive, 4hr, X100119_103	mature	active	4hr	matureactive	dentate granule cell	M	123			
GSE214309	X100119_104	mouse	dentate_gyrus	snRNA-seq	mature_active_4hr								True	Ensembl gene IDs in rows; marker genes currently resolved by feature-alias lookup; full object analysis needs complete Ensembl-to-symbol map	promote_to_primary_dentate_activity_maturation_validation	PROX1+CTIP2+ dentate granule neurons split by mature/immature, activity state, and 1hr/4hr timepoint	GSM6603740	matureactive, 4hr, X100119_104	mature	active	4hr	matureactive	dentate granule cell	M	123			
GSE214309	X100119_11	mouse	dentate_gyrus	snRNA-seq	mature_inactive_or_unsorted_4hr								True	Ensembl gene IDs in rows; marker genes currently resolved by feature-alias lookup; full object analysis needs complete Ensembl-to-symbol map	promote_to_primary_dentate_activity_maturation_validation	PROX1+CTIP2+ dentate granule neurons split by mature/immature, activity state, and 1hr/4hr timepoint	GSM6603741	mature, 4hr, X100119_11	mature	inactive_or_unsorted	4hr	mature	dentate granule cell	M	110			
GSE214309	X100119_110	mouse	dentate_gyrus	snRNA-seq	mature_inactive_or_unsorted_4hr								True	Ensembl gene IDs in rows; marker genes currently resolved by feature-alias lookup; full object analysis needs complete Ensembl-to-symbol map	promote_to_primary_dentate_activity_maturation_validation	PROX1+CTIP2+ dentate granule neurons split by mature/immature, activity state, and 1hr/4hr timepoint	GSM6603742	mature, 4hr, X100119_110	mature	inactive_or_unsorted	4hr	mature	dentate granule cell	F	121			
GSE214309	X100119_113	mouse	dentate_gyrus	snRNA-seq	immature_active_4hr								True	Ensembl gene IDs in rows; marker genes currently resolved by feature-alias lookup; full object analysis needs complete Ensembl-to-symbol map	promote_to_primary_dentate_activity_maturation_validation	PROX1+CTIP2+ dentate granule neurons split by mature/immature, activity state, and 1hr/4hr timepoint	GSM6603743	immatureactive, 4hr, X100119_113	immature	active	4hr	immatureactive	dentate granule cell	M	110			
GSE214309	X100119_115	mouse	dentate_gyrus	snRNA-seq	immature_active_4hr								True	Ensembl gene IDs in rows; marker genes currently resolved by feature-alias lookup; full object analysis needs complete Ensembl-to-symbol map	promote_to_primary_dentate_activity_maturation_validation	PROX1+CTIP2+ dentate granule neurons split by mature/immature, activity state, and 1hr/4hr timepoint	GSM6603744	immatureactive, 4hr, X100119_115	immature	active	4hr	immatureactive	dentate granule cell	M	110			
GSE214309	X100119_117	mouse	dentate_gyrus	snRNA-seq	immature_active_4hr								True	Ensembl gene IDs in rows; marker genes currently resolved by feature-alias lookup; full object analysis needs complete Ensembl-to-symbol map	promote_to_primary_dentate_activity_maturation_validation	PROX1+CTIP2+ dentate granule neurons split by mature/immature, activity state, and 1hr/4hr timepoint	GSM6603745	immatureactive, 4hr, X100119_117	immature	active	4hr	immatureactive	dentate granule cell	F	121			
GSE214309	X100119_12	mouse	dentate_gyrus	snRNA-seq	mature_inactive_or_unsorted_4hr								True	Ensembl gene IDs in rows; marker genes currently resolved by feature-alias lookup; full object analysis needs complete Ensembl-to-symbol map	promote_to_primary_dentate_activity_maturation_validation	PROX1+CTIP2+ dentate granule neurons split by mature/immature, activity state, and 1hr/4hr timepoint	GSM6603746	mature, 4hr, X100119_12	mature	inactive_or_unsorted	4hr	mature	dentate granule cell	M	110			
GSE214309	X100119_121	mouse	dentate_gyrus	snRNA-seq	mature_inactive_or_unsorted_4hr								True	Ensembl gene IDs in rows; marker genes currently resolved by feature-alias lookup; full object analysis needs complete Ensembl-to-symbol map	promote_to_primary_dentate_activity_maturation_validation	PROX1+CTIP2+ dentate granule neurons split by mature/immature, activity state, and 1hr/4hr timepoint	GSM6603747	mature, 4hr, X100119_121	mature	inactive_or_unsorted	4hr	mature	dentate granule cell	M	106			
GSE214309	X100119_122	mouse	dentate_gyrus	snRNA-seq	mature_inactive_or_unsorted_4hr								True	Ensembl gene IDs in rows; marker genes currently resolved by feature-alias lookup; full object analysis needs complete Ensembl-to-symbol map	promote_to_primary_dentate_activity_maturation_validation	PROX1+CTIP2+ dentate granule neurons split by mature/immature, activity state, and 1hr/4hr timepoint	GSM6603748	mature, 4hr, X100119_122	mature	inactive_or_unsorted	4hr	mature	dentate granule cell	M	106			
GSE214309	X100119_124	mouse	dentate_gyrus	snRNA-seq	mature_inactive_or_unsorted_4hr								True	Ensembl gene IDs in rows; marker genes currently resolved by feature-alias lookup; full object analysis needs complete Ensembl-to-symbol map	promote_to_primary_dentate_activity_maturation_validation	PROX1+CTIP2+ dentate granule neurons split by mature/immature, activity state, and 1hr/4hr timepoint	GSM6603749	mature, 4hr, X100119_124	mature	inactive_or_unsorted	4hr	mature	dentate granule cell	M	106			
GSE214309	X100119_125	mouse	dentate_gyrus	snRNA-seq	mature_inactive_or_unsorted_4hr								True	Ensembl gene IDs in rows; marker genes currently resolved by feature-alias lookup; full object analysis needs complete Ensembl-to-symbol map	promote_to_primary_dentate_activity_maturation_validation	PROX1+CTIP2+ dentate granule neurons split by mature/immature, activity state, and 1hr/4hr timepoint	GSM6603750	mature, 4hr, X100119_125	mature	inactive_or_unsorted	4hr	mature	dentate granule cell	M	106			
GSE214309	X100119_128	mouse	dentate_gyrus	snRNA-seq	mature_inactive_or_unsorted_4hr								True	Ensembl gene IDs in rows; marker genes currently resolved by feature-alias lookup; full object analysis needs complete Ensembl-to-symbol map	promote_to_primary_dentate_activity_maturation_validation	PROX1+CTIP2+ dentate granule neurons split by mature/immature, activity state, and 1hr/4hr timepoint	GSM6603751	mature, 4hr, X100119_128	mature	inactive_or_unsorted	4hr	mature	dentate granule cell	M	113			
GSE214309	X100119_130	mouse	dentate_gyrus	snRNA-seq	mature_inactive_or_unsorted_4hr								True	Ensembl gene IDs in rows; marker genes currently resolved by feature-alias lookup; full object analysis needs complete Ensembl-to-symbol map	promote_to_primary_dentate_activity_maturation_validation	PROX1+CTIP2+ dentate granule neurons split by mature/immature, activity state, and 1hr/4hr timepoint	GSM6603752	mature, 4hr, X100119_130	mature	inactive_or_unsorted	4hr	mature	dentate granule cell	M	113			
GSE214309	X100119_131	mouse	dentate_gyrus	snRNA-seq	mature_inactive_or_unsorted_4hr								True	Ensembl gene IDs in rows; marker genes currently resolved by feature-alias lookup; full object analysis needs complete Ensembl-to-symbol map	promote_to_primary_dentate_activity_maturation_validation	PROX1+CTIP2+ dentate granule neurons split by mature/immature, activity state, and 1hr/4hr timepoint	GSM6603753	mature, 4hr, X100119_131	mature	inactive_or_unsorted	4hr	mature	dentate granule cell	M	113			
GSE214309	X100119_133	mouse	dentate_gyrus	snRNA-seq	immature_inactive_or_unsorted_4hr								True	Ensembl gene IDs in rows; marker genes currently resolved by feature-alias lookup; full object analysis needs complete Ensembl-to-symbol map	promote_to_primary_dentate_activity_maturation_validation	PROX1+CTIP2+ dentate granule neurons split by mature/immature, activity state, and 1hr/4hr timepoint	GSM6603754	immature, 4hr, X100119_133	immature	inactive_or_unsorted	4hr	immature	dentate granule cell	M	123			
GSE214309	X100119_134	mouse	dentate_gyrus	snRNA-seq	immature_inactive_or_unsorted_4hr								True	Ensembl gene IDs in rows; marker genes currently resolved by feature-alias lookup; full object analysis needs complete Ensembl-to-symbol map	promote_to_primary_dentate_activity_maturation_validation	PROX1+CTIP2+ dentate granule neurons split by mature/immature, activity state, and 1hr/4hr timepoint	GSM6603755	immature, 4hr, X100119_134	immature	inactive_or_unsorted	4hr	immature	dentate granule cell	M	123			
GSE214309	X100119_137	mouse	dentate_gyrus	snRNA-seq	mature_active_4hr								True	Ensembl gene IDs in rows; marker genes currently resolved by feature-alias lookup; full object analysis needs complete Ensembl-to-symbol map	promote_to_primary_dentate_activity_maturation_validation	PROX1+CTIP2+ dentate granule neurons split by mature/immature, activity state, and 1hr/4hr timepoint	GSM6603756	matureactive, 4hr, X100119_137	mature	active	4hr	matureactive	dentate granule cell	M	106			
GSE214309	X100119_138	mouse	dentate_gyrus	snRNA-seq	mature_active_4hr								True	Ensembl gene IDs in rows; marker genes currently resolved by feature-alias lookup; full object analysis needs complete Ensembl-to-symbol map	promote_to_primary_dentate_activity_maturation_validation	PROX1+CTIP2+ dentate granule neurons split by mature/immature, activity state, and 1hr/4hr timepoint	GSM6603757	matureactive, 4hr, X100119_138	mature	active	4hr	matureactive	dentate granule cell	M	106			
GSE214309	X100119_142	mouse	dentate_gyrus	snRNA-seq	mature_active_4hr								True	Ensembl gene IDs in rows; marker genes currently resolved by feature-alias lookup; full object analysis needs complete Ensembl-to-symbol map	promote_to_primary_dentate_activity_maturation_validation	PROX1+CTIP2+ dentate granule neurons split by mature/immature, activity state, and 1hr/4hr timepoint	GSM6603758	matureactive, 4hr, X100119_142	mature	active	4hr	matureactive	dentate granule cell	M	113			
GSE214309	X100119_145	mouse	dentate_gyrus	snRNA-seq	mature_active_4hr								True	Ensembl gene IDs in rows; marker genes currently resolved by feature-alias lookup; full object analysis needs complete Ensembl-to-symbol map	promote_to_primary_dentate_activity_maturation_validation	PROX1+CTIP2+ dentate granule neurons split by mature/immature, activity state, and 1hr/4hr timepoint	GSM6603759	matureactive, 4hr, X100119_145	mature	active	4hr	matureactive	dentate granule cell	M	113			
GSE214309	X100119_149	mouse	dentate_gyrus	snRNA-seq	immature_inactive_or_unsorted_4hr								True	Ensembl gene IDs in rows; marker genes currently resolved by feature-alias lookup; full object analysis needs complete Ensembl-to-symbol map	promote_to_primary_dentate_activity_maturation_validation	PROX1+CTIP2+ dentate granule neurons split by mature/immature, activity state, and 1hr/4hr timepoint	GSM6603760	immature, 4hr, X100119_149	immature	inactive_or_unsorted	4hr	immature	dentate granule cell	M	123			
GSE214309	X100119_152	mouse	dentate_gyrus	snRNA-seq	mature_active_4hr								True	Ensembl gene IDs in rows; marker genes currently resolved by feature-alias lookup; full object analysis needs complete Ensembl-to-symbol map	promote_to_primary_dentate_activity_maturation_validation	PROX1+CTIP2+ dentate granule neurons split by mature/immature, activity state, and 1hr/4hr timepoint	GSM6603761	matureactive, 4hr, X100119_152	mature	active	4hr	matureactive	dentate granule cell	M	106			
GSE214309	X100119_154	mouse	dentate_gyrus	snRNA-seq	mature_active_4hr								True	Ensembl gene IDs in rows; marker genes currently resolved by feature-alias lookup; full object analysis needs complete Ensembl-to-symbol map	promote_to_primary_dentate_activity_maturation_validation	PROX1+CTIP2+ dentate granule neurons split by mature/immature, activity state, and 1hr/4hr timepoint	GSM6603762	matureactive, 4hr, X100119_154	mature	active	4hr	matureactive	dentate granule cell	M	106			
GSE214309	X100119_155	mouse	dentate_gyrus	snRNA-seq	mature_active_4hr								True	Ensembl gene IDs in rows; marker genes currently resolved by feature-alias lookup; full object analysis needs complete Ensembl-to-symbol map	promote_to_primary_dentate_activity_maturation_validation	PROX1+CTIP2+ dentate granule neurons split by mature/immature, activity state, and 1hr/4hr timepoint	GSM6603763	matureactive, 4hr, X100119_155	mature	active	4hr	matureactive	dentate granule cell	M	106			
GSE214309	X100119_156	mouse	dentate_gyrus	snRNA-seq	mature_active_4hr								True	Ensembl gene IDs in rows; marker genes currently resolved by feature-alias lookup; full object analysis needs complete Ensembl-to-symbol map	promote_to_primary_dentate_activity_maturation_validation	PROX1+CTIP2+ dentate granule neurons split by mature/immature, activity state, and 1hr/4hr timepoint	GSM6603764	matureactive, 4hr, X100119_156	mature	active	4hr	matureactive	dentate granule cell	M	106			
GSE214309	X100119_157	mouse	dentate_gyrus	snRNA-seq	mature_active_4hr								True	Ensembl gene IDs in rows; marker genes currently resolved by feature-alias lookup; full object analysis needs complete Ensembl-to-symbol map	promote_to_primary_dentate_activity_maturation_validation	PROX1+CTIP2+ dentate granule neurons split by mature/immature, activity state, and 1hr/4hr timepoint	GSM6603765	matureactive, 4hr, X100119_157	mature	active	4hr	matureactive	dentate granule cell	M	113			
GSE214309	X100119_159	mouse	dentate_gyrus	snRNA-seq	mature_active_4hr								True	Ensembl gene IDs in rows; marker genes currently resolved by feature-alias lookup; full object analysis needs complete Ensembl-to-symbol map	promote_to_primary_dentate_activity_maturation_validation	PROX1+CTIP2+ dentate granule neurons split by mature/immature, activity state, and 1hr/4hr timepoint	GSM6603766	matureactive, 4hr, X100119_159	mature	active	4hr	matureactive	dentate granule cell	M	113			
GSE214309	X100119_16	mouse	dentate_gyrus	snRNA-seq	mature_inactive_or_unsorted_4hr								True	Ensembl gene IDs in rows; marker genes currently resolved by feature-alias lookup; full object analysis needs complete Ensembl-to-symbol map	promote_to_primary_dentate_activity_maturation_validation	PROX1+CTIP2+ dentate granule neurons split by mature/immature, activity state, and 1hr/4hr timepoint	GSM6603767	mature, 4hr, X100119_16	mature	inactive_or_unsorted	4hr	mature	dentate granule cell	M	103			
GSE214309	X100119_161	mouse	dentate_gyrus	snRNA-seq	mature_active_4hr								True	Ensembl gene IDs in rows; marker genes currently resolved by feature-alias lookup; full object analysis needs complete Ensembl-to-symbol map	promote_to_primary_dentate_activity_maturation_validation	PROX1+CTIP2+ dentate granule neurons split by mature/immature, activity state, and 1hr/4hr timepoint	GSM6603768	matureactive, 4hr, X100119_161	mature	active	4hr	matureactive	dentate granule cell	M	113			
GSE214309	X100119_165	mouse	dentate_gyrus	snRNA-seq	immature_active_4hr								True	Ensembl gene IDs in rows; marker genes currently resolved by feature-alias lookup; full object analysis needs complete Ensembl-to-symbol map	promote_to_primary_dentate_activity_maturation_validation	PROX1+CTIP2+ dentate granule neurons split by mature/immature, activity state, and 1hr/4hr timepoint	GSM6603769	immatureactive, 4hr, X100119_165	immature	active	4hr	immatureactive	dentate granule cell	F	121			
GSE214309	X100119_166	mouse	dentate_gyrus	snRNA-seq	immature_inactive_or_unsorted_4hr								True	Ensembl gene IDs in rows; marker genes currently resolved by feature-alias lookup; full object analysis needs complete Ensembl-to-symbol map	promote_to_primary_dentate_activity_maturation_validation	PROX1+CTIP2+ dentate granule neurons split by mature/immature, activity state, and 1hr/4hr timepoint	GSM6603770	immature, 4hr, X100119_166	immature	inactive_or_unsorted	4hr	immature	dentate granule cell	M	106			
GSE214309	X100119_167	mouse	dentate_gyrus	snRNA-seq	immature_inactive_or_unsorted_4hr								True	Ensembl gene IDs in rows; marker genes currently resolved by feature-alias lookup; full object analysis needs complete Ensembl-to-symbol map	promote_to_primary_dentate_activity_maturation_validation	PROX1+CTIP2+ dentate granule neurons split by mature/immature, activity state, and 1hr/4hr timepoint	GSM6603771	immature, 4hr, X100119_167	immature	inactive_or_unsorted	4hr	immature	dentate granule cell	M	106			
GSE214309	X100119_176	mouse	dentate_gyrus	snRNA-seq	immature_inactive_or_unsorted_4hr								True	Ensembl gene IDs in rows; marker genes currently resolved by feature-alias lookup; full object analysis needs complete Ensembl-to-symbol map	promote_to_primary_dentate_activity_maturation_validation	PROX1+CTIP2+ dentate granule neurons split by mature/immature, activity state, and 1hr/4hr timepoint	GSM6603772	immature, 4hr, X100119_176	immature	inactive_or_unsorted	4hr	immature	dentate granule cell	M	113			
GSE214309	X100119_177	mouse	dentate_gyrus	snRNA-seq	immature_inactive_or_unsorted_4hr								True	Ensembl gene IDs in rows; marker genes currently resolved by feature-alias lookup; full object analysis needs complete Ensembl-to-symbol map	promote_to_primary_dentate_activity_maturation_validation	PROX1+CTIP2+ dentate granule neurons split by mature/immature, activity state, and 1hr/4hr timepoint	GSM6603773	immature, 4hr, X100119_177	immature	inactive_or_unsorted	4hr	immature	dentate granule cell	M	113			
GSE214309	X100119_179	mouse	dentate_gyrus	snRNA-seq	mature_inactive_or_unsorted_4hr								True	Ensembl gene IDs in rows; marker genes currently resolved by feature-alias lookup; full object analysis needs complete Ensembl-to-symbol map	promote_to_primary_dentate_activity_maturation_validation	PROX1+CTIP2+ dentate granule neurons split by mature/immature, activity state, and 1hr/4hr timepoint	GSM6603774	mature, 4hr, X100119_179	mature	inactive_or_unsorted	4hr	mature	dentate granule cell	M	123			
GSE214309	X100119_18	mouse	dentate_gyrus	snRNA-seq	mature_inactive_or_unsorted_4hr								True	Ensembl gene IDs in rows; marker genes currently resolved by feature-alias lookup; full object analysis needs complete Ensembl-to-symbol map	promote_to_primary_dentate_activity_maturation_validation	PROX1+CTIP2+ dentate granule neurons split by mature/immature, activity state, and 1hr/4hr timepoint	GSM6603775	mature, 4hr, X100119_18	mature	inactive_or_unsorted	4hr	mature	dentate granule cell	M	103			
GSE214309	X100119_182	mouse	dentate_gyrus	snRNA-seq	immature_inactive_or_unsorted_4hr								True	Ensembl gene IDs in rows; marker genes currently resolved by feature-alias lookup; full object analysis needs complete Ensembl-to-symbol map	promote_to_primary_dentate_activity_maturation_validation	PROX1+CTIP2+ dentate granule neurons split by mature/immature, activity state, and 1hr/4hr timepoint	GSM6603776	immature, 4hr, X100119_182	immature	inactive_or_unsorted	4hr	immature	dentate granule cell	M	106			
GSE214309	X100119_184	mouse	dentate_gyrus	snRNA-seq	immature_inactive_or_unsorted_4hr								True	Ensembl gene IDs in rows; marker genes currently resolved by feature-alias lookup; full object analysis needs complete Ensembl-to-symbol map	promote_to_primary_dentate_activity_maturation_validation	PROX1+CTIP2+ dentate granule neurons split by mature/immature, activity state, and 1hr/4hr timepoint	GSM6603777	immature, 4hr, X100119_184	immature	inactive_or_unsorted	4hr	immature	dentate granule cell	M	106			
GSE214309	X100119_185	mouse	dentate_gyrus	snRNA-seq	immature_inactive_or_unsorted_4hr								True	Ensembl gene IDs in rows; marker genes currently resolved by feature-alias lookup; full object analysis needs complete Ensembl-to-symbol map	promote_to_primary_dentate_activity_maturation_validation	PROX1+CTIP2+ dentate granule neurons split by mature/immature, activity state, and 1hr/4hr timepoint	GSM6603778	immature, 4hr, X100119_185	immature	inactive_or_unsorted	4hr	immature	dentate granule cell	M	106			
GSE214309	X100119_187	mouse	dentate_gyrus	snRNA-seq	immature_inactive_or_unsorted_4hr								True	Ensembl gene IDs in rows; marker genes currently resolved by feature-alias lookup; full object analysis needs complete Ensembl-to-symbol map	promote_to_primary_dentate_activity_maturation_validation	PROX1+CTIP2+ dentate granule neurons split by mature/immature, activity state, and 1hr/4hr timepoint	GSM6603779	immature, 4hr, X100119_187	immature	inactive_or_unsorted	4hr	immature	dentate granule cell	M	113			
GSE214309	X100119_188	mouse	dentate_gyrus	snRNA-seq	immature_inactive_or_unsorted_4hr								True	Ensembl gene IDs in rows; marker genes currently resolved by feature-alias lookup; full object analysis needs complete Ensembl-to-symbol map	promote_to_primary_dentate_activity_maturation_validation	PROX1+CTIP2+ dentate granule neurons split by mature/immature, activity state, and 1hr/4hr timepoint	GSM6603780	immature, 4hr, X100119_188	immature	inactive_or_unsorted	4hr	immature	dentate granule cell	M	113			
GSE214309	X100119_189	mouse	dentate_gyrus	snRNA-seq	immature_inactive_or_unsorted_4hr								True	Ensembl gene IDs in rows; marker genes currently resolved by feature-alias lookup; full object analysis needs complete Ensembl-to-symbol map	promote_to_primary_dentate_activity_maturation_validation	PROX1+CTIP2+ dentate granule neurons split by mature/immature, activity state, and 1hr/4hr timepoint	GSM6603781	immature, 4hr, X100119_189	immature	inactive_or_unsorted	4hr	immature	dentate granule cell	M	113			
GSE214309	X100119_190	mouse	dentate_gyrus	snRNA-seq	immature_inactive_or_unsorted_4hr								True	Ensembl gene IDs in rows; marker genes currently resolved by feature-alias lookup; full object analysis needs complete Ensembl-to-symbol map	promote_to_primary_dentate_activity_maturation_validation	PROX1+CTIP2+ dentate granule neurons split by mature/immature, activity state, and 1hr/4hr timepoint	GSM6603782	immature, 4hr, X100119_190	immature	inactive_or_unsorted	4hr	immature	dentate granule cell	M	113			
GSE214309	X100119_191	mouse	dentate_gyrus	snRNA-seq	immature_inactive_or_unsorted_4hr								True	Ensembl gene IDs in rows; marker genes currently resolved by feature-alias lookup; full object analysis needs complete Ensembl-to-symbol map	promote_to_primary_dentate_activity_maturation_validation	PROX1+CTIP2+ dentate granule neurons split by mature/immature, activity state, and 1hr/4hr timepoint	GSM6603783	immature, 4hr, X100119_191	immature	inactive_or_unsorted	4hr	immature	dentate granule cell	M	113			
GSE214309	X100119_194	mouse	dentate_gyrus	snRNA-seq	mature_active_4hr								True	Ensembl gene IDs in rows; marker genes currently resolved by feature-alias lookup; full object analysis needs complete Ensembl-to-symbol map	promote_to_primary_dentate_activity_maturation_validation	PROX1+CTIP2+ dentate granule neurons split by mature/immature, activity state, and 1hr/4hr timepoint	GSM6603784	matureactive, 4hr, X100119_194	mature	active	4hr	matureactive	dentate granule cell	M	123			
GSE214309	X100119_195	mouse	dentate_gyrus	snRNA-seq	immature_active_4hr								True	Ensembl gene IDs in rows; marker genes currently resolved by feature-alias lookup; full object analysis needs complete Ensembl-to-symbol map	promote_to_primary_dentate_activity_maturation_validation	PROX1+CTIP2+ dentate granule neurons split by mature/immature, activity state, and 1hr/4hr timepoint	GSM6603785	immatureactive, 4hr, X100119_195	immature	active	4hr	immatureactive	dentate granule cell	M	106			
GSE214309	X100119_196	mouse	dentate_gyrus	snRNA-seq	immature_active_4hr								True	Ensembl gene IDs in rows; marker genes currently resolved by feature-alias lookup; full object analysis needs complete Ensembl-to-symbol map	promote_to_primary_dentate_activity_maturation_validation	PROX1+CTIP2+ dentate granule neurons split by mature/immature, activity state, and 1hr/4hr timepoint	GSM6603786	immatureactive, 4hr, X100119_196	immature	active	4hr	immatureactive	dentate granule cell	M	106			
GSE214309	X100119_198	mouse	dentate_gyrus	snRNA-seq	immature_active_4hr								True	Ensembl gene IDs in rows; marker genes currently resolved by feature-alias lookup; full object analysis needs complete Ensembl-to-symbol map	promote_to_primary_dentate_activity_maturation_validation	PROX1+CTIP2+ dentate granule neurons split by mature/immature, activity state, and 1hr/4hr timepoint	GSM6603787	immatureactive, 4hr, X100119_198	immature	active	4hr	immatureactive	dentate granule cell	M	106			
GSE214309	X100119_199	mouse	dentate_gyrus	snRNA-seq	immature_active_4hr								True	Ensembl gene IDs in rows; marker genes currently resolved by feature-alias lookup; full object analysis needs complete Ensembl-to-symbol map	promote_to_primary_dentate_activity_maturation_validation	PROX1+CTIP2+ dentate granule neurons split by mature/immature, activity state, and 1hr/4hr timepoint	GSM6603788	immatureactive, 4hr, X100119_199	immature	active	4hr	immatureactive	dentate granule cell	M	106			
GSE214309	X100119_200	mouse	dentate_gyrus	snRNA-seq	immature_active_4hr								True	Ensembl gene IDs in rows; marker genes currently resolved by feature-alias lookup; full object analysis needs complete Ensembl-to-symbol map	promote_to_primary_dentate_activity_maturation_validation	PROX1+CTIP2+ dentate granule neurons split by mature/immature, activity state, and 1hr/4hr timepoint	GSM6603789	immatureactive, 4hr, X100119_200	immature	active	4hr	immatureactive	dentate granule cell	M	103			
GSE214309	X100119_206	mouse	dentate_gyrus	snRNA-seq	immature_active_4hr								True	Ensembl gene IDs in rows; marker genes currently resolved by feature-alias lookup; full object analysis needs complete Ensembl-to-symbol map	promote_to_primary_dentate_activity_maturation_validation	PROX1+CTIP2+ dentate granule neurons split by mature/immature, activity state, and 1hr/4hr timepoint	GSM6603790	immatureactive, 4hr, X100119_206	immature	active	4hr	immatureactive	dentate granule cell	M	113			
GSE214309	X100119_208	mouse	dentate_gyrus	snRNA-seq	mature_active_4hr								True	Ensembl gene IDs in rows; marker genes currently resolved by feature-alias lookup; full object analysis needs complete Ensembl-to-symbol map	promote_to_primary_dentate_activity_maturation_validation	PROX1+CTIP2+ dentate granule neurons split by mature/immature, activity state, and 1hr/4hr timepoint	GSM6603791	matureactive, 4hr, X100119_208	mature	active	4hr	matureactive	dentate granule cell	M	123			
GSE214309	X100119_210	mouse	dentate_gyrus	snRNA-seq	mature_active_4hr								True	Ensembl gene IDs in rows; marker genes currently resolved by feature-alias lookup; full object analysis needs complete Ensembl-to-symbol map	promote_to_primary_dentate_activity_maturation_validation	PROX1+CTIP2+ dentate granule neurons split by mature/immature, activity state, and 1hr/4hr timepoint	GSM6603792	matureactive, 4hr, X100119_210	mature	active	4hr	matureactive	dentate granule cell	F	121			
GSE214309	X100119_211	mouse	dentate_gyrus	snRNA-seq	mature_active_4hr								True	Ensembl gene IDs in rows; marker genes currently resolved by feature-alias lookup; full object analysis needs complete Ensembl-to-symbol map	promote_to_primary_dentate_activity_maturation_validation	PROX1+CTIP2+ dentate granule neurons split by mature/immature, activity state, and 1hr/4hr timepoint	GSM6603793	matureactive, 4hr, X100119_211	mature	active	4hr	matureactive	dentate granule cell	F	121			
GSE214309	X100119_213	mouse	dentate_gyrus	snRNA-seq	mature_active_4hr								True	Ensembl gene IDs in rows; marker genes currently resolved by feature-alias lookup; full object analysis needs complete Ensembl-to-symbol map	promote_to_primary_dentate_activity_maturation_validation	PROX1+CTIP2+ dentate granule neurons split by mature/immature, activity state, and 1hr/4hr timepoint	GSM6603794	matureactive, 4hr, X100119_213	mature	active	4hr	matureactive	dentate granule cell	F	121			
GSE214309	X100119_214	mouse	dentate_gyrus	snRNA-seq	mature_active_4hr								True	Ensembl gene IDs in rows; marker genes currently resolved by feature-alias lookup; full object analysis needs complete Ensembl-to-symbol map	promote_to_primary_dentate_activity_maturation_validation	PROX1+CTIP2+ dentate granule neurons split by mature/immature, activity state, and 1hr/4hr timepoint	GSM6603795	matureactive, 4hr, X100119_214	mature	active	4hr	matureactive	dentate granule cell	F	121			
GSE214309	X100119_215	mouse	dentate_gyrus	snRNA-seq	immature_active_4hr								True	Ensembl gene IDs in rows; marker genes currently resolved by feature-alias lookup; full object analysis needs complete Ensembl-to-symbol map	promote_to_primary_dentate_activity_maturation_validation	PROX1+CTIP2+ dentate granule neurons split by mature/immature, activity state, and 1hr/4hr timepoint	GSM6603796	immatureactive, 4hr, X100119_215	immature	active	4hr	immatureactive	dentate granule cell	M	113			
GSE214309	X100119_218	mouse	dentate_gyrus	snRNA-seq	immature_active_4hr								True	Ensembl gene IDs in rows; marker genes currently resolved by feature-alias lookup; full object analysis needs complete Ensembl-to-symbol map	promote_to_primary_dentate_activity_maturation_validation	PROX1+CTIP2+ dentate granule neurons split by mature/immature, activity state, and 1hr/4hr timepoint	GSM6603797	immatureactive, 4hr, X100119_218	immature	active	4hr	immatureactive	dentate granule cell	M	113			
GSE214309	X100119_22	mouse	dentate_gyrus	snRNA-seq	mature_inactive_or_unsorted_4hr								True	Ensembl gene IDs in rows; marker genes currently resolved by feature-alias lookup; full object analysis needs complete Ensembl-to-symbol map	promote_to_primary_dentate_activity_maturation_validation	PROX1+CTIP2+ dentate granule neurons split by mature/immature, activity state, and 1hr/4hr timepoint	GSM6603798	mature, 4hr, X100119_22	mature	inactive_or_unsorted	4hr	mature	dentate granule cell	M	110			
GSE214309	X100119_222	mouse	dentate_gyrus	snRNA-seq	immature_inactive_or_unsorted_4hr								True	Ensembl gene IDs in rows; marker genes currently resolved by feature-alias lookup; full object analysis needs complete Ensembl-to-symbol map	promote_to_primary_dentate_activity_maturation_validation	PROX1+CTIP2+ dentate granule neurons split by mature/immature, activity state, and 1hr/4hr timepoint	GSM6603799	immature, 4hr, X100119_222	immature	inactive_or_unsorted	4hr	immature	dentate granule cell	M	123			
GSE214309	X100119_227	mouse	dentate_gyrus	snRNA-seq	mature_active_4hr								True	Ensembl gene IDs in rows; marker genes currently resolved by feature-alias lookup; full object analysis needs complete Ensembl-to-symbol map	promote_to_primary_dentate_activity_maturation_validation	PROX1+CTIP2+ dentate granule neurons split by mature/immature, activity state, and 1hr/4hr timepoint	GSM6603800	matureactive, 4hr, X100119_227	mature	active	4hr	matureactive	dentate granule cell	F	121			
GSE214309	X100119_228	mouse	dentate_gyrus	snRNA-seq	mature_active_4hr								True	Ensembl gene IDs in rows; marker genes currently resolved by feature-alias lookup; full object analysis needs complete Ensembl-to-symbol map	promote_to_primary_dentate_activity_maturation_validation	PROX1+CTIP2+ dentate granule neurons split by mature/immature, activity state, and 1hr/4hr timepoint	GSM6603801	matureactive, 4hr, X100119_228	mature	active	4hr	matureactive	dentate granule cell	F	121			
GSE214309	X100119_234	mouse	dentate_gyrus	snRNA-seq	immature_inactive_or_unsorted_4hr								True	Ensembl gene IDs in rows; marker genes currently resolved by feature-alias lookup; full object analysis needs complete Ensembl-to-symbol map	promote_to_primary_dentate_activity_maturation_validation	PROX1+CTIP2+ dentate granule neurons split by mature/immature, activity state, and 1hr/4hr timepoint	GSM6603802	immature, 4hr, X100119_234	immature	inactive_or_unsorted	4hr	immature	dentate granule cell	F	121			
GSE214309	X100119_236	mouse	dentate_gyrus	snRNA-seq	immature_inactive_or_unsorted_4hr								True	Ensembl gene IDs in rows; marker genes currently resolved by feature-alias lookup; full object analysis needs complete Ensembl-to-symbol map	promote_to_primary_dentate_activity_maturation_validation	PROX1+CTIP2+ dentate granule neurons split by mature/immature, activity state, and 1hr/4hr timepoint	GSM6603803	immature, 4hr, X100119_236	immature	inactive_or_unsorted	4hr	immature	dentate granule cell	M	123			
GSE214309	X100119_25	mouse	dentate_gyrus	snRNA-seq	mature_inactive_or_unsorted_4hr								True	Ensembl gene IDs in rows; marker genes currently resolved by feature-alias lookup; full object analysis needs complete Ensembl-to-symbol map	promote_to_primary_dentate_activity_maturation_validation	PROX1+CTIP2+ dentate granule neurons split by mature/immature, activity state, and 1hr/4hr timepoint	GSM6603804	mature, 4hr, X100119_25	mature	inactive_or_unsorted	4hr	mature	dentate granule cell	M	110			
GSE214309	X100119_27	mouse	dentate_gyrus	snRNA-seq	mature_inactive_or_unsorted_4hr								True	Ensembl gene IDs in rows; marker genes currently resolved by feature-alias lookup; full object analysis needs complete Ensembl-to-symbol map	promote_to_primary_dentate_activity_maturation_validation	PROX1+CTIP2+ dentate granule neurons split by mature/immature, activity state, and 1hr/4hr timepoint	GSM6603805	mature, 4hr, X100119_27	mature	inactive_or_unsorted	4hr	mature	dentate granule cell	M	110			
GSE214309	X100119_28	mouse	dentate_gyrus	snRNA-seq	mature_active_4hr								True	Ensembl gene IDs in rows; marker genes currently resolved by feature-alias lookup; full object analysis needs complete Ensembl-to-symbol map	promote_to_primary_dentate_activity_maturation_validation	PROX1+CTIP2+ dentate granule neurons split by mature/immature, activity state, and 1hr/4hr timepoint	GSM6603806	matureactive, 4hr, X100119_28	mature	active	4hr	matureactive	dentate granule cell	M	123			
GSE214309	X100119_29	mouse	dentate_gyrus	snRNA-seq	mature_active_4hr								True	Ensembl gene IDs in rows; marker genes currently resolved by feature-alias lookup; full object analysis needs complete Ensembl-to-symbol map	promote_to_primary_dentate_activity_maturation_validation	PROX1+CTIP2+ dentate granule neurons split by mature/immature, activity state, and 1hr/4hr timepoint	GSM6603807	matureactive, 4hr, X100119_29	mature	active	4hr	matureactive	dentate granule cell	M	123			
GSE214309	X100119_31	mouse	dentate_gyrus	snRNA-seq	mature_active_4hr								True	Ensembl gene IDs in rows; marker genes currently resolved by feature-alias lookup; full object analysis needs complete Ensembl-to-symbol map	promote_to_primary_dentate_activity_maturation_validation	PROX1+CTIP2+ dentate granule neurons split by mature/immature, activity state, and 1hr/4hr timepoint	GSM6603808	matureactive, 4hr, X100119_31	mature	active	4hr	matureactive	dentate granule cell	M	103			
GSE214309	X100119_33	mouse	dentate_gyrus	snRNA-seq	mature_active_4hr								True	Ensembl gene IDs in rows; marker genes currently resolved by feature-alias lookup; full object analysis needs complete Ensembl-to-symbol map	promote_to_primary_dentate_activity_maturation_validation	PROX1+CTIP2+ dentate granule neurons split by mature/immature, activity state, and 1hr/4hr timepoint	GSM6603809	matureactive, 4hr, X100119_33	mature	active	4hr	matureactive	dentate granule cell	M	103			
GSE214309	X100119_34	mouse	dentate_gyrus	snRNA-seq	mature_active_4hr								True	Ensembl gene IDs in rows; marker genes currently resolved by feature-alias lookup; full object analysis needs complete Ensembl-to-symbol map	promote_to_primary_dentate_activity_maturation_validation	PROX1+CTIP2+ dentate granule neurons split by mature/immature, activity state, and 1hr/4hr timepoint	GSM6603810	matureactive, 4hr, X100119_34	mature	active	4hr	matureactive	dentate granule cell	M	103			
GSE214309	X100119_35	mouse	dentate_gyrus	snRNA-seq	mature_active_4hr								True	Ensembl gene IDs in rows; marker genes currently resolved by feature-alias lookup; full object analysis needs complete Ensembl-to-symbol map	promote_to_primary_dentate_activity_maturation_validation	PROX1+CTIP2+ dentate granule neurons split by mature/immature, activity state, and 1hr/4hr timepoint	GSM6603811	matureactive, 4hr, X100119_35	mature	active	4hr	matureactive	dentate granule cell	M	103			
GSE214309	X100119_36	mouse	dentate_gyrus	snRNA-seq	mature_active_4hr								True	Ensembl gene IDs in rows; marker genes currently resolved by feature-alias lookup; full object analysis needs complete Ensembl-to-symbol map	promote_to_primary_dentate_activity_maturation_validation	PROX1+CTIP2+ dentate granule neurons split by mature/immature, activity state, and 1hr/4hr timepoint	GSM6603812	matureactive, 4hr, X100119_36	mature	active	4hr	matureactive	dentate granule cell	M	103			
GSE214309	X100119_37	mouse	dentate_gyrus	snRNA-seq	mature_active_4hr								True	Ensembl gene IDs in rows; marker genes currently resolved by feature-alias lookup; full object analysis needs complete Ensembl-to-symbol map	promote_to_primary_dentate_activity_maturation_validation	PROX1+CTIP2+ dentate granule neurons split by mature/immature, activity state, and 1hr/4hr timepoint	GSM6603813	matureactive, 4hr, X100119_37	mature	active	4hr	matureactive	dentate granule cell	M	110			
GSE214309	X100119_38	mouse	dentate_gyrus	snRNA-seq	mature_active_4hr								True	Ensembl gene IDs in rows; marker genes currently resolved by feature-alias lookup; full object analysis needs complete Ensembl-to-symbol map	promote_to_primary_dentate_activity_maturation_validation	PROX1+CTIP2+ dentate granule neurons split by mature/immature, activity state, and 1hr/4hr timepoint	GSM6603814	matureactive, 4hr, X100119_38	mature	active	4hr	matureactive	dentate granule cell	M	110			
GSE214309	X100119_40	mouse	dentate_gyrus	snRNA-seq	mature_active_4hr								True	Ensembl gene IDs in rows; marker genes currently resolved by feature-alias lookup; full object analysis needs complete Ensembl-to-symbol map	promote_to_primary_dentate_activity_maturation_validation	PROX1+CTIP2+ dentate granule neurons split by mature/immature, activity state, and 1hr/4hr timepoint	GSM6603815	matureactive, 4hr, X100119_40	mature	active	4hr	matureactive	dentate granule cell	M	110			
GSE214309	X100119_41	mouse	dentate_gyrus	snRNA-seq	mature_active_4hr								True	Ensembl gene IDs in rows; marker genes currently resolved by feature-alias lookup; full object analysis needs complete Ensembl-to-symbol map	promote_to_primary_dentate_activity_maturation_validation	PROX1+CTIP2+ dentate granule neurons split by mature/immature, activity state, and 1hr/4hr timepoint	GSM6603816	matureactive, 4hr, X100119_41	mature	active	4hr	matureactive	dentate granule cell	M	110			
GSE214309	X100119_46	mouse	dentate_gyrus	snRNA-seq	mature_active_4hr								True	Ensembl gene IDs in rows; marker genes currently resolved by feature-alias lookup; full object analysis needs complete Ensembl-to-symbol map	promote_to_primary_dentate_activity_maturation_validation	PROX1+CTIP2+ dentate granule neurons split by mature/immature, activity state, and 1hr/4hr timepoint	GSM6603817	matureactive, 4hr, X100119_46	mature	active	4hr	matureactive	dentate granule cell	M	103			
GSE214309	X100119_47	mouse	dentate_gyrus	snRNA-seq	mature_active_4hr								True	Ensembl gene IDs in rows; marker genes currently resolved by feature-alias lookup; full object analysis needs complete Ensembl-to-symbol map	promote_to_primary_dentate_activity_maturation_validation	PROX1+CTIP2+ dentate granule neurons split by mature/immature, activity state, and 1hr/4hr timepoint	GSM6603818	matureactive, 4hr, X100119_47	mature	active	4hr	matureactive	dentate granule cell	M	103			
GSE214309	X100119_48	mouse	dentate_gyrus	snRNA-seq	mature_active_4hr								True	Ensembl gene IDs in rows; marker genes currently resolved by feature-alias lookup; full object analysis needs complete Ensembl-to-symbol map	promote_to_primary_dentate_activity_maturation_validation	PROX1+CTIP2+ dentate granule neurons split by mature/immature, activity state, and 1hr/4hr timepoint	GSM6603819	matureactive, 4hr, X100119_48	mature	active	4hr	matureactive	dentate granule cell	M	103			
GSE214309	X100119_49	mouse	dentate_gyrus	snRNA-seq	mature_active_4hr								True	Ensembl gene IDs in rows; marker genes currently resolved by feature-alias lookup; full object analysis needs complete Ensembl-to-symbol map	promote_to_primary_dentate_activity_maturation_validation	PROX1+CTIP2+ dentate granule neurons split by mature/immature, activity state, and 1hr/4hr timepoint	GSM6603820	matureactive, 4hr, X100119_49	mature	active	4hr	matureactive	dentate granule cell	M	103			
GSE214309	X100119_51	mouse	dentate_gyrus	snRNA-seq	mature_active_4hr								True	Ensembl gene IDs in rows; marker genes currently resolved by feature-alias lookup; full object analysis needs complete Ensembl-to-symbol map	promote_to_primary_dentate_activity_maturation_validation	PROX1+CTIP2+ dentate granule neurons split by mature/immature, activity state, and 1hr/4hr timepoint	GSM6603821	matureactive, 4hr, X100119_51	mature	active	4hr	matureactive	dentate granule cell	M	103			
GSE214309	X100119_53	mouse	dentate_gyrus	snRNA-seq	mature_active_4hr								True	Ensembl gene IDs in rows; marker genes currently resolved by feature-alias lookup; full object analysis needs complete Ensembl-to-symbol map	promote_to_primary_dentate_activity_maturation_validation	PROX1+CTIP2+ dentate granule neurons split by mature/immature, activity state, and 1hr/4hr timepoint	GSM6603822	matureactive, 4hr, X100119_53	mature	active	4hr	matureactive	dentate granule cell	M	110			
GSE214309	X100119_55	mouse	dentate_gyrus	snRNA-seq	mature_active_4hr								True	Ensembl gene IDs in rows; marker genes currently resolved by feature-alias lookup; full object analysis needs complete Ensembl-to-symbol map	promote_to_primary_dentate_activity_maturation_validation	PROX1+CTIP2+ dentate granule neurons split by mature/immature, activity state, and 1hr/4hr timepoint	GSM6603823	matureactive, 4hr, X100119_55	mature	active	4hr	matureactive	dentate granule cell	M	110			
GSE214309	X100119_61	mouse	dentate_gyrus	snRNA-seq	immature_inactive_or_unsorted_4hr								True	Ensembl gene IDs in rows; marker genes currently resolved by feature-alias lookup; full object analysis needs complete Ensembl-to-symbol map	promote_to_primary_dentate_activity_maturation_validation	PROX1+CTIP2+ dentate granule neurons split by mature/immature, activity state, and 1hr/4hr timepoint	GSM6603824	immature, 4hr, X100119_61	immature	inactive_or_unsorted	4hr	immature	dentate granule cell	M	103			
GSE214309	X100119_62	mouse	dentate_gyrus	snRNA-seq	immature_inactive_or_unsorted_4hr								True	Ensembl gene IDs in rows; marker genes currently resolved by feature-alias lookup; full object analysis needs complete Ensembl-to-symbol map	promote_to_primary_dentate_activity_maturation_validation	PROX1+CTIP2+ dentate granule neurons split by mature/immature, activity state, and 1hr/4hr timepoint	GSM6603825	immature, 4hr, X100119_62	immature	inactive_or_unsorted	4hr	immature	dentate granule cell	M	103			
GSE214309	X100119_63	mouse	dentate_gyrus	snRNA-seq	immature_inactive_or_unsorted_4hr								True	Ensembl gene IDs in rows; marker genes currently resolved by feature-alias lookup; full object analysis needs complete Ensembl-to-symbol map	promote_to_primary_dentate_activity_maturation_validation	PROX1+CTIP2+ dentate granule neurons split by mature/immature, activity state, and 1hr/4hr timepoint	GSM6603826	immature, 4hr, X100119_63	immature	inactive_or_unsorted	4hr	immature	dentate granule cell	M	103			
GSE214309	X100119_64	mouse	dentate_gyrus	snRNA-seq	immature_inactive_or_unsorted_4hr								True	Ensembl gene IDs in rows; marker genes currently resolved by feature-alias lookup; full object analysis needs complete Ensembl-to-symbol map	promote_to_primary_dentate_activity_maturation_validation	PROX1+CTIP2+ dentate granule neurons split by mature/immature, activity state, and 1hr/4hr timepoint	GSM6603827	immature, 4hr, X100119_64	immature	inactive_or_unsorted	4hr	immature	dentate granule cell	M	103			
GSE214309	X100119_65	mouse	dentate_gyrus	snRNA-seq	immature_inactive_or_unsorted_4hr								True	Ensembl gene IDs in rows; marker genes currently resolved by feature-alias lookup; full object analysis needs complete Ensembl-to-symbol map	promote_to_primary_dentate_activity_maturation_validation	PROX1+CTIP2+ dentate granule neurons split by mature/immature, activity state, and 1hr/4hr timepoint	GSM6603828	immature, 4hr, X100119_65	immature	inactive_or_unsorted	4hr	immature	dentate granule cell	M	103			
GSE214309	X100119_66	mouse	dentate_gyrus	snRNA-seq	immature_inactive_or_unsorted_4hr								True	Ensembl gene IDs in rows; marker genes currently resolved by feature-alias lookup; full object analysis needs complete Ensembl-to-symbol map	promote_to_primary_dentate_activity_maturation_validation	PROX1+CTIP2+ dentate granule neurons split by mature/immature, activity state, and 1hr/4hr timepoint	GSM6603829	immature, 4hr, X100119_66	immature	inactive_or_unsorted	4hr	immature	dentate granule cell	M	103			
GSE214309	X100119_67	mouse	dentate_gyrus	snRNA-seq	immature_inactive_or_unsorted_4hr								True	Ensembl gene IDs in rows; marker genes currently resolved by feature-alias lookup; full object analysis needs complete Ensembl-to-symbol map	promote_to_primary_dentate_activity_maturation_validation	PROX1+CTIP2+ dentate granule neurons split by mature/immature, activity state, and 1hr/4hr timepoint	GSM6603830	immature, 4hr, X100119_67	immature	inactive_or_unsorted	4hr	immature	dentate granule cell	M	110			
GSE214309	X100119_68	mouse	dentate_gyrus	snRNA-seq	immature_inactive_or_unsorted_4hr								True	Ensembl gene IDs in rows; marker genes currently resolved by feature-alias lookup; full object analysis needs complete Ensembl-to-symbol map	promote_to_primary_dentate_activity_maturation_validation	PROX1+CTIP2+ dentate granule neurons split by mature/immature, activity state, and 1hr/4hr timepoint	GSM6603831	immature, 4hr, X100119_68	immature	inactive_or_unsorted	4hr	immature	dentate granule cell	M	110			
GSE214309	X100119_69	mouse	dentate_gyrus	snRNA-seq	immature_inactive_or_unsorted_4hr								True	Ensembl gene IDs in rows; marker genes currently resolved by feature-alias lookup; full object analysis needs complete Ensembl-to-symbol map	promote_to_primary_dentate_activity_maturation_validation	PROX1+CTIP2+ dentate granule neurons split by mature/immature, activity state, and 1hr/4hr timepoint	GSM6603832	immature, 4hr, X100119_69	immature	inactive_or_unsorted	4hr	immature	dentate granule cell	M	110			
GSE214309	X100119_70	mouse	dentate_gyrus	snRNA-seq	immature_inactive_or_unsorted_4hr								True	Ensembl gene IDs in rows; marker genes currently resolved by feature-alias lookup; full object analysis needs complete Ensembl-to-symbol map	promote_to_primary_dentate_activity_maturation_validation	PROX1+CTIP2+ dentate granule neurons split by mature/immature, activity state, and 1hr/4hr timepoint	GSM6603833	immature, 4hr, X100119_70	immature	inactive_or_unsorted	4hr	immature	dentate granule cell	M	110			
GSE214309	X100119_71	mouse	dentate_gyrus	snRNA-seq	immature_inactive_or_unsorted_4hr								True	Ensembl gene IDs in rows; marker genes currently resolved by feature-alias lookup; full object analysis needs complete Ensembl-to-symbol map	promote_to_primary_dentate_activity_maturation_validation	PROX1+CTIP2+ dentate granule neurons split by mature/immature, activity state, and 1hr/4hr timepoint	GSM6603834	immature, 4hr, X100119_71	immature	inactive_or_unsorted	4hr	immature	dentate granule cell	M	110			
GSE214309	X100119_76	mouse	dentate_gyrus	snRNA-seq	immature_inactive_or_unsorted_4hr								True	Ensembl gene IDs in rows; marker genes currently resolved by feature-alias lookup; full object analysis needs complete Ensembl-to-symbol map	promote_to_primary_dentate_activity_maturation_validation	PROX1+CTIP2+ dentate granule neurons split by mature/immature, activity state, and 1hr/4hr timepoint	GSM6603835	immature, 4hr, X100119_76	immature	inactive_or_unsorted	4hr	immature	dentate granule cell	M	103			
GSE214309	X100119_77	mouse	dentate_gyrus	snRNA-seq	immature_inactive_or_unsorted_4hr								True	Ensembl gene IDs in rows; marker genes currently resolved by feature-alias lookup; full object analysis needs complete Ensembl-to-symbol map	promote_to_primary_dentate_activity_maturation_validation	PROX1+CTIP2+ dentate granule neurons split by mature/immature, activity state, and 1hr/4hr timepoint	GSM6603836	immature, 4hr, X100119_77	immature	inactive_or_unsorted	4hr	immature	dentate granule cell	M	103			
GSE214309	X100119_79	mouse	dentate_gyrus	snRNA-seq	immature_inactive_or_unsorted_4hr								True	Ensembl gene IDs in rows; marker genes currently resolved by feature-alias lookup; full object analysis needs complete Ensembl-to-symbol map	promote_to_primary_dentate_activity_maturation_validation	PROX1+CTIP2+ dentate granule neurons split by mature/immature, activity state, and 1hr/4hr timepoint	GSM6603837	immature, 4hr, X100119_79	immature	inactive_or_unsorted	4hr	immature	dentate granule cell	M	103			
GSE214309	X100119_80	mouse	dentate_gyrus	snRNA-seq	immature_inactive_or_unsorted_4hr								True	Ensembl gene IDs in rows; marker genes currently resolved by feature-alias lookup; full object analysis needs complete Ensembl-to-symbol map	promote_to_primary_dentate_activity_maturation_validation	PROX1+CTIP2+ dentate granule neurons split by mature/immature, activity state, and 1hr/4hr timepoint	GSM6603838	immature, 4hr, X100119_80	immature	inactive_or_unsorted	4hr	immature	dentate granule cell	M	103			
GSE214309	X100119_81	mouse	dentate_gyrus	snRNA-seq	immature_inactive_or_unsorted_4hr								True	Ensembl gene IDs in rows; marker genes currently resolved by feature-alias lookup; full object analysis needs complete Ensembl-to-symbol map	promote_to_primary_dentate_activity_maturation_validation	PROX1+CTIP2+ dentate granule neurons split by mature/immature, activity state, and 1hr/4hr timepoint	GSM6603839	immature, 4hr, X100119_81	immature	inactive_or_unsorted	4hr	immature	dentate granule cell	M	103			
GSE214309	X100119_83	mouse	dentate_gyrus	snRNA-seq	immature_inactive_or_unsorted_4hr								True	Ensembl gene IDs in rows; marker genes currently resolved by feature-alias lookup; full object analysis needs complete Ensembl-to-symbol map	promote_to_primary_dentate_activity_maturation_validation	PROX1+CTIP2+ dentate granule neurons split by mature/immature, activity state, and 1hr/4hr timepoint	GSM6603840	immature, 4hr, X100119_83	immature	inactive_or_unsorted	4hr	immature	dentate granule cell	M	110			
GSE214309	X100119_89	mouse	dentate_gyrus	snRNA-seq	mature_inactive_or_unsorted_4hr								True	Ensembl gene IDs in rows; marker genes currently resolved by feature-alias lookup; full object analysis needs complete Ensembl-to-symbol map	promote_to_primary_dentate_activity_maturation_validation	PROX1+CTIP2+ dentate granule neurons split by mature/immature, activity state, and 1hr/4hr timepoint	GSM6603841	mature, 4hr, X100119_89	mature	inactive_or_unsorted	4hr	mature	dentate granule cell	M	123			
GSE214309	X100119_90	mouse	dentate_gyrus	snRNA-seq	immature_inactive_or_unsorted_4hr								True	Ensembl gene IDs in rows; marker genes currently resolved by feature-alias lookup; full object analysis needs complete Ensembl-to-symbol map	promote_to_primary_dentate_activity_maturation_validation	PROX1+CTIP2+ dentate granule neurons split by mature/immature, activity state, and 1hr/4hr timepoint	GSM6603842	immature, 4hr, X100119_90	immature	inactive_or_unsorted	4hr	immature	dentate granule cell	F	121			
GSE214309	X100119_91	mouse	dentate_gyrus	snRNA-seq	mature_inactive_or_unsorted_4hr								True	Ensembl gene IDs in rows; marker genes currently resolved by feature-alias lookup; full object analysis needs complete Ensembl-to-symbol map	promote_to_primary_dentate_activity_maturation_validation	PROX1+CTIP2+ dentate granule neurons split by mature/immature, activity state, and 1hr/4hr timepoint	GSM6603843	mature, 4hr, X100119_91	mature	inactive_or_unsorted	4hr	mature	dentate granule cell	F	121			
GSE214309	X100119_92	mouse	dentate_gyrus	snRNA-seq	mature_inactive_or_unsorted_4hr								True	Ensembl gene IDs in rows; marker genes currently resolved by feature-alias lookup; full object analysis needs complete Ensembl-to-symbol map	promote_to_primary_dentate_activity_maturation_validation	PROX1+CTIP2+ dentate granule neurons split by mature/immature, activity state, and 1hr/4hr timepoint	GSM6603844	mature, 4hr, X100119_92	mature	inactive_or_unsorted	4hr	mature	dentate granule cell	F	121			
GSE214309	X100119_94	mouse	dentate_gyrus	snRNA-seq	mature_inactive_or_unsorted_4hr								True	Ensembl gene IDs in rows; marker genes currently resolved by feature-alias lookup; full object analysis needs complete Ensembl-to-symbol map	promote_to_primary_dentate_activity_maturation_validation	PROX1+CTIP2+ dentate granule neurons split by mature/immature, activity state, and 1hr/4hr timepoint	GSM6603845	mature, 4hr, X100119_94	mature	inactive_or_unsorted	4hr	mature	dentate granule cell	F	121			
GSE214309	X100119_97	mouse	dentate_gyrus	snRNA-seq	immature_active_4hr								True	Ensembl gene IDs in rows; marker genes currently resolved by feature-alias lookup; full object analysis needs complete Ensembl-to-symbol map	promote_to_primary_dentate_activity_maturation_validation	PROX1+CTIP2+ dentate granule neurons split by mature/immature, activity state, and 1hr/4hr timepoint	GSM6603846	immatureactive, 4hr, X100119_97	immature	active	4hr	immatureactive	dentate granule cell	M	110			
GSE214309	X100119_99	mouse	dentate_gyrus	snRNA-seq	immature_active_4hr								True	Ensembl gene IDs in rows; marker genes currently resolved by feature-alias lookup; full object analysis needs complete Ensembl-to-symbol map	promote_to_primary_dentate_activity_maturation_validation	PROX1+CTIP2+ dentate granule neurons split by mature/immature, activity state, and 1hr/4hr timepoint	GSM6603847	immatureactive, 4hr, X100119_99	immature	active	4hr	immatureactive	dentate granule cell	M	110			
GSE214309	X121119_02	mouse	dentate_gyrus	snRNA-seq	mature_inactive_or_unsorted_4hr								True	Ensembl gene IDs in rows; marker genes currently resolved by feature-alias lookup; full object analysis needs complete Ensembl-to-symbol map	promote_to_primary_dentate_activity_maturation_validation	PROX1+CTIP2+ dentate granule neurons split by mature/immature, activity state, and 1hr/4hr timepoint	GSM6603848	mature, 4hr, X121119_02	mature	inactive_or_unsorted	4hr	mature	dentate granule cell	M	134			
GSE214309	X121119_03	mouse	dentate_gyrus	snRNA-seq	mature_inactive_or_unsorted_4hr								True	Ensembl gene IDs in rows; marker genes currently resolved by feature-alias lookup; full object analysis needs complete Ensembl-to-symbol map	promote_to_primary_dentate_activity_maturation_validation	PROX1+CTIP2+ dentate granule neurons split by mature/immature, activity state, and 1hr/4hr timepoint	GSM6603849	mature, 4hr, X121119_03	mature	inactive_or_unsorted	4hr	mature	dentate granule cell	M	134			
GSE214309	X121119_04	mouse	dentate_gyrus	snRNA-seq	mature_inactive_or_unsorted_4hr								True	Ensembl gene IDs in rows; marker genes currently resolved by feature-alias lookup; full object analysis needs complete Ensembl-to-symbol map	promote_to_primary_dentate_activity_maturation_validation	PROX1+CTIP2+ dentate granule neurons split by mature/immature, activity state, and 1hr/4hr timepoint	GSM6603850	mature, 4hr, X121119_04	mature	inactive_or_unsorted	4hr	mature	dentate granule cell	M	134			
GSE214309	X121119_05	mouse	dentate_gyrus	snRNA-seq	mature_inactive_or_unsorted_4hr								True	Ensembl gene IDs in rows; marker genes currently resolved by feature-alias lookup; full object analysis needs complete Ensembl-to-symbol map	promote_to_primary_dentate_activity_maturation_validation	PROX1+CTIP2+ dentate granule neurons split by mature/immature, activity state, and 1hr/4hr timepoint	GSM6603851	mature, 4hr, X121119_05	mature	inactive_or_unsorted	4hr	mature	dentate granule cell	M	134			
GSE214309	X121119_06	mouse	dentate_gyrus	snRNA-seq	mature_inactive_or_unsorted_4hr								True	Ensembl gene IDs in rows; marker genes currently resolved by feature-alias lookup; full object analysis needs complete Ensembl-to-symbol map	promote_to_primary_dentate_activity_maturation_validation	PROX1+CTIP2+ dentate granule neurons split by mature/immature, activity state, and 1hr/4hr timepoint	GSM6603852	mature, 4hr, X121119_06	mature	inactive_or_unsorted	4hr	mature	dentate granule cell	M	134			
GSE214309	X121119_07	mouse	dentate_gyrus	snRNA-seq	immature_active_4hr								True	Ensembl gene IDs in rows; marker genes currently resolved by feature-alias lookup; full object analysis needs complete Ensembl-to-symbol map	promote_to_primary_dentate_activity_maturation_validation	PROX1+CTIP2+ dentate granule neurons split by mature/immature, activity state, and 1hr/4hr timepoint	GSM6603853	immatureactive, 4hr, X121119_07	immature	active	4hr	immatureactive	dentate granule cell	F	138			
GSE214309	X121119_08	mouse	dentate_gyrus	snRNA-seq	immature_inactive_or_unsorted_4hr								True	Ensembl gene IDs in rows; marker genes currently resolved by feature-alias lookup; full object analysis needs complete Ensembl-to-symbol map	promote_to_primary_dentate_activity_maturation_validation	PROX1+CTIP2+ dentate granule neurons split by mature/immature, activity state, and 1hr/4hr timepoint	GSM6603854	immature, 4hr, X121119_08	immature	inactive_or_unsorted	4hr	immature	dentate granule cell	F	138			
GSE214309	X121119_09	mouse	dentate_gyrus	snRNA-seq	mature_inactive_or_unsorted_4hr								True	Ensembl gene IDs in rows; marker genes currently resolved by feature-alias lookup; full object analysis needs complete Ensembl-to-symbol map	promote_to_primary_dentate_activity_maturation_validation	PROX1+CTIP2+ dentate granule neurons split by mature/immature, activity state, and 1hr/4hr timepoint	GSM6603855	mature, 4hr, X121119_09	mature	inactive_or_unsorted	4hr	mature	dentate granule cell	F	138			
GSE214309	X121119_100	mouse	dentate_gyrus	snRNA-seq	immature_active_4hr								True	Ensembl gene IDs in rows; marker genes currently resolved by feature-alias lookup; full object analysis needs complete Ensembl-to-symbol map	promote_to_primary_dentate_activity_maturation_validation	PROX1+CTIP2+ dentate granule neurons split by mature/immature, activity state, and 1hr/4hr timepoint	GSM6603856	immatureactive, 4hr, X121119_100	immature	active	4hr	immatureactive	dentate granule cell	M	135			
GSE214309	X121119_101	mouse	dentate_gyrus	snRNA-seq	immature_active_4hr								True	Ensembl gene IDs in rows; marker genes currently resolved by feature-alias lookup; full object analysis needs complete Ensembl-to-symbol map	promote_to_primary_dentate_activity_maturation_validation	PROX1+CTIP2+ dentate granule neurons split by mature/immature, activity state, and 1hr/4hr timepoint	GSM6603857	immatureactive, 4hr, X121119_101	immature	active	4hr	immatureactive	dentate granule cell	F	138			
GSE214309	X121119_102	mouse	dentate_gyrus	snRNA-seq	immature_active_4hr								True	Ensembl gene IDs in rows; marker genes currently resolved by feature-alias lookup; full object analysis needs complete Ensembl-to-symbol map	promote_to_primary_dentate_activity_maturation_validation	PROX1+CTIP2+ dentate granule neurons split by mature/immature, activity state, and 1hr/4hr timepoint	GSM6603858	immatureactive, 4hr, X121119_102	immature	active	4hr	immatureactive	dentate granule cell	F	138			
GSE214309	X121119_104	mouse	dentate_gyrus	snRNA-seq	immature_inactive_or_unsorted_4hr								True	Ensembl gene IDs in rows; marker genes currently resolved by feature-alias lookup; full object analysis needs complete Ensembl-to-symbol map	promote_to_primary_dentate_activity_maturation_validation	PROX1+CTIP2+ dentate granule neurons split by mature/immature, activity state, and 1hr/4hr timepoint	GSM6603859	immature, 4hr, X121119_104	immature	inactive_or_unsorted	4hr	immature	dentate granule cell	F	138			
GSE214309	X121119_105	mouse	dentate_gyrus	snRNA-seq	mature_inactive_or_unsorted_4hr								True	Ensembl gene IDs in rows; marker genes currently resolved by feature-alias lookup; full object analysis needs complete Ensembl-to-symbol map	promote_to_primary_dentate_activity_maturation_validation	PROX1+CTIP2+ dentate granule neurons split by mature/immature, activity state, and 1hr/4hr timepoint	GSM6603860	mature, 4hr, X121119_105	mature	inactive_or_unsorted	4hr	mature	dentate granule cell	F	138			
GSE214309	X121119_106	mouse	dentate_gyrus	snRNA-seq	mature_active_4hr								True	Ensembl gene IDs in rows; marker genes currently resolved by feature-alias lookup; full object analysis needs complete Ensembl-to-symbol map	promote_to_primary_dentate_activity_maturation_validation	PROX1+CTIP2+ dentate granule neurons split by mature/immature, activity state, and 1hr/4hr timepoint	GSM6603861	matureactive, 4hr, X121119_106	mature	active	4hr	matureactive	dentate granule cell	F	138			
GSE214309	X121119_119	mouse	dentate_gyrus	snRNA-seq	mature_active_4hr								True	Ensembl gene IDs in rows; marker genes currently resolved by feature-alias lookup; full object analysis needs complete Ensembl-to-symbol map	promote_to_primary_dentate_activity_maturation_validation	PROX1+CTIP2+ dentate granule neurons split by mature/immature, activity state, and 1hr/4hr timepoint	GSM6603862	matureactive, 4hr, X121119_119	mature	active	4hr	matureactive	dentate granule cell	F	138			
GSE214309	X121119_12	mouse	dentate_gyrus	snRNA-seq	mature_active_4hr								True	Ensembl gene IDs in rows; marker genes currently resolved by feature-alias lookup; full object analysis needs complete Ensembl-to-symbol map	promote_to_primary_dentate_activity_maturation_validation	PROX1+CTIP2+ dentate granule neurons split by mature/immature, activity state, and 1hr/4hr timepoint	GSM6603863	matureactive, 4hr, X121119_12	mature	active	4hr	matureactive	dentate granule cell	M	134			
GSE214309	X121119_13	mouse	dentate_gyrus	snRNA-seq	mature_active_4hr								True	Ensembl gene IDs in rows; marker genes currently resolved by feature-alias lookup; full object analysis needs complete Ensembl-to-symbol map	promote_to_primary_dentate_activity_maturation_validation	PROX1+CTIP2+ dentate granule neurons split by mature/immature, activity state, and 1hr/4hr timepoint	GSM6603864	matureactive, 4hr, X121119_13	mature	active	4hr	matureactive	dentate granule cell	M	134			
GSE214309	X121119_15	mouse	dentate_gyrus	snRNA-seq	mature_active_4hr								True	Ensembl gene IDs in rows; marker genes currently resolved by feature-alias lookup; full object analysis needs complete Ensembl-to-symbol map	promote_to_primary_dentate_activity_maturation_validation	PROX1+CTIP2+ dentate granule neurons split by mature/immature, activity state, and 1hr/4hr timepoint	GSM6603865	matureactive, 4hr, X121119_15	mature	active	4hr	matureactive	dentate granule cell	M	134			
GSE214309	X121119_16	mouse	dentate_gyrus	snRNA-seq	immature_active_4hr								True	Ensembl gene IDs in rows; marker genes currently resolved by feature-alias lookup; full object analysis needs complete Ensembl-to-symbol map	promote_to_primary_dentate_activity_maturation_validation	PROX1+CTIP2+ dentate granule neurons split by mature/immature, activity state, and 1hr/4hr timepoint	GSM6603866	immatureactive, 4hr, X121119_16	immature	active	4hr	immatureactive	dentate granule cell	F	138			
GSE214309	X121119_17	mouse	dentate_gyrus	snRNA-seq	immature_inactive_or_unsorted_4hr								True	Ensembl gene IDs in rows; marker genes currently resolved by feature-alias lookup; full object analysis needs complete Ensembl-to-symbol map	promote_to_primary_dentate_activity_maturation_validation	PROX1+CTIP2+ dentate granule neurons split by mature/immature, activity state, and 1hr/4hr timepoint	GSM6603867	immature, 4hr, X121119_17	immature	inactive_or_unsorted	4hr	immature	dentate granule cell	F	138			
GSE214309	X121119_18	mouse	dentate_gyrus	snRNA-seq	mature_active_4hr								True	Ensembl gene IDs in rows; marker genes currently resolved by feature-alias lookup; full object analysis needs complete Ensembl-to-symbol map	promote_to_primary_dentate_activity_maturation_validation	PROX1+CTIP2+ dentate granule neurons split by mature/immature, activity state, and 1hr/4hr timepoint	GSM6603868	matureactive, 4hr, X121119_18	mature	active	4hr	matureactive	dentate granule cell	M	134			
GSE214309	X121119_21	mouse	dentate_gyrus	snRNA-seq	mature_active_4hr								True	Ensembl gene IDs in rows; marker genes currently resolved by feature-alias lookup; full object analysis needs complete Ensembl-to-symbol map	promote_to_primary_dentate_activity_maturation_validation	PROX1+CTIP2+ dentate granule neurons split by mature/immature, activity state, and 1hr/4hr timepoint	GSM6603869	matureactive, 4hr, X121119_21	mature	active	4hr	matureactive	dentate granule cell	M	134			
GSE214309	X121119_22	mouse	dentate_gyrus	snRNA-seq	mature_active_4hr								True	Ensembl gene IDs in rows; marker genes currently resolved by feature-alias lookup; full object analysis needs complete Ensembl-to-symbol map	promote_to_primary_dentate_activity_maturation_validation	PROX1+CTIP2+ dentate granule neurons split by mature/immature, activity state, and 1hr/4hr timepoint	GSM6603870	matureactive, 4hr, X121119_22	mature	active	4hr	matureactive	dentate granule cell	M	134			
GSE214309	X121119_23	mouse	dentate_gyrus	snRNA-seq	mature_active_4hr								True	Ensembl gene IDs in rows; marker genes currently resolved by feature-alias lookup; full object analysis needs complete Ensembl-to-symbol map	promote_to_primary_dentate_activity_maturation_validation	PROX1+CTIP2+ dentate granule neurons split by mature/immature, activity state, and 1hr/4hr timepoint	GSM6603871	matureactive, 4hr, X121119_23	mature	active	4hr	matureactive	dentate granule cell	M	134			
GSE214309	X121119_24	mouse	dentate_gyrus	snRNA-seq	immature_active_4hr								True	Ensembl gene IDs in rows; marker genes currently resolved by feature-alias lookup; full object analysis needs complete Ensembl-to-symbol map	promote_to_primary_dentate_activity_maturation_validation	PROX1+CTIP2+ dentate granule neurons split by mature/immature, activity state, and 1hr/4hr timepoint	GSM6603872	immatureactive, 4hr, X121119_24	immature	active	4hr	immatureactive	dentate granule cell	F	138			
GSE214309	X121119_26	mouse	dentate_gyrus	snRNA-seq	immature_inactive_or_unsorted_4hr								True	Ensembl gene IDs in rows; marker genes currently resolved by feature-alias lookup; full object analysis needs complete Ensembl-to-symbol map	promote_to_primary_dentate_activity_maturation_validation	PROX1+CTIP2+ dentate granule neurons split by mature/immature, activity state, and 1hr/4hr timepoint	GSM6603873	immature, 4hr, X121119_26	immature	inactive_or_unsorted	4hr	immature	dentate granule cell	M	134			
GSE214309	X121119_27	mouse	dentate_gyrus	snRNA-seq	immature_inactive_or_unsorted_4hr								True	Ensembl gene IDs in rows; marker genes currently resolved by feature-alias lookup; full object analysis needs complete Ensembl-to-symbol map	promote_to_primary_dentate_activity_maturation_validation	PROX1+CTIP2+ dentate granule neurons split by mature/immature, activity state, and 1hr/4hr timepoint	GSM6603874	immature, 4hr, X121119_27	immature	inactive_or_unsorted	4hr	immature	dentate granule cell	M	134			
GSE214309	X121119_28	mouse	dentate_gyrus	snRNA-seq	immature_inactive_or_unsorted_4hr								True	Ensembl gene IDs in rows; marker genes currently resolved by feature-alias lookup; full object analysis needs complete Ensembl-to-symbol map	promote_to_primary_dentate_activity_maturation_validation	PROX1+CTIP2+ dentate granule neurons split by mature/immature, activity state, and 1hr/4hr timepoint	GSM6603875	immature, 4hr, X121119_28	immature	inactive_or_unsorted	4hr	immature	dentate granule cell	M	134			
GSE214309	X121119_29	mouse	dentate_gyrus	snRNA-seq	immature_inactive_or_unsorted_4hr								True	Ensembl gene IDs in rows; marker genes currently resolved by feature-alias lookup; full object analysis needs complete Ensembl-to-symbol map	promote_to_primary_dentate_activity_maturation_validation	PROX1+CTIP2+ dentate granule neurons split by mature/immature, activity state, and 1hr/4hr timepoint	GSM6603876	immature, 4hr, X121119_29	immature	inactive_or_unsorted	4hr	immature	dentate granule cell	M	134			
GSE214309	X121119_30	mouse	dentate_gyrus	snRNA-seq	immature_inactive_or_unsorted_4hr								True	Ensembl gene IDs in rows; marker genes currently resolved by feature-alias lookup; full object analysis needs complete Ensembl-to-symbol map	promote_to_primary_dentate_activity_maturation_validation	PROX1+CTIP2+ dentate granule neurons split by mature/immature, activity state, and 1hr/4hr timepoint	GSM6603877	immature, 4hr, X121119_30	immature	inactive_or_unsorted	4hr	immature	dentate granule cell	M	134			
GSE214309	X121119_31	mouse	dentate_gyrus	snRNA-seq	immature_inactive_or_unsorted_4hr								True	Ensembl gene IDs in rows; marker genes currently resolved by feature-alias lookup; full object analysis needs complete Ensembl-to-symbol map	promote_to_primary_dentate_activity_maturation_validation	PROX1+CTIP2+ dentate granule neurons split by mature/immature, activity state, and 1hr/4hr timepoint	GSM6603878	immature, 4hr, X121119_31	immature	inactive_or_unsorted	4hr	immature	dentate granule cell	M	134			
GSE214309	X121119_34	mouse	dentate_gyrus	snRNA-seq	immature_inactive_or_unsorted_4hr								True	Ensembl gene IDs in rows; marker genes currently resolved by feature-alias lookup; full object analysis needs complete Ensembl-to-symbol map	promote_to_primary_dentate_activity_maturation_validation	PROX1+CTIP2+ dentate granule neurons split by mature/immature, activity state, and 1hr/4hr timepoint	GSM6603879	immature, 4hr, X121119_34	immature	inactive_or_unsorted	4hr	immature	dentate granule cell	M	134			
GSE214309	X121119_35	mouse	dentate_gyrus	snRNA-seq	immature_inactive_or_unsorted_4hr								True	Ensembl gene IDs in rows; marker genes currently resolved by feature-alias lookup; full object analysis needs complete Ensembl-to-symbol map	promote_to_primary_dentate_activity_maturation_validation	PROX1+CTIP2+ dentate granule neurons split by mature/immature, activity state, and 1hr/4hr timepoint	GSM6603880	immature, 4hr, X121119_35	immature	inactive_or_unsorted	4hr	immature	dentate granule cell	M	134			
GSE214309	X121119_37	mouse	dentate_gyrus	snRNA-seq	immature_inactive_or_unsorted_4hr								True	Ensembl gene IDs in rows; marker genes currently resolved by feature-alias lookup; full object analysis needs complete Ensembl-to-symbol map	promote_to_primary_dentate_activity_maturation_validation	PROX1+CTIP2+ dentate granule neurons split by mature/immature, activity state, and 1hr/4hr timepoint	GSM6603881	immature, 4hr, X121119_37	immature	inactive_or_unsorted	4hr	immature	dentate granule cell	M	134			
GSE214309	X121119_38	mouse	dentate_gyrus	snRNA-seq	immature_inactive_or_unsorted_4hr								True	Ensembl gene IDs in rows; marker genes currently resolved by feature-alias lookup; full object analysis needs complete Ensembl-to-symbol map	promote_to_primary_dentate_activity_maturation_validation	PROX1+CTIP2+ dentate granule neurons split by mature/immature, activity state, and 1hr/4hr timepoint	GSM6603882	immature, 4hr, X121119_38	immature	inactive_or_unsorted	4hr	immature	dentate granule cell	M	134			
GSE214309	X121119_39	mouse	dentate_gyrus	snRNA-seq	immature_inactive_or_unsorted_4hr								True	Ensembl gene IDs in rows; marker genes currently resolved by feature-alias lookup; full object analysis needs complete Ensembl-to-symbol map	promote_to_primary_dentate_activity_maturation_validation	PROX1+CTIP2+ dentate granule neurons split by mature/immature, activity state, and 1hr/4hr timepoint	GSM6603883	immature, 4hr, X121119_39	immature	inactive_or_unsorted	4hr	immature	dentate granule cell	M	134			
GSE214309	X121119_42	mouse	dentate_gyrus	snRNA-seq	immature_active_4hr								True	Ensembl gene IDs in rows; marker genes currently resolved by feature-alias lookup; full object analysis needs complete Ensembl-to-symbol map	promote_to_primary_dentate_activity_maturation_validation	PROX1+CTIP2+ dentate granule neurons split by mature/immature, activity state, and 1hr/4hr timepoint	GSM6603884	immatureactive, 4hr, X121119_42	immature	active	4hr	immatureactive	dentate granule cell	M	134			
GSE214309	X121119_43	mouse	dentate_gyrus	snRNA-seq	immature_active_4hr								True	Ensembl gene IDs in rows; marker genes currently resolved by feature-alias lookup; full object analysis needs complete Ensembl-to-symbol map	promote_to_primary_dentate_activity_maturation_validation	PROX1+CTIP2+ dentate granule neurons split by mature/immature, activity state, and 1hr/4hr timepoint	GSM6603885	immatureactive, 4hr, X121119_43	immature	active	4hr	immatureactive	dentate granule cell	M	134			
GSE214309	X121119_46	mouse	dentate_gyrus	snRNA-seq	immature_active_4hr								True	Ensembl gene IDs in rows; marker genes currently resolved by feature-alias lookup; full object analysis needs complete Ensembl-to-symbol map	promote_to_primary_dentate_activity_maturation_validation	PROX1+CTIP2+ dentate granule neurons split by mature/immature, activity state, and 1hr/4hr timepoint	GSM6603886	immatureactive, 4hr, X121119_46	immature	active	4hr	immatureactive	dentate granule cell	M	134			
GSE214309	X121119_47	mouse	dentate_gyrus	snRNA-seq	immature_active_4hr								True	Ensembl gene IDs in rows; marker genes currently resolved by feature-alias lookup; full object analysis needs complete Ensembl-to-symbol map	promote_to_primary_dentate_activity_maturation_validation	PROX1+CTIP2+ dentate granule neurons split by mature/immature, activity state, and 1hr/4hr timepoint	GSM6603887	immatureactive, 4hr, X121119_47	immature	active	4hr	immatureactive	dentate granule cell	M	134			
GSE214309	X121119_48	mouse	dentate_gyrus	snRNA-seq	immature_active_4hr								True	Ensembl gene IDs in rows; marker genes currently resolved by feature-alias lookup; full object analysis needs complete Ensembl-to-symbol map	promote_to_primary_dentate_activity_maturation_validation	PROX1+CTIP2+ dentate granule neurons split by mature/immature, activity state, and 1hr/4hr timepoint	GSM6603888	immatureactive, 4hr, X121119_48	immature	active	4hr	immatureactive	dentate granule cell	F	138			
GSE214309	X121119_50	mouse	dentate_gyrus	snRNA-seq	immature_active_4hr								True	Ensembl gene IDs in rows; marker genes currently resolved by feature-alias lookup; full object analysis needs complete Ensembl-to-symbol map	promote_to_primary_dentate_activity_maturation_validation	PROX1+CTIP2+ dentate granule neurons split by mature/immature, activity state, and 1hr/4hr timepoint	GSM6603889	immatureactive, 4hr, X121119_50	immature	active	4hr	immatureactive	dentate granule cell	M	134			
GSE214309	X121119_51	mouse	dentate_gyrus	snRNA-seq	immature_active_4hr								True	Ensembl gene IDs in rows; marker genes currently resolved by feature-alias lookup; full object analysis needs complete Ensembl-to-symbol map	promote_to_primary_dentate_activity_maturation_validation	PROX1+CTIP2+ dentate granule neurons split by mature/immature, activity state, and 1hr/4hr timepoint	GSM6603890	immatureactive, 4hr, X121119_51	immature	active	4hr	immatureactive	dentate granule cell	M	134			
GSE214309	X121119_52	mouse	dentate_gyrus	snRNA-seq	immature_active_4hr								True	Ensembl gene IDs in rows; marker genes currently resolved by feature-alias lookup; full object analysis needs complete Ensembl-to-symbol map	promote_to_primary_dentate_activity_maturation_validation	PROX1+CTIP2+ dentate granule neurons split by mature/immature, activity state, and 1hr/4hr timepoint	GSM6603891	immatureactive, 4hr, X121119_52	immature	active	4hr	immatureactive	dentate granule cell	M	134			
GSE214309	X121119_53	mouse	dentate_gyrus	snRNA-seq	immature_active_4hr								True	Ensembl gene IDs in rows; marker genes currently resolved by feature-alias lookup; full object analysis needs complete Ensembl-to-symbol map	promote_to_primary_dentate_activity_maturation_validation	PROX1+CTIP2+ dentate granule neurons split by mature/immature, activity state, and 1hr/4hr timepoint	GSM6603892	immatureactive, 4hr, X121119_53	immature	active	4hr	immatureactive	dentate granule cell	M	134			
GSE214309	X121119_55	mouse	dentate_gyrus	snRNA-seq	immature_active_4hr								True	Ensembl gene IDs in rows; marker genes currently resolved by feature-alias lookup; full object analysis needs complete Ensembl-to-symbol map	promote_to_primary_dentate_activity_maturation_validation	PROX1+CTIP2+ dentate granule neurons split by mature/immature, activity state, and 1hr/4hr timepoint	GSM6603893	immatureactive, 4hr, X121119_55	immature	active	4hr	immatureactive	dentate granule cell	M	134			
GSE214309	X121119_56	mouse	dentate_gyrus	snRNA-seq	immature_active_4hr								True	Ensembl gene IDs in rows; marker genes currently resolved by feature-alias lookup; full object analysis needs complete Ensembl-to-symbol map	promote_to_primary_dentate_activity_maturation_validation	PROX1+CTIP2+ dentate granule neurons split by mature/immature, activity state, and 1hr/4hr timepoint	GSM6603894	immatureactive, 4hr, X121119_56	immature	active	4hr	immatureactive	dentate granule cell	F	138			
GSE214309	X121119_58	mouse	dentate_gyrus	snRNA-seq	mature_inactive_or_unsorted_4hr								True	Ensembl gene IDs in rows; marker genes currently resolved by feature-alias lookup; full object analysis needs complete Ensembl-to-symbol map	promote_to_primary_dentate_activity_maturation_validation	PROX1+CTIP2+ dentate granule neurons split by mature/immature, activity state, and 1hr/4hr timepoint	GSM6603895	mature, 4hr, X121119_58	mature	inactive_or_unsorted	4hr	mature	dentate granule cell	M	135			
GSE214309	X121119_60	mouse	dentate_gyrus	snRNA-seq	mature_inactive_or_unsorted_4hr								True	Ensembl gene IDs in rows; marker genes currently resolved by feature-alias lookup; full object analysis needs complete Ensembl-to-symbol map	promote_to_primary_dentate_activity_maturation_validation	PROX1+CTIP2+ dentate granule neurons split by mature/immature, activity state, and 1hr/4hr timepoint	GSM6603896	mature, 4hr, X121119_60	mature	inactive_or_unsorted	4hr	mature	dentate granule cell	M	135			
GSE214309	X121119_62	mouse	dentate_gyrus	snRNA-seq	mature_inactive_or_unsorted_4hr								True	Ensembl gene IDs in rows; marker genes currently resolved by feature-alias lookup; full object analysis needs complete Ensembl-to-symbol map	promote_to_primary_dentate_activity_maturation_validation	PROX1+CTIP2+ dentate granule neurons split by mature/immature, activity state, and 1hr/4hr timepoint	GSM6603897	mature, 4hr, X121119_62	mature	inactive_or_unsorted	4hr	mature	dentate granule cell	M	135			
GSE214309	X121119_63	mouse	dentate_gyrus	snRNA-seq	mature_inactive_or_unsorted_4hr								True	Ensembl gene IDs in rows; marker genes currently resolved by feature-alias lookup; full object analysis needs complete Ensembl-to-symbol map	promote_to_primary_dentate_activity_maturation_validation	PROX1+CTIP2+ dentate granule neurons split by mature/immature, activity state, and 1hr/4hr timepoint	GSM6603898	mature, 4hr, X121119_63	mature	inactive_or_unsorted	4hr	mature	dentate granule cell	M	135			
GSE214309	X121119_65	mouse	dentate_gyrus	snRNA-seq	mature_inactive_or_unsorted_4hr								True	Ensembl gene IDs in rows; marker genes currently resolved by feature-alias lookup; full object analysis needs complete Ensembl-to-symbol map	promote_to_primary_dentate_activity_maturation_validation	PROX1+CTIP2+ dentate granule neurons split by mature/immature, activity state, and 1hr/4hr timepoint	GSM6603899	mature, 4hr, X121119_65	mature	inactive_or_unsorted	4hr	mature	dentate granule cell	F	138			
GSE214309	X121119_66	mouse	dentate_gyrus	snRNA-seq	mature_active_4hr								True	Ensembl gene IDs in rows; marker genes currently resolved by feature-alias lookup; full object analysis needs complete Ensembl-to-symbol map	promote_to_primary_dentate_activity_maturation_validation	PROX1+CTIP2+ dentate granule neurons split by mature/immature, activity state, and 1hr/4hr timepoint	GSM6603900	matureactive, 4hr, X121119_66	mature	active	4hr	matureactive	dentate granule cell	M	135			
GSE214309	X121119_68	mouse	dentate_gyrus	snRNA-seq	mature_active_4hr								True	Ensembl gene IDs in rows; marker genes currently resolved by feature-alias lookup; full object analysis needs complete Ensembl-to-symbol map	promote_to_primary_dentate_activity_maturation_validation	PROX1+CTIP2+ dentate granule neurons split by mature/immature, activity state, and 1hr/4hr timepoint	GSM6603901	matureactive, 4hr, X121119_68	mature	active	4hr	matureactive	dentate granule cell	M	135			
GSE214309	X121119_71	mouse	dentate_gyrus	snRNA-seq	mature_active_4hr								True	Ensembl gene IDs in rows; marker genes currently resolved by feature-alias lookup; full object analysis needs complete Ensembl-to-symbol map	promote_to_primary_dentate_activity_maturation_validation	PROX1+CTIP2+ dentate granule neurons split by mature/immature, activity state, and 1hr/4hr timepoint	GSM6603902	matureactive, 4hr, X121119_71	mature	active	4hr	matureactive	dentate granule cell	M	135			
GSE214309	X121119_77	mouse	dentate_gyrus	snRNA-seq	mature_active_4hr								True	Ensembl gene IDs in rows; marker genes currently resolved by feature-alias lookup; full object analysis needs complete Ensembl-to-symbol map	promote_to_primary_dentate_activity_maturation_validation	PROX1+CTIP2+ dentate granule neurons split by mature/immature, activity state, and 1hr/4hr timepoint	GSM6603903	matureactive, 4hr, X121119_77	mature	active	4hr	matureactive	dentate granule cell	M	135			
GSE214309	X121119_78	mouse	dentate_gyrus	snRNA-seq	mature_active_4hr								True	Ensembl gene IDs in rows; marker genes currently resolved by feature-alias lookup; full object analysis needs complete Ensembl-to-symbol map	promote_to_primary_dentate_activity_maturation_validation	PROX1+CTIP2+ dentate granule neurons split by mature/immature, activity state, and 1hr/4hr timepoint	GSM6603904	matureactive, 4hr, X121119_78	mature	active	4hr	matureactive	dentate granule cell	M	135			
GSE214309	X121119_79	mouse	dentate_gyrus	snRNA-seq	mature_active_4hr								True	Ensembl gene IDs in rows; marker genes currently resolved by feature-alias lookup; full object analysis needs complete Ensembl-to-symbol map	promote_to_primary_dentate_activity_maturation_validation	PROX1+CTIP2+ dentate granule neurons split by mature/immature, activity state, and 1hr/4hr timepoint	GSM6603905	matureactive, 4hr, X121119_79	mature	active	4hr	matureactive	dentate granule cell	M	135			
GSE214309	X121119_81	mouse	dentate_gyrus	snRNA-seq	mature_inactive_or_unsorted_4hr								True	Ensembl gene IDs in rows; marker genes currently resolved by feature-alias lookup; full object analysis needs complete Ensembl-to-symbol map	promote_to_primary_dentate_activity_maturation_validation	PROX1+CTIP2+ dentate granule neurons split by mature/immature, activity state, and 1hr/4hr timepoint	GSM6603906	mature, 4hr, X121119_81	mature	inactive_or_unsorted	4hr	mature	dentate granule cell	F	138			
GSE214309	X121119_83	mouse	dentate_gyrus	snRNA-seq	immature_inactive_or_unsorted_4hr								True	Ensembl gene IDs in rows; marker genes currently resolved by feature-alias lookup; full object analysis needs complete Ensembl-to-symbol map	promote_to_primary_dentate_activity_maturation_validation	PROX1+CTIP2+ dentate granule neurons split by mature/immature, activity state, and 1hr/4hr timepoint	GSM6603907	immature, 4hr, X121119_83	immature	inactive_or_unsorted	4hr	immature	dentate granule cell	M	135			
GSE214309	X121119_84	mouse	dentate_gyrus	snRNA-seq	immature_inactive_or_unsorted_4hr								True	Ensembl gene IDs in rows; marker genes currently resolved by feature-alias lookup; full object analysis needs complete Ensembl-to-symbol map	promote_to_primary_dentate_activity_maturation_validation	PROX1+CTIP2+ dentate granule neurons split by mature/immature, activity state, and 1hr/4hr timepoint	GSM6603908	immature, 4hr, X121119_84	immature	inactive_or_unsorted	4hr	immature	dentate granule cell	M	135			
GSE214309	X121119_85	mouse	dentate_gyrus	snRNA-seq	immature_inactive_or_unsorted_4hr								True	Ensembl gene IDs in rows; marker genes currently resolved by feature-alias lookup; full object analysis needs complete Ensembl-to-symbol map	promote_to_primary_dentate_activity_maturation_validation	PROX1+CTIP2+ dentate granule neurons split by mature/immature, activity state, and 1hr/4hr timepoint	GSM6603909	immature, 4hr, X121119_85	immature	inactive_or_unsorted	4hr	immature	dentate granule cell	M	135			
GSE214309	X121119_86	mouse	dentate_gyrus	snRNA-seq	immature_inactive_or_unsorted_4hr								True	Ensembl gene IDs in rows; marker genes currently resolved by feature-alias lookup; full object analysis needs complete Ensembl-to-symbol map	promote_to_primary_dentate_activity_maturation_validation	PROX1+CTIP2+ dentate granule neurons split by mature/immature, activity state, and 1hr/4hr timepoint	GSM6603910	immature, 4hr, X121119_86	immature	inactive_or_unsorted	4hr	immature	dentate granule cell	M	135			
GSE214309	X121119_87	mouse	dentate_gyrus	snRNA-seq	immature_inactive_or_unsorted_4hr								True	Ensembl gene IDs in rows; marker genes currently resolved by feature-alias lookup; full object analysis needs complete Ensembl-to-symbol map	promote_to_primary_dentate_activity_maturation_validation	PROX1+CTIP2+ dentate granule neurons split by mature/immature, activity state, and 1hr/4hr timepoint	GSM6603911	immature, 4hr, X121119_87	immature	inactive_or_unsorted	4hr	immature	dentate granule cell	M	135			
GSE214309	X121119_88	mouse	dentate_gyrus	snRNA-seq	immature_inactive_or_unsorted_4hr								True	Ensembl gene IDs in rows; marker genes currently resolved by feature-alias lookup; full object analysis needs complete Ensembl-to-symbol map	promote_to_primary_dentate_activity_maturation_validation	PROX1+CTIP2+ dentate granule neurons split by mature/immature, activity state, and 1hr/4hr timepoint	GSM6603912	immature, 4hr, X121119_88	immature	inactive_or_unsorted	4hr	immature	dentate granule cell	F	138			
GSE214309	X121119_90	mouse	dentate_gyrus	snRNA-seq	immature_inactive_or_unsorted_4hr								True	Ensembl gene IDs in rows; marker genes currently resolved by feature-alias lookup; full object analysis needs complete Ensembl-to-symbol map	promote_to_primary_dentate_activity_maturation_validation	PROX1+CTIP2+ dentate granule neurons split by mature/immature, activity state, and 1hr/4hr timepoint	GSM6603913	immature, 4hr, X121119_90	immature	inactive_or_unsorted	4hr	immature	dentate granule cell	M	135			
GSE214309	X121119_91	mouse	dentate_gyrus	snRNA-seq	immature_inactive_or_unsorted_4hr								True	Ensembl gene IDs in rows; marker genes currently resolved by feature-alias lookup; full object analysis needs complete Ensembl-to-symbol map	promote_to_primary_dentate_activity_maturation_validation	PROX1+CTIP2+ dentate granule neurons split by mature/immature, activity state, and 1hr/4hr timepoint	GSM6603914	immature, 4hr, X121119_91	immature	inactive_or_unsorted	4hr	immature	dentate granule cell	M	135			
GSE214309	X121119_92	mouse	dentate_gyrus	snRNA-seq	immature_inactive_or_unsorted_4hr								True	Ensembl gene IDs in rows; marker genes currently resolved by feature-alias lookup; full object analysis needs complete Ensembl-to-symbol map	promote_to_primary_dentate_activity_maturation_validation	PROX1+CTIP2+ dentate granule neurons split by mature/immature, activity state, and 1hr/4hr timepoint	GSM6603915	immature, 4hr, X121119_92	immature	inactive_or_unsorted	4hr	immature	dentate granule cell	M	135			
GSE214309	X121119_94	mouse	dentate_gyrus	snRNA-seq	immature_inactive_or_unsorted_4hr								True	Ensembl gene IDs in rows; marker genes currently resolved by feature-alias lookup; full object analysis needs complete Ensembl-to-symbol map	promote_to_primary_dentate_activity_maturation_validation	PROX1+CTIP2+ dentate granule neurons split by mature/immature, activity state, and 1hr/4hr timepoint	GSM6603916	immature, 4hr, X121119_94	immature	inactive_or_unsorted	4hr	immature	dentate granule cell	M	135			
GSE214309	X121119_95	mouse	dentate_gyrus	snRNA-seq	immature_inactive_or_unsorted_4hr								True	Ensembl gene IDs in rows; marker genes currently resolved by feature-alias lookup; full object analysis needs complete Ensembl-to-symbol map	promote_to_primary_dentate_activity_maturation_validation	PROX1+CTIP2+ dentate granule neurons split by mature/immature, activity state, and 1hr/4hr timepoint	GSM6603917	immature, 4hr, X121119_95	immature	inactive_or_unsorted	4hr	immature	dentate granule cell	M	135			
GSE214309	X121119_97	mouse	dentate_gyrus	snRNA-seq	mature_inactive_or_unsorted_4hr								True	Ensembl gene IDs in rows; marker genes currently resolved by feature-alias lookup; full object analysis needs complete Ensembl-to-symbol map	promote_to_primary_dentate_activity_maturation_validation	PROX1+CTIP2+ dentate granule neurons split by mature/immature, activity state, and 1hr/4hr timepoint	GSM6603918	mature, 4hr, X121119_97	mature	inactive_or_unsorted	4hr	mature	dentate granule cell	F	138			
GSE214309	X121119_98	mouse	dentate_gyrus	snRNA-seq	immature_active_4hr								True	Ensembl gene IDs in rows; marker genes currently resolved by feature-alias lookup; full object analysis needs complete Ensembl-to-symbol map	promote_to_primary_dentate_activity_maturation_validation	PROX1+CTIP2+ dentate granule neurons split by mature/immature, activity state, and 1hr/4hr timepoint	GSM6603919	immatureactive, 4hr, X121119_98	immature	active	4hr	immatureactive	dentate granule cell	M	135			
GSE214905	M1	mouse	dentate_gyrus	patch-seq	kainic_acid_EGFPplus_Passed								True	gene symbols already present in GENESYMBOL column	supporting_targeted_patch_seq_validation_not_primary_discovery	transcription linked to EGFP+/EGFP- projection physiology; small targeted patch-seq design	GSM6617676									kainic acid	EGFP+	Passed
GSE214905	M2	mouse	dentate_gyrus	patch-seq	kainic_acid_EGFPplus_Passed								True	gene symbols already present in GENESYMBOL column	supporting_targeted_patch_seq_validation_not_primary_discovery	transcription linked to EGFP+/EGFP- projection physiology; small targeted patch-seq design	GSM6617677									kainic acid	EGFP+	Passed
GSE214905	M3_1	mouse	dentate_gyrus	patch-seq	kainic_acid_EGFPplus_Passed								False	gene symbols already present in GENESYMBOL column	supporting_targeted_patch_seq_validation_not_primary_discovery	transcription linked to EGFP+/EGFP- projection physiology; small targeted patch-seq design	GSM6617678									kainic acid	EGFP+	Passed
GSE214905	M4_1	mouse	dentate_gyrus	patch-seq	kainic_acid_EGFPplus_Passed								False	gene symbols already present in GENESYMBOL column	supporting_targeted_patch_seq_validation_not_primary_discovery	transcription linked to EGFP+/EGFP- projection physiology; small targeted patch-seq design	GSM6617679									kainic acid	EGFP+	Passed
GSE214905	M5_1	mouse	dentate_gyrus	patch-seq	kainic_acid_EGFPplus_Passed								False	gene symbols already present in GENESYMBOL column	supporting_targeted_patch_seq_validation_not_primary_discovery	transcription linked to EGFP+/EGFP- projection physiology; small targeted patch-seq design	GSM6617680									kainic acid	EGFP+	Passed
GSE214905	M6_1	mouse	dentate_gyrus	patch-seq	kainic_acid_EGFPplus_Passed								False	gene symbols already present in GENESYMBOL column	supporting_targeted_patch_seq_validation_not_primary_discovery	transcription linked to EGFP+/EGFP- projection physiology; small targeted patch-seq design	GSM6617681									kainic acid	EGFP+	Passed
GSE214905	M7_1	mouse	dentate_gyrus	patch-seq	kainic_acid_EGFPplus_Passed								False	gene symbols already present in GENESYMBOL column	supporting_targeted_patch_seq_validation_not_primary_discovery	transcription linked to EGFP+/EGFP- projection physiology; small targeted patch-seq design	GSM6617682									kainic acid	EGFP+	Passed
GSE214905	M8	mouse	dentate_gyrus	patch-seq	kainic_acid_EGFPplus_Passed								True	gene symbols already present in GENESYMBOL column	supporting_targeted_patch_seq_validation_not_primary_discovery	transcription linked to EGFP+/EGFP- projection physiology; small targeted patch-seq design	GSM6617683									kainic acid	EGFP+	Passed
GSE214905	M9	mouse	dentate_gyrus	patch-seq	kainic_acid_EGFPplus_Passed								True	gene symbols already present in GENESYMBOL column	supporting_targeted_patch_seq_validation_not_primary_discovery	transcription linked to EGFP+/EGFP- projection physiology; small targeted patch-seq design	GSM6617684									kainic acid	EGFP+	Passed
GSE214905	M10	mouse	dentate_gyrus	patch-seq	kainic_acid_EGFPplus_Passed								True	gene symbols already present in GENESYMBOL column	supporting_targeted_patch_seq_validation_not_primary_discovery	transcription linked to EGFP+/EGFP- projection physiology; small targeted patch-seq design	GSM6617685									kainic acid	EGFP+	Passed
GSE214905	M11	mouse	dentate_gyrus	patch-seq	kainic_acid_EGFPplus_Passed								True	gene symbols already present in GENESYMBOL column	supporting_targeted_patch_seq_validation_not_primary_discovery	transcription linked to EGFP+/EGFP- projection physiology; small targeted patch-seq design	GSM6617686									kainic acid	EGFP+	Passed
GSE214905	M12	mouse	dentate_gyrus	patch-seq	kainic_acid_EGFPplus_Passed								True	gene symbols already present in GENESYMBOL column	supporting_targeted_patch_seq_validation_not_primary_discovery	transcription linked to EGFP+/EGFP- projection physiology; small targeted patch-seq design	GSM6617687									kainic acid	EGFP+	Passed
GSE214905	M13	mouse	dentate_gyrus	patch-seq	kainic_acid_EGFPplus_Passed								True	gene symbols already present in GENESYMBOL column	supporting_targeted_patch_seq_validation_not_primary_discovery	transcription linked to EGFP+/EGFP- projection physiology; small targeted patch-seq design	GSM6617688									kainic acid	EGFP+	Passed
GSE214905	M14	mouse	dentate_gyrus	patch-seq	kainic_acid_EGFPplus_Passed								True	gene symbols already present in GENESYMBOL column	supporting_targeted_patch_seq_validation_not_primary_discovery	transcription linked to EGFP+/EGFP- projection physiology; small targeted patch-seq design	GSM6617689									kainic acid	EGFP+	Passed
GSE214905	M15	mouse	dentate_gyrus	patch-seq	kainic_acid_EGFPplus_Passed								True	gene symbols already present in GENESYMBOL column	supporting_targeted_patch_seq_validation_not_primary_discovery	transcription linked to EGFP+/EGFP- projection physiology; small targeted patch-seq design	GSM6617690									kainic acid	EGFP+	Passed
GSE214905	M16	mouse	dentate_gyrus	patch-seq	kainic_acid_EGFPplus_Passed								True	gene symbols already present in GENESYMBOL column	supporting_targeted_patch_seq_validation_not_primary_discovery	transcription linked to EGFP+/EGFP- projection physiology; small targeted patch-seq design	GSM6617691									kainic acid	EGFP+	Passed
GSE214905	M17	mouse	dentate_gyrus	patch-seq	kainic_acid_EGFPplus_Passed								True	gene symbols already present in GENESYMBOL column	supporting_targeted_patch_seq_validation_not_primary_discovery	transcription linked to EGFP+/EGFP- projection physiology; small targeted patch-seq design	GSM6617692									kainic acid	EGFP+	Passed
GSE214905	M18	mouse	dentate_gyrus	patch-seq	kainic_acid_EGFPplus_Passed								True	gene symbols already present in GENESYMBOL column	supporting_targeted_patch_seq_validation_not_primary_discovery	transcription linked to EGFP+/EGFP- projection physiology; small targeted patch-seq design	GSM6617693									kainic acid	EGFP+	Passed
GSE214905	M19	mouse	dentate_gyrus	patch-seq	kainic_acid_EGFPplus_Passed								True	gene symbols already present in GENESYMBOL column	supporting_targeted_patch_seq_validation_not_primary_discovery	transcription linked to EGFP+/EGFP- projection physiology; small targeted patch-seq design	GSM6617694									kainic acid	EGFP+	Passed
GSE214905	M20	mouse	dentate_gyrus	patch-seq	kainic_acid_EGFPminus_Passed								True	gene symbols already present in GENESYMBOL column	supporting_targeted_patch_seq_validation_not_primary_discovery	transcription linked to EGFP+/EGFP- projection physiology; small targeted patch-seq design	GSM6617695									kainic acid	EGFP-	Passed
GSE214905	M21	mouse	dentate_gyrus	patch-seq	kainic_acid_EGFPplus_Passed								True	gene symbols already present in GENESYMBOL column	supporting_targeted_patch_seq_validation_not_primary_discovery	transcription linked to EGFP+/EGFP- projection physiology; small targeted patch-seq design	GSM6617696									kainic acid	EGFP+	Passed
GSE214905	M22	mouse	dentate_gyrus	patch-seq	kainic_acid_EGFPminus_Passed								True	gene symbols already present in GENESYMBOL column	supporting_targeted_patch_seq_validation_not_primary_discovery	transcription linked to EGFP+/EGFP- projection physiology; small targeted patch-seq design	GSM6617697									kainic acid	EGFP-	Passed
GSE214905	M23	mouse	dentate_gyrus	patch-seq	kainic_acid_EGFPplus_Passed								True	gene symbols already present in GENESYMBOL column	supporting_targeted_patch_seq_validation_not_primary_discovery	transcription linked to EGFP+/EGFP- projection physiology; small targeted patch-seq design	GSM6617698									kainic acid	EGFP+	Passed
GSE214905	M24	mouse	dentate_gyrus	patch-seq	kainic_acid_EGFPminus_Failed								True	gene symbols already present in GENESYMBOL column	supporting_targeted_patch_seq_validation_not_primary_discovery	transcription linked to EGFP+/EGFP- projection physiology; small targeted patch-seq design	GSM6617699									kainic acid	EGFP-	Failed
GSE214905	M25	mouse	dentate_gyrus	patch-seq	kainic_acid_EGFPminus_Passed								False	gene symbols already present in GENESYMBOL column	supporting_targeted_patch_seq_validation_not_primary_discovery	transcription linked to EGFP+/EGFP- projection physiology; small targeted patch-seq design	GSM6617700									kainic acid	EGFP-	Passed
GSE214905	M26	mouse	dentate_gyrus	patch-seq	kainic_acid_EGFPminus_Passed								True	gene symbols already present in GENESYMBOL column	supporting_targeted_patch_seq_validation_not_primary_discovery	transcription linked to EGFP+/EGFP- projection physiology; small targeted patch-seq design	GSM6617701									kainic acid	EGFP-	Passed
GSE214905	M27	mouse	dentate_gyrus	patch-seq	kainic_acid_EGFPplus_Passed								True	gene symbols already present in GENESYMBOL column	supporting_targeted_patch_seq_validation_not_primary_discovery	transcription linked to EGFP+/EGFP- projection physiology; small targeted patch-seq design	GSM6617702									kainic acid	EGFP+	Passed
GSE214905	M28	mouse	dentate_gyrus	patch-seq	kainic_acid_EGFPminus_Passed								True	gene symbols already present in GENESYMBOL column	supporting_targeted_patch_seq_validation_not_primary_discovery	transcription linked to EGFP+/EGFP- projection physiology; small targeted patch-seq design	GSM6617703									kainic acid	EGFP-	Passed
GSE214905	M29	mouse	dentate_gyrus	patch-seq	kainic_acid_EGFPminus_Passed								True	gene symbols already present in GENESYMBOL column	supporting_targeted_patch_seq_validation_not_primary_discovery	transcription linked to EGFP+/EGFP- projection physiology; small targeted patch-seq design	GSM6617704									kainic acid	EGFP-	Passed
GSE214905	M30	mouse	dentate_gyrus	patch-seq	kainic_acid_EGFPminus_Passed								True	gene symbols already present in GENESYMBOL column	supporting_targeted_patch_seq_validation_not_primary_discovery	transcription linked to EGFP+/EGFP- projection physiology; small targeted patch-seq design	GSM6617705									kainic acid	EGFP-	Passed
GSE214905	M31	mouse	dentate_gyrus	patch-seq	kainic_acid_EGFPminus_Passed								True	gene symbols already present in GENESYMBOL column	supporting_targeted_patch_seq_validation_not_primary_discovery	transcription linked to EGFP+/EGFP- projection physiology; small targeted patch-seq design	GSM6617706									kainic acid	EGFP-	Passed
GSE214905	M32	mouse	dentate_gyrus	patch-seq	kainic_acid_EGFPminus_Passed								True	gene symbols already present in GENESYMBOL column	supporting_targeted_patch_seq_validation_not_primary_discovery	transcription linked to EGFP+/EGFP- projection physiology; small targeted patch-seq design	GSM6617707									kainic acid	EGFP-	Passed
GSE214905	M33	mouse	dentate_gyrus	patch-seq	kainic_acid_EGFPminus_Passed								True	gene symbols already present in GENESYMBOL column	supporting_targeted_patch_seq_validation_not_primary_discovery	transcription linked to EGFP+/EGFP- projection physiology; small targeted patch-seq design	GSM6617708									kainic acid	EGFP-	Passed
GSE214905	M35	mouse	dentate_gyrus	patch-seq	kainic_acid_EGFPminus_Passed								True	gene symbols already present in GENESYMBOL column	supporting_targeted_patch_seq_validation_not_primary_discovery	transcription linked to EGFP+/EGFP- projection physiology; small targeted patch-seq design	GSM6617709									kainic acid	EGFP-	Passed
GSE214905	M36	mouse	dentate_gyrus	patch-seq	kainic_acid_EGFPminus_Passed								True	gene symbols already present in GENESYMBOL column	supporting_targeted_patch_seq_validation_not_primary_discovery	transcription linked to EGFP+/EGFP- projection physiology; small targeted patch-seq design	GSM6617710									kainic acid	EGFP-	Passed
GSE214905	M37	mouse	dentate_gyrus	patch-seq	kainic_acid_EGFPminus_Passed								True	gene symbols already present in GENESYMBOL column	supporting_targeted_patch_seq_validation_not_primary_discovery	transcription linked to EGFP+/EGFP- projection physiology; small targeted patch-seq design	GSM6617711									kainic acid	EGFP-	Passed
GSE214905	M38	mouse	dentate_gyrus	patch-seq	kainic_acid_EGFPplus_Passed								True	gene symbols already present in GENESYMBOL column	supporting_targeted_patch_seq_validation_not_primary_discovery	transcription linked to EGFP+/EGFP- projection physiology; small targeted patch-seq design	GSM6617712									kainic acid	EGFP+	Passed
GSE214905	M39	mouse	dentate_gyrus	patch-seq	kainic_acid_EGFPminus_Passed								True	gene symbols already present in GENESYMBOL column	supporting_targeted_patch_seq_validation_not_primary_discovery	transcription linked to EGFP+/EGFP- projection physiology; small targeted patch-seq design	GSM6617713									kainic acid	EGFP-	Passed
GSE214905	M40	mouse	dentate_gyrus	patch-seq	kainic_acid_EGFPminus_Passed								True	gene symbols already present in GENESYMBOL column	supporting_targeted_patch_seq_validation_not_primary_discovery	transcription linked to EGFP+/EGFP- projection physiology; small targeted patch-seq design	GSM6617714									kainic acid	EGFP-	Passed
GSE214905	M41	mouse	dentate_gyrus	patch-seq	kainic_acid_EGFPminus_Passed								True	gene symbols already present in GENESYMBOL column	supporting_targeted_patch_seq_validation_not_primary_discovery	transcription linked to EGFP+/EGFP- projection physiology; small targeted patch-seq design	GSM6617715									kainic acid	EGFP-	Passed
GSE214905	M42	mouse	dentate_gyrus	patch-seq	kainic_acid_EGFPminus_Passed								True	gene symbols already present in GENESYMBOL column	supporting_targeted_patch_seq_validation_not_primary_discovery	transcription linked to EGFP+/EGFP- projection physiology; small targeted patch-seq design	GSM6617716									kainic acid	EGFP-	Passed
GSE214905	M44	mouse	dentate_gyrus	patch-seq	kainic_acid_EGFPminus_Passed								True	gene symbols already present in GENESYMBOL column	supporting_targeted_patch_seq_validation_not_primary_discovery	transcription linked to EGFP+/EGFP- projection physiology; small targeted patch-seq design	GSM6617717									kainic acid	EGFP-	Passed
GSE214905	M45	mouse	dentate_gyrus	patch-seq	kainic_acid_EGFPplus_Passed								True	gene symbols already present in GENESYMBOL column	supporting_targeted_patch_seq_validation_not_primary_discovery	transcription linked to EGFP+/EGFP- projection physiology; small targeted patch-seq design	GSM6617718									kainic acid	EGFP+	Passed
GSE214905	M46	mouse	dentate_gyrus	patch-seq	kainic_acid_EGFPminus_Passed								True	gene symbols already present in GENESYMBOL column	supporting_targeted_patch_seq_validation_not_primary_discovery	transcription linked to EGFP+/EGFP- projection physiology; small targeted patch-seq design	GSM6617719									kainic acid	EGFP-	Passed
GSE214905	M47	mouse	dentate_gyrus	patch-seq	kainic_acid_EGFPminus_Passed								True	gene symbols already present in GENESYMBOL column	supporting_targeted_patch_seq_validation_not_primary_discovery	transcription linked to EGFP+/EGFP- projection physiology; small targeted patch-seq design	GSM6617720									kainic acid	EGFP-	Passed
GSE214905	M48	mouse	dentate_gyrus	patch-seq	kainic_acid_EGFPminus_Failed								True	gene symbols already present in GENESYMBOL column	supporting_targeted_patch_seq_validation_not_primary_discovery	transcription linked to EGFP+/EGFP- projection physiology; small targeted patch-seq design	GSM6617721									kainic acid	EGFP-	Failed
GSE214905	M201	mouse	dentate_gyrus	patch-seq	saline_EGFPminus_Failed								False	gene symbols already present in GENESYMBOL column	supporting_targeted_patch_seq_validation_not_primary_discovery	transcription linked to EGFP+/EGFP- projection physiology; small targeted patch-seq design	GSM6617722									saline	EGFP-	Failed
GSE214905	M202	mouse	dentate_gyrus	patch-seq	saline_EGFPminus_Passed								False	gene symbols already present in GENESYMBOL column	supporting_targeted_patch_seq_validation_not_primary_discovery	transcription linked to EGFP+/EGFP- projection physiology; small targeted patch-seq design	GSM6617723									saline	EGFP-	Passed
GSE214905	M203	mouse	dentate_gyrus	patch-seq	saline_EGFPminus_Passed								True	gene symbols already present in GENESYMBOL column	supporting_targeted_patch_seq_validation_not_primary_discovery	transcription linked to EGFP+/EGFP- projection physiology; small targeted patch-seq design	GSM6617724									saline	EGFP-	Passed
GSE214905	M204	mouse	dentate_gyrus	patch-seq	saline_EGFPminus_Passed								True	gene symbols already present in GENESYMBOL column	supporting_targeted_patch_seq_validation_not_primary_discovery	transcription linked to EGFP+/EGFP- projection physiology; small targeted patch-seq design	GSM6617725									saline	EGFP-	Passed
GSE214905	M205	mouse	dentate_gyrus	patch-seq	saline_EGFPminus_Passed								True	gene symbols already present in GENESYMBOL column	supporting_targeted_patch_seq_validation_not_primary_discovery	transcription linked to EGFP+/EGFP- projection physiology; small targeted patch-seq design	GSM6617726									saline	EGFP-	Passed
GSE214905	M206	mouse	dentate_gyrus	patch-seq	saline_EGFPminus_Passed								True	gene symbols already present in GENESYMBOL column	supporting_targeted_patch_seq_validation_not_primary_discovery	transcription linked to EGFP+/EGFP- projection physiology; small targeted patch-seq design	GSM6617727									saline	EGFP-	Passed
GSE214905	M207	mouse	dentate_gyrus	patch-seq	saline_EGFPminus_Passed								True	gene symbols already present in GENESYMBOL column	supporting_targeted_patch_seq_validation_not_primary_discovery	transcription linked to EGFP+/EGFP- projection physiology; small targeted patch-seq design	GSM6617728									saline	EGFP-	Passed
GSE214905	M208	mouse	dentate_gyrus	patch-seq	saline_EGFPminus_Passed								True	gene symbols already present in GENESYMBOL column	supporting_targeted_patch_seq_validation_not_primary_discovery	transcription linked to EGFP+/EGFP- projection physiology; small targeted patch-seq design	GSM6617729									saline	EGFP-	Passed
GSE214905	M209	mouse	dentate_gyrus	patch-seq	kainic_acid_EGFPminus_Passed								True	gene symbols already present in GENESYMBOL column	supporting_targeted_patch_seq_validation_not_primary_discovery	transcription linked to EGFP+/EGFP- projection physiology; small targeted patch-seq design	GSM6617730									kainic acid	EGFP-	Passed
GSE214905	M210	mouse	dentate_gyrus	patch-seq	kainic_acid_EGFPminus_Passed								True	gene symbols already present in GENESYMBOL column	supporting_targeted_patch_seq_validation_not_primary_discovery	transcription linked to EGFP+/EGFP- projection physiology; small targeted patch-seq design	GSM6617731									kainic acid	EGFP-	Passed
GSE214905	M211	mouse	dentate_gyrus	patch-seq	kainic_acid_EGFPminus_Passed								True	gene symbols already present in GENESYMBOL column	supporting_targeted_patch_seq_validation_not_primary_discovery	transcription linked to EGFP+/EGFP- projection physiology; small targeted patch-seq design	GSM6617732									kainic acid	EGFP-	Passed
GSE214905	M212	mouse	dentate_gyrus	patch-seq	kainic_acid_EGFPminus_Passed								True	gene symbols already present in GENESYMBOL column	supporting_targeted_patch_seq_validation_not_primary_discovery	transcription linked to EGFP+/EGFP- projection physiology; small targeted patch-seq design	GSM6617733									kainic acid	EGFP-	Passed
GSE214905	M213	mouse	dentate_gyrus	patch-seq	kainic_acid_EGFPminus_Passed								True	gene symbols already present in GENESYMBOL column	supporting_targeted_patch_seq_validation_not_primary_discovery	transcription linked to EGFP+/EGFP- projection physiology; small targeted patch-seq design	GSM6617734									kainic acid	EGFP-	Passed
GSE214905	M214	mouse	dentate_gyrus	patch-seq	kainic_acid_EGFPminus_Passed								True	gene symbols already present in GENESYMBOL column	supporting_targeted_patch_seq_validation_not_primary_discovery	transcription linked to EGFP+/EGFP- projection physiology; small targeted patch-seq design	GSM6617735									kainic acid	EGFP-	Passed
GSE214905	M215	mouse	dentate_gyrus	patch-seq	kainic_acid_EGFPminus_Passed								True	gene symbols already present in GENESYMBOL column	supporting_targeted_patch_seq_validation_not_primary_discovery	transcription linked to EGFP+/EGFP- projection physiology; small targeted patch-seq design	GSM6617736									kainic acid	EGFP-	Passed
GSE214905	M216	mouse	dentate_gyrus	patch-seq	kainic_acid_EGFPminus_Failed								True	gene symbols already present in GENESYMBOL column	supporting_targeted_patch_seq_validation_not_primary_discovery	transcription linked to EGFP+/EGFP- projection physiology; small targeted patch-seq design	GSM6617737									kainic acid	EGFP-	Failed
GSE214905	M217	mouse	dentate_gyrus	patch-seq	saline_EGFPminus_Failed								False	gene symbols already present in GENESYMBOL column	supporting_targeted_patch_seq_validation_not_primary_discovery	transcription linked to EGFP+/EGFP- projection physiology; small targeted patch-seq design	GSM6617738									saline	EGFP-	Failed
GSE214905	M218	mouse	dentate_gyrus	patch-seq	saline_EGFPminus_Passed								False	gene symbols already present in GENESYMBOL column	supporting_targeted_patch_seq_validation_not_primary_discovery	transcription linked to EGFP+/EGFP- projection physiology; small targeted patch-seq design	GSM6617739									saline	EGFP-	Passed
GSE214905	M219	mouse	dentate_gyrus	patch-seq	saline_EGFPminus_Failed								True	gene symbols already present in GENESYMBOL column	supporting_targeted_patch_seq_validation_not_primary_discovery	transcription linked to EGFP+/EGFP- projection physiology; small targeted patch-seq design	GSM6617740									saline	EGFP-	Failed
GSE214905	M220	mouse	dentate_gyrus	patch-seq	saline_EGFPplus_Failed								False	gene symbols already present in GENESYMBOL column	supporting_targeted_patch_seq_validation_not_primary_discovery	transcription linked to EGFP+/EGFP- projection physiology; small targeted patch-seq design	GSM6617741									saline	EGFP+	Failed
GSE214905	M221	mouse	dentate_gyrus	patch-seq	saline_EGFPplus_Passed								False	gene symbols already present in GENESYMBOL column	supporting_targeted_patch_seq_validation_not_primary_discovery	transcription linked to EGFP+/EGFP- projection physiology; small targeted patch-seq design	GSM6617742									saline	EGFP+	Passed
GSE214905	M222	mouse	dentate_gyrus	patch-seq	saline_EGFPplus_Failed								True	gene symbols already present in GENESYMBOL column	supporting_targeted_patch_seq_validation_not_primary_discovery	transcription linked to EGFP+/EGFP- projection physiology; small targeted patch-seq design	GSM6617743									saline	EGFP+	Failed
GSE214905	M223	mouse	dentate_gyrus	patch-seq	saline_EGFPminus_Passed								False	gene symbols already present in GENESYMBOL column	supporting_targeted_patch_seq_validation_not_primary_discovery	transcription linked to EGFP+/EGFP- projection physiology; small targeted patch-seq design	GSM6617744									saline	EGFP-	Passed
GSE214905	M224	mouse	dentate_gyrus	patch-seq	saline_EGFPminus_Failed								True	gene symbols already present in GENESYMBOL column	supporting_targeted_patch_seq_validation_not_primary_discovery	transcription linked to EGFP+/EGFP- projection physiology; small targeted patch-seq design	GSM6617745									saline	EGFP-	Failed
GSE214905	M225	mouse	dentate_gyrus	patch-seq	saline_EGFPminus_Failed								False	gene symbols already present in GENESYMBOL column	supporting_targeted_patch_seq_validation_not_primary_discovery	transcription linked to EGFP+/EGFP- projection physiology; small targeted patch-seq design	GSM6617746									saline	EGFP-	Failed
GSE214905	M226	mouse	dentate_gyrus	patch-seq	saline_EGFPminus_Passed								False	gene symbols already present in GENESYMBOL column	supporting_targeted_patch_seq_validation_not_primary_discovery	transcription linked to EGFP+/EGFP- projection physiology; small targeted patch-seq design	GSM6617747									saline	EGFP-	Passed
GSE214905	M227	mouse	dentate_gyrus	patch-seq	saline_EGFPminus_Passed								True	gene symbols already present in GENESYMBOL column	supporting_targeted_patch_seq_validation_not_primary_discovery	transcription linked to EGFP+/EGFP- projection physiology; small targeted patch-seq design	GSM6617748									saline	EGFP-	Passed
GSE214905	M228	mouse	dentate_gyrus	patch-seq	saline_EGFPminus_Passed								True	gene symbols already present in GENESYMBOL column	supporting_targeted_patch_seq_validation_not_primary_discovery	transcription linked to EGFP+/EGFP- projection physiology; small targeted patch-seq design	GSM6617749									saline	EGFP-	Passed
GSE214905	M229	mouse	dentate_gyrus	patch-seq	saline_EGFPminus_Passed								True	gene symbols already present in GENESYMBOL column	supporting_targeted_patch_seq_validation_not_primary_discovery	transcription linked to EGFP+/EGFP- projection physiology; small targeted patch-seq design	GSM6617750									saline	EGFP-	Passed
GSE214905	M230	mouse	dentate_gyrus	patch-seq	saline_EGFPplus_Failed								True	gene symbols already present in GENESYMBOL column	supporting_targeted_patch_seq_validation_not_primary_discovery	transcription linked to EGFP+/EGFP- projection physiology; small targeted patch-seq design	GSM6617751									saline	EGFP+	Failed
GSE214905	M231	mouse	dentate_gyrus	patch-seq	saline_EGFPminus_Passed								False	gene symbols already present in GENESYMBOL column	supporting_targeted_patch_seq_validation_not_primary_discovery	transcription linked to EGFP+/EGFP- projection physiology; small targeted patch-seq design	GSM6617752									saline	EGFP-	Passed
GSE214905	M232	mouse	dentate_gyrus	patch-seq	saline_EGFPminus_Failed								True	gene symbols already present in GENESYMBOL column	supporting_targeted_patch_seq_validation_not_primary_discovery	transcription linked to EGFP+/EGFP- projection physiology; small targeted patch-seq design	GSM6617753									saline	EGFP-	Failed
GSE214905	M233	mouse	dentate_gyrus	patch-seq	kainic_acid_EGFPplus_Passed								False	gene symbols already present in GENESYMBOL column	supporting_targeted_patch_seq_validation_not_primary_discovery	transcription linked to EGFP+/EGFP- projection physiology; small targeted patch-seq design	GSM6617754									kainic acid	EGFP+	Passed
GSE214905	M234	mouse	dentate_gyrus	patch-seq	kainic_acid_EGFPplus_Passed								True	gene symbols already present in GENESYMBOL column	supporting_targeted_patch_seq_validation_not_primary_discovery	transcription linked to EGFP+/EGFP- projection physiology; small targeted patch-seq design	GSM6617755									kainic acid	EGFP+	Passed
GSE214905	M235	mouse	dentate_gyrus	patch-seq	kainic_acid_EGFPplus_Passed								True	gene symbols already present in GENESYMBOL column	supporting_targeted_patch_seq_validation_not_primary_discovery	transcription linked to EGFP+/EGFP- projection physiology; small targeted patch-seq design	GSM6617756									kainic acid	EGFP+	Passed
GSE214905	M237	mouse	dentate_gyrus	patch-seq	kainic_acid_EGFPminus_Passed								True	gene symbols already present in GENESYMBOL column	supporting_targeted_patch_seq_validation_not_primary_discovery	transcription linked to EGFP+/EGFP- projection physiology; small targeted patch-seq design	GSM6617757									kainic acid	EGFP-	Passed
GSE214905	M238	mouse	dentate_gyrus	patch-seq	kainic_acid_EGFPminus_Failed								True	gene symbols already present in GENESYMBOL column	supporting_targeted_patch_seq_validation_not_primary_discovery	transcription linked to EGFP+/EGFP- projection physiology; small targeted patch-seq design	GSM6617758									kainic acid	EGFP-	Failed
GSE214905	M241	mouse	dentate_gyrus	patch-seq	saline_EGFPminus_Failed								False	gene symbols already present in GENESYMBOL column	supporting_targeted_patch_seq_validation_not_primary_discovery	transcription linked to EGFP+/EGFP- projection physiology; small targeted patch-seq design	GSM6617759									saline	EGFP-	Failed
GSE214905	M242	mouse	dentate_gyrus	patch-seq	saline_EGFPminus_Passed								False	gene symbols already present in GENESYMBOL column	supporting_targeted_patch_seq_validation_not_primary_discovery	transcription linked to EGFP+/EGFP- projection physiology; small targeted patch-seq design	GSM6617760									saline	EGFP-	Passed
GSE214905	M243	mouse	dentate_gyrus	patch-seq	saline_EGFPminus_Passed								True	gene symbols already present in GENESYMBOL column	supporting_targeted_patch_seq_validation_not_primary_discovery	transcription linked to EGFP+/EGFP- projection physiology; small targeted patch-seq design	GSM6617761									saline	EGFP-	Passed
GSE214905	M244	mouse	dentate_gyrus	patch-seq	saline_EGFPminus_Passed								True	gene symbols already present in GENESYMBOL column	supporting_targeted_patch_seq_validation_not_primary_discovery	transcription linked to EGFP+/EGFP- projection physiology; small targeted patch-seq design	GSM6617762									saline	EGFP-	Passed
GSE214905	M245	mouse	dentate_gyrus	patch-seq	saline_EGFPminus_Failed								True	gene symbols already present in GENESYMBOL column	supporting_targeted_patch_seq_validation_not_primary_discovery	transcription linked to EGFP+/EGFP- projection physiology; small targeted patch-seq design	GSM6617763									saline	EGFP-	Failed
GSE214905	M246	mouse	dentate_gyrus	patch-seq	saline_EGFPminus_Passed								False	gene symbols already present in GENESYMBOL column	supporting_targeted_patch_seq_validation_not_primary_discovery	transcription linked to EGFP+/EGFP- projection physiology; small targeted patch-seq design	GSM6617764									saline	EGFP-	Passed
GSE214905	M247	mouse	dentate_gyrus	patch-seq	saline_EGFPplus_Passed								True	gene symbols already present in GENESYMBOL column	supporting_targeted_patch_seq_validation_not_primary_discovery	transcription linked to EGFP+/EGFP- projection physiology; small targeted patch-seq design	GSM6617765									saline	EGFP+	Passed
GSE214905	M248	mouse	dentate_gyrus	patch-seq	saline_EGFPminus_Passed								True	gene symbols already present in GENESYMBOL column	supporting_targeted_patch_seq_validation_not_primary_discovery	transcription linked to EGFP+/EGFP- projection physiology; small targeted patch-seq design	GSM6617766									saline	EGFP-	Passed
GSE214905	M249	mouse	dentate_gyrus	patch-seq	saline_EGFPminus_Passed								True	gene symbols already present in GENESYMBOL column	supporting_targeted_patch_seq_validation_not_primary_discovery	transcription linked to EGFP+/EGFP- projection physiology; small targeted patch-seq design	GSM6617767									saline	EGFP-	Passed
GSE214905	M250	mouse	dentate_gyrus	patch-seq	saline_EGFPminus_Passed								True	gene symbols already present in GENESYMBOL column	supporting_targeted_patch_seq_validation_not_primary_discovery	transcription linked to EGFP+/EGFP- projection physiology; small targeted patch-seq design	GSM6617768									saline	EGFP-	Passed
GSE214905	M251	mouse	dentate_gyrus	patch-seq	saline_EGFPminus_Passed								True	gene symbols already present in GENESYMBOL column	supporting_targeted_patch_seq_validation_not_primary_discovery	transcription linked to EGFP+/EGFP- projection physiology; small targeted patch-seq design	GSM6617769									saline	EGFP-	Passed
GSE214905	M252	mouse	dentate_gyrus	patch-seq	saline_EGFPplus_Passed								True	gene symbols already present in GENESYMBOL column	supporting_targeted_patch_seq_validation_not_primary_discovery	transcription linked to EGFP+/EGFP- projection physiology; small targeted patch-seq design	GSM6617770									saline	EGFP+	Passed
GSE214905	M253	mouse	dentate_gyrus	patch-seq	saline_EGFPminus_Passed								True	gene symbols already present in GENESYMBOL column	supporting_targeted_patch_seq_validation_not_primary_discovery	transcription linked to EGFP+/EGFP- projection physiology; small targeted patch-seq design	GSM6617771									saline	EGFP-	Passed
GSE214905	M254	mouse	dentate_gyrus	patch-seq	saline_EGFPminus_Passed								True	gene symbols already present in GENESYMBOL column	supporting_targeted_patch_seq_validation_not_primary_discovery	transcription linked to EGFP+/EGFP- projection physiology; small targeted patch-seq design	GSM6617772									saline	EGFP-	Passed
GSE214905	M255	mouse	dentate_gyrus	patch-seq	saline_EGFPminus_Passed								True	gene symbols already present in GENESYMBOL column	supporting_targeted_patch_seq_validation_not_primary_discovery	transcription linked to EGFP+/EGFP- projection physiology; small targeted patch-seq design	GSM6617773									saline	EGFP-	Passed
GSE214905	M256	mouse	dentate_gyrus	patch-seq	saline_EGFPminus_Passed								True	gene symbols already present in GENESYMBOL column	supporting_targeted_patch_seq_validation_not_primary_discovery	transcription linked to EGFP+/EGFP- projection physiology; small targeted patch-seq design	GSM6617774									saline	EGFP-	Passed
GSE214905	M257	mouse	dentate_gyrus	patch-seq	saline_EGFPminus_Passed								True	gene symbols already present in GENESYMBOL column	supporting_targeted_patch_seq_validation_not_primary_discovery	transcription linked to EGFP+/EGFP- projection physiology; small targeted patch-seq design	GSM6617775									saline	EGFP-	Passed
GSE214905	M258	mouse	dentate_gyrus	patch-seq	saline_EGFPplus_Passed								True	gene symbols already present in GENESYMBOL column	supporting_targeted_patch_seq_validation_not_primary_discovery	transcription linked to EGFP+/EGFP- projection physiology; small targeted patch-seq design	GSM6617776									saline	EGFP+	Passed
GSE214905	M259	mouse	dentate_gyrus	patch-seq	saline_EGFPminus_Passed								True	gene symbols already present in GENESYMBOL column	supporting_targeted_patch_seq_validation_not_primary_discovery	transcription linked to EGFP+/EGFP- projection physiology; small targeted patch-seq design	GSM6617777									saline	EGFP-	Passed
GSE214905	M260	mouse	dentate_gyrus	patch-seq	saline_EGFPminus_Passed								True	gene symbols already present in GENESYMBOL column	supporting_targeted_patch_seq_validation_not_primary_discovery	transcription linked to EGFP+/EGFP- projection physiology; small targeted patch-seq design	GSM6617778									saline	EGFP-	Passed
GSE214905	M261	mouse	dentate_gyrus	patch-seq	saline_EGFPminus_Failed								True	gene symbols already present in GENESYMBOL column	supporting_targeted_patch_seq_validation_not_primary_discovery	transcription linked to EGFP+/EGFP- projection physiology; small targeted patch-seq design	GSM6617779									saline	EGFP-	Failed
GSE214905	M262	mouse	dentate_gyrus	patch-seq	saline_EGFPminus_Failed								False	gene symbols already present in GENESYMBOL column	supporting_targeted_patch_seq_validation_not_primary_discovery	transcription linked to EGFP+/EGFP- projection physiology; small targeted patch-seq design	GSM6617780									saline	EGFP-	Failed
GSE214905	M263	mouse	dentate_gyrus	patch-seq	saline_EGFPminus_Failed								False	gene symbols already present in GENESYMBOL column	supporting_targeted_patch_seq_validation_not_primary_discovery	transcription linked to EGFP+/EGFP- projection physiology; small targeted patch-seq design	GSM6617781									saline	EGFP-	Failed
GSE214905	M264	mouse	dentate_gyrus	patch-seq	saline_EGFPminus_Failed								False	gene symbols already present in GENESYMBOL column	supporting_targeted_patch_seq_validation_not_primary_discovery	transcription linked to EGFP+/EGFP- projection physiology; small targeted patch-seq design	GSM6617782									saline	EGFP-	Failed
GSE214905	M265	mouse	dentate_gyrus	patch-seq	kainic_acid_EGFPplus_Passed								False	gene symbols already present in GENESYMBOL column	supporting_targeted_patch_seq_validation_not_primary_discovery	transcription linked to EGFP+/EGFP- projection physiology; small targeted patch-seq design	GSM6617783									kainic acid	EGFP+	Passed
GSE214905	M266	mouse	dentate_gyrus	patch-seq	kainic_acid_EGFPplus_Passed								True	gene symbols already present in GENESYMBOL column	supporting_targeted_patch_seq_validation_not_primary_discovery	transcription linked to EGFP+/EGFP- projection physiology; small targeted patch-seq design	GSM6617784									kainic acid	EGFP+	Passed
GSE214905	M267	mouse	dentate_gyrus	patch-seq	kainic_acid_EGFPminus_Passed								True	gene symbols already present in GENESYMBOL column	supporting_targeted_patch_seq_validation_not_primary_discovery	transcription linked to EGFP+/EGFP- projection physiology; small targeted patch-seq design	GSM6617785									kainic acid	EGFP-	Passed
GSE214905	M268	mouse	dentate_gyrus	patch-seq	kainic_acid_EGFPminus_Passed								True	gene symbols already present in GENESYMBOL column	supporting_targeted_patch_seq_validation_not_primary_discovery	transcription linked to EGFP+/EGFP- projection physiology; small targeted patch-seq design	GSM6617786									kainic acid	EGFP-	Passed
GSE214905	M269	mouse	dentate_gyrus	patch-seq	kainic_acid_EGFPminus_Passed								True	gene symbols already present in GENESYMBOL column	supporting_targeted_patch_seq_validation_not_primary_discovery	transcription linked to EGFP+/EGFP- projection physiology; small targeted patch-seq design	GSM6617787									kainic acid	EGFP-	Passed
GSE214905	M270	mouse	dentate_gyrus	patch-seq	kainic_acid_EGFPminus_Failed								True	gene symbols already present in GENESYMBOL column	supporting_targeted_patch_seq_validation_not_primary_discovery	transcription linked to EGFP+/EGFP- projection physiology; small targeted patch-seq design	GSM6617788									kainic acid	EGFP-	Failed
GSE214905	M271	mouse	dentate_gyrus	patch-seq	kainic_acid_EGFPminus_Passed								False	gene symbols already present in GENESYMBOL column	supporting_targeted_patch_seq_validation_not_primary_discovery	transcription linked to EGFP+/EGFP- projection physiology; small targeted patch-seq design	GSM6617789									kainic acid	EGFP-	Passed
GSE214905	M272	mouse	dentate_gyrus	patch-seq	kainic_acid_EGFPminus_Failed								True	gene symbols already present in GENESYMBOL column	supporting_targeted_patch_seq_validation_not_primary_discovery	transcription linked to EGFP+/EGFP- projection physiology; small targeted patch-seq design	GSM6617790									kainic acid	EGFP-	Failed
